# Blender 5.2.2 LTS
# www.blender.org
mtllib Big_planar_mem.mtl
o disk_fine
v 0.000000 0.000000 10.000000
v 0.000001 -10.000000 -0.000000
v -0.000000 0.000000 -10.000000
v -0.000001 10.000000 0.000000
v -0.000001 9.997972 0.201408
v -0.000001 9.991887 0.402733
v -0.000001 9.981749 0.603896
v -0.000001 9.967562 0.804813
v -0.000001 9.949330 1.005404
v -0.000001 9.927062 1.205587
v -0.000001 9.900831 1.404827
v -0.000001 9.870528 1.603953
v -0.000001 9.836222 1.802427
v -0.000001 9.797924 2.000170
v -0.000001 9.755651 2.197102
v -0.000001 9.709421 2.393143
v -0.000001 9.659256 2.588199
v -0.000001 9.605172 2.782206
v -0.000001 9.547188 2.975097
v -0.000001 9.485331 3.166781
v -0.000001 9.419625 3.357180
v -0.000001 9.350099 3.546217
v -0.000001 9.276779 3.733816
v -0.000001 9.199875 3.919479
v -0.000001 9.119067 4.103976
v -0.000000 9.034559 4.286808
v -0.000000 8.946388 4.467902
v -0.000000 8.854587 4.647182
v -0.000000 8.759192 4.824577
v -0.000000 8.660252 5.000004
v -0.000000 8.557798 5.173402
v -0.000000 8.451866 5.344713
v -0.000000 8.342505 5.513856
v -0.000000 8.229760 5.680762
v -0.000000 8.113676 5.845363
v -0.000000 7.994299 6.007593
v -0.000000 7.871964 6.167025
v -0.000000 7.746158 6.324321
v -0.000000 7.617210 6.479052
v -0.000000 7.485172 6.631154
v -0.000000 7.350097 6.780565
v -0.000000 7.212041 6.927227
v -0.000000 7.071068 7.071068
v -0.000000 6.927227 7.212041
v -0.000000 6.780565 7.350097
v -0.000000 6.631154 7.485172
v -0.000000 6.479052 7.617210
v -0.000000 6.324321 7.746158
v -0.000000 6.167025 7.871964
v -0.000000 6.007593 7.994299
v -0.000000 5.845363 8.113676
v -0.000000 5.680762 8.229760
v -0.000000 5.513856 8.342505
v -0.000000 5.344713 8.451866
v -0.000000 5.173402 8.557798
v 0.000000 5.000004 8.660252
v 0.000000 4.824577 8.759192
v 0.000000 4.647182 8.854587
v 0.000000 4.467902 8.946388
v 0.000000 4.286808 9.034559
v 0.000000 4.103976 9.119067
v 0.000000 3.919479 9.199875
v 0.000000 3.733816 9.276779
v 0.000000 3.546217 9.350099
v 0.000000 3.357180 9.419625
v 0.000000 3.166781 9.485331
v 0.000000 2.975097 9.547188
v 0.000000 2.782206 9.605172
v 0.000000 2.588199 9.659256
v 0.000000 2.393143 9.709421
v 0.000000 2.197102 9.755651
v 0.000000 2.000170 9.797924
v 0.000000 1.802427 9.836222
v 0.000000 1.603953 9.870528
v 0.000000 1.404827 9.900831
v 0.000000 1.205587 9.927062
v 0.000000 1.005404 9.949330
v 0.000000 0.804813 9.967562
v 0.000000 0.603896 9.981749
v 0.000000 0.402733 9.991887
v 0.000000 0.201408 9.997972
v -0.000000 0.201408 -9.997972
v -0.000000 0.402733 -9.991887
v -0.000000 0.603896 -9.981749
v -0.000000 0.804813 -9.967562
v -0.000001 1.005404 -9.949330
v -0.000001 1.205587 -9.927062
v -0.000001 1.404827 -9.900831
v -0.000001 1.603953 -9.870528
v -0.000001 1.802427 -9.836222
v -0.000001 2.000170 -9.797924
v -0.000001 2.197102 -9.755651
v -0.000001 2.393143 -9.709421
v -0.000001 2.588199 -9.659256
v -0.000001 2.782206 -9.605172
v -0.000001 2.975097 -9.547188
v -0.000001 3.166781 -9.485331
v -0.000001 3.357180 -9.419625
v -0.000001 3.546217 -9.350099
v -0.000001 3.733816 -9.276779
v -0.000001 3.919479 -9.199875
v -0.000001 4.103976 -9.119067
v -0.000001 4.286808 -9.034559
v -0.000001 4.467902 -8.946388
v -0.000001 4.647182 -8.854587
v -0.000001 4.824577 -8.759192
v -0.000001 5.000004 -8.660252
v -0.000001 5.173402 -8.557798
v -0.000001 5.344713 -8.451866
v -0.000001 5.513856 -8.342505
v -0.000001 5.680762 -8.229760
v -0.000001 5.845363 -8.113676
v -0.000001 6.007593 -7.994299
v -0.000001 6.167025 -7.871964
v -0.000001 6.324321 -7.746158
v -0.000001 6.479052 -7.617210
v -0.000001 6.631154 -7.485172
v -0.000001 6.780565 -7.350097
v -0.000001 6.927227 -7.212041
v -0.000001 7.071068 -7.071068
v -0.000001 7.212041 -6.927227
v -0.000001 7.350097 -6.780565
v -0.000001 7.485172 -6.631154
v -0.000001 7.617210 -6.479052
v -0.000001 7.746158 -6.324321
v -0.000001 7.871964 -6.167025
v -0.000001 7.994299 -6.007593
v -0.000001 8.113676 -5.845363
v -0.000001 8.229760 -5.680762
v -0.000001 8.342505 -5.513856
v -0.000001 8.451866 -5.344713
v -0.000001 8.557798 -5.173402
v -0.000001 8.660252 -5.000004
v -0.000001 8.759192 -4.824577
v -0.000001 8.854587 -4.647182
v -0.000001 8.946388 -4.467902
v -0.000001 9.034559 -4.286808
v -0.000001 9.119067 -4.103976
v -0.000001 9.199875 -3.919479
v -0.000001 9.276779 -3.733816
v -0.000001 9.350099 -3.546217
v -0.000001 9.419625 -3.357180
v -0.000001 9.485331 -3.166781
v -0.000001 9.547188 -2.975097
v -0.000001 9.605172 -2.782206
v -0.000001 9.659256 -2.588199
v -0.000001 9.709421 -2.393143
v -0.000001 9.755651 -2.197102
v -0.000001 9.797924 -2.000170
v -0.000001 9.836222 -1.802427
v -0.000001 9.870528 -1.603953
v -0.000001 9.900831 -1.404827
v -0.000001 9.927062 -1.205587
v -0.000001 9.949330 -1.005404
v -0.000001 9.967562 -0.804813
v -0.000001 9.981749 -0.603896
v -0.000001 9.991887 -0.402733
v -0.000001 9.997972 -0.201408
v 0.000000 -0.201408 9.997972
v 0.000000 -0.402733 9.991887
v 0.000000 -0.603896 9.981749
v 0.000000 -0.804813 9.967562
v 0.000001 -1.005404 9.949330
v 0.000001 -1.205587 9.927062
v 0.000001 -1.404827 9.900831
v 0.000001 -1.603953 9.870528
v 0.000001 -1.802427 9.836222
v 0.000001 -2.000170 9.797924
v 0.000001 -2.197102 9.755651
v 0.000001 -2.393143 9.709421
v 0.000001 -2.588199 9.659256
v 0.000001 -2.782206 9.605172
v 0.000001 -2.975097 9.547188
v 0.000001 -3.166781 9.485331
v 0.000001 -3.357180 9.419625
v 0.000001 -3.546217 9.350099
v 0.000001 -3.733816 9.276779
v 0.000001 -3.919479 9.199875
v 0.000001 -4.103976 9.119067
v 0.000001 -4.286808 9.034559
v 0.000001 -4.467902 8.946388
v 0.000001 -4.647182 8.854587
v 0.000001 -4.824577 8.759192
v 0.000001 -5.000004 8.660252
v 0.000001 -5.173402 8.557798
v 0.000001 -5.344713 8.451866
v 0.000001 -5.513856 8.342505
v 0.000001 -5.680762 8.229760
v 0.000001 -5.845363 8.113676
v 0.000001 -6.007593 7.994299
v 0.000001 -6.167025 7.871964
v 0.000001 -6.324321 7.746158
v 0.000001 -6.479052 7.617210
v 0.000001 -6.631154 7.485172
v 0.000001 -6.780565 7.350097
v 0.000001 -6.927227 7.212041
v 0.000001 -7.071068 7.071068
v 0.000001 -7.212041 6.927227
v 0.000001 -7.350097 6.780565
v 0.000001 -7.485172 6.631154
v 0.000001 -7.617210 6.479052
v 0.000001 -7.746158 6.324321
v 0.000001 -7.871964 6.167025
v 0.000001 -7.994299 6.007593
v 0.000001 -8.113676 5.845363
v 0.000001 -8.229760 5.680762
v 0.000001 -8.342505 5.513856
v 0.000001 -8.451866 5.344713
v 0.000001 -8.557798 5.173402
v 0.000001 -8.660252 5.000004
v 0.000001 -8.759192 4.824577
v 0.000001 -8.854587 4.647182
v 0.000001 -8.946388 4.467902
v 0.000001 -9.034559 4.286808
v 0.000001 -9.119067 4.103976
v 0.000001 -9.199875 3.919479
v 0.000001 -9.276779 3.733816
v 0.000001 -9.350099 3.546217
v 0.000001 -9.419625 3.357180
v 0.000001 -9.485331 3.166781
v 0.000001 -9.547188 2.975097
v 0.000001 -9.605172 2.782206
v 0.000001 -9.659256 2.588199
v 0.000001 -9.709421 2.393143
v 0.000001 -9.755651 2.197102
v 0.000001 -9.797924 2.000170
v 0.000001 -9.836222 1.802427
v 0.000001 -9.870528 1.603953
v 0.000001 -9.900831 1.404827
v 0.000001 -9.927062 1.205587
v 0.000001 -9.949330 1.005404
v 0.000001 -9.967562 0.804813
v 0.000001 -9.981749 0.603896
v 0.000001 -9.991887 0.402733
v 0.000001 -9.997972 0.201408
v 0.000001 -9.997972 -0.201408
v 0.000001 -9.991887 -0.402733
v 0.000001 -9.981749 -0.603896
v 0.000001 -9.967562 -0.804813
v 0.000001 -9.949330 -1.005404
v 0.000001 -9.927062 -1.205587
v 0.000001 -9.900831 -1.404827
v 0.000001 -9.870528 -1.603953
v 0.000001 -9.836222 -1.802427
v 0.000001 -9.797924 -2.000170
v 0.000001 -9.755651 -2.197102
v 0.000001 -9.709421 -2.393143
v 0.000001 -9.659256 -2.588199
v 0.000001 -9.605172 -2.782206
v 0.000001 -9.547188 -2.975097
v 0.000001 -9.485331 -3.166781
v 0.000001 -9.419625 -3.357180
v 0.000001 -9.350099 -3.546217
v 0.000001 -9.276779 -3.733816
v 0.000001 -9.199875 -3.919479
v 0.000001 -9.119067 -4.103976
v 0.000000 -9.034559 -4.286808
v 0.000000 -8.946388 -4.467902
v 0.000000 -8.854587 -4.647182
v 0.000000 -8.759192 -4.824577
v 0.000000 -8.660252 -5.000004
v 0.000000 -8.557798 -5.173402
v 0.000000 -8.451866 -5.344713
v 0.000000 -8.342505 -5.513856
v 0.000000 -8.229760 -5.680762
v 0.000000 -8.113676 -5.845363
v 0.000000 -7.994299 -6.007593
v 0.000000 -7.871964 -6.167025
v 0.000000 -7.746158 -6.324321
v 0.000000 -7.617210 -6.479052
v 0.000000 -7.485172 -6.631154
v 0.000000 -7.350097 -6.780565
v 0.000000 -7.212041 -6.927227
v 0.000000 -7.071068 -7.071068
v 0.000000 -6.927227 -7.212041
v 0.000000 -6.780565 -7.350097
v 0.000000 -6.631154 -7.485172
v 0.000000 -6.479052 -7.617210
v 0.000000 -6.324321 -7.746158
v 0.000000 -6.167025 -7.871964
v 0.000000 -6.007593 -7.994299
v 0.000000 -5.845363 -8.113676
v 0.000000 -5.680762 -8.229760
v 0.000000 -5.513856 -8.342505
v 0.000000 -5.344713 -8.451866
v 0.000000 -5.173402 -8.557798
v -0.000000 -5.000004 -8.660252
v -0.000000 -4.824577 -8.759192
v -0.000000 -4.647182 -8.854587
v -0.000000 -4.467902 -8.946388
v -0.000000 -4.286808 -9.034559
v -0.000000 -4.103976 -9.119067
v -0.000000 -3.919479 -9.199875
v -0.000000 -3.733816 -9.276779
v -0.000000 -3.546217 -9.350099
v -0.000000 -3.357180 -9.419625
v -0.000000 -3.166781 -9.485331
v -0.000000 -2.975097 -9.547188
v -0.000000 -2.782206 -9.605172
v -0.000000 -2.588199 -9.659256
v -0.000000 -2.393143 -9.709421
v -0.000000 -2.197102 -9.755651
v -0.000000 -2.000170 -9.797924
v -0.000000 -1.802427 -9.836222
v -0.000000 -1.603953 -9.870528
v -0.000000 -1.404827 -9.900831
v -0.000000 -1.205587 -9.927062
v -0.000000 -1.005404 -9.949330
v -0.000000 -0.804813 -9.967562
v -0.000000 -0.603896 -9.981749
v -0.000000 -0.402733 -9.991887
v -0.000000 -0.201408 -9.997972
v -0.000000 0.097702 -9.816655
v -0.000000 -0.095928 -9.816315
v -0.000000 -0.289850 -9.806778
v -0.000000 -0.490663 -9.793615
v -0.000000 -0.691476 -9.780454
v -0.000000 -0.892290 -9.767292
v -0.000000 -1.093103 -9.754129
v -0.000000 -1.281752 -9.735795
v -0.000000 -1.468720 -9.704678
v -0.000000 -1.666098 -9.665417
v -0.000000 -1.863475 -9.626156
v -0.000000 -2.060852 -9.586895
v -0.000000 -2.258230 -9.547634
v -0.000000 -2.446300 -9.507505
v -0.000000 -2.633202 -9.457020
v -0.000000 -2.818150 -9.397603
v -0.000000 -3.008714 -9.332915
v -0.000000 -3.199278 -9.268228
v -0.000000 -3.389842 -9.203540
v -0.000000 -3.580407 -9.138851
v -0.000000 -3.757883 -9.072315
v -0.000000 -3.930426 -8.993868
v -0.000000 -4.110917 -8.904860
v -0.000000 -4.291407 -8.815851
v -0.000000 -4.471898 -8.726844
v -0.000000 -4.652388 -8.637836
v -0.000000 -4.823664 -8.550399
v 0.000000 -4.991131 -8.453259
v 0.000000 -5.154399 -8.347999
v 0.000000 -5.321727 -8.236194
v 0.000000 -5.489056 -8.124389
v 0.000000 -5.656384 -8.012583
v 0.000000 -5.823712 -7.900777
v 0.000000 -5.977921 -7.790575
v 0.000000 -6.124281 -7.670143
v 0.000000 -6.275584 -7.537453
v 0.000000 -6.426888 -7.404764
v 0.000000 -6.578191 -7.272074
v 0.000000 -6.729494 -7.139385
v 0.000000 -6.873404 -7.008948
v 0.000000 -7.010574 -6.872315
v 0.000000 -7.139385 -6.729494
v 0.000000 -7.272074 -6.578191
v 0.000000 -7.404764 -6.426888
v 0.000000 -7.537453 -6.275584
v 0.000000 -7.670143 -6.124281
v 0.000000 -7.790575 -5.977921
v 0.000000 -7.900777 -5.823712
v 0.000000 -8.012583 -5.656384
v 0.000000 -8.124389 -5.489056
v 0.000000 -8.236194 -5.321727
v 0.000000 -8.347999 -5.154399
v 0.000000 -8.454321 -4.990501
v 0.000000 -8.550380 -4.823676
v 0.000000 -8.637836 -4.652388
v 0.000000 -8.726844 -4.471898
v 0.000000 -8.815851 -4.291407
v 0.000000 -8.904860 -4.110917
v 0.000001 -8.993868 -3.930426
v 0.000001 -9.072315 -3.757883
v 0.000001 -9.138851 -3.580407
v 0.000001 -9.203540 -3.389842
v 0.000001 -9.268228 -3.199278
v 0.000001 -9.332915 -3.008714
v 0.000001 -9.397603 -2.818150
v 0.000001 -9.457014 -2.633233
v 0.000001 -9.507490 -2.446321
v 0.000001 -9.547634 -2.258230
v 0.000001 -9.586895 -2.060852
v 0.000001 -9.626156 -1.863475
v 0.000001 -9.665417 -1.666098
v 0.000001 -9.704678 -1.468720
v 0.000001 -9.735795 -1.281752
v 0.000001 -9.754129 -1.093103
v 0.000001 -9.767292 -0.892290
v 0.000001 -9.780454 -0.691476
v 0.000001 -9.793615 -0.490663
v 0.000001 -9.806778 -0.289850
v 0.000001 -9.816756 -0.096526
v 0.000001 -9.815786 0.096029
v 0.000001 -9.806778 0.289850
v 0.000001 -9.793615 0.490663
v 0.000001 -9.780454 0.691476
v 0.000001 -9.767292 0.892290
v 0.000001 -9.754129 1.093103
v 0.000001 -9.735795 1.281752
v 0.000001 -9.704678 1.468720
v 0.000001 -9.665417 1.666098
v 0.000001 -9.626156 1.863475
v 0.000001 -9.586895 2.060852
v 0.000001 -9.547634 2.258230
v 0.000001 -9.507242 2.447541
v 0.000001 -9.456469 2.633274
v 0.000001 -9.397603 2.818150
v 0.000001 -9.332915 3.008714
v 0.000001 -9.268228 3.199278
v 0.000001 -9.203540 3.389842
v 0.000001 -9.138851 3.580407
v 0.000001 -9.072315 3.757883
v 0.000001 -8.993868 3.930426
v 0.000001 -8.904860 4.110917
v 0.000001 -8.815851 4.291407
v 0.000001 -8.726844 4.471898
v 0.000001 -8.637836 4.652388
v 0.000001 -8.550350 4.824927
v 0.000001 -8.453195 4.991371
v 0.000001 -8.347999 5.154399
v 0.000001 -8.236194 5.321727
v 0.000001 -8.124389 5.489056
v 0.000001 -8.012583 5.656384
v 0.000001 -7.900777 5.823712
v 0.000001 -7.790575 5.977921
v 0.000001 -7.670143 6.124281
v 0.000001 -7.537453 6.275584
v 0.000001 -7.404764 6.426888
v 0.000001 -7.272074 6.578191
v 0.000001 -7.139385 6.729494
v 0.000001 -7.008590 6.874613
v 0.000001 -6.872311 7.010577
v 0.000001 -6.729494 7.139385
v 0.000001 -6.578191 7.272074
v 0.000001 -6.426888 7.404764
v 0.000001 -6.275584 7.537453
v 0.000001 -6.124281 7.670143
v 0.000001 -5.977921 7.790575
v 0.000001 -5.823712 7.900777
v 0.000001 -5.656384 8.012583
v 0.000001 -5.489056 8.124389
v 0.000001 -5.321727 8.236194
v 0.000001 -5.154399 8.347999
v 0.000001 -4.991141 8.453305
v 0.000001 -4.823673 8.550420
v 0.000001 -4.652388 8.637836
v 0.000001 -4.471898 8.726844
v 0.000001 -4.291407 8.815851
v 0.000001 -4.110917 8.904860
v 0.000001 -3.930426 8.993868
v 0.000001 -3.757883 9.072315
v 0.000001 -3.580407 9.138851
v 0.000001 -3.389842 9.203540
v 0.000001 -3.199278 9.268228
v 0.000001 -3.008714 9.332915
v 0.000001 -2.818150 9.397603
v 0.000001 -2.632325 9.457882
v 0.000001 -2.446321 9.507490
v 0.000001 -2.258230 9.547634
v 0.000001 -2.060852 9.586895
v 0.000001 -1.863475 9.626156
v 0.000001 -1.666098 9.665417
v 0.000001 -1.468720 9.704678
v 0.000001 -1.281752 9.735795
v 0.000001 -1.093103 9.754129
v 0.000000 -0.892290 9.767292
v 0.000000 -0.691476 9.780454
v 0.000000 -0.490663 9.793615
v 0.000000 -0.289850 9.806778
v 0.000000 -0.096629 9.817262
v 0.000000 0.096157 9.816381
v 0.000000 0.289850 9.806778
v 0.000000 0.490663 9.793615
v 0.000000 0.691476 9.780454
v 0.000000 0.892290 9.767292
v 0.000000 1.093103 9.754129
v 0.000000 1.281752 9.735795
v 0.000000 1.468720 9.704678
v 0.000000 1.666098 9.665417
v 0.000000 1.863475 9.626156
v 0.000000 2.060852 9.586895
v 0.000000 2.258230 9.547634
v 0.000000 2.446301 9.506935
v 0.000000 2.633022 9.456469
v 0.000000 2.818150 9.397603
v 0.000000 3.008714 9.332915
v 0.000000 3.199278 9.268228
v 0.000000 3.389842 9.203540
v 0.000000 3.580407 9.138851
v 0.000000 3.757883 9.072315
v 0.000000 3.930426 8.993868
v 0.000000 4.110917 8.904860
v 0.000000 4.291407 8.815851
v 0.000000 4.471898 8.726844
v 0.000000 4.652388 8.637836
v 0.000000 4.823664 8.550399
v -0.000000 4.991131 8.453259
v -0.000000 5.154399 8.347999
v -0.000000 5.321727 8.236194
v -0.000000 5.489056 8.124389
v -0.000000 5.656384 8.012583
v -0.000000 5.823712 7.900777
v -0.000000 5.977921 7.790575
v -0.000000 6.124281 7.670143
v -0.000000 6.275584 7.537453
v -0.000000 6.426888 7.404764
v -0.000000 6.578191 7.272074
v -0.000000 6.729494 7.139385
v -0.000000 6.873068 7.008499
v -0.000000 7.010093 6.871991
v -0.000000 7.139385 6.729494
v -0.000000 7.272074 6.578191
v -0.000000 7.404764 6.426888
v -0.000000 7.537453 6.275584
v -0.000000 7.670143 6.124281
v -0.000000 7.790575 5.977921
v -0.000000 7.900777 5.823712
v -0.000000 8.012583 5.656384
v -0.000000 8.124389 5.489056
v -0.000000 8.236194 5.321727
v -0.000000 8.347999 5.154399
v -0.000000 8.453244 4.991146
v -0.000000 8.550380 4.823676
v -0.000000 8.637836 4.652388
v -0.000000 8.726844 4.471898
v -0.000000 8.815851 4.291407
v -0.000000 8.904860 4.110917
v -0.000001 8.993868 3.930426
v -0.000001 9.072315 3.757883
v -0.000001 9.138851 3.580407
v -0.000001 9.203540 3.389842
v -0.000001 9.268228 3.199278
v -0.000001 9.332915 3.008714
v -0.000001 9.397603 2.818150
v -0.000001 9.457913 2.632318
v -0.000001 9.507531 2.446307
v -0.000001 9.547634 2.258230
v -0.000001 9.586895 2.060852
v -0.000001 9.626156 1.863475
v -0.000001 9.665417 1.666098
v -0.000001 9.704678 1.468720
v -0.000001 9.735795 1.281752
v -0.000001 9.754129 1.093103
v -0.000001 9.767292 0.892290
v -0.000001 9.780454 0.691476
v -0.000001 9.793615 0.490663
v -0.000001 9.806778 0.289850
v -0.000001 9.816934 0.094733
v -0.000001 9.816717 -0.097793
v -0.000001 9.806778 -0.289850
v -0.000001 9.793615 -0.490663
v -0.000001 9.780454 -0.691476
v -0.000001 9.767292 -0.892290
v -0.000001 9.754129 -1.093103
v -0.000001 9.735795 -1.281752
v -0.000001 9.704678 -1.468720
v -0.000001 9.665417 -1.666098
v -0.000001 9.626156 -1.863475
v -0.000001 9.586895 -2.060852
v -0.000001 9.547634 -2.258230
v -0.000001 9.507787 -2.447532
v -0.000001 9.457020 -2.633451
v -0.000001 9.397603 -2.818150
v -0.000001 9.332915 -3.008714
v -0.000001 9.268228 -3.199278
v -0.000001 9.203540 -3.389842
v -0.000001 9.138851 -3.580407
v -0.000001 9.072315 -3.757883
v -0.000001 8.993868 -3.930426
v -0.000001 8.904860 -4.110917
v -0.000001 8.815851 -4.291407
v -0.000001 8.726844 -4.471898
v -0.000001 8.637836 -4.652388
v -0.000001 8.549822 -4.824795
v -0.000001 8.452709 -4.991057
v -0.000001 8.347999 -5.154399
v -0.000001 8.236194 -5.321727
v -0.000001 8.124389 -5.489056
v -0.000001 8.012583 -5.656384
v -0.000001 7.900777 -5.823712
v -0.000001 7.790575 -5.977921
v -0.000001 7.670143 -6.124281
v -0.000001 7.537453 -6.275584
v -0.000001 7.404764 -6.426888
v -0.000001 7.272074 -6.578191
v -0.000001 7.139385 -6.729494
v -0.000001 7.008948 -6.873404
v -0.000001 6.872315 -7.010574
v -0.000001 6.729494 -7.139385
v -0.000001 6.578191 -7.272074
v -0.000001 6.426888 -7.404764
v -0.000001 6.275584 -7.537453
v -0.000001 6.124281 -7.670143
v -0.000001 5.977921 -7.790575
v -0.000001 5.823712 -7.900777
v -0.000001 5.656384 -8.012583
v -0.000001 5.489056 -8.124389
v -0.000001 5.321727 -8.236194
v -0.000001 5.154399 -8.347999
v -0.000001 4.990501 -8.454321
v -0.000001 4.823676 -8.550380
v -0.000001 4.652388 -8.637836
v -0.000001 4.471898 -8.726844
v -0.000001 4.291407 -8.815851
v -0.000001 4.110917 -8.904860
v -0.000001 3.930426 -8.993868
v -0.000001 3.757883 -9.072315
v -0.000001 3.580407 -9.138851
v -0.000001 3.389842 -9.203540
v -0.000001 3.199278 -9.268228
v -0.000001 3.008714 -9.332915
v -0.000001 2.818150 -9.397603
v -0.000001 2.632311 -9.457911
v -0.000001 2.446303 -9.507529
v -0.000001 2.258230 -9.547634
v -0.000001 2.060852 -9.586895
v -0.000001 1.863475 -9.626156
v -0.000001 1.666098 -9.665417
v -0.000001 1.468720 -9.704678
v -0.000001 1.281752 -9.735795
v -0.000001 1.093103 -9.754129
v -0.000000 0.892290 -9.767292
v -0.000000 0.691476 -9.780454
v -0.000000 0.490663 -9.793615
v -0.000000 0.289850 -9.806778
v -0.000000 0.185636 -9.637907
v -0.000000 -0.000162 -9.641837
v -0.000000 -0.185901 -9.638020
v -0.000000 -0.378886 -9.626718
v -0.000000 -0.579699 -9.613555
v -0.000000 -0.780512 -9.600393
v -0.000000 -0.981326 -9.587232
v -0.000000 -1.166739 -9.569083
v -0.000000 -1.351013 -9.544763
v -0.000000 -1.533492 -9.514536
v -0.000000 -1.730870 -9.475275
v -0.000000 -1.928247 -9.436014
v -0.000000 -2.125624 -9.396753
v -0.000000 -2.314891 -9.357779
v -0.000000 -2.495274 -9.313385
v -0.000000 -2.673743 -9.261478
v -0.000000 -2.857549 -9.200634
v -0.000000 -3.048113 -9.135945
v -0.000000 -3.238678 -9.071258
v -0.000000 -3.429241 -9.006570
v -0.000000 -3.602386 -8.941552
v -0.000000 -3.774149 -8.870475
v -0.000000 -3.943779 -8.793441
v -0.000000 -4.124269 -8.704432
v -0.000000 -4.304760 -8.615425
v -0.000000 -4.485250 -8.526417
v -0.000000 -4.657981 -8.439783
v -0.000000 -4.820727 -8.350218
v 0.000000 -4.979680 -8.253888
v 0.000000 -5.141476 -8.147544
v 0.000000 -5.308805 -8.035738
v 0.000000 -5.476132 -7.923933
v 0.000000 -5.643461 -7.812128
v 0.000000 -5.794972 -7.703718
v 0.000000 -5.942407 -7.590518
v 0.000000 -6.085304 -7.473090
v 0.000000 -6.236608 -7.340400
v 0.000000 -6.387911 -7.207710
v 0.000000 -6.539214 -7.075021
v 0.000000 -6.683762 -6.946349
v 0.000000 -6.817910 -6.817729
v 0.000000 -6.946552 -6.683673
v 0.000000 -7.075021 -6.539214
v 0.000000 -7.207710 -6.387911
v 0.000000 -7.340400 -6.236608
v 0.000000 -7.473090 -6.085304
v 0.000000 -7.590528 -5.942436
v 0.000000 -7.703737 -5.794993
v 0.000000 -7.812128 -5.643461
v 0.000000 -7.923933 -5.476132
v 0.000000 -8.035738 -5.308805
v 0.000000 -8.147544 -5.141476
v 0.000000 -8.252710 -4.980009
v 0.000000 -8.350161 -4.820786
v 0.000000 -8.439717 -4.658029
v 0.000000 -8.526417 -4.485250
v 0.000000 -8.615425 -4.304760
v 0.000000 -8.704432 -4.124269
v 0.000000 -8.793441 -3.943779
v 0.000001 -8.869923 -3.775377
v 0.000001 -8.941105 -3.603657
v 0.000001 -9.006570 -3.429241
v 0.000001 -9.071258 -3.238678
v 0.000001 -9.135945 -3.048113
v 0.000001 -9.200634 -2.857549
v 0.000001 -9.261479 -2.673842
v 0.000001 -9.313346 -2.495380
v 0.000001 -9.357725 -2.314963
v 0.000001 -9.396753 -2.125624
v 0.000001 -9.436014 -1.928247
v 0.000001 -9.475275 -1.730870
v 0.000001 -9.514536 -1.533492
v 0.000001 -9.544408 -1.350037
v 0.000001 -9.569757 -1.165821
v 0.000001 -9.587232 -0.981326
v 0.000001 -9.600393 -0.780512
v 0.000001 -9.613555 -0.579699
v 0.000001 -9.626718 -0.378886
v 0.000001 -9.636918 -0.186824
v 0.000001 -9.639215 0.000036
v 0.000001 -9.637650 0.185741
v 0.000001 -9.626718 0.378886
v 0.000001 -9.613555 0.579699
v 0.000001 -9.600393 0.780512
v 0.000001 -9.587232 0.981326
v 0.000001 -9.569098 1.166742
v 0.000001 -9.544780 1.351023
v 0.000001 -9.514536 1.533492
v 0.000001 -9.475275 1.730870
v 0.000001 -9.436014 1.928247
v 0.000001 -9.396753 2.125624
v 0.000001 -9.356901 2.313779
v 0.000001 -9.310761 2.494857
v 0.000001 -9.261187 2.673819
v 0.000001 -9.200634 2.857549
v 0.000001 -9.135945 3.048113
v 0.000001 -9.071258 3.238678
v 0.000001 -9.006570 3.429241
v 0.000001 -8.941980 3.602933
v 0.000001 -8.870501 3.774233
v 0.000001 -8.793441 3.943779
v 0.000001 -8.704432 4.124269
v 0.000001 -8.615425 4.304760
v 0.000001 -8.526417 4.485250
v 0.000001 -8.439586 4.656626
v 0.000001 -8.350218 4.820727
v 0.000001 -8.253888 4.979680
v 0.000001 -8.147544 5.141476
v 0.000001 -8.035738 5.308805
v 0.000001 -7.923933 5.476132
v 0.000001 -7.812128 5.643461
v 0.000001 -7.704518 5.793852
v 0.000001 -7.591406 5.941381
v 0.000001 -7.473090 6.085304
v 0.000001 -7.340400 6.236608
v 0.000001 -7.207710 6.387911
v 0.000001 -7.075021 6.539214
v 0.000001 -6.946275 6.682588
v 0.000001 -6.817699 6.817927
v 0.000001 -6.683667 6.946557
v 0.000001 -6.539214 7.075021
v 0.000001 -6.387911 7.207710
v 0.000001 -6.236608 7.340400
v 0.000001 -6.085304 7.473090
v 0.000001 -5.941449 7.591365
v 0.000001 -5.794497 7.704740
v 0.000001 -5.643461 7.812128
v 0.000001 -5.476132 7.923933
v 0.000001 -5.308805 8.035738
v 0.000001 -5.141476 8.147544
v 0.000001 -4.979675 8.254008
v 0.000001 -4.820752 8.350341
v 0.000001 -4.658013 8.439748
v 0.000001 -4.485250 8.526417
v 0.000001 -4.304760 8.615425
v 0.000001 -4.124269 8.704432
v 0.000001 -3.943779 8.793441
v 0.000001 -3.774308 8.869780
v 0.000001 -3.602929 8.941942
v 0.000001 -3.429241 9.006570
v 0.000001 -3.238678 9.071258
v 0.000001 -3.048113 9.135945
v 0.000001 -2.857549 9.200634
v 0.000001 -2.674422 9.260446
v 0.000001 -2.495380 9.313346
v 0.000001 -2.314963 9.357725
v 0.000001 -2.125624 9.396753
v 0.000001 -1.928247 9.436014
v 0.000001 -1.730870 9.475275
v 0.000001 -1.533492 9.514536
v 0.000001 -1.351045 9.544752
v 0.000001 -1.166754 9.569103
v 0.000000 -0.981326 9.587232
v 0.000000 -0.780512 9.600393
v 0.000000 -0.579699 9.613555
v 0.000000 -0.378886 9.626718
v 0.000000 -0.186690 9.637066
v 0.000000 0.000162 9.641837
v 0.000000 0.185901 9.638020
v 0.000000 0.378886 9.626718
v 0.000000 0.579699 9.613555
v 0.000000 0.780512 9.600393
v 0.000000 0.981326 9.587232
v 0.000000 1.165377 9.569245
v 0.000000 1.349696 9.545046
v 0.000000 1.533492 9.514536
v 0.000000 1.730870 9.475275
v 0.000000 1.928247 9.436014
v 0.000000 2.125624 9.396753
v 0.000000 2.315031 9.357490
v 0.000000 2.494857 9.310761
v 0.000000 2.673819 9.261187
v 0.000000 2.857549 9.200634
v 0.000000 3.048113 9.135945
v 0.000000 3.238678 9.071258
v 0.000000 3.429241 9.006570
v 0.000000 3.602374 8.941542
v 0.000000 3.774138 8.870464
v 0.000000 3.943779 8.793441
v 0.000000 4.124269 8.704432
v 0.000000 4.304760 8.615425
v 0.000000 4.485250 8.526417
v 0.000000 4.657981 8.439783
v 0.000000 4.820727 8.350218
v -0.000000 4.979680 8.253888
v -0.000000 5.141476 8.147544
v -0.000000 5.308805 8.035738
v -0.000000 5.476132 7.923933
v -0.000000 5.643461 7.812128
v -0.000000 5.793876 7.704520
v -0.000000 5.941391 7.591405
v -0.000000 6.085304 7.473090
v -0.000000 6.236608 7.340400
v -0.000000 6.387911 7.207710
v -0.000000 6.539214 7.075021
v -0.000000 6.683614 6.946315
v -0.000000 6.815984 6.815934
v -0.000000 6.946182 6.683519
v -0.000000 7.075021 6.539214
v -0.000000 7.207710 6.387911
v -0.000000 7.340400 6.236608
v -0.000000 7.473090 6.085304
v -0.000000 7.591394 5.941371
v -0.000000 7.704500 5.793867
v -0.000000 7.812128 5.643461
v -0.000000 7.923933 5.476132
v -0.000000 8.035738 5.308805
v -0.000000 8.147544 5.141476
v -0.000000 8.253860 4.979716
v -0.000000 8.350161 4.820786
v -0.000000 8.439717 4.658029
v -0.000000 8.526417 4.485250
v -0.000000 8.615425 4.304760
v -0.000000 8.704432 4.124269
v -0.000000 8.793441 3.943779
v -0.000001 8.870443 3.774137
v -0.000001 8.941523 3.602386
v -0.000001 9.006570 3.429241
v -0.000001 9.071258 3.238678
v -0.000001 9.135945 3.048113
v -0.000001 9.200634 2.857549
v -0.000001 9.260585 2.674345
v -0.000001 9.313523 2.495295
v -0.000001 9.357752 2.314937
v -0.000001 9.396753 2.125624
v -0.000001 9.436014 1.928247
v -0.000001 9.475275 1.730870
v -0.000001 9.514536 1.533492
v -0.000001 9.545425 1.350784
v -0.000001 9.569174 1.166694
v -0.000001 9.587232 0.981326
v -0.000001 9.600393 0.780512
v -0.000001 9.613555 0.579699
v -0.000001 9.626718 0.378886
v -0.000001 9.637206 0.186405
v -0.000001 9.641995 -0.000255
v -0.000001 9.638040 -0.185925
v -0.000001 9.626718 -0.378886
v -0.000001 9.613555 -0.579699
v -0.000001 9.600393 -0.780512
v -0.000001 9.587232 -0.981326
v -0.000001 9.569100 -1.166739
v -0.000001 9.544787 -1.351018
v -0.000001 9.514536 -1.533492
v -0.000001 9.475275 -1.730870
v -0.000001 9.436014 -1.928247
v -0.000001 9.396753 -2.125624
v -0.000001 9.357236 -2.313634
v -0.000001 9.313385 -2.495274
v -0.000001 9.261478 -2.673743
v -0.000001 9.200634 -2.857549
v -0.000001 9.135945 -3.048113
v -0.000001 9.071258 -3.238678
v -0.000001 9.006570 -3.429241
v -0.000001 8.941549 -3.602357
v -0.000001 8.870476 -3.774135
v -0.000001 8.793441 -3.943779
v -0.000001 8.704432 -4.124269
v -0.000001 8.615425 -4.304760
v -0.000001 8.526417 -4.485250
v -0.000001 8.439225 -4.656679
v -0.000001 8.347790 -4.819645
v -0.000001 8.253586 -4.979678
v -0.000001 8.147544 -5.141476
v -0.000001 8.035738 -5.308805
v -0.000001 7.923933 -5.476132
v -0.000001 7.812128 -5.643461
v -0.000001 7.703784 -5.794940
v -0.000001 7.591183 -5.942487
v -0.000001 7.473090 -6.085304
v -0.000001 7.340400 -6.236608
v -0.000001 7.207710 -6.387911
v -0.000001 7.075021 -6.539214
v -0.000001 6.946349 -6.683762
v -0.000001 6.817729 -6.817910
v -0.000001 6.683673 -6.946552
v -0.000001 6.539214 -7.075021
v -0.000001 6.387911 -7.207710
v -0.000001 6.236608 -7.340400
v -0.000001 6.085304 -7.473090
v -0.000001 5.942438 -7.590533
v -0.000001 5.794992 -7.703741
v -0.000001 5.643461 -7.812128
v -0.000001 5.476132 -7.923933
v -0.000001 5.308805 -8.035738
v -0.000001 5.141476 -8.147544
v -0.000001 4.980009 -8.252710
v -0.000001 4.820786 -8.350161
v -0.000001 4.658029 -8.439717
v -0.000001 4.485250 -8.526417
v -0.000001 4.304760 -8.615425
v -0.000001 4.124269 -8.704432
v -0.000001 3.943779 -8.793441
v -0.000001 3.774217 -8.870451
v -0.000001 3.602928 -8.941928
v -0.000001 3.429241 -9.006570
v -0.000001 3.238678 -9.071258
v -0.000001 3.048113 -9.135945
v -0.000001 2.857549 -9.200634
v -0.000001 2.674294 -9.260556
v -0.000001 2.495265 -9.313511
v -0.000001 2.314931 -9.357752
v -0.000001 2.125624 -9.396753
v -0.000001 1.928247 -9.436014
v -0.000001 1.730870 -9.475275
v -0.000001 1.533492 -9.514536
v -0.000001 1.349771 -9.545063
v -0.000001 1.165818 -9.569763
v -0.000000 0.981326 -9.587232
v -0.000000 0.780512 -9.600393
v -0.000000 0.579699 -9.613555
v -0.000000 0.378886 -9.626718
v -0.000000 0.087941 -9.464442
v -0.000000 0.267109 -9.459819
v -0.000000 -0.089380 -9.464782
v -0.000000 -0.267109 -9.459819
v -0.000000 -0.467922 -9.446657
v -0.000000 -0.668735 -9.433495
v -0.000000 -0.869549 -9.420333
v -0.000000 -1.052396 -9.401670
v -0.000000 -1.235273 -9.382183
v -0.000000 -1.416717 -9.355438
v -0.000000 -1.598264 -9.324394
v -0.000000 -1.795641 -9.285133
v -0.000000 -1.993019 -9.245872
v -0.000000 -2.190404 -9.206614
v -0.000000 -2.361842 -9.163908
v -0.000000 -2.534316 -9.119314
v -0.000000 -2.706378 -9.068357
v -0.000000 -2.896948 -9.003664
v -0.000000 -3.087512 -8.938976
v -0.000000 -3.278077 -8.874289
v -0.000000 -3.450829 -8.810419
v -0.000000 -3.621332 -8.743036
v -0.000000 -3.788897 -8.673178
v -0.000000 -3.957131 -8.593014
v -0.000000 -4.137622 -8.504006
v -0.000000 -4.318112 -8.414998
v -0.000000 -4.498610 -8.325989
v -0.000000 -4.654673 -8.241724
v 0.000000 -4.808210 -8.152655
v 0.000000 -4.961220 -8.058900
v 0.000000 -5.128553 -7.947089
v 0.000000 -5.295882 -7.835284
v 0.000000 -5.463210 -7.723478
v 0.000000 -5.614529 -7.616876
v 0.000000 -5.760936 -7.507632
v 0.000000 -5.904665 -7.393705
v 0.000000 -6.046328 -7.276036
v 0.000000 -6.197631 -7.143347
v 0.000000 -6.348935 -7.010657
v 0.000000 -6.500245 -6.877964
v 0.000000 -6.630053 -6.754855
v 0.000000 -6.755811 -6.629419
v 0.000000 -6.877964 -6.500245
v 0.000000 -7.010657 -6.348935
v 0.000000 -7.143347 -6.197631
v 0.000000 -7.276036 -6.046328
v 0.000000 -7.393711 -5.904704
v 0.000000 -7.507668 -5.761058
v 0.000000 -7.617853 -5.616751
v 0.000000 -7.723478 -5.463210
v 0.000000 -7.835284 -5.295882
v 0.000000 -7.947089 -5.128553
v 0.000000 -8.058900 -4.961220
v 0.000000 -8.152482 -4.808380
v 0.000000 -8.241430 -4.654998
v 0.000000 -8.325989 -4.498610
v 0.000000 -8.414998 -4.318112
v 0.000000 -8.504006 -4.137622
v 0.000000 -8.593014 -3.957131
v 0.000000 -8.670084 -3.789837
v 0.000001 -8.742976 -3.621603
v 0.000001 -8.811997 -3.453722
v 0.000001 -8.874289 -3.278077
v 0.000001 -8.938976 -3.087512
v 0.000001 -9.003664 -2.896948
v 0.000001 -9.068357 -2.706378
v 0.000001 -9.117252 -2.535866
v 0.000001 -9.165412 -2.363348
v 0.000001 -9.206614 -2.190404
v 0.000001 -9.245872 -1.993019
v 0.000001 -9.285133 -1.795641
v 0.000001 -9.324394 -1.598264
v 0.000001 -9.355295 -1.416496
v 0.000001 -9.382239 -1.235153
v 0.000001 -9.405690 -1.055200
v 0.000001 -9.420333 -0.869549
v 0.000001 -9.433495 -0.668735
v 0.000001 -9.446657 -0.467922
v 0.000001 -9.459819 -0.267109
v 0.000001 -9.465436 -0.088550
v 0.000001 -9.462508 0.090042
v 0.000001 -9.459819 0.267109
v 0.000001 -9.446657 0.467922
v 0.000001 -9.433495 0.668735
v 0.000001 -9.420333 0.869549
v 0.000001 -9.403666 1.053893
v 0.000001 -9.382254 1.235303
v 0.000001 -9.355460 1.416742
v 0.000001 -9.324394 1.598264
v 0.000001 -9.285133 1.795641
v 0.000001 -9.245872 1.993019
v 0.000001 -9.206614 2.190404
v 0.000001 -9.163286 2.361815
v 0.000001 -9.119228 2.535048
v 0.000001 -9.068357 2.706378
v 0.000001 -9.003664 2.896948
v 0.000001 -8.938976 3.087512
v 0.000001 -8.874289 3.278077
v 0.000001 -8.809549 3.449594
v 0.000001 -8.743048 3.621329
v 0.000001 -8.673178 3.788896
v 0.000001 -8.593014 3.957131
v 0.000001 -8.504006 4.137622
v 0.000001 -8.414998 4.318112
v 0.000001 -8.325989 4.498610
v 0.000001 -8.241724 4.654673
v 0.000001 -8.152655 4.808210
v 0.000001 -8.058900 4.961220
v 0.000001 -7.947089 5.128553
v 0.000001 -7.835284 5.295882
v 0.000001 -7.723478 5.463210
v 0.000001 -7.617123 5.613425
v 0.000001 -7.507886 5.760755
v 0.000001 -7.397013 5.904574
v 0.000001 -7.276036 6.046328
v 0.000001 -7.143347 6.197631
v 0.000001 -7.010657 6.348935
v 0.000001 -6.877964 6.500245
v 0.000001 -6.754553 6.630196
v 0.000001 -6.629419 6.755811
v 0.000001 -6.500245 6.877964
v 0.000001 -6.348935 7.010657
v 0.000001 -6.197631 7.143347
v 0.000001 -6.046328 7.276036
v 0.000001 -5.904484 7.396996
v 0.000001 -5.760731 7.507651
v 0.000001 -5.616670 7.617974
v 0.000001 -5.463210 7.723478
v 0.000001 -5.295882 7.835284
v 0.000001 -5.128553 7.947089
v 0.000001 -4.961220 8.058900
v 0.000001 -4.808910 8.150195
v 0.000001 -4.653341 8.240297
v 0.000001 -4.498610 8.325989
v 0.000001 -4.318112 8.414998
v 0.000001 -4.137622 8.504006
v 0.000001 -3.957131 8.593014
v 0.000001 -3.789561 8.669916
v 0.000001 -3.621367 8.742875
v 0.000001 -3.453613 8.812095
v 0.000001 -3.278077 8.874289
v 0.000001 -3.087512 8.938976
v 0.000001 -2.896948 9.003664
v 0.000001 -2.706378 9.068357
v 0.000001 -2.534858 9.119219
v 0.000001 -2.363348 9.165412
v 0.000001 -2.190404 9.206614
v 0.000001 -1.993019 9.245872
v 0.000001 -1.795641 9.285133
v 0.000001 -1.598264 9.324394
v 0.000001 -1.416792 9.355312
v 0.000001 -1.235389 9.382252
v 0.000000 -1.055327 9.405640
v 0.000000 -0.869549 9.420333
v 0.000000 -0.668735 9.433495
v 0.000000 -0.467922 9.446657
v 0.000000 -0.267109 9.459819
v 0.000000 -0.087941 9.464442
v 0.000000 0.089380 9.464782
v 0.000000 0.267109 9.459819
v 0.000000 0.467922 9.446657
v 0.000000 0.668735 9.433495
v 0.000000 0.869549 9.420333
v 0.000000 1.052828 9.403372
v 0.000000 1.235041 9.382422
v 0.000000 1.415012 9.358284
v 0.000000 1.598264 9.324394
v 0.000000 1.795641 9.285133
v 0.000000 1.993019 9.245872
v 0.000000 2.190404 9.206614
v 0.000000 2.362508 9.163723
v 0.000000 2.535048 9.119228
v 0.000000 2.706378 9.068357
v 0.000000 2.896948 9.003664
v 0.000000 3.087512 8.938976
v 0.000000 3.278077 8.874289
v 0.000000 3.450786 8.810410
v 0.000000 3.621296 8.743004
v 0.000000 3.788885 8.673164
v 0.000000 3.957131 8.593014
v 0.000000 4.137622 8.504006
v 0.000000 4.318112 8.414998
v 0.000000 4.498610 8.325989
v 0.000000 4.654673 8.241724
v -0.000000 4.808210 8.152655
v -0.000000 4.961220 8.058900
v -0.000000 5.128553 7.947089
v -0.000000 5.295882 7.835284
v -0.000000 5.463210 7.723478
v -0.000000 5.613533 7.617107
v -0.000000 5.760794 7.507878
v -0.000000 5.904572 7.397013
v -0.000000 6.046328 7.276036
v -0.000000 6.197631 7.143347
v -0.000000 6.348935 7.010657
v -0.000000 6.500245 6.877964
v -0.000000 6.627249 6.754657
v -0.000000 6.755025 6.629965
v -0.000000 6.877964 6.500245
v -0.000000 7.010657 6.348935
v -0.000000 7.143347 6.197631
v -0.000000 7.276036 6.046328
v -0.000000 7.397043 5.904482
v -0.000000 7.507784 5.760758
v -0.000000 7.617114 5.613513
v -0.000000 7.723478 5.463210
v -0.000000 7.835284 5.295882
v -0.000000 7.947089 5.128553
v -0.000000 8.058900 4.961220
v -0.000000 8.152482 4.808380
v -0.000000 8.240245 4.653159
v -0.000000 8.325989 4.498610
v -0.000000 8.414998 4.318112
v -0.000000 8.504006 4.137622
v -0.000000 8.593014 3.957131
v -0.000000 8.670746 3.789150
v -0.000001 8.742901 3.621342
v -0.000001 8.810419 3.450818
v -0.000001 8.874289 3.278077
v -0.000001 8.938976 3.087512
v -0.000001 9.003664 2.896948
v -0.000001 9.068357 2.706378
v -0.000001 9.117364 2.535790
v -0.000001 9.165412 2.363348
v -0.000001 9.206614 2.190404
v -0.000001 9.245872 1.993019
v -0.000001 9.285133 1.795641
v -0.000001 9.324394 1.598264
v -0.000001 9.356143 1.416269
v -0.000001 9.382300 1.235426
v -0.000001 9.405613 1.055326
v -0.000001 9.420333 0.869549
v -0.000001 9.433495 0.668735
v -0.000001 9.446657 0.467922
v -0.000001 9.459819 0.267109
v -0.000001 9.463394 0.089408
v -0.000001 9.464782 -0.089380
v -0.000001 9.459819 -0.267109
v -0.000001 9.446657 -0.467922
v -0.000001 9.433495 -0.668735
v -0.000001 9.420333 -0.869549
v -0.000001 9.403662 -1.053885
v -0.000001 9.382260 -1.235284
v -0.000001 9.355496 -1.416728
v -0.000001 9.324394 -1.598264
v -0.000001 9.285133 -1.795641
v -0.000001 9.245872 -1.993019
v -0.000001 9.206614 -2.190404
v -0.000001 9.165611 -2.362957
v -0.000001 9.119314 -2.534316
v -0.000001 9.068357 -2.706378
v -0.000001 9.003664 -2.896948
v -0.000001 8.938976 -3.087512
v -0.000001 8.874289 -3.278077
v -0.000001 8.810435 -3.450691
v -0.000001 8.743052 -3.621277
v -0.000001 8.673178 -3.788896
v -0.000001 8.593014 -3.957131
v -0.000001 8.504006 -4.137622
v -0.000001 8.414998 -4.318112
v -0.000001 8.325989 -4.498610
v -0.000001 8.241582 -4.656044
v -0.000001 8.149742 -4.809231
v -0.000001 8.058900 -4.961220
v -0.000001 7.947089 -5.128553
v -0.000001 7.835284 -5.295882
v -0.000001 7.723478 -5.463210
v -0.000001 7.616886 -5.614509
v -0.000001 7.507551 -5.760869
v -0.000001 7.396955 -5.904688
v -0.000001 7.276036 -6.046328
v -0.000001 7.143347 -6.197631
v -0.000001 7.010657 -6.348935
v -0.000001 6.877964 -6.500245
v -0.000001 6.754855 -6.630053
v -0.000001 6.629419 -6.755811
v -0.000001 6.500245 -6.877964
v -0.000001 6.348935 -7.010657
v -0.000001 6.197631 -7.143347
v -0.000001 6.046328 -7.276036
v -0.000001 5.904704 -7.393725
v -0.000001 5.761057 -7.507682
v -0.000001 5.616748 -7.617853
v -0.000001 5.463210 -7.723478
v -0.000001 5.295882 -7.835284
v -0.000001 5.128553 -7.947089
v -0.000001 4.961220 -8.058900
v -0.000001 4.808380 -8.152482
v -0.000001 4.654998 -8.241430
v -0.000001 4.498610 -8.325989
v -0.000001 4.318112 -8.414998
v -0.000001 4.137622 -8.504006
v -0.000001 3.957131 -8.593014
v -0.000001 3.788814 -8.673139
v -0.000001 3.621344 -8.742799
v -0.000001 3.453615 -8.812097
v -0.000001 3.278077 -8.874289
v -0.000001 3.087512 -8.938976
v -0.000001 2.896948 -9.003664
v -0.000001 2.706378 -9.068357
v -0.000001 2.535425 -9.117078
v -0.000001 2.361783 -9.163936
v -0.000001 2.190404 -9.206614
v -0.000001 1.993019 -9.245872
v -0.000001 1.795641 -9.285133
v -0.000001 1.598264 -9.324394
v -0.000001 1.416856 -9.353879
v -0.000001 1.235128 -9.382258
v -0.000000 1.055201 -9.405694
v -0.000000 0.869549 -9.420333
v -0.000000 0.668735 -9.433495
v -0.000000 0.467922 -9.446657
v -0.000000 0.177321 -9.284271
v -0.000000 -0.000130 -9.286631
v -0.000000 0.356145 -9.279758
v -0.000000 -0.177220 -9.284556
v -0.000000 -0.356145 -9.279758
v -0.000000 -0.556958 -9.266597
v -0.000000 -0.757771 -9.253434
v -0.000000 -0.946056 -9.239846
v -0.000000 -1.124081 -9.219177
v -0.000000 -1.301630 -9.196505
v -0.000000 -1.477777 -9.169915
v -0.000000 -1.663036 -9.134253
v -0.000000 -1.860413 -9.094993
v -0.000000 -2.057796 -9.055728
v -0.000000 -2.230716 -9.014412
v -0.000000 -2.402789 -8.970211
v -0.000000 -2.573686 -8.922399
v -0.000000 -2.745777 -8.871382
v -0.000000 -2.936348 -8.806695
v -0.000000 -3.126912 -8.742007
v -0.000000 -3.305451 -8.680295
v -0.000000 -3.471154 -8.614965
v -0.000000 -3.636434 -8.546273
v -0.000000 -3.800681 -8.475031
v -0.000000 -3.970484 -8.392588
v -0.000000 -4.150974 -8.303579
v -0.000000 -4.331469 -8.214566
v -0.000000 -4.488776 -8.129461
v -0.000000 -4.642950 -8.042922
v 0.000000 -4.795581 -7.951973
v 0.000000 -4.948296 -7.858440
v 0.000000 -5.115631 -7.746634
v 0.000000 -5.282959 -7.634829
v 0.000000 -5.439222 -7.528922
v 0.000000 -5.583221 -7.422170
v 0.000000 -5.725489 -7.313578
v 0.000000 -5.864714 -7.202485
v 0.000000 -6.007351 -7.078982
v 0.000000 -6.158655 -6.946293
v 0.000000 -6.309960 -6.813598
v 0.000000 -6.440132 -6.690350
v 0.000000 -6.566927 -6.566579
v 0.000000 -6.690603 -6.439404
v 0.000000 -6.813598 -6.309960
v 0.000000 -6.946293 -6.158655
v 0.000000 -7.078982 -6.007351
v 0.000000 -7.202745 -5.864645
v 0.000000 -7.313586 -5.725291
v 0.000000 -7.422314 -5.583106
v 0.000000 -7.528948 -5.439268
v 0.000000 -7.634829 -5.282959
v 0.000000 -7.746634 -5.115631
v 0.000000 -7.858440 -4.948296
v 0.000000 -7.952045 -4.795459
v 0.000000 -8.042241 -4.642496
v 0.000000 -8.129752 -4.488150
v 0.000000 -8.214566 -4.331469
v 0.000000 -8.303579 -4.150974
v 0.000000 -8.392588 -3.970484
v 0.000000 -8.475200 -3.800608
v 0.000000 -8.546278 -3.637262
v 0.000000 -8.614504 -3.471752
v 0.000001 -8.680173 -3.305293
v 0.000001 -8.742007 -3.126912
v 0.000001 -8.806695 -2.936348
v 0.000001 -8.871382 -2.745777
v 0.000001 -8.921772 -2.574239
v 0.000001 -8.970491 -2.403469
v 0.000001 -9.014137 -2.231900
v 0.000001 -9.055728 -2.057796
v 0.000001 -9.094993 -1.860413
v 0.000001 -9.134253 -1.663036
v 0.000001 -9.169863 -1.477659
v 0.000001 -9.196220 -1.300520
v 0.000001 -9.219848 -1.123029
v 0.000001 -9.239934 -0.945947
v 0.000001 -9.253434 -0.757771
v 0.000001 -9.266597 -0.556958
v 0.000001 -9.279758 -0.356145
v 0.000001 -9.284815 -0.177043
v 0.000001 -9.286856 -0.000103
v 0.000001 -9.284327 0.177421
v 0.000001 -9.279758 0.356145
v 0.000001 -9.266597 0.556958
v 0.000001 -9.253434 0.757771
v 0.000001 -9.239847 0.946054
v 0.000001 -9.219372 1.124119
v 0.000001 -9.196484 1.301639
v 0.000001 -9.169890 1.477757
v 0.000001 -9.134253 1.663036
v 0.000001 -9.094993 1.860413
v 0.000001 -9.055728 2.057796
v 0.000001 -9.014120 2.231025
v 0.000001 -8.970393 2.403024
v 0.000001 -8.922525 2.573771
v 0.000001 -8.871382 2.745777
v 0.000001 -8.806695 2.936348
v 0.000001 -8.742007 3.126912
v 0.000001 -8.680302 3.305451
v 0.000001 -8.614985 3.471138
v 0.000001 -8.546291 3.636438
v 0.000001 -8.475029 3.800679
v 0.000001 -8.392588 3.970484
v 0.000001 -8.303579 4.150974
v 0.000001 -8.214566 4.331469
v 0.000001 -8.129514 4.488525
v 0.000001 -8.042976 4.642753
v 0.000001 -7.951927 4.795454
v 0.000001 -7.858440 4.948296
v 0.000001 -7.746634 5.115631
v 0.000001 -7.634829 5.282959
v 0.000001 -7.529020 5.439183
v 0.000001 -7.423086 5.582500
v 0.000001 -7.313945 5.724449
v 0.000001 -7.202572 5.864673
v 0.000001 -7.078982 6.007351
v 0.000001 -6.946293 6.158655
v 0.000001 -6.813598 6.309960
v 0.000001 -6.690253 6.439995
v 0.000001 -6.566382 6.565993
v 0.000001 -6.439854 6.690528
v 0.000001 -6.309960 6.813598
v 0.000001 -6.158655 6.946293
v 0.000001 -6.007351 7.078982
v 0.000001 -5.864613 7.202514
v 0.000001 -5.724314 7.313878
v 0.000001 -5.582397 7.423066
v 0.000001 -5.439178 7.529060
v 0.000001 -5.282959 7.634829
v 0.000001 -5.115631 7.746634
v 0.000001 -4.948296 7.858440
v 0.000001 -4.795620 7.951766
v 0.000001 -4.643514 8.041765
v 0.000001 -4.488865 8.129290
v 0.000001 -4.331469 8.214566
v 0.000001 -4.150974 8.303579
v 0.000001 -3.970484 8.392588
v 0.000001 -3.800640 8.474962
v 0.000001 -3.636365 8.546279
v 0.000001 -3.471034 8.615039
v 0.000001 -3.305181 8.680264
v 0.000001 -3.126912 8.742007
v 0.000001 -2.936348 8.806695
v 0.000001 -2.745777 8.871382
v 0.000001 -2.573958 8.922481
v 0.000001 -2.403392 8.970434
v 0.000001 -2.231838 9.014238
v 0.000001 -2.057796 9.055728
v 0.000001 -1.860413 9.094993
v 0.000001 -1.663036 9.134253
v 0.000001 -1.477750 9.169890
v 0.000001 -1.301470 9.196232
v 0.000000 -1.123888 9.219399
v 0.000000 -0.946055 9.239928
v 0.000000 -0.757771 9.253434
v 0.000000 -0.556958 9.266597
v 0.000000 -0.356145 9.279758
v 0.000000 -0.176740 9.284441
v 0.000000 0.000468 9.286563
v 0.000000 0.177770 9.284245
v 0.000000 0.356145 9.279758
v 0.000000 0.556958 9.266597
v 0.000000 0.757771 9.253434
v 0.000000 0.945968 9.239885
v 0.000000 1.123074 9.219876
v 0.000000 1.300579 9.196301
v 0.000000 1.477671 9.169934
v 0.000000 1.663036 9.134253
v 0.000000 1.860413 9.094993
v 0.000000 2.057796 9.055728
v 0.000000 2.231653 9.013754
v 0.000000 2.403459 8.970293
v 0.000000 2.574307 8.921877
v 0.000000 2.745777 8.871382
v 0.000000 2.936348 8.806695
v 0.000000 3.126912 8.742007
v 0.000000 3.305442 8.680286
v 0.000000 3.471088 8.614962
v 0.000000 3.636368 8.546205
v 0.000000 3.800626 8.474991
v 0.000000 3.970484 8.392588
v 0.000000 4.150974 8.303579
v 0.000000 4.331469 8.214566
v 0.000000 4.488865 8.129484
v 0.000000 4.643380 8.042446
v -0.000000 4.795269 7.952271
v -0.000000 4.948296 7.858440
v -0.000000 5.115631 7.746634
v -0.000000 5.282959 7.634829
v -0.000000 5.439445 7.529021
v -0.000000 5.582567 7.423059
v -0.000000 5.724462 7.313923
v -0.000000 5.864665 7.202570
v -0.000000 6.007351 7.078982
v -0.000000 6.158655 6.946293
v -0.000000 6.309960 6.813598
v -0.000000 6.439459 6.690287
v -0.000000 6.566692 6.566896
v -0.000000 6.690275 6.439519
v -0.000000 6.813598 6.309960
v -0.000000 6.946293 6.158655
v -0.000000 7.078982 6.007351
v -0.000000 7.202768 5.864543
v -0.000000 7.314033 5.724149
v -0.000000 7.423279 5.582503
v -0.000000 7.529006 5.439169
v -0.000000 7.634829 5.282959
v -0.000000 7.746634 5.115631
v -0.000000 7.858440 4.948296
v -0.000000 7.952311 4.795144
v -0.000000 8.042761 4.642490
v -0.000000 8.129469 4.487647
v -0.000000 8.214566 4.331469
v -0.000000 8.303579 4.150974
v -0.000000 8.392588 3.970484
v -0.000000 8.474966 3.800639
v -0.000000 8.546232 3.636180
v -0.000000 8.615197 3.471018
v -0.000001 8.680208 3.305194
v -0.000001 8.742007 3.126912
v -0.000001 8.806695 2.936348
v -0.000001 8.871382 2.745777
v -0.000001 8.922656 2.573790
v -0.000001 8.970298 2.403311
v -0.000001 9.013780 2.231284
v -0.000001 9.055728 2.057796
v -0.000001 9.094993 1.860413
v -0.000001 9.134253 1.663036
v -0.000001 9.169866 1.477745
v -0.000001 9.196310 1.301537
v -0.000001 9.219428 1.123963
v -0.000001 9.239843 0.946065
v -0.000001 9.253434 0.757771
v -0.000001 9.266597 0.556958
v -0.000001 9.279758 0.356145
v -0.000001 9.284193 0.177251
v -0.000001 9.286697 -0.000148
v -0.000001 9.284238 -0.177605
v -0.000001 9.279758 -0.356145
v -0.000001 9.266597 -0.556958
v -0.000001 9.253434 -0.757771
v -0.000001 9.239847 -0.946058
v -0.000001 9.219337 -1.124074
v -0.000001 9.196553 -1.301631
v -0.000001 9.169932 -1.477780
v -0.000001 9.134253 -1.663036
v -0.000001 9.094993 -1.860413
v -0.000001 9.055728 -2.057796
v -0.000001 9.014248 -2.231657
v -0.000001 8.970507 -2.402953
v -0.000001 8.925284 -2.571623
v -0.000001 8.871382 -2.745777
v -0.000001 8.806695 -2.936348
v -0.000001 8.742007 -3.126912
v -0.000001 8.680223 -3.305192
v -0.000001 8.615002 -3.471032
v -0.000001 8.546328 -3.636413
v -0.000001 8.475032 -3.800680
v -0.000001 8.392588 -3.970484
v -0.000001 8.303579 -4.150974
v -0.000001 8.214566 -4.331469
v -0.000001 8.129402 -4.489100
v -0.000001 8.042703 -4.643345
v -0.000001 7.951694 -4.795805
v -0.000001 7.858440 -4.948296
v -0.000001 7.746634 -5.115631
v -0.000001 7.634829 -5.282959
v -0.000001 7.528917 -5.439220
v -0.000001 7.422224 -5.583151
v -0.000001 7.313379 -5.725329
v -0.000001 7.202489 -5.864703
v -0.000001 7.078982 -6.007351
v -0.000001 6.946293 -6.158655
v -0.000001 6.813598 -6.309960
v -0.000001 6.690451 -6.439536
v -0.000001 6.566002 -6.566411
v -0.000001 6.439709 -6.690680
v -0.000001 6.309960 -6.813598
v -0.000001 6.158655 -6.946293
v -0.000001 6.007351 -7.078982
v -0.000001 5.864653 -7.202752
v -0.000001 5.725292 -7.313605
v -0.000001 5.583094 -7.422340
v -0.000001 5.439255 -7.528948
v -0.000001 5.282959 -7.634829
v -0.000001 5.115631 -7.746634
v -0.000001 4.948296 -7.858440
v -0.000001 4.795685 -7.951746
v -0.000001 4.643216 -8.042525
v -0.000001 4.488856 -8.129291
v -0.000001 4.331469 -8.214566
v -0.000001 4.150974 -8.303579
v -0.000001 3.970484 -8.392588
v -0.000001 3.800637 -8.474961
v -0.000001 3.636348 -8.546173
v -0.000001 3.471001 -8.614949
v -0.000001 3.305190 -8.680271
v -0.000001 3.126912 -8.742007
v -0.000001 2.936348 -8.806695
v -0.000001 2.745777 -8.871382
v -0.000001 2.573895 -8.922401
v -0.000001 2.402729 -8.969858
v -0.000001 2.230995 -9.014252
v -0.000001 2.057796 -9.055728
v -0.000001 1.860413 -9.094993
v -0.000001 1.663036 -9.134253
v -0.000001 1.477469 -9.170054
v -0.000001 1.300454 -9.196230
v -0.000000 1.123035 -9.219849
v -0.000000 0.945948 -9.239951
v -0.000000 0.757771 -9.253434
v -0.000000 0.556958 -9.266597
v -0.000000 0.087502 -9.108321
v -0.000000 0.266129 -9.105597
v -0.000000 -0.087406 -9.108549
v -0.000000 0.445181 -9.099698
v -0.000000 -0.265826 -9.104151
v -0.000000 -0.445181 -9.099698
v -0.000000 -0.645994 -9.086536
v -0.000000 -0.836905 -9.073584
v -0.000000 -1.014405 -9.053501
v -0.000000 -1.189671 -9.031211
v -0.000000 -1.363668 -9.008068
v -0.000000 -1.540086 -8.980999
v -0.000000 -1.727808 -8.944112
v -0.000000 -1.925185 -8.904846
v -0.000000 -2.099257 -8.864185
v -0.000000 -2.272745 -8.821512
v -0.000000 -2.442076 -8.775716
v -0.000000 -2.613800 -8.726282
v -0.000000 -2.785181 -8.674410
v -0.000000 -2.975747 -8.609726
v -0.000000 -3.158407 -8.547789
v -0.000000 -3.323479 -8.482787
v -0.000000 -3.486342 -8.416569
v -0.000000 -3.648634 -8.348366
v -0.000000 -3.812097 -8.276413
v -0.000000 -3.983836 -8.192161
v -0.000000 -4.164326 -8.103148
v -0.000000 -4.321892 -8.017501
v -0.000000 -4.478610 -7.932171
v 0.000000 -4.629771 -7.844987
v 0.000000 -4.783081 -7.752721
v 0.000000 -4.935377 -7.657981
v 0.000000 -5.102708 -7.546179
v 0.000000 -5.261557 -7.439503
v 0.000000 -5.405593 -7.333827
v 0.000000 -5.546433 -7.226805
v 0.000000 -5.685059 -7.119143
v 0.000000 -5.824260 -7.007763
v 0.000000 -5.968375 -6.881929
v 0.000000 -6.119675 -6.749237
v 0.000000 -6.249751 -6.625665
v 0.000000 -6.379097 -6.502564
v 0.000000 -6.503075 -6.378608
v 0.000000 -6.625974 -6.250428
v 0.000000 -6.749237 -6.119675
v 0.000000 -6.881929 -5.968375
v 0.000000 -7.009138 -5.823404
v 0.000000 -7.119597 -5.684721
v 0.000000 -7.227466 -5.546154
v 0.000000 -7.333739 -5.405489
v 0.000000 -7.439515 -5.261597
v 0.000000 -7.546179 -5.102708
v 0.000000 -7.657981 -4.935377
v 0.000000 -7.752581 -4.783411
v 0.000000 -7.844148 -4.630178
v 0.000000 -7.931963 -4.477132
v 0.000000 -8.019011 -4.322480
v 0.000000 -8.103148 -4.164326
v 0.000000 -8.192161 -3.983836
v 0.000000 -8.277529 -3.810892
v 0.000000 -8.348559 -3.648322
v 0.000000 -8.416987 -3.486148
v 0.000000 -8.483015 -3.322990
v 0.000001 -8.547778 -3.156819
v 0.000001 -8.609726 -2.975747
v 0.000001 -8.674410 -2.785181
v 0.000001 -8.725883 -2.613833
v 0.000001 -8.774308 -2.441954
v 0.000001 -8.820908 -2.273139
v 0.000001 -8.862854 -2.099838
v 0.000001 -8.904846 -1.925185
v 0.000001 -8.944112 -1.727808
v 0.000001 -8.981022 -1.540070
v 0.000001 -9.008015 -1.363642
v 0.000001 -9.032229 -1.189131
v 0.000001 -9.054152 -1.014411
v 0.000001 -9.073584 -0.836866
v 0.000001 -9.086536 -0.645994
v 0.000001 -9.099698 -0.445181
v 0.000001 -9.104806 -0.265505
v 0.000001 -9.108681 -0.087360
v 0.000001 -9.108735 0.088006
v 0.000001 -9.105022 0.265512
v 0.000001 -9.099698 0.445181
v 0.000001 -9.086536 0.645994
v 0.000001 -9.073570 0.836906
v 0.000001 -9.054014 1.014381
v 0.000001 -9.031769 1.189944
v 0.000001 -9.007865 1.363845
v 0.000001 -8.981030 1.540084
v 0.000001 -8.944112 1.727808
v 0.000001 -8.904846 1.925185
v 0.000001 -8.864386 2.098264
v 0.000001 -8.821123 2.270620
v 0.000001 -8.775834 2.441180
v 0.000001 -8.726636 2.612351
v 0.000001 -8.674410 2.785181
v 0.000001 -8.609726 2.975747
v 0.000001 -8.547784 3.158405
v 0.000001 -8.482805 3.323372
v 0.000001 -8.416677 3.486362
v 0.000001 -8.348359 3.648629
v 0.000001 -8.276403 3.812091
v 0.000001 -8.192161 3.983836
v 0.000001 -8.103148 4.164326
v 0.000001 -8.017674 4.321714
v 0.000001 -7.932650 4.477559
v 0.000001 -7.845152 4.629357
v 0.000001 -7.752375 4.782971
v 0.000001 -7.657981 4.935377
v 0.000001 -7.546179 5.102708
v 0.000001 -7.439544 5.261579
v 0.000001 -7.333812 5.405450
v 0.000001 -7.227628 5.545897
v 0.000001 -7.119639 5.685036
v 0.000001 -7.007775 5.824288
v 0.000001 -6.881929 5.968375
v 0.000001 -6.749237 6.119675
v 0.000001 -6.625616 6.250238
v 0.000001 -6.502139 6.378909
v 0.000001 -6.378251 6.503313
v 0.000001 -6.249884 6.625947
v 0.000001 -6.119675 6.749237
v 0.000001 -5.968375 6.881929
v 0.000001 -5.824227 7.007763
v 0.000001 -5.684874 7.119348
v 0.000001 -5.545656 7.227478
v 0.000001 -5.405272 7.333866
v 0.000001 -5.261542 7.439574
v 0.000001 -5.102708 7.546179
v 0.000001 -4.935377 7.657981
v 0.000001 -4.782218 7.752455
v 0.000001 -4.629777 7.844134
v 0.000001 -4.477911 7.932491
v 0.000001 -4.321977 8.017591
v 0.000001 -4.164326 8.103148
v 0.000001 -3.983836 8.192161
v 0.000001 -3.812049 8.276403
v 0.000001 -3.648631 8.348149
v 0.000001 -3.486341 8.416731
v 0.000001 -3.323234 8.483109
v 0.000001 -3.156761 8.547816
v 0.000001 -2.975747 8.609726
v 0.000001 -2.785181 8.674410
v 0.000001 -2.613030 8.725253
v 0.000001 -2.441849 8.775723
v 0.000001 -2.272628 8.821228
v 0.000001 -2.098420 8.863479
v 0.000001 -1.925185 8.904846
v 0.000001 -1.727808 8.944112
v 0.000001 -1.540057 8.981019
v 0.000000 -1.363564 9.007798
v 0.000000 -1.188993 9.031960
v 0.000000 -1.014185 9.053953
v 0.000000 -0.836886 9.073602
v 0.000000 -0.645994 9.086536
v 0.000000 -0.445181 9.099698
v 0.000000 -0.265482 9.104226
v 0.000000 -0.086907 9.108135
v 0.000000 0.088019 9.108315
v 0.000000 0.266487 9.105348
v 0.000000 0.445181 9.099698
v 0.000000 0.645994 9.086536
v 0.000000 0.836902 9.073568
v 0.000000 1.014410 9.054088
v 0.000000 1.189235 9.032443
v 0.000000 1.363510 9.008181
v 0.000000 1.540065 8.981010
v 0.000000 1.727808 8.944112
v 0.000000 1.925185 8.904846
v 0.000000 2.099500 8.862751
v 0.000000 2.273031 8.820849
v 0.000000 2.442008 8.774935
v 0.000000 2.613885 8.725976
v 0.000000 2.785181 8.674410
v 0.000000 2.975747 8.609726
v 0.000000 3.158389 8.547768
v 0.000000 3.323253 8.482795
v 0.000000 3.486146 8.416632
v 0.000000 3.648531 8.348071
v 0.000000 3.811995 8.276379
v 0.000000 3.983836 8.192161
v 0.000000 4.164326 8.103148
v 0.000000 4.321190 8.018473
v 0.000000 4.478518 7.932703
v -0.000000 4.630189 7.844648
v -0.000000 4.783208 7.752490
v -0.000000 4.935377 7.657981
v -0.000000 5.102708 7.546179
v -0.000000 5.263111 7.439085
v -0.000000 5.405569 7.333641
v -0.000000 5.545946 7.227625
v -0.000000 5.684982 7.119580
v -0.000000 5.824252 7.007770
v -0.000000 5.968375 6.881929
v -0.000000 6.119675 6.749237
v -0.000000 6.250339 6.625709
v -0.000000 6.377640 6.501766
v -0.000000 6.502378 6.378598
v -0.000000 6.625683 6.250339
v -0.000000 6.749237 6.119675
v -0.000000 6.881929 5.968375
v -0.000000 7.009140 5.823400
v -0.000000 7.119669 5.684615
v -0.000000 7.227859 5.544885
v -0.000000 7.333877 5.405128
v -0.000000 7.439522 5.261553
v -0.000000 7.546179 5.102708
v -0.000000 7.657981 4.935377
v -0.000000 7.752101 4.781919
v -0.000000 7.845015 4.628837
v -0.000000 7.932881 4.475669
v -0.000000 8.019175 4.320838
v -0.000000 8.103148 4.164326
v -0.000000 8.192161 3.983836
v -0.000000 8.276400 3.812033
v -0.000000 8.348126 3.648505
v -0.000000 8.416605 3.485373
v -0.000000 8.482926 3.322893
v -0.000001 8.547758 3.156807
v -0.000001 8.609726 2.975747
v -0.000001 8.674410 2.785181
v -0.000001 8.727877 2.610727
v -0.000001 8.775616 2.441706
v -0.000001 8.820323 2.272419
v -0.000001 8.863867 2.099200
v -0.000001 8.904846 1.925185
v -0.000001 8.944112 1.727808
v -0.000001 8.980983 1.540047
v -0.000001 9.007980 1.363664
v -0.000001 9.032204 1.189355
v -0.000001 9.053923 1.014354
v -0.000001 9.073508 0.836887
v -0.000001 9.086536 0.645994
v -0.000001 9.099698 0.445181
v -0.000001 9.104368 0.265813
v -0.000001 9.108242 0.087594
v -0.000001 9.108362 -0.087475
v -0.000001 9.105241 -0.266306
v -0.000001 9.099698 -0.445181
v -0.000001 9.086536 -0.645994
v -0.000001 9.073584 -0.836910
v -0.000001 9.053792 -1.014344
v -0.000001 9.031747 -1.189684
v -0.000001 9.008253 -1.363681
v -0.000001 8.981053 -1.540102
v -0.000001 8.944112 -1.727808
v -0.000001 8.904846 -1.925185
v -0.000001 8.863070 -2.099651
v -0.000001 8.821057 -2.272365
v -0.000001 8.775831 -2.441180
v -0.000001 8.726455 -2.612562
v -0.000001 8.674410 -2.785181
v -0.000001 8.609726 -2.975747
v -0.000001 8.547806 -3.156794
v -0.000001 8.482916 -3.323044
v -0.000001 8.416785 -3.486308
v -0.000001 8.348431 -3.648630
v -0.000001 8.276413 -3.812097
v -0.000001 8.192161 -3.983836
v -0.000001 8.103148 -4.164326
v -0.000001 8.017738 -4.322500
v -0.000001 7.932029 -4.478703
v -0.000001 7.844379 -4.630588
v -0.000001 7.752153 -4.782444
v -0.000001 7.657981 -4.935377
v -0.000001 7.546179 -5.102708
v -0.000001 7.439488 -5.261553
v -0.000001 7.333798 -5.405462
v -0.000001 7.227252 -5.546165
v -0.000001 7.119075 -5.684955
v -0.000001 7.007773 -5.824212
v -0.000001 6.881929 -5.968375
v -0.000001 6.749237 -6.119675
v -0.000001 6.626413 -6.250066
v -0.000001 6.502324 -6.378412
v -0.000001 6.377765 -6.502669
v -0.000001 6.250502 -6.626706
v -0.000001 6.119675 -6.749237
v -0.000001 5.968375 -6.881929
v -0.000001 5.823424 -7.009151
v -0.000001 5.684792 -7.119648
v -0.000001 5.546087 -7.227546
v -0.000001 5.405450 -7.333821
v -0.000001 5.261555 -7.439527
v -0.000001 5.102708 -7.546179
v -0.000001 4.935377 -7.657981
v -0.000001 4.783183 -7.752564
v -0.000001 4.629930 -7.844277
v -0.000001 4.478639 -7.931947
v -0.000001 4.322224 -8.017593
v -0.000001 4.164326 -8.103148
v -0.000001 3.983836 -8.192161
v -0.000001 3.812031 -8.276384
v -0.000001 3.648596 -8.347868
v -0.000001 3.486352 -8.416490
v -0.000001 3.323054 -8.482913
v -0.000001 3.156789 -8.547831
v -0.000001 2.975747 -8.609726
v -0.000001 2.785181 -8.674410
v -0.000001 2.613865 -8.726371
v -0.000001 2.442420 -8.775200
v -0.000001 2.271466 -8.820299
v -0.000001 2.099258 -8.864107
v -0.000001 1.925185 -8.904846
v -0.000001 1.727808 -8.944112
v -0.000001 1.538653 -8.981792
v -0.000000 1.363425 -9.007950
v -0.000000 1.189164 -9.032147
v -0.000000 1.014377 -9.054235
v -0.000000 0.836862 -9.073638
v -0.000000 0.645994 -9.086536
v -0.000000 0.175533 -8.927866
v -0.000000 0.000157 -8.930061
v -0.000000 0.354396 -8.923252
v -0.000000 -0.175327 -8.928123
v -0.000000 0.534217 -8.919638
v -0.000000 -0.354024 -8.924266
v -0.000000 -0.539526 -8.917089
v -0.000000 -0.724824 -8.903835
v -0.000000 -0.906344 -8.887376
v -0.000000 -1.079679 -8.864022
v -0.000000 -1.252379 -8.842684
v -0.000000 -1.424893 -8.818589
v -0.000000 -1.609557 -8.784245
v -0.000000 -1.792576 -8.753968
v -0.000000 -1.967987 -8.712147
v -0.000000 -2.141540 -8.670067
v -0.000000 -2.310834 -8.625631
v -0.000000 -2.480173 -8.578757
v -0.000000 -2.651728 -8.528937
v -0.000000 -2.824585 -8.477441
v -0.000000 -3.000932 -8.413395
v -0.000000 -3.176187 -8.350250
v -0.000000 -3.337361 -8.283587
v -0.000000 -3.498542 -8.217899
v -0.000000 -3.659032 -8.149965
v -0.000000 -3.824325 -8.073334
v -0.000000 -3.991203 -7.991734
v -0.000000 -4.155923 -7.905540
v -0.000000 -4.311823 -7.820195
v -0.000000 -4.464124 -7.733364
v 0.000000 -4.616057 -7.643831
v 0.000000 -4.768638 -7.552477
v 0.000000 -4.922459 -7.457526
v 0.000000 -5.073982 -7.349984
v 0.000000 -5.229189 -7.243617
v 0.000000 -5.369077 -7.138361
v 0.000000 -5.506361 -7.031955
v 0.000000 -5.643579 -6.924893
v 0.000000 -5.782922 -6.812611
v 0.000000 -5.923603 -6.686678
v 0.000000 -6.060316 -6.560600
v 0.000000 -6.188914 -6.437729
v 0.000000 -6.315205 -6.315205
v 0.000000 -6.437708 -6.190374
v 0.000000 -6.560755 -6.060067
v 0.000000 -6.686439 -5.923929
v 0.000000 -6.806622 -5.783767
v 0.000000 -6.925705 -5.643539
v 0.000000 -7.031996 -5.505727
v 0.000000 -7.138064 -5.369249
v 0.000000 -7.243387 -5.228230
v 0.000000 -7.349074 -5.083789
v 0.000000 -7.457526 -4.922459
v 0.000000 -7.550607 -4.768568
v 0.000000 -7.644000 -4.615940
v 0.000000 -7.732955 -4.464498
v 0.000000 -7.819479 -4.312032
v 0.000000 -7.905761 -4.156106
v 0.000000 -7.991733 -3.997185
v 0.000000 -8.071240 -3.827811
v 0.000000 -8.150410 -3.658760
v 0.000000 -8.219011 -3.497565
v 0.000000 -8.284849 -3.336751
v 0.000000 -8.350033 -3.175693
v 0.000001 -8.412810 -2.998531
v 0.000001 -8.477441 -2.824585
v 0.000001 -8.528718 -2.651652
v 0.000001 -8.578120 -2.480268
v 0.000001 -8.625000 -2.311182
v 0.000001 -8.669366 -2.141987
v 0.000001 -8.711968 -1.968798
v 0.000001 -8.753968 -1.792576
v 0.000001 -8.785084 -1.609618
v 0.000001 -8.819649 -1.424551
v 0.000001 -8.843185 -1.252308
v 0.000001 -8.866179 -1.079702
v 0.000001 -8.887259 -0.906341
v 0.000001 -8.901871 -0.719014
v 0.000001 -8.919638 -0.534217
v 0.000001 -8.925505 -0.352886
v 0.000001 -8.929766 -0.174351
v 0.000001 -8.931051 -0.000000
v 0.000001 -8.928813 0.175166
v 0.000001 -8.924820 0.353698
v 0.000001 -8.916722 0.537519
v 0.000001 -8.902203 0.719215
v 0.000001 -8.887559 0.906198
v 0.000001 -8.866569 1.080539
v 0.000001 -8.842861 1.252715
v 0.000001 -8.818959 1.425086
v 0.000001 -8.791353 1.601860
v 0.000001 -8.753968 1.792576
v 0.000001 -8.711089 1.967070
v 0.000001 -8.670524 2.141815
v 0.000001 -8.626630 2.310655
v 0.000001 -8.580030 2.479326
v 0.000001 -8.533701 2.648232
v 0.000001 -8.477441 2.824585
v 0.000001 -8.413401 3.000921
v 0.000001 -8.350071 3.175614
v 0.000001 -8.283943 3.337401
v 0.000001 -8.218094 3.498711
v 0.000001 -8.149740 3.658979
v 0.000001 -8.068883 3.828392
v 0.000001 -7.991733 3.997185
v 0.000001 -7.905610 4.155928
v 0.000001 -7.820349 4.312642
v 0.000001 -7.734015 4.464656
v 0.000001 -7.645375 4.615861
v 0.000001 -7.551269 4.770119
v 0.000001 -7.453732 4.925761
v 0.000001 -7.348938 5.079789
v 0.000001 -7.243819 5.229264
v 0.000001 -7.137828 5.367698
v 0.000001 -7.032723 5.506366
v 0.000001 -6.925287 5.643653
v 0.000001 -6.803331 5.786576
v 0.000001 -6.684876 5.929394
v 0.000001 -6.560669 6.061455
v 0.000001 -6.437430 6.191072
v 0.000001 -6.314936 6.315191
v 0.000001 -6.190506 6.437693
v 0.000001 -6.061044 6.560835
v 0.000001 -5.929394 6.684876
v 0.000001 -5.786350 6.803337
v 0.000001 -5.643491 6.925814
v 0.000001 -5.505772 7.032173
v 0.000001 -5.367277 7.138122
v 0.000001 -5.228681 7.243791
v 0.000001 -5.073993 7.350421
v 0.000001 -4.922459 7.457526
v 0.000001 -4.768370 7.552564
v 0.000001 -4.616004 7.645524
v 0.000001 -4.465057 7.733678
v 0.000001 -4.312819 7.820036
v 0.000001 -4.156510 7.905616
v 0.000001 -3.997185 7.991733
v 0.000001 -3.828501 8.069112
v 0.000001 -3.658698 8.150423
v 0.000001 -3.498472 8.217813
v 0.000001 -3.337681 8.284727
v 0.000001 -3.175664 8.349940
v 0.000001 -3.004584 8.412687
v 0.000001 -2.828967 8.473280
v 0.000001 -2.651645 8.528514
v 0.000001 -2.480010 8.578926
v 0.000001 -2.311532 8.626729
v 0.000001 -2.142378 8.670384
v 0.000001 -1.973430 8.714515
v 0.000001 -1.792576 8.753968
v 0.000001 -1.609310 8.784935
v 0.000000 -1.424850 8.819206
v 0.000000 -1.251330 8.842322
v 0.000000 -1.078721 8.865694
v 0.000000 -0.906258 8.887446
v 0.000000 -0.718964 8.902133
v 0.000000 -0.534217 8.919638
v 0.000000 -0.353397 8.924530
v 0.000000 -0.174686 8.928539
v 0.000000 0.000810 8.930084
v 0.000000 0.175770 8.928223
v 0.000000 0.354166 8.924636
v 0.000000 0.534217 8.919638
v 0.000000 0.719266 8.901988
v 0.000000 0.906811 8.887691
v 0.000000 1.080512 8.866371
v 0.000000 1.252346 8.843591
v 0.000000 1.424837 8.819107
v 0.000000 1.604443 8.788095
v 0.000000 1.786865 8.752741
v 0.000000 1.968136 8.711897
v 0.000000 2.140831 8.669467
v 0.000000 2.311474 8.625246
v 0.000000 2.480540 8.578403
v 0.000000 2.652091 8.528458
v 0.000000 2.828732 8.473403
v 0.000000 3.002410 8.411751
v 0.000000 3.175372 8.350035
v 0.000000 3.336902 8.283990
v 0.000000 3.497826 8.218130
v 0.000000 3.658680 8.149626
v 0.000000 3.828507 8.068928
v 0.000000 3.997185 7.991733
v 0.000000 4.156185 7.905980
v 0.000000 4.312661 7.819876
v 0.000000 4.464610 7.731946
v -0.000000 4.616524 7.642906
v -0.000000 4.768571 7.551690
v -0.000000 4.922459 7.457526
v -0.000000 5.075909 7.350030
v -0.000000 5.228285 7.243599
v -0.000000 5.367660 7.138153
v -0.000000 5.506532 7.032686
v -0.000000 5.643569 6.925073
v -0.000000 5.783572 6.808417
v -0.000000 5.923873 6.686626
v -0.000000 6.060340 6.560662
v -0.000000 6.187680 6.437226
v -0.000000 6.314420 6.314990
v -0.000000 6.437082 6.189579
v -0.000000 6.560624 6.060004
v -0.000000 6.686429 5.923919
v -0.000000 6.806608 5.783760
v -0.000000 6.925108 5.643515
v -0.000000 7.033618 5.505477
v -0.000000 7.138668 5.366766
v -0.000000 7.243478 5.228387
v -0.000000 7.349820 5.073555
v -0.000000 7.457526 4.922459
v -0.000000 7.552693 4.768260
v -0.000000 7.645752 4.615589
v -0.000000 7.734642 4.464505
v -0.000000 7.820233 4.310937
v -0.000000 7.905858 4.154492
v -0.000000 7.992259 3.991054
v -0.000000 8.073378 3.824140
v -0.000000 8.149864 3.658869
v -0.000000 8.218635 3.497440
v -0.000000 8.284313 3.336567
v -0.000000 8.350011 3.175647
v -0.000001 8.412874 2.998397
v -0.000001 8.477441 2.824585
v -0.000001 8.529640 2.651031
v -0.000001 8.579654 2.479701
v -0.000001 8.625843 2.310789
v -0.000001 8.668739 2.140207
v -0.000001 8.711685 1.966852
v -0.000001 8.752813 1.786432
v -0.000001 8.787804 1.604204
v -0.000001 8.819489 1.424440
v -0.000001 8.842948 1.252151
v -0.000001 8.866178 1.080261
v -0.000001 8.887186 0.906228
v -0.000001 8.901919 0.718992
v -0.000001 8.919638 0.534217
v -0.000001 8.924727 0.353591
v -0.000001 8.929330 0.175022
v -0.000001 8.929837 -0.000228
v -0.000001 8.927521 -0.176120
v -0.000001 8.923927 -0.354751
v -0.000001 8.917011 -0.539730
v -0.000001 8.903811 -0.724929
v -0.000001 8.887414 -0.906396
v -0.000001 8.865497 -1.079571
v -0.000001 8.843710 -1.252430
v -0.000001 8.819288 -1.424972
v -0.000001 8.788143 -1.604470
v -0.000001 8.752577 -1.786831
v -0.000001 8.711761 -1.968098
v -0.000001 8.669062 -2.139865
v -0.000001 8.626453 -2.310617
v -0.000001 8.580331 -2.479813
v -0.000001 8.529757 -2.651110
v -0.000001 8.477441 -2.824585
v -0.000001 8.412904 -2.998805
v -0.000001 8.350144 -3.175804
v -0.000001 8.284101 -3.337482
v -0.000001 8.218304 -3.498706
v -0.000001 8.150105 -3.659020
v -0.000001 8.069221 -3.828714
v -0.000001 7.991733 -3.997185
v -0.000001 7.906093 -4.157223
v -0.000001 7.820594 -4.313951
v -0.000001 7.734514 -4.465528
v -0.000001 7.644300 -4.616165
v -0.000001 7.551499 -4.768912
v -0.000001 7.452451 -4.925886
v -0.000001 7.348344 -5.079531
v -0.000001 7.243663 -5.228546
v -0.000001 7.138376 -5.368979
v -0.000001 7.031408 -5.506063
v -0.000001 6.924935 -5.643425
v -0.000001 6.802862 -5.786353
v -0.000001 6.684876 -5.929394
v -0.000001 6.560746 -6.060639
v -0.000001 6.436916 -6.189590
v -0.000001 6.313875 -6.313701
v -0.000001 6.188141 -6.437378
v -0.000001 6.059151 -6.562113
v -0.000001 5.925054 -6.686755
v -0.000001 5.784414 -6.806896
v -0.000001 5.643637 -6.925769
v -0.000001 5.505960 -7.032200
v -0.000001 5.368628 -7.138322
v -0.000001 5.228465 -7.243572
v -0.000001 5.079608 -7.348633
v -0.000001 4.925712 -7.452579
v -0.000001 4.768894 -7.551432
v -0.000001 4.616771 -7.643066
v -0.000001 4.464978 -7.733688
v -0.000001 4.313512 -7.820520
v -0.000001 4.156408 -7.905837
v -0.000001 3.997185 -7.991733
v -0.000001 3.828219 -8.068222
v -0.000001 3.658873 -8.149619
v -0.000001 3.498381 -8.217137
v -0.000001 3.338123 -8.284297
v -0.000001 3.175518 -8.349775
v -0.000001 2.998312 -8.412576
v -0.000001 2.824585 -8.477441
v -0.000001 2.651411 -8.529408
v -0.000001 2.479435 -8.580375
v -0.000001 2.309749 -8.624616
v -0.000001 2.140067 -8.668412
v -0.000001 1.966942 -8.711555
v -0.000001 1.786884 -8.752595
v -0.000001 1.605530 -8.786572
v -0.000000 1.424914 -8.819063
v -0.000000 1.252914 -8.842772
v -0.000000 1.079824 -8.866265
v -0.000000 0.906153 -8.887481
v -0.000000 0.719127 -8.902430
v -0.000000 0.263664 -8.745657
v -0.000000 0.086865 -8.750496
v -0.000000 -0.088663 -8.747959
v -0.000000 0.442773 -8.741100
v -0.000000 -0.264428 -8.746787
v -0.000000 0.621274 -8.735503
v -0.000000 -0.442382 -8.744226
v -0.000000 -0.620724 -8.734826
v -0.000000 -0.799927 -8.719396
v -0.000000 -0.973267 -8.699723
v -0.000000 -1.142768 -8.674747
v -0.000000 -1.311889 -8.653494
v -0.000000 -1.484206 -8.628335
v -0.000000 -1.661775 -8.597548
v -0.000000 -1.838555 -8.561721
v -0.000000 -2.009924 -8.517495
v -0.000000 -2.180645 -8.474940
v -0.000000 -2.349059 -8.428964
v -0.000000 -2.517598 -8.382822
v -0.000000 -2.689101 -8.333124
v -0.000000 -2.860486 -8.276486
v -0.000000 -3.027809 -8.215104
v -0.000000 -3.192064 -8.151538
v -0.000000 -3.349010 -8.085094
v -0.000000 -3.507424 -8.020445
v -0.000000 -3.667279 -7.952116
v -0.000000 -3.829536 -7.874299
v -0.000000 -3.988043 -7.792447
v -0.000000 -4.144874 -7.707794
v -0.000000 -4.297458 -7.620963
v 0.000000 -4.449214 -7.532617
v 0.000000 -4.601220 -7.445384
v 0.000000 -4.753859 -7.354364
v 0.000000 -4.904624 -7.254618
v 0.000000 -5.052519 -7.151552
v 0.000000 -5.192756 -7.047575
v 0.000000 -5.328773 -6.944061
v 0.000000 -5.463540 -6.839361
v 0.000000 -5.600221 -6.730275
v 0.000000 -5.737013 -6.615928
v 0.000000 -5.868733 -6.495264
v 0.000000 -5.998859 -6.372185
v 0.000000 -6.125132 -6.248898
v 0.000000 -6.248584 -6.123893
v 0.000000 -6.371911 -5.997226
v 0.000000 -6.495811 -5.869990
v 0.000000 -6.615054 -5.737451
v 0.000000 -6.730593 -5.600130
v 0.000000 -6.840157 -5.463638
v 0.000000 -6.943697 -5.327602
v 0.000000 -7.047032 -5.191736
v 0.000000 -7.151850 -5.051528
v 0.000000 -7.254549 -4.905777
v 0.000000 -7.348618 -4.753951
v 0.000000 -7.442446 -4.601212
v 0.000000 -7.534871 -4.450527
v 0.000000 -7.620274 -4.299102
v 0.000000 -7.706769 -4.146235
v 0.000000 -7.792898 -3.993078
v 0.000000 -7.875151 -3.831067
v 0.000000 -7.950038 -3.668576
v 0.000000 -8.021079 -3.507155
v 0.000000 -8.086802 -3.349672
v 0.000000 -8.151590 -3.191712
v 0.000000 -8.215479 -3.029462
v 0.000000 -8.277039 -2.859727
v 0.000001 -8.333926 -2.688548
v 0.000001 -8.381290 -2.517612
v 0.000001 -8.429819 -2.348772
v 0.000001 -8.474320 -2.180573
v 0.000001 -8.518060 -2.011246
v 0.000001 -8.559795 -1.839044
v 0.000001 -8.597635 -1.662053
v 0.000001 -8.629959 -1.484436
v 0.000001 -8.655391 -1.311771
v 0.000001 -8.677474 -1.142475
v 0.000001 -8.699531 -0.973332
v 0.000001 -8.719055 -0.799998
v 0.000001 -8.734901 -0.620062
v 0.000001 -8.744231 -0.439415
v 0.000001 -8.749508 -0.261150
v 0.000001 -8.750057 -0.085565
v 0.000001 -8.750879 0.087551
v 0.000001 -8.749052 0.262609
v 0.000001 -8.744581 0.441558
v 0.000001 -8.734921 0.621532
v 0.000001 -8.719316 0.799274
v 0.000001 -8.700890 0.973197
v 0.000001 -8.677485 1.142955
v 0.000001 -8.654938 1.312013
v 0.000001 -8.628790 1.484954
v 0.000001 -8.598002 1.660747
v 0.000001 -8.557802 1.834740
v 0.000001 -8.516194 2.008801
v 0.000001 -8.476371 2.180875
v 0.000001 -8.430585 2.348516
v 0.000001 -8.384565 2.516541
v 0.000001 -8.328506 2.690058
v 0.000001 -8.276222 2.860070
v 0.000001 -8.215367 3.029471
v 0.000001 -8.151764 3.191986
v 0.000001 -8.086044 3.349817
v 0.000001 -8.020345 3.507373
v 0.000001 -7.951062 3.667084
v 0.000001 -7.874947 3.830343
v 0.000001 -7.793664 3.990135
v 0.000001 -7.706336 4.145627
v 0.000001 -7.620058 4.299434
v 0.000001 -7.533292 4.451708
v 0.000001 -7.443336 4.603705
v 0.000001 -7.353224 4.756941
v 0.000001 -7.254915 4.905519
v 0.000001 -7.151773 5.052122
v 0.000001 -7.048023 5.192935
v 0.000001 -6.943424 5.327859
v 0.000001 -6.840092 5.463690
v 0.000001 -6.731504 5.600135
v 0.000001 -6.615352 5.738651
v 0.000001 -6.494117 5.872125
v 0.000001 -6.371345 5.998908
v 0.000001 -6.248677 6.126516
v 0.000001 -6.123684 6.248510
v 0.000001 -5.999341 6.371730
v 0.000001 -5.873012 6.495556
v 0.000001 -5.738227 6.615244
v 0.000001 -5.600228 6.730837
v 0.000001 -5.463624 6.840157
v 0.000001 -5.327386 6.943719
v 0.000001 -5.192370 7.047782
v 0.000001 -5.053194 7.152088
v 0.000001 -4.904697 7.255189
v 0.000001 -4.753797 7.354391
v 0.000001 -4.600992 7.444091
v 0.000001 -4.450296 7.533937
v 0.000001 -4.299276 7.621155
v 0.000001 -4.147363 7.707242
v 0.000001 -3.991829 7.792134
v 0.000001 -3.830659 7.874491
v 0.000001 -3.667415 7.951642
v 0.000001 -3.507248 8.020924
v 0.000001 -3.349523 8.086325
v 0.000001 -3.191817 8.151408
v 0.000001 -3.029447 8.215104
v 0.000001 -2.860376 8.275991
v 0.000001 -2.690342 8.330548
v 0.000001 -2.519279 8.380834
v 0.000001 -2.350015 8.428177
v 0.000001 -2.181394 8.474771
v 0.000001 -2.012695 8.519588
v 0.000001 -1.834421 8.557955
v 0.000001 -1.660942 8.597837
v 0.000000 -1.484006 8.629620
v 0.000000 -1.311550 8.655264
v 0.000000 -1.142313 8.676562
v 0.000000 -0.972967 8.699924
v 0.000000 -0.799751 8.719520
v 0.000000 -0.620235 8.734994
v 0.000000 -0.440943 8.744361
v 0.000000 -0.262491 8.747711
v 0.000000 -0.087123 8.749459
v 0.000000 0.087496 8.749766
v 0.000000 0.262660 8.748570
v 0.000000 0.441140 8.745582
v 0.000000 0.620549 8.734272
v 0.000000 0.799875 8.719645
v 0.000000 0.973226 8.699630
v 0.000000 1.142760 8.677368
v 0.000000 1.311612 8.655158
v 0.000000 1.484156 8.629437
v 0.000000 1.661417 8.598145
v 0.000000 1.835480 8.559732
v 0.000000 2.008703 8.518165
v 0.000000 2.179460 8.473462
v 0.000000 2.349652 8.429151
v 0.000000 2.518177 8.382493
v 0.000000 2.690612 8.331774
v 0.000000 2.859738 8.275705
v 0.000000 3.028742 8.214661
v 0.000000 3.191646 8.152558
v 0.000000 3.349111 8.085033
v 0.000000 3.506626 8.019072
v 0.000000 3.667001 7.951611
v 0.000000 3.830785 7.874608
v 0.000000 3.991352 7.791965
v 0.000000 4.147977 7.707420
v 0.000000 4.300268 7.621042
v -0.000000 4.450540 7.531660
v -0.000000 4.601649 7.443389
v -0.000000 4.753676 7.352272
v -0.000000 4.904848 7.254055
v -0.000000 5.051218 7.151445
v -0.000000 5.192825 7.047814
v -0.000000 5.328720 6.944208
v -0.000000 5.463675 6.839477
v -0.000000 5.600062 6.730947
v -0.000000 5.738069 6.615369
v -0.000000 5.869527 6.495023
v -0.000000 5.998615 6.372475
v -0.000000 6.124521 6.248063
v -0.000000 6.249056 6.123395
v -0.000000 6.371637 5.997435
v -0.000000 6.495802 5.869989
v -0.000000 6.615172 5.737385
v -0.000000 6.731228 5.599878
v -0.000000 6.840099 5.463426
v -0.000000 6.944370 5.328188
v -0.000000 7.047342 5.191993
v -0.000000 7.151124 5.052149
v -0.000000 7.254805 4.904485
v -0.000000 7.354109 4.753913
v -0.000000 7.444616 4.600965
v -0.000000 7.534523 4.449806
v -0.000000 7.621033 4.297213
v -0.000000 7.707391 4.143859
v -0.000000 7.793863 3.988818
v -0.000000 7.874984 3.829675
v -0.000000 7.951204 3.666833
v -0.000000 8.020909 3.507063
v -0.000000 8.085694 3.349055
v -0.000000 8.151523 3.191587
v -0.000000 8.215492 3.029341
v -0.000000 8.277158 2.859385
v -0.000001 8.332072 2.687708
v -0.000001 8.381473 2.518096
v -0.000001 8.427341 2.347979
v -0.000001 8.472963 2.177829
v -0.000001 8.517571 2.007491
v -0.000001 8.560872 1.835183
v -0.000001 8.597250 1.660940
v -0.000001 8.628245 1.484534
v -0.000001 8.655026 1.311508
v -0.000001 8.677005 1.142163
v -0.000001 8.699409 0.972968
v -0.000001 8.719126 0.799785
v -0.000001 8.734885 0.620199
v -0.000001 8.744545 0.441008
v -0.000001 8.748354 0.262445
v -0.000001 8.748423 0.086986
v -0.000001 8.748863 -0.088705
v -0.000001 8.746756 -0.265243
v -0.000001 8.744090 -0.442519
v -0.000001 8.734723 -0.620948
v -0.000001 8.719385 -0.800107
v -0.000001 8.699886 -0.973439
v -0.000001 8.677485 -1.142426
v -0.000001 8.655504 -1.311929
v -0.000001 8.629750 -1.484238
v -0.000001 8.597993 -1.661197
v -0.000001 8.559110 -1.835324
v -0.000001 8.517673 -2.008485
v -0.000001 8.474269 -2.179228
v -0.000001 8.429468 -2.348147
v -0.000001 8.382800 -2.517466
v -0.000001 8.334157 -2.688429
v -0.000001 8.276927 -2.860062
v -0.000001 8.215759 -3.030105
v -0.000001 8.151518 -3.191859
v -0.000001 8.086471 -3.349874
v -0.000001 8.020771 -3.507263
v -0.000001 7.952428 -3.667406
v -0.000001 7.874537 -3.830737
v -0.000001 7.792413 -3.991994
v -0.000001 7.707539 -4.148781
v -0.000001 7.619549 -4.301353
v -0.000001 7.532950 -4.452195
v -0.000001 7.442484 -4.602851
v -0.000001 7.351114 -4.755792
v -0.000001 7.253563 -4.904812
v -0.000001 7.150888 -5.052052
v -0.000001 7.048522 -5.193131
v -0.000001 6.943618 -5.328339
v -0.000001 6.838566 -5.463207
v -0.000001 6.730959 -5.599959
v -0.000001 6.614776 -5.738382
v -0.000001 6.493644 -5.871672
v -0.000001 6.371232 -5.999116
v -0.000001 6.248529 -6.126337
v -0.000001 6.122790 -6.249437
v -0.000001 5.997953 -6.373258
v -0.000001 5.871643 -6.498209
v -0.000001 5.738117 -6.615630
v -0.000001 5.600410 -6.730720
v -0.000001 5.463818 -6.840210
v -0.000001 5.327671 -6.943713
v -0.000001 5.192132 -7.047530
v -0.000001 5.052289 -7.151365
v -0.000001 4.905042 -7.254685
v -0.000001 4.754775 -7.350519
v -0.000001 4.602855 -7.443516
v -0.000001 4.451040 -7.531902
v -0.000001 4.300013 -7.621702
v -0.000001 4.145504 -7.706955
v -0.000001 3.991630 -7.793903
v -0.000001 3.830219 -7.874012
v -0.000001 3.666837 -7.950233
v -0.000001 3.507138 -8.020767
v -0.000001 3.349204 -8.085492
v -0.000001 3.190839 -8.150477
v -0.000001 3.029185 -8.215125
v -0.000001 2.859386 -8.277124
v -0.000001 2.687799 -8.332049
v -0.000001 2.518193 -8.381648
v -0.000001 2.347703 -8.427325
v -0.000001 2.177590 -8.472253
v -0.000001 2.007645 -8.516981
v -0.000001 1.835667 -8.560525
v -0.000001 1.661144 -8.597601
v -0.000000 1.484051 -8.629316
v -0.000000 1.311515 -8.655334
v -0.000000 1.142851 -8.677494
v -0.000000 0.973146 -8.700112
v -0.000000 0.798991 -8.719571
v -0.000000 0.345229 -8.568164
v -0.000000 0.172180 -8.570238
v -0.000000 -0.000156 -8.570686
v -0.000000 -0.172797 -8.570422
v -0.000000 0.519587 -8.563704
v -0.000000 -0.345964 -8.568701
v -0.000000 0.694786 -8.550469
v -0.000000 -0.521518 -8.562176
v -0.000000 -0.695087 -8.549961
v -0.000000 -0.866413 -8.531563
v -0.000000 -1.035519 -8.511096
v -0.000000 -1.203853 -8.483948
v -0.000000 -1.372139 -8.462047
v -0.000000 -1.541457 -8.437280
v -0.000000 -1.712375 -8.405392
v -0.000000 -1.883979 -8.367256
v -0.000000 -2.051649 -8.323464
v -0.000000 -2.218679 -8.280254
v -0.000000 -2.384948 -8.234075
v -0.000000 -2.552706 -8.186199
v -0.000000 -2.720319 -8.135648
v -0.000000 -2.885273 -8.078165
v -0.000000 -3.045840 -8.016897
v -0.000000 -3.203695 -7.953403
v -0.000000 -3.359477 -7.886740
v -0.000000 -3.515968 -7.822247
v -0.000000 -3.672483 -7.747346
v -0.000000 -3.830338 -7.676554
v -0.000000 -3.986705 -7.594070
v -0.000000 -4.137455 -7.509160
v -0.000000 -4.286312 -7.423480
v 0.000000 -4.434670 -7.335200
v 0.000000 -4.584035 -7.244861
v 0.000000 -4.733418 -7.154341
v 0.000000 -4.876635 -7.056154
v 0.000000 -5.016209 -6.954957
v 0.000000 -5.152266 -6.852962
v 0.000000 -5.286270 -6.749825
v 0.000000 -5.419217 -6.644553
v 0.000000 -5.554237 -6.537680
v 0.000000 -5.685963 -6.423110
v 0.000000 -5.814049 -6.303627
v 0.000000 -5.937523 -6.182247
v 0.000000 -6.060062 -6.060339
v 0.000000 -6.182255 -5.938324
v 0.000000 -6.304285 -5.813901
v 0.000000 -6.423905 -5.685369
v 0.000000 -6.537807 -5.553303
v 0.000000 -6.646275 -5.419969
v 0.000000 -6.751324 -5.286247
v 0.000000 -6.853170 -5.151172
v 0.000000 -6.956357 -5.016854
v 0.000000 -7.057667 -4.876700
v 0.000000 -7.156594 -4.731826
v 0.000000 -7.247684 -4.582875
v 0.000000 -7.336703 -4.434496
v 0.000000 -7.422968 -4.285978
v 0.000000 -7.508893 -4.136791
v 0.000000 -7.593952 -3.985309
v 0.000000 -7.676404 -3.830263
v 0.000000 -7.752742 -3.672949
v 0.000000 -7.822793 -3.515764
v 0.000000 -7.888807 -3.358895
v 0.000000 -7.953155 -3.202888
v 0.000000 -8.017443 -3.045484
v 0.000000 -8.078987 -2.884248
v 0.000000 -8.136315 -2.719017
v 0.000001 -8.188009 -2.551941
v 0.000001 -8.233287 -2.384691
v 0.000001 -8.278572 -2.218102
v 0.000001 -8.321627 -2.050305
v 0.000001 -8.363855 -1.881978
v 0.000001 -8.406754 -1.713144
v 0.000001 -8.434902 -1.542954
v 0.000001 -8.466116 -1.371102
v 0.000001 -8.489330 -1.202850
v 0.000001 -8.510910 -1.035766
v 0.000001 -8.531239 -0.866831
v 0.000001 -8.548748 -0.695463
v 0.000001 -8.562699 -0.521271
v 0.000001 -8.570169 -0.345437
v 0.000001 -8.570578 -0.171513
v 0.000001 -8.572152 0.000500
v 0.000001 -8.571444 0.173825
v 0.000001 -8.568657 0.347770
v 0.000001 -8.562237 0.522641
v 0.000001 -8.549634 0.696222
v 0.000001 -8.531967 0.867240
v 0.000001 -8.511562 1.036046
v 0.000001 -8.489176 1.203527
v 0.000001 -8.464323 1.370861
v 0.000001 -8.439104 1.541710
v 0.000001 -8.406374 1.714614
v 0.000001 -8.365463 1.884368
v 0.000001 -8.322977 2.052273
v 0.000001 -8.280164 2.218734
v 0.000001 -8.235112 2.384667
v 0.000001 -8.188189 2.551343
v 0.000001 -8.136995 2.719522
v 0.000001 -8.078891 2.885003
v 0.000001 -8.017102 3.045849
v 0.000001 -7.953656 3.203509
v 0.000001 -7.888859 3.359418
v 0.000001 -7.820548 3.515563
v 0.000001 -7.752702 3.673403
v 0.000001 -7.675855 3.830389
v 0.000001 -7.593896 3.984812
v 0.000001 -7.508049 4.135341
v 0.000001 -7.423884 4.285983
v 0.000001 -7.337691 4.435070
v 0.000001 -7.249351 4.585001
v 0.000001 -7.155881 4.733847
v 0.000001 -7.057490 4.877816
v 0.000001 -6.956272 5.016778
v 0.000001 -6.853496 5.152309
v 0.000001 -6.750653 5.286036
v 0.000001 -6.646373 5.420520
v 0.000001 -6.537914 5.554437
v 0.000001 -6.423850 5.687643
v 0.000001 -6.304043 5.815949
v 0.000001 -6.181542 5.937772
v 0.000001 -6.060107 6.060100
v 0.000001 -5.938306 6.182699
v 0.000001 -5.815494 6.304713
v 0.000001 -5.686342 6.423625
v 0.000001 -5.554097 6.537776
v 0.000001 -5.420026 6.646231
v 0.000001 -5.286251 6.751320
v 0.000001 -5.151039 6.853223
v 0.000001 -5.016795 6.956320
v 0.000001 -4.876996 7.057626
v 0.000001 -4.732559 7.156223
v 0.000001 -4.584008 7.248611
v 0.000001 -4.434289 7.335360
v 0.000001 -4.284904 7.422612
v 0.000001 -4.134354 7.507257
v 0.000001 -3.982625 7.591733
v 0.000001 -3.830607 7.676907
v 0.000001 -3.673599 7.748037
v 0.000001 -3.515470 7.822486
v 0.000001 -3.359120 7.888843
v 0.000001 -3.203308 7.953230
v 0.000001 -3.045465 8.016937
v 0.000001 -2.884618 8.077463
v 0.000001 -2.720108 8.134695
v 0.000001 -2.551826 8.187325
v 0.000001 -2.384869 8.234287
v 0.000001 -2.218643 8.278582
v 0.000001 -2.052408 8.323975
v 0.000001 -1.884226 8.367277
v 0.000000 -1.713300 8.406650
v 0.000000 -1.540977 8.439054
v 0.000000 -1.370840 8.466103
v 0.000000 -1.202697 8.488007
v 0.000000 -1.034975 8.511659
v 0.000000 -0.865784 8.531879
v 0.000000 -0.694854 8.550106
v 0.000000 -0.520669 8.562947
v 0.000000 -0.347249 8.566283
v 0.000000 -0.173627 8.568523
v 0.000000 0.000274 8.569843
v 0.000000 0.173746 8.570021
v 0.000000 0.347970 8.566941
v 0.000000 0.522490 8.562495
v 0.000000 0.693533 8.545390
v 0.000000 0.867024 8.531300
v 0.000000 1.035615 8.511011
v 0.000000 1.202808 8.488907
v 0.000000 1.371299 8.465890
v 0.000000 1.541771 8.438502
v 0.000000 1.714852 8.407766
v 0.000000 1.884038 8.366506
v 0.000000 2.051398 8.322948
v 0.000000 2.218905 8.279535
v 0.000000 2.385933 8.234146
v 0.000000 2.552733 8.185457
v 0.000000 2.720037 8.135048
v 0.000000 2.882645 8.075828
v 0.000000 3.045199 8.016279
v 0.000000 3.203219 7.952991
v 0.000000 3.358752 7.886405
v 0.000000 3.515545 7.822455
v 0.000000 3.673706 7.749240
v 0.000000 3.831014 7.676602
v 0.000000 3.984152 7.592571
v 0.000000 4.135706 7.507579
v 0.000000 4.285362 7.421637
v -0.000000 4.435429 7.335728
v -0.000000 4.584144 7.248354
v -0.000000 4.732504 7.154946
v -0.000000 4.877054 7.056185
v -0.000000 5.016315 6.955377
v -0.000000 5.152660 6.853331
v -0.000000 5.286701 6.750159
v -0.000000 5.420275 6.644102
v -0.000000 5.555090 6.537055
v -0.000000 5.689117 6.423503
v -0.000000 5.815145 6.303396
v -0.000000 5.938859 6.182684
v -0.000000 6.061197 6.060550
v -0.000000 6.182213 5.938333
v -0.000000 6.304114 5.813534
v -0.000000 6.423820 5.685257
v -0.000000 6.537858 5.553489
v -0.000000 6.646228 5.420091
v -0.000000 6.751009 5.286033
v -0.000000 6.852596 5.151028
v -0.000000 6.954675 5.014484
v -0.000000 7.056976 4.877128
v -0.000000 7.155299 4.732247
v -0.000000 7.248520 4.584214
v -0.000000 7.336206 4.434191
v -0.000000 7.422726 4.285063
v -0.000000 7.509295 4.136147
v -0.000000 7.594262 3.984194
v -0.000000 7.676097 3.829123
v -0.000000 7.752065 3.672416
v -0.000000 7.821940 3.515000
v -0.000000 7.888813 3.358662
v -0.000000 7.953166 3.202636
v -0.000000 8.017127 3.044727
v -0.000000 8.079597 2.884136
v -0.000000 8.135829 2.718278
v -0.000001 8.188447 2.551214
v -0.000001 8.234808 2.383489
v -0.000001 8.278780 2.217476
v -0.000001 8.323728 2.051667
v -0.000001 8.367658 1.882381
v -0.000001 8.405424 1.711792
v -0.000001 8.435568 1.541312
v -0.000001 8.465119 1.370510
v -0.000001 8.489045 1.202366
v -0.000001 8.510859 1.034967
v -0.000001 8.531031 0.866379
v -0.000001 8.549656 0.694788
v -0.000001 8.563097 0.520252
v -0.000001 8.566730 0.347104
v -0.000001 8.570470 0.172745
v -0.000001 8.571556 -0.000391
v -0.000001 8.570555 -0.173662
v -0.000001 8.568481 -0.346907
v -0.000001 8.562040 -0.522094
v -0.000001 8.549618 -0.695739
v -0.000001 8.531682 -0.867025
v -0.000001 8.511630 -1.035955
v -0.000001 8.489601 -1.203218
v -0.000001 8.466237 -1.371499
v -0.000001 8.439283 -1.541397
v -0.000001 8.406354 -1.712987
v -0.000001 8.367156 -1.885375
v -0.000001 8.323532 -2.052864
v -0.000001 8.280289 -2.219064
v -0.000001 8.234302 -2.385245
v -0.000001 8.185235 -2.553017
v -0.000001 8.135768 -2.720448
v -0.000001 8.078291 -2.884562
v -0.000001 8.016726 -3.045600
v -0.000001 7.952917 -3.203023
v -0.000001 7.887354 -3.358695
v -0.000001 7.823619 -3.516516
v -0.000001 7.748136 -3.672964
v -0.000001 7.676739 -3.831319
v -0.000001 7.594284 -3.986075
v -0.000001 7.507486 -4.136849
v -0.000001 7.422691 -4.286358
v -0.000001 7.336436 -4.434807
v -0.000001 7.247711 -4.585177
v -0.000001 7.153854 -4.732924
v -0.000001 7.054665 -4.874940
v -0.000001 6.954958 -5.016792
v -0.000001 6.853165 -5.152841
v -0.000001 6.750362 -5.286739
v -0.000001 6.645401 -5.420086
v -0.000001 6.537094 -5.554400
v -0.000001 6.422032 -5.686499
v -0.000001 6.303734 -5.815821
v -0.000001 6.181165 -5.938337
v -0.000001 6.060272 -6.060796
v -0.000001 5.938124 -6.182983
v -0.000001 5.815520 -6.304939
v -0.000001 5.687411 -6.424466
v -0.000001 5.554212 -6.538066
v -0.000001 5.420527 -6.646364
v -0.000001 5.286490 -6.751144
v -0.000001 5.151506 -6.852973
v -0.000001 5.014984 -6.955389
v -0.000001 4.877317 -7.057364
v -0.000001 4.732616 -7.157765
v -0.000001 4.583786 -7.248325
v -0.000001 4.434615 -7.335167
v -0.000001 4.285494 -7.422737
v -0.000001 4.135440 -7.508750
v -0.000001 3.985687 -7.594616
v -0.000001 3.830230 -7.675552
v -0.000001 3.672352 -7.748022
v -0.000001 3.515326 -7.821483
v -0.000001 3.358965 -7.888610
v -0.000001 3.203038 -7.953776
v -0.000001 3.044109 -8.015779
v -0.000001 2.884211 -8.079471
v -0.000001 2.718369 -8.135833
v -0.000001 2.551294 -8.188538
v -0.000001 2.383821 -8.234671
v -0.000001 2.217610 -8.278748
v -0.000001 2.051608 -8.323900
v -0.000001 1.882615 -8.366344
v -0.000000 1.711663 -8.405856
v -0.000000 1.540515 -8.438696
v -0.000000 1.370885 -8.465684
v -0.000000 1.202633 -8.489114
v -0.000000 1.035566 -8.511580
v -0.000000 0.866911 -8.532665
v -0.000000 0.254885 -8.392858
v -0.000000 0.424806 -8.386260
v -0.000000 0.084571 -8.392078
v -0.000000 -0.085164 -8.392485
v -0.000000 -0.255196 -8.391008
v -0.000000 0.594621 -8.381054
v -0.000000 -0.425492 -8.387702
v -0.000000 0.763775 -8.364078
v -0.000000 -0.594333 -8.378983
v -0.000000 -0.761755 -8.361565
v -0.000000 -0.929068 -8.341316
v -0.000000 -1.096146 -8.321370
v -0.000000 -1.261060 -8.294007
v -0.000000 -1.427891 -8.275454
v -0.000000 -1.593688 -8.243608
v -0.000000 -1.760575 -8.212152
v -0.000000 -1.926138 -8.172982
v -0.000000 -2.090761 -8.130089
v -0.000000 -2.254825 -8.085199
v -0.000000 -2.419054 -8.039426
v -0.000000 -2.582548 -7.990759
v -0.000000 -2.744279 -7.939362
v -0.000000 -2.902385 -7.878851
v -0.000000 -3.058297 -7.817681
v -0.000000 -3.213302 -7.754492
v -0.000000 -3.367386 -7.690682
v -0.000000 -3.520208 -7.622066
v -0.000000 -3.676465 -7.555141
v -0.000000 -3.827842 -7.477437
v -0.000000 -3.976489 -7.396187
v -0.000000 -4.123862 -7.311995
v 0.000000 -4.270332 -7.226405
v 0.000000 -4.416173 -7.139485
v 0.000000 -4.562839 -7.052236
v 0.000000 -4.704535 -6.958698
v 0.000000 -4.840663 -6.859679
v 0.000000 -4.975327 -6.759033
v 0.000000 -5.109711 -6.658871
v 0.000000 -5.241032 -6.554513
v 0.000000 -5.374808 -6.453136
v 0.000000 -5.506060 -6.346257
v 0.000000 -5.629372 -6.229578
v 0.000000 -5.754301 -6.114582
v 0.000000 -5.875501 -5.995336
v 0.000000 -5.993938 -5.873109
v 0.000000 -6.114633 -5.753255
v 0.000000 -6.232118 -5.629693
v 0.000000 -6.345926 -5.503491
v 0.000000 -6.453339 -5.372671
v 0.000000 -6.557458 -5.241354
v 0.000000 -6.660413 -5.109756
v 0.000000 -6.761165 -4.976979
v 0.000000 -6.862014 -4.842604
v 0.000000 -6.960976 -4.704944
v 0.000000 -7.050438 -4.560351
v 0.000000 -7.141132 -4.416969
v 0.000000 -7.227010 -4.270501
v 0.000000 -7.311298 -4.123082
v 0.000000 -7.395014 -3.975188
v 0.000000 -7.476515 -3.825770
v 0.000000 -7.554662 -3.675145
v 0.000000 -7.625069 -3.521309
v 0.000000 -7.689742 -3.366627
v 0.000000 -7.753497 -3.211723
v 0.000000 -7.819016 -3.057218
v 0.000000 -7.881777 -2.901927
v 0.000000 -7.938619 -2.741902
v 0.000000 -7.992397 -2.581391
v 0.000001 -8.041069 -2.418465
v 0.000001 -8.083757 -2.254296
v 0.000001 -8.129077 -2.090582
v 0.000001 -8.170827 -1.926104
v 0.000001 -8.212980 -1.760553
v 0.000001 -8.248680 -1.594265
v 0.000001 -8.275271 -1.426836
v 0.000001 -8.301134 -1.261670
v 0.000001 -8.320158 -1.095642
v 0.000001 -8.341779 -0.930760
v 0.000001 -8.360524 -0.762923
v 0.000001 -8.376225 -0.594402
v 0.000001 -8.388604 -0.425004
v 0.000001 -8.393072 -0.254936
v 0.000001 -8.391316 -0.084410
v 0.000001 -8.392906 0.085462
v 0.000001 -8.391764 0.255952
v 0.000001 -8.388078 0.426126
v 0.000001 -8.378510 0.595858
v 0.000001 -8.362524 0.763372
v 0.000001 -8.343062 0.930223
v 0.000001 -8.321653 1.096496
v 0.000001 -8.298563 1.260635
v 0.000001 -8.276627 1.427808
v 0.000001 -8.249029 1.595339
v 0.000001 -8.210097 1.760765
v 0.000001 -8.172840 1.926461
v 0.000001 -8.128358 2.090772
v 0.000001 -8.085052 2.254876
v 0.000001 -8.039791 2.418802
v 0.000001 -7.991711 2.582299
v 0.000001 -7.939402 2.744081
v 0.000001 -7.880312 2.902622
v 0.000001 -7.817696 3.057864
v 0.000001 -7.755252 3.212245
v 0.000001 -7.690306 3.365686
v 0.000001 -7.625475 3.521369
v 0.000001 -7.553725 3.674982
v 0.000001 -7.476079 3.826406
v 0.000001 -7.395475 3.975771
v 0.000001 -7.310191 4.122748
v 0.000001 -7.225444 4.269268
v 0.000001 -7.141391 4.417246
v 0.000001 -7.053512 4.562915
v 0.000001 -6.961103 4.705387
v 0.000001 -6.862270 4.842767
v 0.000001 -6.760700 4.976272
v 0.000001 -6.658134 5.107774
v 0.000001 -6.557149 5.242091
v 0.000001 -6.454033 5.374200
v 0.000001 -6.346050 5.505537
v 0.000001 -6.232135 5.631735
v 0.000001 -6.114783 5.754780
v 0.000001 -5.993445 5.873954
v 0.000001 -5.874841 5.995358
v 0.000001 -5.754478 6.115766
v 0.000001 -5.631092 6.232695
v 0.000001 -5.504291 6.346130
v 0.000001 -5.372800 6.453286
v 0.000001 -5.241374 6.557445
v 0.000001 -5.109763 6.660407
v 0.000001 -4.976960 6.761147
v 0.000001 -4.842556 6.862008
v 0.000001 -4.704916 6.961336
v 0.000001 -4.560815 7.051599
v 0.000001 -4.417028 7.141486
v 0.000001 -4.269315 7.225667
v 0.000001 -4.123055 7.310841
v 0.000001 -3.975473 7.393806
v 0.000001 -3.826251 7.477462
v 0.000001 -3.674914 7.554979
v 0.000001 -3.520363 7.623834
v 0.000001 -3.366652 7.690106
v 0.000001 -3.212412 7.753815
v 0.000001 -3.058356 7.818906
v 0.000001 -2.901331 7.879321
v 0.000001 -2.742605 7.936086
v 0.000001 -2.581457 7.991692
v 0.000001 -2.418557 8.040095
v 0.000001 -2.253649 8.083344
v 0.000001 -2.089885 8.129286
v 0.000001 -1.925047 8.172138
v 0.000000 -1.759430 8.212296
v 0.000000 -1.593269 8.247823
v 0.000000 -1.426438 8.275853
v 0.000000 -1.260607 8.299452
v 0.000000 -1.095828 8.322884
v 0.000000 -0.929714 8.343082
v 0.000000 -0.762106 8.364142
v 0.000000 -0.593354 8.379091
v 0.000000 -0.423614 8.388464
v 0.000000 -0.254339 8.392606
v 0.000000 -0.084705 8.392088
v 0.000000 0.085010 8.393703
v 0.000000 0.255187 8.392761
v 0.000000 0.425554 8.388558
v 0.000000 0.595446 8.379020
v 0.000000 0.763788 8.360241
v 0.000000 0.930260 8.341958
v 0.000000 1.095496 8.320558
v 0.000000 1.262059 8.299933
v 0.000000 1.427691 8.276340
v 0.000000 1.594793 8.245642
v 0.000000 1.760692 8.211755
v 0.000000 1.926022 8.172335
v 0.000000 2.090144 8.126747
v 0.000000 2.254701 8.084449
v 0.000000 2.418919 8.038813
v 0.000000 2.582671 7.991695
v 0.000000 2.744147 7.940174
v 0.000000 2.900720 7.878397
v 0.000000 3.057503 7.816349
v 0.000000 3.212495 7.754040
v 0.000000 3.365978 7.690413
v 0.000000 3.521513 7.624131
v 0.000000 3.675399 7.554295
v 0.000000 3.827127 7.476921
v 0.000000 3.976009 7.395678
v 0.000000 4.123008 7.310343
v -0.000000 4.270573 7.226510
v -0.000000 4.417387 7.141190
v -0.000000 4.562422 7.052200
v -0.000000 4.704762 6.958671
v -0.000000 4.840281 6.858361
v -0.000000 4.977148 6.760240
v -0.000000 5.110174 6.658442
v -0.000000 5.242493 6.554946
v -0.000000 5.375597 6.453116
v -0.000000 5.505909 6.345030
v -0.000000 5.631571 6.231218
v -0.000000 5.754212 6.114148
v -0.000000 5.874890 5.994621
v -0.000000 5.993750 5.873023
v -0.000000 6.114240 5.752455
v -0.000000 6.231912 5.629163
v -0.000000 6.345835 5.503531
v -0.000000 6.453614 5.373500
v -0.000000 6.556753 5.241406
v -0.000000 6.659386 5.109432
v -0.000000 6.761277 4.977427
v -0.000000 6.860392 4.842886
v -0.000000 6.958462 4.703137
v -0.000000 7.051964 4.562023
v -0.000000 7.141160 4.417264
v -0.000000 7.226004 4.269515
v -0.000000 7.311408 4.122602
v -0.000000 7.395465 3.974551
v -0.000000 7.477019 3.825044
v -0.000000 7.554052 3.673806
v -0.000000 7.622293 3.519105
v -0.000000 7.689269 3.365250
v -0.000000 7.754287 3.211379
v -0.000000 7.818151 3.056942
v -0.000000 7.882850 2.900264
v -0.000000 7.942117 2.740977
v -0.000000 7.993171 2.580800
v -0.000001 8.040920 2.418009
v -0.000001 8.085393 2.253958
v -0.000001 8.127838 2.089316
v -0.000001 8.172405 1.924657
v -0.000001 8.212802 1.759252
v -0.000001 8.247821 1.593357
v -0.000001 8.273952 1.426248
v -0.000001 8.298417 1.260000
v -0.000001 8.322123 1.095473
v -0.000001 8.341484 0.929068
v -0.000001 8.360372 0.763760
v -0.000001 8.380917 0.592019
v -0.000001 8.388493 0.424188
v -0.000001 8.392824 0.254631
v -0.000001 8.394151 0.084715
v -0.000001 8.393682 -0.085481
v -0.000001 8.391533 -0.255850
v -0.000001 8.387546 -0.426111
v -0.000001 8.378921 -0.595508
v -0.000001 8.360256 -0.763906
v -0.000001 8.342913 -0.930628
v -0.000001 8.322060 -1.096403
v -0.000001 8.299717 -1.262212
v -0.000001 8.276382 -1.427864
v -0.000001 8.249247 -1.595781
v -0.000001 8.213404 -1.762110
v -0.000001 8.173386 -1.926716
v -0.000001 8.128799 -2.090789
v -0.000001 8.085466 -2.254596
v -0.000001 8.040981 -2.418436
v -0.000001 7.993173 -2.581792
v -0.000001 7.939098 -2.743348
v -0.000001 7.880426 -2.901802
v -0.000001 7.816854 -3.057109
v -0.000001 7.753708 -3.211721
v -0.000001 7.690858 -3.366425
v -0.000001 7.623063 -3.520168
v -0.000001 7.555390 -3.676100
v -0.000001 7.475710 -3.826362
v -0.000001 7.396082 -3.976383
v -0.000001 7.309958 -4.122752
v -0.000001 7.224646 -4.269642
v -0.000001 7.139535 -4.417563
v -0.000001 7.051008 -4.563044
v -0.000001 6.958570 -4.705193
v -0.000001 6.859067 -4.842104
v -0.000001 6.759349 -4.977394
v -0.000001 6.659410 -5.110321
v -0.000001 6.555570 -5.241942
v -0.000001 6.452146 -5.372183
v -0.000001 6.344810 -5.507592
v -0.000001 6.231779 -5.631918
v -0.000001 6.114721 -5.754750
v -0.000001 5.993864 -5.874073
v -0.000001 5.875156 -5.995367
v -0.000001 5.754553 -6.115066
v -0.000001 5.631845 -6.232784
v -0.000001 5.506230 -6.346926
v -0.000001 5.373020 -6.453346
v -0.000001 5.242416 -6.557716
v -0.000001 5.109554 -6.658859
v -0.000001 4.977695 -6.762257
v -0.000001 4.843234 -6.861100
v -0.000001 4.704206 -6.959480
v -0.000001 4.561382 -7.051931
v -0.000001 4.416820 -7.140833
v -0.000001 4.269361 -7.224730
v -0.000001 4.123292 -7.311266
v -0.000001 3.975704 -7.395696
v -0.000001 3.826554 -7.477623
v -0.000001 3.674045 -7.553561
v -0.000001 3.520189 -7.621426
v -0.000001 3.365942 -7.688264
v -0.000001 3.212408 -7.755299
v -0.000001 3.058070 -7.818005
v -0.000001 2.901222 -7.880794
v -0.000001 2.740977 -7.942117
v -0.000001 2.580923 -7.993246
v -0.000001 2.418197 -8.041158
v -0.000001 2.253393 -8.084451
v -0.000001 2.089456 -8.128828
v -0.000001 1.924675 -8.171476
v -0.000000 1.759025 -8.211658
v -0.000000 1.593216 -8.247530
v -0.000000 1.426501 -8.275802
v -0.000000 1.261200 -8.298300
v -0.000000 1.095638 -8.321064
v -0.000000 0.930880 -8.343416
v -0.000000 0.334753 -8.212314
v -0.000000 0.167669 -8.214938
v -0.000000 0.499694 -8.208374
v -0.000000 0.000336 -8.212978
v -0.000000 -0.167459 -8.212823
v -0.000000 -0.334488 -8.210008
v -0.000000 0.665593 -8.196223
v -0.000000 -0.499451 -8.203016
v -0.000000 0.830785 -8.173068
v -0.000000 -0.663415 -8.195525
v -0.000000 -0.825799 -8.174976
v -0.000000 -0.989932 -8.152090
v -0.000000 -1.156026 -8.127718
v -0.000000 -1.318651 -8.112673
v -0.000000 -1.480166 -8.087606
v -0.000000 -1.640709 -8.053116
v -0.000000 -1.802453 -8.018238
v -0.000000 -1.964432 -7.977938
v -0.000000 -2.126500 -7.934837
v -0.000000 -2.288319 -7.890667
v -0.000000 -2.449099 -7.844891
v -0.000000 -2.608042 -7.794231
v -0.000000 -2.763620 -7.741187
v -0.000000 -2.917682 -7.680643
v -0.000000 -3.068307 -7.618503
v -0.000000 -3.220706 -7.555553
v -0.000000 -3.370996 -7.492734
v -0.000000 -3.523850 -7.429094
v -0.000000 -3.672400 -7.357042
v -0.000000 -3.817014 -7.279397
v -0.000000 -3.962548 -7.198325
v -0.000000 -4.106563 -7.113046
v 0.000000 -4.251322 -7.029064
v 0.000000 -4.395073 -6.943743
v 0.000000 -4.534127 -6.854932
v 0.000000 -4.672216 -6.765972
v 0.000000 -4.802651 -6.666838
v 0.000000 -4.933815 -6.565011
v 0.000000 -5.063527 -6.464264
v 0.000000 -5.193354 -6.364859
v 0.000000 -5.326542 -6.263931
v 0.000000 -5.451351 -6.155891
v 0.000000 -5.570654 -6.043323
v 0.000000 -5.690399 -5.927196
v 0.000000 -5.807425 -5.807776
v 0.000000 -5.926270 -5.689250
v 0.000000 -6.042591 -5.569068
v 0.000000 -6.155220 -5.446505
v 0.000000 -6.265137 -5.322168
v 0.000000 -6.365435 -5.195005
v 0.000000 -6.466235 -5.064962
v 0.000000 -6.567588 -4.934291
v 0.000000 -6.662890 -4.804955
v 0.000000 -6.766267 -4.671885
v 0.000000 -6.858861 -4.535224
v 0.000000 -6.945163 -4.395672
v 0.000000 -7.030516 -4.252643
v 0.000000 -7.112618 -4.107290
v 0.000000 -7.196486 -3.961897
v 0.000000 -7.277573 -3.815936
v 0.000000 -7.356155 -3.670178
v 0.000000 -7.427887 -3.522607
v 0.000000 -7.493372 -3.371250
v 0.000000 -7.556217 -3.219260
v 0.000000 -7.620326 -3.068175
v 0.000000 -7.684768 -2.915733
v 0.000000 -7.744150 -2.762836
v 0.000000 -7.794553 -2.605674
v 0.000000 -7.845010 -2.448390
v 0.000000 -7.891470 -2.288033
v 0.000001 -7.933050 -2.125860
v 0.000001 -7.976711 -1.964081
v 0.000001 -8.017843 -1.802610
v 0.000001 -8.055307 -1.642026
v 0.000001 -8.087782 -1.479774
v 0.000001 -8.111827 -1.317896
v 0.000001 -8.132431 -1.154097
v 0.000001 -8.152368 -0.990685
v 0.000001 -8.177226 -0.827392
v 0.000001 -8.195151 -0.663988
v 0.000001 -8.205312 -0.499673
v 0.000001 -8.211970 -0.334785
v 0.000001 -8.214634 -0.167570
v 0.000001 -8.212297 0.000030
v 0.000001 -8.213327 0.167782
v 0.000001 -8.212443 0.334875
v 0.000001 -8.204245 0.499644
v 0.000001 -8.195642 0.663573
v 0.000001 -8.175055 0.826559
v 0.000001 -8.153895 0.990333
v 0.000001 -8.134627 1.154669
v 0.000001 -8.109819 1.312728
v 0.000001 -8.087975 1.481052
v 0.000001 -8.056764 1.643252
v 0.000001 -8.019280 1.802908
v 0.000001 -7.978483 1.964488
v 0.000001 -7.933535 2.125693
v 0.000001 -7.889968 2.287695
v 0.000001 -7.844110 2.448473
v 0.000001 -7.794525 2.607412
v 0.000001 -7.741718 2.765002
v 0.000001 -7.683278 2.915328
v 0.000001 -7.620003 3.067063
v 0.000001 -7.555172 3.218349
v 0.000001 -7.495571 3.372201
v 0.000001 -7.430035 3.522784
v 0.000001 -7.357790 3.671077
v 0.000001 -7.278871 3.816311
v 0.000001 -7.197138 3.962096
v 0.000001 -7.113103 4.106795
v 0.000001 -7.030579 4.252409
v 0.000001 -6.946003 4.396127
v 0.000001 -6.859314 4.534964
v 0.000001 -6.764511 4.671177
v 0.000001 -6.666360 4.804007
v 0.000001 -6.566293 4.933883
v 0.000001 -6.466814 5.063009
v 0.000001 -6.367076 5.193328
v 0.000001 -6.263614 5.323448
v 0.000001 -6.155532 5.448626
v 0.000001 -6.042916 5.570211
v 0.000001 -5.926806 5.690170
v 0.000001 -5.806818 5.807266
v 0.000001 -5.688973 5.925890
v 0.000001 -5.569692 6.042988
v 0.000001 -5.447536 6.155662
v 0.000001 -5.322278 6.265147
v 0.000001 -5.195017 6.365430
v 0.000001 -5.064968 6.466234
v 0.000001 -4.934292 6.567580
v 0.000001 -4.804875 6.662865
v 0.000001 -4.671777 6.766341
v 0.000001 -4.534986 6.858995
v 0.000001 -4.395570 6.945581
v 0.000001 -4.252465 7.030810
v 0.000001 -4.106784 7.112658
v 0.000001 -3.961807 7.196555
v 0.000001 -3.816359 7.278094
v 0.000001 -3.670939 7.355844
v 0.000001 -3.523054 7.428952
v 0.000001 -3.373367 7.493783
v 0.000001 -3.220177 7.556288
v 0.000001 -3.068330 7.620049
v 0.000001 -2.915743 7.684890
v 0.000001 -2.762428 7.743905
v 0.000001 -2.605914 7.796244
v 0.000001 -2.448460 7.844506
v 0.000001 -2.287534 7.890843
v 0.000001 -2.125438 7.933052
v 0.000000 -1.963552 7.976909
v 0.000000 -1.801526 8.017752
v 0.000000 -1.639165 8.054215
v 0.000000 -1.476316 8.087023
v 0.000000 -1.316912 8.111573
v 0.000000 -1.153865 8.132620
v 0.000000 -0.991417 8.154715
v 0.000000 -0.827487 8.177179
v 0.000000 -0.662715 8.195399
v 0.000000 -0.496670 8.204676
v 0.000000 -0.333305 8.212148
v 0.000000 -0.167196 8.214739
v 0.000000 -0.000146 8.213439
v 0.000000 0.167473 8.213644
v 0.000000 0.334343 8.211499
v 0.000000 0.499887 8.205406
v 0.000000 0.665983 8.194216
v 0.000000 0.826760 8.174627
v 0.000000 0.990065 8.153008
v 0.000000 1.152923 8.133849
v 0.000000 1.314999 8.112079
v 0.000000 1.481119 8.088206
v 0.000000 1.640606 8.052937
v 0.000000 1.802323 8.017948
v 0.000000 1.964311 7.977956
v 0.000000 2.125721 7.932682
v 0.000000 2.287836 7.889566
v 0.000000 2.448714 7.844716
v 0.000000 2.606837 7.796405
v 0.000000 2.764137 7.742043
v 0.000000 2.916085 7.682404
v 0.000000 3.067515 7.619485
v 0.000000 3.219576 7.557631
v 0.000000 3.372384 7.495408
v 0.000000 3.523164 7.429585
v 0.000000 3.670290 7.355586
v 0.000000 3.816284 7.278464
v 0.000000 3.962291 7.197671
v 0.000000 4.107171 7.113690
v -0.000000 4.252518 7.030348
v -0.000000 4.395868 6.944828
v -0.000000 4.535739 6.855743
v -0.000000 4.668554 6.759194
v -0.000000 4.804125 6.664932
v -0.000000 4.934721 6.565110
v -0.000000 5.064641 6.462416
v -0.000000 5.198067 6.366000
v -0.000000 5.326506 6.263807
v -0.000000 5.448790 6.154907
v -0.000000 5.569539 6.042273
v -0.000000 5.689732 5.926485
v -0.000000 5.808615 5.808064
v -0.000000 5.925544 5.688211
v -0.000000 6.042037 5.568452
v -0.000000 6.154943 5.446330
v -0.000000 6.264973 5.321987
v -0.000000 6.365934 5.196978
v -0.000000 6.465638 5.065785
v -0.000000 6.567633 4.936489
v -0.000000 6.668838 4.805716
v -0.000000 6.765234 4.673091
v -0.000000 6.854564 4.534265
v -0.000000 6.944089 4.395430
v -0.000000 7.030418 4.252632
v -0.000000 7.112834 4.106883
v -0.000000 7.196811 3.961414
v -0.000000 7.278141 3.815351
v -0.000000 7.355384 3.668088
v -0.000000 7.429030 3.519516
v -0.000000 7.492946 3.371050
v -0.000000 7.556715 3.219297
v -0.000000 7.621024 3.067649
v -0.000000 7.685272 2.915344
v -0.000000 7.743474 2.761953
v -0.000000 7.796468 2.605906
v -0.000000 7.845142 2.448139
v -0.000000 7.891014 2.287400
v -0.000001 7.933352 2.125180
v -0.000001 7.977556 1.963447
v -0.000001 8.018308 1.801745
v -0.000001 8.054955 1.640317
v -0.000001 8.086873 1.477224
v -0.000001 8.111215 1.315801
v -0.000001 8.132431 1.153396
v -0.000001 8.152048 0.991055
v -0.000001 8.173107 0.828951
v -0.000001 8.193435 0.664194
v -0.000001 8.205111 0.499726
v -0.000001 8.211615 0.334477
v -0.000001 8.214818 0.167359
v -0.000001 8.215225 -0.000302
v -0.000001 8.213662 -0.168032
v -0.000001 8.210750 -0.334913
v -0.000001 8.204047 -0.501045
v -0.000001 8.193761 -0.666593
v -0.000001 8.174430 -0.827608
v -0.000001 8.153686 -0.990824
v -0.000001 8.130731 -1.154826
v -0.000001 8.108442 -1.315035
v -0.000001 8.087993 -1.480992
v -0.000001 8.056843 -1.643127
v -0.000001 8.019424 -1.802916
v -0.000001 7.978606 -1.964345
v -0.000001 7.933444 -2.125043
v -0.000001 7.890529 -2.287235
v -0.000001 7.845529 -2.447440
v -0.000001 7.795733 -2.603752
v -0.000001 7.743294 -2.762753
v -0.000001 7.683804 -2.914653
v -0.000001 7.620151 -3.066635
v -0.000001 7.557812 -3.217965
v -0.000001 7.494976 -3.370780
v -0.000001 7.430611 -3.522616
v -0.000001 7.356908 -3.672578
v -0.000001 7.279627 -3.817128
v -0.000001 7.198476 -3.962663
v -0.000001 7.113320 -4.106425
v -0.000001 7.029308 -4.251846
v -0.000001 6.943355 -4.395093
v -0.000001 6.854720 -4.534754
v -0.000001 6.762831 -4.673736
v -0.000001 6.665907 -4.805107
v -0.000001 6.565279 -4.934946
v -0.000001 6.466180 -5.064784
v -0.000001 6.365605 -5.193320
v -0.000001 6.263358 -5.324054
v -0.000001 6.155342 -5.448712
v -0.000001 6.043113 -5.570190
v -0.000001 5.926810 -5.690307
v -0.000001 5.807688 -5.807868
v -0.000001 5.689701 -5.926822
v -0.000001 5.570212 -6.042874
v -0.000001 5.449821 -6.156278
v -0.000001 5.326003 -6.265988
v -0.000001 5.196970 -6.365920
v -0.000001 5.065783 -6.465663
v -0.000001 4.936524 -6.567770
v -0.000001 4.805736 -6.668957
v -0.000001 4.673270 -6.765903
v -0.000001 4.536423 -6.858150
v -0.000001 4.395797 -6.944778
v -0.000001 4.252199 -7.030286
v -0.000001 4.107026 -7.112093
v -0.000001 3.962039 -7.196548
v -0.000001 3.816269 -7.277703
v -0.000001 3.670055 -7.355493
v -0.000001 3.520686 -7.423832
v -0.000001 3.371532 -7.493550
v -0.000001 3.220043 -7.556286
v -0.000001 3.068578 -7.617790
v -0.000001 2.917502 -7.680319
v -0.000001 2.762849 -7.742310
v -0.000001 2.606330 -7.796393
v -0.000001 2.448438 -7.845318
v -0.000001 2.287903 -7.891665
v -0.000001 2.125829 -7.933248
v -0.000000 1.963549 -7.976294
v -0.000000 1.801407 -8.016959
v -0.000000 1.639139 -8.053653
v -0.000000 1.476397 -8.087001
v -0.000000 1.316921 -8.111543
v -0.000000 1.154713 -8.132898
v -0.000000 0.992474 -8.153891
v -0.000000 0.411623 -8.027739
v -0.000000 0.248248 -8.033580
v -0.000000 0.082515 -8.035687
v -0.000000 0.571648 -8.029686
v -0.000000 -0.082129 -8.032881
v -0.000000 -0.247918 -8.029371
v -0.000000 -0.411089 -8.025010
v -0.000000 0.736230 -8.007191
v -0.000000 -0.568723 -8.026182
v -0.000000 0.893844 -7.986761
v -0.000000 -0.726558 -8.010582
v -0.000000 -0.886369 -7.982966
v -0.000000 -1.049191 -7.961795
v -0.000000 -1.211232 -7.946002
v -0.000000 -1.371230 -7.929693
v -0.000000 -1.530472 -7.902078
v -0.000000 -1.682286 -7.860913
v -0.000000 -1.840896 -7.822301
v -0.000000 -1.999860 -7.782208
v -0.000000 -2.159873 -7.738791
v -0.000000 -2.318697 -7.695089
v -0.000000 -2.473596 -7.649705
v -0.000000 -2.619764 -7.596950
v -0.000000 -2.778994 -7.547881
v -0.000000 -2.923370 -7.480786
v -0.000000 -3.074397 -7.420505
v -0.000000 -3.226427 -7.361906
v -0.000000 -3.370791 -7.304094
v -0.000000 -3.520964 -7.239859
v -0.000000 -3.659165 -7.158458
v -0.000000 -3.802133 -7.081549
v -0.000000 -3.946370 -7.000833
v 0.000000 -4.088046 -6.915956
v 0.000000 -4.229470 -6.830071
v 0.000000 -4.368692 -6.744114
v 0.000000 -4.505637 -6.666433
v 0.000000 -4.634506 -6.574085
v 0.000000 -4.759160 -6.470303
v 0.000000 -4.889422 -6.370963
v 0.000000 -5.021887 -6.275997
v 0.000000 -5.146442 -6.182784
v 0.000000 -5.274794 -6.081880
v 0.000000 -5.386326 -5.967384
v 0.000000 -5.505077 -5.855962
v 0.000000 -5.623688 -5.740198
v 0.000000 -5.738084 -5.622188
v 0.000000 -5.852654 -5.503266
v 0.000000 -5.967137 -5.387024
v 0.000000 -6.081357 -5.273396
v 0.000000 -6.177140 -5.147711
v 0.000000 -6.271420 -5.017523
v 0.000000 -6.372798 -4.888687
v 0.000000 -6.475117 -4.762393
v 0.000000 -6.571319 -4.640110
v 0.000000 -6.669168 -4.509429
v 0.000000 -6.748170 -4.369950
v 0.000000 -6.833366 -4.231701
v 0.000000 -6.917072 -4.089880
v 0.000000 -6.997512 -3.946223
v 0.000000 -7.076520 -3.801126
v 0.000000 -7.154887 -3.658890
v 0.000000 -7.227044 -3.516802
v 0.000000 -7.300168 -3.375236
v 0.000000 -7.357049 -3.223625
v 0.000000 -7.418929 -3.073499
v 0.000000 -7.486593 -2.926968
v 0.000000 -7.549644 -2.779799
v 0.000000 -7.608240 -2.629303
v 0.000000 -7.647366 -2.474459
v 0.000000 -7.695173 -2.318748
v 0.000000 -7.740126 -2.159265
v 0.000000 -7.780170 -1.999594
v 0.000001 -7.819974 -1.838996
v 0.000001 -7.860250 -1.681193
v 0.000001 -7.899426 -1.527990
v 0.000001 -7.925887 -1.371761
v 0.000001 -7.941949 -1.210163
v 0.000001 -7.961538 -1.048918
v 0.000001 -7.986737 -0.887565
v 0.000001 -8.014944 -0.728549
v 0.000001 -8.025967 -0.569528
v 0.000001 -8.027750 -0.410943
v 0.000001 -8.033770 -0.248108
v 0.000001 -8.033731 -0.081997
v 0.000001 -8.032492 0.082330
v 0.000001 -8.028869 0.247147
v 0.000001 -8.028287 0.410782
v 0.000001 -8.026184 0.568770
v 0.000001 -8.010580 0.726560
v 0.000001 -7.982850 0.885779
v 0.000001 -7.965231 1.048096
v 0.000001 -7.944484 1.205932
v 0.000001 -7.927626 1.365499
v 0.000001 -7.904430 1.527255
v 0.000001 -7.861886 1.681824
v 0.000001 -7.824469 1.839741
v 0.000001 -7.783235 1.999391
v 0.000001 -7.738204 2.158226
v 0.000001 -7.691327 2.316276
v 0.000001 -7.648333 2.474019
v 0.000001 -7.607414 2.629710
v 0.000001 -7.546627 2.775593
v 0.000001 -7.483451 2.923961
v 0.000001 -7.420005 3.073770
v 0.000001 -7.363058 3.223529
v 0.000001 -7.304022 3.372779
v 0.000001 -7.238999 3.520569
v 0.000001 -7.160104 3.659761
v 0.000001 -7.079627 3.802150
v 0.000001 -6.998075 3.945846
v 0.000001 -6.917711 4.089454
v 0.000001 -6.835011 4.232367
v 0.000001 -6.751339 4.370454
v 0.000001 -6.670343 4.506414
v 0.000001 -6.573096 4.634485
v 0.000001 -6.470454 4.759583
v 0.000001 -6.371374 4.887969
v 0.000001 -6.275351 5.019814
v 0.000001 -6.183398 5.152219
v 0.000001 -6.073856 5.269892
v 0.000001 -5.964554 5.386250
v 0.000001 -5.855004 5.504538
v 0.000001 -5.739653 5.622950
v 0.000001 -5.621061 5.737585
v 0.000001 -5.502891 5.851839
v 0.000001 -5.386770 5.966936
v 0.000001 -5.273395 6.081357
v 0.000001 -5.147711 6.177139
v 0.000001 -5.017523 6.271420
v 0.000001 -4.888688 6.372798
v 0.000001 -4.762393 6.475117
v 0.000001 -4.640141 6.571197
v 0.000001 -4.509346 6.669203
v 0.000001 -4.370222 6.748907
v 0.000001 -4.231576 6.833909
v 0.000001 -4.089165 6.917829
v 0.000001 -3.945365 6.997597
v 0.000001 -3.800313 7.077547
v 0.000001 -3.658287 7.157296
v 0.000001 -3.520443 7.234788
v 0.000001 -3.376386 7.300782
v 0.000001 -3.224550 7.357903
v 0.000001 -3.073939 7.420521
v 0.000001 -2.924443 7.484932
v 0.000001 -2.778133 7.553296
v 0.000001 -2.627149 7.605037
v 0.000001 -2.473967 7.647085
v 0.000001 -2.318710 7.695587
v 0.000001 -2.159159 7.740508
v 0.000000 -1.999740 7.780526
v 0.000000 -1.839293 7.820004
v 0.000000 -1.681550 7.861154
v 0.000000 -1.526326 7.903068
v 0.000000 -1.369593 7.923366
v 0.000000 -1.209524 7.942856
v 0.000000 -1.048404 7.961640
v 0.000000 -0.890332 7.989443
v 0.000000 -0.731051 8.011873
v 0.000000 -0.564484 8.027784
v 0.000000 -0.408832 8.031238
v 0.000000 -0.247781 8.033982
v 0.000000 -0.083246 8.035700
v 0.000000 0.081676 8.033454
v 0.000000 0.247134 8.029257
v 0.000000 0.409945 8.027971
v 0.000000 0.570032 8.029348
v 0.000000 0.727609 8.007943
v 0.000000 0.886562 7.983271
v 0.000000 1.048247 7.964714
v 0.000000 1.211232 7.946002
v 0.000000 1.371274 7.929727
v 0.000000 1.530480 7.902078
v 0.000000 1.682687 7.859768
v 0.000000 1.839978 7.824038
v 0.000000 1.999444 7.782883
v 0.000000 2.158279 7.737518
v 0.000000 2.317119 7.691319
v 0.000000 2.474366 7.648300
v 0.000000 2.629479 7.607241
v 0.000000 2.776808 7.547894
v 0.000000 2.924077 7.482295
v 0.000000 3.073574 7.419787
v 0.000000 3.224724 7.360491
v 0.000000 3.376568 7.305384
v 0.000000 3.520101 7.235114
v 0.000000 3.658331 7.156353
v 0.000000 3.802018 7.080993
v 0.000000 3.945687 6.999783
v -0.000000 4.089164 6.917296
v -0.000000 4.231390 6.833467
v -0.000000 4.369501 6.748899
v -0.000000 4.498883 6.653685
v -0.000000 4.634532 6.572654
v -0.000000 4.758766 6.470118
v -0.000000 4.889363 6.372133
v -0.000000 5.021032 6.276547
v -0.000000 5.152315 6.182714
v -0.000000 5.272600 6.077316
v -0.000000 5.385043 5.965073
v -0.000000 5.504389 5.855210
v -0.000000 5.622156 5.739712
v -0.000000 5.737113 5.621585
v -0.000000 5.851631 5.502662
v -0.000000 5.966816 5.386673
v -0.000000 6.081094 5.273370
v -0.000000 6.177043 5.147782
v -0.000000 6.274597 5.019576
v -0.000000 6.372617 4.889505
v -0.000000 6.475043 4.766047
v -0.000000 6.572907 4.639103
v -0.000000 6.668456 4.508893
v -0.000000 6.746626 4.369202
v -0.000000 6.833075 4.231515
v -0.000000 6.917135 4.089620
v -0.000000 6.997964 3.945682
v -0.000000 7.076982 3.800658
v -0.000000 7.157993 3.658733
v -0.000000 7.238994 3.519742
v -0.000000 7.298983 3.373549
v -0.000000 7.357011 3.223796
v -0.000000 7.420315 3.073132
v -0.000000 7.486629 2.925116
v -0.000000 7.553402 2.778225
v -0.000000 7.605004 2.626777
v -0.000000 7.647045 2.473740
v -0.000000 7.695342 2.318574
v -0.000000 7.738428 2.158043
v -0.000001 7.782784 1.999079
v -0.000001 7.820391 1.838796
v -0.000001 7.861222 1.681387
v -0.000001 7.902803 1.526439
v -0.000001 7.925073 1.369175
v -0.000001 7.941936 1.208841
v -0.000001 7.962520 1.048197
v -0.000001 7.986737 0.887565
v -0.000001 8.014727 0.728788
v -0.000001 8.025499 0.569481
v -0.000001 8.027599 0.410574
v -0.000001 8.034161 0.247791
v -0.000001 8.035661 0.082387
v -0.000001 8.035063 -0.082795
v -0.000001 8.029358 -0.247121
v -0.000001 8.028418 -0.410219
v -0.000001 8.029024 -0.571323
v -0.000001 8.007878 -0.727924
v -0.000001 7.982471 -0.886636
v -0.000001 7.963035 -1.049456
v -0.000001 7.946116 -1.211116
v -0.000001 7.927644 -1.365519
v -0.000001 7.904461 -1.527208
v -0.000001 7.862017 -1.681716
v -0.000001 7.824676 -1.839700
v -0.000001 7.783237 -1.998913
v -0.000001 7.737908 -2.157209
v -0.000001 7.691849 -2.316617
v -0.000001 7.649329 -2.473248
v -0.000001 7.610494 -2.625508
v -0.000001 7.549903 -2.774978
v -0.000001 7.482633 -2.922748
v -0.000001 7.419267 -3.072610
v -0.000001 7.363786 -3.219044
v -0.000001 7.302520 -3.366066
v -0.000001 7.239670 -3.519909
v -0.000001 7.159173 -3.658819
v -0.000001 7.082303 -3.802199
v -0.000001 7.001257 -3.945583
v -0.000001 6.916718 -4.086971
v -0.000001 6.830204 -4.228434
v -0.000001 6.745649 -4.367519
v -0.000001 6.667473 -4.508778
v -0.000001 6.572017 -4.635727
v -0.000001 6.470598 -4.761023
v -0.000001 6.371210 -4.888166
v -0.000001 6.275119 -5.019876
v -0.000001 6.182604 -5.151930
v -0.000001 6.077616 -5.272291
v -0.000001 5.966668 -5.386106
v -0.000001 5.856090 -5.505686
v -0.000001 5.738616 -5.622828
v -0.000001 5.623144 -5.740333
v -0.000001 5.503417 -5.852560
v -0.000001 5.387162 -5.967081
v -0.000001 5.273365 -6.081100
v -0.000001 5.147779 -6.177044
v -0.000001 5.019403 -6.275063
v -0.000001 4.889370 -6.372753
v -0.000001 4.766046 -6.475446
v -0.000001 4.639073 -6.572945
v -0.000001 4.508862 -6.668421
v -0.000001 4.370537 -6.749620
v -0.000001 4.231656 -6.833868
v -0.000001 4.088322 -6.916875
v -0.000001 3.946774 -6.997335
v -0.000001 3.801588 -7.076023
v -0.000001 3.659236 -7.154841
v -0.000001 3.517209 -7.227326
v -0.000001 3.375253 -7.300174
v -0.000001 3.223735 -7.357386
v -0.000001 3.073732 -7.418816
v -0.000001 2.924444 -7.484932
v -0.000001 2.778319 -7.553014
v -0.000001 2.627211 -7.604760
v -0.000001 2.474318 -7.647200
v -0.000001 2.318952 -7.695775
v -0.000001 2.159494 -7.740651
v -0.000000 2.000225 -7.780321
v -0.000000 1.839649 -7.819467
v -0.000000 1.681826 -7.860886
v -0.000000 1.526326 -7.903068
v -0.000000 1.369593 -7.923366
v -0.000000 1.209535 -7.942799
v -0.000000 1.048406 -7.961627
v -0.000000 0.328394 -7.850218
v -0.000000 0.481720 -7.849438
v -0.000000 0.164146 -7.853188
v -0.000000 -0.001220 -7.856202
v -0.000000 0.633771 -7.875227
v -0.000000 -0.166086 -7.854446
v -0.000000 -0.331264 -7.846727
v -0.000000 -0.481720 -7.849438
v -0.000000 0.779428 -7.818465
v -0.000000 -0.632839 -7.866626
v -0.000000 0.944651 -7.797898
v -0.000000 -0.774436 -7.816679
v -0.000000 -0.945805 -7.790308
v -0.000000 -1.110268 -7.773230
v -0.000000 -1.270711 -7.753787
v -0.000000 -1.426100 -7.770810
v -0.000000 -1.566288 -7.706649
v -0.000000 -1.715109 -7.669658
v -0.000000 -1.872555 -7.629261
v -0.000000 -2.033072 -7.585730
v -0.000000 -2.191950 -7.539789
v -0.000000 -2.347181 -7.502200
v -0.000000 -2.496891 -7.457294
v -0.000000 -2.648048 -7.433736
v -0.000000 -2.771767 -7.349229
v -0.000000 -2.927331 -7.287755
v -0.000000 -3.079972 -7.224968
v -0.000000 -3.234236 -7.160700
v -0.000000 -3.388714 -7.137017
v -0.000000 -3.507543 -7.038668
v -0.000000 -3.641692 -6.961794
v -0.000000 -3.785204 -6.883668
v -0.000000 -3.928268 -6.803632
v 0.000000 -4.070935 -6.720480
v 0.000000 -4.210336 -6.629706
v 0.000000 -4.341899 -6.556952
v 0.000000 -4.481363 -6.496277
v 0.000000 -4.579016 -6.382226
v 0.000000 -4.714242 -6.273705
v 0.000000 -4.848021 -6.176796
v 0.000000 -4.977355 -6.079626
v 0.000000 -5.120440 -6.016768
v 0.000000 -5.209765 -5.891014
v 0.000000 -5.318450 -5.782979
v 0.000000 -5.436657 -5.668969
v 0.000000 -5.555776 -5.553798
v 0.000000 -5.671266 -5.436065
v 0.000000 -5.783229 -5.314001
v 0.000000 -5.891014 -5.209765
v 0.000000 -6.021235 -5.122638
v 0.000000 -6.075011 -4.978689
v 0.000000 -6.177360 -4.839801
v 0.000000 -6.279102 -4.710891
v 0.000000 -6.381276 -4.584235
v 0.000000 -6.503214 -4.486487
v 0.000000 -6.556952 -4.341899
v 0.000000 -6.634855 -4.208529
v 0.000000 -6.719666 -4.068576
v 0.000000 -6.804042 -3.927482
v 0.000000 -6.883445 -3.784023
v 0.000000 -6.960928 -3.635809
v 0.000000 -7.038668 -3.507543
v 0.000000 -7.128191 -3.384574
v 0.000000 -7.154251 -3.237535
v 0.000000 -7.217641 -3.082214
v 0.000000 -7.287848 -2.930765
v 0.000000 -7.350326 -2.776438
v 0.000000 -7.442765 -2.650379
v 0.000000 -7.457294 -2.496891
v 0.000000 -7.497046 -2.348587
v 0.000000 -7.542498 -2.190927
v 0.000000 -7.588243 -2.031732
v 0.000000 -7.629340 -1.872068
v 0.000001 -7.664700 -1.711280
v 0.000001 -7.706649 -1.566288
v 0.000001 -7.761871 -1.425020
v 0.000001 -7.748545 -1.275826
v 0.000001 -7.769596 -1.109345
v 0.000001 -7.797782 -0.945242
v 0.000001 -7.818465 -0.779428
v 0.000001 -7.877044 -0.633946
v 0.000001 -7.849438 -0.481720
v 0.000001 -7.852401 -0.328279
v 0.000001 -7.852542 -0.164250
v 0.000001 -7.856240 0.000797
v 0.000001 -7.853789 0.166004
v 0.000001 -7.846654 0.330773
v 0.000001 -7.849438 0.481720
v 0.000001 -7.866626 0.632839
v 0.000001 -7.816679 0.774436
v 0.000001 -7.797688 0.940913
v 0.000001 -7.776271 1.104508
v 0.000001 -7.753787 1.270711
v 0.000001 -7.770917 1.426093
v 0.000001 -7.706649 1.566288
v 0.000001 -7.667855 1.715928
v 0.000001 -7.629111 1.874307
v 0.000001 -7.588506 2.034593
v 0.000001 -7.542652 2.193394
v 0.000001 -7.492676 2.351355
v 0.000001 -7.457294 2.496891
v 0.000001 -7.450617 2.652732
v 0.000001 -7.347693 2.769875
v 0.000001 -7.283399 2.924303
v 0.000001 -7.225984 3.080973
v 0.000001 -7.160700 3.234236
v 0.000001 -7.136912 3.388697
v 0.000001 -7.038668 3.507543
v 0.000001 -6.964409 3.641173
v 0.000001 -6.884559 3.783103
v 0.000001 -6.804216 3.927145
v 0.000001 -6.722266 4.067045
v 0.000001 -6.640973 4.208423
v 0.000001 -6.556952 4.341899
v 0.000001 -6.508533 4.487809
v 0.000001 -6.380902 4.576996
v 0.000001 -6.278202 4.709407
v 0.000001 -6.182423 4.845402
v 0.000001 -6.079626 4.977355
v 0.000001 -6.018381 5.121564
v 0.000001 -5.891014 5.209765
v 0.000001 -5.782066 5.316478
v 0.000001 -5.667278 5.435818
v 0.000001 -5.552752 5.554168
v 0.000001 -5.435562 5.670982
v 0.000001 -5.313090 5.782982
v 0.000001 -5.209765 5.891014
v 0.000001 -5.122633 6.021229
v 0.000001 -4.978687 6.075010
v 0.000001 -4.839801 6.177360
v 0.000001 -4.710891 6.279102
v 0.000001 -4.584235 6.381276
v 0.000001 -4.486487 6.503214
v 0.000001 -4.341899 6.556952
v 0.000001 -4.209045 6.636727
v 0.000001 -4.068765 6.718891
v 0.000001 -3.926886 6.803821
v 0.000001 -3.783213 6.884763
v 0.000001 -3.636737 6.960621
v 0.000001 -3.507543 7.038668
v 0.000001 -3.385381 7.128572
v 0.000001 -3.237820 7.154312
v 0.000001 -3.082497 7.217797
v 0.000001 -2.931528 7.288304
v 0.000001 -2.776438 7.350326
v 0.000001 -2.651072 7.444561
v 0.000001 -2.496891 7.457294
v 0.000001 -2.348963 7.498111
v 0.000000 -2.191270 7.543592
v 0.000000 -2.031915 7.589020
v 0.000000 -1.872203 7.629896
v 0.000000 -1.710014 7.665434
v 0.000000 -1.566288 7.706649
v 0.000000 -1.427981 7.778757
v 0.000000 -1.275079 7.748233
v 0.000000 -1.109194 7.769773
v 0.000000 -0.944816 7.797933
v 0.000000 -0.779428 7.818465
v 0.000000 -0.633768 7.875095
v 0.000000 -0.481720 7.849438
v 0.000000 -0.327463 7.849916
v 0.000000 -0.163928 7.854143
v 0.000000 0.000305 7.857907
v 0.000000 0.164622 7.852685
v 0.000000 0.331988 7.845751
v 0.000000 0.481720 7.849438
v 0.000000 0.634856 7.880294
v 0.000000 0.775127 7.816233
v 0.000000 0.941269 7.797293
v 0.000000 1.105130 7.775960
v 0.000000 1.270711 7.753787
v 0.000000 1.426100 7.770810
v 0.000000 1.566288 7.706649
v 0.000000 1.716033 7.667398
v 0.000000 1.874455 7.629471
v 0.000000 2.033975 7.587678
v 0.000000 2.193255 7.542626
v 0.000000 2.351162 7.492087
v 0.000000 2.496891 7.457294
v 0.000000 2.647451 7.433510
v 0.000000 2.769816 7.347743
v 0.000000 2.924345 7.283039
v 0.000000 3.080763 7.225805
v 0.000000 3.234236 7.160700
v 0.000000 3.389517 7.138686
v 0.000000 3.507543 7.038668
v 0.000000 3.641865 6.962046
v 0.000000 3.784793 6.882794
v 0.000000 3.927196 6.801806
v -0.000000 4.069372 6.719493
v -0.000000 4.208187 6.638939
v -0.000000 4.341899 6.556952
v -0.000000 4.481438 6.495389
v -0.000000 4.579118 6.381939
v -0.000000 4.713493 6.282066
v -0.000000 4.846560 6.181683
v -0.000000 4.977355 6.079626
v -0.000000 5.121608 6.018176
v -0.000000 5.209765 5.891014
v -0.000000 5.317159 5.781827
v -0.000000 5.436430 5.667949
v -0.000000 5.554542 5.552677
v -0.000000 5.670932 5.435547
v -0.000000 5.782958 5.313087
v -0.000000 5.891014 5.209765
v -0.000000 6.009584 5.113763
v -0.000000 6.072633 4.978438
v -0.000000 6.174327 4.845765
v -0.000000 6.281317 4.717748
v -0.000000 6.381276 4.584235
v -0.000000 6.503143 4.486409
v -0.000000 6.556952 4.341899
v -0.000000 6.634614 4.208065
v -0.000000 6.719691 4.068549
v -0.000000 6.804045 3.927476
v -0.000000 6.884961 3.782764
v -0.000000 6.961520 3.635354
v -0.000000 7.038668 3.507543
v -0.000000 7.128902 3.384005
v -0.000000 7.156629 3.236765
v -0.000000 7.219503 3.076073
v -0.000000 7.284054 2.925890
v -0.000000 7.350326 2.776438
v -0.000000 7.444561 2.651072
v -0.000000 7.457294 2.496891
v -0.000000 7.497580 2.348990
v -0.000000 7.542497 2.190919
v -0.000000 7.588028 2.032790
v -0.000000 7.629090 1.874287
v -0.000001 7.664685 1.710546
v -0.000001 7.706649 1.566288
v -0.000001 7.774972 1.426440
v -0.000001 7.748246 1.275154
v -0.000001 7.769485 1.108979
v -0.000001 7.798119 0.944924
v -0.000001 7.818465 0.779428
v -0.000001 7.877044 0.633946
v -0.000001 7.849438 0.481720
v -0.000001 7.852930 0.326492
v -0.000001 7.853926 0.164204
v -0.000001 7.855473 -0.000107
v -0.000001 7.854055 -0.164160
v -0.000001 7.846587 -0.331744
v -0.000001 7.849438 -0.481720
v -0.000001 7.879935 -0.635384
v -0.000001 7.816203 -0.775204
v -0.000001 7.790308 -0.945805
v -0.000001 7.771084 -1.109051
v -0.000001 7.753787 -1.270711
v -0.000001 7.770915 -1.426095
v -0.000001 7.706649 -1.566288
v -0.000001 7.667957 -1.715852
v -0.000001 7.629541 -1.874383
v -0.000001 7.587617 -2.032665
v -0.000001 7.542487 -2.191376
v -0.000001 7.492484 -2.350558
v -0.000001 7.457294 -2.496891
v -0.000001 7.448286 -2.650444
v -0.000001 7.348337 -2.769384
v -0.000001 7.283257 -2.924096
v -0.000001 7.225561 -3.080683
v -0.000001 7.160700 -3.234236
v -0.000001 7.137031 -3.388758
v -0.000001 7.038668 -3.507543
v -0.000001 6.963067 -3.642020
v -0.000001 6.885516 -3.785198
v -0.000001 6.804234 -3.928064
v -0.000001 6.719742 -4.069927
v -0.000001 6.628959 -4.210491
v -0.000001 6.556952 -4.341899
v -0.000001 6.495010 -4.481173
v -0.000001 6.380497 -4.577172
v -0.000001 6.278154 -4.709638
v -0.000001 6.182253 -4.845545
v -0.000001 6.079626 -4.977355
v -0.000001 6.018177 -5.121610
v -0.000001 5.891014 -5.209765
v -0.000001 5.783515 -5.321724
v -0.000001 5.669147 -5.436965
v -0.000001 5.554941 -5.554708
v -0.000001 5.438298 -5.670333
v -0.000001 5.313995 -5.783211
v -0.000001 5.209765 -5.891014
v -0.000001 5.113756 -6.009593
v -0.000001 4.978361 -6.072630
v -0.000001 4.845509 -6.174479
v -0.000001 4.717551 -6.281755
v -0.000001 4.584235 -6.381276
v -0.000001 4.486399 -6.503191
v -0.000001 4.341899 -6.556952
v -0.000001 4.208509 -6.636577
v -0.000001 4.069124 -6.719601
v -0.000001 3.928937 -6.804043
v -0.000001 3.785120 -6.883611
v -0.000001 3.636488 -6.960649
v -0.000001 3.507543 -7.038668
v -0.000001 3.384574 -7.128191
v -0.000001 3.237535 -7.154251
v -0.000001 3.082270 -7.217669
v -0.000001 2.931185 -7.287681
v -0.000001 2.776438 -7.350326
v -0.000001 2.651075 -7.444562
v -0.000001 2.496891 -7.457294
v -0.000001 2.349002 -7.498300
v -0.000000 2.191568 -7.543685
v -0.000000 2.032825 -7.589107
v -0.000000 1.872172 -7.629351
v -0.000000 1.710525 -7.664926
v -0.000000 1.566288 -7.706649
v -0.000000 1.427981 -7.778757
v -0.000000 1.275079 -7.748233
v -0.000000 1.109060 -7.769705
v -0.000000 0.418428 -7.678368
v -0.000000 0.249624 -7.674899
v -0.000000 0.082745 -7.676863
v -0.000000 -0.084834 -7.677119
v -0.000000 -0.255606 -7.676003
v -0.000000 -0.431636 -7.668562
v -0.000000 0.820610 -7.639129
v -0.000000 1.001712 -7.608545
v -0.000000 -0.819656 -7.635412
v -0.000000 -1.002426 -7.614112
v -0.000000 -1.184842 -7.591632
v -0.000000 -1.584165 -7.524165
v -0.000000 -1.745806 -7.477823
v -0.000000 -1.907370 -7.435790
v -0.000000 -2.069861 -7.388974
v -0.000000 -2.229775 -7.344544
v -0.000000 -2.401735 -7.295507
v -0.000000 -2.768045 -7.162788
v -0.000000 -2.938943 -7.095222
v -0.000000 -3.108349 -7.026200
v -0.000000 -3.477438 -6.857753
v -0.000000 -3.622116 -6.770854
v -0.000000 -3.767460 -6.691563
v 0.000000 -3.911314 -6.606508
v 0.000000 -4.058490 -6.519268
v 0.000000 -4.208092 -6.425350
v 0.000000 -4.527547 -6.202489
v 0.000000 -4.675177 -6.092805
v 0.000000 -4.820946 -5.982290
v 0.000000 -5.133439 -5.725359
v 0.000000 -5.250230 -5.603657
v 0.000000 -5.369698 -5.486603
v 0.000000 -5.488229 -5.369344
v 0.000000 -5.608022 -5.247582
v 0.000000 -5.727713 -5.117231
v 0.000000 -5.977893 -4.819272
v 0.000000 -6.092805 -4.675177
v 0.000000 -6.204949 -4.530779
v 0.000000 -6.440483 -4.201052
v 0.000000 -6.521608 -4.053681
v 0.000000 -6.606888 -3.909977
v 0.000000 -6.691669 -3.766829
v 0.000000 -6.775408 -3.616044
v 0.000000 -6.856971 -3.460445
v 0.000000 -7.019085 -3.107853
v 0.000000 -7.095190 -2.940605
v 0.000000 -7.166962 -2.769726
v 0.000000 -7.308395 -2.391519
v 0.000000 -7.348442 -2.227459
v 0.000000 -7.393372 -2.066358
v 0.000000 -7.437532 -1.905716
v 0.000000 -7.480019 -1.740580
v 0.000000 -7.518976 -1.567848
v 0.000001 -7.583053 -1.185344
v 0.000001 -7.608946 -1.001874
v 0.000001 -7.639129 -0.820612
v 0.000001 -7.678404 -0.418467
v 0.000001 -7.675199 -0.250006
v 0.000001 -7.676533 -0.082507
v 0.000001 -7.676394 0.085194
v 0.000001 -7.675929 0.254763
v 0.000001 -7.668562 0.431636
v 0.000001 -7.638285 0.818623
v 0.000001 -7.614112 1.002426
v 0.000001 -7.591633 1.184839
v 0.000001 -7.524296 1.584538
v 0.000001 -7.478114 1.746610
v 0.000001 -7.436453 1.907910
v 0.000001 -7.393400 2.069513
v 0.000001 -7.346756 2.233027
v 0.000001 -7.295507 2.401735
v 0.000001 -7.159721 2.764932
v 0.000001 -7.091140 2.936473
v 0.000001 -7.026185 3.108425
v 0.000001 -6.858327 3.476672
v 0.000001 -6.771367 3.620979
v 0.000001 -6.689303 3.766456
v 0.000001 -6.604194 3.909633
v 0.000001 -6.519460 4.053050
v 0.000001 -6.432688 4.198945
v 0.000001 -6.200242 4.523662
v 0.000001 -6.089481 4.671468
v 0.000001 -5.982256 4.821015
v 0.000001 -5.725450 5.125031
v 0.000001 -5.600951 5.247412
v 0.000001 -5.483577 5.367450
v 0.000001 -5.361897 5.484132
v 0.000001 -5.245803 5.607760
v 0.000001 -5.117231 5.727713
v 0.000001 -4.819553 5.978071
v 0.000001 -4.675177 6.092805
v 0.000001 -4.530779 6.204949
v 0.000001 -4.199097 6.443668
v 0.000001 -4.052677 6.522827
v 0.000001 -3.909406 6.607008
v 0.000001 -3.766076 6.690746
v 0.000001 -3.617240 6.774650
v 0.000001 -3.460476 6.856986
v 0.000001 -3.107737 7.018045
v 0.000001 -2.937759 7.091060
v 0.000001 -2.769726 7.166962
v 0.000001 -2.391374 7.308457
v 0.000000 -2.227413 7.348990
v 0.000000 -2.066761 7.394032
v 0.000000 -1.904910 7.437572
v 0.000000 -1.739637 7.480611
v 0.000000 -1.567803 7.518959
v 0.000000 -1.185408 7.582998
v 0.000000 -1.002590 7.609284
v 0.000000 -0.821128 7.639066
v 0.000000 -0.418138 7.678166
v 0.000000 -0.248845 7.674805
v 0.000000 -0.082709 7.676708
v 0.000000 0.083069 7.677428
v 0.000000 0.256055 7.673479
v 0.000000 0.431649 7.668566
v 0.000000 0.820053 7.635423
v 0.000000 1.002426 7.614112
v 0.000000 1.184841 7.591632
v 0.000000 1.584436 7.524302
v 0.000000 1.746835 7.477684
v 0.000000 1.908220 7.436929
v 0.000000 2.068863 7.391706
v 0.000000 2.233340 7.345692
v 0.000000 2.401718 7.295544
v 0.000000 2.765089 7.159534
v 0.000000 2.936913 7.090199
v 0.000000 3.108906 7.025980
v 0.000000 3.477848 6.857727
v 0.000000 3.622298 6.770630
v 0.000000 3.766860 6.691184
v -0.000000 3.910258 6.603908
v -0.000000 4.054065 6.518650
v -0.000000 4.208094 6.425316
v -0.000000 4.527547 6.202411
v -0.000000 4.675177 6.092805
v -0.000000 4.820948 5.982287
v -0.000000 5.125532 5.725245
v -0.000000 5.248309 5.600833
v -0.000000 5.366347 5.484301
v -0.000000 5.483818 5.362518
v -0.000000 5.607733 5.245796
v -0.000000 5.727713 5.117231
v -0.000000 5.974257 4.818417
v -0.000000 6.088361 4.673346
v -0.000000 6.204949 4.530779
v -0.000000 6.440490 4.201044
v -0.000000 6.521583 4.053587
v -0.000000 6.606893 3.909946
v -0.000000 6.690923 3.764848
v -0.000000 6.775456 3.616020
v -0.000000 6.856981 3.460428
v -0.000000 7.022249 3.107695
v -0.000000 7.095222 2.938943
v -0.000000 7.166962 2.769726
v -0.000000 7.308395 2.391518
v -0.000000 7.348530 2.227544
v -0.000000 7.393331 2.066601
v -0.000000 7.437489 1.906035
v -0.000000 7.480031 1.740557
v -0.000000 7.518982 1.567836
v -0.000001 7.582966 1.185178
v -0.000001 7.608986 1.001704
v -0.000001 7.639129 0.820612
v -0.000001 7.680269 0.414399
v -0.000001 7.675765 0.248544
v -0.000001 7.676789 0.082639
v -0.000001 7.677335 -0.083520
v -0.000001 7.675555 -0.254679
v -0.000001 7.668534 -0.431676
v -0.000001 7.635292 -0.819792
v -0.000001 7.614112 -1.002426
v -0.000001 7.591632 -1.184841
v -0.000001 7.524302 -1.584425
v -0.000001 7.477790 -1.746786
v -0.000001 7.436571 -1.907324
v -0.000001 7.391654 -2.068187
v -0.000001 7.345694 -2.233314
v -0.000001 7.295545 -2.401704
v -0.000001 7.159620 -2.764959
v -0.000001 7.090034 -2.936695
v -0.000001 7.025981 -3.108904
v -0.000001 6.857752 -3.478014
v -0.000001 6.771543 -3.622731
v -0.000001 6.690001 -3.767292
v -0.000001 6.606564 -3.911595
v -0.000001 6.518983 -4.058571
v -0.000001 6.425345 -4.208104
v -0.000001 6.200120 -4.523764
v -0.000001 6.089413 -4.671633
v -0.000001 5.982258 -4.821014
v -0.000001 5.723767 -5.137965
v -0.000001 5.603092 -5.251760
v -0.000001 5.486948 -5.369732
v -0.000001 5.371609 -5.487929
v -0.000001 5.247573 -5.607995
v -0.000001 5.117231 -5.727713
v -0.000001 4.818013 -5.974609
v -0.000001 4.672780 -6.089119
v -0.000001 4.530296 -6.205897
v -0.000001 4.199346 -6.443235
v -0.000001 4.052847 -6.523218
v -0.000001 3.909460 -6.607759
v -0.000001 3.764712 -6.692409
v -0.000001 3.617150 -6.774414
v -0.000001 3.460445 -6.856971
v -0.000001 3.107857 -7.019090
v -0.000001 2.938693 -7.093500
v -0.000001 2.769729 -7.166962
v -0.000001 2.391272 -7.308597
v -0.000000 2.227928 -7.348993
v -0.000000 2.066765 -7.393960
v -0.000000 1.904997 -7.438212
v -0.000000 1.740521 -7.479734
v -0.000000 1.567803 -7.518959
v -0.000000 1.185133 -7.582861
v -0.000001 7.579865 -1.390481
v 0.000000 1.390483 7.579865
v -0.000000 1.391450 -7.570850
v -0.000001 7.570852 1.391455
v 0.000001 -7.570851 -1.391456
v 0.000001 -7.579871 1.390472
v 0.000000 -1.391450 7.570850
v -0.000000 -1.390485 -7.579865
v 0.000000 3.304915 6.961704
v -0.000000 6.955239 3.302724
v 0.000000 -6.952745 -3.303517
v -0.000001 6.961715 -3.304905
v -0.000000 -3.304707 -6.961661
v -0.000001 3.303517 -6.952745
v 0.000001 -6.961651 3.304735
v 0.000001 -3.303521 6.952746
v -0.000000 4.993918 5.869116
v 0.000000 -4.993908 -5.869132
v 0.000001 -4.990323 5.863429
v 0.000001 -5.869112 4.993933
v 0.000000 -5.863440 -4.990333
v -0.000001 5.869126 -4.993927
v -0.000001 4.990451 -5.860828
v -0.000000 5.860791 4.990485
v 0.000000 -6.342771 -4.376630
v -0.000000 6.342773 4.376629
v 0.000001 -6.337273 4.369474
v 0.000001 -4.376630 6.342771
v -0.000001 6.337292 -4.369493
v -0.000000 4.372028 6.337833
v -0.000001 4.376575 -6.342986
v 0.000000 -4.372044 -6.337852
v -0.000001 7.252260 -2.580395
v 0.000001 -7.252256 2.580400
v 0.000000 2.580397 7.252260
v -0.000000 -2.582709 -7.253440
v 0.000001 -2.585750 7.259593
v -0.000000 7.259593 2.585750
v -0.000001 2.585765 -7.259594
v 0.000000 -7.259593 -2.585750
v 0.000000 0.617378 7.674765
v -0.000000 0.618722 -7.681469
v 0.000000 -0.618849 7.681334
v -0.000001 7.681475 0.618734
v -0.000000 -0.617379 -7.674778
v -0.000001 7.674775 -0.617385
v 0.000001 -7.681475 -0.618734
v 0.000001 -7.674778 0.617379
v -0.000000 0.336832 -7.493620
v -0.000000 0.515996 -7.487965
v -0.000000 0.167281 -7.497475
v -0.000000 -0.000549 -7.499466
v -0.000000 -0.166538 -7.498186
v -0.000000 -0.338443 -7.492142
v -0.000000 -0.516224 -7.487600
v -0.000000 0.701156 -7.479005
v -0.000000 0.883520 -7.446208
v -0.000000 1.069737 -7.420547
v -0.000000 -0.889287 -7.449927
v -0.000000 -0.701339 -7.472885
v -0.000000 -1.071893 -7.426112
v -0.000000 -1.257980 -7.408037
v -0.000000 -1.616905 -7.325407
v -0.000000 -1.440630 -7.366114
v -0.000000 -1.779840 -7.283547
v -0.000000 -1.941514 -7.241330
v -0.000000 -2.100487 -7.193232
v -0.000000 -2.263994 -7.144525
v -0.000000 -2.439544 -7.094455
v -0.000000 -2.612908 -7.036657
v -0.000000 -2.785468 -6.964669
v -0.000000 -2.956170 -6.895180
v -0.000000 -3.132241 -6.830089
v -0.000000 -3.451879 -6.660594
v -0.000000 -3.297440 -6.742461
v -0.000000 -3.604010 -6.575119
v -0.000000 -3.748636 -6.494725
v 0.000000 -3.891698 -6.410087
v 0.000000 -4.037527 -6.319770
v 0.000000 -4.192988 -6.223049
v 0.000000 -4.490897 -6.005473
v 0.000000 -4.345137 -6.120698
v 0.000000 -4.639389 -5.894706
v 0.000000 -4.792869 -5.783951
v 0.000000 -5.057501 -5.541026
v 0.000000 -4.929742 -5.659796
v 0.000000 -5.182958 -5.419901
v 0.000000 -5.303175 -5.303059
v 0.000000 -5.419593 -5.183774
v 0.000000 -5.536849 -5.058542
v 0.000000 -5.658735 -4.929873
v 0.000000 -5.892913 -4.639162
v 0.000000 -5.780445 -4.786860
v 0.000000 -6.008687 -4.493490
v 0.000000 -6.125271 -4.346821
v 0.000000 -6.321311 -4.038406
v 0.000000 -6.226588 -4.190969
v 0.000000 -6.408787 -3.893616
v 0.000000 -6.495186 -3.749912
v 0.000000 -6.576834 -3.604496
v 0.000000 -6.657106 -3.453052
v 0.000000 -6.739762 -3.297845
v 0.000000 -6.894311 -2.955284
v 0.000000 -6.826062 -3.129294
v 0.000000 -6.966590 -2.785379
v 0.000000 -7.043948 -2.614126
v 0.000000 -7.151062 -2.264891
v 0.000000 -7.099265 -2.436453
v 0.000000 -7.198433 -2.102077
v 0.000000 -7.244127 -1.940827
v 0.000000 -7.285296 -1.779308
v 0.000000 -7.323928 -1.612603
v 0.000000 -7.363658 -1.441131
v 0.000001 -7.421469 -1.069689
v 0.000001 -7.401462 -1.257277
v 0.000001 -7.448831 -0.886737
v 0.000001 -7.480062 -0.700840
v 0.000001 -7.494413 -0.338050
v 0.000001 -7.488031 -0.516018
v 0.000001 -7.497419 -0.167591
v 0.000001 -7.499531 0.000250
v 0.000001 -7.497542 0.166859
v 0.000001 -7.492017 0.338963
v 0.000001 -7.486601 0.517543
v 0.000001 -7.448517 0.889740
v 0.000001 -7.472885 0.701339
v 0.000001 -7.422903 1.071668
v 0.000001 -7.407665 1.257764
v 0.000001 -7.325845 1.616642
v 0.000001 -7.366180 1.440546
v 0.000001 -7.285056 1.779070
v 0.000001 -7.244333 1.941676
v 0.000001 -7.198234 2.100255
v 0.000001 -7.149132 2.263825
v 0.000001 -7.097226 2.433203
v 0.000001 -6.961894 2.783469
v 0.000001 -7.041434 2.614615
v 0.000001 -6.894534 2.957028
v 0.000001 -6.829771 3.132401
v 0.000001 -6.657087 3.455604
v 0.000001 -6.742540 3.297132
v 0.000001 -6.575706 3.602454
v 0.000001 -6.492450 3.749028
v 0.000001 -6.403801 3.890039
v 0.000001 -6.312970 4.035224
v 0.000001 -6.224737 4.187008
v 0.000001 -6.004348 4.490343
v 0.000001 -6.124796 4.347651
v 0.000001 -5.894280 4.640591
v 0.000001 -5.786174 4.793074
v 0.000001 -5.534079 5.054453
v 0.000001 -5.659146 4.929799
v 0.000001 -5.413630 5.180701
v 0.000001 -5.295546 5.297613
v 0.000001 -5.181478 5.418627
v 0.000001 -5.058191 5.536010
v 0.000001 -4.925423 5.660577
v 0.000001 -4.787541 5.779830
v 0.000001 -4.640136 5.894570
v 0.000001 -4.494158 6.007529
v 0.000001 -4.346552 6.125136
v 0.000001 -4.038101 6.322289
v 0.000001 -4.190319 6.227016
v 0.000001 -3.892694 6.409770
v 0.000001 -3.749442 6.495131
v 0.000001 -3.604250 6.576539
v 0.000001 -3.453225 6.657001
v 0.000001 -3.297878 6.739757
v 0.000001 -2.954822 6.892314
v 0.000001 -3.130373 6.824039
v 0.000001 -2.784057 6.966395
v 0.000001 -2.614909 7.044404
v 0.000000 -2.264840 7.151115
v 0.000000 -2.436441 7.099275
v 0.000000 -2.102005 7.198787
v 0.000000 -1.940378 7.244090
v 0.000000 -1.779764 7.285780
v 0.000000 -1.612566 7.324057
v 0.000000 -1.441117 7.363658
v 0.000000 -1.070622 7.421036
v 0.000000 -1.257659 7.401122
v 0.000000 -0.886498 7.449418
v 0.000000 -0.702493 7.480983
v 0.000000 -0.516145 7.487877
v 0.000000 -0.336740 7.493596
v 0.000000 -0.167225 7.496690
v 0.000000 -0.000722 7.499089
v 0.000000 0.165228 7.495747
v 0.000000 0.336575 7.490957
v 0.000000 0.519757 7.485421
v 0.000000 0.702654 7.473247
v 0.000000 0.888042 7.448075
v 0.000000 1.072155 7.423901
v 0.000000 1.258391 7.407704
v 0.000000 1.612482 7.326556
v 0.000000 1.440447 7.366204
v 0.000000 1.779697 7.284331
v 0.000000 1.940809 7.243252
v 0.000000 2.101029 7.194813
v 0.000000 2.264039 7.148106
v 0.000000 2.437424 7.096897
v 0.000000 2.784247 6.961534
v 0.000000 2.611741 7.038028
v 0.000000 2.958461 6.890843
v 0.000000 3.133987 6.828584
v 0.000000 3.298064 6.742253
v 0.000000 3.458431 6.655872
v 0.000000 3.605698 6.575339
v 0.000000 3.749300 6.492806
v -0.000000 3.889393 6.405444
v -0.000000 4.035448 6.316127
v -0.000000 4.192278 6.221730
v -0.000000 4.345090 6.120622
v -0.000000 4.493141 6.006424
v -0.000000 4.640033 5.895082
v -0.000000 4.793445 5.786317
v -0.000000 5.056259 5.535528
v -0.000000 4.930416 5.658892
v -0.000000 5.181479 5.413334
v -0.000000 5.297614 5.295547
v -0.000000 5.418720 5.182025
v -0.000000 5.535846 5.058733
v -0.000000 5.655928 4.929650
v -0.000000 5.893417 4.640178
v -0.000000 5.780293 4.789685
v -0.000000 6.006195 4.497161
v -0.000000 6.126867 4.349986
v -0.000000 6.321318 4.038404
v -0.000000 6.226593 4.190968
v -0.000000 6.408780 3.893593
v -0.000000 6.495194 3.749895
v -0.000000 6.576869 3.604486
v -0.000000 6.657600 3.452755
v -0.000000 6.742565 3.296695
v -0.000000 6.896466 2.954827
v -0.000000 6.822376 3.129066
v -0.000000 6.967070 2.784737
v -0.000000 7.044172 2.615303
v -0.000000 7.151063 2.264890
v -0.000000 7.099265 2.436453
v -0.000000 7.198526 2.102106
v -0.000000 7.244121 1.940920
v -0.000000 7.285302 1.779302
v -0.000000 7.323935 1.612597
v -0.000000 7.363660 1.441128
v -0.000001 7.401442 1.257238
v -0.000001 7.421465 1.069686
v -0.000001 7.449963 0.889922
v -0.000001 7.480272 0.700299
v -0.000001 7.494506 0.335977
v -0.000001 7.488068 0.515296
v -0.000001 7.497402 0.166681
v -0.000001 7.499727 -0.000209
v -0.000001 7.497573 -0.166831
v -0.000001 7.492092 -0.338940
v -0.000001 7.486790 -0.517514
v -0.000001 7.472882 -0.701346
v -0.000001 7.449927 -0.889290
v -0.000001 7.426291 -1.072057
v -0.000001 7.408201 -1.258064
v -0.000001 7.326546 -1.612478
v -0.000001 7.366202 -1.440443
v -0.000001 7.284343 -1.779679
v -0.000001 7.243255 -1.940800
v -0.000001 7.194814 -2.101019
v -0.000001 7.148106 -2.264030
v -0.000001 7.095634 -2.436658
v -0.000001 7.037199 -2.613188
v -0.000001 6.961145 -2.783973
v -0.000001 6.890263 -2.958004
v -0.000001 6.829451 -3.133811
v -0.000001 6.742340 -3.297962
v -0.000001 6.657866 -3.457729
v -0.000001 6.576735 -3.604345
v -0.000001 6.495418 -3.750779
v -0.000001 6.409645 -3.891995
v -0.000001 6.319613 -4.037272
v -0.000001 6.225646 -4.187185
v -0.000001 6.004150 -4.490618
v -0.000001 6.124716 -4.347920
v -0.000001 5.894233 -4.640982
v -0.000001 5.786076 -4.793808
v -0.000001 5.659297 -4.930297
v -0.000001 5.538520 -5.060828
v -0.000001 5.419216 -5.183652
v -0.000001 5.303298 -5.303341
v -0.000001 5.183776 -5.419559
v -0.000001 5.058609 -5.536460
v -0.000001 4.929881 -5.656551
v -0.000001 4.637764 -5.892296
v -0.000001 4.789548 -5.780991
v -0.000001 4.492026 -6.008014
v -0.000001 4.348444 -6.127303
v -0.000001 4.040144 -6.321922
v -0.000001 4.190293 -6.227208
v -0.000001 3.892959 -6.410055
v -0.000001 3.749842 -6.495820
v -0.000001 3.604529 -6.576614
v -0.000001 3.452678 -6.657761
v -0.000001 3.295510 -6.744605
v -0.000001 3.129304 -6.826054
v -0.000001 2.954997 -6.894012
v -0.000001 2.788377 -6.968740
v -0.000001 2.614131 -7.043982
v -0.000000 2.269025 -7.151201
v -0.000000 2.436468 -7.099342
v -0.000000 2.102408 -7.198472
v -0.000000 1.940951 -7.244386
v -0.000000 1.779648 -7.285356
v -0.000000 1.612312 -7.324173
v -0.000000 1.439536 -7.365658
v -0.000000 1.257213 -7.400851
v -0.000000 0.248757 -7.314063
v -0.000000 0.417359 -7.309783
v -0.000000 0.595539 -7.300047
v -0.000000 0.082460 -7.323323
v -0.000000 -0.082460 -7.323323
v -0.000000 -0.242960 -7.314636
v -0.000000 -0.414556 -7.308146
v -0.000000 -0.594138 -7.297836
v -0.000000 0.775577 -7.283587
v -0.000000 0.955634 -7.258897
v -0.000000 1.137363 -7.233115
v -0.000000 -0.955753 -7.260818
v -0.000000 -0.775040 -7.280967
v -0.000000 -1.138187 -7.235419
v -0.000000 -1.315655 -7.206316
v -0.000000 -1.491793 -7.169000
v -0.000000 -1.661452 -7.129131
v -0.000000 -1.819895 -7.092351
v -0.000000 -1.973369 -7.046340
v -0.000000 -2.125629 -6.988482
v -0.000000 -2.291364 -6.948753
v -0.000000 -2.462695 -6.893993
v -0.000000 -2.628822 -6.828423
v -0.000000 -2.801321 -6.763632
v -0.000000 -2.970843 -6.694769
v -0.000000 -3.134508 -6.619923
v -0.000000 -3.294003 -6.538386
v -0.000000 -3.443210 -6.456718
v -0.000000 -3.586460 -6.379415
v 0.000000 -3.727799 -6.301517
v 0.000000 -3.867355 -6.212193
v 0.000000 -4.014802 -6.121459
v 0.000000 -4.163920 -6.023004
v 0.000000 -4.453808 -5.807192
v 0.000000 -4.306058 -5.916309
v 0.000000 -4.601597 -5.699451
v 0.000000 -4.740311 -5.583155
v 0.000000 -4.995805 -5.347467
v 0.000000 -4.873684 -5.463968
v 0.000000 -5.120053 -5.236681
v 0.000000 -5.236681 -5.120053
v 0.000000 -5.344024 -5.000476
v 0.000000 -5.460614 -4.874521
v 0.000000 -5.579821 -4.740220
v 0.000000 -5.809019 -4.458503
v 0.000000 -5.693640 -4.601085
v 0.000000 -5.920032 -4.312708
v 0.000000 -6.024107 -4.165576
v 0.000000 -6.209883 -3.872395
v 0.000000 -6.121796 -4.016318
v 0.000000 -6.300941 -3.733082
v 0.000000 -6.383410 -3.590241
v 0.000000 -6.456030 -3.446806
v 0.000000 -6.535695 -3.295124
v 0.000000 -6.613271 -3.137281
v 0.000000 -6.694629 -2.970668
v 0.000000 -6.765693 -2.802606
v 0.000000 -6.834716 -2.632520
v 0.000000 -6.897387 -2.464373
v 0.000000 -6.952323 -2.294851
v 0.000000 -6.999999 -2.133177
v 0.000000 -7.052434 -1.975080
v 0.000000 -7.095123 -1.815762
v 0.000000 -7.128186 -1.658501
v 0.000000 -7.165843 -1.491339
v 0.000000 -7.199917 -1.318743
v 0.000000 -7.236371 -1.136261
v 0.000001 -7.260286 -0.955422
v 0.000001 -7.284316 -0.775535
v 0.000001 -7.300454 -0.595565
v 0.000001 -7.310119 -0.417441
v 0.000001 -7.314085 -0.248655
v 0.000001 -7.323323 -0.082460
v 0.000001 -7.323323 0.082460
v 0.000001 -7.314336 0.244259
v 0.000001 -7.308545 0.415289
v 0.000001 -7.297289 0.594151
v 0.000001 -7.258632 0.954326
v 0.000001 -7.280977 0.772823
v 0.000001 -7.235547 1.136944
v 0.000001 -7.205627 1.315185
v 0.000001 -7.168580 1.491214
v 0.000001 -7.129382 1.659959
v 0.000001 -7.095256 1.819155
v 0.000001 -7.050881 1.969834
v 0.000001 -7.002246 2.125559
v 0.000001 -6.950770 2.291530
v 0.000001 -6.896350 2.462949
v 0.000001 -6.833408 2.632277
v 0.000001 -6.764733 2.801976
v 0.000001 -6.695540 2.970581
v 0.000001 -6.619777 3.134929
v 0.000001 -6.538743 3.295715
v 0.000001 -6.456516 3.449470
v 0.000001 -6.379664 3.593514
v 0.000001 -6.295542 3.729433
v 0.000001 -6.203086 3.860669
v 0.000001 -6.119275 4.009938
v 0.000001 -6.023597 4.158625
v 0.000001 -5.809195 4.456598
v 0.000001 -5.919201 4.310481
v 0.000001 -5.698999 4.601794
v 0.000001 -5.583334 4.740745
v 0.000001 -5.341621 4.999805
v 0.000001 -5.461595 4.873245
v 0.000001 -5.220628 5.113966
v 0.000001 -5.119255 5.234460
v 0.000001 -4.995363 5.344953
v 0.000001 -4.872535 5.462354
v 0.000001 -4.738781 5.580124
v 0.000001 -4.600033 5.693398
v 0.000001 -4.457812 5.808949
v 0.000001 -4.313142 5.919290
v 0.000001 -4.165668 6.024406
v 0.000001 -3.871141 6.210275
v 0.000001 -4.015548 6.122331
v 0.000001 -3.733082 6.300941
v 0.000001 -3.590241 6.383410
v 0.000001 -3.446897 6.456050
v 0.000001 -3.295177 6.535688
v 0.000001 -3.137281 6.613271
v 0.000001 -2.970514 6.695793
v 0.000001 -2.802506 6.765978
v 0.000000 -2.634555 6.835905
v 0.000000 -2.465126 6.897810
v 0.000000 -2.133272 7.000421
v 0.000000 -2.295003 6.952636
v 0.000000 -1.975080 7.052434
v 0.000000 -1.815762 7.095123
v 0.000000 -1.658508 7.128238
v 0.000000 -1.491338 7.165850
v 0.000000 -1.318743 7.199917
v 0.000000 -1.137651 7.233310
v 0.000000 -0.956452 7.259655
v 0.000000 -0.776713 7.283839
v 0.000000 -0.596192 7.300453
v 0.000000 -0.417310 7.309676
v 0.000000 -0.248667 7.313955
v 0.000000 -0.082460 7.323323
v 0.000000 0.078902 7.321661
v 0.000000 0.241238 7.312020
v 0.000000 0.415397 7.307124
v 0.000000 0.595216 7.296782
v 0.000000 0.776080 7.279729
v 0.000000 0.956445 7.261608
v 0.000000 1.136402 7.237790
v 0.000000 1.314580 7.206216
v 0.000000 1.489799 7.168537
v 0.000000 1.654090 7.128694
v 0.000000 1.815676 7.095356
v 0.000000 1.970830 7.051186
v 0.000000 2.125478 7.000229
v 0.000000 2.292270 6.950543
v 0.000000 2.462869 6.894433
v 0.000000 2.802570 6.764236
v 0.000000 2.632125 6.832390
v 0.000000 2.972022 6.693826
v 0.000000 3.135722 6.619290
v 0.000000 3.295458 6.538948
v 0.000000 3.445740 6.458067
v 0.000000 3.593351 6.380977
v -0.000000 3.728198 6.296051
v -0.000000 3.860373 6.203649
v -0.000000 4.011240 6.119583
v -0.000000 4.162894 6.021912
v -0.000000 4.306581 5.915320
v -0.000000 4.456431 5.808020
v -0.000000 4.601551 5.699469
v -0.000000 4.740809 5.582926
v -0.000000 4.874039 5.461759
v -0.000000 5.000456 5.341418
v -0.000000 5.113970 5.220626
v -0.000000 5.234461 5.119254
v -0.000000 5.344743 4.998174
v -0.000000 5.461845 4.873449
v -0.000000 5.580657 4.741122
v -0.000000 5.807015 4.458088
v -0.000000 5.694316 4.602884
v -0.000000 5.919532 4.316649
v -0.000000 6.024106 4.166511
v -0.000000 6.209867 3.872387
v -0.000000 6.121784 4.016307
v -0.000000 6.300941 3.733082
v -0.000000 6.383410 3.590241
v -0.000000 6.456083 3.446816
v -0.000000 6.536317 3.295034
v -0.000000 6.616835 3.134506
v -0.000000 6.765729 2.802590
v -0.000000 6.691828 2.970692
v -0.000000 6.835167 2.634480
v -0.000000 6.897431 2.464990
v -0.000000 7.000362 2.133322
v -0.000000 6.952644 2.295057
v -0.000000 7.052434 1.975080
v -0.000000 7.095123 1.815762
v -0.000000 7.128193 1.658505
v -0.000000 7.165850 1.491342
v -0.000000 7.199917 1.318743
v -0.000000 7.236371 1.136261
v -0.000001 7.260257 0.955397
v -0.000001 7.284231 0.775488
v -0.000001 7.300460 0.595215
v -0.000001 7.313767 0.247330
v -0.000001 7.309959 0.416470
v -0.000001 7.323323 0.082460
v -0.000001 7.323323 -0.082460
v -0.000001 7.314404 -0.244337
v -0.000001 7.309091 -0.415270
v -0.000001 7.298615 -0.594155
v -0.000001 7.279549 -0.772808
v -0.000001 7.260878 -0.956083
v -0.000001 7.236961 -1.136340
v -0.000001 7.205961 -1.314273
v -0.000001 7.168460 -1.489826
v -0.000001 7.128642 -1.654111
v -0.000001 7.095356 -1.815672
v -0.000001 7.051186 -1.970826
v -0.000001 7.000229 -2.125475
v -0.000001 6.950287 -2.292078
v -0.000001 6.893540 -2.462107
v -0.000001 6.830896 -2.630895
v -0.000001 6.763779 -2.802100
v -0.000001 6.693589 -2.971645
v -0.000001 6.619561 -3.135316
v -0.000001 6.538348 -3.295774
v -0.000001 6.456776 -3.448577
v -0.000001 6.382660 -3.593554
v -0.000001 6.300764 -3.727609
v -0.000001 6.211752 -3.867256
v -0.000001 6.121271 -4.013854
v -0.000001 6.024428 -4.164583
v -0.000001 5.809129 -4.457102
v -0.000001 5.919496 -4.311025
v -0.000001 5.697865 -4.602626
v -0.000001 5.583165 -4.741040
v -0.000001 5.463144 -4.874228
v -0.000001 5.346224 -4.996407
v -0.000001 5.236681 -5.120053
v -0.000001 5.120053 -5.236681
v -0.000001 5.000470 -5.343976
v -0.000001 4.874485 -5.460134
v -0.000001 4.742019 -5.575943
v -0.000001 4.601768 -5.695646
v -0.000001 4.457639 -5.809074
v -0.000001 4.312174 -5.920334
v -0.000001 4.165663 -6.024733
v -0.000001 3.871066 -6.210234
v -0.000001 4.015666 -6.122388
v -0.000001 3.733082 -6.300941
v -0.000001 3.590241 -6.383410
v -0.000001 3.446909 -6.456017
v -0.000001 3.294983 -6.536679
v -0.000001 3.137281 -6.613271
v -0.000001 2.969900 -6.694631
v -0.000001 2.802568 -6.766220
v -0.000000 2.632544 -6.834929
v -0.000000 2.464552 -6.897743
v -0.000000 2.133145 -7.000421
v -0.000000 2.295115 -6.952857
v -0.000000 1.975080 -7.052434
v -0.000000 1.815762 -7.095123
v -0.000000 1.658525 -7.128162
v -0.000000 1.491114 -7.166272
v -0.000000 1.318743 -7.199917
v -0.000000 0.146549 -7.137290
v -0.000000 0.319924 -7.132001
v -0.000000 0.493245 -7.122683
v -0.000000 0.668529 -7.113039
v -0.000000 0.000000 -7.189322
v -0.000000 -0.146549 -7.137290
v -0.000000 -0.317043 -7.125737
v -0.000000 -0.493038 -7.119644
v -0.000000 -0.666254 -7.111869
v -0.000000 0.846336 -7.094264
v -0.000000 1.021881 -7.071152
v -0.000000 1.197318 -7.042054
v -0.000000 -0.843150 -7.094727
v -0.000000 -1.018599 -7.071743
v -0.000000 -1.195019 -7.043736
v -0.000000 -1.370217 -7.010350
v -0.000000 -1.541159 -6.974099
v -0.000000 -1.705707 -6.932016
v -0.000000 -1.851542 -6.927414
v -0.000000 -1.977485 -6.837202
v -0.000000 -2.150151 -6.800478
v -0.000000 -2.317344 -6.752878
v -0.000000 -2.484461 -6.696134
v -0.000000 -2.649512 -6.632864
v -0.000000 -2.813589 -6.566541
v -0.000000 -2.977352 -6.494249
v -0.000000 -3.133158 -6.414397
v -0.000000 -3.286737 -6.335762
v -0.000000 -3.441721 -6.254345
v -0.000000 -3.588725 -6.218013
v 0.000000 -3.690005 -6.106538
v 0.000000 -3.841390 -6.016555
v 0.000000 -3.987058 -5.919888
v 0.000000 -4.132494 -5.824560
v 0.000000 -4.416991 -5.613381
v 0.000000 -4.276961 -5.720692
v 0.000000 -4.555539 -5.502256
v 0.000000 -4.687005 -5.385923
v 0.000000 -4.943189 -5.150453
v 0.000000 -4.816835 -5.269456
v 0.000000 -5.083614 -5.083614
v 0.000000 -5.150453 -4.943189
v 0.000000 -5.262822 -4.814491
v 0.000000 -5.382876 -4.685887
v 0.000000 -5.499879 -4.557863
v 0.000000 -5.612402 -4.420084
v 0.000000 -5.720363 -4.279510
v 0.000000 -5.825720 -4.135231
v 0.000000 -5.921844 -3.988442
v 0.000000 -6.016543 -3.843081
v 0.000000 -6.107788 -3.695567
v 0.000000 -6.226130 -3.594661
v 0.000000 -6.254345 -3.441721
v 0.000000 -6.329510 -3.288325
v 0.000000 -6.412068 -3.132966
v 0.000000 -6.491991 -2.978975
v 0.000000 -6.564646 -2.817143
v 0.000000 -6.633576 -2.653200
v 0.000000 -6.697928 -2.486919
v 0.000000 -6.751284 -2.319270
v 0.000000 -6.805155 -2.154198
v 0.000000 -6.856152 -1.988835
v 0.000000 -6.944345 -1.860738
v 0.000000 -6.932016 -1.705707
v 0.000000 -6.964918 -1.538111
v 0.000000 -7.005490 -1.366361
v 0.000000 -7.042396 -1.195456
v 0.000000 -7.072683 -1.021245
v 0.000000 -7.095829 -0.846359
v 0.000001 -7.113556 -0.668912
v 0.000001 -7.122653 -0.493174
v 0.000001 -7.133043 -0.320312
v 0.000001 -7.137290 -0.146549
v 0.000001 -7.189322 -0.000000
v 0.000001 -7.137290 0.146549
v 0.000001 -7.129198 0.318345
v 0.000001 -7.119618 0.492056
v 0.000001 -7.111125 0.667121
v 0.000001 -7.093703 0.844583
v 0.000001 -7.071050 1.019670
v 0.000001 -7.043343 1.195696
v 0.000001 -7.007191 1.368635
v 0.000001 -6.971207 1.538371
v 0.000001 -6.932016 1.705707
v 0.000001 -6.942272 1.857314
v 0.000001 -6.860262 1.985680
v 0.000001 -6.801858 2.149293
v 0.000001 -6.752792 2.317440
v 0.000001 -6.696446 2.485863
v 0.000001 -6.633655 2.651593
v 0.000001 -6.566266 2.814422
v 0.000001 -6.494065 2.977516
v 0.000001 -6.413216 3.136764
v 0.000001 -6.338054 3.293376
v 0.000001 -6.254345 3.441721
v 0.000001 -6.212156 3.581397
v 0.000001 -6.092422 3.679699
v 0.000001 -6.012240 3.836929
v 0.000001 -5.923062 3.985896
v 0.000001 -5.824943 4.132893
v 0.000001 -5.614872 4.417162
v 0.000001 -5.721074 4.276011
v 0.000001 -5.503325 4.556633
v 0.000001 -5.385637 4.687537
v 0.000001 -5.266447 4.816266
v 0.000001 -5.150453 4.943189
v 0.000001 -5.069437 5.071504
v 0.000001 -4.943273 5.144997
v 0.000001 -4.819531 5.265176
v 0.000001 -4.687600 5.381822
v 0.000001 -4.556025 5.500274
v 0.000001 -4.418661 5.612874
v 0.000001 -4.276751 5.719099
v 0.000001 -4.135567 5.826070
v 0.000001 -3.988524 5.922769
v 0.000001 -3.842693 6.016893
v 0.000001 -3.695567 6.107788
v 0.000001 -3.594661 6.226130
v 0.000001 -3.441721 6.254345
v 0.000001 -3.288352 6.329504
v 0.000001 -3.132954 6.413151
v 0.000001 -2.977448 6.493073
v 0.000000 -2.817011 6.567376
v 0.000000 -2.654006 6.635142
v 0.000000 -2.487304 6.698026
v 0.000000 -2.320293 6.752281
v 0.000000 -2.154756 6.806026
v 0.000000 -1.988835 6.856152
v 0.000000 -1.860738 6.944345
v 0.000000 -1.705707 6.932016
v 0.000000 -1.538112 6.964900
v 0.000000 -1.366650 7.004543
v 0.000000 -1.197214 7.042118
v 0.000000 -1.021700 7.070914
v 0.000000 -0.847213 7.094332
v 0.000000 -0.669277 7.113188
v 0.000000 -0.493723 7.122488
v 0.000000 -0.319810 7.131716
v 0.000000 -0.146549 7.137290
v 0.000000 -0.001302 7.177941
v 0.000000 0.142246 7.133461
v 0.000000 0.315602 7.126366
v 0.000000 0.491136 7.117280
v 0.000000 0.668216 7.110722
v 0.000000 0.844817 7.095749
v 0.000000 1.019542 7.073784
v 0.000000 1.195066 7.044450
v 0.000000 1.367373 7.007985
v 0.000000 1.537409 6.971670
v 0.000000 1.705707 6.932016
v 0.000000 1.855390 6.929839
v 0.000000 1.984176 6.852659
v 0.000000 2.149293 6.801858
v 0.000000 2.317414 6.749092
v 0.000000 2.485663 6.695321
v 0.000000 2.814987 6.566576
v 0.000000 2.651824 6.633799
v 0.000000 2.977671 6.494197
v 0.000000 3.136119 6.413440
v 0.000000 3.292938 6.338224
v 0.000000 3.441721 6.254345
v 0.000000 3.581397 6.212156
v -0.000000 3.679699 6.092422
v -0.000000 3.836975 6.012270
v -0.000000 3.986080 5.923133
v -0.000000 4.132865 5.824967
v -0.000000 4.275941 5.721114
v -0.000000 4.417286 5.614414
v -0.000000 4.555599 5.502195
v -0.000000 4.687181 5.384585
v -0.000000 4.816943 5.266507
v -0.000000 4.943189 5.150453
v -0.000000 5.071506 5.069436
v -0.000000 5.144997 4.943273
v -0.000000 5.268013 4.816727
v -0.000000 5.383275 4.685765
v -0.000000 5.499297 4.556333
v -0.000000 5.717956 4.277138
v -0.000000 5.611625 4.418501
v -0.000000 5.825541 4.133998
v -0.000000 5.921719 3.987191
v -0.000000 6.016494 3.843052
v -0.000000 6.107788 3.695567
v -0.000000 6.226130 3.594661
v -0.000000 6.254345 3.441721
v -0.000000 6.329584 3.288396
v -0.000000 6.412327 3.132951
v -0.000000 6.492178 2.979013
v -0.000000 6.565572 2.817081
v -0.000000 6.632998 2.653464
v -0.000000 6.697272 2.486869
v -0.000000 6.751705 2.319295
v -0.000000 6.806104 2.154887
v -0.000000 6.856152 1.988835
v -0.000000 6.944345 1.860738
v -0.000000 6.932016 1.705707
v -0.000000 6.964940 1.538139
v -0.000000 7.005499 1.366380
v -0.000000 7.042397 1.195458
v -0.000000 7.072678 1.021232
v -0.000000 7.095771 0.846285
v -0.000001 7.113370 0.668872
v -0.000001 7.122739 0.493316
v -0.000001 7.132250 0.319669
v -0.000001 7.137290 0.146549
v -0.000001 7.189322 0.000000
v -0.000001 7.137290 -0.146549
v -0.000001 7.131217 -0.317397
v -0.000001 7.122484 -0.492052
v -0.000001 7.110848 -0.666583
v -0.000001 7.094140 -0.843565
v -0.000001 7.071950 -1.018929
v -0.000001 7.043176 -1.194337
v -0.000001 7.007885 -1.366706
v -0.000001 6.971451 -1.537573
v -0.000001 6.932016 -1.705707
v -0.000001 6.929839 -1.855390
v -0.000001 6.852659 -1.984176
v -0.000001 6.801858 -2.149293
v -0.000001 6.746879 -2.314783
v -0.000001 6.695898 -2.485192
v -0.000001 6.633576 -2.651443
v -0.000001 6.566250 -2.814035
v -0.000001 6.493661 -2.976609
v -0.000001 6.415144 -3.134622
v -0.000001 6.335434 -3.290206
v -0.000001 6.254345 -3.441721
v -0.000001 6.224997 -3.590819
v -0.000001 6.105619 -3.690163
v -0.000001 6.016042 -3.841340
v -0.000001 5.923522 -3.988413
v -0.000001 5.824411 -4.133014
v -0.000001 5.615545 -4.417653
v -0.000001 5.720584 -4.277045
v -0.000001 5.503075 -4.555630
v -0.000001 5.385416 -4.686792
v -0.000001 5.268431 -4.816806
v -0.000001 5.150453 -4.943189
v -0.000001 5.083614 -5.083614
v -0.000001 4.943189 -5.150453
v -0.000001 4.814511 -5.262738
v -0.000001 4.685778 -5.382786
v -0.000001 4.557754 -5.499940
v -0.000001 4.420383 -5.612857
v -0.000001 4.279804 -5.720343
v -0.000001 4.135430 -5.825374
v -0.000001 3.988346 -5.921868
v -0.000001 3.843006 -6.016950
v -0.000001 3.695567 -6.107788
v -0.000001 3.594661 -6.226130
v -0.000001 3.441721 -6.254345
v -0.000001 3.288307 -6.329498
v -0.000001 3.132981 -6.412480
v -0.000001 2.978944 -6.492414
v -0.000000 2.816834 -6.566772
v -0.000000 2.653123 -6.633956
v -0.000000 2.487139 -6.698296
v -0.000000 2.319634 -6.752277
v -0.000000 1.988835 -6.856152
v -0.000000 2.155329 -6.806454
v -0.000000 1.860738 -6.944345
v -0.000000 1.705707 -6.932016
v -0.000000 1.538095 -6.964937
v -0.000000 1.366723 -7.004668
v -0.000000 0.204681 -6.960383
v -0.000000 0.387653 -6.957359
v -0.000000 0.564699 -6.946536
v -0.000000 0.740725 -6.925623
v -0.000000 -0.203229 -6.956174
v -0.000000 -0.387059 -6.952166
v -0.000000 -0.563582 -6.942128
v -0.000000 -0.737518 -6.924797
v -0.000000 0.911257 -6.904034
v -0.000000 1.080718 -6.880412
v -0.000000 1.252738 -6.851519
v -0.000000 -0.907164 -6.904045
v -0.000000 -1.076657 -6.880929
v -0.000000 -1.251464 -6.855472
v -0.000000 -1.423841 -6.817760
v -0.000000 -1.600229 -6.777316
v -0.000000 -1.996521 -6.661830
v -0.000000 -2.172963 -6.613110
v -0.000000 -2.340818 -6.559344
v -0.000000 -2.504143 -6.497926
v -0.000000 -2.662753 -6.433709
v -0.000000 -2.820690 -6.368029
v -0.000000 -2.984306 -6.297411
v -0.000000 -3.143076 -6.217928
v -0.000000 -3.302908 -6.130221
v 0.000000 -3.654949 -5.921070
v 0.000000 -3.811180 -5.824728
v 0.000000 -3.960438 -5.729703
v 0.000000 -4.101753 -5.627599
v 0.000000 -4.372819 -5.420926
v 0.000000 -4.237054 -5.524854
v 0.000000 -4.512375 -5.311074
v 0.000000 -4.645383 -5.192828
v 0.000000 -4.776979 -5.066475
v 0.000000 -5.062445 -4.775052
v 0.000000 -5.189617 -4.642268
v 0.000000 -5.307259 -4.510589
v 0.000000 -5.418012 -4.376007
v 0.000000 -5.523048 -4.240936
v 0.000000 -5.627186 -4.104216
v 0.000000 -5.733552 -3.962418
v 0.000000 -5.831435 -3.814446
v 0.000000 -5.925514 -3.657465
v 0.000000 -6.125834 -3.302091
v 0.000000 -6.214300 -3.140917
v 0.000000 -6.293910 -2.983150
v 0.000000 -6.365772 -2.823863
v 0.000000 -6.432492 -2.666394
v 0.000000 -6.498003 -2.508082
v 0.000000 -6.563021 -2.342990
v 0.000000 -6.618168 -2.173326
v 0.000000 -6.670228 -1.999207
v 0.000000 -6.771745 -1.604096
v 0.000000 -6.815480 -1.425516
v 0.000000 -6.851745 -1.252634
v 0.000000 -6.881799 -1.080299
v 0.000000 -6.905455 -0.911489
v 0.000000 -6.925736 -0.742458
v 0.000000 -6.947779 -0.565324
v 0.000001 -6.955640 -0.386665
v 0.000001 -6.960884 -0.204774
v 0.000001 -6.955101 0.199861
v 0.000001 -6.950737 0.387657
v 0.000001 -6.941863 0.564952
v 0.000001 -6.924353 0.738870
v 0.000001 -6.903571 0.907729
v 0.000001 -6.880972 1.077000
v 0.000001 -6.856018 1.252494
v 0.000001 -6.819673 1.426789
v 0.000001 -6.776194 1.603749
v 0.000001 -6.666335 1.997695
v 0.000001 -6.612062 2.173320
v 0.000001 -6.559253 2.342703
v 0.000001 -6.497310 2.505621
v 0.000001 -6.432960 2.664115
v 0.000001 -6.365708 2.822328
v 0.000001 -6.298013 2.983918
v 0.000001 -6.215580 3.141521
v 0.000001 -6.128356 3.302177
v 0.000001 -5.918117 3.652693
v 0.000001 -5.825388 3.810515
v 0.000001 -5.729990 3.958731
v 0.000001 -5.628393 4.100607
v 0.000001 -5.421000 4.372743
v 0.000001 -5.525305 4.237203
v 0.000001 -5.315132 4.512651
v 0.000001 -5.194445 4.644878
v 0.000001 -5.066475 4.776988
v 0.000001 -4.774744 5.063307
v 0.000001 -4.640470 5.188574
v 0.000001 -4.509472 5.308260
v 0.000001 -4.374360 5.417451
v 0.000001 -4.240421 5.520925
v 0.000001 -4.105872 5.626699
v 0.000001 -3.963740 5.735207
v 0.000001 -3.814446 5.831435
v 0.000001 -3.657465 5.925514
v 0.000001 -3.302091 6.125834
v 0.000001 -3.140917 6.214300
v 0.000001 -2.983303 6.294095
v 0.000000 -2.824652 6.367870
v 0.000000 -2.667840 6.434574
v 0.000000 -2.509680 6.497589
v 0.000000 -2.344808 6.563898
v 0.000000 -2.174759 6.619670
v 0.000000 -1.999207 6.670228
v 0.000000 -1.604100 6.771729
v 0.000000 -1.425519 6.815471
v 0.000000 -1.252681 6.851584
v 0.000000 -1.080144 6.880384
v 0.000000 -0.911384 6.904035
v 0.000000 -0.742435 6.925794
v 0.000000 -0.565939 6.946809
v 0.000000 -0.387325 6.956830
v 0.000000 -0.204681 6.960383
v 0.000000 0.203932 6.956526
v 0.000000 0.387929 6.949268
v 0.000000 0.565101 6.941800
v 0.000000 0.737485 6.922667
v 0.000000 0.908085 6.903542
v 0.000000 1.078854 6.883620
v 0.000000 1.253265 6.857613
v 0.000000 1.426896 6.818828
v 0.000000 1.603762 6.776187
v 0.000000 1.997683 6.666379
v 0.000000 2.175077 6.612249
v 0.000000 2.342620 6.559158
v 0.000000 2.503667 6.495843
v 0.000000 2.664111 6.432966
v 0.000000 2.821929 6.366488
v 0.000000 2.983145 6.298540
v 0.000000 3.141455 6.215586
v 0.000000 3.302879 6.127487
v -0.000000 3.652693 5.918117
v -0.000000 3.810515 5.825388
v -0.000000 3.958730 5.729995
v -0.000000 4.100595 5.628398
v -0.000000 4.237185 5.525320
v -0.000000 4.372743 5.421000
v -0.000000 4.512402 5.311089
v -0.000000 4.645381 5.192840
v -0.000000 4.776988 5.066475
v -0.000000 5.062715 4.773112
v -0.000000 5.188940 4.639457
v -0.000000 5.307974 4.508857
v -0.000000 5.414680 4.372822
v -0.000000 5.627203 4.104246
v -0.000000 5.518752 4.240229
v -0.000000 5.734387 3.962760
v -0.000000 5.830332 3.812405
v -0.000000 5.925514 3.657465
v -0.000000 6.125836 3.302153
v -0.000000 6.214298 3.140941
v -0.000000 6.293950 2.983259
v -0.000000 6.365786 2.823921
v -0.000000 6.432071 2.666284
v -0.000000 6.495542 2.507624
v -0.000000 6.564494 2.343800
v -0.000000 6.618234 2.173327
v -0.000000 6.670228 1.999207
v -0.000000 6.771777 1.604151
v -0.000000 6.815494 1.425537
v -0.000000 6.851747 1.252643
v -0.000000 6.881799 1.080301
v -0.000000 6.905455 0.911490
v -0.000000 6.925736 0.742458
v -0.000000 6.946844 0.565891
v -0.000001 6.956823 0.387315
v -0.000001 6.960378 0.204687
v -0.000001 6.955585 -0.200021
v -0.000001 6.956729 -0.386413
v -0.000001 6.940520 -0.561278
v -0.000001 6.920681 -0.735209
v -0.000001 6.905185 -0.906491
v -0.000001 6.880955 -1.076554
v -0.000001 6.856122 -1.252365
v -0.000001 6.820002 -1.426644
v -0.000001 6.776187 -1.603762
v -0.000001 6.666335 -1.997695
v -0.000001 6.612223 -2.175077
v -0.000001 6.559216 -2.343010
v -0.000001 6.497409 -2.505522
v -0.000001 6.432660 -2.661500
v -0.000001 6.367976 -2.820784
v -0.000001 6.297995 -2.984115
v -0.000001 6.218401 -3.143135
v -0.000001 6.130221 -3.302908
v -0.000001 5.920578 -3.654834
v -0.000001 5.824111 -3.813019
v -0.000001 5.728963 -3.960295
v -0.000001 5.625308 -4.097685
v -0.000001 5.526832 -4.236497
v -0.000001 5.424675 -4.372945
v -0.000001 5.311531 -4.511942
v -0.000001 5.191201 -4.644837
v -0.000001 5.066475 -4.776979
v -0.000001 4.775056 -5.062460
v -0.000001 4.642270 -5.189626
v -0.000001 4.510585 -5.307372
v -0.000001 4.375278 -5.418000
v -0.000001 4.240174 -5.522826
v -0.000001 4.103353 -5.625206
v -0.000001 3.962919 -5.733420
v -0.000001 3.813941 -5.831242
v -0.000001 3.657468 -5.925507
v -0.000001 3.302091 -6.125818
v -0.000001 3.140917 -6.214290
v -0.000001 2.983341 -6.293843
v -0.000000 2.824693 -6.366358
v -0.000000 2.667124 -6.433162
v -0.000000 2.507984 -6.497952
v -0.000000 2.343700 -6.564834
v -0.000000 2.173606 -6.618543
v -0.000000 1.999211 -6.670221
v -0.000000 1.604151 -6.771777
v -0.000000 1.425537 -6.815494
v 0.000000 0.000000 6.972697
v -0.000000 0.000000 -6.972697
v -0.000001 6.972697 0.000000
v 0.000001 -6.972697 -0.000000
v 0.000001 -4.930437 4.930437
v -0.000000 4.930437 4.930437
v 0.000000 -4.930437 -4.930437
v -0.000001 4.930437 -4.930437
v 0.000000 -6.038525 -3.486348
v -0.000000 6.038525 3.486348
v -0.000001 3.486348 -6.038525
v -0.000000 -3.486348 -6.038525
v 0.000000 3.481979 6.057510
v 0.000001 -3.486348 6.038525
v -0.000001 6.038525 -3.486348
v 0.000001 -6.057510 3.481979
v -0.000001 6.735100 -1.804672
v 0.000000 1.804672 6.735100
v 0.000001 -6.735100 1.804672
v -0.000000 6.735100 1.804672
v -0.000000 1.804672 -6.735100
v 0.000000 -1.804672 6.735100
v 0.000000 -6.735100 -1.804672
v -0.000000 -1.795538 -6.752307
v -0.000000 0.282376 -6.780044
v -0.000000 0.100738 -6.777300
v -0.000000 0.460988 -6.783500
v -0.000000 0.643151 -6.773024
v -0.000000 0.804615 -6.739166
v -0.000000 -0.096609 -6.773876
v -0.000000 -0.279902 -6.767204
v -0.000000 -0.464779 -6.769985
v -0.000000 -0.637199 -6.757405
v -0.000000 -0.802459 -6.729967
v -0.000000 0.969995 -6.711605
v -0.000000 1.134925 -6.692014
v -0.000000 1.303698 -6.659545
v -0.000000 -0.968236 -6.718161
v -0.000000 -1.131762 -6.708704
v -0.000000 -1.307916 -6.661735
v -0.000000 -1.478423 -6.619583
v -0.000000 -1.654481 -6.576437
v -0.000000 -1.836891 -6.527028
v -0.000000 -2.021132 -6.462901
v -0.000000 -2.201120 -6.418788
v -0.000000 -2.363215 -6.363006
v -0.000000 -2.516839 -6.293231
v -0.000000 -2.673955 -6.238750
v -0.000000 -2.829537 -6.187189
v -0.000000 -2.986655 -6.103721
v -0.000000 -3.142634 -6.011971
v -0.000000 -3.301917 -5.921809
v 0.000000 -3.628909 -5.722867
v 0.000000 -3.471410 -5.819774
v 0.000000 -3.788362 -5.631099
v 0.000000 -3.929911 -5.534983
v 0.000000 -4.059885 -5.427397
v 0.000000 -4.334483 -5.244030
v 0.000000 -4.197042 -5.333784
v 0.000000 -4.473199 -5.131655
v 0.000000 -4.594151 -4.994749
v 0.000000 -4.722968 -4.862750
v 0.000000 -4.851527 -4.728090
v 0.000000 -4.983800 -4.586682
v 0.000000 -5.115843 -4.458571
v 0.000000 -5.228362 -4.328484
v 0.000000 -5.327415 -4.195710
v 0.000000 -5.433896 -4.066323
v 0.000000 -5.544042 -3.943500
v 0.000000 -5.644101 -3.790715
v 0.000000 -5.731030 -3.633321
v 0.000000 -5.821209 -3.474037
v 0.000000 -5.909962 -3.311273
v 0.000000 -6.001193 -3.140433
v 0.000000 -6.095519 -2.982563
v 0.000000 -6.170617 -2.827784
v 0.000000 -6.229691 -2.670293
v 0.000000 -6.301715 -2.520523
v 0.000000 -6.375784 -2.374227
v 0.000000 -6.423290 -2.198181
v 0.000000 -6.471179 -2.022805
v 0.000000 -6.525912 -1.844385
v 0.000000 -6.571434 -1.662687
v 0.000000 -6.609447 -1.480362
v 0.000000 -6.659565 -1.303709
v 0.000000 -6.692154 -1.135024
v 0.000000 -6.711602 -0.969627
v 0.000000 -6.739019 -0.805246
v 0.000000 -6.773024 -0.643151
v 0.000000 -6.782588 -0.458064
v 0.000000 -6.779761 -0.279825
v 0.000001 -6.781040 -0.091339
v 0.000001 -6.767876 0.280797
v 0.000001 -6.774874 0.093355
v 0.000001 -6.769953 0.465074
v 0.000001 -6.757831 0.637092
v 0.000001 -6.729567 0.802579
v 0.000001 -6.718250 0.968444
v 0.000001 -6.708704 1.131762
v 0.000001 -6.678603 1.309411
v 0.000001 -6.622679 1.480721
v 0.000001 -6.572337 1.656938
v 0.000001 -6.517871 1.846616
v 0.000001 -6.466730 2.024176
v 0.000001 -6.419712 2.201859
v 0.000001 -6.363519 2.363451
v 0.000001 -6.293231 2.516839
v 0.000001 -6.237260 2.674889
v 0.000001 -6.178715 2.831005
v 0.000001 -6.100460 2.984696
v 0.000001 -6.009545 3.144728
v 0.000001 -5.924099 3.303562
v 0.000001 -5.720269 3.624924
v 0.000001 -5.832187 3.465820
v 0.000001 -5.630396 3.787408
v 0.000001 -5.534533 3.929534
v 0.000001 -5.427397 4.059885
v 0.000001 -5.244030 4.334483
v 0.000001 -5.334104 4.197547
v 0.000001 -5.137714 4.472421
v 0.000001 -4.997639 4.592766
v 0.000001 -4.865409 4.722055
v 0.000001 -4.722817 4.859221
v 0.000001 -4.589146 4.986477
v 0.000001 -4.458771 5.116686
v 0.000001 -4.329381 5.228605
v 0.000001 -4.192121 5.326487
v 0.000001 -4.066359 5.434365
v 0.000001 -3.943500 5.544042
v 0.000001 -3.792107 5.644465
v 0.000001 -3.633878 5.731024
v 0.000001 -3.474188 5.821173
v 0.000000 -3.140601 6.001076
v 0.000001 -3.311393 5.909882
v 0.000000 -2.982905 6.095224
v 0.000000 -2.828402 6.170359
v 0.000000 -2.673675 6.231956
v 0.000000 -2.521992 6.300986
v 0.000000 -2.374227 6.375784
v 0.000000 -2.202748 6.434751
v 0.000000 -2.027082 6.475354
v 0.000000 -1.849272 6.523906
v 0.000000 -1.480486 6.609369
v 0.000000 -1.665478 6.568045
v 0.000000 -1.303714 6.659556
v 0.000000 -1.135024 6.692153
v 0.000000 -0.967243 6.708923
v 0.000000 -0.804403 6.739439
v 0.000000 -0.643151 6.773024
v 0.000000 -0.461925 6.786598
v 0.000000 -0.282987 6.779595
v 0.000000 -0.100611 6.777246
v 0.000000 0.096719 6.773771
v 0.000000 0.281513 6.770362
v 0.000000 0.465600 6.770751
v 0.000000 0.637085 6.757929
v 0.000000 0.802459 6.729967
v 0.000000 0.968831 6.718196
v 0.000000 1.134018 6.708648
v 0.000000 1.311424 6.671884
v 0.000000 1.481919 6.622066
v 0.000000 1.656584 6.574702
v 0.000000 2.022447 6.465115
v 0.000000 1.846867 6.519656
v 0.000000 2.201852 6.419733
v 0.000000 2.363451 6.363519
v 0.000000 2.516839 6.293231
v 0.000000 2.674872 6.237291
v 0.000000 2.830969 6.178801
v 0.000000 2.984646 6.100576
v 0.000000 3.144852 6.009546
v 0.000000 3.303821 5.924526
v -0.000000 3.624924 5.720269
v -0.000000 3.463799 5.832243
v -0.000000 3.787408 5.630396
v -0.000000 3.929534 5.534533
v -0.000000 4.059885 5.427397
v -0.000000 4.197547 5.334104
v -0.000000 4.334483 5.244030
v -0.000000 4.473216 5.131680
v -0.000000 4.593376 4.995723
v -0.000000 4.721158 4.863349
v -0.000000 4.986496 4.587541
v -0.000000 4.858354 4.721572
v -0.000000 5.117187 4.458028
v -0.000000 5.229270 4.326392
v -0.000000 5.326221 4.191632
v -0.000000 5.544042 3.943500
v -0.000000 5.434496 4.065577
v -0.000000 5.645442 3.788134
v -0.000000 5.731107 3.632793
v -0.000000 5.821262 3.474685
v -0.000000 6.001410 3.141228
v -0.000000 5.918217 3.302671
v -0.000000 6.095527 2.982617
v -0.000000 6.170778 2.827899
v -0.000000 6.229990 2.670683
v -0.000000 6.300272 2.520559
v -0.000000 6.375784 2.374227
v -0.000000 6.433780 2.198516
v -0.000000 6.475815 2.024454
v -0.000000 6.522238 1.849559
v -0.000000 6.609922 1.481002
v -0.000000 6.571405 1.658334
v -0.000000 6.659570 1.303729
v -0.000000 6.692155 1.135026
v -0.000000 6.711602 0.969628
v -0.000000 6.739019 0.805246
v -0.000000 6.773024 0.643151
v -0.000000 6.786608 0.461904
v -0.000000 6.779473 0.281746
v -0.000001 6.779404 0.098083
v -0.000001 6.774137 -0.090072
v -0.000001 6.770180 -0.280546
v -0.000001 6.770089 -0.464333
v -0.000001 6.754637 -0.635553
v -0.000001 6.729967 -0.802459
v -0.000001 6.718163 -0.968215
v -0.000001 6.708704 -1.131762
v -0.000001 6.683614 -1.309126
v -0.000001 6.623912 -1.480399
v -0.000001 6.572369 -1.656944
v -0.000001 6.517873 -1.846615
v -0.000001 6.464396 -2.022587
v -0.000001 6.419718 -2.201855
v -0.000001 6.363519 -2.363451
v -0.000001 6.293231 -2.516839
v -0.000001 6.238320 -2.673552
v -0.000001 6.187189 -2.829537
v -0.000001 6.114531 -2.992681
v -0.000001 6.014328 -3.143905
v -0.000001 5.919552 -3.301563
v -0.000001 5.719930 -3.627301
v -0.000001 5.818063 -3.470768
v -0.000001 5.630535 -3.789027
v -0.000001 5.532388 -3.931384
v -0.000001 5.426981 -4.059779
v -0.000001 5.334102 -4.197052
v -0.000001 5.244030 -4.334483
v -0.000001 5.115184 -4.463629
v -0.000001 4.987317 -4.592807
v -0.000001 4.860203 -4.729423
v -0.000001 4.725573 -4.859768
v -0.000001 4.586626 -4.983933
v -0.000001 4.458597 -5.115890
v -0.000001 4.328634 -5.228621
v -0.000001 4.192121 -5.326487
v -0.000001 4.065304 -5.433240
v -0.000001 3.943500 -5.544042
v -0.000001 3.792517 -5.645251
v -0.000001 3.633702 -5.730080
v -0.000001 3.474395 -5.820631
v -0.000000 3.140655 -6.000982
v -0.000001 3.311456 -5.909842
v -0.000000 2.982874 -6.095198
v -0.000000 2.828270 -6.170258
v -0.000000 2.674008 -6.232197
v -0.000000 2.521387 -6.301782
v -0.000000 2.374227 -6.375784
v -0.000000 2.198556 -6.434026
v -0.000000 2.025838 -6.476168
v -0.000000 1.849567 -6.522231
v -0.000000 1.658336 -6.571404
v -0.000000 1.480990 -6.609916
v -0.000000 0.389562 -6.601573
v -0.000000 0.197360 -6.594829
v -0.000000 0.000000 -6.585023
v -0.000000 0.546378 -6.641209
v -0.000000 0.696138 -6.580538
v -0.000000 0.862197 -6.543712
v -0.000000 -0.196079 -6.585145
v -0.000000 -0.383187 -6.579650
v -0.000000 -0.540016 -6.614679
v -0.000000 -0.689946 -6.555697
v -0.000000 -0.863182 -6.548638
v -0.000000 1.030292 -6.510897
v -0.000000 1.191062 -6.528712
v -0.000000 1.332884 -6.454597
v -0.000000 -1.030783 -6.536488
v -0.000000 -1.191112 -6.556330
v -0.000000 -1.336695 -6.467728
v -0.000000 -1.520398 -6.418197
v -0.000000 -1.704659 -6.370348
v -0.000000 -1.891680 -6.314905
v -0.000000 -2.073013 -6.256282
v -0.000000 -2.234909 -6.249437
v -0.000000 -2.363203 -6.153743
v -0.000000 -2.528656 -6.102152
v -0.000000 -2.687427 -6.046976
v -0.000000 -2.847427 -6.024647
v -0.000000 -2.962961 -5.906273
v -0.000000 -3.126014 -5.810285
v -0.000000 -3.294495 -5.711618
v 0.000000 -3.461050 -5.606307
v 0.000000 -3.621615 -5.506573
v 0.000000 -3.774520 -5.458779
v 0.000000 -3.875383 -5.332418
v 0.000000 -4.019335 -5.238623
v 0.000000 -4.309694 -5.082396
v 0.000000 -4.160925 -5.145375
v 0.000000 -4.390718 -4.939232
v 0.000000 -4.521811 -4.803362
v 0.000000 -4.656301 -4.656301
v 0.000000 -4.794697 -4.517906
v 0.000000 -4.923410 -4.381603
v 0.000000 -5.060115 -4.294763
v 0.000000 -5.123463 -4.147701
v 0.000000 -5.235911 -4.018518
v 0.000000 -5.350863 -3.893128
v 0.000000 -5.478264 -3.793788
v 0.000000 -5.522409 -3.638175
v 0.000000 -5.612842 -3.467726
v 0.000000 -5.702779 -3.292505
v 0.000000 -5.800917 -3.122793
v 0.000000 -5.889688 -2.958035
v 0.000000 -5.999296 -2.838752
v 0.000000 -6.022388 -2.680324
v 0.000000 -6.099693 -2.525804
v 0.000000 -6.176151 -2.375571
v 0.000000 -6.273499 -2.246642
v 0.000000 -6.269722 -2.076912
v 0.000000 -6.317125 -1.894669
v 0.000000 -6.367988 -1.705426
v 0.000000 -6.411498 -1.515027
v 0.000000 -6.454597 -1.332884
v 0.000000 -6.528742 -1.191080
v 0.000000 -6.510897 -1.030292
v 0.000000 -6.540823 -0.862359
v 0.000000 -6.580538 -0.696138
v 0.000000 -6.641209 -0.546378
v 0.000000 -6.601894 -0.389538
v 0.000000 -6.595221 -0.196324
v 0.000000 -6.585023 -0.000000
v 0.000001 -6.579650 0.383187
v 0.000001 -6.584563 0.195850
v 0.000001 -6.614758 0.539947
v 0.000001 -6.555697 0.689946
v 0.000001 -6.544756 0.861091
v 0.000001 -6.536488 1.030783
v 0.000001 -6.556330 1.191112
v 0.000001 -6.473169 1.332617
v 0.000001 -6.420916 1.513850
v 0.000001 -6.360624 1.704331
v 0.000001 -6.309595 1.893303
v 0.000001 -6.256282 2.073013
v 0.000001 -6.249694 2.233076
v 0.000001 -6.153743 2.363203
v 0.000001 -6.098787 2.525287
v 0.000001 -6.046976 2.687427
v 0.000001 -6.006599 2.842437
v 0.000001 -5.897336 2.966263
v 0.000001 -5.806482 3.130273
v 0.000001 -5.713776 3.295491
v 0.000001 -5.612221 3.461355
v 0.000001 -5.506573 3.621615
v 0.000001 -5.458040 3.776220
v 0.000001 -5.332418 3.875383
v 0.000001 -5.239766 4.021845
v 0.000001 -5.145375 4.160925
v 0.000001 -5.082396 4.309694
v 0.000001 -4.938211 4.390603
v 0.000001 -4.803259 4.523263
v 0.000001 -4.664324 4.660511
v 0.000001 -4.519522 4.794131
v 0.000001 -4.381603 4.923410
v 0.000001 -4.296007 5.058660
v 0.000001 -4.147701 5.123463
v 0.000001 -4.017708 5.236482
v 0.000001 -3.893128 5.350863
v 0.000001 -3.793788 5.478264
v 0.000001 -3.638175 5.522409
v 0.000001 -3.467832 5.612909
v 0.000000 -3.292505 5.702779
v 0.000000 -2.958035 5.889688
v 0.000000 -3.122811 5.800920
v 0.000000 -2.840253 5.998010
v 0.000000 -2.680324 6.022388
v 0.000000 -2.525859 6.094763
v 0.000000 -2.375571 6.176151
v 0.000000 -2.246642 6.273499
v 0.000000 -2.083063 6.272513
v 0.000000 -1.899391 6.317842
v 0.000000 -1.704331 6.360624
v 0.000000 -1.332884 6.454597
v 0.000000 -1.517038 6.413724
v 0.000000 -1.191095 6.528709
v 0.000000 -1.030292 6.510897
v 0.000000 -0.861276 6.543645
v 0.000000 -0.696138 6.580538
v 0.000000 -0.546378 6.641209
v 0.000000 -0.387975 6.597316
v 0.000000 -0.199580 6.593925
v 0.000000 0.000000 6.585023
v 0.000000 0.195763 6.584641
v 0.000000 0.383187 6.579650
v 0.000000 0.539908 6.614799
v 0.000000 0.689946 6.555697
v 0.000000 0.861653 6.546494
v 0.000000 1.030783 6.536488
v 0.000000 1.191112 6.556330
v 0.000000 1.332169 6.474095
v 0.000000 1.513646 6.423099
v 0.000000 1.704073 6.369679
v 0.000000 1.892430 6.311131
v 0.000000 2.073013 6.256282
v 0.000000 2.233122 6.249748
v 0.000000 2.363203 6.153743
v 0.000000 2.525223 6.098880
v 0.000000 2.687427 6.046976
v 0.000000 2.842369 6.006712
v 0.000000 2.966086 5.897581
v 0.000000 3.130171 5.806610
v 0.000000 3.295071 5.713882
v -0.000000 3.621615 5.506573
v -0.000000 3.461175 5.612228
v -0.000000 3.776220 5.458039
v -0.000000 3.875383 5.332418
v -0.000000 4.021845 5.239766
v -0.000000 4.160925 5.145375
v -0.000000 4.309694 5.082396
v -0.000000 4.390718 4.939232
v -0.000000 4.521528 4.803651
v -0.000000 4.656301 4.656301
v -0.000000 4.923410 4.381603
v -0.000000 4.794443 4.517641
v -0.000000 5.060117 4.294763
v -0.000000 5.123463 4.147701
v -0.000000 5.237996 4.018535
v -0.000000 5.478264 3.793788
v -0.000000 5.350863 3.893128
v -0.000000 5.519759 3.636636
v -0.000000 5.611963 3.472090
v -0.000000 5.708922 3.299164
v -0.000000 5.889688 2.958035
v -0.000000 5.800843 3.124888
v -0.000000 5.999271 2.838785
v -0.000000 6.022388 2.680324
v -0.000000 6.097937 2.525476
v -0.000000 6.176151 2.375571
v -0.000000 6.273499 2.246642
v -0.000000 6.272811 2.083370
v -0.000000 6.319436 1.896337
v -0.000000 6.368338 1.709081
v -0.000000 6.412189 1.516812
v -0.000000 6.454597 1.332884
v -0.000000 6.528742 1.191081
v -0.000000 6.510897 1.030292
v -0.000000 6.540823 0.862359
v -0.000000 6.580538 0.696138
v -0.000000 6.641209 0.546378
v -0.000000 6.597316 0.387975
v -0.000000 6.593928 0.199173
v -0.000000 6.585023 0.000000
v -0.000001 6.584415 -0.195537
v -0.000001 6.579650 -0.383187
v -0.000001 6.614857 -0.541285
v -0.000001 6.555697 -0.689946
v -0.000001 6.548638 -0.863182
v -0.000001 6.536488 -1.030783
v -0.000001 6.556330 -1.191112
v -0.000001 6.473571 -1.332447
v -0.000001 6.421155 -1.513728
v -0.000001 6.360624 -1.704331
v -0.000001 6.309604 -1.893301
v -0.000001 6.256282 -2.073013
v -0.000001 6.249735 -2.233077
v -0.000001 6.153743 -2.363203
v -0.000001 6.100464 -2.526515
v -0.000001 6.046976 -2.687427
v -0.000001 6.024647 -2.847427
v -0.000001 5.907336 -2.962742
v -0.000001 5.810227 -3.124186
v -0.000001 5.702779 -3.292505
v -0.000001 5.604568 -3.461838
v -0.000001 5.506573 -3.621615
v -0.000001 5.458023 -3.776207
v -0.000001 5.332418 -3.875383
v -0.000001 5.238607 -4.019451
v -0.000001 5.145375 -4.160925
v -0.000001 5.082396 -4.309694
v -0.000001 4.933436 -4.391295
v -0.000001 4.799357 -4.523464
v -0.000001 4.660923 -4.662135
v -0.000001 4.517778 -4.795014
v -0.000001 4.381603 -4.923410
v -0.000001 4.294773 -5.060144
v -0.000001 4.147701 -5.123463
v -0.000001 4.017692 -5.236549
v -0.000001 3.893128 -5.350863
v -0.000001 3.793788 -5.478264
v -0.000001 3.635532 -5.519650
v -0.000001 3.469848 -5.610969
v -0.000000 3.292505 -5.702779
v -0.000000 2.958035 -5.889688
v -0.000000 3.123027 -5.800637
v -0.000000 2.840252 -5.997947
v -0.000000 2.680324 -6.022388
v -0.000000 2.525930 -6.099585
v -0.000000 2.375571 -6.176151
v -0.000000 2.246642 -6.273499
v -0.000000 2.083477 -6.272784
v -0.000000 1.900907 -6.319367
v -0.000000 1.709081 -6.368338
v -0.000000 1.516812 -6.412188
v -0.000000 0.309558 -6.415232
v -0.000000 0.103651 -6.413579
v -0.000000 -0.107136 -6.413662
v -0.000000 0.744222 -6.390545
v -0.000000 0.936589 -6.352588
v -0.000000 -0.309166 -6.411123
v -0.000000 -0.745090 -6.386122
v -0.000000 -0.937250 -6.362054
v -0.000000 1.361553 -6.272541
v -0.000000 -1.356178 -6.280455
v -0.000000 -1.559699 -6.221967
v -0.000000 -1.763447 -6.167381
v -0.000000 -1.957987 -6.112631
v -0.000000 -2.372557 -5.975684
v -0.000000 -2.551866 -5.902744
v -0.000000 -2.935599 -5.714647
v -0.000000 -3.113939 -5.609934
v 0.000000 -3.295403 -5.502273
v 0.000000 -3.472116 -5.398099
v 0.000000 -3.833182 -5.157416
v 0.000000 -3.991861 -5.040792
v 0.000000 -4.314628 -4.760139
v 0.000000 -4.461135 -4.609011
v 0.000000 -4.609729 -4.459854
v 0.000000 -4.751376 -4.314970
v 0.000000 -5.033205 -3.987362
v 0.000000 -5.162275 -3.839786
v 0.000000 -5.400805 -3.475584
v 0.000000 -5.502471 -3.296553
v 0.000000 -5.607945 -3.114033
v 0.000000 -5.706755 -2.937844
v 0.000000 -5.897536 -2.548929
v 0.000000 -5.977439 -2.368912
v 0.000000 -6.117077 -1.965853
v 0.000000 -6.168177 -1.760313
v 0.000000 -6.222821 -1.556524
v 0.000000 -6.272662 -1.360782
v 0.000000 -6.352592 -0.936592
v 0.000000 -6.387987 -0.740840
v 0.000000 -6.417172 -0.308503
v 0.000000 -6.413546 -0.103710
v 0.000000 -6.413658 0.107125
v 0.000000 -6.411111 0.309167
v 0.000001 -6.382933 0.740946
v 0.000001 -6.361043 0.936684
v 0.000001 -6.279718 1.356461
v 0.000001 -6.222069 1.558892
v 0.000001 -6.167207 1.762210
v 0.000001 -6.112535 1.957366
v 0.000001 -5.973771 2.367812
v 0.000001 -5.901825 2.551117
v 0.000001 -5.714338 2.935815
v 0.000001 -5.609421 3.114890
v 0.000001 -5.502237 3.296435
v 0.000001 -5.398035 3.472695
v 0.000001 -5.158007 3.838332
v 0.000001 -5.040995 3.992941
v 0.000001 -4.760169 4.314585
v 0.000001 -4.612852 4.459727
v 0.000001 -4.461877 4.607205
v 0.000001 -4.315578 4.750896
v 0.000001 -3.988667 5.036665
v 0.000001 -3.834870 5.167029
v 0.000000 -3.475631 5.401077
v 0.000000 -3.296553 5.502471
v 0.000000 -3.114033 5.607945
v 0.000000 -2.937890 5.706736
v 0.000000 -2.548861 5.893730
v 0.000000 -2.369301 5.976722
v 0.000000 -1.966281 6.117168
v 0.000000 -1.761197 6.167948
v 0.000000 -1.557527 6.222059
v 0.000000 -1.362861 6.270262
v 0.000000 -0.936261 6.355977
v 0.000000 -0.741529 6.387086
v 0.000000 -0.315053 6.416824
v 0.000000 -0.104612 6.413551
v 0.000000 0.105960 6.413181
v 0.000000 0.308625 6.410878
v 0.000000 0.740784 6.383322
v 0.000000 0.936374 6.361419
v 0.000000 1.356178 6.280455
v 0.000000 1.556756 6.224609
v 0.000000 1.760031 6.167932
v 0.000000 1.957217 6.112925
v 0.000000 2.367618 5.974121
v 0.000000 2.550725 5.901998
v 0.000000 2.935765 5.714360
v 0.000000 3.114825 5.609420
v -0.000000 3.296435 5.502237
v -0.000000 3.472695 5.398035
v -0.000000 3.838332 5.158007
v -0.000000 3.992943 5.040979
v -0.000000 4.314628 4.760139
v -0.000000 4.461135 4.609011
v -0.000000 4.609729 4.459854
v -0.000000 4.751376 4.314970
v -0.000000 5.036409 3.989093
v -0.000000 5.160175 3.835077
v -0.000000 5.399822 3.482520
v -0.000000 5.501621 3.301650
v -0.000000 5.605036 3.117412
v -0.000000 5.705982 2.938872
v -0.000000 5.897470 2.549031
v -0.000000 5.977180 2.368760
v -0.000000 6.115547 1.959707
v -0.000000 6.169045 1.764125
v -0.000000 6.221599 1.559746
v -0.000000 6.272541 1.361553
v -0.000000 6.352592 0.936592
v -0.000000 6.385564 0.741688
v -0.000000 6.416824 0.315053
v -0.000000 6.413551 0.104612
v -0.000000 6.413181 -0.105960
v -0.000000 6.410873 -0.308667
v -0.000001 6.386122 -0.745090
v -0.000001 6.362072 -0.937236
v -0.000001 6.280750 -1.355853
v -0.000001 6.222211 -1.558819
v -0.000001 6.167223 -1.762196
v -0.000001 6.112548 -1.957364
v -0.000001 5.974102 -2.367626
v -0.000001 5.902347 -2.550829
v -0.000001 5.714647 -2.935599
v -0.000001 5.606587 -3.116228
v -0.000001 5.500972 -3.298363
v -0.000001 5.397630 -3.472743
v -0.000001 5.157223 -3.833593
v -0.000001 5.040715 -3.992002
v -0.000001 4.761014 -4.314622
v -0.000001 4.608560 -4.461646
v -0.000001 4.459396 -4.610864
v -0.000001 4.314759 -4.751929
v -0.000001 3.988493 -5.036890
v -0.000001 3.835078 -5.160453
v -0.000000 3.482520 -5.399822
v -0.000000 3.297565 -5.501951
v -0.000000 3.114841 -5.606932
v -0.000000 2.938241 -5.706250
v -0.000000 2.549754 -5.897180
v -0.000000 2.368852 -5.976925
v -0.000000 1.965853 -6.117077
v -0.000000 1.764179 -6.168995
v -0.000000 1.559746 -6.221599
v 0.000000 2.750136 5.831169
v 0.000000 -2.756833 5.825833
v -0.000000 2.757017 -5.825629
v -0.000000 -2.750136 -5.831169
v 0.000000 -5.826324 -2.755887
v -0.000000 5.826010 2.756280
v -0.000001 5.831169 -2.750136
v 0.000001 -5.831169 2.750136
v 0.000000 -4.165643 -4.920691
v -0.000000 4.165643 4.920691
v 0.000001 -4.170610 4.913748
v 0.000001 -4.920691 4.165643
v -0.000001 4.920691 -4.165643
v -0.000001 4.169956 -4.914516
v -0.000000 4.913971 4.170539
v 0.000000 -4.913970 -4.170539
v -0.000001 6.344264 -1.147212
v 0.000000 1.147212 6.344264
v -0.000000 6.340775 1.155302
v -0.000000 1.155299 -6.340765
v 0.000000 -6.340841 -1.155062
v 0.000000 -1.156450 6.339055
v 0.000001 -6.344264 1.147212
v -0.000000 -1.147212 -6.344264
v 0.000000 -5.308034 -3.679382
v -0.000000 5.297269 3.674877
v 0.000001 -5.300646 3.669185
v -0.000001 3.674877 -5.297269
v -0.000001 5.300561 -3.669197
v 0.000001 -3.678955 5.308023
v 0.000000 -3.667007 -5.301468
v -0.000000 3.669185 5.300643
v 0.000001 -6.069820 2.170307
v -0.000000 -2.171160 -6.069904
v -0.000001 6.070025 -2.170328
v 0.000000 -2.178627 6.067895
v 0.000000 -6.067895 -2.178627
v -0.000000 6.067895 2.178627
v -0.000000 2.178627 -6.067895
v 0.000000 2.170233 6.070131
v -0.000000 0.532424 -6.436570
v 0.000000 -6.437316 -0.531971
v 0.000000 -0.533890 6.425001
v -0.000000 6.425001 0.533890
v -0.000000 -0.525568 -6.424559
v 0.000001 -6.424656 0.525670
v 0.000000 0.525573 6.424935
v -0.000001 6.425172 -0.527306
v -0.000000 0.409102 -6.235128
v -0.000000 0.202776 -6.223954
v -0.000000 -0.001771 -6.225079
v -0.000000 -0.203628 -6.222392
v -0.000000 0.614003 -6.229024
v -0.000000 0.815630 -6.196800
v -0.000000 1.012165 -6.167896
v -0.000000 -0.416017 -6.233765
v -0.000000 -0.814160 -6.197248
v -0.000000 -0.617488 -6.219559
v -0.000000 -1.012102 -6.168699
v -0.000000 1.211560 -6.129041
v -0.000000 1.415560 -6.062980
v -0.000000 -1.415272 -6.067342
v -0.000000 -1.212342 -6.128679
v -0.000000 -1.612514 -6.016428
v -0.000000 -1.815566 -5.966842
v -0.000000 -2.015288 -5.913680
v -0.000000 -2.207784 -5.848496
v -0.000000 -2.390395 -5.775396
v -0.000000 -2.573596 -5.696661
v -0.000000 -2.936294 -5.494450
v -0.000000 -2.753824 -5.605674
v -0.000000 -3.113426 -5.393965
v 0.000000 -3.287022 -5.288473
v 0.000000 -3.476725 -5.190711
v 0.000000 -3.645805 -5.077150
v 0.000000 -3.805380 -4.958450
v 0.000000 -3.960641 -4.836178
v 0.000000 -4.259057 -4.545782
v 0.000000 -4.113925 -4.699980
v 0.000000 -4.403913 -4.402557
v 0.000000 -4.544654 -4.255061
v 0.000000 -4.701713 -4.114002
v 0.000000 -4.958783 -3.804755
v 0.000000 -4.835399 -3.960558
v 0.000000 -5.087831 -3.646150
v 0.000000 -5.195360 -3.472413
v 0.000000 -5.287124 -3.287472
v 0.000000 -5.391926 -3.111066
v 0.000000 -5.490582 -2.934894
v 0.000000 -5.606625 -2.756587
v 0.000000 -5.694522 -2.575002
v 0.000000 -5.775619 -2.389667
v 0.000000 -5.849147 -2.207960
v 0.000000 -5.960504 -1.807807
v 0.000000 -5.913651 -2.014858
v 0.000000 -6.013670 -1.609836
v 0.000000 -6.063168 -1.413969
v 0.000000 -6.129041 -1.211560
v 0.000000 -6.167896 -1.012165
v 0.000000 -6.196806 -0.815628
v 0.000000 -6.225772 -0.616220
v 0.000000 -6.224388 -0.204106
v 0.000000 -6.239222 -0.411524
v 0.000000 -6.225528 0.001199
v 0.000000 -6.223004 0.203427
v 0.000000 -6.233765 0.416017
v 0.000001 -6.196843 0.816340
v 0.000000 -6.219416 0.618057
v 0.000001 -6.168608 1.011851
v 0.000001 -6.127533 1.208711
v 0.000001 -6.066932 1.414234
v 0.000001 -6.015927 1.611786
v 0.000001 -5.959017 1.807263
v 0.000001 -5.913684 2.014806
v 0.000001 -5.847764 2.207518
v 0.000001 -5.774412 2.392383
v 0.000001 -5.696406 2.574089
v 0.000001 -5.494711 2.935610
v 0.000001 -5.605249 2.754237
v 0.000001 -5.394774 3.114023
v 0.000001 -5.293624 3.298032
v 0.000001 -5.190583 3.477190
v 0.000001 -5.082705 3.645786
v 0.000001 -4.958465 3.805394
v 0.000001 -4.836251 3.960588
v 0.000001 -4.547819 4.257700
v 0.000001 -4.702247 4.110536
v 0.000001 -4.403732 4.403265
v 0.000001 -4.256490 4.543596
v 0.000001 -4.114002 4.701713
v 0.000001 -3.803132 4.960257
v 0.000001 -3.960230 4.835676
v 0.000000 -3.645120 5.081095
v 0.000000 -3.287756 5.288924
v 0.000000 -3.475093 5.192671
v 0.000000 -3.111046 5.392147
v 0.000000 -2.934879 5.490635
v 0.000000 -2.756587 5.606625
v 0.000000 -2.574042 5.695766
v 0.000000 -2.390172 5.770962
v 0.000000 -2.207887 5.853269
v 0.000000 -2.016291 5.921865
v 0.000000 -1.808181 5.964551
v 0.000000 -1.611134 6.015436
v 0.000000 -1.413446 6.062787
v 0.000000 -1.211980 6.128803
v 0.000000 -1.011836 6.167932
v 0.000000 -0.813526 6.197272
v 0.000000 -0.619411 6.221070
v 0.000000 -0.415158 6.232588
v 0.000000 -0.203833 6.226134
v 0.000000 0.000664 6.227310
v 0.000000 0.204523 6.222505
v 0.000000 0.415550 6.233644
v 0.000000 0.814145 6.197274
v 0.000000 0.618753 6.220598
v 0.000000 1.012479 6.167004
v 0.000000 1.212342 6.128679
v 0.000000 1.414169 6.068072
v 0.000000 1.611629 6.016956
v 0.000000 1.815566 5.966842
v 0.000000 2.015288 5.913680
v 0.000000 2.390398 5.775400
v 0.000000 2.207784 5.848496
v 0.000000 2.573615 5.696636
v 0.000000 2.934618 5.494118
v 0.000000 2.753864 5.605479
v 0.000000 3.113686 5.394400
v -0.000000 3.298032 5.293624
v -0.000000 3.477190 5.190583
v -0.000000 3.805380 4.958450
v -0.000000 3.645894 5.077118
v -0.000000 3.960641 4.836178
v -0.000000 4.259057 4.545782
v -0.000000 4.113925 4.699979
v -0.000000 4.403913 4.402557
v -0.000000 4.544654 4.255061
v -0.000000 4.701713 4.114002
v -0.000000 4.955561 3.802744
v -0.000000 4.835400 3.960558
v -0.000000 5.077753 3.646222
v -0.000000 5.291016 3.291055
v -0.000000 5.190558 3.477281
v -0.000000 5.393218 3.114102
v -0.000000 5.490704 2.935480
v -0.000000 5.606287 2.756931
v -0.000000 5.775617 2.389650
v -0.000000 5.694386 2.575179
v -0.000000 5.849160 2.207877
v -0.000000 5.960871 1.807500
v -0.000000 5.913757 2.014430
v -0.000000 6.013730 1.610609
v -0.000000 6.062993 1.415383
v -0.000000 6.129041 1.211560
v -0.000000 6.167896 1.012165
v -0.000000 6.191762 0.815261
v -0.000000 6.220317 0.619306
v -0.000000 6.231569 0.418383
v -0.000000 6.226134 0.203833
v -0.000000 6.227310 -0.000664
v -0.000000 6.222506 -0.204534
v -0.000000 6.233644 -0.415550
v -0.000001 6.197274 -0.814145
v -0.000000 6.220598 -0.618753
v -0.000001 6.167005 -1.012449
v -0.000001 6.128967 -1.211905
v -0.000001 6.067282 -1.416076
v -0.000001 6.015517 -1.612125
v -0.000001 5.958494 -1.807586
v -0.000001 5.913684 -2.014806
v -0.000001 5.848495 -2.207690
v -0.000001 5.775385 -2.390371
v -0.000001 5.696657 -2.573588
v -0.000001 5.605674 -2.753824
v -0.000001 5.493472 -2.937215
v -0.000001 5.393263 -3.114132
v -0.000001 5.287598 -3.288178
v -0.000001 5.190711 -3.476725
v -0.000001 5.077151 -3.645805
v -0.000001 4.958453 -3.805384
v -0.000001 4.835999 -3.961144
v -0.000001 4.701741 -4.113948
v -0.000001 4.545613 -4.257818
v -0.000001 4.400885 -4.402827
v -0.000001 4.256073 -4.543757
v -0.000001 4.113757 -4.702129
v -0.000001 3.960167 -4.835765
v -0.000001 3.803097 -4.960321
v -0.000000 3.646691 -5.078351
v -0.000000 3.289717 -5.291337
v -0.000000 3.477281 -5.190558
v -0.000000 3.113142 -5.393474
v -0.000000 2.934187 -5.491252
v -0.000000 2.756931 -5.606287
v -0.000000 2.574115 -5.695704
v -0.000000 2.389956 -5.770844
v -0.000000 2.207662 -5.848448
v -0.000000 1.808691 -5.960702
v -0.000000 2.014858 -5.913651
v -0.000000 1.611034 -6.013658
v -0.000000 0.509681 -6.038175
v -0.000000 0.305062 -6.044589
v -0.000000 0.095895 -6.029096
v -0.000000 -0.098370 -6.035665
v -0.000000 -0.309348 -6.051345
v -0.000000 0.698568 -6.023247
v -0.000000 0.885410 -5.999911
v -0.000000 1.073862 -5.967790
v -0.000000 -0.507803 -6.043342
v -0.000000 -0.696877 -6.025247
v -0.000000 -0.885218 -6.000480
v -0.000000 -1.076137 -5.968382
v -0.000000 1.267360 -5.925227
v -0.000000 1.467141 -5.855556
v -0.000000 -1.469669 -5.855748
v -0.000000 -1.271256 -5.923977
v -0.000000 -1.655824 -5.811483
v -0.000000 -1.865055 -5.765071
v -0.000000 -2.056811 -5.709367
v -0.000000 -2.233321 -5.638331
v -0.000000 -2.407597 -5.564741
v -0.000000 -2.577698 -5.484093
v -0.000000 -2.936949 -5.277501
v -0.000000 -2.760392 -5.393952
v 0.000000 -3.103532 -5.177344
v 0.000000 -3.292564 -5.086299
v 0.000000 -3.463198 -4.983499
v 0.000000 -3.616646 -4.865503
v 0.000000 -3.765992 -4.752757
v 0.000000 -3.915316 -4.630717
v 0.000000 -4.202823 -4.337505
v 0.000000 -4.062390 -4.495717
v 0.000000 -4.338296 -4.193011
v 0.000000 -4.496803 -4.060812
v 0.000000 -4.631115 -3.913990
v 0.000000 -4.867295 -3.616447
v 0.000000 -4.753266 -3.766694
v 0.000000 -4.974393 -3.460518
v 0.000000 -5.083544 -3.287829
v 0.000000 -5.174142 -3.097782
v 0.000000 -5.276298 -2.932676
v 0.000000 -5.395313 -2.757735
v 0.000000 -5.487523 -2.581576
v 0.000000 -5.567402 -2.407971
v 0.000000 -5.640154 -2.231429
v 0.000000 -5.707039 -2.052375
v 0.000000 -5.799599 -1.654585
v 0.000000 -5.765054 -1.863649
v 0.000000 -5.855556 -1.467141
v 0.000000 -5.925227 -1.267360
v 0.000000 -5.967800 -1.073857
v 0.000000 -6.000185 -0.884965
v 0.000000 -6.026291 -0.695667
v 0.000000 -6.043608 -0.506034
v 0.000000 -6.050966 -0.307993
v 0.000000 -6.030175 -0.097624
v 0.000000 -6.037030 0.098061
v 0.000000 -6.051345 0.309348
v 0.000000 -6.046059 0.508351
v 0.000000 -5.997561 0.885663
v 0.000000 -6.023813 0.697419
v 0.000000 -5.964386 1.070479
v 0.000001 -5.925139 1.267569
v 0.000001 -5.858463 1.470245
v 0.000001 -5.805817 1.656703
v 0.000001 -5.765164 1.863943
v 0.000001 -5.708428 2.055992
v 0.000001 -5.635879 2.234152
v 0.000001 -5.564833 2.408505
v 0.000001 -5.484093 2.577698
v 0.000001 -5.393098 2.761176
v 0.000001 -5.275824 2.935144
v 0.000001 -5.184903 3.103522
v 0.000001 -5.085921 3.293614
v 0.000001 -4.985034 3.465193
v 0.000001 -4.865622 3.616749
v 0.000001 -4.751915 3.766757
v 0.000001 -4.630071 3.909250
v 0.000001 -4.497539 4.060312
v 0.000001 -4.338421 4.202517
v 0.000001 -4.193875 4.337919
v 0.000001 -4.060812 4.496803
v 0.000000 -3.914045 4.632174
v 0.000000 -3.615882 4.869405
v 0.000000 -3.763867 4.754600
v 0.000000 -3.459244 4.980682
v 0.000000 -3.097782 5.174142
v 0.000000 -3.289975 5.087793
v 0.000000 -2.932676 5.276298
v 0.000000 -2.757735 5.395313
v 0.000000 -2.581848 5.486518
v 0.000000 -2.407852 5.565808
v 0.000000 -2.234873 5.640202
v 0.000000 -2.054850 5.709928
v 0.000000 -1.864830 5.765100
v 0.000000 -1.655876 5.809409
v 0.000000 -1.462914 5.854141
v 0.000000 -1.268369 5.924751
v 0.000000 -1.073594 5.968616
v 0.000000 -0.884994 6.000914
v 0.000000 -0.698136 6.024148
v 0.000000 -0.506643 6.043322
v 0.000000 -0.309122 6.051316
v 0.000000 -0.096033 6.039555
v 0.000000 0.102027 6.033020
v 0.000000 0.308250 6.051147
v 0.000000 0.507883 6.043621
v 0.000000 0.885453 5.999450
v 0.000000 0.697129 6.024887
v 0.000000 1.070479 5.964386
v 0.000000 1.271256 5.923977
v 0.000000 1.469669 5.855748
v 0.000000 1.655824 5.811483
v 0.000000 1.865055 5.765071
v 0.000000 2.056640 5.711476
v 0.000000 2.407827 5.564157
v 0.000000 2.233493 5.636432
v 0.000000 2.577698 5.484093
v 0.000000 2.758717 5.394306
v 0.000000 2.934156 5.274262
v -0.000000 3.103530 5.184252
v -0.000000 3.293614 5.085921
v -0.000000 3.463985 4.983542
v -0.000000 3.616668 4.865490
v -0.000000 3.766008 4.752746
v -0.000000 3.915319 4.630715
v -0.000000 4.202823 4.337505
v -0.000000 4.062390 4.495717
v -0.000000 4.338296 4.193011
v -0.000000 4.496803 4.060812
v -0.000000 4.630760 3.913369
v -0.000000 4.869594 3.618515
v -0.000000 4.752767 3.766654
v -0.000000 4.983537 3.462666
v -0.000000 5.086007 3.293404
v -0.000000 5.182889 3.103036
v -0.000000 5.276036 2.928223
v -0.000000 5.394592 2.758587
v -0.000000 5.487381 2.581802
v -0.000000 5.640712 2.232070
v -0.000000 5.567393 2.407986
v -0.000000 5.709104 2.052609
v -0.000000 5.799601 1.653063
v -0.000000 5.765938 1.861055
v -0.000000 5.855546 1.467144
v -0.000000 5.925227 1.267360
v -0.000000 5.967796 1.073858
v -0.000000 5.999935 0.885403
v -0.000000 6.023227 0.698684
v -0.000000 6.038175 0.509681
v -0.000000 6.051316 0.309122
v -0.000000 6.039555 0.096033
v -0.000000 6.033020 -0.102027
v -0.000000 6.051147 -0.308250
v -0.000000 6.043613 -0.507886
v -0.000000 5.998590 -0.885600
v -0.000000 6.025231 -0.697425
v -0.000000 5.964386 -1.070479
v -0.000001 5.924600 -1.270278
v -0.000001 5.857822 -1.470966
v -0.000001 5.804191 -1.657798
v -0.000001 5.765164 -1.863943
v -0.000001 5.710246 -2.055167
v -0.000001 5.636290 -2.233411
v -0.000001 5.566773 -2.408268
v -0.000001 5.486474 -2.583441
v -0.000001 5.393952 -2.760392
v -0.000001 5.277501 -2.936949
v -0.000001 5.177344 -3.103532
v -0.000001 5.086299 -3.292564
v -0.000001 4.983509 -3.463218
v -0.000001 4.865557 -3.616730
v -0.000001 4.752497 -3.765919
v -0.000001 4.631178 -3.916016
v -0.000001 4.496493 -4.060863
v -0.000001 4.332313 -4.194376
v -0.000001 4.198310 -4.337361
v -0.000001 4.060175 -4.497720
v -0.000000 3.913803 -4.632326
v -0.000000 3.766873 -4.754467
v -0.000000 3.615394 -4.870315
v -0.000000 3.461752 -4.983974
v -0.000000 3.293404 -5.086007
v -0.000000 3.103036 -5.182889
v -0.000000 2.928223 -5.276036
v -0.000000 2.758587 -5.394592
v -0.000000 2.582091 -5.486403
v -0.000000 2.408097 -5.566359
v -0.000000 2.231829 -5.639503
v -0.000000 2.052427 -5.706805
v -0.000000 1.654585 -5.799599
v -0.000000 1.863649 -5.765054
v -0.000000 0.405792 -5.870090
v -0.000000 0.588430 -5.852676
v -0.000000 0.200899 -5.863074
v -0.000000 -0.002523 -5.826309
v -0.000000 -0.209949 -5.861707
v -0.000000 -0.415353 -5.868021
v -0.000000 0.767083 -5.831554
v -0.000000 0.944324 -5.805367
v -0.000000 1.117924 -5.775752
v -0.000000 -0.591357 -5.854370
v -0.000000 -0.768383 -5.832309
v -0.000000 -0.946649 -5.806197
v -0.000000 -1.127297 -5.775146
v -0.000000 1.314341 -5.716380
v -0.000000 1.505468 -5.628579
v -0.000000 -1.327394 -5.717354
v -0.000000 -1.509893 -5.625741
v -0.000000 -1.715526 -5.618267
v -0.000000 -1.925470 -5.572348
v -0.000000 -2.088448 -5.506058
v -0.000000 -2.252586 -5.434814
v -0.000000 -2.418567 -5.358884
v -0.000000 -2.583501 -5.286664
v -0.000000 -2.759004 -5.182009
v -0.000000 -2.913766 -5.042760
v 0.000000 -3.109889 -4.981363
v 0.000000 -3.298629 -4.882697
v 0.000000 -3.442287 -4.777790
v 0.000000 -3.581913 -4.667275
v 0.000000 -3.723288 -4.554940
v 0.000000 -3.863757 -4.437867
v 0.000000 -4.006288 -4.291236
v 0.000000 -4.119576 -4.115646
v 0.000000 -4.292819 -4.001979
v 0.000000 -4.443216 -3.856088
v 0.000000 -4.555328 -3.720165
v 0.000000 -4.774389 -3.435986
v 0.000000 -4.666574 -3.579908
v 0.000000 -4.880754 -3.286528
v 0.000000 -4.978039 -3.106237
v 0.000000 -5.047126 -2.910955
v 0.000000 -5.181410 -2.749062
v 0.000000 -5.289600 -2.574703
v 0.000000 -5.364349 -2.414707
v 0.000000 -5.435760 -2.249671
v 0.000000 -5.500876 -2.080011
v 0.000000 -5.567284 -1.911103
v 0.000000 -5.613503 -1.712391
v 0.000000 -5.628579 -1.505468
v 0.000000 -5.716380 -1.314341
v 0.000000 -5.775752 -1.117924
v 0.000000 -5.805400 -0.944307
v 0.000000 -5.831975 -0.766198
v 0.000000 -5.851726 -0.585368
v 0.000000 -5.872186 -0.405012
v 0.000000 -5.864373 -0.201044
v 0.000000 -5.826573 0.002448
v 0.000000 -5.865626 0.210513
v 0.000000 -5.873681 0.418575
v 0.000000 -5.855183 0.592302
v 0.000000 -5.802453 0.949363
v 0.000000 -5.829979 0.768503
v 0.000000 -5.776968 1.128590
v 0.000000 -5.721207 1.324249
v 0.000000 -5.625799 1.509227
v 0.000000 -5.617821 1.714752
v 0.000001 -5.572773 1.923335
v 0.000001 -5.506058 2.088448
v 0.000001 -5.432367 2.251522
v 0.000001 -5.358869 2.418590
v 0.000001 -5.286594 2.583599
v 0.000001 -5.178955 2.761905
v 0.000001 -5.043252 2.914484
v 0.000001 -4.982818 3.111174
v 0.000001 -4.884133 3.302063
v 0.000001 -4.777916 3.442356
v 0.000001 -4.664558 3.580850
v 0.000001 -4.550425 3.723461
v 0.000001 -4.438706 3.865864
v 0.000000 -4.292443 4.007500
v 0.000000 -4.116008 4.119700
v 0.000000 -4.001979 4.292819
v 0.000000 -3.856088 4.443216
v 0.000000 -3.720709 4.556537
v 0.000000 -3.435985 4.774495
v 0.000000 -3.580363 4.667881
v 0.000000 -3.286528 4.880754
v 0.000000 -2.910955 5.047126
v 0.000000 -3.106237 4.978039
v 0.000000 -2.749062 5.181410
v 0.000000 -2.574703 5.289600
v 0.000000 -2.414685 5.363182
v 0.000000 -2.248006 5.431416
v 0.000000 -2.084066 5.504855
v 0.000000 -1.913056 5.579755
v 0.000000 -1.714312 5.618825
v 0.000000 -1.504763 5.626385
v 0.000000 -1.319415 5.718682
v 0.000000 -1.117882 5.775987
v 0.000000 -0.944010 5.806491
v 0.000000 -0.766723 5.832752
v 0.000000 -0.588239 5.853040
v 0.000000 -0.405012 5.872186
v 0.000000 -0.201400 5.869451
v 0.000000 0.002678 5.823721
v 0.000000 0.205696 5.865350
v 0.000000 0.415856 5.868281
v 0.000000 0.591630 5.854526
v 0.000000 0.767604 5.830839
v 0.000000 0.949191 5.802761
v 0.000000 1.127297 5.775146
v 0.000000 1.327394 5.717354
v 0.000000 1.509893 5.625741
v 0.000000 1.715526 5.618267
v 0.000000 1.925470 5.572348
v 0.000000 2.088448 5.506058
v 0.000000 2.252654 5.434452
v 0.000000 2.418818 5.359030
v 0.000000 2.585318 5.288020
v 0.000000 2.762634 5.180532
v 0.000000 2.914416 5.042856
v -0.000000 3.110600 4.981144
v -0.000000 3.300456 4.881405
v -0.000000 3.442287 4.777790
v -0.000000 3.581918 4.667270
v -0.000000 3.723288 4.554940
v -0.000000 3.863757 4.437867
v -0.000000 4.119576 4.115646
v -0.000000 4.006288 4.291236
v -0.000000 4.292819 4.001979
v -0.000000 4.443216 3.856088
v -0.000000 4.553057 3.718215
v -0.000000 4.666466 3.579688
v -0.000000 4.777895 3.437810
v -0.000000 4.894515 3.291993
v -0.000000 4.983676 3.110152
v -0.000000 5.045210 2.909702
v -0.000000 5.182332 2.754556
v -0.000000 5.289845 2.574713
v -0.000000 5.364323 2.414697
v -0.000000 5.435748 2.250120
v -0.000000 5.502414 2.082819
v -0.000000 5.565060 1.911312
v -0.000000 5.628560 1.505476
v -0.000000 5.612367 1.711986
v -0.000000 5.716371 1.314345
v -0.000000 5.775748 1.117930
v -0.000000 5.805384 0.944312
v -0.000000 5.831622 0.767033
v -0.000000 5.852947 0.588290
v -0.000000 5.872186 0.405012
v -0.000000 5.869451 0.201400
v -0.000000 5.823721 -0.002678
v -0.000000 5.865350 -0.205696
v -0.000000 5.868281 -0.415856
v -0.000000 5.854506 -0.591636
v -0.000000 5.802626 -0.949164
v -0.000000 5.832202 -0.769233
v -0.000000 5.775187 -1.127185
v -0.000000 5.719554 -1.323801
v -0.000000 5.625080 -1.509328
v -0.000000 5.616529 -1.714658
v -0.000001 5.570071 -1.922518
v -0.000001 5.505915 -2.088413
v -0.000001 5.435989 -2.252891
v -0.000001 5.363542 -2.417496
v -0.000001 5.286664 -2.583501
v -0.000001 5.182009 -2.759004
v -0.000001 5.042760 -2.913766
v -0.000001 4.981363 -3.109889
v -0.000001 4.882697 -3.298629
v -0.000001 4.777790 -3.442287
v -0.000001 4.667081 -3.582003
v -0.000001 4.554977 -3.723589
v -0.000001 4.438706 -3.865864
v -0.000000 4.288624 -4.004182
v -0.000000 4.117996 -4.121527
v -0.000000 3.996414 -4.293244
v -0.000000 3.856041 -4.442917
v -0.000000 3.720509 -4.556352
v -0.000000 3.580048 -4.668084
v -0.000000 3.437304 -4.778036
v -0.000000 3.291993 -4.894515
v -0.000000 3.110152 -4.983676
v -0.000000 2.909702 -5.045210
v -0.000000 2.754556 -5.182332
v -0.000000 2.574713 -5.289845
v -0.000000 2.414711 -5.363281
v -0.000000 2.249686 -5.434614
v -0.000000 2.080011 -5.500876
v -0.000000 1.911103 -5.567284
v -0.000000 1.712391 -5.613503
v -0.000000 0.490213 -5.682507
v -0.000000 0.317806 -5.723068
v -0.000000 0.657400 -5.662717
v -0.000000 0.156797 -5.663304
v -0.000000 -0.163655 -5.665813
v -0.000000 -0.323113 -5.721650
v -0.000000 -0.490213 -5.682507
v -0.000000 0.828391 -5.641680
v -0.000000 0.997237 -5.615870
v -0.000000 1.168713 -5.610340
v -0.000000 -0.659753 -5.665082
v -0.000000 -0.829312 -5.643893
v -0.000000 -0.997237 -5.615870
v -0.000000 -1.173769 -5.610197
v -0.000000 1.308253 -5.515071
v -0.000000 1.616667 -5.429554
v -0.000000 -1.314435 -5.511762
v -0.000000 -1.625628 -5.432117
v -0.000000 -1.795499 -5.447331
v -0.000000 -1.944303 -5.362082
v -0.000000 -2.100211 -5.299361
v -0.000000 -2.262970 -5.235700
v -0.000000 -2.416746 -5.166399
v -0.000000 -2.585768 -5.115261
v -0.000000 -2.695524 -4.981845
v 0.000000 -2.976001 -4.825809
v 0.000000 -3.143835 -4.796035
v 0.000000 -3.265861 -4.676155
v 0.000000 -3.404393 -4.576779
v 0.000000 -3.540941 -4.473633
v 0.000000 -3.671557 -4.364859
v 0.000000 -3.821651 -4.271574
v 0.000000 -3.893447 -4.115743
v 0.000000 -4.122066 -3.890514
v 0.000000 -4.274339 -3.817299
v 0.000000 -4.364859 -3.671557
v 0.000000 -4.470853 -3.536822
v 0.000000 -4.575418 -3.400770
v 0.000000 -4.676155 -3.265861
v 0.000000 -4.797845 -3.137216
v 0.000000 -4.827194 -2.968227
v 0.000000 -4.988548 -2.691081
v 0.000000 -5.116683 -2.580950
v 0.000000 -5.166399 -2.416746
v 0.000000 -5.235603 -2.260305
v 0.000000 -5.299763 -2.100674
v 0.000000 -5.362082 -1.944303
v 0.000000 -5.446957 -1.788520
v 0.000000 -5.429554 -1.616667
v 0.000000 -5.515071 -1.308253
v 0.000000 -5.610340 -1.168713
v 0.000000 -5.615870 -0.997237
v 0.000000 -5.641803 -0.828334
v 0.000000 -5.662782 -0.657369
v 0.000000 -5.682507 -0.490213
v 0.000000 -5.723663 -0.317618
v 0.000000 -5.663674 -0.156801
v 0.000000 -5.665832 0.164674
v 0.000000 -5.726362 0.324369
v 0.000000 -5.682507 0.490213
v 0.000000 -5.660732 0.657107
v 0.000000 -5.615870 0.997237
v 0.000000 -5.643026 0.830732
v 0.000000 -5.610724 1.174106
v 0.000000 -5.511040 1.314697
v 0.000000 -5.432117 1.625628
v 0.000000 -5.447331 1.795499
v 0.000000 -5.362082 1.944303
v 0.000000 -5.299370 2.100240
v 0.000000 -5.235700 2.262972
v 0.000000 -5.166399 2.416746
v 0.000000 -5.115229 2.585789
v 0.000000 -4.983737 2.696184
v 0.000000 -4.826278 2.976169
v 0.000000 -4.797009 3.144186
v 0.000000 -4.676155 3.265861
v 0.000000 -4.575243 3.400238
v 0.000000 -4.471656 3.541001
v 0.000000 -4.364859 3.671557
v 0.000000 -4.271827 3.822218
v 0.000000 -4.114526 3.892951
v 0.000000 -3.890514 4.122066
v 0.000000 -3.817299 4.274339
v 0.000000 -3.671557 4.364859
v 0.000000 -3.537895 4.471724
v 0.000000 -3.400770 4.575418
v 0.000000 -3.265861 4.676155
v 0.000000 -3.137216 4.797845
v 0.000000 -2.691081 4.988548
v 0.000000 -2.968227 4.827194
v 0.000000 -2.580950 5.116683
v 0.000000 -2.416746 5.166399
v 0.000000 -2.260329 5.235164
v 0.000000 -2.100756 5.298307
v 0.000000 -1.944303 5.362082
v 0.000000 -1.788520 5.446957
v 0.000000 -1.616384 5.429656
v 0.000000 -1.308253 5.515071
v 0.000000 -1.168713 5.610340
v 0.000000 -0.997237 5.615870
v 0.000000 -0.828329 5.641823
v 0.000000 -0.657370 5.662782
v 0.000000 -0.490213 5.682507
v 0.000000 -0.317653 5.723660
v 0.000000 -0.156495 5.662646
v 0.000000 0.163655 5.665813
v 0.000000 0.323113 5.721650
v 0.000000 0.490213 5.682507
v 0.000000 0.656775 5.662172
v 0.000000 0.828844 5.644357
v 0.000000 0.997237 5.615870
v 0.000000 1.173769 5.610197
v 0.000000 1.314435 5.511762
v 0.000000 1.625628 5.432117
v 0.000000 1.795499 5.447331
v 0.000000 1.944303 5.362082
v 0.000000 2.100219 5.299383
v 0.000000 2.262987 5.235739
v 0.000000 2.416746 5.166399
v 0.000000 2.586251 5.115652
v 0.000000 2.696368 4.984056
v -0.000000 2.976001 4.825809
v -0.000000 3.143835 4.796035
v -0.000000 3.265861 4.676155
v -0.000000 3.404393 4.576779
v -0.000000 3.540941 4.473633
v -0.000000 3.671557 4.364859
v -0.000000 3.821651 4.271574
v -0.000000 3.893447 4.115743
v -0.000000 4.122066 3.890514
v -0.000000 4.274339 3.817299
v -0.000000 4.364859 3.671557
v -0.000000 4.469003 3.535772
v -0.000000 4.574067 3.400479
v -0.000000 4.676155 3.265861
v -0.000000 4.798456 3.137351
v -0.000000 4.826295 2.966604
v -0.000000 4.988548 2.691081
v -0.000000 5.116683 2.580950
v -0.000000 5.166399 2.416746
v -0.000000 5.235279 2.260365
v -0.000000 5.299692 2.100687
v -0.000000 5.362082 1.944303
v -0.000000 5.446332 1.788547
v -0.000000 5.430944 1.617718
v -0.000000 5.515071 1.308253
v -0.000000 5.610340 1.168713
v -0.000000 5.615870 0.997237
v -0.000000 5.641714 0.828381
v -0.000000 5.662782 0.657370
v -0.000000 5.682507 0.490213
v -0.000000 5.723660 0.317653
v -0.000000 5.662646 0.156495
v -0.000000 5.665813 -0.163655
v -0.000000 5.721650 -0.323113
v -0.000000 5.682507 -0.490213
v -0.000000 5.661536 -0.657821
v -0.000000 5.642135 -0.830966
v -0.000000 5.615870 -0.997237
v -0.000000 5.610222 -1.173740
v -0.000000 5.509757 -1.314289
v -0.000000 5.431621 -1.625587
v -0.000000 5.446301 -1.795411
v -0.000000 5.362082 -1.944303
v -0.000000 5.301908 -2.103820
v -0.000000 5.238359 -2.262233
v -0.000000 5.166399 -2.416746
v -0.000000 5.115261 -2.585768
v -0.000000 4.981845 -2.695524
v -0.000000 4.825809 -2.976001
v -0.000000 4.796035 -3.143835
v -0.000000 4.676155 -3.265861
v -0.000000 4.576823 -3.404414
v -0.000000 4.473428 -3.540941
v -0.000000 4.364859 -3.671557
v -0.000000 4.271827 -3.822218
v -0.000000 4.115538 -3.893512
v -0.000000 3.890514 -4.122066
v -0.000000 3.817299 -4.274339
v -0.000000 3.671557 -4.364859
v -0.000000 3.537081 -4.470896
v -0.000000 3.400479 -4.574067
v -0.000000 3.265861 -4.676155
v -0.000000 3.137351 -4.798456
v -0.000000 2.966604 -4.826295
v -0.000000 2.691081 -4.988548
v -0.000000 2.580950 -5.116683
v -0.000000 2.416746 -5.166399
v -0.000000 2.260453 -5.235472
v -0.000000 2.100674 -5.299763
v -0.000000 1.944303 -5.362082
v -0.000000 1.788520 -5.446957
v -0.000000 0.542941 -5.491741
v -0.000000 0.718578 -5.473962
v -0.000000 -0.541664 -5.493960
v -0.000000 0.906278 -5.450201
v -0.000000 -0.724821 -5.491177
v -0.000000 -0.906258 -5.449328
v -0.000000 -1.945533 -5.164503
v -0.000000 -2.114365 -5.101681
v -0.000000 -2.289761 -5.026690
v 0.000000 -3.217246 -4.488444
v 0.000000 -3.373746 -4.392938
v 0.000000 -3.509842 -4.266282
v 0.000000 -4.263105 -3.513681
v 0.000000 -4.381303 -3.359375
v 0.000000 -4.484675 -3.216270
v 0.000000 -5.028759 -2.289832
v 0.000000 -5.101482 -2.110943
v 0.000000 -5.164292 -1.945961
v 0.000000 -5.450288 -0.906188
v 0.000000 -5.473962 -0.718578
v 0.000000 -5.491741 -0.542941
v 0.000000 -5.491907 0.542409
v 0.000000 -5.475033 0.721775
v 0.000000 -5.448051 0.910679
v 0.000000 -5.164476 1.945632
v 0.000000 -5.101681 2.114365
v 0.000000 -5.026690 2.289761
v 0.000000 -4.484988 3.215917
v 0.000000 -4.380608 3.362733
v 0.000000 -4.263013 3.512963
v 0.000000 -3.511184 4.265420
v 0.000000 -3.359375 4.381303
v 0.000000 -3.216270 4.484675
v 0.000000 -2.289832 5.028759
v 0.000000 -2.110943 5.101482
v 0.000000 -1.945961 5.164292
v 0.000000 -0.906185 5.450277
v 0.000000 -0.718578 5.473962
v 0.000000 -0.542954 5.491739
v 0.000000 0.544042 5.493865
v 0.000000 0.721775 5.475033
v 0.000000 0.910679 5.448051
v 0.000000 1.945537 5.164504
v 0.000000 2.114365 5.101681
v 0.000000 2.289761 5.026690
v -0.000000 3.217246 4.488444
v -0.000000 3.373746 4.392938
v -0.000000 3.509842 4.266283
v -0.000000 4.263087 3.513669
v -0.000000 4.381303 3.359375
v -0.000000 4.484675 3.216270
v -0.000000 5.028581 2.289973
v -0.000000 5.101482 2.110943
v -0.000000 5.164292 1.945961
v -0.000000 5.450203 0.906319
v -0.000000 5.473962 0.718578
v -0.000000 5.491739 0.542954
v -0.000000 5.493865 -0.544042
v -0.000000 5.475033 -0.721775
v -0.000000 5.448051 -0.910679
v -0.000000 5.168059 -1.945949
v -0.000000 5.116017 -2.121859
v -0.000000 5.029320 -2.285975
v -0.000000 4.488444 -3.217246
v -0.000000 4.392949 -3.373730
v -0.000000 4.266458 -3.509880
v -0.000000 3.510787 -4.264796
v -0.000000 3.359375 -4.381303
v -0.000000 3.216270 -4.484675
v -0.000000 2.290129 -5.028695
v -0.000000 2.110943 -5.101482
v -0.000000 1.945961 -5.164292
v 0.000000 -3.962656 3.971023
v -0.000000 3.971023 3.962656
v -0.000000 3.962656 -3.971023
v 0.000000 -3.971023 -3.962656
v 0.000000 -4.861325 -2.799856
v -0.000000 4.861325 2.799856
v 0.000000 -2.799856 4.861325
v -0.000000 4.855408 -2.810104
v -0.000000 2.799856 -4.861325
v 0.000000 2.810104 4.855408
v -0.000000 -2.810104 -4.855408
v 0.000000 -4.855408 2.810104
v -0.000000 5.417271 -1.457681
v 0.000000 1.457681 5.417271
v 0.000000 -5.417271 1.457681
v 0.000000 -1.446250 5.420335
v -0.000000 5.420335 1.446250
v 0.000000 -5.420335 -1.446250
v -0.000000 1.446250 -5.420335
v -0.000000 -1.457681 -5.417271
v 0.000000 -3.040793 4.612774
v -0.000000 3.041725 4.610915
v 0.000000 -3.041725 -4.610915
v -0.000000 4.610915 -3.041725
v -0.000000 3.040793 -4.612774
v -0.000000 4.612774 3.040793
v 0.000000 -4.612880 3.042498
v 0.000000 -4.612774 -3.040793
v 0.000000 -4.134026 -3.666343
v -0.000000 4.134026 3.666343
v 0.000000 -4.129892 3.667039
v 0.000000 -3.666200 4.133430
v -0.000000 3.666200 -4.133430
v -0.000000 4.129892 -3.667039
v -0.000000 3.667039 4.129892
v 0.000000 -3.667039 -4.129892
v 0.000000 1.744932 5.243164
v 0.000000 -5.242611 -1.743307
v 0.000000 -1.743307 5.242611
v -0.000000 5.242611 1.743307
v -0.000000 1.743307 -5.242611
v -0.000000 5.241067 -1.744694
v -0.000000 -1.744932 -5.243164
v 0.000000 -5.243164 1.744932
v 0.000000 -4.938500 2.472974
v -0.000000 4.938500 -2.472974
v 0.000000 -4.942376 -2.471838
v -0.000000 4.942376 2.471838
v 0.000000 -2.471838 4.942376
v -0.000000 2.471838 -4.942376
v -0.000000 -2.472974 -4.938500
v 0.000000 2.472974 4.938500
v 0.000000 -1.108319 5.413765
v -0.000000 -1.110537 -5.410304
v 0.000000 -5.413765 -1.108319
v 0.000000 -5.410304 1.110537
v -0.000000 1.108419 -5.413722
v -0.000000 5.413722 1.108419
v 0.000000 1.110537 5.410304
v -0.000000 5.410304 -1.110537
v -0.000000 5.515576 -0.329476
v 0.000000 -5.515987 0.328195
v -0.000000 -0.328561 -5.515533
v -0.000000 0.326577 -5.513906
v 0.000000 -5.513906 -0.326577
v 0.000000 0.329383 5.515425
v -0.000000 5.513895 0.326650
v 0.000000 -0.326650 5.513895
v -0.000000 -0.005931 -5.610038
v 0.000000 -5.610038 0.005931
v -0.000000 5.610038 -0.005931
v 0.000000 0.005931 5.610038
v -0.000000 0.420854 -5.313315
v -0.000000 0.629226 -5.294607
v -0.000000 0.790420 -5.315927
v -0.000000 -0.631135 -5.299687
v -0.000000 -0.433549 -5.314734
v -0.000000 0.951834 -5.250237
v -0.000000 -0.789976 -5.320733
v -0.000000 -0.948642 -5.247433
v -0.000000 -1.984581 -4.955805
v -0.000000 -1.798309 -5.020840
v -0.000000 -2.144618 -4.929862
v -0.000000 -2.275905 -4.823041
v 0.000000 -3.035574 -4.384541
v 0.000000 -3.197034 -4.275619
v 0.000000 -3.345330 -4.213966
v 0.000000 -3.444824 -4.070025
v 0.000000 -4.207362 -3.345641
v 0.000000 -4.069836 -3.448646
v 0.000000 -4.270721 -3.192250
v 0.000000 -4.385839 -3.026493
v 0.000000 -4.930097 -2.142861
v 0.000000 -4.825843 -2.275094
v 0.000000 -4.951412 -1.978137
v 0.000000 -5.019705 -1.788231
v 0.000000 -5.315903 -0.790503
v 0.000000 -5.250409 -0.951587
v 0.000000 -5.294607 -0.629226
v 0.000000 -5.313496 -0.420557
v 0.000000 -5.312268 0.433565
v 0.000000 -5.300514 0.634301
v 0.000000 -5.316974 0.795505
v 0.000000 -5.247799 0.949995
v 0.000000 -4.955805 1.984581
v 0.000000 -5.020432 1.799071
v 0.000000 -4.929839 2.144561
v 0.000000 -4.823009 2.275844
v 0.000000 -4.384320 3.036520
v 0.000000 -4.273297 3.199612
v 0.000000 -4.204692 3.351844
v 0.000000 -4.069438 3.445513
v 0.000000 -3.346035 4.207845
v 0.000000 -3.449524 4.069045
v 0.000000 -3.192250 4.270721
v 0.000000 -3.026493 4.385839
v 0.000000 -2.142861 4.930097
v 0.000000 -2.275094 4.825843
v 0.000000 -1.978137 4.951412
v 0.000000 -1.788231 5.019705
v 0.000000 -0.951576 5.250389
v 0.000000 -0.790499 5.315894
v 0.000000 -0.629226 5.294607
v 0.000000 -0.423896 5.308671
v 0.000000 0.435098 5.321675
v 0.000000 0.634301 5.300514
v 0.000000 0.795497 5.316959
v 0.000000 0.949986 5.247791
v 0.000000 1.798310 5.020840
v 0.000000 1.984581 4.955805
v 0.000000 2.144619 4.929860
v 0.000000 2.275908 4.823036
v -0.000000 3.197034 4.275619
v -0.000000 3.035617 4.384530
v -0.000000 3.345330 4.213966
v -0.000000 3.444825 4.070025
v -0.000000 4.207358 3.345638
v -0.000000 4.069805 3.448622
v -0.000000 4.270721 3.192250
v -0.000000 4.385839 3.026493
v -0.000000 4.929768 2.143016
v -0.000000 4.825778 2.275397
v -0.000000 4.951412 1.978137
v -0.000000 5.019705 1.788231
v -0.000000 5.315887 0.790489
v -0.000000 5.250262 0.951973
v -0.000000 5.294607 0.629226
v -0.000000 5.311033 0.421265
v -0.000000 5.319805 -0.429988
v -0.000000 5.300514 -0.634301
v -0.000000 5.316967 -0.795505
v -0.000000 5.247774 -0.949989
v -0.000000 5.018688 -1.799525
v -0.000000 4.956666 -1.981924
v -0.000000 4.935606 -2.140550
v -0.000000 4.823265 -2.274545
v -0.000000 4.275619 -3.197034
v -0.000000 4.384544 -3.035645
v -0.000000 4.213966 -3.345330
v -0.000000 4.070312 -3.445051
v -0.000000 3.345574 -4.207291
v -0.000000 3.448613 -4.068145
v -0.000000 3.192250 -4.270721
v -0.000000 3.026493 -4.385839
v -0.000000 2.143165 -4.930033
v -0.000000 2.275469 -4.825766
v -0.000000 1.978137 -4.951412
v -0.000000 1.788231 -5.019705
v -0.000000 4.782362 2.627913
v -0.000000 4.781021 -2.640733
v 0.000000 -2.627913 4.782362
v 0.000000 2.640751 4.781065
v -0.000000 2.627913 -4.782362
v 0.000000 -4.782362 -2.627913
v 0.000000 -4.781064 2.640760
v -0.000000 -2.640733 -4.781021
v 0.000000 1.313367 5.301657
v -0.000000 5.299558 1.300602
v -0.000000 5.301609 -1.313353
v -0.000000 1.300602 -5.299558
v 0.000000 -5.299558 -1.300602
v -0.000000 -1.313367 -5.301657
v 0.000000 -1.300602 5.299558
v 0.000000 -5.301706 1.313371
v 0.000000 -3.776134 3.939257
v -0.000000 3.930520 -3.786153
v 0.000000 -3.930520 3.786153
v -0.000000 3.786153 3.930520
v -0.000000 3.939257 3.776134
v 0.000000 -3.939257 -3.776134
v 0.000000 -3.786153 -3.930520
v -0.000000 3.776134 -3.939257
v 0.000000 -4.677490 -2.819745
v -0.000000 4.677490 2.819745
v 0.000000 -2.827696 -4.667022
v 0.000000 -2.819745 4.677490
v -0.000000 4.667022 -2.827696
v 0.000000 -4.667022 2.827696
v -0.000000 2.819745 -4.677490
v -0.000000 2.827696 4.667022
v 0.000000 -5.239861 1.523432
v -0.000000 5.239861 -1.523432
v 0.000000 -1.513041 5.247912
v 0.000000 1.523432 5.239861
v 0.000000 -5.247912 -1.513041
v -0.000000 5.247912 1.513041
v -0.000000 1.513041 -5.247912
v -0.000000 -1.523432 -5.239861
v 0.000000 -5.456886 -0.102164
v -0.000000 0.102164 -5.456886
v -0.000000 -0.115150 -5.455741
v -0.000000 5.456798 0.102416
v -0.000000 5.455741 -0.115150
v 0.000000 0.115150 5.455741
v 0.000000 -5.455741 0.115150
v 0.000000 -0.102416 5.456798
v -0.000000 4.552984 2.627001
v -0.000000 4.543639 -2.623932
v 0.000000 -2.627001 4.552984
v 0.000000 2.623932 4.543639
v -0.000000 2.627001 -4.552984
v 0.000000 -4.552984 -2.627001
v 0.000000 -4.543764 2.624038
v -0.000000 -2.623932 -4.543639
v 0.000000 1.358643 5.068222
v -0.000000 5.077767 1.359091
v -0.000000 5.068075 -1.358573
v -0.000000 1.359091 -5.077767
v 0.000000 -5.077221 -1.357117
v -0.000000 -1.358643 -5.068222
v 0.000000 -1.357117 5.077221
v 0.000000 -5.068222 1.358643
v 0.000000 -3.705905 3.709647
v -0.000000 3.705905 -3.709647
v -0.000000 3.709965 3.705422
v 0.000000 -3.709965 -3.705422
v 0.000000 -5.248813 0.001128
v -0.000000 -0.000948 -5.248528
v -0.000000 5.248032 -0.001063
v 0.000000 0.002297 5.247849
v -0.000000 -0.543177 -5.136116
v 0.000000 -0.547826 5.135520
v 0.000000 -5.135520 0.547826
v 0.000000 -5.135520 -0.547826
v -0.000000 0.547826 -5.135520
v -0.000000 5.135520 0.547826
v 0.000000 0.547826 5.135520
v -0.000000 5.135520 -0.547826
v 0.000000 -4.173717 -3.042128
v -0.000000 4.173717 3.042128
v -0.000000 3.042128 -4.173717
v 0.000000 -4.173717 3.042128
v -0.000000 4.173717 -3.042128
v -0.000000 3.042128 4.173717
v 0.000000 -3.042128 -4.173717
v 0.000000 -3.042128 4.173717
v 0.000000 -4.818857 1.858240
v -0.000000 4.820679 -1.854276
v -0.000000 4.818857 1.858240
v -0.000000 -1.858240 -4.818857
v 0.000000 -4.818857 -1.858240
v -0.000000 1.858240 -4.818857
v 0.000000 -1.858240 4.818857
v 0.000000 1.858240 4.818857
v 0.000000 0.231577 5.304151
v -0.000000 5.304838 -0.225165
v 0.000000 -0.224227 5.299651
v -0.000000 5.302592 0.222274
v 0.000000 -5.304373 0.231914
v 0.000000 -5.305533 -0.221407
v -0.000000 -0.228745 -5.304368
v -0.000000 0.221636 -5.305315
v -0.000000 1.592401 -5.059189
v 0.000000 -5.059156 -1.591949
v -0.000000 -1.597384 -5.058135
v 0.000000 -1.591949 5.059156
v -0.000000 5.059189 1.592401
v 0.000000 1.597384 5.058135
v -0.000000 5.058892 -1.598499
v 0.000000 -5.057534 1.598092
v 0.000000 -2.849624 -4.471910
v -0.000000 2.849651 4.471897
v 0.000000 -4.472308 2.852071
v 0.000000 -2.847554 4.474660
v -0.000000 2.847554 -4.474660
v -0.000000 4.471913 -2.849663
v -0.000000 4.474660 2.847554
v 0.000000 -4.474660 -2.847554
v 0.000000 -4.702744 2.444354
v -0.000000 -2.444315 -4.702696
v -0.000000 4.700744 -2.444889
v -0.000000 2.442464 -4.706817
v 0.000000 2.444324 4.702709
v -0.000000 4.706944 2.442596
v 0.000000 -2.442107 4.706857
v 0.000000 -4.706857 -2.442107
v 0.000000 -3.909900 -3.573197
v -0.000000 3.909877 3.573157
v -0.000000 3.908953 -3.577141
v -0.000000 3.582742 -3.912959
v 0.000000 -3.576171 -3.905475
v -0.000000 3.576173 3.905475
v 0.000000 -3.908953 3.577141
v 0.000000 -3.582718 3.913191
v -0.000000 -1.148201 -5.172246
v 0.000000 -5.178246 -1.141079
v 0.000000 -1.141069 5.178236
v -0.000000 1.141339 -5.178096
v -0.000000 5.178105 1.141430
v 0.000000 -5.172740 1.148185
v 0.000000 1.145633 5.173902
v -0.000000 5.172606 -1.147596
v -0.000000 5.124128 -0.759513
v 0.000000 0.759480 5.124083
v 0.000000 -5.124140 0.759512
v 0.000000 -0.758917 5.122729
v -0.000000 -0.752003 -5.121574
v -0.000000 5.122702 0.758870
v 0.000000 -5.122770 -0.758938
v -0.000000 0.758556 -5.122861
v -0.000000 2.058270 -4.751985
v 0.000000 -4.752105 -2.057616
v 0.000000 2.060035 4.752794
v -0.000000 4.751413 2.057939
v -0.000000 -2.060032 -4.752798
v 0.000000 -2.057616 4.752105
v -0.000000 4.752370 -2.051919
v 0.000000 -4.752721 2.059813
v -0.000000 3.212180 4.059963
v 0.000000 -3.212180 -4.059963
v -0.000000 3.216853 -4.057151
v -0.000000 4.059963 -3.212180
v 0.000000 -4.057518 3.216947
v 0.000000 -3.217864 4.058343
v -0.000000 4.057297 3.216992
v 0.000000 -4.057304 -3.216999
v -0.000000 4.508533 2.399628
v -0.000000 4.336359 2.704570
v -0.000000 4.493177 -2.404185
v -0.000000 4.328910 -2.703717
v 0.000000 -2.399628 4.508533
v 0.000000 -2.704570 4.336359
v -0.000000 2.703717 4.328910
v 0.000000 2.404045 4.492995
v -0.000000 2.399628 -4.508533
v -0.000000 2.704570 -4.336359
v 0.000000 -4.508533 -2.399628
v 0.000000 -4.336359 -2.704570
v 0.000000 -4.328910 2.703717
v 0.000000 -4.493103 2.403809
v -0.000000 -2.403867 -4.493052
v 0.000000 -2.703717 -4.328910
v 0.000000 1.491179 4.881313
v 0.000000 1.162556 4.964711
v -0.000000 4.888589 1.490084
v -0.000000 4.976001 1.150985
v -0.000000 4.964786 -1.163531
v -0.000000 4.881313 -1.491179
v -0.000000 1.150985 -4.976001
v -0.000000 1.490084 -4.888589
v 0.000000 -4.888589 -1.490084
v 0.000000 -4.976001 -1.150985
v -0.000000 -1.164741 -4.965419
v -0.000000 -1.491179 -4.881313
v 0.000000 -1.150985 4.976001
v 0.000000 -1.490084 4.888589
v 0.000000 -4.881313 1.491179
v 0.000000 -4.965765 1.163687
v 0.000000 -3.713921 3.481153
v 0.000000 -3.475633 3.713348
v -0.000000 3.713921 -3.481153
v -0.000000 3.475632 -3.713348
v -0.000000 3.720069 3.475611
v -0.000000 3.481153 3.713921
v 0.000000 -3.481153 -3.713921
v 0.000000 -3.720108 -3.475731
v 0.000000 -5.094540 -0.164274
v 0.000000 -5.098486 0.164003
v -0.000000 -0.163359 -5.097799
v -0.000000 0.164478 -5.093687
v -0.000000 5.092987 0.164879
v -0.000000 5.093337 -0.164107
v 0.000000 0.165948 5.091492
v 0.000000 -0.165329 5.092283
v -0.000000 -0.620426 -4.946922
v 0.000000 -0.620456 4.946463
v 0.000000 -4.946913 0.620440
v 0.000000 -4.946599 -0.620529
v -0.000000 0.620794 -4.946661
v -0.000000 4.946266 0.620383
v 0.000000 0.620333 4.946601
v -0.000000 4.946902 -0.620465
v 0.000000 -3.967920 -3.009660
v -0.000000 3.967920 3.009660
v -0.000000 3.008518 -3.968067
v 0.000000 -3.966773 3.002815
v -0.000000 3.966005 -3.002917
v -0.000000 3.001633 3.965347
v 0.000000 -3.002815 -3.966773
v 0.000000 -3.009660 3.967920
v 0.000000 -4.617239 1.879548
v -0.000000 4.617591 -1.880477
v -0.000000 4.611634 1.879333
v -0.000000 -1.880477 -4.617591
v 0.000000 -4.611281 -1.878503
v -0.000000 1.879333 -4.611634
v 0.000000 -1.878503 4.611281
v 0.000000 1.880477 4.617591
v -0.000000 5.132060 -0.349450
v 0.000000 0.349450 5.132060
v 0.000000 -5.132060 0.349450
v -0.000000 5.127013 0.350625
v 0.000000 -0.350930 5.126466
v -0.000000 0.350338 -5.127535
v -0.000000 -0.349450 -5.132060
v 0.000000 -5.127580 -0.350302
v 0.000000 1.666001 4.866972
v -0.000000 1.665166 -4.862484
v 0.000000 -4.862503 -1.665128
v -0.000000 4.862484 1.665166
v 0.000000 -1.665128 4.862503
v -0.000000 -1.666001 -4.866972
v -0.000000 4.863515 -1.667990
v 0.000000 -4.863951 1.670913
v -0.000000 2.870394 4.266064
v 0.000000 -2.870145 -4.266159
v 0.000000 -2.866928 4.265829
v -0.000000 4.266151 -2.870531
v -0.000000 2.866928 -4.265829
v 0.000000 -4.269949 2.868901
v -0.000000 4.265829 2.866928
v 0.000000 -4.265829 -2.866928
v -0.000000 5.040133 -0.966954
v 0.000000 0.966987 5.040274
v -0.000000 5.043173 0.967238
v 0.000000 -5.040245 0.967001
v -0.000000 0.966808 -5.043292
v 0.000000 -5.043196 -0.967904
v 0.000000 -0.967872 5.043158
v -0.000000 -0.966956 -5.040148
v 0.000000 2.238710 4.617881
v -0.000000 2.240108 -4.624583
v 0.000000 -4.625309 -2.238483
v 0.000000 -2.238483 4.625309
v -0.000000 4.625544 2.240604
v -0.000000 -2.238695 -4.617919
v -0.000000 4.617975 -2.238727
v 0.000000 -4.617894 2.238536
v 0.000000 -3.361273 3.881205
v -0.000000 3.353206 3.880917
v 0.000000 -3.353199 -3.880913
v 0.000000 -3.880068 3.354410
v -0.000000 3.875525 -3.352458
v -0.000000 3.351807 -3.881461
v -0.000000 3.882995 3.352009
v 0.000000 -3.883074 -3.352095
v -0.000000 4.405884 2.204254
v -0.000000 4.118470 2.708356
v -0.000000 4.403046 -2.211913
v -0.000000 4.119602 -2.720107
v 0.000000 -2.205156 4.407053
v 0.000000 -2.708356 4.118470
v -0.000000 2.719546 4.119214
v 0.000000 2.212861 4.403164
v -0.000000 2.205959 -4.406678
v -0.000000 2.708356 -4.118470
v 0.000000 -4.407053 -2.205156
v 0.000000 -4.118470 -2.708356
v 0.000000 -4.120969 2.716424
v 0.000000 -4.403441 2.212394
v -0.000000 -2.212612 -4.403416
v 0.000000 -2.716424 -4.120969
v 0.000000 1.557284 4.683607
v 0.000000 0.996045 4.825918
v -0.000000 4.679103 1.550141
v -0.000000 4.827879 0.987799
v -0.000000 4.825411 -0.995698
v -0.000000 4.683607 -1.557284
v -0.000000 0.987133 -4.828093
v -0.000000 1.550141 -4.679103
v 0.000000 -4.679103 -1.550141
v 0.000000 -4.827269 -0.994019
v -0.000000 -0.995911 -4.825601
v -0.000000 -1.557284 -4.683607
v 0.000000 -0.993994 4.827246
v 0.000000 -1.550141 4.679103
v 0.000000 -4.683607 1.557284
v 0.000000 -4.825932 0.996144
v 0.000000 -3.686363 3.258010
v 0.000000 -3.260085 3.686568
v -0.000000 3.683266 -3.257473
v -0.000000 3.262016 -3.682572
v -0.000000 3.691922 3.258595
v -0.000000 3.265195 3.682387
v 0.000000 -3.265148 -3.682374
v 0.000000 -3.685831 -3.264960
v 0.000000 -4.920835 -0.286301
v 0.000000 -4.927055 0.291901
v -0.000000 -0.291901 -4.927055
v -0.000000 0.286301 -4.920835
v -0.000000 4.920835 0.286301
v -0.000000 4.927055 -0.291901
v 0.000000 0.291901 4.927055
v 0.000000 -0.286301 4.920835
v 0.000000 -4.088571 -2.881138
v -0.000000 4.088571 2.881138
v 0.000000 -4.090332 2.882945
v -0.000000 4.090332 -2.882945
v 0.000000 -2.881138 4.088571
v -0.000000 2.881138 -4.088571
v 0.000000 -2.882945 -4.090332
v -0.000000 2.882945 4.090332
v 0.000000 -4.693688 1.729341
v -0.000000 4.697114 -1.726056
v -0.000000 -1.726056 -4.697114
v 0.000000 -1.724771 4.694944
v -0.000000 4.694944 1.724771
v 0.000000 1.726056 4.697114
v 0.000000 -4.694944 -1.724771
v -0.000000 1.724771 -4.694944
v -0.000000 0.450866 -4.981284
v 0.000000 -4.981284 -0.450866
v -0.000000 4.981284 0.450866
v -0.000000 -0.451357 -4.983674
v 0.000000 -0.450866 4.981284
v 0.000000 -4.983674 0.451357
v 0.000000 0.451357 4.983674
v -0.000000 4.983674 -0.451357
v 0.000000 2.062354 4.522300
v 0.000000 -2.045957 4.523341
v -0.000000 2.050005 -4.522460
v 0.000000 -4.523341 -2.045957
v -0.000000 4.519243 2.045359
v -0.000000 -2.062354 -4.522300
v -0.000000 4.522300 -2.062354
v 0.000000 -4.522138 2.061503
v 0.000000 -3.153439 3.846245
v -0.000000 3.146921 3.839020
v 0.000000 -3.146921 -3.839020
v 0.000000 -3.839020 3.146921
v -0.000000 3.839020 -3.146921
v -0.000000 3.146985 -3.839669
v -0.000000 3.839680 3.146991
v 0.000000 -3.839680 -3.146991
v -0.000000 4.902648 -0.820491
v 0.000000 0.820376 4.902477
v -0.000000 4.900585 0.823922
v -0.000000 0.822070 -4.901008
v 0.000000 -4.900860 -0.824419
v 0.000000 -4.902652 0.820465
v 0.000000 -0.824301 4.900692
v -0.000000 -0.820450 -4.902657
v -0.000000 4.876098 -1.311987
v 0.000000 -4.876653 1.311787
v 0.000000 1.312004 4.876135
v -0.000000 4.884130 1.309950
v 0.000000 -1.309085 4.885135
v -0.000000 1.309950 -4.884130
v 0.000000 -4.885137 -1.309088
v -0.000000 -1.312004 -4.876135
v 0.000000 -3.558308 3.558308
v -0.000000 3.565189 3.561529
v -0.000000 3.558308 -3.558308
v 0.000000 -3.565189 -3.561529
v 0.000000 -4.378661 -2.529418
v -0.000000 4.378661 2.529418
v 0.000000 -2.529418 4.378661
v -0.000000 2.529418 -4.378661
v -0.000000 4.369193 -2.529103
v 0.000000 2.528885 4.369006
v -0.000000 -2.528518 -4.368974
v 0.000000 -4.369005 2.528544
v -0.000000 0.001908 -5.041859
v 0.000000 -5.041938 -0.001211
v -0.000000 5.041184 0.002419
v 0.000000 -0.000860 5.039673
v -0.000000 -0.667171 -4.774948
v 0.000000 -0.663121 4.772182
v 0.000000 -4.774935 0.667188
v 0.000000 -4.772847 -0.666446
v -0.000000 0.665805 -4.772964
v -0.000000 4.772703 0.666050
v 0.000000 0.667185 4.774723
v -0.000000 4.774917 -0.667217
v 0.000000 -3.800932 -2.959563
v -0.000000 3.801509 2.959110
v -0.000000 2.958758 -3.800412
v 0.000000 -3.801162 2.954712
v -0.000000 3.801124 -2.954780
v -0.000000 2.954770 3.801139
v 0.000000 -2.954712 -3.801162
v 0.000000 -2.962304 3.802209
v 0.000000 -4.435849 1.878861
v -0.000000 4.439958 -1.876774
v -0.000000 4.435538 1.874186
v -0.000000 -1.876774 -4.439958
v 0.000000 -4.436991 -1.874380
v -0.000000 1.872600 -4.436284
v 0.000000 -1.874380 4.436991
v 0.000000 1.876774 4.439958
v -0.000000 4.318604 1.992774
v -0.000000 4.307015 -2.009692
v 0.000000 -1.993929 4.319906
v 0.000000 2.009692 4.307015
v -0.000000 1.994192 -4.319861
v 0.000000 -4.319906 -1.993929
v 0.000000 -4.307015 2.009692
v -0.000000 -2.009692 -4.307015
v 0.000000 0.825195 4.681173
v -0.000000 4.684461 0.817720
v -0.000000 4.681173 -0.825195
v -0.000000 0.817720 -4.684461
v 0.000000 -4.684461 -0.817720
v -0.000000 -0.825195 -4.681173
v 0.000000 -0.817720 4.684461
v 0.000000 -4.681173 0.825195
v 0.000000 -3.653244 3.035923
v 0.000000 -3.043849 3.655798
v -0.000000 3.653195 -3.036212
v -0.000000 3.043493 -3.656199
v -0.000000 3.657696 3.043335
v -0.000000 3.035348 3.652389
v 0.000000 -3.035099 -3.652391
v 0.000000 -3.650024 -3.051477
v 0.000000 -4.196616 -2.543151
v -0.000000 4.196616 2.543151
v 0.000000 -4.185934 2.542583
v -0.000000 2.542565 -4.195253
v 0.000000 -2.542583 -4.185934
v -0.000000 4.187337 -2.546410
v 0.000000 -2.543151 4.196616
v -0.000000 2.544960 4.186328
v 0.000000 -4.711767 1.374894
v -0.000000 4.709338 -1.375908
v 0.000000 -1.370114 4.710366
v -0.000000 -1.375908 -4.709338
v 0.000000 -4.710366 -1.370114
v -0.000000 4.711838 1.370327
v 0.000000 1.375908 4.709338
v -0.000000 1.370327 -4.711838
v 0.000000 -4.896778 -0.099821
v -0.000000 0.099540 -4.893301
v -0.000000 -0.101511 -4.897227
v -0.000000 4.892797 0.100817
v 0.000000 -0.109851 4.890147
v 0.000000 -4.897677 0.103805
v 0.000000 0.103831 4.888210
v -0.000000 4.895470 -0.101205
v 0.000000 1.177686 4.754907
v -0.000000 4.754907 -1.177686
v -0.000000 4.760674 1.166692
v -0.000000 1.166233 -4.760815
v 0.000000 -4.767935 -1.175225
v 0.000000 -4.754907 1.177686
v -0.000000 -1.177686 -4.754907
v 0.000000 -1.175211 4.767930
v 0.000000 2.368239 4.288067
v -0.000000 2.357305 -4.300448
v 0.000000 -2.361340 4.298927
v -0.000000 4.298100 2.356920
v -0.000000 4.288067 -2.368239
v 0.000000 -4.298927 -2.361340
v -0.000000 -2.368239 -4.288067
v 0.000000 -4.288067 2.368239
v 0.000000 -3.382071 3.522279
v -0.000000 3.528395 -3.382125
v -0.000000 3.391268 3.533095
v 0.000000 -3.528395 3.382125
v 0.000000 -3.391255 -3.533108
v -0.000000 3.534169 3.384723
v -0.000000 3.382071 -3.522279
v 0.000000 -3.534169 -3.384723
v 0.000000 -3.901313 -2.792933
v -0.000000 3.901313 2.792933
v -0.000000 2.792011 -3.901733
v 0.000000 -3.893542 2.786136
v -0.000000 3.887625 -2.788287
v 0.000000 -2.792933 3.901313
v 0.000000 -2.786136 -3.893542
v -0.000000 2.787142 3.886179
v 0.000000 -4.489717 1.687976
v -0.000000 4.494156 -1.685102
v 0.000000 -1.686885 4.491305
v -0.000000 -1.685102 -4.494156
v -0.000000 4.491124 1.687847
v 0.000000 -4.491305 -1.686885
v 0.000000 1.685102 4.494156
v -0.000000 1.687847 -4.491124
v -0.000000 0.467177 -4.774361
v 0.000000 -4.774321 -0.467189
v -0.000000 -0.464400 -4.776142
v -0.000000 4.774305 0.466336
v 0.000000 -0.467183 4.774096
v 0.000000 -4.776091 0.464461
v 0.000000 0.464626 4.775465
v -0.000000 4.776018 -0.464556
v 0.000000 -4.083377 -2.368273
v -0.000000 4.082892 2.367770
v 0.000000 -4.078894 2.367345
v -0.000000 2.367808 -4.083002
v 0.000000 -2.367345 -4.078894
v -0.000000 4.078621 -2.370689
v 0.000000 -2.368273 4.083377
v -0.000000 2.368039 4.076960
v 0.000000 -4.562257 1.235544
v -0.000000 4.557714 -1.231851
v 0.000000 -1.235201 4.560184
v -0.000000 -1.237180 -4.561401
v 0.000000 -4.560184 -1.235201
v -0.000000 4.557045 1.230472
v 0.000000 1.231392 4.558532
v -0.000000 1.230472 -4.557045
v 0.000000 -4.715153 -0.001563
v -0.000000 0.000973 -4.712919
v -0.000000 4.717332 0.001972
v 0.000000 -0.002134 4.710978
v 0.000000 -3.332221 3.331707
v -0.000000 3.332728 -3.332049
v -0.000000 3.339861 3.339861
v 0.000000 -3.339861 -3.339861
v -0.000000 4.610628 -1.019563
v 0.000000 1.017787 4.618458
v -0.000000 4.617380 1.017599
v 0.000000 -4.612709 1.023214
v -0.000000 1.017447 -4.617440
v 0.000000 -4.618939 -1.021643
v 0.000000 -1.021638 4.618933
v -0.000000 -1.019562 -4.610628
v 0.000000 -4.200152 -2.174473
v 0.000000 2.181986 4.190659
v -0.000000 2.176603 -4.197860
v 0.000000 -2.174477 4.200161
v -0.000000 4.196004 2.175996
v -0.000000 -2.182351 -4.188167
v -0.000000 4.192774 -2.176846
v 0.000000 -4.188167 2.182351
v 0.000000 -3.185672 3.492558
v -0.000000 3.173230 3.485414
v 0.000000 -3.173016 -3.487890
v 0.000000 -3.485875 3.171878
v -0.000000 3.489203 -3.176313
v -0.000000 3.181513 -3.492616
v -0.000000 3.496044 3.185542
v 0.000000 -3.492020 -3.186221
v 0.000000 -3.984325 -2.567966
v -0.000000 3.984325 2.567966
v -0.000000 2.566861 -3.981721
v -0.000000 3.973178 -2.569803
v 0.000000 -3.979317 2.563861
v 0.000000 -2.567966 3.984325
v 0.000000 -2.563861 -3.979317
v -0.000000 2.567439 3.972021
v 0.000000 -4.512482 1.449587
v -0.000000 4.518638 -1.452435
v -0.000000 -1.452435 -4.518638
v 0.000000 -1.448753 4.510270
v -0.000000 4.513136 1.449179
v 0.000000 1.452435 4.518638
v 0.000000 -4.510270 -1.448753
v -0.000000 1.449179 -4.513136
v -0.000000 0.228201 -4.732587
v -0.000000 -0.224397 -4.734500
v 0.000000 -4.732457 -0.228219
v 0.000000 -0.228500 4.726912
v -0.000000 4.732602 0.227402
v 0.000000 -4.734289 0.224529
v 0.000000 0.223457 4.724966
v -0.000000 4.733885 -0.224565
v 0.000000 -4.247550 1.771597
v -0.000000 4.251862 -1.767800
v -0.000000 4.250012 1.769775
v 0.000000 -1.769816 4.250258
v -0.000000 1.770076 -4.250204
v 0.000000 1.767800 4.251862
v -0.000000 -1.767800 -4.251862
v 0.000000 -4.250258 -1.769816
v 0.000000 -3.647108 -2.810618
v -0.000000 3.648493 2.810292
v -0.000000 3.636109 -2.799098
v -0.000000 2.809489 -3.647169
v 0.000000 -2.810748 3.647976
v 0.000000 -3.637125 2.797953
v 0.000000 -2.797749 -3.636980
v -0.000000 2.798392 3.635357
v -0.000000 -0.609539 -4.566183
v 0.000000 -4.568645 -0.613890
v -0.000000 0.613883 -4.568654
v -0.000000 4.568686 0.613548
v 0.000000 -0.612718 4.566910
v 0.000000 -4.566484 0.609315
v 0.000000 0.609618 4.565952
v -0.000000 4.566455 -0.609425
v 0.000000 -3.981189 -2.173332
v 0.000000 -3.867143 -2.379917
v -0.000000 3.980110 2.171601
v -0.000000 3.867131 2.379641
v 0.000000 -3.976660 2.172035
v 0.000000 -3.864146 2.373243
v -0.000000 2.172137 -3.980249
v -0.000000 2.379396 -3.867091
v 0.000000 -2.373243 -3.864146
v -0.000000 -2.172035 -3.976660
v -0.000000 3.978153 -2.174147
v -0.000000 3.863688 -2.380446
v 0.000000 -2.173348 3.981211
v 0.000000 -2.379917 3.867143
v -0.000000 2.374226 3.861254
v 0.000000 2.173777 3.976031
v 0.000000 -4.354115 1.294562
v 0.000000 -4.404898 1.065505
v -0.000000 4.355038 -1.295765
v -0.000000 4.410324 -1.067996
v 0.000000 -1.297805 4.352269
v 0.000000 -1.065575 4.408957
v -0.000000 -1.067996 -4.410324
v -0.000000 -1.297355 -4.355888
v 0.000000 -4.352035 -1.298121
v 0.000000 -4.403379 -1.065795
v -0.000000 4.351935 1.297414
v -0.000000 4.410133 1.067338
v 0.000000 1.295171 4.354249
v 0.000000 1.067081 4.406524
v -0.000000 1.067338 -4.410133
v -0.000000 1.297414 -4.351935
v 0.000000 -4.525766 0.109814
v 0.000000 -4.535298 -0.127453
v -0.000000 0.126935 -4.542560
v -0.000000 -0.110289 -4.530717
v -0.000000 4.528044 -0.109124
v -0.000000 4.538811 0.127003
v 0.000000 0.110179 4.524166
v 0.000000 -0.127166 4.533964
v 0.000000 -3.125725 3.291237
v 0.000000 -3.289569 3.127346
v -0.000000 3.287114 -3.124895
v -0.000000 3.128177 -3.294390
v -0.000000 3.296153 3.122787
v -0.000000 3.126451 3.287207
v 0.000000 -3.293101 -3.130120
v 0.000000 -3.126551 -3.289685
v 0.000000 0.350893 4.542013
v -0.000000 4.543229 -0.351132
v 0.000000 -4.543272 0.350096
v -0.000000 4.561134 0.362776
v 0.000000 -0.360204 4.559525
v 0.000000 -4.560852 -0.364335
v -0.000000 -0.350673 -4.543110
v -0.000000 0.364324 -4.560871
v -0.000000 1.530178 -4.307360
v 0.000000 -4.307502 -1.529784
v 0.000000 1.533869 4.310667
v -0.000000 4.307360 1.530178
v 0.000000 -1.529784 4.307502
v -0.000000 -1.533869 -4.310667
v -0.000000 4.310667 -1.533869
v 0.000000 -4.306735 1.526989
v -0.000000 2.585890 3.753357
v 0.000000 -2.584488 -3.754680
v 0.000000 -2.593230 3.764884
v 0.000000 -3.754680 2.584488
v -0.000000 3.753341 -2.586346
v -0.000000 2.592818 -3.765137
v -0.000000 3.764884 2.593230
v 0.000000 -3.764884 -2.593230
v -0.000000 4.477623 -0.839795
v 0.000000 0.839795 4.477623
v -0.000000 4.477623 0.839795
v 0.000000 -4.477623 0.839795
v -0.000000 0.839795 -4.477623
v 0.000000 -4.477623 -0.839795
v 0.000000 -0.839795 4.477623
v -0.000000 -0.839795 -4.477623
v 0.000000 1.969905 4.107632
v 0.000000 -4.107632 -1.969905
v -0.000000 1.969905 -4.107632
v 0.000000 -1.969905 4.107632
v -0.000000 4.107632 1.969905
v -0.000000 -1.969905 -4.107632
v -0.000000 4.107632 -1.969905
v 0.000000 -4.107632 1.969905
v 0.000000 -2.970663 3.468862
v -0.000000 2.953650 3.445089
v 0.000000 -2.953411 -3.445272
v 0.000000 -3.445693 2.953703
v -0.000000 3.448983 -2.958201
v -0.000000 2.962377 -3.459335
v -0.000000 3.470817 2.967807
v 0.000000 -3.457814 -2.965905
v 0.000000 -4.088109 1.577560
v 0.000000 -3.991831 1.777941
v -0.000000 4.087615 -1.581038
v -0.000000 3.991686 -1.777279
v -0.000000 3.995268 1.771372
v -0.000000 4.077848 1.571051
v 0.000000 -1.771363 3.995277
v 0.000000 -1.571010 4.077922
v -0.000000 1.771372 -3.995268
v -0.000000 1.571102 -4.077889
v 0.000000 1.576829 4.088915
v 0.000000 1.778024 3.992718
v -0.000000 -1.777277 -3.992796
v -0.000000 -1.576816 -4.088943
v 0.000000 -4.077922 -1.571010
v 0.000000 -3.995277 -1.771363
v 0.000000 -3.391719 -2.750261
v 0.000000 -3.541465 -2.593102
v -0.000000 3.541465 2.593102
v -0.000000 3.390561 2.757160
v -0.000000 3.525275 -2.562259
v -0.000000 3.392306 -2.742985
v -0.000000 2.747989 -3.397004
v -0.000000 2.592810 -3.541547
v 0.000000 -2.760314 3.388339
v 0.000000 -2.593102 3.541465
v 0.000000 -3.525718 2.561676
v 0.000000 -3.392433 2.742928
v 0.000000 -2.742928 -3.392433
v 0.000000 -2.561631 -3.525697
v -0.000000 2.562033 3.525198
v -0.000000 2.742992 3.392405
v -0.000000 -0.457865 -4.362685
v -0.000000 -0.674369 -4.327415
v 0.000000 -4.326899 -0.676465
v 0.000000 -4.370337 -0.464167
v -0.000000 0.676465 -4.326899
v -0.000000 0.478053 -4.373715
v -0.000000 4.369730 0.463918
v -0.000000 4.326899 0.676465
v 0.000000 -0.463786 4.369683
v 0.000000 -0.676465 4.326899
v 0.000000 -4.327415 0.674369
v 0.000000 -4.364810 0.456585
v 0.000000 0.674369 4.327415
v 0.000000 0.457865 4.362685
v -0.000000 4.364800 -0.456649
v -0.000000 4.327415 -0.674369
v 0.000000 -3.874243 -1.973931
v 0.000000 -3.764233 -2.175627
v 0.000000 -3.654334 -2.384190
v -0.000000 3.874876 1.973825
v -0.000000 3.764643 2.176147
v -0.000000 3.654325 2.384147
v 0.000000 -3.758423 2.176148
v 0.000000 -3.875383 1.971817
v 0.000000 -3.643575 2.370256
v -0.000000 1.973923 -3.874991
v -0.000000 2.176144 -3.764660
v -0.000000 2.382790 -3.655548
v 0.000000 -2.176148 -3.758423
v 0.000000 -2.370248 -3.643573
v -0.000000 -1.971817 -3.875383
v -0.000000 3.871933 -1.976045
v -0.000000 3.757187 -2.175783
v -0.000000 3.642798 -2.371808
v 0.000000 -1.973950 3.874258
v 0.000000 -2.175715 3.764320
v 0.000000 -2.384210 3.654352
v -0.000000 2.371630 3.642842
v -0.000000 2.175593 3.756735
v 0.000000 1.975975 3.871517
v 0.000000 -4.143857 1.356934
v 0.000000 -4.198586 1.131099
v 0.000000 -4.256819 0.900614
v -0.000000 4.143845 -1.356981
v -0.000000 4.194794 -1.122459
v -0.000000 4.261956 -0.894801
v 0.000000 -1.350629 4.145210
v 0.000000 -1.123130 4.198575
v 0.000000 -0.896507 4.257601
v -0.000000 -1.131770 -4.197613
v -0.000000 -0.899018 -4.255245
v -0.000000 -1.356976 -4.143846
v 0.000000 -4.196045 -1.125253
v 0.000000 -4.144926 -1.351129
v 0.000000 -4.249698 -0.904422
v -0.000000 4.145134 1.350702
v -0.000000 4.198537 1.123661
v -0.000000 4.256410 0.890588
v 0.000000 1.356981 4.143843
v 0.000000 1.123501 4.194850
v 0.000000 0.893062 4.250397
v -0.000000 1.123663 -4.198538
v -0.000000 0.890590 -4.256411
v -0.000000 1.350710 -4.145139
v 0.000000 -4.340089 -0.024457
v 0.000000 -4.322140 0.220802
v 0.000000 -4.362906 -0.241623
v -0.000000 0.021609 -4.347591
v -0.000000 0.235963 -4.368972
v -0.000000 -0.221614 -4.320554
v -0.000000 4.322176 -0.221498
v -0.000000 4.340325 0.023526
v -0.000000 4.365903 0.233850
v 0.000000 0.221753 4.319987
v 0.000000 -0.021555 4.346964
v 0.000000 -0.244723 4.356795
v 0.000000 -2.905655 3.248994
v 0.000000 -3.080427 3.080698
v 0.000000 -3.247056 2.906337
v -0.000000 3.246367 -2.906008
v -0.000000 3.081137 -3.080198
v -0.000000 2.908759 -3.235481
v -0.000000 3.248991 2.905653
v -0.000000 3.079434 3.078593
v -0.000000 2.906335 3.247051
v 0.000000 -3.248991 -2.905653
v 0.000000 -3.080317 -3.081028
v 0.000000 -2.906335 -3.247051
v 0.000000 -3.758224 1.777253
v -0.000000 3.758251 -1.777368
v -0.000000 3.751010 1.781043
v 0.000000 -1.781062 3.751027
v -0.000000 1.781057 -3.751024
v 0.000000 1.777365 3.758247
v -0.000000 -1.777253 -3.758224
v 0.000000 -3.751027 -1.781062
v 0.000000 -3.152638 -2.676579
v -0.000000 3.152638 2.676579
v -0.000000 3.162396 -2.672090
v -0.000000 2.674541 -3.151908
v 0.000000 -2.676582 3.152640
v 0.000000 -3.162396 2.672090
v 0.000000 -2.672090 -3.162396
v -0.000000 2.672090 3.162396
v -0.000000 -0.719005 -4.085629
v 0.000000 -4.097827 -0.709887
v -0.000000 0.709887 -4.097827
v -0.000000 4.097827 0.709887
v 0.000000 -0.709887 4.097827
v 0.000000 -4.085629 0.719005
v 0.000000 0.719005 4.085629
v -0.000000 4.085629 -0.719005
v 0.000000 -3.647304 -1.980760
v 0.000000 -3.547220 -2.181190
v -0.000000 3.647273 1.980717
v -0.000000 3.547203 2.181165
v 0.000000 -3.535706 2.171005
v 0.000000 -3.647827 1.977556
v -0.000000 1.980642 -3.647583
v -0.000000 2.177631 -3.557563
v -0.000000 -1.977556 -3.647822
v 0.000000 -2.171005 -3.535706
v -0.000000 3.647876 -1.978889
v -0.000000 3.535767 -2.171491
v 0.000000 -1.980788 3.647346
v 0.000000 -2.181327 3.547312
v -0.000000 2.171488 3.535767
v 0.000000 1.978875 3.647826
v 0.000000 -3.979570 1.190224
v 0.000000 -4.040402 0.967311
v -0.000000 3.980732 -1.186655
v -0.000000 4.027990 -0.955814
v 0.000000 -1.178457 3.988951
v 0.000000 -0.950485 4.039225
v -0.000000 -0.967311 -4.040402
v -0.000000 -1.190224 -3.979570
v 0.000000 -3.988543 -1.178882
v 0.000000 -4.039225 -0.950485
v -0.000000 3.989109 1.177858
v -0.000000 4.039225 0.950485
v 0.000000 1.190224 3.979570
v 0.000000 0.967311 4.040402
v -0.000000 1.177859 -3.989110
v -0.000000 0.950485 -4.039225
v 0.000000 -4.082329 0.204062
v 0.000000 -4.140184 -0.154673
v -0.000000 0.152704 -4.140419
v -0.000000 -0.204182 -4.079847
v -0.000000 4.082328 -0.204067
v -0.000000 4.141317 0.149401
v 0.000000 0.204182 4.079847
v 0.000000 -0.152704 4.140419
v 0.000000 -2.870766 3.028290
v 0.000000 -3.033353 2.866768
v -0.000000 3.037319 -2.867010
v -0.000000 2.871035 -3.022877
v -0.000000 3.028284 2.870760
v -0.000000 2.866705 3.033300
v 0.000000 -3.028284 -2.870760
v 0.000000 -2.866705 -3.033300
v -0.000000 -0.525694 -4.145026
v -0.000000 0.520930 -4.155031
v 0.000000 -4.155038 -0.520934
v 0.000000 -0.520930 4.155031
v -0.000000 4.154834 0.521280
v 0.000000 -4.148499 0.521208
v 0.000000 0.525694 4.145026
v -0.000000 4.148490 -0.521225
v 0.000000 -3.315759 -2.541469
v -0.000000 3.315759 2.541469
v -0.000000 2.529187 -3.323145
v -0.000000 3.313979 -2.519432
v 0.000000 -3.314010 2.519410
v 0.000000 -2.519410 -3.314010
v 0.000000 -2.541470 3.315759
v -0.000000 2.519431 3.313999
v 0.000000 -3.854315 1.601021
v -0.000000 3.854329 -1.601061
v 0.000000 -1.584672 3.825526
v -0.000000 -1.601024 -3.854300
v -0.000000 3.825523 1.584674
v 0.000000 1.601074 3.854212
v -0.000000 1.584674 -3.825523
v 0.000000 -3.825526 -1.584672
v 0.000000 -3.531296 1.786647
v -0.000000 3.531317 -1.786773
v -0.000000 3.621773 1.495750
v -0.000000 3.524511 1.796073
v 0.000000 -1.796136 3.524511
v 0.000000 -1.495750 3.621773
v -0.000000 1.796143 -3.524150
v -0.000000 1.495750 -3.621773
v 0.000000 1.786848 3.530909
v -0.000000 -1.786662 -3.531258
v 0.000000 -3.621773 -1.495750
v 0.000000 -3.524514 -1.796074
v 0.000000 -3.127515 -2.441137
v 0.000000 -2.912062 -2.684405
v -0.000000 3.127515 2.441137
v -0.000000 2.912060 2.684404
v -0.000000 3.129670 -2.432065
v -0.000000 2.916864 -2.680007
v -0.000000 2.436406 -3.127358
v -0.000000 2.682884 -2.910108
v 0.000000 -2.441139 3.127515
v 0.000000 -2.683298 2.911124
v 0.000000 -3.129670 2.432065
v 0.000000 -2.923330 2.682206
v 0.000000 -2.432065 -3.129670
v 0.000000 -2.685306 -2.922663
v -0.000000 2.432065 3.129670
v -0.000000 2.685291 2.922651
v -0.000000 -0.831746 -3.869318
v -0.000000 -0.524810 -3.938157
v 0.000000 -3.875701 -0.829032
v 0.000000 -3.937990 -0.528367
v -0.000000 0.829032 -3.875701
v -0.000000 0.528367 -3.937990
v -0.000000 3.875701 0.829032
v -0.000000 3.937990 0.528367
v 0.000000 -0.829032 3.875701
v 0.000000 -0.528367 3.937990
v 0.000000 -3.869318 0.831746
v 0.000000 -3.938157 0.524810
v 0.000000 0.831746 3.869318
v 0.000000 0.524810 3.938157
v -0.000000 3.869318 -0.831746
v -0.000000 3.938157 -0.524810
v 0.000000 -3.427142 -1.988581
v -0.000000 3.427142 1.988581
v 0.000000 -3.421267 1.975363
v -0.000000 1.988057 -3.428672
v -0.000000 -1.975399 -3.420892
v -0.000000 3.420977 -1.975952
v 0.000000 -1.988464 3.430798
v 0.000000 1.975966 3.420710
v 0.000000 -3.821010 1.041194
v -0.000000 3.818602 -1.042637
v 0.000000 -1.031052 3.831299
v -0.000000 -1.040924 -3.820815
v 0.000000 -3.831381 -1.031151
v -0.000000 3.831300 1.031054
v 0.000000 1.040925 3.820815
v -0.000000 1.031054 -3.831300
v 0.000000 -2.842757 2.838314
v -0.000000 2.846984 -2.842816
v -0.000000 2.839069 2.842659
v 0.000000 -2.839072 -2.842660
v 0.000000 -2.333277 -3.422644
v -0.000000 2.333277 3.422644
v 0.000000 -3.422644 2.333277
v 0.000000 -2.376956 3.454165
v -0.000000 3.422644 -2.333277
v -0.000000 2.365773 -3.460810
v -0.000000 3.454066 2.376747
v 0.000000 -3.454066 -2.376747
v 0.000000 -3.943348 -1.375468
v -0.000000 1.375499 -3.943329
v 0.000000 -1.375468 3.943348
v 0.000000 1.401045 3.928829
v -0.000000 -1.401026 -3.928853
v -0.000000 3.943329 1.375499
v -0.000000 3.928911 -1.401631
v 0.000000 -3.928775 1.401091
v 0.000000 -3.991739 0.016777
v -0.000000 -0.016216 -3.987723
v -0.000000 3.988357 -0.018216
v 0.000000 0.016376 3.989111
v 0.000000 -3.310593 1.797733
v -0.000000 3.310496 -1.797792
v -0.000000 3.322368 1.790134
v 0.000000 -1.792766 3.323963
v -0.000000 1.790362 -3.323292
v 0.000000 1.797748 3.310105
v -0.000000 -1.797780 -3.310484
v 0.000000 -3.322370 -1.790135
v -0.000000 -0.893710 -3.666118
v 0.000000 -3.671503 -0.878353
v -0.000000 0.876737 -3.668189
v -0.000000 3.668176 0.876721
v 0.000000 -0.877086 3.668562
v 0.000000 -3.668221 0.888787
v 0.000000 0.893711 3.666118
v -0.000000 3.667441 -0.887866
v -0.000000 3.991088 -0.362310
v 0.000000 0.360733 3.989904
v -0.000000 4.002260 0.356138
v 0.000000 -0.356138 4.002260
v 0.000000 -3.991086 0.362315
v 0.000000 -4.002260 -0.356138
v -0.000000 0.356138 -4.002260
v -0.000000 -0.360733 -3.989904
v 0.000000 -3.757878 1.253257
v -0.000000 3.757879 -1.253261
v -0.000000 3.767165 1.241471
v 0.000000 1.253260 3.757877
v -0.000000 -1.253257 -3.757877
v 0.000000 -1.241471 3.767165
v -0.000000 1.241471 -3.767165
v 0.000000 -3.767165 -1.241471
v 0.000000 -3.337325 -2.180148
v -0.000000 3.337325 2.180148
v -0.000000 2.172442 -3.332335
v -0.000000 3.308130 -2.166205
v 0.000000 -2.180539 3.337587
v 0.000000 -3.308130 2.166205
v -0.000000 2.166205 3.308130
v 0.000000 -2.166205 -3.308130
v 0.000000 -2.706394 -2.708964
v -0.000000 2.700442 -2.698557
v -0.000000 2.706382 2.708961
v 0.000000 -2.708795 2.705536
v 0.000000 -2.937171 -2.344617
v 0.000000 -2.774867 -2.497410
v -0.000000 2.937166 2.344618
v -0.000000 2.774862 2.497409
v -0.000000 2.932781 -2.341512
v -0.000000 2.772943 -2.498411
v -0.000000 2.345426 -2.936539
v -0.000000 2.493442 -2.771544
v 0.000000 -2.344220 2.937189
v 0.000000 -2.497676 2.775282
v 0.000000 -2.932320 2.342202
v 0.000000 -2.773746 2.501675
v 0.000000 -2.336406 -2.936589
v 0.000000 -2.505347 -2.779550
v -0.000000 2.336405 2.936589
v -0.000000 2.505301 2.779541
v -0.000000 -0.395851 -3.746927
v 0.000000 -3.754610 -0.391994
v -0.000000 0.391221 -3.754443
v -0.000000 3.754443 0.391221
v 0.000000 -0.391221 3.754443
v 0.000000 -3.758791 0.395868
v 0.000000 0.394571 3.749027
v -0.000000 3.758617 -0.395627
v -0.000000 3.608739 -1.131430
v 0.000000 -3.608736 1.131428
v 0.000000 1.130471 3.608330
v -0.000000 3.620201 1.111312
v 0.000000 -1.111312 3.620201
v -0.000000 1.111312 -3.620201
v 0.000000 -3.620201 -1.111312
v -0.000000 -1.130469 -3.608330
v 0.000000 -3.217053 -1.992466
v -0.000000 3.217052 1.992466
v -0.000000 1.997789 -3.207774
v 0.000000 -1.996803 3.214350
v -0.000000 1.992560 3.197579
v -0.000000 3.197579 -1.992560
v 0.000000 -1.992560 -3.197579
v 0.000000 -3.198279 1.992545
v -0.000000 3.721640 -0.636765
v 0.000000 0.636765 3.721640
v 0.000000 -3.721640 0.636765
v -0.000000 3.731735 0.641090
v 0.000000 -0.641760 3.732338
v 0.000000 -3.733967 -0.643200
v -0.000000 0.641118 -3.731754
v -0.000000 -0.636765 -3.721640
v 0.000000 -3.427953 -1.576014
v 0.000000 1.582365 3.412588
v -0.000000 3.427953 1.576014
v -0.000000 1.576014 -3.427953
v 0.000000 -1.576014 3.427953
v -0.000000 -1.582339 -3.412626
v -0.000000 3.412636 -1.582475
v 0.000000 -3.413764 1.582650
v 0.000000 -3.190814 1.614286
v 0.000000 -3.100497 1.808426
v -0.000000 3.187452 -1.612847
v -0.000000 3.098317 -1.806284
v -0.000000 3.200476 1.606997
v -0.000000 3.106570 1.807484
v 0.000000 -1.609378 3.201365
v 0.000000 -1.813487 3.108056
v -0.000000 1.606506 -3.203286
v -0.000000 1.810879 -3.106041
v -0.000000 1.811727 3.096940
v 0.000000 1.612884 3.187718
v -0.000000 -1.612847 -3.187452
v 0.000000 -1.808426 -3.100497
v 0.000000 -3.106570 -1.807484
v 0.000000 -3.200476 -1.606997
v -0.000000 -0.735195 -3.499146
v -0.000000 -0.969519 -3.474146
v 0.000000 -3.468675 -0.948481
v 0.000000 -3.507892 -0.731526
v -0.000000 0.945665 -3.467041
v -0.000000 0.728301 -3.501158
v -0.000000 3.467041 0.945665
v -0.000000 3.501713 0.727445
v 0.000000 -0.945665 3.467041
v 0.000000 -0.734670 3.502840
v 0.000000 -3.505801 0.738795
v 0.000000 -3.473483 0.966314
v 0.000000 0.735196 3.499146
v 0.000000 0.969520 3.474147
v -0.000000 3.510239 -0.736188
v -0.000000 3.469586 -0.960222
v 0.000000 -2.760580 -2.287432
v -0.000000 2.760560 2.287433
v -0.000000 2.757865 -2.288895
v -0.000000 2.289563 -2.755103
v 0.000000 -2.289100 2.762930
v 0.000000 -2.755446 2.284290
v 0.000000 -2.284599 -2.757180
v -0.000000 2.284590 2.757181
v 0.000000 -2.557090 -2.556740
v -0.000000 2.550557 -2.550484
v -0.000000 2.557037 2.556752
v 0.000000 -2.557848 2.557168
v 0.000000 -3.525640 1.360741
v -0.000000 3.525638 -1.360752
v -0.000000 -1.360679 -3.525678
v -0.000000 3.532502 1.337570
v 0.000000 -1.337570 3.532502
v -0.000000 1.337570 -3.532502
v 0.000000 1.360644 3.525564
v 0.000000 -3.532502 -1.337570
v 0.000000 -3.096873 -2.205659
v -0.000000 3.096873 2.205659
v -0.000000 3.077321 -2.196600
v -0.000000 2.201965 -3.100833
v 0.000000 -3.077321 2.196600
v 0.000000 -2.205660 3.096873
v -0.000000 2.196600 3.077321
v 0.000000 -2.196600 -3.077321
v -0.000000 -0.203228 -3.863433
v -0.000000 0.188436 -3.892416
v 0.000000 -3.890413 -0.180185
v 0.000000 -3.874112 0.202045
v -0.000000 3.872192 -0.197022
v 0.000000 0.190868 3.870631
v -0.000000 3.888940 0.178318
v 0.000000 -0.179771 3.888995
v -0.000000 -0.187029 -3.651901
v 0.000000 -3.668334 -0.177947
v -0.000000 0.177940 -3.658949
v -0.000000 3.662913 0.176726
v 0.000000 -0.177824 3.663517
v 0.000000 -3.671611 0.184950
v 0.000000 0.187829 3.655115
v -0.000000 3.666134 -0.182611
v 0.000000 -3.299144 -1.403317
v 0.000000 1.414972 3.286797
v -0.000000 3.299144 1.403317
v -0.000000 1.404871 -3.300215
v 0.000000 -1.404552 3.299100
v -0.000000 -1.414972 -3.286797
v -0.000000 3.286797 -1.414972
v 0.000000 -3.286797 1.414972
v 0.000000 -2.978937 1.634234
v -0.000000 2.974603 -1.629175
v -0.000000 2.982717 1.635208
v 0.000000 -1.638927 2.986065
v -0.000000 1.640074 -2.987047
v 0.000000 1.637611 2.978939
v -0.000000 -1.637173 -2.976029
v 0.000000 -2.982717 -1.635208
v -0.000000 -0.824834 -3.294346
v 0.000000 -3.298290 -0.821252
v -0.000000 0.818068 -3.293442
v -0.000000 3.296716 0.818223
v 0.000000 -0.819978 3.292696
v 0.000000 -3.298341 0.832898
v 0.000000 0.824829 3.294350
v -0.000000 3.298740 -0.827691
v -0.000000 3.447623 -1.144936
v 0.000000 -3.447623 1.144936
v 0.000000 1.144892 3.447607
v -0.000000 3.441096 1.124197
v 0.000000 -1.124197 3.441096
v -0.000000 1.124197 -3.441096
v 0.000000 -3.446255 -1.132296
v -0.000000 -1.144892 -3.447607
v 0.000000 -2.990408 -1.987805
v -0.000000 2.990408 1.987805
v -0.000000 1.992688 -2.991221
v 0.000000 -1.989538 2.993011
v -0.000000 2.978073 -1.987378
v -0.000000 1.987378 2.978073
v 0.000000 -1.987378 -2.978073
v 0.000000 -2.981501 1.986774
v 0.000000 -2.863388 -2.133014
v -0.000000 2.863388 2.133014
v -0.000000 2.854089 -2.133685
v -0.000000 2.142978 -2.861884
v 0.000000 -2.855470 2.133858
v 0.000000 -2.115617 -2.857008
v -0.000000 2.115617 2.857008
v 0.000000 -2.133014 2.863388
v -0.000000 3.546420 -0.521416
v 0.000000 0.510485 3.530981
v 0.000000 -3.546420 0.521416
v -0.000000 3.527948 0.505423
v 0.000000 -0.512263 3.529708
v 0.000000 -3.533803 -0.513234
v -0.000000 0.508412 -3.527944
v -0.000000 -0.510485 -3.530981
v 0.000000 0.005886 3.770170
v -0.000000 3.773148 -0.003471
v 0.000000 -3.775497 0.001641
v -0.000000 -0.006409 -3.768225
v 0.000000 -2.354901 2.593590
v 0.000000 -2.589986 -2.353923
v -0.000000 2.589959 2.353920
v -0.000000 2.589279 -2.346570
v 0.000000 -2.593454 2.349158
v -0.000000 2.350957 -2.593844
v -0.000000 2.359121 2.595011
v 0.000000 -2.359207 -2.595010
v 0.000000 -2.759882 -1.931773
v -0.000000 2.759882 1.931773
v -0.000000 1.932353 -2.762593
v 0.000000 -1.930667 2.761261
v -0.000000 2.752470 -1.921382
v -0.000000 1.933501 2.756806
v 0.000000 -1.933501 -2.756806
v 0.000000 -2.756936 1.920434
v 0.000000 -2.401451 -2.399471
v -0.000000 2.391459 -2.392521
v -0.000000 2.401243 2.399614
v 0.000000 -2.402069 2.398368
v 0.000000 -3.063279 -1.434468
v 0.000000 1.436592 3.057249
v 0.000000 -1.435713 3.065062
v -0.000000 1.434890 -3.066135
v -0.000000 3.063709 1.434777
v -0.000000 -1.439398 -3.052912
v -0.000000 3.052688 -1.438198
v 0.000000 -3.053444 1.438881
v -0.000000 3.257543 -1.058576
v 0.000000 -3.258142 1.058404
v 0.000000 1.057445 3.260435
v -0.000000 3.262506 1.046321
v 0.000000 -1.046321 3.262506
v -0.000000 1.046321 -3.262506
v 0.000000 -3.263775 -1.048049
v -0.000000 -1.057614 -3.260738
v 0.000000 -2.924067 -1.812961
v -0.000000 2.924067 1.812961
v -0.000000 1.817587 -2.924552
v 0.000000 -1.815826 2.926072
v -0.000000 1.813708 2.919260
v -0.000000 2.915128 -1.804416
v 0.000000 -1.813664 -2.916159
v 0.000000 -2.919595 1.808299
v -0.000000 3.324139 -0.605062
v 0.000000 0.605166 3.311463
v 0.000000 -3.322294 0.602764
v -0.000000 3.310197 0.591291
v 0.000000 -0.597652 3.313699
v 0.000000 -3.312468 -0.597979
v -0.000000 0.596017 -3.312469
v -0.000000 -0.604884 -3.311682
v 0.000000 0.003701 3.551188
v -0.000000 3.553883 -0.002121
v 0.000000 -3.554964 0.001029
v -0.000000 -0.007929 -3.547033
v 0.000000 -2.127961 2.624684
v -0.000000 2.126916 2.614832
v 0.000000 -2.623999 2.118283
v 0.000000 -2.126649 -2.614457
v -0.000000 2.125233 -2.620797
v -0.000000 2.622555 -2.113953
v -0.000000 2.623002 2.124162
v 0.000000 -2.623026 -2.124161
v 0.000000 -2.829832 1.476607
v -0.000000 2.827661 -1.478497
v -0.000000 2.838771 1.482136
v 0.000000 -1.479589 2.843106
v -0.000000 1.478919 -2.847536
v 0.000000 1.481946 2.836531
v -0.000000 -1.478499 -2.827659
v 0.000000 -2.838771 -1.482136
v -0.000000 -0.907570 -3.098985
v -0.000000 -0.698972 -3.112335
v 0.000000 -3.110552 -0.695171
v 0.000000 -3.095641 -0.903097
v -0.000000 0.902903 -3.094723
v -0.000000 0.691851 -3.107971
v -0.000000 3.094723 0.902903
v -0.000000 3.107971 0.691851
v 0.000000 -0.902903 3.094723
v 0.000000 -0.695847 3.110952
v 0.000000 -3.118318 0.700346
v 0.000000 -3.099282 0.907712
v 0.000000 0.907567 3.098987
v 0.000000 0.698861 3.112268
v -0.000000 3.098872 -0.907529
v -0.000000 3.117400 -0.699187
v -0.000000 3.336136 -0.370610
v 0.000000 0.377367 3.315260
v 0.000000 -3.342279 0.366479
v -0.000000 3.326996 0.354166
v 0.000000 -0.362287 3.326243
v 0.000000 -3.331159 -0.363002
v -0.000000 0.361644 -3.323335
v -0.000000 -0.379104 -3.315245
v 0.000000 -2.531370 -1.916965
v -0.000000 2.531366 1.916966
v -0.000000 1.926592 -2.534026
v 0.000000 -1.927187 2.533281
v -0.000000 2.521722 -1.908500
v -0.000000 1.915403 2.524397
v 0.000000 -1.913889 -2.517950
v 0.000000 -2.528649 1.912761
v -0.000000 3.453908 -0.179299
v 0.000000 0.174907 3.440380
v 0.000000 -3.454642 0.171145
v -0.000000 0.168649 -3.444604
v -0.000000 3.452105 0.164672
v 0.000000 -3.452549 -0.170452
v -0.000000 -0.180268 -3.434639
v 0.000000 -0.166203 3.445544
v 0.000000 -2.236791 2.448506
v 0.000000 -2.447093 2.227740
v -0.000000 2.446701 2.230388
v 0.000000 -2.446875 -2.230401
v -0.000000 2.442542 -2.227364
v -0.000000 2.229175 -2.442558
v -0.000000 2.238657 2.450263
v 0.000000 -2.238823 -2.449180
v 0.000000 -2.777335 1.691772
v 0.000000 -1.697282 -2.773077
v -0.000000 2.773077 -1.697282
v -0.000000 1.702452 -2.786863
v -0.000000 1.702980 2.777862
v -0.000000 2.782649 1.704457
v 0.000000 -1.702761 2.786616
v 0.000000 -2.782649 -1.704457
v 0.000000 1.254386 3.143446
v 0.000000 -3.151502 -1.244941
v -0.000000 3.138680 -1.256160
v -0.000000 3.151845 1.244882
v 0.000000 -1.245229 3.151773
v -0.000000 1.245176 -3.151717
v -0.000000 -1.255316 -3.139479
v 0.000000 -3.138359 1.256123
v 0.000000 -2.600294 1.548938
v -0.000000 2.599143 -1.549091
v -0.000000 2.611483 1.557142
v 0.000000 -1.561194 2.610924
v -0.000000 1.550486 -2.612516
v -0.000000 1.560879 2.611454
v 0.000000 -1.549106 -2.599137
v 0.000000 -2.611483 -1.557142
v -0.000000 -0.802991 -2.929516
v 0.000000 -2.921670 -0.799549
v -0.000000 0.799549 -2.921670
v -0.000000 2.921670 0.799549
v 0.000000 -0.799549 2.921670
v 0.000000 -2.929516 0.802991
v 0.000000 0.802991 2.929516
v -0.000000 2.929516 -0.802991
v -0.000000 3.261606 -0.158271
v 0.000000 0.159747 3.253793
v 0.000000 -3.265562 0.156983
v -0.000000 3.261163 0.152914
v 0.000000 -0.154883 3.261392
v 0.000000 -3.266074 -0.158439
v -0.000000 0.157349 -3.258802
v -0.000000 -0.161293 -3.254029
v 0.000000 -2.242296 2.236623
v -0.000000 2.237129 2.232237
v -0.000000 2.228886 -2.229194
v 0.000000 -2.237784 -2.232272
v -0.000000 3.127911 -0.484292
v 0.000000 0.480139 3.115630
v 0.000000 -3.127634 0.484411
v -0.000000 3.125767 0.483821
v 0.000000 -0.481008 3.119287
v 0.000000 -3.120705 -0.477524
v -0.000000 0.479070 -3.116018
v -0.000000 -0.480889 -3.115761
v 0.000000 -2.913489 -1.242295
v 0.000000 1.242579 2.916359
v -0.000000 2.915392 1.243897
v 0.000000 -1.244171 2.915100
v -0.000000 1.242295 -2.913489
v -0.000000 2.908075 -1.246669
v -0.000000 -1.246669 -2.908075
v 0.000000 -2.906803 1.247201
v -0.000000 -0.001174 -3.324983
v 0.000000 0.000650 3.327521
v 0.000000 -3.333166 -0.001376
v -0.000000 3.331665 -0.000662
v 0.000000 -2.393678 -2.056964
v -0.000000 2.393678 2.056964
v 0.000000 -2.395042 2.058539
v -0.000000 2.389747 -2.057830
v -0.000000 2.057830 -2.389747
v 0.000000 -2.069009 -2.387512
v 0.000000 -2.062500 2.393147
v -0.000000 2.068078 2.391102
v 0.000000 -2.324687 -1.869317
v -0.000000 2.324687 1.869317
v -0.000000 1.865326 -2.326445
v 0.000000 -1.869734 2.330009
v -0.000000 2.318156 -1.865197
v -0.000000 1.864737 2.321157
v 0.000000 -1.866483 -2.315803
v 0.000000 -2.319884 1.866886
v 0.000000 -2.025029 2.172391
v 0.000000 -2.178205 2.022870
v -0.000000 2.176735 2.020596
v -0.000000 2.020147 2.175112
v -0.000000 2.172359 -2.017437
v -0.000000 2.017480 -2.172763
v 0.000000 -2.177464 -2.020558
v 0.000000 -2.021727 -2.174953
v 0.000000 1.332980 2.682323
v 0.000000 -1.326380 2.679938
v 0.000000 -2.683212 -1.332222
v -0.000000 1.332266 -2.683215
v -0.000000 -1.321433 -2.672576
v -0.000000 2.672576 -1.321433
v -0.000000 2.683212 1.332222
v 0.000000 -2.672576 1.321433
v -0.000000 2.930405 -0.590159
v 0.000000 0.593359 2.925872
v 0.000000 -2.929345 0.591125
v -0.000000 2.925297 0.590115
v 0.000000 -0.588793 2.923348
v 0.000000 -2.919254 -0.586057
v -0.000000 0.586057 -2.919254
v -0.000000 -0.592455 -2.925904
v -0.000000 -0.002165 -3.089620
v 0.000000 -3.093625 -0.001602
v 0.000000 -0.000795 3.087273
v -0.000000 3.091772 0.000165
v -0.000000 -1.012789 -2.913692
v 0.000000 -2.913692 1.012789
v -0.000000 1.008737 -2.907678
v 0.000000 -1.008737 2.907678
v -0.000000 2.907678 1.008737
v 0.000000 -2.908534 -1.008143
v -0.000000 2.913692 -1.012789
v 0.000000 1.012789 2.913692
v -0.000000 -0.253439 -3.102982
v -0.000000 0.250663 -3.100454
v 0.000000 -0.252276 3.103329
v 0.000000 -3.107363 -0.258758
v -0.000000 3.110442 0.247213
v 0.000000 -3.114311 0.256051
v 0.000000 0.252535 3.103010
v -0.000000 3.105204 -0.255543
v 0.000000 -1.727978 2.460166
v 0.000000 -2.455012 -1.721035
v -0.000000 2.455011 1.721035
v -0.000000 1.720965 2.455576
v -0.000000 1.721849 -2.462102
v -0.000000 2.449888 -1.716482
v 0.000000 -1.713213 -2.444016
v 0.000000 -2.450477 1.717572
v 0.000000 -2.399818 1.545457
v 0.000000 -2.455648 1.369613
v -0.000000 2.399556 -1.545462
v -0.000000 2.454729 -1.369560
v -0.000000 2.403353 1.549830
v -0.000000 2.465447 1.382460
v 0.000000 -1.552658 2.414599
v 0.000000 -1.372280 2.473817
v -0.000000 1.378297 -2.461845
v -0.000000 1.548997 -2.404799
v 0.000000 1.387008 2.471887
v -0.000000 1.554577 2.414721
v 0.000000 -1.545272 -2.397680
v -0.000000 -1.369536 -2.454768
v 0.000000 -2.403353 -1.549830
v 0.000000 -2.465447 -1.382448
v -0.000000 -0.705793 -2.735187
v -0.000000 -0.910829 -2.740847
v 0.000000 -2.729365 -0.698206
v 0.000000 -2.741834 -0.907965
v -0.000000 0.698206 -2.729365
v -0.000000 0.907965 -2.741834
v -0.000000 2.729365 0.698206
v -0.000000 2.741834 0.907965
v 0.000000 -0.698206 2.729365
v 0.000000 -0.907965 2.741834
v 0.000000 -2.740575 0.704622
v 0.000000 -2.740371 0.911767
v 0.000000 0.704457 2.734251
v 0.000000 0.910829 2.740847
v -0.000000 2.739098 -0.704613
v -0.000000 2.740847 -0.910829
v 0.000000 -2.248296 -1.665240
v 0.000000 -2.113235 -1.812201
v -0.000000 2.248296 1.665240
v -0.000000 2.112487 1.812394
v -0.000000 1.811852 -2.113302
v -0.000000 1.665240 -2.248296
v 0.000000 -1.661586 2.275288
v 0.000000 -1.812913 2.124570
v -0.000000 2.117321 -1.810356
v -0.000000 2.258901 -1.660423
v -0.000000 1.810130 2.116302
v -0.000000 1.659114 2.265774
v 0.000000 -1.660338 -2.257536
v 0.000000 -1.810760 -2.108403
v 0.000000 -2.108943 1.812588
v 0.000000 -2.259914 1.661664
v 0.000000 -1.960563 1.971135
v -0.000000 1.964965 1.966927
v -0.000000 1.965644 -1.966415
v 0.000000 -1.966984 -1.966786
v -0.000000 0.166448 -2.917982
v -0.000000 -0.171628 -2.919009
v 0.000000 -2.926793 0.175973
v 0.000000 -2.926025 -0.168746
v 0.000000 -0.170896 2.919261
v 0.000000 0.167089 2.920358
v -0.000000 2.925705 0.176320
v -0.000000 2.921770 -0.166996
v 0.000000 -2.716459 1.125647
v -0.000000 2.716459 -1.125647
v -0.000000 -1.125647 -2.716459
v 0.000000 1.125647 2.716459
v 0.000000 -1.117636 2.715101
v -0.000000 1.117636 -2.715101
v -0.000000 2.715101 1.117636
v 0.000000 -2.715101 -1.117636
v -0.000000 2.928597 -0.376979
v 0.000000 0.382399 2.925389
v 0.000000 -2.929838 0.376001
v -0.000000 2.929672 0.380246
v 0.000000 -0.379266 2.924891
v 0.000000 -2.926776 -0.378848
v -0.000000 0.372824 -2.922300
v -0.000000 -0.380975 -2.925253
v -0.000000 -0.824925 -2.550593
v -0.000000 -1.001137 -2.577672
v 0.000000 -2.548011 -0.829895
v 0.000000 -2.580387 -0.999049
v -0.000000 0.829895 -2.548011
v -0.000000 0.999049 -2.580387
v -0.000000 2.548011 0.829895
v -0.000000 2.580387 0.999049
v 0.000000 -0.829895 2.548011
v 0.000000 -0.999049 2.580387
v 0.000000 -2.550593 0.824925
v 0.000000 -2.575038 1.003727
v 0.000000 0.824925 2.550593
v 0.000000 1.001137 2.577672
v -0.000000 2.550593 -0.824925
v -0.000000 2.577672 -1.001137
v 0.000000 -2.071247 -1.597480
v 0.000000 -1.917796 -1.754672
v -0.000000 2.071249 1.597481
v -0.000000 1.917796 1.754672
v -0.000000 1.597037 -2.071256
v -0.000000 1.754672 -1.917796
v 0.000000 -1.600461 2.083639
v 0.000000 -1.754672 1.917796
v -0.000000 2.070827 -1.597114
v -0.000000 1.917796 -1.754672
v -0.000000 1.754672 1.917796
v -0.000000 1.595921 2.073832
v 0.000000 -1.596740 -2.071115
v 0.000000 -1.754672 -1.917796
v 0.000000 -2.071131 1.596730
v 0.000000 -1.917796 1.754672
v -0.000000 0.283592 -2.739079
v -0.000000 -0.289467 -2.741950
v 0.000000 -2.742416 0.286775
v 0.000000 -2.743987 -0.288042
v 0.000000 -0.288855 2.738265
v 0.000000 0.287946 2.745623
v -0.000000 2.742429 0.287773
v -0.000000 2.746938 -0.289536
v 0.000000 -2.504282 1.171733
v -0.000000 2.511683 1.168977
v 0.000000 -2.511683 -1.168977
v -0.000000 -1.171733 -2.504282
v -0.000000 1.168977 -2.511683
v 0.000000 -1.168977 2.511683
v -0.000000 2.504282 -1.171733
v 0.000000 1.171733 2.504282
v -0.000000 2.742791 -0.494896
v 0.000000 0.493204 2.738956
v 0.000000 -2.741949 0.494217
v -0.000000 2.737742 0.491562
v 0.000000 -0.489960 2.736990
v 0.000000 -2.737798 -0.491022
v -0.000000 0.490813 -2.735375
v -0.000000 -0.494183 -2.738537
v 0.000000 -2.235133 1.432729
v -0.000000 2.231904 -1.430387
v 0.000000 -1.431157 -2.233870
v -0.000000 1.430719 -2.243033
v -0.000000 2.243033 1.430719
v -0.000000 1.430542 2.239530
v 0.000000 -1.435194 2.246781
v 0.000000 -2.243033 -1.430719
v 0.000000 -1.873409 -1.540655
v 0.000000 -2.017682 -1.389876
v 0.000000 -1.702483 -1.702483
v -0.000000 2.017699 1.389874
v -0.000000 1.873409 1.540655
v -0.000000 1.702483 1.702483
v -0.000000 1.389762 -2.017735
v -0.000000 1.540655 -1.873409
v -0.000000 1.702483 -1.702483
v 0.000000 -1.540655 1.873409
v 0.000000 -1.390389 2.018182
v 0.000000 -1.702483 1.702483
v -0.000000 2.005706 -1.386380
v -0.000000 1.859274 -1.544729
v -0.000000 1.540655 1.873409
v -0.000000 1.385556 2.009461
v 0.000000 -1.384504 -2.007792
v 0.000000 -1.543359 -1.859840
v 0.000000 -1.859537 1.543574
v 0.000000 -2.007792 1.384504
v -0.000000 0.395072 -2.554052
v -0.000000 -0.396152 -2.556723
v 0.000000 -2.556792 0.395790
v 0.000000 -2.555498 -0.395195
v 0.000000 -0.393105 2.555919
v 0.000000 0.395529 2.558558
v -0.000000 2.556201 0.393589
v -0.000000 2.558634 -0.395658
v -0.000000 0.094686 -2.729013
v 0.000000 -2.733692 -0.094986
v 0.000000 0.095773 2.730751
v -0.000000 2.732601 -0.094487
v -0.000000 2.552359 -0.608701
v 0.000000 0.607237 2.549860
v 0.000000 -2.551016 0.608189
v -0.000000 2.548933 0.604406
v 0.000000 -0.604297 2.549890
v 0.000000 -2.549007 -0.604184
v -0.000000 0.608601 -2.547527
v -0.000000 -0.608535 -2.551064
v 0.000000 -2.320333 1.212587
v -0.000000 -1.205659 -2.313749
v -0.000000 2.313113 -1.206563
v 0.000000 1.208912 2.323150
v -0.000000 1.210522 -2.328557
v 0.000000 -1.210771 2.326745
v -0.000000 2.328557 1.210523
v 0.000000 -2.328557 -1.210522
v 0.000000 -2.378272 -0.975060
v -0.000000 -0.972264 -2.372418
v -0.000000 0.975060 -2.378272
v -0.000000 2.380117 0.977991
v 0.000000 -0.974427 2.377171
v 0.000000 -2.375301 0.976533
v 0.000000 0.971459 2.374104
v -0.000000 2.372483 -0.973064
v -0.000000 -0.191379 -2.559008
v 0.000000 -2.560286 0.192273
v 0.000000 -0.197511 2.554109
v -0.000000 2.561924 0.192665
v 0.000000 -1.646941 -1.491319
v 0.000000 -1.801949 -1.331975
v 0.000000 -1.488548 -1.650298
v -0.000000 1.802050 1.331920
v -0.000000 1.646929 1.491379
v -0.000000 1.488720 1.650334
v -0.000000 1.331503 -1.802479
v -0.000000 1.491366 -1.646937
v -0.000000 1.650014 -1.490224
v 0.000000 -1.489918 1.648614
v 0.000000 -1.332178 1.802124
v 0.000000 -1.648421 1.490473
v -0.000000 1.804458 -1.334699
v -0.000000 1.332269 1.802663
v 0.000000 -1.330738 -1.806263
v 0.000000 -1.800499 1.332528
v -0.000000 0.507855 -2.364745
v -0.000000 -0.504445 -2.367033
v 0.000000 -2.366931 0.503806
v 0.000000 -2.365159 -0.507791
v 0.000000 -0.506916 2.361372
v 0.000000 0.502013 2.368127
v -0.000000 2.362225 0.508229
v -0.000000 2.367328 -0.503789
v 0.000000 -2.160257 1.058259
v -0.000000 -1.056168 -2.156182
v -0.000000 2.160905 -1.060777
v 0.000000 1.058452 2.161201
v -0.000000 1.064906 -2.163025
v 0.000000 -1.064808 2.161928
v -0.000000 2.163026 1.064908
v 0.000000 -2.163025 -1.064906
v -0.000000 0.198978 -2.554336
v 0.000000 -2.557713 -0.197238
v 0.000000 0.194651 2.562274
v -0.000000 2.561324 -0.193257
v -0.000000 -0.731961 -2.354969
v 0.000000 -2.354969 -0.731961
v -0.000000 0.731961 -2.354969
v 0.000000 -0.731961 2.354969
v -0.000000 2.354969 0.731961
v 0.000000 -2.354969 0.731961
v 0.000000 0.731961 2.354969
v -0.000000 2.354969 -0.731961
v -0.000000 1.246629 2.136703
v 0.000000 -1.252419 2.142209
v 0.000000 -2.142732 -1.252253
v 0.000000 -1.246186 -2.132677
v -0.000000 1.252173 -2.142852
v -0.000000 2.142734 1.252255
v -0.000000 2.130861 -1.248462
v 0.000000 -2.135175 1.249283
v 0.000000 -1.587688 -1.286169
v 0.000000 -1.431929 -1.436510
v 0.000000 -1.283262 -1.585896
v -0.000000 1.584434 1.288471
v -0.000000 1.433328 1.435356
v -0.000000 1.282461 1.584508
v -0.000000 1.289253 -1.584840
v -0.000000 1.436146 -1.433715
v -0.000000 1.587279 -1.286134
v 0.000000 -1.435875 1.432893
v 0.000000 -1.288859 1.584599
v 0.000000 -1.586512 1.282484
v -0.000000 0.618420 -2.184683
v -0.000000 -0.617891 -2.175315
v 0.000000 -2.177426 0.615867
v 0.000000 -2.184807 -0.618553
v 0.000000 -0.614285 2.181439
v 0.000000 0.610238 2.175776
v -0.000000 2.181272 0.615204
v -0.000000 2.176211 -0.618666
v 0.000000 -0.286538 2.371859
v -0.000000 2.376203 0.289871
v 0.000000 -2.370668 0.294228
v -0.000000 -0.293308 -2.371737
v -0.000000 0.300479 -2.370208
v 0.000000 -2.370880 -0.300356
v 0.000000 0.291382 2.377090
v -0.000000 2.376952 -0.291423
v 0.000000 -2.175156 0.841213
v -0.000000 2.176149 -0.845342
v 0.000000 0.837902 2.179631
v -0.000000 -0.844369 -2.175930
v 0.000000 -0.843622 2.181715
v -0.000000 0.845437 -2.182618
v -0.000000 2.182434 0.844430
v 0.000000 -2.182730 -0.845559
v 0.000000 -1.953460 1.158541
v -0.000000 1.956653 -1.163490
v 0.000000 -1.158541 -1.953460
v -0.000000 1.154647 1.954117
v -0.000000 1.168357 -1.958556
v -0.000000 1.957966 1.168769
v 0.000000 -1.957959 -1.168761
v 0.000000 -1.168533 1.957468
v 0.000000 -1.370076 -1.219970
v 0.000000 -1.225966 -1.364842
v -0.000000 1.364523 1.213722
v -0.000000 1.220626 1.363252
v -0.000000 1.221676 -1.362224
v -0.000000 1.368321 -1.221237
v 0.000000 -1.374889 1.217677
v 0.000000 -1.221611 1.372251
v -0.000000 0.721656 -2.004474
v -0.000000 -0.714608 -1.996973
v 0.000000 -1.996492 0.714365
v 0.000000 -2.004907 -0.722284
v 0.000000 -0.721434 2.006567
v 0.000000 0.714233 1.997294
v -0.000000 2.005677 0.722306
v -0.000000 2.005327 -0.716486
v -0.000000 0.104851 -2.394604
v -0.000000 2.397416 -0.105509
v 0.000000 0.105509 2.397416
v 0.000000 -2.394604 -0.104851
v 0.000000 -0.385174 2.181618
v -0.000000 -0.394176 -2.179962
v -0.000000 2.181641 0.385187
v 0.000000 -2.177346 0.397125
v -0.000000 0.394113 -2.176241
v 0.000000 -2.176240 -0.394112
v 0.000000 0.386750 2.183711
v -0.000000 2.178726 -0.393079
v 0.000000 -1.138499 -1.731623
v 0.000000 -1.734513 -1.149599
v -0.000000 1.149599 -1.734513
v -0.000000 1.734513 -1.149599
v -0.000000 1.734517 1.149621
v -0.000000 1.138939 1.730877
v 0.000000 -1.730898 1.138832
v 0.000000 -1.149621 1.734517
v -0.000000 -0.934551 -1.994300
v 0.000000 0.937702 2.004409
v 0.000000 -2.004200 -0.956153
v -0.000000 0.956153 -2.004200
v -0.000000 2.009779 -0.942151
v -0.000000 2.004199 0.956175
v 0.000000 -0.956175 2.004199
v 0.000000 -1.996591 0.942043
v 0.000000 -0.172722 2.193959
v -0.000000 2.201952 0.170157
v 0.000000 -2.191834 0.181165
v -0.000000 -0.181496 -2.191914
v 0.000000 -1.144629 -1.139854
v -0.000000 1.145151 1.137043
v -0.000000 1.145357 -1.139856
v 0.000000 -1.145568 1.139345
v -0.000000 0.827028 -1.834810
v -0.000000 -0.817419 -1.826681
v 0.000000 -1.824246 0.816186
v 0.000000 -1.836236 -0.828503
v 0.000000 -0.827278 1.834440
v 0.000000 0.816084 1.824697
v -0.000000 1.835868 0.828770
v -0.000000 1.837021 -0.817459
v -0.000000 0.187607 -2.187306
v 0.000000 -2.187304 -0.187606
v 0.000000 0.178535 2.195267
v -0.000000 2.194741 -0.178947
v 0.000000 -1.080968 -1.525493
v -0.000000 1.082842 -1.528830
v -0.000000 1.077475 1.527191
v 0.000000 -1.534310 -1.079721
v -0.000000 1.526530 -1.081022
v -0.000000 1.529402 1.079381
v 0.000000 -1.082903 1.528811
v 0.000000 -1.529723 1.076913
v -0.000000 -0.487449 -1.994935
v 0.000000 -0.489077 1.992709
v 0.000000 -1.988878 0.487112
v -0.000000 1.989245 0.490491
v -0.000000 0.488877 -1.991900
v 0.000000 -1.991900 -0.488877
v 0.000000 0.485662 1.994237
v -0.000000 1.991050 -0.487884
v -0.000000 -1.000724 -1.834180
v 0.000000 -1.841547 -1.010193
v 0.000000 1.000724 1.834360
v -0.000000 1.010555 -1.842813
v -0.000000 1.841635 1.010771
v 0.000000 -1.010722 1.842305
v -0.000000 1.841759 -1.008252
v 0.000000 -1.834268 1.000704
v 0.000000 -0.251310 1.989563
v -0.000000 -0.252037 -2.003990
v 0.000000 -2.003990 0.252037
v -0.000000 1.989564 0.251310
v -0.000000 0.248222 -1.999552
v 0.000000 -1.999550 -0.248220
v 0.000000 0.253193 2.000681
v -0.000000 1.994166 -0.252030
v 0.000000 -0.604653 1.812524
v 0.000000 -1.817700 0.590442
v -0.000000 -0.596512 -1.813055
v -0.000000 1.812120 0.604300
v -0.000000 0.605534 -1.813845
v 0.000000 -1.814810 -0.605164
v -0.000000 1.811855 -0.600785
v 0.000000 0.594765 1.815032
v 0.000000 -1.003981 -1.333895
v -0.000000 1.010341 -1.320649
v -0.000000 1.006233 1.324604
v 0.000000 -1.339241 -1.009704
v -0.000000 1.335007 -1.003227
v -0.000000 1.324790 1.002434
v 0.000000 -1.010779 1.321145
v 0.000000 -1.328157 1.004256
v 0.000000 0.949130 1.671576
v -0.000000 -0.948865 -1.671057
v -0.000000 0.952239 -1.677117
v 0.000000 -0.952355 1.677099
v 0.000000 -1.671607 -0.942866
v -0.000000 1.672494 0.945802
v -0.000000 1.675172 -0.951521
v 0.000000 -1.671436 0.949212
v 0.000000 -1.171067 -0.895248
v 0.000000 -0.904193 -1.158301
v -0.000000 0.903675 1.152577
v -0.000000 1.181473 0.894880
v -0.000000 0.904621 -1.158551
v -0.000000 1.155982 -0.903432
v 0.000000 -1.170801 0.895412
v 0.000000 -0.904806 1.158104
v 0.000000 0.727035 1.646317
v -0.000000 0.728667 -1.648829
v -0.000000 1.645487 -0.722675
v 0.000000 -1.655236 -0.723864
v 0.000000 -0.725521 1.653949
v 0.000000 -1.648954 0.724655
v -0.000000 -0.716749 -1.654188
v -0.000000 1.653415 0.723749
v -0.000000 2.034826 -0.000617
v 0.000000 -2.037667 -0.000090
v 0.000000 0.001374 2.029468
v -0.000000 0.000387 -2.038252
v -0.000000 -0.363071 -1.805473
v 0.000000 -0.364772 1.791102
v -0.000000 1.786831 0.362882
v 0.000000 -1.800520 0.363532
v -0.000000 0.366229 -1.801481
v 0.000000 -1.802302 -0.365678
v 0.000000 0.359546 1.801129
v -0.000000 1.789920 -0.364616
v 0.000000 -1.493038 -0.870202
v -0.000000 1.493485 0.866775
v -0.000000 1.493686 -0.867687
v 0.000000 -1.490040 0.866164
v -0.000000 0.871682 -1.490731
v 0.000000 -0.866980 -1.489561
v -0.000000 0.864417 1.491934
v 0.000000 -0.871794 1.490702
v 0.000000 0.648081 1.460747
v -0.000000 0.655934 -1.460574
v -0.000000 1.460440 -0.655409
v 0.000000 -1.465112 -0.653996
v 0.000000 -0.652470 1.462612
v 0.000000 -1.464357 0.647496
v -0.000000 -0.646255 -1.465131
v -0.000000 1.464808 0.649340
v -0.000000 1.817048 -0.124045
v 0.000000 0.113534 1.826149
v -0.000000 0.121467 -1.828835
v 0.000000 -1.828801 -0.121427
v 0.000000 -0.794664 -1.315759
v -0.000000 0.783403 1.315360
v -0.000000 0.792603 -1.303723
v 0.000000 -1.313175 -0.788259
v -0.000000 1.312495 -0.787488
v -0.000000 1.315039 0.783850
v 0.000000 -0.793197 1.305551
v 0.000000 -1.312882 0.784729
v 0.000000 -0.496044 1.617059
v -0.000000 -0.485251 -1.618851
v 0.000000 -1.622471 0.490619
v -0.000000 1.617052 0.495402
v 0.000000 -1.822931 0.126011
v -0.000000 -0.122528 -1.826523
v 0.000000 -0.120372 1.804332
v -0.000000 1.815874 0.122441
v -0.000000 0.502264 -1.614677
v 0.000000 -1.618939 -0.498472
v 0.000000 0.494814 1.620363
v -0.000000 1.606361 -0.500842
v 0.000000 -0.832397 -0.832547
v 0.000000 -1.112776 -0.692719
v 0.000000 -0.700482 -1.120688
v -0.000000 0.693916 1.121352
v -0.000000 0.833612 0.832248
v -0.000000 1.115318 0.696142
v -0.000000 0.696201 -1.115264
v -0.000000 0.836918 -0.835734
v -0.000000 1.121542 -0.694020
v 0.000000 -0.836897 0.835720
v 0.000000 -1.112935 0.692647
v 0.000000 -0.701362 1.120544
v 0.000000 0.581766 1.270300
v 0.000000 0.445552 1.430278
v -0.000000 0.454978 -1.433076
v -0.000000 0.585116 -1.266521
v -0.000000 1.433076 -0.454978
v -0.000000 1.269671 -0.583778
v 0.000000 -1.433885 -0.452467
v 0.000000 -1.266757 -0.587954
v 0.000000 -0.586038 1.273714
v 0.000000 -0.439998 1.429830
v 0.000000 -1.428923 0.437992
v 0.000000 -1.268876 0.585871
v -0.000000 -0.431589 -1.432317
v -0.000000 -0.578358 -1.275615
v -0.000000 1.429989 0.439460
v -0.000000 1.271219 0.585311
v -0.000000 1.675889 0.000391
v 0.000000 -0.000391 1.675889
v -0.000000 -0.000391 -1.675889
v 0.000000 -1.675889 0.000391
v -0.000000 -0.242920 -1.599364
v 0.000000 -0.242987 1.575235
v 0.000000 -1.573724 0.240438
v -0.000000 1.575235 0.242986
v -0.000000 0.248064 -1.582603
v 0.000000 -1.582600 -0.248056
v 0.000000 0.234427 1.573989
v -0.000000 1.576319 -0.250319
v 0.000000 -1.066514 -0.503321
v -0.000000 -0.505044 -1.078426
v 0.000000 0.503308 1.070839
v -0.000000 1.076116 0.511092
v -0.000000 0.513929 -1.068393
v -0.000000 1.072389 -0.503702
v 0.000000 -1.070729 0.506534
v 0.000000 -0.512195 1.076728
v 0.000000 0.400514 1.236468
v -0.000000 0.401472 -1.219545
v -0.000000 1.236140 -0.401641
v 0.000000 -1.220253 -0.397604
v 0.000000 -0.407519 1.236335
v 0.000000 -1.233589 0.402862
v -0.000000 -0.381206 -1.233878
v -0.000000 1.236355 0.407521
v -0.000000 0.150866 -1.367156
v 0.000000 -1.367156 -0.150866
v 0.000000 0.147532 1.361842
v -0.000000 1.361842 -0.147532
v 0.000000 -0.150940 1.357605
v 0.000000 -1.361538 0.148974
v -0.000000 1.357603 0.150939
v 0.000000 -1.030926 -0.302190
v -0.000000 -0.294763 -1.045006
v 0.000000 0.305608 1.038903
v -0.000000 1.041194 0.312342
v -0.000000 0.314999 -1.036568
v -0.000000 1.039702 -0.305403
v 0.000000 -1.040907 0.313000
v 0.000000 -0.312424 1.040369
v 0.000000 -0.640913 -0.910684
v -0.000000 0.909093 0.640146
v 0.000000 -0.643872 0.913649
v 0.000000 -0.894373 0.624984
v -0.000000 0.640056 -0.906302
v 0.000000 -0.894420 -0.625289
v -0.000000 0.625140 0.894336
v -0.000000 0.894341 -0.625141
v -0.000000 0.891370 0.415720
v -0.000000 -0.415720 -0.891370
v 0.000000 -0.881583 0.415013
v 0.000000 -0.415720 0.891370
v 0.000000 -0.876216 -0.413190
v -0.000000 0.416449 -0.891126
v -0.000000 0.886904 -0.405246
v 0.000000 0.407297 0.877336
v 0.000000 -1.196185 -0.208730
v -0.000000 0.220112 -1.190276
v -0.000000 1.190681 -0.204571
v 0.000000 0.204422 1.190595
v -0.000000 -0.184358 -1.196690
v -0.000000 1.183229 0.205901
v 0.000000 -0.205901 1.183230
v 0.000000 -1.190064 0.207528
v 0.000000 -1.007412 -0.099038
v 0.000000 -0.842142 -0.203220
v -0.000000 -0.105265 -1.003841
v -0.000000 -0.221354 -0.844539
v 0.000000 0.204136 0.842654
v 0.000000 0.099486 0.991003
v -0.000000 0.852866 0.224171
v -0.000000 1.004329 0.104713
v -0.000000 0.221555 -0.846278
v -0.000000 0.099442 -1.002365
v -0.000000 0.842867 -0.204024
v -0.000000 1.008897 -0.098358
v 0.000000 -0.855689 0.212207
v 0.000000 -0.994951 0.104782
v 0.000000 -0.223284 0.847425
v 0.000000 -0.104504 1.003718
v 0.000000 -0.520116 -0.747477
v -0.000000 0.746743 0.519429
v 0.000000 -0.519562 0.746670
v 0.000000 -0.689518 0.490892
v -0.000000 0.519759 -0.746258
v 0.000000 -0.686923 -0.501706
v -0.000000 0.493678 0.689932
v -0.000000 0.696370 -0.493302
v 0.000000 -0.689285 0.689285
v -0.000000 0.689307 0.689302
v 0.000000 -0.689302 -0.689307
v -0.000000 0.689323 -0.689323
v -0.000000 0.014293 -1.186923
v -0.000000 1.197341 0.002353
v 0.000000 -1.194230 -0.001260
v 0.000000 -0.002354 1.197341
v -0.000000 0.692661 0.348789
v 0.000000 -0.715586 0.326235
v -0.000000 -0.352289 -0.688875
v 0.000000 -0.348950 0.692504
v 0.000000 -0.512235 0.562002
v 0.000000 -0.712279 -0.325027
v -0.000000 0.716364 -0.316524
v -0.000000 0.349189 -0.691490
v 0.000000 0.321941 0.704070
v -0.000000 0.562259 0.511727
v 0.000000 -0.509245 -0.568446
v 0.000000 -0.793478 -0.002404
v -0.000000 0.799535 0.005609
v 0.000000 -0.004798 0.795802
v -0.000000 -0.001263 -0.798818
v -0.000000 0.512335 -0.561502
v -0.000000 0.489019 0.308992
v 0.000000 -0.500219 0.345571
v 0.000000 -0.310840 -0.490441
v 0.000000 -0.310084 0.484668
v 0.000000 -0.491665 -0.352361
v -0.000000 0.509111 -0.340885
v -0.000000 0.314750 -0.482721
v -0.000000 0.352553 0.496579
v 0.000000 0.164370 0.639491
v 0.000000 -0.641341 -0.165251
v -0.000000 0.646211 -0.161057
v -0.000000 0.167637 -0.641863
v -0.000000 -0.171374 -0.643887
v -0.000000 0.648190 0.172231
v 0.000000 -0.173921 0.643396
v 0.000000 -0.644648 0.167583
v -0.000000 0.443929 0.111358
v -0.000000 0.256202 0.253945
v 0.000000 -0.246840 0.244929
v 0.000000 -0.443552 0.114995
v 0.000000 -0.254660 -0.255741
v -0.000000 -0.110196 -0.440872
v 0.000000 -0.104269 0.437862
v 0.000000 -0.442124 -0.115486
v -0.000000 0.252257 -0.248054
v -0.000000 0.444109 -0.113031
v -0.000000 0.106367 -0.439093
v 0.000000 0.126759 0.434285
v -0.000000 0.000315 -0.585532
v 0.000000 -0.004654 0.584865
v -0.000000 0.596204 0.005524
v 0.000000 -0.593600 0.000044
v -0.000000 0.282417 0.003921
v -0.000000 -0.003930 -0.267166
v 0.000000 0.005445 0.267151
v 0.000000 -0.276790 -0.007319
v 0.000000 -0.084762 0.070227
v 0.000000 0.001215 2.561200
v -0.000000 2.568103 0.001686
v -0.000000 0.005603 -2.560343
v 0.000000 -2.560343 -0.005603
v 0.000000 -0.093008 2.393164
v -0.000000 -0.095473 -2.387100
v -0.000000 2.406331 0.091618
v 0.000000 -2.387100 0.095473
v -0.000000 2.723794 0.102097
v 0.000000 -0.102097 2.723794
v 0.000000 -2.723794 0.102097
v -0.000000 -0.102097 -2.723794
v -0.000000 0.003210 -2.240054
v 0.000000 0.004625 2.246079
v 0.000000 -2.240045 -0.003280
v -0.000000 2.245881 -0.004746
v -0.000000 -0.038641 -1.358571
v 0.000000 -1.377823 -0.000005
v 0.000000 -0.004342 1.371499
v -0.000000 1.371499 0.004342
v 0.000000 0.353848 4.188674
v -0.000000 4.189435 -0.354093
v -0.000000 4.206409 0.348876
v 0.000000 -4.189424 0.354059
v 0.000000 -4.208245 -0.347343
v 0.000000 -0.347530 4.207923
v -0.000000 0.347526 -4.207934
v -0.000000 -0.353848 -4.188674
v -0.000000 -0.054047 -4.174964
v 0.000000 -4.175909 0.053733
v -0.000000 4.174726 -0.052609
v 0.000000 0.054066 4.174839
v 0.000000 -2.980241 -2.527351
v -0.000000 2.980239 2.527350
v -0.000000 2.526506 -2.983631
v -0.000000 2.983721 -2.520649
v 0.000000 -2.524474 -2.984921
v 0.000000 -2.984954 2.524514
v -0.000000 2.524474 2.984921
v 0.000000 -2.524399 2.976551
v -0.000000 0.079364 -0.077889
v -0.000000 0.111572 0.105041
v 0.000000 -0.117955 -0.112798
v 0.000000 -3.317500 1.246983
v -0.000000 -1.247233 -3.317553
v -0.000000 3.317488 -1.247044
v 0.000000 1.246728 3.316905
v 0.000000 -1.233979 3.332081
v -0.000000 1.233979 -3.332081
v -0.000000 3.332081 1.233979
v 0.000000 -3.332081 -1.233979
v -0.000000 2.873311 0.007346
v 0.000000 -0.002138 2.877199
v 0.000000 -2.882138 0.002619
v -0.000000 -0.006265 -2.864385
v -0.000000 3.071772 -1.084772
v 0.000000 1.084772 3.071772
v 0.000000 -3.071772 1.084772
v -0.000000 3.068810 1.084401
v 0.000000 -1.084401 3.068810
v -0.000000 1.084401 -3.068810
v 0.000000 -3.069499 -1.083698
v -0.000000 -1.084772 -3.071772
v 0.000000 -0.075023 1.498170
v -0.000000 1.498170 0.075023
v 0.000000 -1.498170 0.075023
v -0.000000 -0.075023 -1.498170
v 0.000000 -3.620989 1.588906
v -0.000000 3.620987 -1.589062
v -0.000000 -1.588874 -3.620972
v 0.000000 -1.644552 3.617425
v -0.000000 3.617424 1.644552
v -0.000000 1.644552 -3.617424
v 0.000000 1.589089 3.620718
v 0.000000 -3.617425 -1.644552
v 0.000000 -1.351666 0.296757
v 0.000000 -0.296757 1.351666
v -0.000000 1.351666 0.296757
v -0.000000 -0.221745 -1.379403
v -0.000000 -0.677970 -3.903780
v -0.000000 0.674626 -3.907689
v 0.000000 -0.674626 3.907689
v 0.000000 -3.907689 -0.674626
v -0.000000 3.907689 0.674626
v 0.000000 -3.903780 0.677970
v 0.000000 0.677970 3.903780
v -0.000000 3.903780 -0.677970
v 0.000000 0.295775 1.354488
v -0.000000 1.354488 -0.295775
v -0.000000 0.305225 -1.374535
v 0.000000 -1.374535 -0.305225
v 0.000000 -0.995629 0.804708
v 0.000000 -0.817210 0.999306
v -0.000000 1.004455 0.809945
v -0.000000 0.999595 -0.805406
v -0.000000 0.804749 0.995625
v -0.000000 0.817250 -0.999295
v 0.000000 -0.994557 -0.804595
v 0.000000 -0.817210 -0.999306
v 0.000000 -0.983462 0.976211
v -0.000000 0.983830 0.981920
v -0.000000 0.984830 -0.970492
v 0.000000 -0.983338 -0.971632
v 0.000000 0.065070 1.499987
v -0.000000 1.499987 -0.065070
v -0.000000 0.075343 -1.500387
v 0.000000 -1.500387 -0.075343
v 0.000000 -0.323487 3.543656
v -0.000000 -0.331368 -3.533757
v 0.000000 -3.553862 -0.323213
v -0.000000 0.321504 -3.542295
v -0.000000 3.542706 0.313354
v 0.000000 -3.556460 0.327838
v 0.000000 0.325526 3.540870
v -0.000000 3.555444 -0.326207
v 0.000000 -2.326385 -3.259225
v -0.000000 2.326385 3.259225
v 0.000000 -2.347481 3.267128
v 0.000000 -3.259225 2.326385
v -0.000000 2.328714 -3.263711
v -0.000000 3.259225 -2.326385
v -0.000000 3.267128 2.347480
v 0.000000 -3.267128 -2.347480
v 0.000000 -3.749330 -1.404556
v -0.000000 1.404556 -3.749330
v 0.000000 1.437409 3.734472
v 0.000000 -1.404556 3.749330
v -0.000000 3.749330 1.404556
v -0.000000 -1.437403 -3.734505
v -0.000000 3.734499 -1.437435
v 0.000000 -3.734498 1.437413
v 0.000000 -1.756557 -2.611908
v -0.000000 1.763385 2.618834
v 0.000000 -2.622829 -1.764883
v -0.000000 1.782052 -2.631269
v 0.000000 -1.782052 2.631269
v -0.000000 2.622829 1.764883
v -0.000000 2.611908 -1.756557
v 0.000000 -2.618889 1.761184
vn 1.0000 -0.0000 -0.0000
s 0
f 623//1 84//1 622//1
f 373//1 253//1 254//1
f 902//1 590//1 589//1
f 578//1 579//1 128//1
f 575//1 576//1 131//1
f 603//1 103//1 104//1
f 387//1 239//1 240//1
f 367//1 368//1 259//1
f 339//1 287//1 288//1
f 366//1 260//1 261//1
f 389//1 237//1 238//1
f 855//1 856//1 543//1
f 527//1 24//1 25//1
f 676//1 677//1 364//1
f 638//1 326//1 325//1
f 323//1 324//1 303//1
f 463//1 165//1 462//1
f 739//1 427//1 426//1
f 852//1 540//1 539//1
f 870//1 557//1 869//1
f 485//1 67//1 484//1
f 416//1 211//1 212//1
f 1143//1 1144//1 831//1
f 467//1 160//1 161//1
f 622//1 84//1 85//1
f 512//1 39//1 40//1
f 1258//1 945//1 1257//1
f 314//1 312//1 3//1
f 323//1 303//1 304//1
f 633//1 321//1 320//1
f 537//1 14//1 15//1
f 526//1 25//1 26//1
f 324//1 302//1 303//1
f 326//1 300//1 301//1
f 388//1 238//1 239//1
f 341//1 286//1 340//1
f 423//1 204//1 205//1
f 349//1 277//1 278//1
f 337//1 289//1 290//1
f 334//1 335//1 292//1
f 331//1 295//1 296//1
f 390//1 236//1 237//1
f 490//1 61//1 62//1
f 340//1 286//1 287//1
f 350//1 277//1 349//1
f 332//1 295//1 331//1
f 647//1 335//1 334//1
f 363//1 263//1 264//1
f 336//1 337//1 290//1
f 341//1 285//1 286//1
f 644//1 332//1 331//1
f 913//1 914//1 601//1
f 690//1 378//1 377//1
f 660//1 348//1 347//1
f 362//1 264//1 265//1
f 419//1 208//1 209//1
f 351//1 276//1 350//1
f 353//1 273//1 274//1
f 353//1 354//1 273//1
f 654//1 655//1 342//1
f 328//1 329//1 298//1
f 350//1 276//1 277//1
f 633//1 634//1 321//1
f 738//1 425//1 737//1
f 358//1 268//1 269//1
f 355//1 271//1 272//1
f 374//1 252//1 253//1
f 672//1 673//1 360//1
f 737//1 425//1 424//1
f 773//1 774//1 461//1
f 379//1 247//1 248//1
f 364//1 262//1 263//1
f 359//1 268//1 358//1
f 369//1 258//1 368//1
f 371//1 255//1 256//1
f 975//1 663//1 662//1
f 707//1 395//1 394//1
f 703//1 391//1 390//1
f 689//1 690//1 377//1
f 370//1 256//1 257//1
f 347//1 279//1 280//1
f 680//1 368//1 367//1
f 333//1 293//1 294//1
f 363//1 264//1 362//1
f 490//1 62//1 489//1
f 373//1 374//1 253//1
f 812//1 500//1 499//1
f 699//1 387//1 386//1
f 394//1 395//1 233//1
f 494//1 57//1 58//1
f 493//1 59//1 492//1
f 1537//1 1225//1 1224//1
f 390//1 237//1 389//1
f 393//1 234//1 235//1
f 391//1 236//1 390//1
f 482//1 69//1 70//1
f 607//1 99//1 100//1
f 395//1 232//1 233//1
f 404//1 223//1 224//1
f 698//1 386//1 385//1
f 399//1 228//1 229//1
f 709//1 397//1 396//1
f 407//1 221//1 406//1
f 409//1 218//1 219//1
f 391//1 2//1 236//1
f 354//1 272//1 273//1
f 1382//1 1069//1 1381//1
f 459//1 168//1 169//1
f 751//1 438//1 750//1
f 427//1 201//1 426//1
f 394//1 233//1 234//1
f 399//1 400//1 228//1
f 712//1 399//1 711//1
f 429//1 199//1 428//1
f 402//1 225//1 226//1
f 426//1 201//1 202//1
f 432//1 433//1 195//1
f 746//1 434//1 433//1
f 727//1 415//1 414//1
f 697//1 698//1 385//1
f 734//1 735//1 422//1
f 955//1 643//1 642//1
f 456//1 171//1 172//1
f 424//1 425//1 203//1
f 427//1 200//1 201//1
f 414//1 213//1 214//1
f 406//1 221//1 222//1
f 448//1 179//1 180//1
f 440//1 187//1 188//1
f 748//1 436//1 435//1
f 449//1 450//1 178//1
f 435//1 192//1 193//1
f 431//1 196//1 197//1
f 437//1 191//1 436//1
f 775//1 463//1 462//1
f 437//1 190//1 191//1
f 454//1 173//1 174//1
f 439//1 188//1 189//1
f 1104//1 792//1 791//1
f 420//1 207//1 208//1
f 752//1 439//1 751//1
f 783//1 471//1 470//1
f 449//1 179//1 448//1
f 697//1 385//1 384//1
f 412//1 215//1 216//1
f 434//1 435//1 193//1
f 421//1 206//1 207//1
f 770//1 458//1 457//1
f 450//1 177//1 178//1
f 1123//1 810//1 1122//1
f 1418//1 1419//1 1106//1
f 1436//1 1123//1 1435//1
f 457//1 458//1 170//1
f 463//1 164//1 165//1
f 441//1 442//1 186//1
f 465//1 466//1 162//1
f 399//1 229//1 398//1
f 452//1 175//1 176//1
f 460//1 461//1 167//1
f 469//1 1//1 159//1
f 434//1 193//1 194//1
f 460//1 167//1 168//1
f 477//1 75//1 476//1
f 939//1 627//1 626//1
f 900//1 588//1 587//1
f 479//1 480//1 72//1
f 500//1 51//1 52//1
f 444//1 183//1 184//1
f 786//1 787//1 474//1
f 933//1 621//1 620//1
f 928//1 929//1 616//1
f 477//1 74//1 75//1
f 481//1 71//1 480//1
f 487//1 65//1 486//1
f 516//1 35//1 36//1
f 472//1 79//1 80//1
f 482//1 483//1 69//1
f 479//1 72//1 73//1
f 818//1 506//1 505//1
f 503//1 48//1 49//1
f 543//1 8//1 9//1
f 493//1 494//1 58//1
f 784//1 471//1 783//1
f 470//1 1//1 469//1
f 489//1 62//1 63//1
f 495//1 57//1 494//1
f 1096//1 784//1 783//1
f 507//1 45//1 506//1
f 492//1 59//1 60//1
f 496//1 56//1 495//1
f 828//1 516//1 515//1
f 517//1 34//1 35//1
f 804//1 805//1 492//1
f 793//1 481//1 480//1
f 502//1 49//1 50//1
f 791//1 478//1 790//1
f 545//1 6//1 7//1
f 442//1 185//1 186//1
f 572//1 134//1 135//1
f 524//1 28//1 523//1
f 513//1 39//1 512//1
f 816//1 504//1 503//1
f 849//1 537//1 536//1
f 1396//1 1083//1 1395//1
f 1493//1 1181//1 1180//1
f 1441//1 1442//1 1129//1
f 449//1 178//1 179//1
f 508//1 43//1 44//1
f 519//1 32//1 33//1
f 483//1 68//1 69//1
f 511//1 40//1 41//1
f 650//1 338//1 337//1
f 493//1 58//1 59//1
f 833//1 521//1 520//1
f 1139//1 826//1 1138//1
f 837//1 525//1 524//1
f 586//1 120//1 121//1
f 1171//1 859//1 858//1
f 498//1 53//1 54//1
f 834//1 522//1 521//1
f 533//1 18//1 19//1
f 523//1 28//1 29//1
f 771//1 459//1 458//1
f 480//1 71//1 72//1
f 847//1 534//1 846//1
f 915//1 603//1 602//1
f 525//1 526//1 26//1
f 868//1 555//1 867//1
f 532//1 533//1 19//1
f 535//1 16//1 17//1
f 495//1 56//1 57//1
f 525//1 26//1 27//1
f 867//1 555//1 554//1
f 541//1 11//1 540//1
f 547//1 5//1 546//1
f 1091//1 779//1 778//1
f 861//1 549//1 548//1
f 538//1 13//1 14//1
f 549//1 157//1 158//1
f 383//1 244//1 382//1
f 380//1 381//1 246//1
f 571//1 135//1 136//1
f 555//1 151//1 152//1
f 872//1 560//1 559//1
f 850//1 537//1 849//1
f 332//1 294//1 295//1
f 616//1 90//1 91//1
f 518//1 33//1 34//1
f 880//1 568//1 567//1
f 1172//1 859//1 1171//1
f 853//1 541//1 540//1
f 558//1 148//1 149//1
f 365//1 262//1 364//1
f 655//1 656//1 343//1
f 552//1 154//1 155//1
f 566//1 141//1 565//1
f 1471//1 1159//1 1158//1
f 594//1 112//1 113//1
f 1293//1 1294//1 981//1
f 894//1 582//1 581//1
f 570//1 136//1 137//1
f 574//1 132//1 133//1
f 571//1 136//1 570//1
f 610//1 96//1 97//1
f 348//1 349//1 278//1
f 582//1 124//1 125//1
f 580//1 126//1 127//1
f 889//1 577//1 576//1
f 1231//1 919//1 918//1
f 591//1 116//1 590//1
f 601//1 105//1 106//1
f 896//1 584//1 583//1
f 592//1 593//1 114//1
f 620//1 621//1 86//1
f 976//1 664//1 663//1
f 583//1 124//1 582//1
f 600//1 601//1 106//1
f 592//1 114//1 115//1
f 573//1 134//1 572//1
f 602//1 105//1 601//1
f 618//1 88//1 89//1
f 588//1 118//1 119//1
f 915//1 602//1 914//1
f 520//1 32//1 519//1
f 602//1 104//1 105//1
f 540//1 11//1 12//1
f 332//1 333//1 294//1
f 325//1 302//1 324//1
f 614//1 92//1 93//1
f 618//1 619//1 88//1
f 927//1 615//1 614//1
f 636//1 324//1 323//1
f 318//1 309//1 317//1
f 609//1 97//1 98//1
f 1499//1 1187//1 1186//1
f 887//1 575//1 574//1
f 572//1 135//1 571//1
f 603//1 104//1 602//1
f 883//1 884//1 571//1
f 615//1 91//1 92//1
f 919//1 607//1 606//1
f 617//1 89//1 90//1
f 517//1 35//1 516//1
f 557//1 149//1 150//1
f 613//1 614//1 93//1
f 619//1 87//1 88//1
f 592//1 115//1 591//1
f 585//1 122//1 584//1
f 317//1 309//1 310//1
f 596//1 110//1 111//1
f 823//1 510//1 822//1
f 512//1 40//1 511//1
f 564//1 142//1 143//1
f 320//1 306//1 307//1
f 560//1 146//1 147//1
f 609//1 98//1 608//1
f 1248//1 936//1 935//1
f 331//1 296//1 330//1
f 844//1 532//1 531//1
f 579//1 127//1 128//1
f 343//1 344//1 283//1
f 353//1 274//1 352//1
f 502//1 503//1 49//1
f 829//1 517//1 516//1
f 580//1 127//1 579//1
f 578//1 128//1 129//1
f 478//1 73//1 74//1
f 492//1 60//1 491//1
f 477//1 478//1 74//1
f 474//1 77//1 78//1
f 527//1 25//1 526//1
f 530//1 21//1 22//1
f 415//1 212//1 213//1
f 412//1 413//1 215//1
f 339//1 340//1 287//1
f 652//1 340//1 339//1
f 595//1 596//1 111//1
f 589//1 118//1 588//1
f 787//1 788//1 475//1
f 461//1 166//1 167//1
f 344//1 282//1 283//1
f 343//1 283//1 284//1
f 618//1 89//1 617//1
f 616//1 617//1 90//1
f 335//1 291//1 292//1
f 336//1 290//1 291//1
f 510//1 511//1 41//1
f 1795//1 1483//1 1482//1
f 738//1 739//1 426//1
f 415//1 213//1 414//1
f 831//1 518//1 830//1
f 868//1 556//1 555//1
f 453//1 454//1 174//1
f 453//1 175//1 452//1
f 484//1 67//1 68//1
f 484//1 68//1 483//1
f 514//1 37//1 38//1
f 515//1 37//1 514//1
f 1322//1 1010//1 1009//1
f 470//1 81//1 1//1
f 527//1 528//1 24//1
f 842//1 530//1 529//1
f 505//1 46//1 47//1
f 803//1 491//1 490//1
f 376//1 250//1 251//1
f 373//1 254//1 372//1
f 750//1 438//1 437//1
f 438//1 190//1 437//1
f 852//1 853//1 540//1
f 991//1 679//1 678//1
f 721//1 409//1 408//1
f 1163//1 851//1 850//1
f 785//1 473//1 472//1
f 789//1 477//1 476//1
f 411//1 216//1 217//1
f 1041//1 728//1 1040//1
f 356//1 270//1 271//1
f 357//1 270//1 356//1
f 558//1 559//1 148//1
f 558//1 149//1 557//1
f 475//1 76//1 77//1
f 475//1 77//1 474//1
f 1202//1 890//1 889//1
f 551//1 155//1 156//1
f 576//1 130//1 131//1
f 583//1 584//1 123//1
f 436//1 191//1 192//1
f 436//1 192//1 435//1
f 907//1 595//1 594//1
f 330//1 296//1 297//1
f 784//1 785//1 472//1
f 506//1 45//1 46//1
f 451//1 176//1 177//1
f 451//1 452//1 176//1
f 504//1 47//1 48//1
f 504//1 48//1 503//1
f 554//1 555//1 152//1
f 869//1 557//1 556//1
f 417//1 210//1 211//1
f 706//1 394//1 393//1
f 316//1 317//1 310//1
f 318//1 308//1 309//1
f 802//1 490//1 489//1
f 486//1 65//1 66//1
f 405//1 406//1 222//1
f 407//1 220//1 221//1
f 563//1 143//1 144//1
f 563//1 564//1 143//1
f 319//1 320//1 307//1
f 1584//1 1272//1 1271//1
f 488//1 63//1 64//1
f 488//1 489//1 63//1
f 711//1 398//1 710//1
f 403//1 225//1 402//1
f 319//1 307//1 308//1
f 319//1 308//1 318//1
f 1515//1 1203//1 1202//1
f 811//1 499//1 498//1
f 841//1 529//1 528//1
f 536//1 537//1 15//1
f 481//1 70//1 71//1
f 481//1 482//1 70//1
f 401//1 226//1 227//1
f 401//1 402//1 226//1
f 476//1 75//1 76//1
f 476//1 76//1 475//1
f 485//1 66//1 67//1
f 731//1 419//1 418//1
f 421//1 207//1 420//1
f 734//1 422//1 421//1
f 473//1 79//1 472//1
f 473//1 474//1 78//1
f 719//1 406//1 718//1
f 398//1 229//1 230//1
f 685//1 372//1 684//1
f 382//1 244//1 245//1
f 772//1 460//1 459//1
f 369//1 257//1 258//1
f 859//1 546//1 858//1
f 531//1 20//1 21//1
f 1111//1 799//1 798//1
f 505//1 47//1 504//1
f 473//1 78//1 79//1
f 486//1 66//1 485//1
f 1204//1 892//1 891//1
f 627//1 315//1 314//1
f 926//1 614//1 613//1
f 627//1 628//1 315//1
f 551//1 552//1 155//1
f 683//1 371//1 370//1
f 557//1 150//1 556//1
f 531//1 21//1 530//1
f 779//1 467//1 466//1
f 479//1 73//1 478//1
f 471//1 472//1 80//1
f 468//1 160//1 467//1
f 1016//1 704//1 703//1
f 686//1 373//1 685//1
f 346//1 347//1 280//1
f 1212//1 900//1 899//1
f 633//1 320//1 632//1
f 637//1 325//1 324//1
f 848//1 536//1 535//1
f 534//1 18//1 533//1
f 445//1 446//1 182//1
f 447//1 448//1 180//1
f 584//1 122//1 123//1
f 924//1 612//1 611//1
f 565//1 141//1 142//1
f 565//1 142//1 564//1
f 466//1 161//1 162//1
f 466//1 467//1 161//1
f 529//1 22//1 23//1
f 529//1 530//1 22//1
f 621//1 85//1 86//1
f 621//1 622//1 85//1
f 590//1 116//1 117//1
f 591//1 115//1 116//1
f 361//1 265//1 266//1
f 361//1 362//1 265//1
f 895//1 582//1 894//1
f 587//1 588//1 119//1
f 400//1 227//1 228//1
f 400//1 401//1 227//1
f 839//1 527//1 526//1
f 876//1 563//1 875//1
f 587//1 119//1 120//1
f 587//1 120//1 586//1
f 497//1 54//1 55//1
f 497//1 498//1 54//1
f 357//1 269//1 270//1
f 357//1 358//1 269//1
f 595//1 111//1 112//1
f 595//1 112//1 594//1
f 509//1 42//1 43//1
f 509//1 43//1 508//1
f 653//1 341//1 340//1
f 338//1 289//1 337//1
f 499//1 500//1 52//1
f 822//1 510//1 509//1
f 372//1 254//1 255//1
f 372//1 255//1 371//1
f 649//1 337//1 336//1
f 675//1 363//1 362//1
f 334//1 292//1 293//1
f 334//1 293//1 333//1
f 355//1 272//1 354//1
f 355//1 356//1 271//1
f 453//1 174//1 175//1
f 447//1 180//1 181//1
f 789//1 476//1 788//1
f 764//1 452//1 451//1
f 430//1 197//1 198//1
f 430//1 431//1 197//1
f 609//1 610//1 97//1
f 920//1 607//1 919//1
f 421//1 422//1 206//1
f 1001//1 1002//1 689//1
f 553//1 153//1 154//1
f 553//1 154//1 552//1
f 433//1 194//1 195//1
f 433//1 434//1 194//1
f 920//1 608//1 607//1
f 662//1 350//1 349//1
f 538//1 14//1 537//1
f 825//1 826//1 513//1
f 546//1 5//1 6//1
f 546//1 6//1 545//1
f 336//1 291//1 335//1
f 342//1 285//1 341//1
f 581//1 126//1 580//1
f 583//1 123//1 124//1
f 342//1 284//1 285//1
f 342//1 343//1 284//1
f 422//1 205//1 206//1
f 422//1 423//1 205//1
f 761//1 449//1 448//1
f 1015//1 702//1 1014//1
f 824//1 512//1 511//1
f 687//1 375//1 374//1
f 611//1 95//1 96//1
f 611//1 96//1 610//1
f 562//1 144//1 145//1
f 562//1 563//1 144//1
f 388//1 239//1 387//1
f 394//1 234//1 393//1
f 499//1 52//1 53//1
f 499//1 53//1 498//1
f 640//1 327//1 639//1
f 795//1 796//1 483//1
f 536//1 15//1 16//1
f 536//1 16//1 535//1
f 491//1 60//1 61//1
f 491//1 61//1 490//1
f 505//1 506//1 46//1
f 917//1 604//1 916//1
f 597//1 109//1 110//1
f 597//1 110//1 596//1
f 338//1 288//1 289//1
f 338//1 339//1 288//1
f 774//1 462//1 461//1
f 455//1 173//1 454//1
f 419//1 420//1 208//1
f 415//1 416//1 212//1
f 612//1 94//1 95//1
f 612//1 95//1 611//1
f 544//1 7//1 8//1
f 544//1 545//1 7//1
f 815//1 503//1 502//1
f 501//1 51//1 500//1
f 451//1 177//1 450//1
f 1386//1 1074//1 1073//1
f 756//1 444//1 443//1
f 726//1 414//1 413//1
f 1114//1 802//1 801//1
f 725//1 413//1 412//1
f 864//1 552//1 551//1
f 550//1 551//1 156//1
f 345//1 281//1 282//1
f 345//1 282//1 344//1
f 757//1 445//1 444//1
f 443//1 185//1 442//1
f 425//1 202//1 203//1
f 425//1 426//1 202//1
f 668//1 356//1 355//1
f 351//1 275//1 276//1
f 821//1 509//1 508//1
f 716//1 404//1 403//1
f 713//1 714//1 401//1
f 370//1 371//1 256//1
f 313//1 3//1 82//1
f 313//1 314//1 3//1
f 515//1 36//1 37//1
f 515//1 516//1 36//1
f 408//1 409//1 219//1
f 682//1 683//1 370//1
f 620//1 86//1 87//1
f 620//1 87//1 619//1
f 544//1 8//1 543//1
f 538//1 539//1 13//1
f 1360//1 1361//1 1048//1
f 1015//1 703//1 702//1
f 569//1 137//1 138//1
f 569//1 570//1 137//1
f 465//1 162//1 163//1
f 464//1 164//1 463//1
f 386//1 240//1 241//1
f 386//1 387//1 240//1
f 496//1 55//1 56//1
f 496//1 497//1 55//1
f 365//1 261//1 262//1
f 365//1 366//1 261//1
f 384//1 242//1 243//1
f 385//1 242//1 384//1
f 327//1 299//1 300//1
f 327//1 300//1 326//1
f 413//1 214//1 215//1
f 413//1 414//1 214//1
f 973//1 661//1 660//1
f 1772//1 1460//1 1459//1
f 378//1 248//1 249//1
f 378//1 379//1 248//1
f 383//1 243//1 244//1
f 383//1 384//1 243//1
f 518//1 34//1 517//1
f 518//1 519//1 33//1
f 723//1 411//1 410//1
f 809//1 497//1 496//1
f 1192//1 880//1 879//1
f 561//1 562//1 145//1
f 460//1 168//1 459//1
f 1083//1 1084//1 771//1
f 795//1 483//1 482//1
f 803//1 490//1 802//1
f 513//1 38//1 39//1
f 513//1 514//1 38//1
f 428//1 199//1 200//1
f 428//1 200//1 427//1
f 725//1 412//1 724//1
f 835//1 523//1 522//1
f 577//1 129//1 130//1
f 577//1 578//1 129//1
f 624//1 82//1 83//1
f 624//1 313//1 82//1
f 443//1 184//1 185//1
f 443//1 444//1 184//1
f 440//1 188//1 439//1
f 780//1 781//1 468//1
f 875//1 563//1 562//1
f 714//1 402//1 401//1
f 1074//1 761//1 1073//1
f 763//1 764//1 451//1
f 522//1 29//1 30//1
f 522//1 523//1 29//1
f 392//1 235//1 2//1
f 392//1 393//1 235//1
f 635//1 322//1 634//1
f 638//1 639//1 326//1
f 791//1 479//1 478//1
f 1415//1 1416//1 1103//1
f 417//1 211//1 416//1
f 418//1 210//1 417//1
f 615//1 92//1 614//1
f 625//1 626//1 313//1
f 438//1 189//1 190//1
f 438//1 439//1 189//1
f 643//1 644//1 331//1
f 1182//1 870//1 869//1
f 605//1 101//1 102//1
f 606//1 101//1 605//1
f 657//1 344//1 656//1
f 1424//1 1112//1 1111//1
f 521//1 30//1 31//1
f 521//1 522//1 30//1
f 693//1 381//1 380//1
f 391//1 392//1 2//1
f 589//1 117//1 118//1
f 589//1 590//1 117//1
f 561//1 145//1 146//1
f 561//1 146//1 560//1
f 598//1 108//1 109//1
f 598//1 109//1 597//1
f 368//1 258//1 259//1
f 369//1 370//1 257//1
f 388//1 389//1 238//1
f 1023//1 711//1 710//1
f 424//1 203//1 204//1
f 424//1 204//1 423//1
f 559//1 147//1 148//1
f 559//1 560//1 147//1
f 810//1 498//1 497//1
f 1364//1 1365//1 1052//1
f 581//1 125//1 126//1
f 581//1 582//1 125//1
f 778//1 465//1 777//1
f 809//1 810//1 497//1
f 556//1 150//1 151//1
f 556//1 151//1 555//1
f 501//1 50//1 51//1
f 501//1 502//1 50//1
f 510//1 41//1 42//1
f 510//1 42//1 509//1
f 613//1 93//1 94//1
f 613//1 94//1 612//1
f 323//1 304//1 322//1
f 965//1 653//1 652//1
f 329//1 297//1 298//1
f 329//1 330//1 297//1
f 462//1 165//1 166//1
f 462//1 166//1 461//1
f 599//1 107//1 108//1
f 599//1 108//1 598//1
f 528//1 23//1 24//1
f 528//1 529//1 23//1
f 328//1 298//1 299//1
f 328//1 299//1 327//1
f 753//1 441//1 440//1
f 1399//1 1400//1 1087//1
f 655//1 343//1 342//1
f 674//1 362//1 361//1
f 468//1 159//1 160//1
f 468//1 469//1 159//1
f 568//1 138//1 139//1
f 568//1 569//1 138//1
f 432//1 195//1 196//1
f 432//1 196//1 431//1
f 471//1 80//1 81//1
f 471//1 81//1 470//1
f 593//1 113//1 114//1
f 593//1 594//1 113//1
f 418//1 209//1 210//1
f 418//1 419//1 209//1
f 1004//1 692//1 691//1
f 1021//1 709//1 708//1
f 534//1 17//1 18//1
f 534//1 535//1 17//1
f 606//1 100//1 101//1
f 606//1 607//1 100//1
f 1145//1 1146//1 833//1
f 1059//1 747//1 746//1
f 1521//1 1209//1 1208//1
f 1117//1 805//1 804//1
f 321//1 305//1 306//1
f 321//1 306//1 320//1
f 377//1 249//1 250//1
f 377//1 378//1 249//1
f 487//1 64//1 65//1
f 487//1 488//1 64//1
f 381//1 245//1 246//1
f 381//1 382//1 245//1
f 813//1 500//1 812//1
f 765//1 452//1 764//1
f 577//1 130//1 576//1
f 1205//1 892//1 1204//1
f 360//1 266//1 267//1
f 360//1 361//1 266//1
f 567//1 139//1 140//1
f 567//1 568//1 139//1
f 408//1 219//1 220//1
f 408//1 220//1 407//1
f 813//1 501//1 500//1
f 798//1 486//1 485//1
f 931//1 619//1 618//1
f 675//1 362//1 674//1
f 405//1 222//1 223//1
f 405//1 223//1 404//1
f 623//1 83//1 84//1
f 623//1 624//1 83//1
f 376//1 377//1 250//1
f 691//1 379//1 378//1
f 524//1 27//1 28//1
f 524//1 525//1 27//1
f 882//1 570//1 569//1
f 812//1 499//1 811//1
f 441//1 186//1 187//1
f 441//1 187//1 440//1
f 412//1 216//1 411//1
f 410//1 218//1 409//1
f 669//1 670//1 357//1
f 687//1 688//1 375//1
f 542//1 9//1 10//1
f 542//1 543//1 9//1
f 909//1 910//1 597//1
f 862//1 550//1 549//1
f 464//1 163//1 164//1
f 464//1 465//1 163//1
f 1247//1 935//1 934//1
f 1160//1 1161//1 848//1
f 554//1 152//1 153//1
f 554//1 153//1 553//1
f 520//1 31//1 32//1
f 520//1 521//1 31//1
f 375//1 252//1 374//1
f 363//1 364//1 263//1
f 763//1 451//1 450//1
f 781//1 469//1 468//1
f 410//1 217//1 218//1
f 410//1 411//1 217//1
f 738//1 426//1 425//1
f 732//1 419//1 731//1
f 694//1 695//1 382//1
f 989//1 677//1 676//1
f 770//1 771//1 458//1
f 934//1 621//1 933//1
f 575//1 131//1 132//1
f 575//1 132//1 574//1
f 909//1 597//1 596//1
f 888//1 576//1 575//1
f 367//1 259//1 260//1
f 367//1 260//1 366//1
f 507//1 44//1 45//1
f 507//1 508//1 44//1
f 429//1 198//1 199//1
f 429//1 430//1 198//1
f 604//1 103//1 603//1
f 922//1 610//1 609//1
f 550//1 156//1 157//1
f 550//1 157//1 549//1
f 585//1 121//1 122//1
f 585//1 586//1 121//1
f 315//1 311//1 312//1
f 315//1 312//1 314//1
f 566//1 140//1 141//1
f 566//1 567//1 140//1
f 1246//1 1247//1 934//1
f 670//1 358//1 357//1
f 375//1 251//1 252//1
f 375//1 376//1 251//1
f 656//1 344//1 343//1
f 642//1 330//1 329//1
f 906//1 594//1 593//1
f 1197//1 1198//1 885//1
f 446//1 181//1 182//1
f 446//1 447//1 181//1
f 352//1 274//1 275//1
f 352//1 275//1 351//1
f 396//1 231//1 232//1
f 396//1 232//1 395//1
f 928//1 616//1 615//1
f 914//1 602//1 601//1
f 889//1 576//1 888//1
f 629//1 317//1 316//1
f 634//1 322//1 321//1
f 630//1 631//1 318//1
f 322//1 304//1 305//1
f 322//1 305//1 321//1
f 385//1 241//1 242//1
f 385//1 386//1 241//1
f 685//1 373//1 372//1
f 983//1 671//1 670//1
f 935//1 936//1 623//1
f 950//1 637//1 949//1
f 325//1 301//1 302//1
f 325//1 326//1 301//1
f 348//1 278//1 279//1
f 348//1 279//1 347//1
f 458//1 169//1 170//1
f 458//1 459//1 169//1
f 455//1 172//1 173//1
f 455//1 456//1 172//1
f 725//1 726//1 413//1
f 397//1 231//1 396//1
f 316//1 310//1 311//1
f 316//1 311//1 315//1
f 718//1 406//1 405//1
f 717//1 718//1 405//1
f 830//1 518//1 517//1
f 929//1 617//1 616//1
f 532//1 19//1 20//1
f 532//1 20//1 531//1
f 539//1 12//1 13//1
f 539//1 540//1 12//1
f 1193//1 1194//1 881//1
f 1198//1 886//1 885//1
f 701//1 389//1 388//1
f 705//1 706//1 393//1
f 380//1 246//1 247//1
f 380//1 247//1 379//1
f 1241//1 929//1 928//1
f 788//1 476//1 475//1
f 646//1 334//1 333//1
f 911//1 599//1 598//1
f 916//1 604//1 603//1
f 899//1 587//1 586//1
f 759//1 447//1 446//1
f 678//1 365//1 677//1
f 663//1 350//1 662//1
f 666//1 354//1 353//1
f 855//1 543//1 542//1
f 868//1 869//1 556//1
f 631//1 319//1 318//1
f 935//1 623//1 622//1
f 863//1 551//1 550//1
f 890//1 891//1 578//1
f 608//1 98//1 99//1
f 608//1 99//1 607//1
f 346//1 280//1 281//1
f 346//1 281//1 345//1
f 541//1 10//1 11//1
f 541//1 542//1 10//1
f 445//1 182//1 183//1
f 445//1 183//1 444//1
f 616//1 91//1 615//1
f 917//1 605//1 604//1
f 604//1 102//1 103//1
f 604//1 605//1 102//1
f 741//1 742//1 429//1
f 726//1 727//1 414//1
f 694//1 381//1 693//1
f 990//1 678//1 677//1
f 810//1 811//1 498//1
f 787//1 475//1 474//1
f 921//1 608//1 920//1
f 900//1 587//1 899//1
f 573//1 133//1 134//1
f 573//1 574//1 133//1
f 833//1 520//1 832//1
f 797//1 485//1 484//1
f 548//1 158//1 4//1
f 548//1 549//1 158//1
f 1045//1 733//1 732//1
f 1987//1 1675//1 1674//1
f 359//1 267//1 268//1
f 359//1 360//1 267//1
f 600//1 106//1 107//1
f 600//1 107//1 599//1
f 457//1 170//1 171//1
f 457//1 171//1 456//1
f 397//1 230//1 231//1
f 397//1 398//1 230//1
f 547//1 4//1 5//1
f 547//1 548//1 4//1
f 403//1 224//1 225//1
f 403//1 404//1 224//1
f 904//1 592//1 591//1
f 903//1 904//1 591//1
f 1029//1 717//1 716//1
f 657//1 345//1 344//1
f 1026//1 714//1 713//1
f 754//1 441//1 753//1
f 751//1 439//1 438//1
f 883//1 571//1 570//1
f 665//1 353//1 352//1
f 659//1 347//1 346//1
f 1079//1 1080//1 767//1
f 758//1 445//1 757//1
f 1462//1 1150//1 1149//1
f 819//1 507//1 506//1
f 881//1 568//1 880//1
f 858//1 546//1 545//1
f 876//1 877//1 564//1
f 806//1 807//1 494//1
f 625//1 313//1 624//1
f 626//1 314//1 313//1
f 893//1 894//1 581//1
f 1219//1 907//1 906//1
f 628//1 316//1 315//1
f 629//1 316//1 628//1
f 780//1 468//1 467//1
f 780//1 467//1 779//1
f 923//1 924//1 611//1
f 1455//1 1143//1 1142//1
f 842//1 843//1 530//1
f 826//1 514//1 513//1
f 733//1 734//1 421//1
f 739//1 740//1 427//1
f 744//1 432//1 431//1
f 742//1 430//1 429//1
f 720//1 408//1 407//1
f 1038//1 726//1 725//1
f 849//1 536//1 848//1
f 845//1 846//1 533//1
f 831//1 519//1 518//1
f 832//1 520//1 519//1
f 775//1 462//1 774//1
f 775//1 776//1 463//1
f 649//1 650//1 337//1
f 1277//1 965//1 964//1
f 918//1 606//1 605//1
f 918//1 919//1 606//1
f 865//1 553//1 552//1
f 865//1 552//1 864//1
f 1012//1 700//1 699//1
f 715//1 716//1 403//1
f 892//1 580//1 579//1
f 883//1 570//1 882//1
f 953//1 641//1 640//1
f 639//1 327//1 326//1
f 1044//1 732//1 731//1
f 740//1 428//1 427//1
f 654//1 342//1 341//1
f 653//1 654//1 341//1
f 713//1 401//1 400//1
f 711//1 399//1 398//1
f 767//1 455//1 454//1
f 770//1 457//1 769//1
f 745//1 433//1 432//1
f 745//1 432//1 744//1
f 805//1 493//1 492//1
f 808//1 496//1 495//1
f 1339//1 1027//1 1026//1
f 1028//1 715//1 1027//1
f 861//1 862//1 549//1
f 1527//1 1215//1 1214//1
f 913//1 601//1 600//1
f 915//1 916//1 603//1
f 800//1 488//1 487//1
f 801//1 488//1 800//1
f 817//1 505//1 504//1
f 816//1 817//1 504//1
f 1061//1 748//1 1060//1
f 843//1 531//1 530//1
f 699//1 386//1 698//1
f 703//1 390//1 702//1
f 1348//1 1036//1 1035//1
f 722//1 409//1 721//1
f 926//1 927//1 614//1
f 927//1 928//1 615//1
f 936//1 624//1 623//1
f 625//1 624//1 936//1
f 876//1 564//1 563//1
f 870//1 558//1 557//1
f 1152//1 840//1 839//1
f 835//1 836//1 523//1
f 646//1 647//1 334//1
f 646//1 333//1 645//1
f 838//1 526//1 525//1
f 838//1 525//1 837//1
f 1142//1 830//1 829//1
f 835//1 522//1 834//1
f 695//1 383//1 382//1
f 696//1 384//1 383//1
f 801//1 489//1 488//1
f 801//1 802//1 489//1
f 885//1 573//1 572//1
f 884//1 572//1 571//1
f 1279//1 1280//1 967//1
f 1097//1 1098//1 785//1
f 965//1 966//1 653//1
f 961//1 649//1 648//1
f 720//1 721//1 408//1
f 681//1 368//1 680//1
f 1243//1 931//1 930//1
f 926//1 613//1 925//1
f 735//1 423//1 422//1
f 736//1 423//1 735//1
f 910//1 598//1 597//1
f 910//1 911//1 598//1
f 722//1 410//1 409//1
f 722//1 723//1 410//1
f 1389//1 1077//1 1076//1
f 1021//1 708//1 1020//1
f 1065//1 752//1 1064//1
f 940//1 941//1 628//1
f 724//1 412//1 411//1
f 724//1 411//1 723//1
f 777//1 465//1 464//1
f 772//1 459//1 771//1
f 790//1 478//1 477//1
f 789//1 790//1 477//1
f 798//1 485//1 797//1
f 799//1 800//1 487//1
f 912//1 600//1 599//1
f 912//1 599//1 911//1
f 746//1 433//1 745//1
f 1050//1 737//1 1049//1
f 891//1 892//1 579//1
f 1567//1 1255//1 1254//1
f 857//1 545//1 544//1
f 857//1 858//1 545//1
f 1417//1 1418//1 1105//1
f 1109//1 797//1 796//1
f 990//1 677//1 989//1
f 945//1 632//1 944//1
f 873//1 874//1 561//1
f 1186//1 874//1 873//1
f 925//1 613//1 612//1
f 925//1 612//1 924//1
f 632//1 320//1 319//1
f 632//1 319//1 631//1
f 1188//1 876//1 875//1
f 859//1 547//1 546//1
f 677//1 365//1 364//1
f 994//1 682//1 681//1
f 908//1 595//1 907//1
f 1153//1 841//1 840//1
f 768//1 456//1 455//1
f 768//1 455//1 767//1
f 972//1 660//1 659//1
f 1509//1 1197//1 1196//1
f 906//1 907//1 594//1
f 1230//1 918//1 917//1
f 1636//1 1637//1 1324//1
f 658//1 345//1 657//1
f 917//1 918//1 605//1
f 1236//1 924//1 923//1
f 1230//1 1231//1 918//1
f 1558//1 1246//1 1245//1
f 747//1 748//1 435//1
f 1066//1 754//1 753//1
f 673//1 361//1 360//1
f 673//1 674//1 361//1
f 1130//1 817//1 1129//1
f 1223//1 911//1 910//1
f 1174//1 862//1 861//1
f 840//1 527//1 839//1
f 804//1 492//1 491//1
f 803//1 804//1 491//1
f 988//1 676//1 675//1
f 782//1 469//1 781//1
f 993//1 681//1 680//1
f 1046//1 734//1 733//1
f 898//1 586//1 585//1
f 898//1 899//1 586//1
f 699//1 700//1 387//1
f 690//1 691//1 378//1
f 653//1 340//1 652//1
f 651//1 338//1 650//1
f 1837//1 1525//1 1524//1
f 913//1 600//1 912//1
f 1514//1 1515//1 1202//1
f 860//1 861//1 548//1
f 796//1 484//1 483//1
f 796//1 797//1 484//1
f 1210//1 898//1 897//1
f 897//1 898//1 585//1
f 814//1 502//1 501//1
f 814//1 815//1 502//1
f 710//1 398//1 397//1
f 710//1 397//1 709//1
f 1304//1 992//1 991//1
f 754//1 442//1 441//1
f 1228//1 916//1 915//1
f 1238//1 1239//1 926//1
f 661//1 348//1 660//1
f 1709//1 1397//1 1396//1
f 778//1 466//1 465//1
f 778//1 779//1 466//1
f 829//1 830//1 517//1
f 829//1 516//1 828//1
f 786//1 474//1 473//1
f 786//1 473//1 785//1
f 903//1 591//1 590//1
f 903//1 590//1 902//1
f 1205//1 893//1 892//1
f 1632//1 1320//1 1319//1
f 1319//1 1320//1 1007//1
f 692//1 693//1 380//1
f 766//1 454//1 453//1
f 766//1 767//1 454//1
f 1313//1 1000//1 1312//1
f 688//1 376//1 375//1
f 640//1 328//1 327//1
f 641//1 328//1 640//1
f 930//1 617//1 929//1
f 1240//1 928//1 927//1
f 704//1 391//1 703//1
f 1366//1 1054//1 1053//1
f 1118//1 1119//1 806//1
f 743//1 744//1 431//1
f 818//1 819//1 506//1
f 818//1 505//1 817//1
f 1335//1 1022//1 1334//1
f 682//1 370//1 369//1
f 729//1 417//1 416//1
f 728//1 729//1 416//1
f 887//1 888//1 575//1
f 1217//1 904//1 1216//1
f 1390//1 1391//1 1078//1
f 749//1 436//1 748//1
f 1504//1 1191//1 1503//1
f 932//1 933//1 620//1
f 901//1 588//1 900//1
f 1540//1 1541//1 1228//1
f 822//1 509//1 821//1
f 820//1 507//1 819//1
f 1052//1 740//1 739//1
f 1071//1 758//1 1070//1
f 846//1 534//1 533//1
f 1465//1 1153//1 1152//1
f 667//1 354//1 666//1
f 663//1 351//1 350//1
f 715//1 403//1 402//1
f 715//1 402//1 714//1
f 776//1 464//1 463//1
f 776//1 777//1 464//1
f 1208//1 896//1 895//1
f 863//1 550//1 862//1
f 692//1 380//1 379//1
f 692//1 379//1 691//1
f 1486//1 1174//1 1173//1
f 827//1 514//1 826//1
f 856//1 544//1 543//1
f 856//1 857//1 544//1
f 645//1 333//1 332//1
f 645//1 332//1 644//1
f 839//1 526//1 838//1
f 1120//1 808//1 807//1
f 1176//1 864//1 863//1
f 871//1 872//1 559//1
f 700//1 388//1 387//1
f 700//1 701//1 388//1
f 1422//1 1110//1 1109//1
f 1066//1 1067//1 754//1
f 638//1 325//1 637//1
f 637//1 324//1 636//1
f 696//1 383//1 695//1
f 696//1 697//1 384//1
f 1180//1 868//1 867//1
f 1178//1 866//1 865//1
f 940//1 628//1 627//1
f 1257//1 945//1 944//1
f 712//1 400//1 399//1
f 712//1 713//1 400//1
f 1360//1 1048//1 1047//1
f 1373//1 1061//1 1060//1
f 851//1 852//1 539//1
f 850//1 538//1 537//1
f 964//1 652//1 651//1
f 1420//1 1108//1 1107//1
f 702//1 390//1 389//1
f 702//1 389//1 701//1
f 651//1 339//1 338//1
f 651//1 652//1 339//1
f 885//1 572//1 884//1
f 1213//1 901//1 900//1
f 743//1 431//1 430//1
f 743//1 430//1 742//1
f 951//1 638//1 950//1
f 950//1 638//1 637//1
f 1006//1 694//1 693//1
f 694//1 382//1 381//1
f 816//1 503//1 815//1
f 1169//1 857//1 856//1
f 1119//1 807//1 806//1
f 1079//1 767//1 766//1
f 1097//1 784//1 1096//1
f 1039//1 727//1 726//1
f 769//1 457//1 456//1
f 769//1 456//1 768//1
f 891//1 579//1 578//1
f 1203//1 890//1 1202//1
f 930//1 618//1 617//1
f 930//1 931//1 618//1
f 954//1 641//1 953//1
f 648//1 335//1 647//1
f 707//1 394//1 706//1
f 708//1 709//1 396//1
f 1271//1 959//1 958//1
f 970//1 658//1 657//1
f 980//1 668//1 667//1
f 1547//1 1548//1 1235//1
f 860//1 548//1 547//1
f 860//1 547//1 859//1
f 1554//1 1242//1 1241//1
f 660//1 347//1 659//1
f 730//1 418//1 417//1
f 730//1 417//1 729//1
f 1023//1 1024//1 711//1
f 705//1 393//1 392//1
f 1054//1 741//1 1053//1
f 1055//1 743//1 742//1
f 1137//1 1138//1 825//1
f 842//1 529//1 841//1
f 731//1 418//1 730//1
f 1042//1 729//1 1041//1
f 983//1 984//1 671//1
f 966//1 654//1 653//1
f 679//1 367//1 366//1
f 679//1 680//1 367//1
f 665//1 666//1 353//1
f 984//1 672//1 671//1
f 676//1 364//1 363//1
f 676//1 363//1 675//1
f 760//1 761//1 448//1
f 1078//1 766//1 765//1
f 643//1 331//1 330//1
f 643//1 330//1 642//1
f 827//1 515//1 514//1
f 827//1 828//1 515//1
f 2082//1 1770//1 1769//1
f 886//1 887//1 574//1
f 1149//1 837//1 836//1
f 813//1 814//1 501//1
f 658//1 346//1 345//1
f 658//1 659//1 346//1
f 979//1 667//1 666//1
f 664//1 351//1 663//1
f 831//1 832//1 519//1
f 1053//1 741//1 740//1
f 627//1 314//1 626//1
f 937//1 626//1 625//1
f 895//1 583//1 582//1
f 895//1 896//1 583//1
f 1261//1 949//1 948//1
f 946//1 634//1 633//1
f 747//1 435//1 434//1
f 747//1 434//1 746//1
f 939//1 940//1 627//1
f 938//1 625//1 936//1
f 897//1 585//1 584//1
f 897//1 584//1 896//1
f 960//1 961//1 648//1
f 1928//1 1616//1 1615//1
f 684//1 372//1 371//1
f 684//1 371//1 683//1
f 1040//1 728//1 727//1
f 1659//1 1346//1 1658//1
f 1348//1 1349//1 1036//1
f 733//1 421//1 420//1
f 1762//1 1450//1 1449//1
f 1137//1 824//1 1136//1
f 782//1 470//1 469//1
f 782//1 783//1 470//1
f 980//1 667//1 979//1
f 1085//1 1086//1 773//1
f 717//1 405//1 404//1
f 717//1 404//1 716//1
f 1593//1 1281//1 1280//1
f 996//1 683//1 995//1
f 1130//1 818//1 817//1
f 1266//1 954//1 953//1
f 1207//1 1208//1 895//1
f 968//1 656//1 655//1
f 2087//1 1775//1 1774//1
f 844//1 531//1 843//1
f 630//1 318//1 317//1
f 630//1 317//1 629//1
f 1973//1 1661//1 1660//1
f 1024//1 712//1 711//1
f 881//1 569//1 568//1
f 881//1 882//1 569//1
f 921//1 609//1 608//1
f 921//1 922//1 609//1
f 1075//1 763//1 762//1
f 762//1 449//1 761//1
f 664//1 352//1 351//1
f 664//1 665//1 352//1
f 1156//1 844//1 843//1
f 1166//1 1167//1 854//1
f 1470//1 1158//1 1157//1
f 1098//1 1099//1 786//1
f 756//1 757//1 444//1
f 1072//1 1073//1 760//1
f 840//1 528//1 527//1
f 840//1 841//1 528//1
f 1054//1 742//1 741//1
f 1049//1 737//1 736//1
f 1605//1 1292//1 1604//1
f 1369//1 1370//1 1057//1
f 1183//1 870//1 1182//1
f 1404//1 1092//1 1091//1
f 762//1 450//1 449//1
f 762//1 763//1 450//1
f 1316//1 1004//1 1003//1
f 1300//1 988//1 987//1
f 958//1 646//1 645//1
f 1196//1 1197//1 884//1
f 878//1 566//1 565//1
f 879//1 566//1 878//1
f 1218//1 1219//1 906//1
f 1234//1 921//1 1233//1
f 792//1 480//1 479//1
f 1080//1 768//1 767//1
f 669//1 357//1 356//1
f 669//1 356//1 668//1
f 1358//1 1046//1 1045//1
f 1034//1 722//1 721//1
f 681//1 369//1 368//1
f 681//1 682//1 369//1
f 836//1 524//1 523//1
f 836//1 837//1 524//1
f 1023//1 710//1 1022//1
f 1332//1 1020//1 1019//1
f 719//1 407//1 406//1
f 719//1 720//1 407//1
f 704//1 392//1 391//1
f 704//1 705//1 392//1
f 877//1 565//1 564//1
f 877//1 878//1 565//1
f 1070//1 758//1 757//1
f 1073//1 761//1 760//1
f 923//1 611//1 610//1
f 923//1 610//1 922//1
f 1127//1 815//1 814//1
f 1435//1 1123//1 1122//1
f 908//1 596//1 595//1
f 908//1 909//1 596//1
f 1099//1 787//1 786//1
f 794//1 481//1 793//1
f 671//1 359//1 358//1
f 671//1 358//1 670//1
f 1157//1 845//1 844//1
f 1138//1 826//1 825//1
f 689//1 377//1 376//1
f 689//1 376//1 688//1
f 792//1 479//1 791//1
f 792//1 793//1 480//1
f 732//1 420//1 419//1
f 732//1 733//1 420//1
f 728//1 416//1 415//1
f 728//1 415//1 727//1
f 825//1 513//1 512//1
f 825//1 512//1 824//1
f 667//1 355//1 354//1
f 667//1 668//1 355//1
f 949//1 637//1 636//1
f 1006//1 1007//1 694//1
f 874//1 562//1 561//1
f 874//1 875//1 562//1
f 893//1 581//1 580//1
f 893//1 580//1 892//1
f 678//1 366//1 365//1
f 678//1 679//1 366//1
f 1216//1 903//1 1215//1
f 1195//1 883//1 882//1
f 686//1 374//1 373//1
f 686//1 687//1 374//1
f 833//1 834//1 521//1
f 1447//1 1135//1 1134//1
f 999//1 687//1 686//1
f 1020//1 708//1 707//1
f 794//1 482//1 481//1
f 794//1 795//1 482//1
f 1227//1 914//1 1226//1
f 1226//1 913//1 1225//1
f 1434//1 1435//1 1122//1
f 1112//1 800//1 799//1
f 1351//1 1039//1 1038//1
f 755//1 442//1 754//1
f 873//1 561//1 560//1
f 873//1 560//1 872//1
f 1408//1 1096//1 1095//1
f 784//1 472//1 471//1
f 948//1 636//1 635//1
f 1236//1 923//1 1235//1
f 1002//1 690//1 689//1
f 1041//1 729//1 728//1
f 807//1 495//1 494//1
f 1108//1 796//1 795//1
f 854//1 542//1 541//1
f 854//1 541//1 853//1
f 1088//1 776//1 775//1
f 1071//1 759//1 758//1
f 752//1 440//1 439//1
f 752//1 753//1 440//1
f 1972//1 1659//1 1971//1
f 1007//1 695//1 694//1
f 1093//1 781//1 780//1
f 1095//1 783//1 782//1
f 1028//1 1029//1 716//1
f 1451//1 1138//1 1450//1
f 932//1 620//1 619//1
f 932//1 619//1 931//1
f 741//1 429//1 428//1
f 741//1 428//1 740//1
f 997//1 685//1 684//1
f 1000//1 688//1 687//1
f 760//1 448//1 447//1
f 760//1 447//1 759//1
f 890//1 578//1 577//1
f 890//1 577//1 889//1
f 765//1 453//1 452//1
f 765//1 766//1 453//1
f 1247//1 1248//1 935//1
f 1185//1 873//1 872//1
f 1161//1 849//1 848//1
f 975//1 976//1 663//1
f 736//1 424//1 423//1
f 736//1 737//1 424//1
f 855//1 542//1 854//1
f 1145//1 832//1 1144//1
f 845//1 533//1 532//1
f 845//1 532//1 844//1
f 879//1 567//1 566//1
f 879//1 880//1 567//1
f 866//1 554//1 553//1
f 866//1 867//1 554//1
f 865//1 866//1 553//1
f 864//1 551//1 863//1
f 1048//1 735//1 1047//1
f 1050//1 738//1 737//1
f 1028//1 716//1 715//1
f 1025//1 1026//1 713//1
f 871//1 559//1 558//1
f 871//1 558//1 870//1
f 755//1 443//1 442//1
f 755//1 756//1 443//1
f 648//1 336//1 335//1
f 648//1 649//1 336//1
f 708//1 396//1 395//1
f 708//1 395//1 707//1
f 641//1 329//1 328//1
f 641//1 642//1 329//1
f 1492//1 1493//1 1180//1
f 1501//1 1189//1 1188//1
f 1129//1 817//1 816//1
f 809//1 496//1 808//1
f 1167//1 855//1 854//1
f 1487//1 1488//1 1175//1
f 749//1 437//1 436//1
f 749//1 750//1 437//1
f 1180//1 867//1 1179//1
f 1556//1 1244//1 1243//1
f 758//1 446//1 445//1
f 758//1 759//1 446//1
f 1463//1 1151//1 1150//1
f 1166//1 854//1 853//1
f 773//1 461//1 460//1
f 773//1 460//1 772//1
f 1083//1 771//1 770//1
f 1085//1 772//1 1084//1
f 1116//1 804//1 803//1
f 807//1 808//1 495//1
f 635//1 323//1 322//1
f 635//1 636//1 323//1
f 799//1 487//1 486//1
f 799//1 486//1 798//1
f 820//1 508//1 507//1
f 820//1 821//1 508//1
f 1103//1 1104//1 791//1
f 1397//1 1085//1 1084//1
f 1318//1 1006//1 1005//1
f 1150//1 838//1 837//1
f 661//1 349//1 348//1
f 661//1 662//1 349//1
f 672//1 360//1 359//1
f 672//1 359//1 671//1
f 847//1 535//1 534//1
f 847//1 848//1 535//1
f 1513//1 1201//1 1200//1
f 905//1 592//1 904//1
f 1262//1 949//1 1261//1
f 1168//1 1169//1 856//1
f 1153//1 1154//1 841//1
f 1153//1 840//1 1152//1
f 823//1 511//1 510//1
f 823//1 824//1 511//1
f 851//1 539//1 538//1
f 851//1 538//1 850//1
f 886//1 574//1 573//1
f 886//1 573//1 885//1
f 901//1 589//1 588//1
f 901//1 902//1 589//1
f 1100//1 787//1 1099//1
f 1102//1 790//1 789//1
f 1552//1 1240//1 1239//1
f 1375//1 1063//1 1062//1
f 1408//1 1095//1 1407//1
f 1976//1 1663//1 1975//1
f 905//1 593//1 592//1
f 905//1 906//1 593//1
f 943//1 630//1 942//1
f 938//1 937//1 625//1
f 934//1 622//1 621//1
f 934//1 935//1 622//1
f 806//1 494//1 493//1
f 806//1 493//1 805//1
f 2268//1 1955//1 2267//1
f 1554//1 1241//1 1553//1
f 1067//1 755//1 754//1
f 1112//1 799//1 1111//1
f 1057//1 744//1 1056//1
f 2417//1 2104//1 2416//1
f 1170//1 857//1 1169//1
f 1125//1 813//1 812//1
f 1472//1 1473//1 1160//1
f 1197//1 885//1 884//1
f 1052//1 739//1 1051//1
f 1696//1 1384//1 1383//1
f 1090//1 1091//1 778//1
f 1403//1 1091//1 1090//1
f 1181//1 1182//1 869//1
f 1183//1 871//1 870//1
f 1018//1 706//1 705//1
f 1009//1 696//1 1008//1
f 1235//1 923//1 922//1
f 1214//1 901//1 1213//1
f 1135//1 823//1 822//1
f 1769//1 1457//1 1456//1
f 1128//1 1129//1 816//1
f 1452//1 1140//1 1139//1
f 1282//1 970//1 969//1
f 1275//1 962//1 1274//1
f 1162//1 849//1 1161//1
f 1508//1 1509//1 1196//1
f 1072//1 759//1 1071//1
f 1064//1 752//1 751//1
f 1226//1 914//1 913//1
f 1215//1 903//1 902//1
f 1143//1 831//1 830//1
f 1697//1 1385//1 1384//1
f 1062//1 750//1 749//1
f 1379//1 1380//1 1067//1
f 1089//1 777//1 776//1
f 1089//1 776//1 1088//1
f 1124//1 812//1 811//1
f 1124//1 1125//1 812//1
f 1083//1 770//1 1082//1
f 1402//1 1403//1 1090//1
f 1407//1 1095//1 1094//1
f 1077//1 1078//1 765//1
f 1143//1 830//1 1142//1
f 1148//1 836//1 835//1
f 1076//1 764//1 763//1
f 1076//1 763//1 1075//1
f 1046//1 1047//1 734//1
f 1047//1 735//1 734//1
f 1184//1 872//1 871//1
f 1184//1 871//1 1183//1
f 1670//1 1671//1 1358//1
f 1037//1 1038//1 725//1
f 1027//1 715//1 714//1
f 1027//1 714//1 1026//1
f 1087//1 775//1 774//1
f 1087//1 1088//1 775//1
f 938//1 936//1 1248//1
f 2162//1 1850//1 1849//1
f 1010//1 698//1 697//1
f 1330//1 1018//1 1017//1
f 1513//1 1200//1 1512//1
f 1559//1 1560//1 1247//1
f 1033//1 721//1 720//1
f 1033//1 1034//1 721//1
f 965//1 652//1 964//1
f 1331//1 1019//1 1018//1
f 954//1 642//1 641//1
f 954//1 955//1 642//1
f 1209//1 1210//1 897//1
f 1208//1 1209//1 896//1
f 1043//1 731//1 730//1
f 1043//1 1044//1 731//1
f 1273//1 1274//1 961//1
f 956//1 643//1 955//1
f 1005//1 693//1 692//1
f 1005//1 1006//1 693//1
f 1145//1 833//1 832//1
f 1144//1 832//1 831//1
f 1512//1 1200//1 1199//1
f 1481//1 1169//1 1168//1
f 1115//1 1116//1 803//1
f 1150//1 837//1 1149//1
f 1015//1 1016//1 703//1
f 1303//1 991//1 990//1
f 1014//1 702//1 701//1
f 1019//1 1020//1 707//1
f 1216//1 904//1 903//1
f 1548//1 1236//1 1235//1
f 1035//1 723//1 722//1
f 1035//1 722//1 1034//1
f 1031//1 719//1 718//1
f 1032//1 719//1 1031//1
f 1104//1 1105//1 792//1
f 1106//1 794//1 793//1
f 1437//1 1125//1 1124//1
f 1137//1 825//1 824//1
f 2266//1 1954//1 1953//1
f 1545//1 1233//1 1232//1
f 1224//1 912//1 911//1
f 1224//1 911//1 1223//1
f 1423//1 1110//1 1422//1
f 1835//1 1522//1 1834//1
f 1241//1 1242//1 929//1
f 1533//1 1221//1 1220//1
f 1108//1 1109//1 796//1
f 1108//1 795//1 1107//1
f 962//1 650//1 649//1
f 962//1 649//1 961//1
f 1239//1 927//1 926//1
f 1239//1 1240//1 927//1
f 973//1 660//1 972//1
f 978//1 666//1 665//1
f 1466//1 1153//1 1465//1
f 1440//1 1128//1 1127//1
f 1187//1 875//1 874//1
f 1186//1 1187//1 874//1
f 1095//1 782//1 1094//1
f 1092//1 779//1 1091//1
f 1563//1 1250//1 1561//1
f 993//1 994//1 681//1
f 944//1 632//1 631//1
f 1280//1 968//1 967//1
f 1081//1 769//1 768//1
f 1081//1 768//1 1080//1
f 1165//1 853//1 852//1
f 1166//1 853//1 1165//1
f 1141//1 829//1 828//1
f 1141//1 1142//1 829//1
f 1336//1 1337//1 1024//1
f 1017//1 1018//1 705//1
f 1189//1 877//1 876//1
f 1189//1 876//1 1188//1
f 1478//1 1166//1 1165//1
f 1164//1 851//1 1163//1
f 942//1 630//1 629//1
f 941//1 629//1 628//1
f 1105//1 793//1 792//1
f 1105//1 1106//1 793//1
f 1242//1 930//1 929//1
f 1242//1 1243//1 930//1
f 1149//1 836//1 1148//1
f 1156//1 1157//1 844//1
f 1244//1 932//1 931//1
f 1244//1 931//1 1243//1
f 1110//1 797//1 1109//1
f 1714//1 1402//1 1401//1
f 1222//1 910//1 909//1
f 1222//1 1223//1 910//1
f 1101//1 789//1 788//1
f 1101//1 1102//1 789//1
f 1057//1 745//1 744//1
f 1058//1 745//1 1057//1
f 1325//1 1013//1 1012//1
f 1334//1 1022//1 1021//1
f 1340//1 1341//1 1028//1
f 1039//1 726//1 1038//1
f 1110//1 798//1 797//1
f 1110//1 1111//1 798//1
f 978//1 665//1 977//1
f 1306//1 994//1 993//1
f 1030//1 718//1 717//1
f 1030//1 1031//1 718//1
f 1875//1 1564//1 1877//1
f 1541//1 1542//1 1229//1
f 1168//1 856//1 855//1
f 1168//1 855//1 1167//1
f 1084//1 772//1 771//1
f 1692//1 1380//1 1379//1
f 1209//1 897//1 896//1
f 1492//1 1180//1 1179//1
f 1051//1 739//1 738//1
f 1051//1 738//1 1050//1
f 1000//1 687//1 999//1
f 1296//1 984//1 983//1
f 1484//1 1172//1 1171//1
f 1716//1 1403//1 1715//1
f 1092//1 780//1 779//1
f 1092//1 1093//1 780//1
f 1019//1 707//1 706//1
f 1019//1 706//1 1018//1
f 1140//1 828//1 827//1
f 1140//1 1141//1 828//1
f 1098//1 786//1 785//1
f 1412//1 1099//1 1411//1
f 1347//1 1035//1 1034//1
f 1621//1 1308//1 1620//1
f 2403//1 2404//1 2091//1
f 1150//1 1151//1 838//1
f 1511//1 1199//1 1198//1
f 1827//1 1515//1 1514//1
f 1190//1 878//1 877//1
f 1190//1 877//1 1189//1
f 1036//1 724//1 723//1
f 1036//1 723//1 1035//1
f 1068//1 755//1 1067//1
f 1426//1 1114//1 1113//1
f 1003//1 691//1 690//1
f 1003//1 1004//1 691//1
f 1245//1 933//1 932//1
f 1245//1 932//1 1244//1
f 1117//1 804//1 1116//1
f 1443//1 1131//1 1130//1
f 1132//1 820//1 819//1
f 1131//1 1132//1 819//1
f 1426//1 1113//1 1425//1
f 1113//1 800//1 1112//1
f 959//1 647//1 646//1
f 959//1 646//1 958//1
f 1147//1 835//1 834//1
f 1147//1 1148//1 835//1
f 1423//1 1111//1 1110//1
f 1126//1 813//1 1125//1
f 1759//1 1446//1 1758//1
f 1414//1 1102//1 1101//1
f 1546//1 1233//1 1545//1
f 1229//1 916//1 1228//1
f 1294//1 982//1 981//1
f 1241//1 928//1 1240//1
f 1025//1 713//1 712//1
f 1025//1 712//1 1024//1
f 1177//1 864//1 1176//1
f 1488//1 1176//1 1175//1
f 1069//1 757//1 756//1
f 1069//1 1070//1 757//1
f 1811//1 1499//1 1498//1
f 1184//1 1185//1 872//1
f 1524//1 1525//1 1212//1
f 1498//1 1186//1 1185//1
f 1008//1 696//1 695//1
f 1008//1 695//1 1007//1
f 1120//1 807//1 1119//1
f 1122//1 810//1 809//1
f 1017//1 705//1 704//1
f 1017//1 704//1 1016//1
f 1158//1 846//1 845//1
f 1158//1 845//1 1157//1
f 1701//1 1389//1 1388//1
f 1054//1 1055//1 742//1
f 1048//1 736//1 735//1
f 1048//1 1049//1 736//1
f 995//1 683//1 682//1
f 995//1 682//1 994//1
f 1177//1 865//1 864//1
f 1177//1 1178//1 865//1
f 1221//1 909//1 908//1
f 1221//1 1222//1 909//1
f 1146//1 834//1 833//1
f 1146//1 1147//1 834//1
f 1575//1 1262//1 1574//1
f 1002//1 1003//1 690//1
f 1220//1 1221//1 908//1
f 1522//1 1210//1 1209//1
f 1378//1 1379//1 1066//1
f 1380//1 1068//1 1067//1
f 992//1 680//1 679//1
f 992//1 993//1 680//1
f 1060//1 748//1 747//1
f 1060//1 747//1 1059//1
f 1450//1 1138//1 1137//1
f 1121//1 808//1 1120//1
f 1159//1 847//1 846//1
f 1159//1 846//1 1158//1
f 1371//1 1059//1 1058//1
f 1340//1 1027//1 1339//1
f 1212//1 1213//1 900//1
f 1840//1 1841//1 1528//1
f 1331//1 1018//1 1330//1
f 1362//1 1050//1 1049//1
f 1022//1 710//1 709//1
f 1022//1 709//1 1021//1
f 1030//1 717//1 1029//1
f 1355//1 1043//1 1042//1
f 1078//1 1079//1 766//1
f 1372//1 1059//1 1371//1
f 1155//1 843//1 842//1
f 1155//1 1156//1 843//1
f 1151//1 839//1 838//1
f 1151//1 1152//1 839//1
f 1253//1 941//1 940//1
f 948//1 635//1 947//1
f 1505//1 1193//1 1192//1
f 1175//1 1176//1 863//1
f 941//1 942//1 629//1
f 939//1 626//1 937//1
f 977//1 665//1 664//1
f 977//1 664//1 976//1
f 1126//1 814//1 813//1
f 1126//1 1127//1 814//1
f 967//1 655//1 654//1
f 967//1 968//1 655//1
f 1162//1 850//1 849//1
f 1162//1 1163//1 850//1
f 1626//1 1314//1 1313//1
f 998//1 999//1 686//1
f 978//1 979//1 666//1
f 973//1 974//1 661//1
f 1424//1 1111//1 1423//1
f 1431//1 1119//1 1118//1
f 952//1 640//1 639//1
f 952//1 953//1 640//1
f 1542//1 1230//1 1229//1
f 1506//1 1194//1 1193//1
f 1232//1 920//1 919//1
f 1232//1 919//1 1231//1
f 1206//1 894//1 893//1
f 1205//1 1206//1 893//1
f 1740//1 1428//1 1427//1
f 1495//1 1183//1 1182//1
f 1154//1 842//1 841//1
f 1154//1 1155//1 842//1
f 947//1 635//1 634//1
f 947//1 634//1 946//1
f 1229//1 917//1 916//1
f 1229//1 1230//1 917//1
f 1564//1 1251//1 1560//1
f 1218//1 906//1 905//1
f 985//1 673//1 672//1
f 985//1 672//1 984//1
f 1449//1 1137//1 1136//1
f 1448//1 1136//1 1135//1
f 1419//1 1107//1 1106//1
f 1495//1 1496//1 1183//1
f 1186//1 873//1 1185//1
f 1187//1 1188//1 875//1
f 1082//1 770//1 769//1
f 1082//1 769//1 1081//1
f 1200//1 888//1 887//1
f 1201//1 888//1 1200//1
f 1203//1 891//1 890//1
f 1203//1 1204//1 891//1
f 1133//1 820//1 1132//1
f 1816//1 1503//1 1815//1
f 1107//1 795//1 794//1
f 1107//1 794//1 1106//1
f 1194//1 882//1 881//1
f 1194//1 1195//1 882//1
f 989//1 676//1 988//1
f 1625//1 1313//1 1312//1
f 945//1 633//1 632//1
f 945//1 946//1 633//1
f 969//1 656//1 968//1
f 971//1 658//1 970//1
f 1547//1 1235//1 1234//1
f 1546//1 1234//1 1233//1
f 1790//1 1477//1 1789//1
f 1191//1 878//1 1190//1
f 1840//1 1528//1 1527//1
f 1211//1 898//1 1210//1
f 1233//1 921//1 920//1
f 1233//1 920//1 1232//1
f 987//1 674//1 986//1
f 1286//1 974//1 973//1
f 1516//1 1204//1 1203//1
f 1505//1 1506//1 1193//1
f 1220//1 908//1 907//1
f 1220//1 907//1 1219//1
f 1173//1 861//1 860//1
f 1173//1 1174//1 861//1
f 1468//1 1155//1 1467//1
f 1467//1 1155//1 1154//1
f 1349//1 1037//1 1036//1
f 1039//1 1040//1 727//1
f 974//1 662//1 661//1
f 974//1 975//1 662//1
f 1281//1 1282//1 969//1
f 1294//1 1295//1 982//1
f 1136//1 824//1 823//1
f 1136//1 823//1 1135//1
f 1277//1 1278//1 965//1
f 1255//1 943//1 942//1
f 1296//1 1297//1 984//1
f 992//1 679//1 991//1
f 1199//1 887//1 886//1
f 1199//1 886//1 1198//1
f 1448//1 1449//1 1136//1
f 1450//1 1137//1 1449//1
f 1571//1 1572//1 1259//1
f 1534//1 1222//1 1221//1
f 1459//1 1147//1 1146//1
f 1468//1 1156//1 1155//1
f 1416//1 1104//1 1103//1
f 1708//1 1396//1 1395//1
f 1068//1 756//1 755//1
f 1068//1 1069//1 756//1
f 1520//1 1207//1 1519//1
f 1538//1 1539//1 1226//1
f 1341//1 1029//1 1028//1
f 1404//1 1091//1 1403//1
f 1086//1 774//1 773//1
f 1086//1 1087//1 774//1
f 1211//1 899//1 898//1
f 1211//1 1212//1 899//1
f 1134//1 822//1 821//1
f 1134//1 1135//1 822//1
f 960//1 648//1 647//1
f 960//1 647//1 959//1
f 1121//1 809//1 808//1
f 1121//1 1122//1 809//1
f 1085//1 773//1 772//1
f 1410//1 1098//1 1097//1
f 1094//1 782//1 781//1
f 1094//1 781//1 1093//1
f 1350//1 1351//1 1038//1
f 1645//1 1333//1 1332//1
f 1617//1 1618//1 1305//1
f 1270//1 957//1 1269//1
f 1612//1 1300//1 1299//1
f 948//1 949//1 636//1
f 1139//1 827//1 826//1
f 1139//1 1140//1 827//1
f 1256//1 943//1 1255//1
f 2090//1 2091//1 1778//1
f 1225//1 913//1 912//1
f 1225//1 912//1 1224//1
f 1399//1 1087//1 1086//1
f 1387//1 1075//1 1074//1
f 1096//1 783//1 1095//1
f 1097//1 785//1 784//1
f 966//1 967//1 654//1
f 963//1 650//1 962//1
f 1456//1 1144//1 1143//1
f 1072//1 760//1 759//1
f 996//1 684//1 683//1
f 996//1 997//1 684//1
f 1316//1 1317//1 1004//1
f 1011//1 1012//1 699//1
f 981//1 669//1 668//1
f 1310//1 998//1 997//1
f 951//1 639//1 638//1
f 951//1 952//1 639//1
f 1337//1 1025//1 1024//1
f 1332//1 1333//1 1020//1
f 1005//1 692//1 1004//1
f 1354//1 1041//1 1353//1
f 1356//1 1043//1 1355//1
f 1063//1 1064//1 751//1
f 982//1 670//1 669//1
f 982//1 983//1 670//1
f 1131//1 819//1 818//1
f 1131//1 818//1 1130//1
f 2311//1 2312//1 1999//1
f 1396//1 1397//1 1084//1
f 986//1 674//1 673//1
f 986//1 673//1 985//1
f 963//1 651//1 650//1
f 963//1 964//1 651//1
f 1164//1 852//1 851//1
f 1164//1 1165//1 852//1
f 1217//1 905//1 904//1
f 1217//1 1218//1 905//1
f 1584//1 1585//1 1272//1
f 1278//1 966//1 965//1
f 1237//1 925//1 924//1
f 1237//1 924//1 1236//1
f 1630//1 1318//1 1317//1
f 1352//1 1040//1 1039//1
f 1133//1 821//1 820//1
f 1133//1 1134//1 821//1
f 1056//1 744//1 743//1
f 1056//1 743//1 1055//1
f 1179//1 867//1 866//1
f 1179//1 866//1 1178//1
f 957//1 645//1 644//1
f 957//1 958//1 645//1
f 1061//1 749//1 748//1
f 1061//1 1062//1 749//1
f 1566//1 1253//1 1565//1
f 1519//1 1207//1 1206//1
f 998//1 686//1 685//1
f 998//1 685//1 997//1
f 971//1 659//1 658//1
f 971//1 972//1 659//1
f 1032//1 720//1 719//1
f 1032//1 1033//1 720//1
f 981//1 668//1 980//1
f 981//1 982//1 669//1
f 1517//1 1204//1 1516//1
f 1200//1 887//1 1199//1
f 1175//1 863//1 862//1
f 1175//1 862//1 1174//1
f 1214//1 902//1 901//1
f 1214//1 1215//1 902//1
f 1788//1 1789//1 1476//1
f 1482//1 1170//1 1169//1
f 1444//1 1131//1 1443//1
f 1436//1 1124//1 1123//1
f 1483//1 1484//1 1171//1
f 1526//1 1214//1 1213//1
f 1172//1 860//1 859//1
f 1172//1 1173//1 860//1
f 1279//1 966//1 1278//1
f 1285//1 1286//1 973//1
f 1528//1 1215//1 1527//1
f 1539//1 1227//1 1226//1
f 1100//1 788//1 787//1
f 1100//1 1101//1 788//1
f 1344//1 1032//1 1031//1
f 1045//1 732//1 1044//1
f 990//1 991//1 678//1
f 1328//1 1016//1 1015//1
f 1193//1 881//1 880//1
f 1193//1 880//1 1192//1
f 2677//1 2365//1 2364//1
f 1287//1 974//1 1286//1
f 1687//1 1688//1 1375//1
f 1723//1 1724//1 1411//1
f 1037//1 725//1 724//1
f 1037//1 724//1 1036//1
f 1128//1 816//1 815//1
f 1128//1 815//1 1127//1
f 943//1 631//1 630//1
f 943//1 944//1 631//1
f 1077//1 765//1 764//1
f 1077//1 764//1 1076//1
f 1065//1 753//1 752//1
f 1065//1 1066//1 753//1
f 1463//1 1150//1 1462//1
f 1396//1 1084//1 1083//1
f 1307//1 994//1 1306//1
f 1604//1 1292//1 1291//1
f 1009//1 697//1 696//1
f 1009//1 1010//1 697//1
f 1489//1 1177//1 1176//1
f 1411//1 1099//1 1098//1
f 1113//1 801//1 800//1
f 1113//1 1114//1 801//1
f 1312//1 1000//1 999//1
f 1641//1 1642//1 1329//1
f 1115//1 803//1 802//1
f 1115//1 802//1 1114//1
f 1123//1 811//1 810//1
f 1123//1 1124//1 811//1
f 1103//1 791//1 790//1
f 1103//1 790//1 1102//1
f 1311//1 1312//1 999//1
f 1279//1 967//1 966//1
f 1227//1 915//1 914//1
f 1227//1 1228//1 915//1
f 1046//1 733//1 1045//1
f 1638//1 1325//1 1637//1
f 1052//1 1053//1 740//1
f 1357//1 1044//1 1356//1
f 1196//1 884//1 883//1
f 1196//1 883//1 1195//1
f 1327//1 1328//1 1015//1
f 1013//1 700//1 1012//1
f 1534//1 1221//1 1533//1
f 1287//1 975//1 974//1
f 1118//1 806//1 805//1
f 1118//1 805//1 1117//1
f 1238//1 926//1 925//1
f 1238//1 925//1 1237//1
f 1246//1 934//1 933//1
f 1246//1 933//1 1245//1
f 969//1 657//1 656//1
f 969//1 970//1 657//1
f 1160//1 848//1 847//1
f 1160//1 847//1 1159//1
f 1564//1 1560//1 1872//1
f 1268//1 956//1 955//1
f 1201//1 889//1 888//1
f 1201//1 1202//1 889//1
f 1090//1 778//1 777//1
f 1090//1 777//1 1089//1
f 1274//1 962//1 961//1
f 1313//1 1001//1 1000//1
f 1259//1 947//1 946//1
f 1292//1 980//1 979//1
f 1074//1 762//1 761//1
f 1074//1 1075//1 762//1
f 1356//1 1044//1 1043//1
f 1365//1 1366//1 1053//1
f 1340//1 1028//1 1027//1
f 1326//1 1014//1 1013//1
f 1315//1 1002//1 1314//1
f 1686//1 1373//1 1685//1
f 1409//1 1096//1 1408//1
f 1401//1 1089//1 1088//1
f 1207//1 895//1 894//1
f 1207//1 894//1 1206//1
f 1528//1 1216//1 1215//1
f 1475//1 1163//1 1162//1
f 1011//1 699//1 698//1
f 1011//1 698//1 1010//1
f 1291//1 979//1 978//1
f 1297//1 985//1 984//1
f 1170//1 858//1 857//1
f 1170//1 1171//1 858//1
f 1234//1 922//1 921//1
f 1234//1 1235//1 922//1
f 1063//1 751//1 750//1
f 1063//1 750//1 1062//1
f 1500//1 1187//1 1499//1
f 1496//1 1184//1 1183//1
f 956//1 644//1 643//1
f 956//1 957//1 644//1
f 1418//1 1106//1 1105//1
f 1433//1 1121//1 1120//1
f 1288//1 975//1 1287//1
f 1327//1 1014//1 1326//1
f 1487//1 1175//1 1174//1
f 1492//1 1179//1 1491//1
f 1251//1 938//1 1248//1
f 1302//1 989//1 1301//1
f 1253//1 940//1 1252//1
f 1254//1 942//1 941//1
f 1013//1 701//1 700//1
f 1013//1 1014//1 701//1
f 1482//1 1169//1 1481//1
f 1491//1 1179//1 1178//1
f 1191//1 879//1 878//1
f 1191//1 1192//1 879//1
f 1001//1 689//1 688//1
f 1001//1 688//1 1000//1
f 1042//1 730//1 729//1
f 1042//1 1043//1 730//1
f 987//1 675//1 674//1
f 987//1 988//1 675//1
f 1181//1 869//1 868//1
f 1181//1 868//1 1180//1
f 1058//1 746//1 745//1
f 1058//1 1059//1 746//1
f 1319//1 1006//1 1318//1
f 1342//1 1029//1 1341//1
f 1826//1 1513//1 1825//1
f 1473//1 1161//1 1160//1
f 1417//1 1105//1 1104//1
f 1395//1 1083//1 1082//1
f 1250//1 939//1 937//1
f 1474//1 1162//1 1161//1
f 1304//1 991//1 1303//1
f 1305//1 992//1 1304//1
f 1671//1 1359//1 1358//1
f 1723//1 1411//1 1410//1
f 1379//1 1067//1 1066//1
f 1384//1 1072//1 1071//1
f 1543//1 1230//1 1542//1
f 1561//1 1250//1 1249//1
f 1860//1 1547//1 1859//1
f 1551//1 1552//1 1239//1
f 1329//1 1016//1 1328//1
f 1327//1 1015//1 1014//1
f 1428//1 1116//1 1115//1
f 1719//1 1720//1 1407//1
f 1478//1 1479//1 1166//1
f 1476//1 1163//1 1475//1
f 1518//1 1519//1 1206//1
f 1523//1 1210//1 1522//1
f 1345//1 1033//1 1032//1
f 1348//1 1035//1 1347//1
f 1442//1 1443//1 1130//1
f 1442//1 1130//1 1129//1
f 1456//1 1457//1 1144//1
f 1456//1 1143//1 1455//1
f 1264//1 1265//1 952//1
f 1263//1 950//1 1262//1
f 1869//1 1557//1 1556//1
f 1553//1 1241//1 1240//1
f 1525//1 1213//1 1212//1
f 1524//1 1212//1 1211//1
f 1511//1 1512//1 1199//1
f 1821//1 1509//1 1508//1
f 1706//1 1707//1 1394//1
f 1393//1 1080//1 1392//1
f 1288//1 976//1 975//1
f 1292//1 979//1 1291//1
f 1480//1 1168//1 1167//1
f 1480//1 1481//1 1168//1
f 1775//1 1463//1 1462//1
f 1761//1 1449//1 1448//1
f 1722//1 1409//1 1721//1
f 1420//1 1421//1 1108//1
f 1865//1 1553//1 1552//1
f 1560//1 1251//1 1248//1
f 1252//1 940//1 939//1
f 1252//1 939//1 1250//1
f 1321//1 1008//1 1320//1
f 1323//1 1010//1 1322//1
f 1483//1 1171//1 1170//1
f 1483//1 1170//1 1482//1
f 2029//1 1717//1 1716//1
f 1267//1 955//1 954//1
f 1582//1 1269//1 1581//1
f 1260//1 1261//1 948//1
f 1262//1 950//1 949//1
f 2009//1 2010//1 1697//1
f 1507//1 1195//1 1194//1
f 1834//1 1522//1 1521//1
f 1740//1 1741//1 1428//1
f 1426//1 1427//1 1114//1
f 1845//1 1533//1 1532//1
f 1529//1 1216//1 1528//1
f 1338//1 1339//1 1026//1
f 1619//1 1620//1 1307//1
f 1281//1 969//1 968//1
f 1281//1 968//1 1280//1
f 1377//1 1378//1 1065//1
f 1375//1 1062//1 1374//1
f 1374//1 1062//1 1061//1
f 1374//1 1061//1 1373//1
f 1299//1 1300//1 987//1
f 1606//1 1294//1 1293//1
f 1623//1 1311//1 1310//1
f 1620//1 1308//1 1307//1
f 1695//1 1383//1 1382//1
f 1368//1 1056//1 1055//1
f 1699//1 1386//1 1698//1
f 1382//1 1070//1 1069//1
f 1445//1 1133//1 1132//1
f 1448//1 1135//1 1447//1
f 1335//1 1023//1 1022//1
f 1336//1 1024//1 1023//1
f 1638//1 1639//1 1326//1
f 1657//1 1658//1 1345//1
f 1544//1 1545//1 1232//1
f 1544//1 1231//1 1543//1
f 1345//1 1032//1 1344//1
f 1353//1 1041//1 1040//1
f 1774//1 1462//1 1461//1
f 1740//1 1427//1 1739//1
f 1549//1 1237//1 1236//1
f 1549//1 1236//1 1548//1
f 1699//1 1387//1 1386//1
f 1391//1 1079//1 1078//1
f 1388//1 1076//1 1075//1
f 1388//1 1389//1 1076//1
f 1479//1 1167//1 1166//1
f 1479//1 1480//1 1167//1
f 1265//1 953//1 952//1
f 1265//1 1266//1 953//1
f 1454//1 1455//1 1142//1
f 2066//1 1754//1 1753//1
f 1499//1 1186//1 1498//1
f 1502//1 1190//1 1189//1
f 2149//1 2150//1 1837//1
f 1515//1 1516//1 1203//1
f 1669//1 1357//1 1356//1
f 1634//1 1322//1 1321//1
f 2026//1 1714//1 1713//1
f 2404//1 2092//1 2091//1
f 1856//1 1543//1 1855//1
f 1706//1 1394//1 1393//1
f 1430//1 1118//1 1117//1
f 1429//1 1430//1 1117//1
f 1466//1 1154//1 1153//1
f 1466//1 1467//1 1154//1
f 1532//1 1220//1 1219//1
f 1532//1 1533//1 1220//1
f 1983//1 1671//1 1670//1
f 1430//1 1431//1 1118//1
f 1739//1 1427//1 1426//1
f 1388//1 1075//1 1387//1
f 1829//1 1517//1 1516//1
f 1508//1 1196//1 1195//1
f 1326//1 1013//1 1325//1
f 1332//1 1019//1 1331//1
f 1386//1 1387//1 1074//1
f 1997//1 1684//1 1996//1
f 1290//1 978//1 977//1
f 1290//1 1291//1 978//1
f 2100//1 2101//1 1788//1
f 1873//1 1561//1 1562//1
f 1427//1 1115//1 1114//1
f 1427//1 1428//1 1115//1
f 1400//1 1088//1 1087//1
f 1400//1 1401//1 1088//1
f 1517//1 1205//1 1204//1
f 1518//1 1206//1 1205//1
f 2118//1 2119//1 1806//1
f 1490//1 1177//1 1489//1
f 1966//1 1654//1 1653//1
f 1342//1 1030//1 1029//1
f 1258//1 946//1 945//1
f 1258//1 1259//1 946//1
f 1749//1 1750//1 1437//1
f 1432//1 1119//1 1431//1
f 1657//1 1344//1 1656//1
f 1366//1 1367//1 1054//1
f 1283//1 971//1 970//1
f 1283//1 970//1 1282//1
f 1925//1 1613//1 1612//1
f 1264//1 952//1 951//1
f 1438//1 1126//1 1125//1
f 1438//1 1125//1 1437//1
f 1966//1 1653//1 1965//1
f 1831//1 1519//1 1518//1
f 1836//1 1524//1 1523//1
f 1526//1 1213//1 1525//1
f 1352//1 1353//1 1040//1
f 1962//1 1650//1 1649//1
f 1432//1 1120//1 1119//1
f 1432//1 1433//1 1120//1
f 1361//1 1049//1 1048//1
f 1361//1 1362//1 1049//1
f 2112//1 1800//1 1799//1
f 1497//1 1184//1 1496//1
f 1436//1 1437//1 1124//1
f 1758//1 1446//1 1445//1
f 1703//1 1391//1 1390//1
f 1689//1 1377//1 1376//1
f 1756//1 1444//1 1443//1
f 1754//1 1755//1 1442//1
f 1485//1 1486//1 1173//1
f 1501//1 1502//1 1189//1
f 1535//1 1222//1 1534//1
f 1846//1 1534//1 1533//1
f 1744//1 1431//1 1743//1
f 1800//1 1488//1 1487//1
f 1544//1 1232//1 1231//1
f 1543//1 1231//1 1230//1
f 1557//1 1244//1 1556//1
f 1547//1 1234//1 1546//1
f 1696//1 1697//1 1384//1
f 1320//1 1008//1 1007//1
f 1311//1 999//1 998//1
f 1311//1 998//1 1310//1
f 1464//1 1152//1 1151//1
f 1464//1 1465//1 1152//1
f 1381//1 1069//1 1068//1
f 1381//1 1068//1 1380//1
f 1394//1 1082//1 1081//1
f 1394//1 1395//1 1082//1
f 1298//1 986//1 985//1
f 1298//1 985//1 1297//1
f 1363//1 1051//1 1050//1
f 1363//1 1050//1 1362//1
f 1314//1 1002//1 1001//1
f 1313//1 1314//1 1001//1
f 1497//1 1185//1 1184//1
f 1497//1 1498//1 1185//1
f 1815//1 1503//1 1502//1
f 1507//1 1194//1 1506//1
f 1503//1 1191//1 1190//1
f 1503//1 1190//1 1502//1
f 1631//1 1318//1 1630//1
f 1750//1 1438//1 1437//1
f 1637//1 1325//1 1324//1
f 1583//1 1271//1 1270//1
f 1474//1 1475//1 1162//1
f 1474//1 1161//1 1473//1
f 1908//1 1595//1 1907//1
f 1745//1 1746//1 1433//1
f 2383//1 2071//1 2070//1
f 1463//1 1464//1 1151//1
f 1370//1 1058//1 1057//1
f 1370//1 1371//1 1058//1
f 1460//1 1461//1 1148//1
f 1771//1 1772//1 1459//1
f 1329//1 1017//1 1016//1
f 1329//1 1330//1 1017//1
f 1657//1 1345//1 1344//1
f 1343//1 1344//1 1031//1
f 1557//1 1245//1 1244//1
f 1557//1 1558//1 1245//1
f 1333//1 1021//1 1020//1
f 1333//1 1334//1 1021//1
f 1457//1 1145//1 1144//1
f 1458//1 1145//1 1457//1
f 1369//1 1057//1 1056//1
f 1369//1 1056//1 1368//1
f 1453//1 1141//1 1140//1
f 1453//1 1140//1 1452//1
f 1679//1 1367//1 1366//1
f 2110//1 1798//1 1797//1
f 1319//1 1007//1 1006//1
f 1607//1 1295//1 1294//1
f 1521//1 1522//1 1209//1
f 1520//1 1208//1 1207//1
f 1485//1 1173//1 1172//1
f 1485//1 1172//1 1484//1
f 1446//1 1133//1 1445//1
f 1760//1 1448//1 1447//1
f 1309//1 997//1 996//1
f 1309//1 1310//1 997//1
f 1267//1 1268//1 955//1
f 1267//1 954//1 1266//1
f 1836//1 1837//1 1524//1
f 1563//1 1565//1 1252//1
f 1540//1 1227//1 1539//1
f 1541//1 1229//1 1228//1
f 1696//1 1383//1 1695//1
f 1359//1 1046//1 1358//1
f 1402//1 1090//1 1089//1
f 1402//1 1089//1 1401//1
f 1343//1 1031//1 1030//1
f 1343//1 1030//1 1342//1
f 1477//1 1165//1 1164//1
f 1478//1 1165//1 1477//1
f 2036//1 1723//1 2035//1
f 1738//1 1426//1 1425//1
f 1767//1 1768//1 1455//1
f 1398//1 1085//1 1397//1
f 1405//1 1093//1 1092//1
f 1405//1 1092//1 1404//1
f 1822//1 1510//1 1509//1
f 1521//1 1208//1 1520//1
f 1289//1 977//1 976//1
f 1289//1 1290//1 977//1
f 1527//1 1214//1 1526//1
f 1868//1 1556//1 1555//1
f 1531//1 1219//1 1218//1
f 1531//1 1532//1 1219//1
f 1587//1 1275//1 1274//1
f 1624//1 1312//1 1311//1
f 1536//1 1224//1 1223//1
f 1536//1 1537//1 1224//1
f 1550//1 1238//1 1237//1
f 1550//1 1237//1 1549//1
f 1538//1 1226//1 1225//1
f 1538//1 1225//1 1537//1
f 1886//1 1574//1 1573//1
f 1632//1 1633//1 1320//1
f 1868//1 1555//1 1867//1
f 2017//1 1704//1 2016//1
f 1338//1 1026//1 1025//1
f 1338//1 1025//1 1337//1
f 1742//1 1743//1 1430//1
f 1439//1 1126//1 1438//1
f 1376//1 1064//1 1063//1
f 1375//1 1376//1 1063//1
f 1413//1 1101//1 1100//1
f 1413//1 1414//1 1101//1
f 1469//1 1157//1 1156//1
f 1470//1 1157//1 1469//1
f 1804//1 1492//1 1491//1
f 1818//1 1506//1 1505//1
f 2126//1 1814//1 1813//1
f 1833//1 1521//1 1520//1
f 1352//1 1039//1 1351//1
f 1716//1 1404//1 1403//1
f 1458//1 1146//1 1145//1
f 1458//1 1459//1 1146//1
f 1299//1 987//1 986//1
f 1299//1 986//1 1298//1
f 1487//1 1174//1 1486//1
f 1488//1 1489//1 1176//1
f 2180//1 2181//1 1868//1
f 2122//1 1810//1 1809//1
f 1597//1 1285//1 1284//1
f 1596//1 1284//1 1283//1
f 1792//1 1480//1 1479//1
f 2143//1 2144//1 1831//1
f 2013//1 1700//1 2012//1
f 1383//1 1070//1 1382//1
f 1864//1 1865//1 1552//1
f 1844//1 1532//1 1531//1
f 1685//1 1373//1 1372//1
f 3626//1 3314//1 3313//1
f 1530//1 1218//1 1217//1
f 1530//1 1531//1 1218//1
f 1251//1 1249//1 938//1
f 1254//1 1255//1 942//1
f 1446//1 1134//1 1133//1
f 1446//1 1447//1 1134//1
f 1799//1 1800//1 1487//1
f 1494//1 1495//1 1182//1
f 1350//1 1038//1 1037//1
f 1350//1 1037//1 1349//1
f 1301//1 989//1 988//1
f 1301//1 988//1 1300//1
f 1872//1 1560//1 1559//1
f 1378//1 1066//1 1065//1
f 1249//1 937//1 938//1
f 1249//1 1250//1 937//1
f 1523//1 1211//1 1210//1
f 1523//1 1524//1 1211//1
f 1560//1 1248//1 1247//1
f 1554//1 1555//1 1242//1
f 2168//1 2169//1 1856//1
f 1846//1 1533//1 1845//1
f 1260//1 948//1 947//1
f 1260//1 947//1 1259//1
f 1476//1 1164//1 1163//1
f 1476//1 1477//1 1164//1
f 1367//1 1055//1 1054//1
f 1367//1 1368//1 1055//1
f 1953//1 1954//1 1641//1
f 1896//1 1583//1 1895//1
f 1721//1 1408//1 1720//1
f 1725//1 1412//1 1724//1
f 1958//1 1645//1 1957//1
f 1959//1 1647//1 1646//1
f 1270//1 958//1 957//1
f 1270//1 1271//1 958//1
f 1417//1 1104//1 1416//1
f 1653//1 1340//1 1652//1
f 2156//1 1844//1 1843//1
f 1565//1 1253//1 1252//1
f 1674//1 1362//1 1361//1
f 1803//1 1491//1 1490//1
f 1535//1 1223//1 1222//1
f 1535//1 1536//1 1223//1
f 1727//1 1728//1 1415//1
f 1563//1 1252//1 1250//1
f 1324//1 1012//1 1011//1
f 1324//1 1325//1 1012//1
f 1317//1 1005//1 1004//1
f 1317//1 1318//1 1005//1
f 1720//1 1408//1 1407//1
f 1406//1 1093//1 1405//1
f 1357//1 1045//1 1044//1
f 1357//1 1358//1 1045//1
f 1729//1 1417//1 1416//1
f 1951//1 1952//1 1639//1
f 1510//1 1198//1 1197//1
f 1510//1 1197//1 1509//1
f 1284//1 972//1 971//1
f 1284//1 971//1 1283//1
f 2223//1 1911//1 1910//1
f 1610//1 1298//1 1297//1
f 1372//1 1060//1 1059//1
f 1372//1 1373//1 1060//1
f 1346//1 1033//1 1345//1
f 1666//1 1354//1 1353//1
f 1451//1 1139//1 1138//1
f 1451//1 1452//1 1139//1
f 1295//1 983//1 982//1
f 1296//1 983//1 1295//1
f 1514//1 1201//1 1513//1
f 1829//1 1516//1 1828//1
f 1421//1 1109//1 1108//1
f 1421//1 1422//1 1109//1
f 1555//1 1243//1 1242//1
f 1555//1 1556//1 1243//1
f 1656//1 1344//1 1343//1
f 1336//1 1023//1 1335//1
f 1626//1 1627//1 1314//1
f 1639//1 1327//1 1326//1
f 1500//1 1188//1 1187//1
f 1500//1 1501//1 1188//1
f 1929//1 1617//1 1616//1
f 1288//1 1289//1 976//1
f 1789//1 1477//1 1476//1
f 1794//1 1482//1 1481//1
f 1410//1 1411//1 1098//1
f 1727//1 1414//1 1726//1
f 1866//1 1553//1 1865//1
f 1578//1 1579//1 1266//1
f 1472//1 1160//1 1159//1
f 1472//1 1159//1 1471//1
f 1293//1 980//1 1292//1
f 1890//1 1578//1 1577//1
f 1276//1 964//1 963//1
f 1276//1 1277//1 964//1
f 1504//1 1192//1 1191//1
f 1504//1 1505//1 1192//1
f 1514//1 1202//1 1201//1
f 1508//1 1195//1 1507//1
f 1855//1 1543//1 1542//1
f 1753//1 1441//1 1440//1
f 1788//1 1476//1 1475//1
f 1553//1 1240//1 1552//1
f 1415//1 1103//1 1102//1
f 1415//1 1102//1 1414//1
f 1398//1 1086//1 1085//1
f 1398//1 1399//1 1086//1
f 1850//1 1537//1 1849//1
f 1540//1 1228//1 1227//1
f 1677//1 1365//1 1364//1
f 2572//1 2259//1 2571//1
f 1285//1 973//1 972//1
f 1285//1 972//1 1284//1
f 1859//1 1547//1 1546//1
f 1863//1 1550//1 1862//1
f 1308//1 996//1 995//1
f 1308//1 1309//1 996//1
f 1323//1 1011//1 1010//1
f 1323//1 1324//1 1011//1
f 1409//1 1097//1 1096//1
f 1409//1 1410//1 1097//1
f 1269//1 957//1 956//1
f 1269//1 956//1 1268//1
f 1454//1 1142//1 1141//1
f 1454//1 1141//1 1453//1
f 1354//1 1042//1 1041//1
f 1354//1 1355//1 1042//1
f 2145//1 1833//1 1832//1
f 1851//1 1539//1 1538//1
f 1420//1 1107//1 1419//1
f 1733//1 1421//1 1420//1
f 2159//1 2160//1 1847//1
f 2167//1 1855//1 1854//1
f 1461//1 1149//1 1148//1
f 1461//1 1462//1 1149//1
f 1383//1 1071//1 1070//1
f 1383//1 1384//1 1071//1
f 1860//1 1861//1 1548//1
f 1860//1 1548//1 1547//1
f 1490//1 1178//1 1177//1
f 1490//1 1491//1 1178//1
f 1469//1 1156//1 1468//1
f 1470//1 1471//1 1158//1
f 1718//1 1406//1 1405//1
f 1385//1 1072//1 1384//1
f 1518//1 1205//1 1517//1
f 1831//1 1832//1 1519//1
f 1841//1 1529//1 1528//1
f 3374//1 3062//1 3061//1
f 1392//1 1080//1 1079//1
f 1392//1 1079//1 1391//1
f 1256//1 944//1 943//1
f 1256//1 1257//1 944//1
f 1707//1 1395//1 1394//1
f 2001//1 1689//1 1688//1
f 1665//1 1353//1 1352//1
f 2011//1 1699//1 1698//1
f 1272//1 960//1 959//1
f 1272//1 959//1 1271//1
f 1393//1 1081//1 1080//1
f 1393//1 1394//1 1081//1
f 1612//1 1613//1 1300//1
f 1293//1 981//1 980//1
f 1734//1 1422//1 1421//1
f 2044//1 1732//1 1731//1
f 1904//1 1905//1 1592//1
f 1628//1 1316//1 1315//1
f 1965//1 1653//1 1652//1
f 2200//1 1888//1 1887//1
f 2161//1 1849//1 1848//1
f 1511//1 1198//1 1510//1
f 1429//1 1117//1 1116//1
f 1429//1 1116//1 1428//1
f 1564//1 1562//1 1251//1
f 1807//1 1495//1 1494//1
f 1681//1 1369//1 1368//1
f 1618//1 1306//1 1305//1
f 1638//1 1326//1 1325//1
f 1623//1 1624//1 1311//1
f 1425//1 1113//1 1112//1
f 1425//1 1112//1 1424//1
f 1798//1 1486//1 1485//1
f 2118//1 1805//1 2117//1
f 1377//1 1065//1 1064//1
f 1377//1 1064//1 1376//1
f 1605//1 1293//1 1292//1
f 1606//1 1607//1 1294//1
f 2022//1 2023//1 1710//1
f 2263//1 2264//1 1951//1
f 1651//1 1339//1 1338//1
f 1709//1 1396//1 1708//1
f 1768//1 1456//1 1455//1
f 1779//1 1780//1 1467//1
f 1390//1 1078//1 1077//1
f 1390//1 1077//1 1389//1
f 2426//1 2113//1 2425//1
f 2158//1 2159//1 1846//1
f 1494//1 1182//1 1181//1
f 1494//1 1181//1 1493//1
f 2824//1 2511//1 2823//1
f 1862//1 1550//1 1549//1
f 1385//1 1073//1 1072//1
f 1385//1 1386//1 1073//1
f 2072//1 1760//1 1759//1
f 2639//1 2326//1 2638//1
f 1412//1 1100//1 1099//1
f 1412//1 1413//1 1100//1
f 1275//1 963//1 962//1
f 1275//1 1276//1 963//1
f 1712//1 1400//1 1399//1
f 1650//1 1651//1 1338//1
f 1305//1 993//1 992//1
f 1305//1 1306//1 993//1
f 2080//1 1768//1 1767//1
f 1761//1 1448//1 1760//1
f 1823//1 1510//1 1822//1
f 1821//1 1822//1 1509//1
f 1717//1 1405//1 1404//1
f 2004//1 1692//1 1691//1
f 1346//1 1034//1 1033//1
f 1346//1 1347//1 1034//1
f 1585//1 1273//1 1272//1
f 1647//1 1335//1 1334//1
f 1972//1 1660//1 1659//1
f 1774//1 1461//1 1773//1
f 1942//1 1630//1 1629//1
f 1601//1 1289//1 1288//1
f 1752//1 1753//1 1440//1
f 1735//1 1422//1 1734//1
f 2228//1 1916//1 1915//1
f 1615//1 1303//1 1302//1
f 2550//1 2237//1 2549//1
f 1254//1 941//1 1253//1
f 1273//1 961//1 960//1
f 1273//1 960//1 1272//1
f 1759//1 1447//1 1446//1
f 1764//1 1452//1 1451//1
f 1302//1 990//1 989//1
f 1302//1 1303//1 990//1
f 1635//1 1322//1 1634//1
f 1365//1 1053//1 1052//1
f 2000//1 1688//1 1687//1
f 1668//1 1356//1 1355//1
f 1434//1 1122//1 1121//1
f 1434//1 1121//1 1433//1
f 1668//1 1669//1 1356//1
f 1643//1 1331//1 1330//1
f 1441//1 1129//1 1128//1
f 1441//1 1128//1 1440//1
f 1571//1 1259//1 1258//1
f 2194//1 1882//1 1881//1
f 1742//1 1430//1 1429//1
f 1732//1 1733//1 1420//1
f 1678//1 1366//1 1365//1
f 1681//1 1368//1 1680//1
f 1529//1 1217//1 1216//1
f 1529//1 1530//1 1217//1
f 1364//1 1052//1 1051//1
f 1364//1 1051//1 1363//1
f 1460//1 1148//1 1147//1
f 1460//1 1147//1 1459//1
f 1559//1 1247//1 1246//1
f 1559//1 1246//1 1558//1
f 1743//1 1431//1 1430//1
f 1721//1 1409//1 1408//1
f 1794//1 1481//1 1793//1
f 1898//1 1586//1 1585//1
f 1658//1 1346//1 1345//1
f 1680//1 1368//1 1367//1
f 1359//1 1047//1 1046//1
f 1359//1 1360//1 1047//1
f 1321//1 1009//1 1008//1
f 1321//1 1322//1 1009//1
f 1779//1 1466//1 1778//1
f 1797//1 1485//1 1484//1
f 1263//1 951//1 950//1
f 1263//1 1264//1 951//1
f 1787//1 1475//1 1474//1
f 1782//1 1783//1 1470//1
f 1444//1 1132//1 1131//1
f 1444//1 1445//1 1132//1
f 1439//1 1127//1 1126//1
f 1439//1 1440//1 1127//1
f 1844//1 1845//1 1532//1
f 1783//1 1471//1 1470//1
f 2975//1 2976//1 2663//1
f 1702//1 1703//1 1390//1
f 1603//1 1291//1 1290//1
f 1573//1 1261//1 1260//1
f 1551//1 1239//1 1238//1
f 1551//1 1238//1 1550//1
f 1315//1 1003//1 1002//1
f 1315//1 1316//1 1003//1
f 1406//1 1094//1 1093//1
f 1406//1 1407//1 1094//1
f 1307//1 995//1 994//1
f 1307//1 1308//1 995//1
f 1580//1 1268//1 1267//1
f 2587//1 2275//1 2274//1
f 2048//1 1736//1 1735//1
f 1747//1 1748//1 1435//1
f 1736//1 1424//1 1423//1
f 1746//1 1434//1 1433//1
f 1590//1 1278//1 1277//1
f 1895//1 1583//1 1582//1
f 1785//1 1473//1 1472//1
f 1786//1 1787//1 1474//1
f 1599//1 1287//1 1286//1
f 1591//1 1592//1 1279//1
f 1595//1 1283//1 1282//1
f 1589//1 1590//1 1277//1
f 1644//1 1332//1 1331//1
f 1644//1 1645//1 1332//1
f 1778//1 1466//1 1465//1
f 1755//1 1443//1 1442//1
f 1581//1 1269//1 1268//1
f 1581//1 1268//1 1580//1
f 1699//1 1700//1 1387//1
f 1826//1 1514//1 1513//1
f 1667//1 1668//1 1355//1
f 1805//1 1492//1 1804//1
f 2137//1 2138//1 1825//1
f 1665//1 1666//1 1353//1
f 1664//1 1352//1 1351//1
f 1665//1 1352//1 1664//1
f 1616//1 1304//1 1303//1
f 1619//1 1307//1 1306//1
f 1608//1 1295//1 1607//1
f 1609//1 1610//1 1297//1
f 1779//1 1467//1 1466//1
f 1809//1 1496//1 1808//1
f 1724//1 1412//1 1411//1
f 3047//1 2734//1 3046//1
f 1801//1 1489//1 1488//1
f 1803//1 1804//1 1491//1
f 1597//1 1284//1 1596//1
f 1597//1 1598//1 1285//1
f 1576//1 1264//1 1263//1
f 1982//1 1983//1 1670//1
f 2157//1 1845//1 1844//1
f 1849//1 1537//1 1536//1
f 2109//1 2110//1 1797//1
f 3003//1 2691//1 2690//1
f 1853//1 1541//1 1540//1
f 1854//1 1541//1 1853//1
f 1569//1 1256//1 1568//1
f 1570//1 1258//1 1257//1
f 1805//1 1493//1 1492//1
f 1805//1 1806//1 1493//1
f 1759//1 1760//1 1447//1
f 2076//1 1764//1 1763//1
f 1808//1 1496//1 1495//1
f 1808//1 1495//1 1807//1
f 3106//1 2793//1 3105//1
f 2626//1 2314//1 2313//1
f 1802//1 1490//1 1489//1
f 1803//1 1490//1 1802//1
f 1710//1 1398//1 1397//1
f 1713//1 1400//1 1712//1
f 1796//1 1484//1 1483//1
f 1796//1 1483//1 1795//1
f 1792//1 1793//1 1480//1
f 1793//1 1481//1 1480//1
f 1738//1 1739//1 1426//1
f 1734//1 1421//1 1733//1
f 1866//1 1554//1 1553//1
f 1868//1 1869//1 1556//1
f 1632//1 1319//1 1631//1
f 1636//1 1324//1 1323//1
f 1663//1 1351//1 1350//1
f 1663//1 1664//1 1351//1
f 1646//1 1333//1 1645//1
f 1644//1 1331//1 1643//1
f 2531//1 2219//1 2218//1
f 2119//1 1807//1 1806//1
f 2341//1 2028//1 2340//1
f 2345//1 2033//1 2032//1
f 2341//1 2029//1 2028//1
f 2162//1 1849//1 2161//1
f 1852//1 1540//1 1539//1
f 1852//1 1853//1 1540//1
f 1598//1 1286//1 1285//1
f 1598//1 1599//1 1286//1
f 1577//1 1265//1 1264//1
f 1577//1 1264//1 1576//1
f 1648//1 1336//1 1335//1
f 1648//1 1335//1 1647//1
f 1595//1 1596//1 1283//1
f 1595//1 1282//1 1594//1
f 1813//1 1501//1 1500//1
f 1823//1 1511//1 1510//1
f 2328//1 2015//1 2327//1
f 1705//1 1393//1 1392//1
f 1757//1 1445//1 1444//1
f 1757//1 1758//1 1445//1
f 1749//1 1437//1 1436//1
f 1751//1 1438//1 1750//1
f 1842//1 1529//1 1841//1
f 1843//1 1531//1 1530//1
f 1594//1 1282//1 1281//1
f 1594//1 1281//1 1593//1
f 2105//1 1793//1 1792//1
f 1784//1 1785//1 1472//1
f 1586//1 1274//1 1273//1
f 1586//1 1273//1 1585//1
f 2149//1 1837//1 1836//1
f 1838//1 1839//1 1526//1
f 2332//1 2020//1 2019//1
f 1833//1 1834//1 1521//1
f 1825//1 1513//1 1512//1
f 1826//1 1827//1 1514//1
f 2118//1 1806//1 1805//1
f 1801//1 1802//1 1489//1
f 1863//1 1551//1 1550//1
f 2180//1 1867//1 2179//1
f 1935//1 1622//1 1934//1
f 2047//1 2048//1 1735//1
f 1970//1 1658//1 1657//1
f 2222//1 1910//1 1909//1
f 1940//1 1628//1 1627//1
f 1631//1 1319//1 1318//1
f 1684//1 1372//1 1371//1
f 1684//1 1685//1 1372//1
f 1774//1 1775//1 1462//1
f 1776//1 1463//1 1775//1
f 1579//1 1267//1 1266//1
f 1579//1 1580//1 1267//1
f 2058//1 1746//1 1745//1
f 2064//1 2065//1 1752//1
f 1819//1 1820//1 1507//1
f 1820//1 1508//1 1507//1
f 1626//1 1313//1 1625//1
f 1622//1 1309//1 1621//1
f 1687//1 1375//1 1374//1
f 1996//1 1684//1 1683//1
f 1963//1 1964//1 1651//1
f 1947//1 1635//1 1634//1
f 1777//1 1465//1 1464//1
f 1777//1 1778//1 1465//1
f 1773//1 1461//1 1460//1
f 1773//1 1460//1 1772//1
f 1852//1 1539//1 1851//1
f 1844//1 1531//1 1843//1
f 1918//1 1606//1 1605//1
f 1629//1 1316//1 1628//1
f 1870//1 1558//1 1557//1
f 1870//1 1557//1 1869//1
f 2052//1 2053//1 1740//1
f 1745//1 1433//1 1432//1
f 1568//1 1256//1 1255//1
f 1568//1 1255//1 1567//1
f 1781//1 1468//1 1780//1
f 1780//1 1468//1 1467//1
f 2040//1 1727//1 2039//1
f 1752//1 1440//1 1439//1
f 1861//1 1549//1 1548//1
f 1861//1 1862//1 1549//1
f 1586//1 1587//1 1274//1
f 1584//1 1271//1 1583//1
f 2024//1 1712//1 1711//1
f 1929//1 1930//1 1617//1
f 2141//1 1829//1 1828//1
f 2155//1 2156//1 1843//1
f 1797//1 1484//1 1796//1
f 1801//1 1488//1 1800//1
f 1629//1 1317//1 1316//1
f 1629//1 1630//1 1317//1
f 1572//1 1260//1 1259//1
f 1572//1 1573//1 1260//1
f 1763//1 1451//1 1450//1
f 1763//1 1764//1 1451//1
f 1871//1 1559//1 1558//1
f 1871//1 1558//1 1870//1
f 1625//1 1312//1 1624//1
f 1616//1 1303//1 1615//1
f 1600//1 1288//1 1287//1
f 1600//1 1287//1 1599//1
f 1690//1 1378//1 1377//1
f 1690//1 1377//1 1689//1
f 2016//1 1704//1 1703//1
f 1710//1 1711//1 1398//1
f 1679//1 1366//1 1678//1
f 1678//1 1365//1 1677//1
f 1717//1 1718//1 1405//1
f 2038//1 1725//1 2037//1
f 1582//1 1270//1 1269//1
f 1582//1 1583//1 1270//1
f 1688//1 1376//1 1375//1
f 1688//1 1689//1 1376//1
f 1713//1 1401//1 1400//1
f 1713//1 1714//1 1401//1
f 1633//1 1321//1 1320//1
f 1633//1 1634//1 1321//1
f 1613//1 1301//1 1300//1
f 1614//1 1301//1 1613//1
f 1711//1 1399//1 1398//1
f 1711//1 1712//1 1399//1
f 1566//1 1254//1 1253//1
f 1566//1 1567//1 1254//1
f 1592//1 1280//1 1279//1
f 1592//1 1593//1 1280//1
f 1676//1 1677//1 1364//1
f 1990//1 1678//1 1677//1
f 2470//1 2158//1 2157//1
f 2092//1 1780//1 1779//1
f 2125//1 2126//1 1813//1
f 1571//1 1258//1 1570//1
f 2282//1 2283//1 1970//1
f 2056//1 1744//1 1743//1
f 1872//1 1559//1 1871//1
f 2163//1 1850//1 2162//1
f 1588//1 1276//1 1275//1
f 1588//1 1275//1 1587//1
f 2152//1 2153//1 1840//1
f 2154//1 1841//1 2153//1
f 2025//1 1712//1 2024//1
f 1704//1 1391//1 1703//1
f 1622//1 1310//1 1309//1
f 1621//1 1309//1 1308//1
f 1670//1 1357//1 1669//1
f 1670//1 1358//1 1357//1
f 2562//1 2250//1 2249//1
f 2301//1 1989//1 1988//1
f 2123//1 1811//1 1810//1
f 1788//1 1475//1 1787//1
f 1798//1 1485//1 1797//1
f 2117//1 1805//1 1804//1
f 2107//1 1795//1 1794//1
f 1794//1 1795//1 1482//1
f 1951//1 1639//1 1638//1
f 1960//1 1648//1 1647//1
f 1569//1 1257//1 1256//1
f 1569//1 1570//1 1257//1
f 1737//1 1425//1 1424//1
f 1738//1 1425//1 1737//1
f 2103//1 1791//1 1790//1
f 2408//1 2409//1 2096//1
f 1791//1 1479//1 1478//1
f 1790//1 1478//1 1477//1
f 2070//1 2071//1 1758//1
f 2071//1 2072//1 1759//1
f 1673//1 1361//1 1360//1
f 1673//1 1674//1 1361//1
f 1589//1 1277//1 1276//1
f 1589//1 1276//1 1588//1
f 1784//1 1472//1 1471//1
f 1784//1 1471//1 1783//1
f 1730//1 1418//1 1417//1
f 1730//1 1417//1 1729//1
f 1748//1 1436//1 1435//1
f 1748//1 1749//1 1436//1
f 1832//1 1520//1 1519//1
f 1833//1 1520//1 1832//1
f 1736//1 1737//1 1424//1
f 2047//1 1735//1 1734//1
f 1627//1 1315//1 1314//1
f 1627//1 1628//1 1315//1
f 1715//1 1403//1 1402//1
f 1715//1 1402//1 1714//1
f 1640//1 1328//1 1327//1
f 1640//1 1327//1 1639//1
f 1611//1 1612//1 1299//1
f 1922//1 1610//1 1609//1
f 1728//1 1416//1 1415//1
f 1728//1 1729//1 1416//1
f 1731//1 1419//1 1418//1
f 1731//1 1418//1 1730//1
f 1700//1 1388//1 1387//1
f 1700//1 1701//1 1388//1
f 1814//1 1502//1 1501//1
f 1814//1 1815//1 1502//1
f 1562//1 1249//1 1251//1
f 1562//1 1561//1 1249//1
f 1662//1 1350//1 1349//1
f 1662//1 1663//1 1350//1
f 2273//1 1961//1 1960//1
f 2544//1 2231//1 2543//1
f 1982//1 1670//1 1669//1
f 1672//1 1359//1 1671//1
f 1601//1 1288//1 1600//1
f 1889//1 1577//1 1576//1
f 1574//1 1262//1 1261//1
f 1574//1 1261//1 1573//1
f 1985//1 1673//1 1672//1
f 2019//1 1707//1 1706//1
f 1806//1 1494//1 1493//1
f 1806//1 1807//1 1494//1
f 1683//1 1371//1 1370//1
f 1683//1 1684//1 1371//1
f 2001//1 1688//1 2000//1
f 1691//1 1378//1 1690//1
f 1765//1 1453//1 1452//1
f 1765//1 1452//1 1764//1
f 1781//1 1469//1 1468//1
f 1782//1 1470//1 1469//1
f 2755//1 2443//1 2442//1
f 1905//1 1906//1 1593//1
f 1707//1 1708//1 1395//1
f 1706//1 1393//1 1705//1
f 1812//1 1500//1 1499//1
f 1812//1 1813//1 1500//1
f 2146//1 1833//1 2145//1
f 1811//1 1812//1 1499//1
f 2039//1 1727//1 1726//1
f 1932//1 1620//1 1619//1
f 1786//1 1474//1 1473//1
f 1786//1 1473//1 1785//1
f 1766//1 1454//1 1453//1
f 1766//1 1453//1 1765//1
f 2016//1 1703//1 2015//1
f 1710//1 1397//1 1709//1
f 1726//1 1414//1 1413//1
f 1727//1 1415//1 1414//1
f 2168//1 1856//1 1855//1
f 2190//1 1877//1 2184//1
f 1914//1 1602//1 1601//1
f 2094//1 1782//1 1781//1
f 1682//1 1370//1 1369//1
f 1682//1 1683//1 1370//1
f 1655//1 1343//1 1342//1
f 1655//1 1656//1 1343//1
f 1848//1 1535//1 1847//1
f 2165//1 1853//1 1852//1
f 1642//1 1330//1 1329//1
f 1642//1 1643//1 1330//1
f 2037//1 1725//1 1724//1
f 2012//1 1700//1 1699//1
f 2128//1 1816//1 1815//1
f 2140//1 1828//1 1827//1
f 1776//1 1464//1 1463//1
f 1776//1 1777//1 1464//1
f 2140//1 2141//1 1828//1
f 1816//1 1504//1 1503//1
f 2917//1 2918//1 2605//1
f 2079//1 1767//1 1766//1
f 2454//1 2142//1 2141//1
f 2124//1 1812//1 1811//1
f 1756//1 1757//1 1444//1
f 2059//1 1747//1 1746//1
f 1828//1 1516//1 1515//1
f 1828//1 1515//1 1827//1
f 2176//1 1863//1 2175//1
f 1882//1 1570//1 1569//1
f 1694//1 1381//1 1693//1
f 1946//1 1634//1 1633//1
f 2085//1 1772//1 2084//1
f 2090//1 1778//1 1777//1
f 1894//1 1581//1 1893//1
f 1902//1 1590//1 1589//1
f 1578//1 1266//1 1265//1
f 1578//1 1265//1 1577//1
f 2139//1 1827//1 1826//1
f 2144//1 1832//1 1831//1
f 1842//1 1530//1 1529//1
f 1842//1 1843//1 1530//1
f 1725//1 1413//1 1412//1
f 1725//1 1726//1 1413//1
f 1661//1 1349//1 1348//1
f 1661//1 1662//1 1349//1
f 1672//1 1360//1 1359//1
f 1672//1 1673//1 1360//1
f 1867//1 1555//1 1554//1
f 1867//1 1554//1 1866//1
f 1654//1 1342//1 1341//1
f 1654//1 1655//1 1342//1
f 2012//1 1699//1 2011//1
f 1992//1 1993//1 1680//1
f 1923//1 1611//1 1610//1
f 1944//1 1632//1 1631//1
f 1879//1 1567//1 1566//1
f 1879//1 1566//1 1878//1
f 2076//1 1763//1 2075//1
f 1768//1 1769//1 1456//1
f 1693//1 1381//1 1380//1
f 1693//1 1380//1 1692//1
f 1900//1 1588//1 1587//1
f 2513//1 2201//1 2200//1
f 1635//1 1323//1 1322//1
f 1635//1 1636//1 1323//1
f 2139//1 2140//1 1827//1
f 1814//1 1501//1 1813//1
f 1791//1 1478//1 1790//1
f 1792//1 1479//1 1791//1
f 1675//1 1363//1 1362//1
f 1675//1 1362//1 1674//1
f 1591//1 1279//1 1278//1
f 1591//1 1278//1 1590//1
f 1934//1 1622//1 1621//1
f 2510//1 2198//1 2197//1
f 2230//1 1918//1 1917//1
f 2221//1 1909//1 1908//1
f 1660//1 1348//1 1347//1
f 1660//1 1661//1 1348//1
f 1977//1 1665//1 1664//1
f 1980//1 1667//1 1979//1
f 1770//1 1458//1 1457//1
f 1770//1 1457//1 1769//1
f 1704//1 1392//1 1391//1
f 1704//1 1705//1 1392//1
f 1858//1 1546//1 1545//1
f 1858//1 1859//1 1546//1
f 1968//1 1656//1 1655//1
f 2116//1 1803//1 2115//1
f 1611//1 1299//1 1298//1
f 1611//1 1298//1 1610//1
f 1619//1 1306//1 1618//1
f 1623//1 1310//1 1622//1
f 2495//1 2496//1 2183//1
f 1907//1 1595//1 1594//1
f 1824//1 1825//1 1512//1
f 2136//1 1824//1 1823//1
f 1719//1 1407//1 1406//1
f 1719//1 1406//1 1718//1
f 1771//1 1459//1 1458//1
f 1771//1 1458//1 1770//1
f 1575//1 1263//1 1262//1
f 1575//1 1576//1 1263//1
f 1864//1 1552//1 1551//1
f 1864//1 1551//1 1863//1
f 1652//1 1340//1 1339//1
f 1652//1 1339//1 1651//1
f 1741//1 1429//1 1428//1
f 1741//1 1742//1 1429//1
f 2005//1 2006//1 1693//1
f 1995//1 1683//1 1682//1
f 1799//1 1487//1 1486//1
f 1799//1 1486//1 1798//1
f 1820//1 1821//1 1508//1
f 2091//1 2092//1 1779//1
f 1686//1 1374//1 1373//1
f 1686//1 1687//1 1374//1
f 1698//1 1386//1 1385//1
f 1698//1 1385//1 1697//1
f 2566//1 2254//1 2253//1
f 1680//1 1367//1 1679//1
f 1810//1 1498//1 1497//1
f 1810//1 1811//1 1498//1
f 1974//1 1662//1 1661//1
f 2130//1 1818//1 1817//1
f 1957//1 1645//1 1644//1
f 2272//1 2273//1 1960//1
f 2034//1 2035//1 1722//1
f 2030//1 1718//1 1717//1
f 1732//1 1420//1 1419//1
f 1732//1 1419//1 1731//1
f 1952//1 1640//1 1639//1
f 2270//1 1958//1 1957//1
f 1857//1 1545//1 1544//1
f 1857//1 1858//1 1545//1
f 1919//1 1607//1 1606//1
f 1609//1 1297//1 1296//1
f 2097//1 1784//1 2096//1
f 2060//1 1748//1 1747//1
f 1602//1 1290//1 1289//1
f 1603//1 1290//1 1602//1
f 1847//1 1535//1 1534//1
f 1847//1 1534//1 1846//1
f 1649//1 1337//1 1336//1
f 1649//1 1336//1 1648//1
f 2065//1 1753//1 1752//1
f 1755//1 1756//1 1443//1
f 1694//1 1382//1 1381//1
f 1694//1 1695//1 1382//1
f 2182//1 1870//1 1869//1
f 2476//1 2164//1 2163//1
f 1915//1 1603//1 1602//1
f 1602//1 1289//1 1601//1
f 1839//1 1527//1 1526//1
f 1839//1 1840//1 1527//1
f 1954//1 1642//1 1641//1
f 1926//1 1614//1 1613//1
f 1676//1 1364//1 1363//1
f 1676//1 1363//1 1675//1
f 2055//1 1743//1 1742//1
f 2351//1 2039//1 2038//1
f 2078//1 2079//1 1766//1
f 1781//1 1782//1 1469//1
f 2845//1 2532//1 2844//1
f 1939//1 1626//1 1938//1
f 2184//1 1877//1 1872//1
f 2180//1 1868//1 1867//1
f 1824//1 1512//1 1511//1
f 1824//1 1511//1 1823//1
f 2686//1 2374//1 2373//1
f 2099//1 2100//1 1787//1
f 1809//1 1497//1 1496//1
f 1809//1 1810//1 1497//1
f 1650//1 1338//1 1337//1
f 1650//1 1337//1 1649//1
f 1751//1 1439//1 1438//1
f 1751//1 1752//1 1439//1
f 2071//1 1759//1 1758//1
f 2413//1 2414//1 2101//1
f 1835//1 1523//1 1522//1
f 1835//1 1836//1 1523//1
f 2062//1 1750//1 1749//1
f 2080//1 1767//1 2079//1
f 1817//1 1818//1 1505//1
f 2132//1 1819//1 2131//1
f 1603//1 1604//1 1291//1
f 1606//1 1293//1 1605//1
f 1659//1 1347//1 1346//1
f 1659//1 1660//1 1347//1
f 2936//1 2624//1 2623//1
f 1910//1 1598//1 1597//1
f 2021//1 1709//1 1708//1
f 1716//1 1717//1 1404//1
f 1735//1 1423//1 1422//1
f 1735//1 1736//1 1423//1
f 1848//1 1536//1 1535//1
f 1848//1 1849//1 1536//1
f 1767//1 1455//1 1454//1
f 1767//1 1454//1 1766//1
f 1850//1 1538//1 1537//1
f 1850//1 1851//1 1538//1
f 1762//1 1763//1 1450//1
f 2074//1 2075//1 1762//1
f 2066//1 1753//1 2065//1
f 2696//1 2384//1 2383//1
f 1617//1 1305//1 1304//1
f 1617//1 1304//1 1616//1
f 1817//1 1505//1 1504//1
f 1817//1 1504//1 1816//1
f 1747//1 1435//1 1434//1
f 1747//1 1434//1 1746//1
f 2173//1 1860//1 2172//1
f 1878//1 1566//1 1565//1
f 2050//1 1738//1 1737//1
f 2042//1 1730//1 1729//1
f 1874//1 1563//1 1561//1
f 1887//1 1575//1 1574//1
f 2098//1 1786//1 1785//1
f 2134//1 2135//1 1822//1
f 1905//1 1593//1 1592//1
f 2299//1 1986//1 2298//1
f 2052//1 1740//1 1739//1
f 2380//1 2068//1 2067//1
f 2409//1 2097//1 2096//1
f 1909//1 1597//1 1596//1
f 1667//1 1355//1 1354//1
f 1667//1 1354//1 1666//1
f 1986//1 1673//1 1985//1
f 2159//1 1847//1 1846//1
f 2132//1 1820//1 1819//1
f 2035//1 1723//1 1722//1
f 1856//1 1544//1 1543//1
f 1856//1 1857//1 1544//1
f 2006//1 1694//1 1693//1
f 2015//1 1703//1 1702//1
f 1916//1 1603//1 1915//1
f 1889//1 1890//1 1577//1
f 2289//1 1977//1 1976//1
f 2334//1 2335//1 2022//1
f 1988//1 1676//1 1675//1
f 1943//1 1944//1 1631//1
f 1641//1 1329//1 1328//1
f 1641//1 1328//1 1640//1
f 1608//1 1296//1 1295//1
f 1608//1 1609//1 1296//1
f 1744//1 1432//1 1431//1
f 1744//1 1745//1 1432//1
f 2475//1 2476//1 2163//1
f 2172//1 1860//1 1859//1
f 1937//1 1625//1 1624//1
f 1921//1 1608//1 1920//1
f 2150//1 1838//1 1837//1
f 2791//1 2479//1 2478//1
f 1754//1 1442//1 1441//1
f 1754//1 1441//1 1753//1
f 1874//1 1876//1 1563//1
f 2219//1 1906//1 2218//1
f 1838//1 1526//1 1525//1
f 1838//1 1525//1 1837//1
f 2100//1 1788//1 1787//1
f 2091//1 1779//1 1778//1
f 2063//1 1750//1 2062//1
f 2045//1 1732//1 2044//1
f 1722//1 1410//1 1409//1
f 1722//1 1723//1 1410//1
f 1993//1 1681//1 1680//1
f 1988//1 1989//1 1676//1
f 1691//1 1379//1 1378//1
f 1691//1 1692//1 1379//1
f 1702//1 1390//1 1389//1
f 1702//1 1389//1 1701//1
f 1877//1 1564//1 1872//1
f 1892//1 1580//1 1579//1
f 1653//1 1341//1 1340//1
f 1653//1 1654//1 1341//1
f 1614//1 1302//1 1301//1
f 1614//1 1615//1 1302//1
f 1762//1 1449//1 1761//1
f 2367//1 2055//1 2054//1
f 2446//1 2134//1 2133//1
f 2175//1 1863//1 1862//1
f 1927//1 1928//1 1615//1
f 2135//1 1823//1 1822//1
f 1901//1 1902//1 1589//1
f 2206//1 1894//1 1893//1
f 1830//1 1831//1 1518//1
f 2136//1 1823//1 2135//1
f 1646//1 1334//1 1333//1
f 1646//1 1647//1 1334//1
f 2001//1 2002//1 1689//1
f 2312//1 2000//1 1999//1
f 1830//1 1518//1 1517//1
f 1830//1 1517//1 1829//1
f 1819//1 1507//1 1506//1
f 1819//1 1506//1 1818//1
f 2257//1 2258//1 1945//1
f 1915//1 1602//1 1914//1
f 1681//1 1682//1 1369//1
f 1978//1 1666//1 1665//1
f 1998//1 1686//1 1685//1
f 2033//1 1721//1 1720//1
f 1854//1 1542//1 1541//1
f 1854//1 1855//1 1542//1
f 1973//1 1974//1 1661//1
f 2318//1 2006//1 2005//1
f 2060//1 1747//1 2059//1
f 2069//1 1757//1 1756//1
f 2785//1 2473//1 2472//1
f 1949//1 1950//1 1637//1
f 1876//1 1878//1 1565//1
f 1881//1 1569//1 1568//1
f 2444//1 2132//1 2131//1
f 2134//1 1822//1 1821//1
f 2120//1 1807//1 2119//1
f 2433//1 2121//1 2120//1
f 2413//1 2101//1 2100//1
f 1986//1 1674//1 1673//1
f 2382//1 2383//1 2070//1
f 2638//1 2326//1 2325//1
f 4036//1 4037//1 3724//1
f 2097//1 2098//1 1785//1
f 2347//1 2035//1 2034//1
f 2435//1 2123//1 2122//1
f 3162//1 2850//1 2849//1
f 1933//1 1620//1 1932//1
f 1949//1 1636//1 1948//1
f 1949//1 1637//1 1636//1
f 2147//1 1835//1 1834//1
f 2471//1 2158//1 2470//1
f 1957//1 1644//1 1956//1
f 1956//1 1644//1 1643//1
f 2089//1 1777//1 1776//1
f 2084//1 1772//1 1771//1
f 2143//1 1831//1 1830//1
f 2138//1 1826//1 1825//1
f 3024//1 3025//1 2712//1
f 2711//1 2399//1 2398//1
f 2498//1 2185//1 2497//1
f 2178//1 1866//1 1865//1
f 2075//1 1763//1 1762//1
f 2707//1 2395//1 2394//1
f 1931//1 1619//1 1618//1
f 1931//1 1932//1 1619//1
f 2106//1 2107//1 1794//1
f 2344//1 2032//1 2031//1
f 2129//1 1817//1 1816//1
f 2129//1 2130//1 1817//1
f 2251//1 1938//1 2250//1
f 1918//1 1919//1 1606//1
f 2480//1 2168//1 2167//1
f 3118//1 2806//1 2805//1
f 2325//1 2013//1 2012//1
f 1955//1 1642//1 1954//1
f 2146//1 1834//1 1833//1
f 2145//1 1832//1 2144//1
f 3106//1 2794//1 2793//1
f 3209//1 2897//1 2896//1
f 1948//1 1636//1 1635//1
f 1948//1 1635//1 1947//1
f 1922//1 1923//1 1610//1
f 2260//1 1947//1 2259//1
f 1928//1 1929//1 1616//1
f 2596//1 2284//1 2283//1
f 2241//1 1929//1 1928//1
f 2473//1 2474//1 2161//1
f 2330//1 2331//1 2018//1
f 2354//1 2042//1 2041//1
f 1924//1 1612//1 1611//1
f 1925//1 1612//1 1924//1
f 2090//1 1777//1 2089//1
f 2705//1 2706//1 2393//1
f 2131//1 1819//1 1818//1
f 2131//1 1818//1 2130//1
f 2052//1 1739//1 2051//1
f 2051//1 1739//1 1738//1
f 2671//1 2359//1 2358//1
f 2371//1 2372//1 2059//1
f 2151//1 1839//1 1838//1
f 2151//1 1838//1 2150//1
f 1930//1 1618//1 1617//1
f 1930//1 1931//1 1618//1
f 2095//1 1783//1 1782//1
f 2095//1 1782//1 2094//1
f 2155//1 1843//1 1842//1
f 2943//1 2631//1 2630//1
f 2370//1 2058//1 2057//1
f 2058//1 2059//1 1746//1
f 1911//1 1912//1 1599//1
f 2551//1 2239//1 2238//1
f 2040//1 1728//1 1727//1
f 2040//1 2041//1 1728//1
f 2600//1 2288//1 2287//1
f 1980//1 1668//1 1667//1
f 1908//1 1596//1 1595//1
f 1908//1 1909//1 1596//1
f 1921//1 1609//1 1608//1
f 1921//1 1922//1 1609//1
f 1876//1 1565//1 1563//1
f 2221//1 2222//1 1909//1
f 2392//1 2080//1 2079//1
f 2088//1 1775//1 2087//1
f 2628//1 2316//1 2315//1
f 2057//1 2058//1 1745//1
f 2050//1 2051//1 1738//1
f 2050//1 1737//1 2049//1
f 1912//1 1600//1 1599//1
f 1913//1 1600//1 1912//1
f 1996//1 1683//1 1995//1
f 2621//1 2309//1 2308//1
f 1886//1 1887//1 1574//1
f 1885//1 1886//1 1573//1
f 1989//1 1677//1 1676//1
f 1989//1 1990//1 1677//1
f 2054//1 1742//1 1741//1
f 2055//1 1742//1 2054//1
f 1920//1 1608//1 1607//1
f 1920//1 1607//1 1919//1
f 1976//1 1664//1 1663//1
f 1977//1 1664//1 1976//1
f 2181//1 1869//1 1868//1
f 2181//1 2182//1 1869//1
f 2053//1 1741//1 1740//1
f 2053//1 2054//1 1741//1
f 1894//1 1582//1 1581//1
f 1894//1 1895//1 1582//1
f 2183//1 1871//1 1870//1
f 2183//1 1870//1 2182//1
f 2142//1 1830//1 1829//1
f 2142//1 2143//1 1830//1
f 2028//1 2029//1 1716//1
f 2377//1 2065//1 2064//1
f 2153//1 1841//1 1840//1
f 2663//1 2350//1 2662//1
f 1953//1 1641//1 1640//1
f 1953//1 1640//1 1952//1
f 1979//1 1667//1 1666//1
f 1979//1 1666//1 1978//1
f 2128//1 2129//1 1816//1
f 2436//1 2124//1 2123//1
f 2032//1 1720//1 1719//1
f 2030//1 1717//1 2029//1
f 2459//1 2147//1 2146//1
f 2148//1 2149//1 1836//1
f 1991//1 1679//1 1678//1
f 1991//1 1678//1 1990//1
f 2725//1 2413//1 2412//1
f 2111//1 1798//1 2110//1
f 2828//1 2516//1 2515//1
f 1891//1 1892//1 1579//1
f 2350//1 2351//1 2038//1
f 2093//1 2094//1 1781//1
f 2734//1 2735//1 2422//1
f 2373//1 2374//1 2061//1
f 1938//1 1626//1 1625//1
f 2256//1 2257//1 1944//1
f 2243//1 2244//1 1931//1
f 2263//1 1951//1 1950//1
f 2102//1 1790//1 1789//1
f 2102//1 2103//1 1790//1
f 2461//1 2148//1 2460//1
f 2768//1 2456//1 2455//1
f 2321//1 2322//1 2009//1
f 2630//1 2318//1 2317//1
f 1961//1 1962//1 1649//1
f 1960//1 1961//1 1648//1
f 2508//1 2196//1 2195//1
f 2431//1 2119//1 2118//1
f 2475//1 2163//1 2162//1
f 2133//1 1820//1 2132//1
f 2192//1 1880//1 1879//1
f 1880//1 1567//1 1879//1
f 2025//1 1713//1 1712//1
f 2025//1 2026//1 1713//1
f 2429//1 2117//1 2116//1
f 2127//1 1814//1 2126//1
f 2169//1 1857//1 1856//1
f 2171//1 2172//1 1859//1
f 2378//1 2065//1 2377//1
f 2466//1 2153//1 2465//1
f 1925//1 1926//1 1613//1
f 1924//1 1611//1 1923//1
f 2038//1 1726//1 1725//1
f 2038//1 2039//1 1726//1
f 2104//1 2105//1 1792//1
f 2746//1 2434//1 2433//1
f 2278//1 1966//1 1965//1
f 2272//1 1960//1 1959//1
f 2236//1 2237//1 1924//1
f 2258//1 1946//1 1945//1
f 2018//1 1706//1 1705//1
f 2018//1 2019//1 1706//1
f 2201//1 1889//1 1888//1
f 1882//1 1569//1 1881//1
f 2067//1 1755//1 1754//1
f 2066//1 2067//1 1754//1
f 2002//1 1690//1 1689//1
f 2003//1 1690//1 2002//1
f 2439//1 2440//1 2127//1
f 2043//1 1730//1 2042//1
f 2113//1 1801//1 1800//1
f 2113//1 1800//1 2112//1
f 2160//1 1848//1 1847//1
f 2160//1 2161//1 1848//1
f 1946//1 1947//1 1634//1
f 2245//1 1933//1 1932//1
f 2758//1 2446//1 2445//1
f 2032//1 2033//1 1720//1
f 2279//1 1966//1 2278//1
f 2227//1 1915//1 1914//1
f 2083//1 1771//1 1770//1
f 2083//1 2084//1 1771//1
f 1999//1 1687//1 1686//1
f 1999//1 2000//1 1687//1
f 1893//1 1581//1 1580//1
f 1893//1 1580//1 1892//1
f 2104//1 1792//1 1791//1
f 2104//1 1791//1 2103//1
f 2082//1 2083//1 1770//1
f 3088//1 2776//1 2775//1
f 2419//1 2107//1 2106//1
f 2428//1 2116//1 2115//1
f 1992//1 1680//1 1679//1
f 1992//1 1679//1 1991//1
f 2115//1 1803//1 1802//1
f 2114//1 1801//1 2113//1
f 2146//1 2147//1 1834//1
f 2303//1 1991//1 1990//1
f 2545//1 2233//1 2232//1
f 1945//1 1632//1 1944//1
f 1994//1 1681//1 1993//1
f 2308//1 2309//1 1996//1
f 2049//1 1737//1 1736//1
f 2049//1 1736//1 2048//1
f 1987//1 1674//1 1986//1
f 1984//1 1671//1 1983//1
f 2101//1 1789//1 1788//1
f 2101//1 2102//1 1789//1
f 2086//1 1774//1 1773//1
f 2086//1 2087//1 1774//1
f 2010//1 1698//1 1697//1
f 2010//1 2011//1 1698//1
f 1994//1 1682//1 1681//1
f 1994//1 1995//1 1682//1
f 2494//1 2495//1 2182//1
f 2488//1 2176//1 2175//1
f 2137//1 1825//1 1824//1
f 2137//1 1824//1 2136//1
f 2687//1 2375//1 2374//1
f 2719//1 2406//1 2718//1
f 2389//1 2077//1 2076//1
f 2068//1 1755//1 2067//1
f 2156//1 2157//1 1844//1
f 2396//1 2084//1 2083//1
f 1883//1 1571//1 1570//1
f 1882//1 1883//1 1570//1
f 1969//1 1970//1 1657//1
f 2468//1 2156//1 2155//1
f 2582//1 2583//1 2270//1
f 2452//1 2139//1 2451//1
f 2633//1 2320//1 2632//1
f 2319//1 2007//1 2006//1
f 2014//1 1702//1 1701//1
f 2013//1 1701//1 1700//1
f 2252//1 1940//1 1939//1
f 1941//1 1628//1 1940//1
f 3293//1 2980//1 3292//1
f 2064//1 1752//1 1751//1
f 2464//1 2152//1 2151//1
f 2403//1 2091//1 2090//1
f 2634//1 2322//1 2321//1
f 2309//1 1997//1 1996//1
f 1911//1 1599//1 1598//1
f 1911//1 1598//1 1910//1
f 2073//1 1761//1 1760//1
f 2073//1 1760//1 2072//1
f 2179//1 1867//1 1866//1
f 2179//1 1866//1 2178//1
f 2023//1 1711//1 1710//1
f 2023//1 2024//1 1711//1
f 1967//1 1655//1 1654//1
f 2264//1 1952//1 1951//1
f 1938//1 1625//1 1937//1
f 1935//1 1623//1 1622//1
f 2769//1 2457//1 2456//1
f 2139//1 1826//1 2138//1
f 1967//1 1654//1 1966//1
f 2289//1 1976//1 2288//1
f 2452//1 2140//1 2139//1
f 2565//1 2253//1 2252//1
f 2518//1 2206//1 2205//1
f 2796//1 2484//1 2483//1
f 2177//1 1865//1 1864//1
f 2177//1 2178//1 1865//1
f 1891//1 1579//1 1578//1
f 1891//1 1578//1 1890//1
f 2014//1 2015//1 1702//1
f 2014//1 1701//1 2013//1
f 2192//1 2193//1 1880//1
f 1909//1 1910//1 1597//1
f 2228//1 1915//1 2227//1
f 1916//1 1604//1 1603//1
f 2077//1 1764//1 2076//1
f 2078//1 1766//1 1765//1
f 2174//1 1862//1 1861//1
f 2174//1 2175//1 1862//1
f 2461//1 2149//1 2148//1
f 2756//1 2443//1 2755//1
f 2036//1 1724//1 1723//1
f 2036//1 2037//1 1724//1
f 1897//1 1585//1 1584//1
f 1896//1 1584//1 1583//1
f 2031//1 2032//1 1719//1
f 3101//1 2789//1 2788//1
f 1967//1 1968//1 1655//1
f 2286//1 1974//1 1973//1
f 2074//1 1762//1 1761//1
f 2074//1 1761//1 2073//1
f 2232//1 1920//1 1919//1
f 2233//1 2234//1 1921//1
f 2123//1 2124//1 1811//1
f 2448//1 2136//1 2135//1
f 2462//1 2150//1 2149//1
f 3091//1 2779//1 2778//1
f 2166//1 1854//1 1853//1
f 2166//1 2167//1 1854//1
f 2328//1 2016//1 2015//1
f 2314//1 2002//1 2001//1
f 2111//1 1799//1 1798//1
f 2111//1 2112//1 1799//1
f 2096//1 1784//1 1783//1
f 2096//1 1783//1 2095//1
f 1936//1 1624//1 1623//1
f 1936//1 1937//1 1624//1
f 2116//1 1804//1 1803//1
f 2116//1 2117//1 1804//1
f 1971//1 1659//1 1658//1
f 1971//1 1658//1 1970//1
f 2968//1 2655//1 2967//1
f 2020//1 1707//1 2019//1
f 2191//1 1879//1 1878//1
f 2778//1 2466//1 2465//1
f 1964//1 1652//1 1651//1
f 1964//1 1965//1 1652//1
f 2165//1 2166//1 1853//1
f 2472//1 2160//1 2159//1
f 1975//1 1663//1 1662//1
f 1975//1 1662//1 1974//1
f 2808//1 2495//1 2807//1
f 1888//1 1889//1 1576//1
f 2684//1 2372//1 2371//1
f 2662//1 2350//1 2349//1
f 1935//1 1936//1 1623//1
f 2249//1 2250//1 1937//1
f 2085//1 1773//1 1772//1
f 2085//1 2086//1 1773//1
f 2698//1 2386//1 2385//1
f 2613//1 2300//1 2612//1
f 3107//1 2794//1 3106//1
f 2195//1 1882//1 2194//1
f 2396//1 2397//1 2084//1
f 2045//1 1733//1 1732//1
f 2088//1 1776//1 1775//1
f 2088//1 2089//1 1776//1
f 2579//1 2266//1 2578//1
f 1961//1 1649//1 1648//1
f 2715//1 2402//1 2714//1
f 2081//1 1768//1 2080//1
f 1884//1 1572//1 1571//1
f 1884//1 1571//1 1883//1
f 2463//1 2150//1 2462//1
f 2466//1 2154//1 2153//1
f 2209//1 1896//1 2208//1
f 1899//1 1586//1 1898//1
f 1874//1 1561//1 1873//1
f 2210//1 1898//1 1897//1
f 1981//1 1668//1 1980//1
f 2585//1 2272//1 2584//1
f 1999//1 1686//1 1998//1
f 2292//1 1979//1 2291//1
f 2055//1 2056//1 1743//1
f 2361//1 2048//1 2360//1
f 2723//1 2411//1 2410//1
f 2720//1 2407//1 2719//1
f 1960//1 1647//1 1959//1
f 2269//1 1957//1 1956//1
f 1963//1 1651//1 1650//1
f 1963//1 1650//1 1962//1
f 1969//1 1657//1 1656//1
f 1969//1 1656//1 1968//1
f 2204//1 2205//1 1892//1
f 1897//1 1898//1 1585//1
f 2007//1 1695//1 1694//1
f 2007//1 1694//1 2006//1
f 2142//1 1829//1 2141//1
f 2577//1 2578//1 2265//1
f 2022//1 1710//1 1709//1
f 2022//1 1709//1 2021//1
f 2449//1 2137//1 2136//1
f 2709//1 2710//1 2397//1
f 2099//1 1787//1 1786//1
f 2099//1 1786//1 2098//1
f 2170//1 1858//1 1857//1
f 2170//1 1857//1 2169//1
f 1988//1 1675//1 1987//1
f 2281//1 1969//1 1968//1
f 2205//1 1893//1 1892//1
f 2222//1 2223//1 1910//1
f 2217//1 2218//1 1905//1
f 2767//1 2455//1 2454//1
f 1897//1 1584//1 1896//1
f 2568//1 2256//1 2255//1
f 2984//1 2985//1 2672//1
f 2425//1 2113//1 2112//1
f 2121//1 1809//1 1808//1
f 2121//1 2122//1 1809//1
f 2307//1 1995//1 1994//1
f 2292//1 1980//1 1979//1
f 2171//1 1859//1 1858//1
f 2171//1 1858//1 2170//1
f 2515//1 2516//1 2203//1
f 2197//1 1885//1 1884//1
f 1973//1 1660//1 1972//1
f 2485//1 2173//1 2172//1
f 3100//1 3101//1 2788//1
f 2299//1 2300//1 1987//1
f 2093//1 1781//1 1780//1
f 2093//1 1780//1 2092//1
f 2285//1 1973//1 1972//1
f 2305//1 1993//1 1992//1
f 2276//1 2277//1 1964//1
f 1977//1 1978//1 1665//1
f 1943//1 1631//1 1630//1
f 1943//1 1630//1 1942//1
f 2289//1 2290//1 1977//1
f 2235//1 1923//1 1922//1
f 2202//1 1890//1 1889//1
f 2168//1 1855//1 2167//1
f 2355//1 2043//1 2042//1
f 2046//1 1733//1 2045//1
f 1939//1 1627//1 1626//1
f 1939//1 1940//1 1627//1
f 2327//1 2015//1 2014//1
f 2416//1 2104//1 2103//1
f 2164//1 1852//1 1851//1
f 2164//1 2165//1 1852//1
f 2108//1 1796//1 1795//1
f 2108//1 1795//1 2107//1
f 1941//1 1942//1 1629//1
f 2366//1 2367//1 2054//1
f 1950//1 1638//1 1637//1
f 1950//1 1951//1 1638//1
f 2120//1 1808//1 1807//1
f 2120//1 2121//1 1808//1
f 2158//1 1846//1 1845//1
f 2158//1 1845//1 2157//1
f 2034//1 1722//1 1721//1
f 2034//1 1721//1 2033//1
f 2238//1 1925//1 2237//1
f 1917//1 1918//1 1605//1
f 2005//1 1693//1 1692//1
f 2005//1 1692//1 2004//1
f 1913//1 1601//1 1600//1
f 1913//1 1914//1 1601//1
f 1901//1 1589//1 1588//1
f 1901//1 1588//1 1900//1
f 1941//1 1629//1 1628//1
f 2254//1 1942//1 1941//1
f 2201//1 1888//1 2200//1
f 2206//1 1893//1 2205//1
f 2077//1 1765//1 1764//1
f 2077//1 2078//1 1765//1
f 2214//1 1902//1 1901//1
f 2449//1 2136//1 2448//1
f 2061//1 2062//1 1749//1
f 2374//1 2062//1 2061//1
f 1958//1 1646//1 1645//1
f 1958//1 1959//1 1646//1
f 2413//1 2100//1 2412//1
f 2385//1 2072//1 2384//1
f 1885//1 1573//1 1572//1
f 1885//1 1572//1 1884//1
f 2003//1 1691//1 1690//1
f 2003//1 2004//1 1691//1
f 1888//1 1576//1 1575//1
f 1888//1 1575//1 1887//1
f 2152//1 1840//1 1839//1
f 2152//1 1839//1 2151//1
f 2451//1 2139//1 2138//1
f 2430//1 2118//1 2117//1
f 2008//1 1696//1 1695//1
f 2008//1 1695//1 2007//1
f 2424//1 2111//1 2423//1
f 2689//1 2376//1 2688//1
f 2615//1 2303//1 2302//1
f 2275//1 1963//1 1962//1
f 2027//1 1715//1 1714//1
f 2027//1 1714//1 2026//1
f 2892//1 2580//1 2579//1
f 2406//1 2407//1 2094//1
f 2271//1 1958//1 2270//1
f 2335//1 2023//1 2022//1
f 2123//1 1810//1 2122//1
f 2744//1 2432//1 2431//1
f 2248//1 1936//1 1935//1
f 2376//1 2377//1 2064//1
f 2453//1 2140//1 2452//1
f 2460//1 2148//1 2147//1
f 2097//1 1785//1 1784//1
f 2192//1 1879//1 2191//1
f 2031//1 1719//1 1718//1
f 2031//1 1718//1 2030//1
f 2983//1 2670//1 2982//1
f 2739//1 2426//1 2738//1
f 1906//1 1594//1 1593//1
f 1906//1 1907//1 1594//1
f 1903//1 1591//1 1590//1
f 1903//1 1590//1 1902//1
f 2163//1 1851//1 1850//1
f 2163//1 2164//1 1851//1
f 2070//1 1758//1 1757//1
f 2070//1 1757//1 2069//1
f 2511//1 2199//1 2198//1
f 2445//1 2132//1 2444//1
f 1933//1 1621//1 1620//1
f 1933//1 1934//1 1621//1
f 2114//1 1802//1 1801//1
f 2114//1 2115//1 1802//1
f 2352//1 2040//1 2039//1
f 2644//1 2332//1 2331//1
f 2020//1 1708//1 1707//1
f 2020//1 2021//1 1708//1
f 2009//1 1697//1 1696//1
f 2009//1 1696//1 2008//1
f 2291//1 1979//1 1978//1
f 2213//1 2214//1 1901//1
f 2936//1 2623//1 2935//1
f 2319//1 2006//1 2318//1
f 2061//1 1749//1 1748//1
f 2061//1 1748//1 2060//1
f 2186//1 1874//1 1873//1
f 2490//1 2178//1 2177//1
f 3006//1 2694//1 2693//1
f 2397//1 2085//1 2084//1
f 1899//1 1587//1 1586//1
f 1899//1 1900//1 1587//1
f 2533//1 2534//1 2221//1
f 2455//1 2143//1 2142//1
f 2219//1 1907//1 1906//1
f 2349//1 2037//1 2036//1
f 2176//1 1864//1 1863//1
f 2176//1 2177//1 1864//1
f 2017//1 1705//1 1704//1
f 2017//1 2018//1 1705//1
f 2109//1 1797//1 1796//1
f 2109//1 1796//1 2108//1
f 2442//1 2130//1 2129//1
f 2286//1 1973//1 2285//1
f 2677//1 2364//1 2676//1
f 2880//1 2567//1 2879//1
f 1875//1 1562//1 1564//1
f 1875//1 1873//1 1562//1
f 2525//1 2213//1 2212//1
f 2195//1 2196//1 1883//1
f 2028//1 1716//1 1715//1
f 2028//1 1715//1 2027//1
f 2302//1 1989//1 2301//1
f 2299//1 1987//1 1986//1
f 2133//1 1821//1 1820//1
f 2133//1 2134//1 1821//1
f 2063//1 1751//1 1750//1
f 2063//1 2064//1 1751//1
f 2106//1 1794//1 1793//1
f 2106//1 1793//1 2105//1
f 2068//1 1756//1 1755//1
f 2068//1 2069//1 1756//1
f 2215//1 2216//1 1903//1
f 2887//1 2888//1 2575//1
f 2154//1 1842//1 1841//1
f 2154//1 2155//1 1842//1
f 2592//1 2280//1 2279//1
f 2325//1 2326//1 2013//1
f 2184//1 1872//1 1871//1
f 2184//1 1871//1 2183//1
f 2148//1 1836//1 1835//1
f 2148//1 1835//1 2147//1
f 2041//1 1729//1 1728//1
f 2041//1 2042//1 1729//1
f 2439//1 2127//1 2126//1
f 2412//1 2100//1 2099//1
f 1997//1 1685//1 1684//1
f 1997//1 1998//1 1685//1
f 1917//1 1605//1 1604//1
f 1917//1 1604//1 1916//1
f 1981//1 1669//1 1668//1
f 1981//1 1982//1 1669//1
f 2125//1 1813//1 1812//1
f 2125//1 1812//1 2124//1
f 1945//1 1633//1 1632//1
f 1945//1 1946//1 1633//1
f 2173//1 1861//1 1860//1
f 2173//1 2174//1 1861//1
f 2081//1 1769//1 1768//1
f 2081//1 2082//1 1769//1
f 1927//1 1615//1 1614//1
f 1927//1 1614//1 1926//1
f 2339//1 2027//1 2026//1
f 2586//1 2587//1 2274//1
f 2057//1 1745//1 1744//1
f 2057//1 1744//1 2056//1
f 2354//1 2355//1 2042//1
f 2657//1 2345//1 2344//1
f 1880//1 1568//1 1567//1
f 1880//1 1881//1 1568//1
f 1904//1 1592//1 1591//1
f 1904//1 1591//1 1903//1
f 2569//1 2257//1 2256//1
f 2261//1 1948//1 2260//1
f 2225//1 1913//1 1912//1
f 2471//1 2472//1 2159//1
f 2127//1 1815//1 1814//1
f 2127//1 2128//1 1815//1
f 1984//1 1672//1 1671//1
f 1984//1 1985//1 1672//1
f 2708//1 2395//1 2707//1
f 3412//1 3413//1 3100//1
f 1955//1 1643//1 1642//1
f 1955//1 1956//1 1643//1
f 2043//1 1731//1 1730//1
f 2043//1 2044//1 1731//1
f 2046//1 1734//1 1733//1
f 2046//1 2047//1 1734//1
f 2495//1 2183//1 2182//1
f 2471//1 2159//1 2158//1
f 2297//1 1985//1 1984//1
f 2903//1 2904//1 2591//1
f 2702//1 2390//1 2389//1
f 2542//1 2230//1 2229//1
f 2728//1 2729//1 2416//1
f 2460//1 2147//1 2459//1
f 2548//1 2236//1 2235//1
f 2234//1 1922//1 1921//1
f 2247//1 1935//1 1934//1
f 2247//1 2248//1 1935//1
f 2414//1 2102//1 2101//1
f 2393//1 2394//1 2081//1
f 2477//1 2165//1 2164//1
f 2494//1 2182//1 2181//1
f 2426//1 2114//1 2113//1
f 2445//1 2133//1 2132//1
f 2360//1 2048//1 2047//1
f 2646//1 2334//1 2333//1
f 2306//1 1994//1 1993//1
f 2306//1 2307//1 1994//1
f 2546//1 2547//1 2234//1
f 3176//1 2864//1 2863//1
f 2483//1 2484//1 2171//1
f 2724//1 2412//1 2411//1
f 2356//1 2357//1 2044//1
f 2336//1 2023//1 2335//1
f 2237//1 1925//1 1924//1
f 2240//1 1928//1 1927//1
f 2445//1 2446//1 2133//1
f 2797//1 2484//1 2796//1
f 3015//1 2703//1 2702//1
f 2410//1 2098//1 2097//1
f 2337//1 2338//1 2025//1
f 2333//1 2021//1 2020//1
f 3008//1 2696//1 2695//1
f 2429//1 2430//1 2117//1
f 2398//1 2085//1 2397//1
f 2343//1 2031//1 2030//1
f 2457//1 2458//1 2145//1
f 2735//1 2423//1 2422//1
f 2231//1 1919//1 1918//1
f 2231//1 2232//1 1919//1
f 2345//1 2032//1 2344//1
f 2348//1 2035//1 2347//1
f 2204//1 1892//1 1891//1
f 2201//1 2202//1 1889//1
f 2207//1 2208//1 1895//1
f 2208//1 1896//1 1895//1
f 2911//1 2599//1 2598//1
f 2253//1 1940//1 2252//1
f 2945//1 2632//1 2944//1
f 3260//1 2948//1 2947//1
f 2614//1 2615//1 2302//1
f 2305//1 1992//1 2304//1
f 2230//1 2231//1 1918//1
f 2536//1 2537//1 2224//1
f 2474//1 2162//1 2161//1
f 2590//1 2278//1 2277//1
f 2384//1 2072//1 2071//1
f 2693//1 2380//1 2692//1
f 3108//1 2796//1 2795//1
f 2492//1 2179//1 2491//1
f 2759//1 2446//1 2758//1
f 2447//1 2448//1 2135//1
f 2695//1 2382//1 2694//1
f 2742//1 2429//1 2741//1
f 2521//1 2209//1 2208//1
f 2198//1 2199//1 1886//1
f 2352//1 2039//1 2351//1
f 2988//1 2989//1 2676//1
f 2329//1 2017//1 2016//1
f 2328//1 2329//1 2016//1
f 2340//1 2028//1 2027//1
f 2340//1 2027//1 2339//1
f 2324//1 2325//1 2012//1
f 2623//1 2624//1 2311//1
f 2624//1 2312//1 2311//1
f 2315//1 2316//1 2003//1
f 2438//1 2439//1 2126//1
f 2750//1 2438//1 2437//1
f 2477//1 2164//1 2476//1
f 2478//1 2165//1 2477//1
f 2298//1 1986//1 1985//1
f 2298//1 1985//1 2297//1
f 2481//1 2169//1 2168//1
f 2481//1 2168//1 2480//1
f 2364//1 2052//1 2051//1
f 2363//1 2051//1 2050//1
f 2364//1 2365//1 2052//1
f 2332//1 2019//1 2331//1
f 2752//1 2440//1 2439//1
f 2443//1 2130//1 2442//1
f 2387//1 2075//1 2074//1
f 2388//1 2075//1 2387//1
f 2338//1 2026//1 2025//1
f 2338//1 2339//1 2026//1
f 2423//1 2111//1 2110//1
f 2421//1 2109//1 2108//1
f 2357//1 2045//1 2044//1
f 2971//1 2659//1 2658//1
f 2597//1 2598//1 2285//1
f 2530//1 2218//1 2217//1
f 2260//1 1948//1 1947//1
f 2576//1 2264//1 2263//1
f 2188//1 1877//1 2190//1
f 2497//1 2185//1 2188//1
f 2856//1 2544//1 2543//1
f 2905//1 2593//1 2592//1
f 2280//1 1968//1 1967//1
f 2575//1 2263//1 2262//1
f 2596//1 2283//1 2595//1
f 2622//1 2310//1 2309//1
f 2226//1 2227//1 1914//1
f 2616//1 2304//1 2303//1
f 2482//1 2170//1 2169//1
f 2482//1 2169//1 2481//1
f 2564//1 2252//1 2251//1
f 2241//1 1928//1 2240//1
f 2559//1 2247//1 2246//1
f 2246//1 2247//1 1934//1
f 2652//1 2340//1 2339//1
f 2664//1 2352//1 2351//1
f 2434//1 2435//1 2122//1
f 2661//1 2349//1 2348//1
f 2686//1 2687//1 2374//1
f 2376//1 2064//1 2063//1
f 2250//1 1938//1 1937//1
f 2560//1 2248//1 2247//1
f 2277//1 1965//1 1964//1
f 2277//1 2278//1 1965//1
f 2244//1 1932//1 1931//1
f 2244//1 2245//1 1932//1
f 2212//1 1900//1 1899//1
f 2211//1 2212//1 1899//1
f 2461//1 2462//1 2149//1
f 2505//1 2193//1 2192//1
f 2594//1 2282//1 2281//1
f 2669//1 2357//1 2356//1
f 2246//1 1934//1 1933//1
f 2246//1 1933//1 2245//1
f 2742//1 2430//1 2429//1
f 2432//1 2433//1 2120//1
f 2475//1 2162//1 2474//1
f 3088//1 2775//1 3087//1
f 2465//1 2153//1 2152//1
f 2465//1 2152//1 2464//1
f 2283//1 1971//1 1970//1
f 2284//1 1971//1 2283//1
f 2320//1 2008//1 2007//1
f 2320//1 2007//1 2319//1
f 2496//1 2184//1 2183//1
f 2496//1 2190//1 2184//1
f 2938//1 2939//1 2626//1
f 2288//1 1976//1 1975//1
f 2372//1 2060//1 2059//1
f 3388//1 3076//1 3075//1
f 2441//1 2129//1 2128//1
f 2441//1 2442//1 2129//1
f 2296//1 1984//1 1983//1
f 2296//1 2297//1 1984//1
f 2420//1 2107//1 2419//1
f 2427//1 2114//1 2426//1
f 2418//1 2106//1 2105//1
f 2418//1 2419//1 2106//1
f 3203//1 2891//1 2890//1
f 2279//1 1967//1 1966//1
f 2718//1 2406//1 2405//1
f 2703//1 2391//1 2390//1
f 2358//1 2046//1 2045//1
f 2358//1 2045//1 2357//1
f 2432//1 2120//1 2119//1
f 2432//1 2119//1 2431//1
f 2598//1 2286//1 2285//1
f 2572//1 2260//1 2259//1
f 2455//1 2456//1 2143//1
f 2456//1 2144//1 2143//1
f 2216//1 1904//1 1903//1
f 2865//1 2553//1 2552//1
f 2229//1 1916//1 2228//1
f 2517//1 2518//1 2205//1
f 2450//1 2137//1 2449//1
f 2761//1 2449//1 2448//1
f 2663//1 2664//1 2351//1
f 2279//1 2280//1 1967//1
f 2447//1 2135//1 2134//1
f 2447//1 2134//1 2446//1
f 2239//1 1927//1 1926//1
f 2239//1 2240//1 1927//1
f 2346//1 2033//1 2345//1
f 2661//1 2662//1 2349//1
f 2257//1 1945//1 1944//1
f 2567//1 2568//1 2255//1
f 2486//1 2487//1 2174//1
f 2823//1 2511//1 2510//1
f 2348//1 2036//1 2035//1
f 2348//1 2349//1 2036//1
f 2803//1 2804//1 2491//1
f 2795//1 2483//1 2482//1
f 2203//1 1890//1 2202//1
f 3158//1 2845//1 3157//1
f 2302//1 1990//1 1989//1
f 2302//1 2303//1 1990//1
f 2440//1 2128//1 2127//1
f 2440//1 2441//1 2128//1
f 2386//1 2074//1 2073//1
f 2386//1 2387//1 2074//1
f 2259//1 1947//1 1946//1
f 2259//1 1946//1 2258//1
f 2322//1 2010//1 2009//1
f 2647//1 2648//1 2335//1
f 2799//1 2487//1 2486//1
f 2764//1 2765//1 2452//1
f 2304//1 1992//1 1991//1
f 2304//1 1991//1 2303//1
f 2558//1 2559//1 2246//1
f 2270//1 1957//1 2269//1
f 2390//1 2078//1 2077//1
f 2390//1 2077//1 2389//1
f 2346//1 2034//1 2033//1
f 2346//1 2347//1 2034//1
f 2796//1 2483//1 2795//1
f 2670//1 2358//1 2357//1
f 2754//1 2755//1 2442//1
f 2716//1 2404//1 2403//1
f 2255//1 1943//1 1942//1
f 2255//1 1942//1 2254//1
f 2234//1 2235//1 1922//1
f 2521//1 2208//1 2520//1
f 2395//1 2083//1 2082//1
f 2396//1 2083//1 2395//1
f 2489//1 2176//1 2488//1
f 2802//1 2490//1 2489//1
f 2262//1 1950//1 1949//1
f 2262//1 2263//1 1950//1
f 2776//1 2777//1 2464//1
f 2765//1 2453//1 2452//1
f 2458//1 2146//1 2145//1
f 2458//1 2459//1 2146//1
f 2365//1 2053//1 2052//1
f 2681//1 2369//1 2368//1
f 2290//1 1978//1 1977//1
f 2290//1 2291//1 1978//1
f 2224//1 1912//1 1911//1
f 2224//1 2225//1 1912//1
f 2491//1 2179//1 2178//1
f 2491//1 2178//1 2490//1
f 2187//1 1876//1 1874//1
f 2187//1 1874//1 2186//1
f 2656//1 2344//1 2343//1
f 2644//1 2645//1 2332//1
f 2379//1 2380//1 2067//1
f 2378//1 2066//1 2065//1
f 2362//1 2050//1 2049//1
f 2362//1 2363//1 2050//1
f 2405//1 2093//1 2092//1
f 2405//1 2092//1 2404//1
f 2313//1 2000//1 2312//1
f 3351//1 3039//1 3038//1
f 2478//1 2166//1 2165//1
f 2479//1 2166//1 2478//1
f 2295//1 1983//1 1982//1
f 2295//1 2296//1 1983//1
f 2226//1 1914//1 1913//1
f 2226//1 1913//1 2225//1
f 3112//1 2800//1 2799//1
f 2430//1 2431//1 2118//1
f 2552//1 2239//1 2551//1
f 2524//1 2212//1 2211//1
f 2199//1 1887//1 1886//1
f 2199//1 2200//1 1887//1
f 2310//1 1998//1 1997//1
f 2310//1 1997//1 2309//1
f 2266//1 1953//1 2265//1
f 2607//1 2294//1 2606//1
f 2603//1 2291//1 2290//1
f 2280//1 2281//1 1968//1
f 2311//1 1999//1 1998//1
f 2311//1 1998//1 2310//1
f 2675//1 2363//1 2362//1
f 2798//1 2485//1 2797//1
f 2242//1 1930//1 1929//1
f 2242//1 1929//1 2241//1
f 2690//1 2378//1 2377//1
f 2364//1 2051//1 2363//1
f 2606//1 2294//1 2293//1
f 2293//1 2294//1 1981//1
f 2368//1 2056//1 2055//1
f 2368//1 2055//1 2367//1
f 2407//1 2095//1 2094//1
f 3020//1 2708//1 2707//1
f 2415//1 2416//1 2103//1
f 2721//1 2409//1 2408//1
f 2489//1 2177//1 2176//1
f 2489//1 2490//1 2177//1
f 2313//1 2001//1 2000//1
f 2313//1 2314//1 2001//1
f 2573//1 2261//1 2260//1
f 2577//1 2265//1 2264//1
f 2455//1 2142//1 2454//1
f 2773//1 2461//1 2460//1
f 2375//1 2062//1 2374//1
f 2371//1 2059//1 2058//1
f 2511//1 2198//1 2510//1
f 2507//1 2195//1 2194//1
f 2473//1 2161//1 2160//1
f 2473//1 2160//1 2472//1
f 2209//1 1897//1 1896//1
f 2209//1 2210//1 1897//1
f 2323//1 2011//1 2010//1
f 2323//1 2010//1 2322//1
f 2402//1 2090//1 2089//1
f 2403//1 2090//1 2402//1
f 2614//1 2302//1 2301//1
f 2287//1 1974//1 2286//1
f 2420//1 2108//1 2107//1
f 2420//1 2421//1 2108//1
f 2284//1 1972//1 1971//1
f 2284//1 2285//1 1972//1
f 2215//1 1903//1 1902//1
f 2215//1 1902//1 2214//1
f 2195//1 1883//1 1882//1
f 2521//1 2522//1 2209//1
f 2487//1 2175//1 2174//1
f 2487//1 2488//1 2175//1
f 2321//1 2009//1 2008//1
f 2321//1 2008//1 2320//1
f 2265//1 1953//1 1952//1
f 2265//1 1952//1 2264//1
f 2753//1 2754//1 2441//1
f 2422//1 2109//1 2421//1
f 2251//1 1939//1 1938//1
f 2251//1 2252//1 1939//1
f 2788//1 2475//1 2787//1
f 2788//1 2476//1 2475//1
f 2951//1 2639//1 2638//1
f 2337//1 2025//1 2024//1
f 2415//1 2103//1 2102//1
f 2415//1 2102//1 2414//1
f 3749//1 3440//1 3753//1
f 2274//1 1961//1 2273//1
f 2196//1 1884//1 1883//1
f 2196//1 2197//1 1884//1
f 2661//1 2348//1 2660//1
f 2331//1 2019//1 2018//1
f 2605//1 2293//1 2292//1
f 2585//1 2586//1 2273//1
f 2218//1 1906//1 1905//1
f 3644//1 3332//1 3331//1
f 2211//1 1899//1 1898//1
f 2211//1 1898//1 2210//1
f 2484//1 2172//1 2171//1
f 2484//1 2485//1 2172//1
f 2780//1 2781//1 2468//1
f 2467//1 2468//1 2155//1
f 2406//1 2094//1 2093//1
f 2406//1 2093//1 2405//1
f 2729//1 2417//1 2416//1
f 3115//1 2803//1 2802//1
f 2400//1 2088//1 2087//1
f 2401//1 2088//1 2400//1
f 2383//1 2384//1 2071//1
f 2370//1 2371//1 2058//1
f 2816//1 2503//1 2808//1
f 2807//1 2495//1 2494//1
f 2381//1 2069//1 2068//1
f 2381//1 2068//1 2380//1
f 2399//1 2087//1 2086//1
f 2399//1 2400//1 2087//1
f 2391//1 2078//1 2390//1
f 2685//1 2686//1 2373//1
f 2249//1 1937//1 1936//1
f 2249//1 1936//1 2248//1
f 2411//1 2098//1 2410//1
f 2725//1 2412//1 2724//1
f 2217//1 1905//1 1904//1
f 2217//1 1904//1 2216//1
f 2627//1 2628//1 2315//1
f 2743//1 2430//1 2742//1
f 2330//1 2018//1 2017//1
f 2330//1 2017//1 2329//1
f 2424//1 2112//1 2111//1
f 2424//1 2425//1 2112//1
f 2224//1 1911//1 2223//1
f 2546//1 2234//1 2233//1
f 2294//1 1982//1 1981//1
f 2294//1 2295//1 1982//1
f 2332//1 2333//1 2020//1
f 2619//1 2307//1 2306//1
f 2276//1 1964//1 1963//1
f 2276//1 1963//1 2275//1
f 2409//1 2410//1 2097//1
f 2732//1 2419//1 2731//1
f 2326//1 2014//1 2013//1
f 2326//1 2327//1 2014//1
f 2673//1 2674//1 2361//1
f 2665//1 2352//1 2664//1
f 2703//1 2390//1 2702//1
f 2694//1 2382//1 2381//1
f 2287//1 1975//1 1974//1
f 2287//1 2288//1 1975//1
f 2467//1 2155//1 2154//1
f 2467//1 2154//1 2466//1
f 2343//1 2344//1 2031//1
f 3326//1 3014//1 3013//1
f 2317//1 2005//1 2004//1
f 2317//1 2318//1 2005//1
f 2350//1 2038//1 2037//1
f 2350//1 2037//1 2349//1
f 2533//1 2221//1 2220//1
f 2539//1 2226//1 2538//1
f 2427//1 2115//1 2114//1
f 2427//1 2428//1 2115//1
f 2422//1 2110//1 2109//1
f 2422//1 2423//1 2110//1
f 2959//1 2647//1 2646//1
f 2370//1 2057//1 2369//1
f 3247//1 2935//1 2934//1
f 2342//1 2029//1 2341//1
f 2229//1 1917//1 1916//1
f 2229//1 2230//1 1917//1
f 2401//1 2089//1 2088//1
f 2401//1 2402//1 2089//1
f 2207//1 1895//1 1894//1
f 2207//1 1894//1 2206//1
f 2789//1 2476//1 2788//1
f 3427//1 3428//1 3115//1
f 2988//1 2676//1 2675//1
f 2429//1 2116//1 2428//1
f 2719//1 2407//1 2406//1
f 2435//1 2436//1 2123//1
f 2493//1 2181//1 2180//1
f 2494//1 2181//1 2493//1
f 2683//1 2684//1 2371//1
f 2689//1 2377//1 2376//1
f 3046//1 2734//1 2733//1
f 2797//1 2485//1 2484//1
f 2832//1 2833//1 2520//1
f 2806//1 2494//1 2493//1
f 2616//1 2617//1 2304//1
f 3279//1 3280//1 2967//1
f 2841//1 2529//1 2528//1
f 3126//1 2813//1 3125//1
f 2437//1 2125//1 2124//1
f 2437//1 2124//1 2436//1
f 2749//1 2436//1 2748//1
f 2734//1 2422//1 2421//1
f 3367//1 3368//1 3055//1
f 2267//1 1955//1 1954//1
f 2359//1 2046//1 2358//1
f 2963//1 2964//1 2651//1
f 2300//1 1988//1 1987//1
f 2300//1 2301//1 1988//1
f 2748//1 2436//1 2435//1
f 2531//1 2218//1 2530//1
f 2266//1 2267//1 1954//1
f 2939//1 2627//1 2626//1
f 2293//1 1981//1 1980//1
f 2293//1 1980//1 2292//1
f 2547//1 2235//1 2234//1
f 2555//1 2243//1 2242//1
f 2771//1 2459//1 2458//1
f 2469//1 2156//1 2468//1
f 2185//1 1873//1 1875//1
f 2185//1 2186//1 1873//1
f 2607//1 2295//1 2294//1
f 2919//1 2606//1 2918//1
f 2369//1 2057//1 2056//1
f 2369//1 2056//1 2368//1
f 2361//1 2049//1 2048//1
f 2361//1 2362//1 2049//1
f 2220//1 2221//1 1908//1
f 2516//1 2204//1 2203//1
f 2336//1 2024//1 2023//1
f 2336//1 2337//1 2024//1
f 2233//1 1921//1 1920//1
f 2233//1 1920//1 2232//1
f 2193//1 1881//1 1880//1
f 2193//1 2194//1 1881//1
f 2373//1 2061//1 2060//1
f 2373//1 2060//1 2372//1
f 2610//1 2611//1 2298//1
f 2305//1 2306//1 1993//1
f 2394//1 2082//1 2081//1
f 2394//1 2395//1 2082//1
f 2189//1 1876//1 2187//1
f 2506//1 2507//1 2194//1
f 2334//1 2022//1 2021//1
f 2334//1 2021//1 2333//1
f 2356//1 2044//1 2043//1
f 2356//1 2043//1 2355//1
f 2483//1 2171//1 2170//1
f 2483//1 2170//1 2482//1
f 2539//1 2227//1 2226//1
f 2536//1 2224//1 2223//1
f 2457//1 2145//1 2144//1
f 2457//1 2144//1 2456//1
f 3312//1 2999//1 3311//1
f 2715//1 2403//1 2402//1
f 2762//1 2763//1 2450//1
f 2760//1 2447//1 2759//1
f 2438//1 2126//1 2125//1
f 2438//1 2125//1 2437//1
f 2188//1 1875//1 1877//1
f 2188//1 2185//1 1875//1
f 2411//1 2099//1 2098//1
f 2411//1 2412//1 2099//1
f 2316//1 2004//1 2003//1
f 2316//1 2317//1 2004//1
f 2486//1 2174//1 2173//1
f 2486//1 2173//1 2485//1
f 2388//1 2076//1 2075//1
f 2388//1 2389//1 2076//1
f 2417//1 2105//1 2104//1
f 2417//1 2418//1 2105//1
f 2308//1 1996//1 1995//1
f 2308//1 1995//1 2307//1
f 2271//1 1959//1 1958//1
f 2271//1 2272//1 1959//1
f 2391//1 2079//1 2078//1
f 2391//1 2392//1 2079//1
f 3001//1 2689//1 2688//1
f 2781//1 2469//1 2468//1
f 2479//1 2167//1 2166//1
f 2479//1 2480//1 2167//1
f 2220//1 1908//1 1907//1
f 2220//1 1907//1 2219//1
f 2710//1 2398//1 2397//1
f 2715//1 2716//1 2403//1
f 2238//1 1926//1 1925//1
f 2238//1 2239//1 1926//1
f 2282//1 1970//1 1969//1
f 2282//1 1969//1 2281//1
f 2793//1 2794//1 2481//1
f 2767//1 2768//1 2455//1
f 2268//1 1956//1 1955//1
f 2268//1 2269//1 1956//1
f 2775//1 2776//1 2463//1
f 2789//1 2477//1 2476//1
f 2342//1 2030//1 2029//1
f 2342//1 2343//1 2030//1
f 2189//1 1878//1 1876//1
f 2189//1 2191//1 1878//1
f 2408//1 2096//1 2095//1
f 2408//1 2095//1 2407//1
f 2274//1 1962//1 1961//1
f 2274//1 2275//1 1962//1
f 2676//1 2364//1 2363//1
f 2353//1 2354//1 2041//1
f 2450//1 2138//1 2137//1
f 2450//1 2451//1 2138//1
f 2612//1 2300//1 2299//1
f 2853//1 2541//1 2540//1
f 2650//1 2338//1 2337//1
f 2676//1 2363//1 2675//1
f 2213//1 1901//1 1900//1
f 2213//1 1900//1 2212//1
f 2463//1 2151//1 2150//1
f 2463//1 2464//1 2151//1
f 2514//1 2515//1 2202//1
f 2739//1 2427//1 2426//1
f 2261//1 1949//1 1948//1
f 2261//1 2262//1 1949//1
f 2315//1 2003//1 2002//1
f 2315//1 2002//1 2314//1
f 2359//1 2047//1 2046//1
f 2359//1 2360//1 2047//1
f 2324//1 2012//1 2011//1
f 2324//1 2011//1 2323//1
f 2560//1 2561//1 2248//1
f 3146//1 2834//1 2833//1
f 2728//1 2416//1 2415//1
f 2741//1 2429//1 2428//1
f 2243//1 1931//1 1930//1
f 2243//1 1930//1 2242//1
f 2434//1 2122//1 2121//1
f 2434//1 2121//1 2433//1
f 2203//1 1891//1 1890//1
f 2203//1 2204//1 1891//1
f 2492//1 2180//1 2179//1
f 2492//1 2493//1 2180//1
f 2805//1 2806//1 2493//1
f 2793//1 2481//1 2480//1
f 2385//1 2073//1 2072//1
f 2385//1 2386//1 2073//1
f 2609//1 2297//1 2296//1
f 2784//1 2471//1 2783//1
f 2382//1 2070//1 2069//1
f 2382//1 2069//1 2381//1
f 2236//1 1924//1 1923//1
f 2236//1 1923//1 2235//1
f 3105//1 2793//1 2792//1
f 2499//1 2187//1 2186//1
f 2253//1 1941//1 1940//1
f 2253//1 2254//1 1941//1
f 2256//1 1944//1 1943//1
f 2256//1 1943//1 2255//1
f 2469//1 2157//1 2156//1
f 2469//1 2470//1 2157//1
f 2366//1 2054//1 2053//1
f 2366//1 2053//1 2365//1
f 2375//1 2063//1 2062//1
f 2375//1 2376//1 2063//1
f 2353//1 2041//1 2040//1
f 2353//1 2040//1 2352//1
f 2633//1 2634//1 2321//1
f 2679//1 2367//1 2366//1
f 2379//1 2067//1 2066//1
f 2379//1 2066//1 2378//1
f 2996//1 2684//1 2683//1
f 2739//1 2740//1 2427//1
f 2453//1 2141//1 2140//1
f 2453//1 2454//1 2141//1
f 2393//1 2081//1 2080//1
f 2393//1 2080//1 2392//1
f 2398//1 2086//1 2085//1
f 2398//1 2399//1 2086//1
f 2580//1 2268//1 2267//1
f 2635//1 2322//1 2634//1
f 2443//1 2131//1 2130//1
f 2443//1 2444//1 2131//1
f 2198//1 1886//1 1885//1
f 2198//1 1885//1 2197//1
f 2591//1 2278//1 2590//1
f 2586//1 2274//1 2273//1
f 2570//1 2257//1 2569//1
f 2631//1 2319//1 2318//1
f 2633//1 2321//1 2320//1
f 2601//1 2288//1 2600//1
f 2774//1 2462//1 2461//1
f 2776//1 2464//1 2463//1
f 2682//1 2369//1 2681//1
f 3016//1 2704//1 2703//1
f 2657//1 2344//1 2656//1
f 2957//1 2644//1 2956//1
f 2547//1 2548//1 2235//1
f 2526//1 2213//1 2525//1
f 2627//1 2315//1 2314//1
f 3090//1 3091//1 2778//1
f 3068//1 2755//1 3067//1
f 2750//1 2751//1 2438//1
f 2538//1 2226//1 2225//1
f 2804//1 2492//1 2491//1
f 2955//1 2642//1 2954//1
f 2642//1 2330//1 2329//1
f 2736//1 2424//1 2423//1
f 2736//1 2423//1 2735//1
f 2848//1 2535//1 2847//1
f 2527//1 2528//1 2215//1
f 2534//1 2222//1 2221//1
f 2535//1 2222//1 2534//1
f 2800//1 2487//1 2799//1
f 2528//1 2216//1 2215//1
f 2931//1 2619//1 2618//1
f 2599//1 2600//1 2287//1
f 2520//1 2208//1 2207//1
f 2829//1 2830//1 2517//1
f 2564//1 2251//1 2563//1
f 2845//1 2533//1 2532//1
f 2801//1 2802//1 2489//1
f 2800//1 2488//1 2487//1
f 2629//1 2316//1 2628//1
f 2625//1 2313//1 2312//1
f 2704//1 2392//1 2391//1
f 2703//1 2704//1 2391//1
f 2621//1 2622//1 2309//1
f 2906//1 2593//1 2905//1
f 2527//1 2215//1 2214//1
f 2852//1 2540//1 2539//1
f 2754//1 2442//1 2441//1
f 3064//1 2752//1 2751//1
f 2606//1 2293//1 2605//1
f 3174//1 2861//1 3173//1
f 2779//1 2467//1 2466//1
f 2779//1 2466//1 2778//1
f 2535//1 2223//1 2222//1
f 2536//1 2223//1 2535//1
f 2756//1 2444//1 2443//1
f 3070//1 2757//1 3069//1
f 2780//1 2468//1 2467//1
f 2780//1 2467//1 2779//1
f 3120//1 2808//1 2807//1
f 2500//1 2187//1 2499//1
f 2588//1 2276//1 2275//1
f 2787//1 2475//1 2474//1
f 2751//1 2439//1 2438//1
f 2751//1 2752//1 2439//1
f 2782//1 2470//1 2469//1
f 2782//1 2469//1 2781//1
f 2731//1 2419//1 2418//1
f 2995//1 2683//1 2682//1
f 3004//1 2692//1 2691//1
f 2697//1 2698//1 2385//1
f 2508//1 2195//1 2507//1
f 2519//1 2520//1 2207//1
f 2608//1 2296//1 2295//1
f 2608//1 2609//1 2296//1
f 2629//1 2317//1 2316//1
f 2629//1 2630//1 2317//1
f 2701//1 2389//1 2388//1
f 2701//1 2702//1 2389//1
f 2871//1 2558//1 2870//1
f 2593//1 2594//1 2281//1
f 2617//1 2305//1 2304//1
f 2618//1 2305//1 2617//1
f 2763//1 2451//1 2450//1
f 2769//1 2456//1 2768//1
f 2759//1 2447//1 2446//1
f 3366//1 3367//1 3054//1
f 2525//1 2212//1 2524//1
f 2522//1 2210//1 2209//1
f 2749//1 2437//1 2436//1
f 2750//1 2437//1 2749//1
f 3579//1 3580//1 3267//1
f 3272//1 2960//1 2959//1
f 2643//1 2330//1 2642//1
f 2514//1 2202//1 2201//1
f 2747//1 2435//1 2434//1
f 2747//1 2748//1 2435//1
f 2556//1 2244//1 2243//1
f 2556//1 2243//1 2555//1
f 2974//1 2661//1 2973//1
f 2660//1 2348//1 2347//1
f 2624//1 2625//1 2312//1
f 2604//1 2291//1 2603//1
f 2509//1 2196//1 2508//1
f 2512//1 2199//1 2511//1
f 2654//1 2341//1 2653//1
f 2967//1 2655//1 2654//1
f 2575//1 2576//1 2263//1
f 2577//1 2264//1 2576//1
f 2774//1 2461//1 2773//1
f 2786//1 2473//1 2785//1
f 2579//1 2267//1 2266//1
f 2574//1 2261//1 2573//1
f 2607//1 2608//1 2295//1
f 2925//1 2613//1 2612//1
f 3082//1 2770//1 2769//1
f 3114//1 2802//1 2801//1
f 2710//1 2711//1 2398//1
f 2938//1 2626//1 2625//1
f 3097//1 2784//1 3096//1
f 3055//1 2743//1 2742//1
f 2519//1 2207//1 2206//1
f 2519//1 2206//1 2518//1
f 3009//1 2696//1 3008//1
f 3022//1 2710//1 2709//1
f 2893//1 2581//1 2580//1
f 2578//1 2266//1 2265//1
f 2672//1 2360//1 2359//1
f 2672//1 2359//1 2671//1
f 2882//1 2570//1 2569//1
f 2571//1 2259//1 2258//1
f 2655//1 2343//1 2342//1
f 2655//1 2656//1 2343//1
f 2626//1 2313//1 2625//1
f 2627//1 2314//1 2626//1
f 2574//1 2262//1 2261//1
f 2574//1 2575//1 2262//1
f 2746//1 2747//1 2434//1
f 2746//1 2433//1 2745//1
f 2762//1 2450//1 2449//1
f 2762//1 2449//1 2761//1
f 2726//1 2413//1 2725//1
f 2727//1 2728//1 2415//1
f 3081//1 2769//1 2768//1
f 2818//1 2505//1 2817//1
f 2706//1 2394//1 2393//1
f 2707//1 2394//1 2706//1
f 2601//1 2289//1 2288//1
f 2601//1 2602//1 2289//1
f 2772//1 2459//1 2771//1
f 3069//1 2756//1 3068//1
f 3333//1 3021//1 3020//1
f 2985//1 2673//1 2672//1
f 2681//1 2368//1 2680//1
f 2677//1 2678//1 2365//1
f 2503//1 2190//1 2496//1
f 2501//1 2190//1 2503//1
f 3844//1 3531//1 3843//1
f 2863//1 2550//1 2862//1
f 2579//1 2580//1 2267//1
f 2554//1 2555//1 2242//1
f 2670//1 2357//1 2669//1
f 2957//1 2645//1 2644//1
f 2557//1 2245//1 2244//1
f 2557//1 2244//1 2556//1
f 3042//1 2730//1 2729//1
f 2954//1 2641//1 2953//1
f 2699//1 2700//1 2387//1
f 3012//1 3013//1 2700//1
f 2509//1 2197//1 2196//1
f 2509//1 2510//1 2197//1
f 2954//1 2642//1 2641//1
f 3017//1 2705//1 2704//1
f 2722//1 2409//1 2721//1
f 3045//1 2732//1 3044//1
f 2812//1 2499//1 2811//1
f 2500//1 2189//1 2187//1
f 2772//1 2460//1 2459//1
f 2772//1 2773//1 2460//1
f 2523//1 2211//1 2210//1
f 2523//1 2524//1 2211//1
f 2588//1 2275//1 2587//1
f 2588//1 2589//1 2276//1
f 2658//1 2346//1 2345//1
f 2658//1 2345//1 2657//1
f 3358//1 3045//1 3357//1
f 2821//1 2508//1 2820//1
f 2670//1 2671//1 2358//1
f 2683//1 2371//1 2370//1
f 2659//1 2347//1 2346//1
f 2659//1 2346//1 2658//1
f 3691//1 3378//1 3690//1
f 2896//1 2584//1 2583//1
f 3354//1 3042//1 3041//1
f 2767//1 2454//1 2766//1
f 2705//1 2393//1 2392//1
f 2705//1 2392//1 2704//1
f 2757//1 2445//1 2444//1
f 2757//1 2758//1 2445//1
f 2994//1 2682//1 2681//1
f 3060//1 3061//1 2748//1
f 2674//1 2362//1 2361//1
f 2674//1 2675//1 2362//1
f 2713//1 2400//1 2712//1
f 2714//1 2402//1 2401//1
f 2717//1 2404//1 2716//1
f 3032//1 2720//1 2719//1
f 2651//1 2339//1 2338//1
f 2651//1 2652//1 2339//1
f 2515//1 2203//1 2202//1
f 2837//1 2524//1 2836//1
f 2730//1 2417//1 2729//1
f 3060//1 2747//1 3059//1
f 2680//1 2368//1 2367//1
f 2680//1 2367//1 2679//1
f 3041//1 2729//1 2728//1
f 2964//1 2652//1 2651//1
f 2798//1 2486//1 2485//1
f 2798//1 2799//1 2486//1
f 2648//1 2336//1 2335//1
f 2649//1 2650//1 2337//1
f 2532//1 2220//1 2219//1
f 2533//1 2220//1 2532//1
f 2847//1 2535//1 2534//1
f 3401//1 3402//1 3089//1
f 2595//1 2283//1 2282//1
f 2595//1 2282//1 2594//1
f 3232//1 3233//1 2920//1
f 2884//1 2572//1 2571//1
f 2641//1 2329//1 2328//1
f 2641//1 2642//1 2329//1
f 2640//1 2328//1 2327//1
f 2640//1 2641//1 2328//1
f 3107//1 3108//1 2795//1
f 2903//1 2591//1 2590//1
f 2531//1 2532//1 2219//1
f 2529//1 2216//1 2528//1
f 2770//1 2458//1 2457//1
f 2770//1 2771//1 2458//1
f 2565//1 2566//1 2253//1
f 2564//1 2565//1 2252//1
f 2611//1 2299//1 2298//1
f 2611//1 2612//1 2299//1
f 2983//1 2671//1 2670//1
f 2723//1 2724//1 2411//1
f 2712//1 2400//1 2399//1
f 2712//1 2399//1 2711//1
f 2870//1 2558//1 2557//1
f 2553//1 2241//1 2240//1
f 2546//1 2233//1 2545//1
f 2540//1 2541//1 2228//1
f 2501//1 2188//1 2190//1
f 2501//1 2497//1 2188//1
f 2668//1 2356//1 2355//1
f 2668//1 2669//1 2356//1
f 2632//1 2320//1 2319//1
f 2909//1 2596//1 2908//1
f 2943//1 2944//1 2631//1
f 3332//1 3020//1 3019//1
f 2541//1 2229//1 2228//1
f 2541//1 2542//1 2229//1
f 2770//1 2457//1 2769//1
f 3087//1 2775//1 2774//1
f 2659//1 2660//1 2347//1
f 2968//1 2656//1 2655//1
f 2561//1 2249//1 2248//1
f 2561//1 2562//1 2249//1
f 3197//1 2885//1 2884//1
f 2827//1 2828//1 2515//1
f 3014//1 2702//1 2701//1
f 3354//1 3041//1 3353//1
f 2903//1 2590//1 2902//1
f 2599//1 2287//1 2286//1
f 2589//1 2277//1 2276//1
f 2589//1 2590//1 2277//1
f 2581//1 2269//1 2268//1
f 2581//1 2268//1 2580//1
f 3667//1 3668//1 3355//1
f 3330//1 3018//1 3017//1
f 3671//1 3672//1 3359//1
f 2722//1 2723//1 2410//1
f 2667//1 2355//1 2354//1
f 2667//1 2668//1 2355//1
f 2583//1 2271//1 2270//1
f 2894//1 2895//1 2582//1
f 2811//1 2499//1 2498//1
f 3282//1 3283//1 2970//1
f 2956//1 2644//1 2643//1
f 3214//1 2902//1 2901//1
f 2610//1 2298//1 2297//1
f 2610//1 2297//1 2609//1
f 2990//1 2678//1 2677//1
f 2727//1 2415//1 2414//1
f 3243//1 2931//1 2930//1
f 2942//1 2629//1 2941//1
f 3029//1 3030//1 2717//1
f 3379//1 3067//1 3066//1
f 2757//1 2444//1 2756//1
f 3415//1 3103//1 3102//1
f 3055//1 2742//1 3054//1
f 3067//1 2755//1 2754//1
f 2697//1 2385//1 2384//1
f 2697//1 2384//1 2696//1
f 2666//1 2354//1 2353//1
f 2666//1 2667//1 2354//1
f 2568//1 2569//1 2256//1
f 2572//1 2573//1 2260//1
f 2637//1 2325//1 2324//1
f 2637//1 2638//1 2325//1
f 2713//1 2401//1 2400//1
f 2713//1 2714//1 2401//1
f 2678//1 2366//1 2365//1
f 2678//1 2679//1 2366//1
f 3082//1 2769//1 3081//1
f 3053//1 2741//1 2740//1
f 2529//1 2217//1 2216//1
f 2529//1 2530//1 2217//1
f 2663//1 2351//1 2350//1
f 2972//1 2973//1 2660//1
f 2709//1 2397//1 2396//1
f 3001//1 3002//1 2689//1
f 2783//1 2471//1 2470//1
f 2783//1 2470//1 2782//1
f 2543//1 2231//1 2230//1
f 2543//1 2230//1 2542//1
f 2498//1 2186//1 2185//1
f 2498//1 2499//1 2186//1
f 2504//1 2505//1 2192//1
f 2853//1 2540//1 2852//1
f 2636//1 2324//1 2323//1
f 2636//1 2637//1 2324//1
f 2807//1 2494//1 2806//1
f 3088//1 3089//1 2776//1
f 2537//1 2225//1 2224//1
f 2537//1 2538//1 2225//1
f 2794//1 2482//1 2481//1
f 2794//1 2795//1 2482//1
f 2899//1 2587//1 2586//1
f 2631//1 2632//1 2319//1
f 3169//1 2856//1 3168//1
f 2848//1 2536//1 2535//1
f 2563//1 2251//1 2250//1
f 2563//1 2250//1 2562//1
f 3049//1 2737//1 2736//1
f 3098//1 2786//1 2785//1
f 2764//1 2452//1 2451//1
f 2764//1 2451//1 2763//1
f 2879//1 2567//1 2566//1
f 2885//1 2572//1 2884//1
f 3152//1 2840//1 2839//1
f 2904//1 2905//1 2592//1
f 2876//1 2563//1 2875//1
f 2873//1 2560//1 2872//1
f 2777//1 2465//1 2464//1
f 2777//1 2778//1 2465//1
f 2688//1 2376//1 2375//1
f 2688//1 2375//1 2687//1
f 2737//1 2425//1 2424//1
f 2737//1 2424//1 2736//1
f 3113//1 2801//1 2800//1
f 3413//1 3414//1 3101//1
f 2560//1 2247//1 2559//1
f 2878//1 2879//1 2566//1
f 2784//1 2472//1 2471//1
f 2784//1 2785//1 2472//1
f 2928//1 2616//1 2615//1
f 2616//1 2303//1 2615//1
f 2584//1 2272//1 2271//1
f 2584//1 2271//1 2583//1
f 2689//1 2690//1 2377//1
f 2991//1 2992//1 2679//1
f 2602//1 2290//1 2289//1
f 2602//1 2603//1 2290//1
f 2598//1 2599//1 2286//1
f 3027//1 2715//1 2714//1
f 2730//1 2418//1 2417//1
f 2730//1 2731//1 2418//1
f 2631//1 2318//1 2630//1
f 3073//1 2761//1 2760//1
f 2639//1 2327//1 2326//1
f 2639//1 2640//1 2327//1
f 2582//1 2270//1 2269//1
f 2582//1 2269//1 2581//1
f 3110//1 2797//1 3109//1
f 3313//1 3000//1 3312//1
f 2898//1 2899//1 2586//1
f 2919//1 2607//1 2606//1
f 2745//1 2433//1 2432//1
f 2745//1 2432//1 2744//1
f 3009//1 2697//1 2696//1
f 2998//1 2999//1 2686//1
f 2540//1 2228//1 2227//1
f 2846//1 2534//1 2533//1
f 2805//1 2493//1 2492//1
f 2805//1 2492//1 2804//1
f 2517//1 2205//1 2204//1
f 2517//1 2204//1 2516//1
f 2720//1 2408//1 2407//1
f 2720//1 2721//1 2408//1
f 3583//1 3271//1 3270//1
f 2854//1 2542//1 2541//1
f 3224//1 2912//1 2911//1
f 2930//1 2618//1 2617//1
f 2740//1 2428//1 2427//1
f 2740//1 2741//1 2428//1
f 2792//1 2793//1 2480//1
f 3122//1 2809//1 3121//1
f 2618//1 2619//1 2306//1
f 2618//1 2306//1 2305//1
f 2738//1 2426//1 2425//1
f 2738//1 2425//1 2737//1
f 3346//1 3034//1 3033//1
f 2984//1 2672//1 2671//1
f 2897//1 2585//1 2584//1
f 2994//1 2995//1 2682//1
f 2549//1 2237//1 2236//1
f 2549//1 2236//1 2548//1
f 2790//1 2478//1 2477//1
f 2790//1 2791//1 2478//1
f 2842//1 2843//1 2530//1
f 2834//1 2835//1 2522//1
f 2691//1 2379//1 2378//1
f 2691//1 2378//1 2690//1
f 3379//1 3066//1 3378//1
f 3179//1 2867//1 2866//1
f 2944//1 2632//1 2631//1
f 2620//1 2307//1 2619//1
f 2896//1 2897//1 2584//1
f 2540//1 2227//1 2539//1
f 2645//1 2333//1 2332//1
f 2645//1 2646//1 2333//1
f 2591//1 2279//1 2278//1
f 2591//1 2592//1 2279//1
f 3051//1 2739//1 2738//1
f 3048//1 2736//1 2735//1
f 2803//1 2491//1 2490//1
f 2803//1 2490//1 2802//1
f 3058//1 2745//1 3057//1
f 2585//1 2273//1 2272//1
f 2838//1 2526//1 2525//1
f 2860//1 2548//1 2547//1
f 2653//1 2341//1 2340//1
f 2653//1 2340//1 2652//1
f 2886//1 2574//1 2573//1
f 2840//1 2527//1 2839//1
f 3107//1 2795//1 2794//1
f 2789//1 2790//1 2477//1
f 2502//1 2191//1 2189//1
f 2502//1 2189//1 2500//1
f 2958//1 2646//1 2645//1
f 2650//1 2651//1 2338//1
f 2504//1 2192//1 2191//1
f 2504//1 2191//1 2502//1
f 2753//1 2441//1 2440//1
f 2753//1 2440//1 2752//1
f 2801//1 2489//1 2488//1
f 2801//1 2488//1 2800//1
f 2512//1 2200//1 2199//1
f 2512//1 2513//1 2200//1
f 3085//1 2773//1 2772//1
f 2809//1 2498//1 2497//1
f 2889//1 2576//1 2888//1
f 3180//1 2868//1 2867//1
f 2685//1 2373//1 2372//1
f 2685//1 2372//1 2684//1
f 2692//1 2380//1 2379//1
f 2692//1 2379//1 2691//1
f 2915//1 2602//1 2914//1
f 3199//1 2887//1 2886//1
f 2523//1 2210//1 2522//1
f 2832//1 2520//1 2519//1
f 2717//1 2405//1 2404//1
f 2717//1 2718//1 2405//1
f 2665//1 2353//1 2352//1
f 2665//1 2666//1 2353//1
f 2912//1 2913//1 2600//1
f 2920//1 2608//1 2607//1
f 2981//1 2982//1 2669//1
f 2993//1 2681//1 2680//1
f 2654//1 2342//1 2341//1
f 2654//1 2655//1 2342//1
f 2869//1 2870//1 2557//1
f 2867//1 2868//1 2555//1
f 3089//1 2777//1 2776//1
f 3318//1 3319//1 3006//1
f 2700//1 2388//1 2387//1
f 2700//1 2701//1 2388//1
f 3011//1 2699//1 2698//1
f 3035//1 2723//1 2722//1
f 2526//1 2214//1 2213//1
f 2526//1 2527//1 2214//1
f 3765//1 3453//1 3452//1
f 3116//1 3117//1 2804//1
f 2593//1 2281//1 2280//1
f 2593//1 2280//1 2592//1
f 2613//1 2301//1 2300//1
f 2613//1 2614//1 2301//1
f 3403//1 3091//1 3090//1
f 3075//1 2763//1 2762//1
f 2743//1 2431//1 2430//1
f 2743//1 2744//1 2431//1
f 3054//1 2742//1 2741//1
f 3059//1 2747//1 2746//1
f 3041//1 2728//1 3040//1
f 2722//1 2410//1 2409//1
f 2647//1 2335//1 2334//1
f 2647//1 2334//1 2646//1
f 2792//1 2480//1 2479//1
f 2792//1 2479//1 2791//1
f 3193//1 2881//1 2880//1
f 3033//1 2720//1 3032//1
f 3073//1 2760//1 3072//1
f 2980//1 2667//1 2979//1
f 2673//1 2361//1 2360//1
f 2673//1 2360//1 2672//1
f 2913//1 2601//1 2600//1
f 3217//1 2905//1 2904//1
f 2620//1 2308//1 2307//1
f 2620//1 2621//1 2308//1
f 2558//1 2246//1 2245//1
f 2558//1 2245//1 2557//1
f 3048//1 2735//1 3047//1
f 3074//1 3075//1 2762//1
f 2817//1 2505//1 2504//1
f 3406//1 3094//1 3093//1
f 2506//1 2194//1 2193//1
f 2506//1 2193//1 2505//1
f 2733//1 2421//1 2420//1
f 2733//1 2734//1 2421//1
f 2786//1 2474//1 2473//1
f 2786//1 2787//1 2474//1
f 2699//1 2387//1 2386//1
f 2699//1 2386//1 2698//1
f 2766//1 2454//1 2453//1
f 2766//1 2453//1 2765//1
f 3428//1 3116//1 3115//1
f 3398//1 3086//1 3085//1
f 2554//1 2242//1 2241//1
f 2554//1 2241//1 2553//1
f 2866//1 2553//1 2865//1
f 3327//1 3328//1 3015//1
f 3036//1 2724//1 2723//1
f 3028//1 2715//1 3027//1
f 3104//1 2791//1 3103//1
f 2514//1 2201//1 2513//1
f 2912//1 2599//1 2911//1
f 2912//1 2600//1 2599//1
f 2945//1 2946//1 2633//1
f 3033//1 2721//1 2720//1
f 2635//1 2323//1 2322//1
f 2635//1 2636//1 2323//1
f 2570//1 2258//1 2257//1
f 2570//1 2571//1 2258//1
f 2878//1 2566//1 2565//1
f 3190//1 3191//1 2878//1
f 3073//1 3074//1 2761//1
f 4265//1 4045//1 4044//1
f 2953//1 2641//1 2640//1
f 2941//1 2629//1 2628//1
f 2649//1 2337//1 2336//1
f 2649//1 2336//1 2648//1
f 2808//1 2496//1 2495//1
f 2808//1 2503//1 2496//1
f 3035//1 3036//1 2723//1
f 3029//1 2717//1 2716//1
f 2544//1 2232//1 2231//1
f 2544//1 2545//1 2232//1
f 3239//1 2927//1 2926//1
f 3334//1 3335//1 3022//1
f 2597//1 2285//1 2284//1
f 2597//1 2284//1 2596//1
f 2821//1 2822//1 2509//1
f 2835//1 2523//1 2522//1
f 3408//1 3096//1 3095//1
f 2884//1 2571//1 2883//1
f 3138//1 2825//1 3137//1
f 3432//1 3119//1 3431//1
f 2552//1 2240//1 2239//1
f 2552//1 2553//1 2240//1
f 3274//1 2962//1 2961//1
f 2984//1 2671//1 2983//1
f 3525//1 3213//1 3212//1
f 2811//1 2498//1 2809//1
f 3083//1 2770//1 3082//1
f 3324//1 3012//1 3011//1
f 2922//1 2610//1 2609//1
f 3267//1 2954//1 3266//1
f 2708//1 2396//1 2395//1
f 2708//1 2709//1 2396//1
f 2760//1 2448//1 2447//1
f 2760//1 2761//1 2448//1
f 3152//1 3153//1 2840//1
f 3170//1 2858//1 2857//1
f 2623//1 2311//1 2310//1
f 2623//1 2310//1 2622//1
f 2732//1 2420//1 2419//1
f 2732//1 2733//1 2420//1
f 2693//1 2381//1 2380//1
f 2693//1 2694//1 2381//1
f 2550//1 2238//1 2237//1
f 2550//1 2551//1 2238//1
f 2682//1 2370//1 2369//1
f 2682//1 2683//1 2370//1
f 2950//1 2638//1 2637//1
f 2902//1 2590//1 2589//1
f 3250//1 2937//1 3249//1
f 2911//1 2598//1 2910//1
f 3228//1 2916//1 2915//1
f 2904//1 2592//1 2591//1
f 2567//1 2255//1 2254//1
f 2567//1 2254//1 2566//1
f 2775//1 2463//1 2462//1
f 2775//1 2462//1 2774//1
f 3062//1 2750//1 2749//1
f 3071//1 2759//1 2758//1
f 2695//1 2383//1 2382//1
f 2695//1 2696//1 2383//1
f 2643//1 2331//1 2330//1
f 2643//1 2644//1 2331//1
f 2604//1 2292//1 2291//1
f 2604//1 2605//1 2292//1
f 2726//1 2414//1 2413//1
f 2726//1 2727//1 2414//1
f 3182//1 2869//1 3181//1
f 2962//1 2650//1 2649//1
f 3094//1 2782//1 2781//1
f 3177//1 2864//1 3176//1
f 4030//1 3717//1 4029//1
f 3037//1 3038//1 2725//1
f 3294//1 3295//1 2982//1
f 2916//1 2604//1 2603//1
f 3718//1 3719//1 3406//1
f 3102//1 3103//1 2790//1
f 2924//1 2925//1 2612//1
f 3114//1 2801//1 3113//1
f 2810//1 2501//1 2814//1
f 2813//1 2502//1 2500//1
f 2861//1 2862//1 2549//1
f 3079//1 2767//1 2766//1
f 2995//1 2996//1 2683//1
f 2982//1 2670//1 2669//1
f 2926//1 2927//1 2614//1
f 2930//1 2931//1 2618//1
f 2919//1 2920//1 2607//1
f 2918//1 2606//1 2605//1
f 3434//1 3122//1 3121//1
f 3542//1 3230//1 3229//1
f 3093//1 2781//1 2780//1
f 3414//1 3102//1 3101//1
f 3113//1 2800//1 3112//1
f 2869//1 2557//1 2556//1
f 2827//1 2515//1 2514//1
f 3740//1 3427//1 3739//1
f 3103//1 2791//1 2790//1
f 3415//1 3102//1 3414//1
f 3078//1 2765//1 3077//1
f 3092//1 2779//1 3091//1
f 3417//1 3105//1 3104//1
f 3026//1 2713//1 3025//1
f 3357//1 3045//1 3044//1
f 3041//1 3042//1 2729//1
f 3424//1 3112//1 3111//1
f 3448//1 3135//1 3447//1
f 3114//1 3115//1 2802//1
f 2929//1 2616//1 2928//1
f 2847//1 2534//1 2846//1
f 2812//1 2500//1 2499//1
f 3187//1 2875//1 2874//1
f 2874//1 2562//1 2561//1
f 3369//1 3370//1 3057//1
f 3363//1 3051//1 3050//1
f 2977//1 2665//1 2664//1
f 2964//1 2965//1 2652//1
f 3057//1 2745//1 2744//1
f 3371//1 3059//1 3058//1
f 2923//1 2611//1 2610//1
f 2923//1 2610//1 2922//1
f 2929//1 2617//1 2616//1
f 2929//1 2930//1 2617//1
f 2910//1 2598//1 2597//1
f 2917//1 2604//1 2916//1
f 2814//1 2501//1 2503//1
f 3431//1 3119//1 3118//1
f 3372//1 3060//1 3059//1
f 3061//1 2749//1 2748//1
f 2834//1 2522//1 2521//1
f 2826//1 2827//1 2514//1
f 3111//1 2799//1 2798//1
f 3111//1 3112//1 2799//1
f 3028//1 2716//1 2715//1
f 3296//1 2984//1 2983//1
f 3984//1 3672//1 3671//1
f 2981//1 2669//1 2668//1
f 2891//1 2579//1 2578//1
f 2892//1 2579//1 2891//1
f 3352//1 3039//1 3351//1
f 3040//1 2728//1 2727//1
f 3002//1 2690//1 2689//1
f 3002//1 3003//1 2690//1
f 3048//1 3049//1 2736//1
f 3016//1 3017//1 2704//1
f 2815//1 2504//1 2502//1
f 2815//1 2817//1 2504//1
f 2820//1 2508//1 2507//1
f 2821//1 2509//1 2508//1
f 2976//1 2664//1 2663//1
f 2976//1 2977//1 2664//1
f 2813//1 2500//1 2812//1
f 3163//1 2850//1 3162//1
f 2892//1 2893//1 2580//1
f 3220//1 2908//1 2907//1
f 2968//1 2969//1 2656//1
f 3016//1 2703//1 3015//1
f 3005//1 2692//1 3004//1
f 3004//1 2691//1 3003//1
f 3338//1 3026//1 3025//1
f 3338//1 3025//1 3337//1
f 3144//1 2832//1 2831//1
f 2831//1 2518//1 2830//1
f 3174//1 3175//1 2862//1
f 3276//1 2963//1 3275//1
f 3282//1 2970//1 2969//1
f 2975//1 2663//1 2662//1
f 3571//1 3259//1 3258//1
f 3254//1 2942//1 2941//1
f 2901//1 2589//1 2588//1
f 2901//1 2902//1 2589//1
f 2830//1 2518//1 2517//1
f 3141//1 2829//1 2828//1
f 3010//1 2698//1 2697//1
f 3010//1 2697//1 3009//1
f 3236//1 2924//1 2923//1
f 2921//1 2922//1 2609//1
f 2978//1 2666//1 2665//1
f 2978//1 2665//1 2977//1
f 3007//1 2695//1 2694//1
f 3007//1 3008//1 2695//1
f 3298//1 2986//1 2985//1
f 2988//1 2675//1 2987//1
f 2945//1 2633//1 2632//1
f 3856//1 3857//1 3544//1
f 4073//1 3767//1 3766//1
f 3498//1 3186//1 3185//1
f 3665//1 3353//1 3352//1
f 3053//1 2740//1 3052//1
f 3065//1 2752//1 3064//1
f 3366//1 3054//1 3053//1
f 2868//1 2556//1 2555//1
f 2868//1 2869//1 2556//1
f 2932//1 2620//1 2619//1
f 2932//1 2619//1 2931//1
f 3256//1 2944//1 2943//1
f 3412//1 3100//1 3099//1
f 3086//1 2774//1 2773//1
f 3086//1 3087//1 2774//1
f 3050//1 3051//1 2738//1
f 3053//1 3054//1 2741//1
f 2969//1 2657//1 2656//1
f 2970//1 2657//1 2969//1
f 3926//1 3613//1 3925//1
f 3257//1 2945//1 2944//1
f 3063//1 3064//1 2751//1
f 3385//1 3386//1 3073//1
f 2813//1 2815//1 2502//1
f 2854//1 2855//1 2542//1
f 3517//1 3205//1 3204//1
f 3463//1 3151//1 3150//1
f 3043//1 2731//1 2730//1
f 3043//1 2730//1 3042//1
f 3093//1 3094//1 2781//1
f 3156//1 2844//1 2843//1
f 3050//1 2738//1 2737//1
f 3050//1 2737//1 3049//1
f 3080//1 3081//1 2768//1
f 3086//1 2773//1 3085//1
f 2839//1 2527//1 2526//1
f 2838//1 2839//1 2526//1
f 3023//1 2711//1 2710//1
f 3023//1 2710//1 3022//1
f 2906//1 2594//1 2593//1
f 3231//1 2919//1 2918//1
f 3614//1 3615//1 3302//1
f 2994//1 2681//1 2993//1
f 3069//1 2757//1 2756//1
f 3068//1 2756//1 2755//1
f 2933//1 2621//1 2620//1
f 2933//1 2620//1 2932//1
f 4110//1 3822//1 3821//1
f 2900//1 2901//1 2588//1
f 2917//1 2605//1 2604//1
f 3218//1 2906//1 2905//1
f 2816//1 2814//1 2503//1
f 3120//1 2816//1 2808//1
f 3034//1 2722//1 2721//1
f 3034//1 3035//1 2722//1
f 2966//1 2654//1 2653//1
f 2966//1 2967//1 2654//1
f 2965//1 2653//1 2652//1
f 2965//1 2966//1 2653//1
f 3432//1 3120//1 3119//1
f 2849//1 2536//1 2848//1
f 2961//1 2649//1 2648//1
f 2962//1 2649//1 2961//1
f 2997//1 2685//1 2684//1
f 2997//1 2684//1 2996//1
f 3840//1 3841//1 3528//1
f 3195//1 2883//1 2882//1
f 3018//1 2705//1 3017//1
f 3345//1 3032//1 3344//1
f 2866//1 2554//1 2553//1
f 2867//1 2555//1 2554//1
f 3125//1 2813//1 2812//1
f 3399//1 3086//1 3398//1
f 3206//1 2894//1 2893//1
f 3208//1 2896//1 2895//1
f 3092//1 2780//1 2779//1
f 3093//1 2780//1 3092//1
f 3030//1 2718//1 2717//1
f 3031//1 2718//1 3030//1
f 3642//1 3330//1 3329//1
f 3021//1 3022//1 2709//1
f 3822//1 3510//1 3509//1
f 3340//1 3028//1 3027//1
f 3241//1 2929//1 2928//1
f 3519//1 3206//1 3518//1
f 3407//1 3408//1 3095//1
f 3074//1 2762//1 2761//1
f 2949//1 2637//1 2636//1
f 2949//1 2950//1 2637//1
f 2890//1 2578//1 2577//1
f 2890//1 2891//1 2578//1
f 3391//1 3078//1 3390//1
f 3271//1 3272//1 2959//1
f 2851//1 2539//1 2538//1
f 2851//1 2852//1 2539//1
f 3133//1 2821//1 2820//1
f 3153//1 2841//1 2840//1
f 2942//1 2630//1 2629//1
f 2942//1 2943//1 2630//1
f 3303//1 3304//1 2991//1
f 3277//1 2965//1 2964//1
f 2986//1 2674//1 2673//1
f 2986//1 2673//1 2985//1
f 2992//1 2680//1 2679//1
f 2992//1 2993//1 2680//1
f 3530//1 3218//1 3217//1
f 2880//1 2568//1 2567//1
f 2948//1 2636//1 2635//1
f 2948//1 2949//1 2636//1
f 2843//1 2531//1 2530//1
f 3124//1 2812//1 2811//1
f 2973//1 2661//1 2660//1
f 3286//1 2974//1 2973//1
f 3402//1 3090//1 3089//1
f 3159//1 2847//1 2846//1
f 2833//1 2521//1 2520//1
f 2833//1 2834//1 2521//1
f 2934//1 2622//1 2621//1
f 2934//1 2621//1 2933//1
f 3393//1 3080//1 3392//1
f 3372//1 3373//1 3060//1
f 2872//1 2560//1 2559//1
f 3179//1 2866//1 3178//1
f 3418//1 3105//1 3417//1
f 2826//1 2513//1 2825//1
f 2951//1 2638//1 2950//1
f 3266//1 2954//1 2953//1
f 2819//1 2507//1 2506//1
f 2819//1 2820//1 2507//1
f 2873//1 2561//1 2560//1
f 2873//1 2874//1 2561//1
f 2959//1 2646//1 2958//1
f 3301//1 2989//1 2988//1
f 2908//1 2596//1 2595//1
f 3226//1 2914//1 2913//1
f 2888//1 2576//1 2575//1
f 3200//1 2888//1 2887//1
f 3031//1 2719//1 2718//1
f 3031//1 3032//1 2719//1
f 2825//1 2513//1 2512//1
f 2826//1 2514//1 2513//1
f 3072//1 2760//1 2759//1
f 3072//1 2759//1 3071//1
f 3169//1 2857//1 2856//1
f 2854//1 2541//1 2853//1
f 2822//1 2510//1 2509//1
f 2822//1 2823//1 2510//1
f 2947//1 2635//1 2634//1
f 2947//1 2948//1 2635//1
f 3300//1 2987//1 3299//1
f 3566//1 3254//1 3253//1
f 2883//1 2571//1 2570//1
f 2883//1 2570//1 2882//1
f 2970//1 2658//1 2657//1
f 2970//1 2971//1 2658//1
f 3151//1 2839//1 2838//1
f 2845//1 2846//1 2533//1
f 2850//1 2538//1 2537//1
f 2850//1 2851//1 2538//1
f 3486//1 3173//1 3485//1
f 3137//1 2825//1 2824//1
f 3010//1 3011//1 2698//1
f 3015//1 2702//1 3014//1
f 2935//1 2623//1 2622//1
f 2935//1 2622//1 2934//1
f 3052//1 2740//1 2739//1
f 3052//1 2739//1 3051//1
f 2857//1 2544//1 2856//1
f 3150//1 2838//1 2837//1
f 3294//1 2982//1 2981//1
f 3274//1 3275//1 2962//1
f 3164//1 3165//1 2852//1
f 3353//1 3041//1 3040//1
f 3076//1 2764//1 2763//1
f 3076//1 2763//1 3075//1
f 3077//1 2765//1 2764//1
f 3077//1 2764//1 3076//1
f 3099//1 3100//1 2787//1
f 3100//1 2788//1 2787//1
f 2898//1 2586//1 2585//1
f 2898//1 2585//1 2897//1
f 2889//1 2577//1 2576//1
f 2889//1 2890//1 2577//1
f 3397//1 3085//1 3084//1
f 2940//1 2627//1 2939//1
f 3631//1 3632//1 3319//1
f 3061//1 3062//1 2749//1
f 3307//1 2994//1 3306//1
f 2960//1 2961//1 2648//1
f 3247//1 2934//1 3246//1
f 2952//1 2953//1 2640//1
f 2999//1 2687//1 2686//1
f 3312//1 3000//1 2999//1
f 2871//1 2559//1 2558//1
f 2871//1 2872//1 2559//1
f 3039//1 2727//1 2726//1
f 3039//1 3040//1 2727//1
f 3109//1 2797//1 2796//1
f 3109//1 2796//1 3108//1
f 3290//1 3291//1 2978//1
f 3296//1 2983//1 3295//1
f 3044//1 2732//1 2731//1
f 3044//1 2731//1 3043//1
f 3117//1 2805//1 2804//1
f 3117//1 3118//1 2805//1
f 3322//1 3009//1 3321//1
f 3600//1 3287//1 3599//1
f 2937//1 2624//1 2936//1
f 3248//1 2936//1 2935//1
f 3110//1 2798//1 2797//1
f 3110//1 3111//1 2798//1
f 2955//1 2643//1 2642//1
f 2955//1 2956//1 2643//1
f 3174//1 2862//1 2861//1
f 2880//1 2881//1 2568//1
f 3038//1 2726//1 2725//1
f 3038//1 3039//1 2726//1
f 3084//1 2772//1 2771//1
f 3084//1 3085//1 2772//1
f 2972//1 2660//1 2659//1
f 2972//1 2659//1 2971//1
f 2866//1 2867//1 2554//1
f 4015//1 3703//1 3702//1
f 3325//1 3326//1 3013//1
f 3007//1 2694//1 3006//1
f 2963//1 2651//1 2650//1
f 2962//1 2963//1 2650//1
f 3238//1 2926//1 2925//1
f 3400//1 3087//1 3399//1
f 2957//1 2958//1 2645//1
f 3262//1 2950//1 2949//1
f 3080//1 2768//1 2767//1
f 3080//1 2767//1 3079//1
f 3378//1 3066//1 3065//1
f 3723//1 3724//1 3411//1
f 3143//1 2831//1 2830//1
f 3136//1 3137//1 2824//1
f 2877//1 2565//1 2564//1
f 2877//1 2878//1 2565//1
f 2940//1 2628//1 2627//1
f 2940//1 2941//1 2628//1
f 2979//1 2667//1 2666//1
f 2979//1 2666//1 2978//1
f 2989//1 2677//1 2676//1
f 2989//1 2990//1 2677//1
f 3132//1 2820//1 2819//1
f 3145//1 2833//1 2832//1
f 3294//1 2981//1 3293//1
f 3264//1 2952//1 2951//1
f 2907//1 2908//1 2595//1
f 3221//1 2908//1 3220//1
f 3078//1 2766//1 2765//1
f 3078//1 3079//1 2766//1
f 3095//1 2783//1 2782//1
f 3095//1 2782//1 3094//1
f 3413//1 3101//1 3100//1
f 3411//1 3099//1 3098//1
f 3290//1 2978//1 2977//1
f 3230//1 2918//1 2917//1
f 3025//1 2713//1 2712//1
f 3336//1 3024//1 3023//1
f 2858//1 2546//1 2545//1
f 2859//1 2546//1 2858//1
f 3287//1 2974//1 3286//1
f 3307//1 2995//1 2994//1
f 2987//1 2675//1 2674//1
f 2987//1 2674//1 2986//1
f 2881//1 2569//1 2568//1
f 2881//1 2882//1 2569//1
f 3026//1 2714//1 2713//1
f 3026//1 3027//1 2714//1
f 3320//1 3008//1 3007//1
f 3321//1 3008//1 3320//1
f 3021//1 2709//1 2708//1
f 3021//1 2708//1 3020//1
f 3090//1 2778//1 2777//1
f 3090//1 2777//1 3089//1
f 3531//1 3219//1 3218//1
f 3270//1 2958//1 2957//1
f 2864//1 2552//1 2551//1
f 2864//1 2865//1 2552//1
f 2844//1 2532//1 2531//1
f 2844//1 2531//1 2843//1
f 3430//1 3431//1 3118//1
f 3130//1 2818//1 2817//1
f 3981//1 3669//1 3668//1
f 3368//1 3056//1 3055//1
f 3119//1 2807//1 2806//1
f 3119//1 2806//1 3118//1
f 2946//1 2634//1 2633//1
f 2946//1 2947//1 2634//1
f 2855//1 2543//1 2542//1
f 2855//1 2856//1 2543//1
f 3383//1 3071//1 3070//1
f 3047//1 2735//1 2734//1
f 3293//1 2981//1 2980//1
f 3269//1 2957//1 2956//1
f 3166//1 3167//1 2854//1
f 3138//1 2826//1 2825//1
f 2900//1 2588//1 2587//1
f 2900//1 2587//1 2899//1
f 2810//1 2497//1 2501//1
f 2810//1 2809//1 2497//1
f 3083//1 2771//1 2770//1
f 3083//1 3084//1 2771//1
f 3630//1 3318//1 3317//1
f 4019//1 3707//1 3706//1
f 3348//1 3036//1 3035//1
f 3185//1 2873//1 2872//1
f 3056//1 3057//1 2744//1
f 3386//1 3074//1 3073//1
f 3024//1 2712//1 2711//1
f 3024//1 2711//1 3023//1
f 3196//1 2883//1 3195//1
f 3211//1 2899//1 2898//1
f 2914//1 2602//1 2601//1
f 2914//1 2601//1 2913//1
f 2915//1 2603//1 2602//1
f 2915//1 2916//1 2603//1
f 3099//1 2787//1 2786//1
f 3099//1 2786//1 3098//1
f 3268//1 2956//1 2955//1
f 3182//1 3183//1 2870//1
f 3442//1 3129//1 3432//1
f 3140//1 2828//1 2827//1
f 2909//1 2597//1 2596//1
f 2909//1 2910//1 2597//1
f 2980//1 2668//1 2667//1
f 2980//1 2981//1 2668//1
f 2875//1 2563//1 2562//1
f 2875//1 2562//1 2874//1
f 3255//1 2943//1 2942//1
f 3251//1 2939//1 2938//1
f 2836//1 2524//1 2523//1
f 2836//1 2523//1 2835//1
f 3157//1 2845//1 2844//1
f 3165//1 3166//1 2853//1
f 3172//1 2859//1 3171//1
f 3182//1 2870//1 2869//1
f 3060//1 2748//1 2747//1
f 3302//1 2989//1 3301//1
f 3104//1 2792//1 2791//1
f 3104//1 3105//1 2792//1
f 3056//1 2744//1 2743//1
f 3056//1 2743//1 3055//1
f 3096//1 2784//1 2783//1
f 3096//1 2783//1 3095//1
f 2885//1 2573//1 2572//1
f 2885//1 2886//1 2573//1
f 2859//1 2547//1 2546//1
f 2859//1 2860//1 2547//1
f 3179//1 3180//1 2867//1
f 3219//1 2907//1 2906//1
f 3714//1 3401//1 3713//1
f 3390//1 3078//1 3077//1
f 2818//1 2506//1 2505//1
f 2818//1 2819//1 2506//1
f 3019//1 2707//1 2706//1
f 3019//1 3020//1 2707//1
f 3334//1 3021//1 3333//1
f 3034//1 2721//1 3033//1
f 3280//1 2968//1 2967//1
f 3258//1 2946//1 2945//1
f 3167//1 2855//1 2854//1
f 3159//1 2846//1 3158//1
f 2921//1 2609//1 2608//1
f 2921//1 2608//1 2920//1
f 2907//1 2595//1 2594//1
f 2907//1 2594//1 2906//1
f 3184//1 2872//1 2871//1
f 3291//1 2979//1 2978//1
f 3005//1 2693//1 2692//1
f 3005//1 3006//1 2693//1
f 3385//1 3073//1 3072//1
f 3587//1 3274//1 3586//1
f 2895//1 2583//1 2582//1
f 2895//1 2896//1 2583//1
f 2927//1 2615//1 2614//1
f 2927//1 2928//1 2615//1
f 3186//1 2874//1 2873//1
f 3886//1 3574//1 3573//1
f 3013//1 2701//1 2700//1
f 3013//1 3014//1 2701//1
f 3228//1 2915//1 3227//1
f 3266//1 2953//1 3265//1
f 3191//1 2879//1 2878//1
f 3218//1 3219//1 2906//1
f 3066//1 2754//1 2753//1
f 3066//1 3067//1 2754//1
f 3058//1 2746//1 2745//1
f 3058//1 3059//1 2746//1
f 2926//1 2614//1 2613//1
f 2926//1 2613//1 2925//1
f 3116//1 2804//1 2803//1
f 3116//1 2803//1 3115//1
f 3310//1 2998//1 2997//1
f 3000//1 2687//1 2999//1
f 3423//1 3424//1 3111//1
f 3421//1 3109//1 3108//1
f 2887//1 2575//1 2574//1
f 2887//1 2574//1 2886//1
f 2862//1 2550//1 2549//1
f 3492//1 3179//1 3491//1
f 3102//1 2790//1 2789//1
f 3102//1 2789//1 3101//1
f 3018//1 2706//1 2705//1
f 3018//1 3019//1 2706//1
f 2837//1 2525//1 2524//1
f 2837//1 2838//1 2525//1
f 2857//1 2545//1 2544//1
f 2857//1 2858//1 2545//1
f 3365//1 3053//1 3052//1
f 3360//1 3048//1 3047//1
f 3314//1 3002//1 3001//1
f 3343//1 3031//1 3030//1
f 3249//1 2936//1 3248//1
f 3419//1 3106//1 3418//1
f 3063//1 2751//1 2750//1
f 3063//1 2750//1 3062//1
f 2849//1 2537//1 2536//1
f 2849//1 2850//1 2537//1
f 3242//1 2930//1 2929//1
f 3205//1 3206//1 2893//1
f 3276//1 3277//1 2964//1
f 3121//1 2809//1 2810//1
f 2998//1 2686//1 2685//1
f 2998//1 2685//1 2997//1
f 3309//1 2997//1 2996//1
f 3281//1 2969//1 2968//1
f 2924//1 2612//1 2611//1
f 2924//1 2611//1 2923//1
f 3037//1 2725//1 2724//1
f 3037//1 2724//1 3036//1
f 3173//1 2861//1 2860//1
f 3809//1 3497//1 3496//1
f 3295//1 2983//1 2982//1
f 3297//1 3298//1 2985//1
f 2991//1 2679//1 2678//1
f 2991//1 2678//1 2990//1
f 2974//1 2662//1 2661//1
f 2974//1 2975//1 2662//1
f 2876//1 2564//1 2563//1
f 2876//1 2877//1 2564//1
f 3029//1 2716//1 3028//1
f 3337//1 3025//1 3024//1
f 2952//1 2640//1 2639//1
f 2952//1 2639//1 2951//1
f 3242//1 3243//1 2930//1
f 3250//1 2938//1 2937//1
f 3045//1 2733//1 2732//1
f 3045//1 3046//1 2733//1
f 2829//1 2517//1 2516//1
f 2829//1 2516//1 2828//1
f 3065//1 2753//1 2752//1
f 3065//1 3066//1 2753//1
f 3202//1 2890//1 2889//1
f 3249//1 2937//1 2936//1
f 2824//1 2512//1 2511//1
f 2824//1 2825//1 2512//1
f 3126//1 2815//1 2813//1
f 3120//1 2807//1 3119//1
f 2861//1 2549//1 2548//1
f 2861//1 2548//1 2860//1
f 2863//1 2551//1 2550//1
f 2863//1 2864//1 2551//1
f 3329//1 3330//1 3017//1
f 3316//1 3004//1 3003//1
f 3302//1 2990//1 2989//1
f 3361//1 3049//1 3048//1
f 3070//1 2758//1 2757//1
f 3070//1 3071//1 2758//1
f 3209//1 2896//1 3208//1
f 3215//1 2902//1 3214//1
f 3439//1 3441//1 3128//1
f 3335//1 3336//1 3023//1
f 3393//1 3081//1 3080//1
f 3392//1 3080//1 3079//1
f 2840//1 2528//1 2527//1
f 2840//1 2841//1 2528//1
f 3380//1 3381//1 3068//1
f 3404//1 3091//1 3403//1
f 3425//1 3112//1 3424//1
f 3139//1 2826//1 3138//1
f 3172//1 2860//1 2859//1
f 3186//1 3187//1 2874//1
f 3381//1 3069//1 3068//1
f 3423//1 3111//1 3110//1
f 3154//1 2842//1 2841//1
f 3166//1 2854//1 2853//1
f 2894//1 2582//1 2581//1
f 2894//1 2581//1 2893//1
f 2960//1 2648//1 2647//1
f 2960//1 2647//1 2959//1
f 3012//1 2700//1 2699//1
f 3012//1 2699//1 3011//1
f 3097//1 2785//1 2784//1
f 3097//1 3098//1 2785//1
f 2937//1 2625//1 2624//1
f 2937//1 2938//1 2625//1
f 3304//1 2992//1 2991//1
f 3188//1 2876//1 2875//1
f 3000//1 2688//1 2687//1
f 3000//1 3001//1 2688//1
f 3568//1 3255//1 3567//1
f 3541//1 3228//1 3540//1
f 2831//1 2519//1 2518//1
f 2831//1 2832//1 2519//1
f 2842//1 2530//1 2529//1
f 2842//1 2529//1 2841//1
f 3276//1 2964//1 2963//1
f 3275//1 2963//1 2962//1
f 3963//1 3650//1 3962//1
f 3163//1 2851//1 2850//1
f 3530//1 3531//1 3218//1
f 3222//1 2910//1 2909//1
f 3158//1 2846//1 2845//1
f 3134//1 2822//1 2821//1
f 3545//1 3232//1 3544//1
f 3269//1 3270//1 2957//1
f 3225//1 3226//1 2913//1
f 3229//1 2917//1 2916//1
f 4028//1 4029//1 3716//1
f 3743//1 3430//1 3742//1
f 3315//1 3003//1 3002//1
f 3323//1 3324//1 3011//1
f 3177//1 2865//1 2864//1
f 3178//1 2866//1 2865//1
f 3648//1 3336//1 3335//1
f 3284//1 2972//1 2971//1
f 3574//1 3261//1 3573//1
f 3288//1 2976//1 2975//1
f 3430//1 3118//1 3117//1
f 3124//1 3125//1 2812//1
f 3485//1 3173//1 3172//1
f 3189//1 2876//1 3188//1
f 3369//1 3057//1 3056//1
f 3646//1 3334//1 3333//1
f 3395//1 3083//1 3082//1
f 4192//1 3939//1 4191//1
f 3239//1 2926//1 3238//1
f 3233//1 2921//1 2920//1
f 3500//1 3187//1 3499//1
f 3203//1 2890//1 3202//1
f 3716//1 3404//1 3403//1
f 3416//1 3103//1 3415//1
f 3717//1 3404//1 3716//1
f 3446//1 3447//1 3134//1
f 3393//1 3394//1 3081//1
f 3397//1 3398//1 3085//1
f 3220//1 2907//1 3219//1
f 3223//1 2910//1 3222//1
f 3230//1 2917//1 3229//1
f 3259//1 2946//1 3258//1
f 3306//1 2994//1 2993//1
f 3307//1 3308//1 2995//1
f 3204//1 2892//1 2891//1
f 3205//1 2893//1 2892//1
f 3666//1 3354//1 3353//1
f 3349//1 3037//1 3036//1
f 3151//1 3152//1 2839//1
f 3149//1 2837//1 2836//1
f 3968//1 3656//1 3655//1
f 4047//1 3734//1 4046//1
f 3348//1 3035//1 3347//1
f 3725//1 3412//1 3724//1
f 3327//1 3015//1 3014//1
f 3328//1 3016//1 3015//1
f 3336//1 3337//1 3024//1
f 3355//1 3043//1 3042//1
f 3227//1 2915//1 2914//1
f 3227//1 2914//1 3226//1
f 3495//1 3496//1 3183//1
f 3190//1 2878//1 2877//1
f 3333//1 3020//1 3332//1
f 3338//1 3339//1 3026//1
f 3149//1 3150//1 2837//1
f 3147//1 2835//1 2834//1
f 3418//1 3106//1 3105//1
f 3419//1 3107//1 3106//1
f 3169//1 3170//1 2857//1
f 3171//1 2859//1 2858//1
f 3396//1 3397//1 3084//1
f 3735//1 3423//1 3422//1
f 3308//1 2996//1 2995//1
f 3309//1 2996//1 3308//1
f 3426//1 3114//1 3113//1
f 3425//1 3426//1 3113//1
f 3936//1 3937//1 3624//1
f 3998//1 3999//1 3686//1
f 3894//1 3582//1 3581//1
f 3737//1 3425//1 3424//1
f 3878//1 3565//1 3877//1
f 3285//1 2972//1 3284//1
f 3441//1 3130//1 3128//1
f 3128//1 2815//1 3126//1
f 3181//1 2869//1 2868//1
f 3181//1 2868//1 3180//1
f 3309//1 3310//1 2997//1
f 3334//1 3022//1 3021//1
f 3273//1 3274//1 2961//1
f 3589//1 3276//1 3588//1
f 3234//1 2922//1 2921//1
f 3234//1 2921//1 3233//1
f 3237//1 2924//1 3236//1
f 3823//1 3510//1 3822//1
f 3400//1 3088//1 3087//1
f 3399//1 3087//1 3086//1
f 3235//1 2922//1 3234//1
f 3544//1 3231//1 3543//1
f 3321//1 3009//1 3008//1
f 3322//1 3010//1 3009//1
f 3341//1 3028//1 3340//1
f 3656//1 3344//1 3343//1
f 3287//1 2975//1 2974//1
f 3287//1 3288//1 2975//1
f 3263//1 2951//1 2950//1
f 3263//1 3264//1 2951//1
f 3299//1 2987//1 2986//1
f 3298//1 3299//1 2986//1
f 3311//1 2999//1 2998//1
f 3311//1 2998//1 3310//1
f 3362//1 3050//1 3049//1
f 3362//1 3049//1 3361//1
f 3300//1 2988//1 2987//1
f 3300//1 3301//1 2988//1
f 3373//1 3061//1 3060//1
f 3719//1 3720//1 3407//1
f 3986//1 3987//1 3674//1
f 3131//1 2818//1 3130//1
f 3235//1 2923//1 2922//1
f 3235//1 3236//1 2923//1
f 3216//1 2904//1 2903//1
f 3217//1 2904//1 3216//1
f 3144//1 3145//1 2832//1
f 3143//1 3144//1 2831//1
f 3857//1 3545//1 3544//1
f 3920//1 3608//1 3607//1
f 3283//1 2971//1 2970//1
f 3283//1 3284//1 2971//1
f 3139//1 2827//1 2826//1
f 3140//1 2827//1 3139//1
f 3767//1 3455//1 3454//1
f 3178//1 2865//1 3177//1
f 3835//1 3836//1 3523//1
f 3207//1 2894//1 3206//1
f 3849//1 3537//1 3536//1
f 3331//1 3332//1 3019//1
f 3347//1 3035//1 3034//1
f 3346//1 3347//1 3034//1
f 3331//1 3019//1 3018//1
f 3331//1 3018//1 3330//1
f 3133//1 2820//1 3132//1
f 3134//1 2821//1 3133//1
f 3342//1 3030//1 3029//1
f 3342//1 3343//1 3030//1
f 3285//1 2973//1 2972//1
f 3285//1 3286//1 2973//1
f 3380//1 3068//1 3067//1
f 3379//1 3380//1 3067//1
f 3725//1 3413//1 3412//1
f 3422//1 3423//1 3110//1
f 4346//1 4078//1 4077//1
f 3433//1 3121//1 3123//1
f 3357//1 3044//1 3356//1
f 3359//1 3047//1 3046//1
f 3543//1 3231//1 3230//1
f 3561//1 3248//1 3560//1
f 3122//1 2811//1 2809//1
f 3122//1 3124//1 2811//1
f 3140//1 3141//1 2828//1
f 3454//1 3142//1 3141//1
f 3663//1 3664//1 3351//1
f 3350//1 3037//1 3349//1
f 3738//1 3739//1 3426//1
f 3466//1 3154//1 3153//1
f 3282//1 2969//1 3281//1
f 3847//1 3848//1 3535//1
f 3439//1 3128//1 3126//1
f 3435//1 3437//1 3124//1
f 3354//1 3355//1 3042//1
f 3572//1 3573//1 3260//1
f 3416//1 3104//1 3103//1
f 3416//1 3417//1 3104//1
f 3146//1 3147//1 2834//1
f 3146//1 2833//1 3145//1
f 3846//1 3534//1 3533//1
f 3229//1 2916//1 3228//1
f 3348//1 3349//1 3036//1
f 3866//1 3554//1 3553//1
f 3698//1 3386//1 3385//1
f 3382//1 3069//1 3381//1
f 3192//1 2880//1 2879//1
f 3192//1 2879//1 3191//1
f 3257//1 2944//1 3256//1
f 3255//1 2942//1 3254//1
f 3352//1 3040//1 3039//1
f 3352//1 3353//1 3040//1
f 3382//1 3070//1 3069//1
f 3382//1 3383//1 3070//1
f 3217//1 3218//1 2905//1
f 3540//1 3228//1 3227//1
f 3356//1 3044//1 3043//1
f 3356//1 3043//1 3355//1
f 3265//1 2953//1 2952//1
f 3265//1 2952//1 3264//1
f 3429//1 3430//1 3117//1
f 4053//1 4054//1 3741//1
f 3374//1 3061//1 3373//1
f 3690//1 3378//1 3377//1
f 3213//1 2901//1 2900//1
f 3213//1 3214//1 2901//1
f 3252//1 2939//1 3251//1
f 3563//1 3251//1 3250//1
f 3363//1 3050//1 3362//1
f 3364//1 3051//1 3363//1
f 3327//1 3014//1 3326//1
f 3315//1 3002//1 3314//1
f 3372//1 3059//1 3371//1
f 3360//1 3361//1 3048//1
f 3508//1 3509//1 3196//1
f 3201//1 3202//1 2889//1
f 3384//1 3071//1 3383//1
f 3957//1 3645//1 3644//1
f 3594//1 3282//1 3281//1
f 3907//1 3594//1 3906//1
f 3237//1 2925//1 2924//1
f 3239//1 3240//1 2927//1
f 3718//1 3406//1 3405//1
f 3734//1 3422//1 3421//1
f 3613//1 3301//1 3300//1
f 3305//1 3306//1 2993//1
f 3551//1 3238//1 3550//1
f 3651//1 3652//1 3339//1
f 3797//1 3798//1 3485//1
f 3800//1 3488//1 3487//1
f 3164//1 2852//1 2851//1
f 3165//1 2853//1 2852//1
f 3154//1 2841//1 3153//1
f 3462//1 3463//1 3150//1
f 3230//1 3231//1 2918//1
f 3212//1 3213//1 2900//1
f 3339//1 3027//1 3026//1
f 3339//1 3340//1 3027//1
f 3590//1 3277//1 3589//1
f 3269//1 2956//1 3268//1
f 3247//1 3248//1 2935//1
f 3465//1 3466//1 3153//1
f 3732//1 3420//1 3419//1
f 3516//1 3204//1 3203//1
f 3719//1 3407//1 3406//1
f 3360//1 3047//1 3359//1
f 3627//1 3315//1 3314//1
f 3930//1 3617//1 3929//1
f 3232//1 2920//1 2919//1
f 3232//1 2919//1 3231//1
f 3201//1 2889//1 2888//1
f 3201//1 2888//1 3200//1
f 3366//1 3053//1 3365//1
f 4023//1 4024//1 3711//1
f 3183//1 2871//1 2870//1
f 3183//1 3184//1 2871//1
f 3377//1 3065//1 3064//1
f 3377//1 3378//1 3065//1
f 3128//1 2817//1 2815//1
f 3128//1 3130//1 2817//1
f 3161//1 2849//1 2848//1
f 3161//1 3162//1 2849//1
f 3412//1 3099//1 3411//1
f 3198//1 3199//1 2886//1
f 3123//1 2810//1 2814//1
f 3123//1 3121//1 2810//1
f 3305//1 2993//1 2992//1
f 3305//1 2992//1 3304//1
f 3262//1 3263//1 2950//1
f 4481//1 4482//1 4188//1
f 3592//1 3280//1 3279//1
f 3931//1 3619//1 3618//1
f 3240//1 2928//1 2927//1
f 3240//1 3241//1 2928//1
f 3774//1 3462//1 3461//1
f 3449//1 3137//1 3136//1
f 3319//1 3007//1 3006//1
f 3319//1 3320//1 3007//1
f 3464//1 3151//1 3463//1
f 3148//1 2835//1 3147//1
f 3303//1 2991//1 2990//1
f 3303//1 2990//1 3302//1
f 3932//1 3933//1 3620//1
f 3710//1 3398//1 3397//1
f 3168//1 2856//1 2855//1
f 3168//1 2855//1 3167//1
f 3175//1 2863//1 2862//1
f 3175//1 3176//1 2863//1
f 3142//1 2830//1 2829//1
f 3142//1 2829//1 3141//1
f 3628//1 3629//1 3316//1
f 4008//1 3695//1 4007//1
f 3394//1 3082//1 3081//1
f 3394//1 3395//1 3082//1
f 3497//1 3185//1 3184//1
f 3601//1 3289//1 3288//1
f 3344//1 3032//1 3031//1
f 3344//1 3031//1 3343//1
f 3608//1 3296//1 3295//1
f 3445//1 3133//1 3132//1
f 3250//1 3251//1 2938//1
f 3256//1 2943//1 3255//1
f 3730//1 3418//1 3417//1
f 3425//1 3113//1 3112//1
f 3127//1 2814//1 2816//1
f 3127//1 3123//1 2814//1
f 3613//1 3614//1 3301//1
f 3494//1 3182//1 3181//1
f 3515//1 3203//1 3202//1
f 3498//1 3499//1 3186//1
f 3253//1 2941//1 2940//1
f 3253//1 3254//1 2941//1
f 3457//1 3144//1 3456//1
f 3143//1 2830//1 3142//1
f 3639//1 3327//1 3326//1
f 4199//1 4296//1 3949//1
f 3192//1 3193//1 2880//1
f 3440//1 3129//1 3442//1
f 3506//1 3194//1 3193//1
f 3194//1 2881//1 3193//1
f 3405//1 3093//1 3092//1
f 3405//1 3406//1 3093//1
f 3131//1 2819//1 2818//1
f 3131//1 3132//1 2819//1
f 3781//1 3468//1 3780//1
f 3777//1 3465//1 3464//1
f 3601//1 3602//1 3289//1
f 3479//1 3167//1 3166//1
f 3151//1 2838//1 3150//1
f 4017//1 3704//1 4016//1
f 3364//1 3052//1 3051//1
f 3364//1 3365//1 3052//1
f 3258//1 2945//1 3257//1
f 3558//1 3246//1 3245//1
f 3549//1 3237//1 3236//1
f 3582//1 3270//1 3269//1
f 3199//1 3200//1 2887//1
f 3517//1 3204//1 3516//1
f 3671//1 3359//1 3358//1
f 3638//1 3326//1 3325//1
f 3370//1 3058//1 3057//1
f 3370//1 3371//1 3058//1
f 3410//1 3098//1 3097//1
f 3410//1 3411//1 3098//1
f 3164//1 2851//1 3163//1
f 3527//1 3215//1 3214//1
f 3679//1 3367//1 3366//1
f 4013//1 3700//1 4012//1
f 3185//1 3186//1 2873//1
f 3185//1 2872//1 3184//1
f 3188//1 2875//1 3187//1
f 4632//1 4369//1 4367//1
f 3325//1 3013//1 3012//1
f 3325//1 3012//1 3324//1
f 3729//1 3730//1 3417//1
f 3678//1 3366//1 3365//1
f 3194//1 2882//1 2881//1
f 3194//1 3195//1 2882//1
f 3503//1 3191//1 3190//1
f 3555//1 3556//1 3243//1
f 3278//1 2966//1 2965//1
f 3278//1 2965//1 3277//1
f 3491//1 3179//1 3178//1
f 3242//1 2929//1 3241//1
f 3492//1 3180//1 3179//1
f 3315//1 3316//1 3003//1
f 3317//1 3005//1 3004//1
f 3317//1 3004//1 3316//1
f 3244//1 2932//1 2931//1
f 3244//1 2931//1 3243//1
f 3856//1 3544//1 3543//1
f 3281//1 2968//1 3280//1
f 4572//1 4262//1 4571//1
f 3688//1 3375//1 3687//1
f 3223//1 2911//1 2910//1
f 3223//1 3224//1 2911//1
f 3420//1 3108//1 3107//1
f 3420//1 3421//1 3108//1
f 3156//1 3157//1 2844//1
f 3470//1 3157//1 3469//1
f 3429//1 3117//1 3116//1
f 3429//1 3116//1 3428//1
f 4004//1 3692//1 3691//1
f 3750//1 3437//1 3748//1
f 4015//1 3702//1 4014//1
f 3471//1 3159//1 3158//1
f 4084//1 3784//1 3783//1
f 3483//1 3171//1 3170//1
f 3221//1 2909//1 2908//1
f 3221//1 3222//1 2909//1
f 3666//1 3353//1 3665//1
f 3335//1 3023//1 3022//1
f 3901//1 3589//1 3588//1
f 3261//1 2948//1 3260//1
f 3210//1 2897//1 3209//1
f 3822//1 3509//1 3821//1
f 3245//1 2933//1 2932//1
f 3245//1 2932//1 3244//1
f 3329//1 3017//1 3016//1
f 3329//1 3016//1 3328//1
f 3977//1 3978//1 3665//1
f 3645//1 3646//1 3333//1
f 3422//1 3110//1 3109//1
f 3422//1 3109//1 3421//1
f 3458//1 3146//1 3145//1
f 3435//1 3124//1 3122//1
f 3135//1 2823//1 2822//1
f 3135//1 2822//1 3134//1
f 3160//1 2848//1 2847//1
f 3160//1 3161//1 2848//1
f 3396//1 3084//1 3083//1
f 3396//1 3083//1 3395//1
f 3443//1 3444//1 3131//1
f 4251//1 4025//1 4024//1
f 3567//1 3255//1 3254//1
f 3855//1 3856//1 3543//1
f 3419//1 3420//1 3107//1
f 3432//1 3129//1 3120//1
f 3376//1 3064//1 3063//1
f 3376//1 3377//1 3064//1
f 3225//1 2913//1 2912//1
f 3225//1 2912//1 3224//1
f 3148//1 2836//1 2835//1
f 3148//1 3149//1 2836//1
f 4295//1 4028//1 4027//1
f 3387//1 3074//1 3386//1
f 3261//1 2949//1 2948//1
f 3261//1 3262//1 2949//1
f 3375//1 3376//1 3063//1
f 4002//1 3690//1 3689//1
f 3246//1 2934//1 2933//1
f 3246//1 2933//1 3245//1
f 4672//1 4409//1 4407//1
f 3535//1 3222//1 3534//1
f 3653//1 3341//1 3340//1
f 3652//1 3340//1 3339//1
f 3882//1 3570//1 3569//1
f 3289//1 2976//1 3288//1
f 3808//1 3809//1 3496//1
f 3597//1 3285//1 3284//1
f 3699//1 3387//1 3386//1
f 3701//1 3389//1 3388//1
f 3171//1 2858//1 3170//1
f 3490//1 3178//1 3177//1
f 3655//1 3342//1 3654//1
f 3604//1 3605//1 3292//1
f 3685//1 3686//1 3373//1
f 3389//1 3076//1 3388//1
f 3698//1 3699//1 3386//1
f 3787//1 3475//1 3474//1
f 3694//1 3381//1 3693//1
f 3403//1 3090//1 3402//1
f 3607//1 3295//1 3294//1
f 3591//1 3279//1 3278//1
f 3318//1 3006//1 3005//1
f 3318//1 3005//1 3317//1
f 3468//1 3156//1 3155//1
f 3155//1 2842//1 3154//1
f 3722//1 3410//1 3409//1
f 3409//1 3410//1 3097//1
f 3572//1 3260//1 3259//1
f 3581//1 3269//1 3268//1
f 3350//1 3038//1 3037//1
f 3350//1 3351//1 3038//1
f 3490//1 3491//1 3178//1
f 3478//1 3479//1 3166//1
f 3341//1 3029//1 3028//1
f 3341//1 3342//1 3029//1
f 3827//1 3515//1 3514//1
f 3555//1 3243//1 3242//1
f 3693//1 3380//1 3692//1
f 3573//1 3261//1 3260//1
f 3559//1 3560//1 3247//1
f 3485//1 3172//1 3484//1
f 3542//1 3543//1 3230//1
f 3550//1 3238//1 3237//1
f 3189//1 2877//1 2876//1
f 3189//1 3190//1 2877//1
f 3375//1 3063//1 3062//1
f 3375//1 3062//1 3374//1
f 3520//1 3521//1 3208//1
f 3237//1 3238//1 2925//1
f 3196//1 2884//1 2883//1
f 3196//1 3197//1 2884//1
f 3789//1 3790//1 3477//1
f 3159//1 3160//1 2847//1
f 3172//1 3173//1 2860//1
f 3488//1 3176//1 3175//1
f 3484//1 3171//1 3483//1
f 3591//1 3592//1 3279//1
f 3198//1 2886//1 2885//1
f 3198//1 2885//1 3197//1
f 3384//1 3072//1 3071//1
f 3384//1 3385//1 3072//1
f 3735//1 3422//1 3734//1
f 3622//1 3310//1 3309//1
f 3523//1 3211//1 3210//1
f 3562//1 3250//1 3249//1
f 3387//1 3075//1 3074//1
f 3387//1 3388//1 3075//1
f 3212//1 2900//1 2899//1
f 3212//1 2899//1 3211//1
f 3791//1 3479//1 3478//1
f 4120//1 3836//1 3835//1
f 3259//1 2947//1 2946//1
f 3259//1 3260//1 2947//1
f 4495//1 4296//1 4199//1
f 3653//1 3654//1 3341//1
f 4518//1 4218//1 4276//1
f 4821//1 4557//1 4556//1
f 3210//1 2898//1 2897//1
f 3210//1 3211//1 2898//1
f 3369//1 3056//1 3368//1
f 3687//1 3375//1 3374//1
f 3969//1 3656//1 3968//1
f 4452//1 4164//1 4453//1
f 3391//1 3079//1 3078//1
f 3391//1 3392//1 3079//1
f 3427//1 3115//1 3114//1
f 3427//1 3114//1 3426//1
f 3204//1 3205//1 2892//1
f 3675//1 3363//1 3362//1
f 3409//1 3097//1 3096//1
f 3409//1 3096//1 3408//1
f 3744//1 3432//1 3431//1
f 4042//1 3730//1 3729//1
f 3367//1 3055//1 3054//1
f 3904//1 3591//1 3903//1
f 3358//1 3046//1 3045//1
f 3358//1 3359//1 3046//1
f 3584//1 3272//1 3271//1
f 3603//1 3290//1 3602//1
f 3404//1 3092//1 3091//1
f 3404//1 3405//1 3092//1
f 3389//1 3077//1 3076//1
f 3389//1 3390//1 3077//1
f 3686//1 3687//1 3374//1
f 3639//1 3326//1 3638//1
f 3407//1 3095//1 3094//1
f 3407//1 3094//1 3406//1
f 3129//1 2816//1 3120//1
f 3129//1 3127//1 2816//1
f 3292//1 2980//1 2979//1
f 3292//1 2979//1 3291//1
f 3401//1 3089//1 3088//1
f 3401//1 3088//1 3400//1
f 3506//1 3507//1 3194//1
f 3578//1 3266//1 3265//1
f 3512//1 3200//1 3199//1
f 3204//1 2891//1 3203//1
f 3672//1 3360//1 3359//1
f 3680//1 3368//1 3367//1
f 3510//1 3198//1 3197//1
f 4004//1 4005//1 3692//1
f 3215//1 2903//1 2902//1
f 3215//1 3216//1 2903//1
f 3207//1 2895//1 2894//1
f 3207//1 3208//1 2895//1
f 3589//1 3277//1 3276//1
f 3564//1 3251//1 3563//1
f 3507//1 3195//1 3194//1
f 3854//1 3542//1 3541//1
f 4260//1 4038//1 4037//1
f 3504//1 3192//1 3191//1
f 3929//1 3617//1 3616//1
f 3654//1 3342//1 3341//1
f 3625//1 3626//1 3313//1
f 3620//1 3308//1 3307//1
f 3728//1 3416//1 3415//1
f 4263//1 4042//1 4286//1
f 3763//1 3451//1 3450//1
f 3763//1 3764//1 3451//1
f 3267//1 2955//1 2954//1
f 3267//1 3268//1 2955//1
f 4210//1 3966//1 3965//1
f 3674//1 3362//1 3361//1
f 3313//1 3001//1 3000//1
f 3313//1 3314//1 3001//1
f 3616//1 3304//1 3303//1
f 3913//1 3914//1 3601//1
f 3345//1 3033//1 3032//1
f 3345//1 3346//1 3033//1
f 4046//1 3734//1 3733//1
f 4235//1 4001//1 4000//1
f 3477//1 3165//1 3164//1
f 3892//1 3580//1 3579//1
f 3453//1 3140//1 3452//1
f 3708//1 3396//1 3395//1
f 3668//1 3356//1 3355//1
f 3606//1 3607//1 3294//1
f 3273//1 2961//1 2960//1
f 3273//1 2960//1 3272//1
f 3604//1 3292//1 3291//1
f 3624//1 3312//1 3311//1
f 3916//1 3604//1 3603//1
f 3790//1 3478//1 3477//1
f 3544//1 3232//1 3231//1
f 3877//1 3564//1 3876//1
f 3685//1 3373//1 3372//1
f 3682//1 3369//1 3681//1
f 3962//1 3650//1 3649//1
f 3514//1 3515//1 3202//1
f 3988//1 3675//1 3987//1
f 3556//1 3244//1 3243//1
f 3155//1 2843//1 2842//1
f 3155//1 3156//1 2843//1
f 3252//1 2940//1 2939//1
f 3252//1 3253//1 2940//1
f 3289//1 2977//1 2976//1
f 3289//1 3290//1 2977//1
f 3615//1 3303//1 3302//1
f 3616//1 3303//1 3615//1
f 3297//1 2985//1 2984//1
f 3297//1 2984//1 3296//1
f 3271//1 2959//1 2958//1
f 3271//1 2958//1 3270//1
f 4462//1 4313//1 4172//1
f 3496//1 3184//1 3183//1
f 3607//1 3608//1 3295//1
f 3576//1 3264//1 3263//1
f 3279//1 2967//1 2966//1
f 3279//1 2966//1 3278//1
f 3323//1 3011//1 3010//1
f 3323//1 3010//1 3322//1
f 3136//1 2824//1 2823//1
f 3136//1 2823//1 3135//1
f 3747//1 3748//1 3435//1
f 3731//1 3732//1 3419//1
f 3739//1 3427//1 3426//1
f 3721//1 3408//1 3720//1
f 3697//1 3385//1 3384//1
f 3705//1 3393//1 3392//1
f 3658//1 3346//1 3345//1
f 3610//1 3298//1 3297//1
f 4322//1 4321//1 4057//1
f 3450//1 3451//1 3138//1
f 3552//1 3240//1 3239//1
f 3646//1 3647//1 3334//1
f 3541//1 3229//1 3228//1
f 3554//1 3242//1 3241//1
f 3574//1 3262//1 3261//1
f 3569//1 3257//1 3256//1
f 3461//1 3148//1 3460//1
f 4049//1 3737//1 3736//1
f 3731//1 3419//1 3418//1
f 4311//1 4045//1 4265//1
f 3605//1 3293//1 3292//1
f 3602//1 3290//1 3289//1
f 3470//1 3158//1 3157//1
f 3475//1 3163//1 3162//1
f 4005//1 3693//1 3692//1
f 3685//1 3372//1 3684//1
f 3859//1 3547//1 3546//1
f 3561//1 3249//1 3248//1
f 3732//1 3733//1 3420//1
f 3504//1 3191//1 3503//1
f 3518//1 3206//1 3205//1
f 3861//1 3548//1 3860//1
f 3700//1 3387//1 3699//1
f 3684//1 3372//1 3371//1
f 4031//1 4032//1 3719//1
f 3742//1 3430//1 3429//1
f 3679//1 3680//1 3367//1
f 3679//1 3366//1 3678//1
f 3659//1 3347//1 3346//1
f 3659//1 3346//1 3658//1
f 3446//1 3134//1 3133//1
f 3462//1 3150//1 3149//1
f 3587//1 3275//1 3274//1
f 3588//1 3276//1 3275//1
f 3451//1 3452//1 3139//1
f 3452//1 3140//1 3139//1
f 3612//1 3300//1 3299//1
f 3618//1 3619//1 3306//1
f 3706//1 3707//1 3394//1
f 4244//1 4301//1 4014//1
f 3874//1 3562//1 3561//1
f 3810//1 3498//1 3497//1
f 4274//1 3915//1 4175//1
f 4504//1 4207//1 4206//1
f 3509//1 3197//1 3196//1
f 3821//1 3509//1 3508//1
f 3567//1 3254//1 3566//1
f 4418//1 4299//1 4136//1
f 3863//1 3551//1 3550//1
f 3550//1 3237//1 3549//1
f 3528//1 3215//1 3527//1
f 3528//1 3216//1 3215//1
f 3511//1 3199//1 3198//1
f 3510//1 3511//1 3198//1
f 3447//1 3135//1 3134//1
f 3762//1 3450//1 3449//1
f 3789//1 3477//1 3476//1
f 3489//1 3490//1 3177//1
f 3640//1 3327//1 3639//1
f 3905//1 3593//1 3592//1
f 3711//1 3399//1 3398//1
f 3711//1 3398//1 3710//1
f 3636//1 3324//1 3323//1
f 3635//1 3323//1 3322//1
f 3563//1 3250//1 3562//1
f 3910//1 3598//1 3597//1
f 3553//1 3554//1 3241//1
f 3875//1 3562//1 3874//1
f 3712//1 3400//1 3399//1
f 3712//1 3399//1 3711//1
f 3524//1 3212//1 3211//1
f 3524//1 3525//1 3212//1
f 3526//1 3213//1 3525//1
f 3524//1 3211//1 3523//1
f 3997//1 3685//1 3684//1
f 3993//1 3681//1 3680//1
f 3593//1 3281//1 3280//1
f 3593//1 3280//1 3592//1
f 3841//1 3529//1 3528//1
f 3828//1 3516//1 3515//1
f 3467//1 3155//1 3154//1
f 3467//1 3468//1 3155//1
f 3595//1 3283//1 3282//1
f 3594//1 3595//1 3282//1
f 3676//1 3677//1 3364//1
f 3992//1 3680//1 3679//1
f 4276//1 3976//1 3975//1
f 3662//1 3350//1 3349//1
f 3988//1 3676//1 3675//1
f 3637//1 3638//1 3325//1
f 3751//1 3438//1 3750//1
f 3446//1 3133//1 3445//1
f 3532//1 3220//1 3219//1
f 3532//1 3219//1 3531//1
f 4029//1 3717//1 3716//1
f 3724//1 3412//1 3411//1
f 3469//1 3157//1 3156//1
f 3469//1 3156//1 3468//1
f 3733//1 3421//1 3420//1
f 3733//1 3734//1 3421//1
f 3912//1 3913//1 3600//1
f 3596//1 3283//1 3595//1
f 3633//1 3321//1 3320//1
f 3635//1 3636//1 3323//1
f 3434//1 3121//1 3433//1
f 3437//1 3125//1 3124//1
f 3617//1 3305//1 3304//1
f 3617//1 3304//1 3616//1
f 4185//1 3931//1 3930//1
f 3954//1 3642//1 3641//1
f 3571//1 3572//1 3259//1
f 4291//1 3872//1 3871//1
f 4765//1 4502//1 4500//1
f 3609//1 3296//1 3608//1
f 3692//1 3380//1 3379//1
f 3693//1 3381//1 3380//1
f 3522//1 3210//1 3209//1
f 3522//1 3523//1 3210//1
f 3547//1 3235//1 3234//1
f 3548//1 3235//1 3547//1
f 3521//1 3209//1 3208//1
f 3521//1 3522//1 3209//1
f 4411//1 4287//1 4130//1
f 3520//1 3208//1 3207//1
f 3884//1 3572//1 3571//1
f 3554//1 3555//1 3242//1
f 3583//1 3584//1 3271//1
f 4151//1 3881//1 3880//1
f 3991//1 3679//1 3678//1
f 3945//1 3633//1 3632//1
f 3481//1 3482//1 3169//1
f 3832//1 3833//1 3520//1
f 3738//1 3426//1 3425//1
f 3738//1 3425//1 3737//1
f 3456//1 3144//1 3143//1
f 3455//1 3456//1 3143//1
f 3513//1 3201//1 3200//1
f 3513//1 3200//1 3512//1
f 3703//1 3391//1 3390//1
f 3704//1 3391//1 3703//1
f 3619//1 3307//1 3306//1
f 3619//1 3620//1 3307//1
f 3586//1 3274//1 3273//1
f 3585//1 3586//1 3273//1
f 3696//1 3384//1 3383//1
f 3696//1 3697//1 3384//1
f 3621//1 3309//1 3308//1
f 3621//1 3308//1 3620//1
f 3985//1 3672//1 3984//1
f 3673//1 3674//1 3361//1
f 4152//1 3882//1 3881//1
f 3919//1 3607//1 3606//1
f 3613//1 3300//1 3612//1
f 3614//1 3302//1 3301//1
f 3761//1 3448//1 3760//1
f 3888//1 3576//1 3575//1
f 3526//1 3214//1 3213//1
f 3526//1 3527//1 3214//1
f 3448//1 3136//1 3135//1
f 3448//1 3449//1 3136//1
f 3533//1 3221//1 3220//1
f 3533//1 3220//1 3532//1
f 4011//1 4012//1 3699//1
f 3702//1 3703//1 3390//1
f 4495//1 4497//1 4296//1
f 3709//1 3710//1 3397//1
f 3536//1 3224//1 3223//1
f 3848//1 3536//1 3535//1
f 3539//1 3227//1 3226//1
f 3539//1 3540//1 3227//1
f 3788//1 3789//1 3476//1
f 3493//1 3180//1 3492//1
f 3599//1 3287//1 3286//1
f 3598//1 3599//1 3286//1
f 3674//1 3675//1 3362//1
f 4009//1 3697//1 3696//1
f 3707//1 3395//1 3394//1
f 3707//1 3708//1 3395//1
f 3736//1 3737//1 3424//1
f 4010//1 3698//1 3697//1
f 4211//1 3967//1 3966//1
f 3627//1 3314//1 3626//1
f 3720//1 3408//1 3407//1
f 3726//1 3413//1 3725//1
f 3888//1 3889//1 3576//1
f 3577//1 3264//1 3576//1
f 3498//1 3185//1 3497//1
f 3803//1 3491//1 3490//1
f 3698//1 3385//1 3697//1
f 4016//1 3704//1 3703//1
f 3691//1 3379//1 3378//1
f 3691//1 3692//1 3379//1
f 3647//1 3335//1 3334//1
f 3647//1 3648//1 3335//1
f 3464//1 3152//1 3151//1
f 3466//1 3467//1 3154//1
f 4161//1 3894//1 4160//1
f 4158//1 3891//1 4309//1
f 3649//1 3337//1 3336//1
f 3649//1 3336//1 3648//1
f 3565//1 3253//1 3252//1
f 3565//1 3566//1 3253//1
f 3670//1 3671//1 3358//1
f 3974//1 3662//1 3661//1
f 3517//1 3518//1 3205//1
f 3516//1 3203//1 3515//1
f 3861//1 3549//1 3548//1
f 4132//1 4133//1 3854//1
f 3983//1 3671//1 3670//1
f 3537//1 3538//1 3225//1
f 3932//1 3619//1 3931//1
f 3641//1 3642//1 3329//1
f 3459//1 3147//1 3146//1
f 3459//1 3146//1 3458//1
f 3484//1 3172//1 3171//1
f 3792//1 3479//1 3791//1
f 3640//1 3641//1 3328//1
f 3940//1 3628//1 3627//1
f 3641//1 3329//1 3328//1
f 3922//1 3610//1 3609//1
f 3973//1 3661//1 3660//1
f 3924//1 3612//1 3611//1
f 3771//1 3772//1 3459//1
f 3805//1 3493//1 3492//1
f 3689//1 3377//1 3376//1
f 3689//1 3690//1 3377//1
f 3538//1 3226//1 3225//1
f 3538//1 3539//1 3226//1
f 4036//1 3723//1 4035//1
f 3717//1 3718//1 3405//1
f 3925//1 3613//1 3612//1
f 3611//1 3612//1 3299//1
f 3660//1 3348//1 3347//1
f 3660//1 3347//1 3659//1
f 3487//1 3175//1 3174//1
f 3487//1 3488//1 3175//1
f 3442//1 3432//1 3744//1
f 3758//1 3446//1 3445//1
f 3683//1 3371//1 3370//1
f 3683//1 3684//1 3371//1
f 3799//1 3486//1 3798//1
f 3875//1 3876//1 3563//1
f 3686//1 3374//1 3373//1
f 3987//1 3675//1 3674//1
f 4205//1 3958//1 4204//1
f 4352//1 4082//1 4351//1
f 3478//1 3166//1 3165//1
f 3478//1 3165//1 3477//1
f 3582//1 3269//1 3581//1
f 4288//1 3886//1 3885//1
f 3609//1 3297//1 3296//1
f 3609//1 3610//1 3297//1
f 3568//1 3256//1 3255//1
f 3568//1 3569//1 3256//1
f 3885//1 3572//1 3884//1
f 3557//1 3244//1 3556//1
f 4394//1 4117//1 4116//1
f 3529//1 3216//1 3528//1
f 3596//1 3284//1 3283//1
f 3596//1 3597//1 3284//1
f 3746//1 3433//1 3436//1
f 3740//1 3428//1 3427//1
f 3577//1 3265//1 3264//1
f 3577//1 3578//1 3265//1
f 3502//1 3190//1 3189//1
f 3502//1 3503//1 3190//1
f 3923//1 3924//1 3611//1
f 4109//1 3819//1 3818//1
f 3721//1 3409//1 3408//1
f 3721//1 3722//1 3409//1
f 4301//1 4015//1 4014//1
f 4215//1 3972//1 4214//1
f 3894//1 3895//1 3582//1
f 3798//1 3486//1 3485//1
f 4115//1 3829//1 3828//1
f 3575//1 3262//1 3574//1
f 3650//1 3338//1 3337//1
f 3650//1 3337//1 3649//1
f 4038//1 3726//1 3725//1
f 4215//1 3973//1 3972//1
f 3946//1 3633//1 3945//1
f 3640//1 3328//1 3327//1
f 3835//1 3523//1 3522//1
f 3511//1 3512//1 3199//1
f 4310//1 3967//1 4211//1
f 3965//1 3966//1 3653//1
f 4056//1 3744//1 3743//1
f 3451//1 3139//1 3138//1
f 3510//1 3197//1 3509//1
f 3796//1 3484//1 3483//1
f 3480//1 3168//1 3167//1
f 3480//1 3167//1 3479//1
f 3727//1 3415//1 3414//1
f 3727//1 3728//1 3415//1
f 4310//1 3969//1 3968//1
f 3657//1 3658//1 3345//1
f 3695//1 3383//1 3382//1
f 3695//1 3696//1 3383//1
f 3546//1 3234//1 3233//1
f 3546//1 3547//1 3234//1
f 3570//1 3257//1 3569//1
f 3872//1 3560//1 3559//1
f 3979//1 3980//1 3667//1
f 3661//1 3348//1 3660//1
f 4240//1 4241//1 4010//1
f 3621//1 3622//1 3309//1
f 3729//1 3417//1 3416//1
f 3729//1 3416//1 3728//1
f 3508//1 3196//1 3195//1
f 3508//1 3195//1 3507//1
f 3643//1 3330//1 3642//1
f 3959//1 3646//1 3958//1
f 3476//1 3477//1 3164//1
f 4077//1 4078//1 3775//1
f 3560//1 3248//1 3247//1
f 3561//1 3562//1 3249//1
f 3843//1 3531//1 3530//1
f 3582//1 3583//1 3270//1
f 3681//1 3369//1 3368//1
f 3681//1 3368//1 3680//1
f 3473//1 3161//1 3160//1
f 3474//1 3161//1 3473//1
f 3575//1 3263//1 3262//1
f 3575//1 3576//1 3263//1
f 3653//1 3340//1 3652//1
f 3634//1 3635//1 3322//1
f 4147//1 3875//1 3874//1
f 3880//1 3567//1 3879//1
f 3797//1 3485//1 3484//1
f 3496//1 3497//1 3184//1
f 3688//1 3376//1 3375//1
f 3688//1 3689//1 3376//1
f 3748//1 3437//1 3435//1
f 4390//1 4114//1 4113//1
f 4105//1 3815//1 3814//1
f 3803//1 3490//1 3802//1
f 3669//1 3357//1 3356//1
f 3669//1 3356//1 3668//1
f 3880//1 3568//1 3567//1
f 3780//1 3468//1 3467//1
f 3537//1 3225//1 3224//1
f 3537//1 3224//1 3536//1
f 3634//1 3322//1 3321//1
f 3634//1 3321//1 3633//1
f 3713//1 3401//1 3400//1
f 3713//1 3400//1 3712//1
f 3436//1 3123//1 3127//1
f 3436//1 3433//1 3123//1
f 3677//1 3365//1 3364//1
f 3677//1 3678//1 3365//1
f 3643//1 3331//1 3330//1
f 3643//1 3644//1 3331//1
f 3460//1 3148//1 3147//1
f 3460//1 3147//1 3459//1
f 4285//1 3773//1 3772//1
f 3779//1 3780//1 3467//1
f 3655//1 3343//1 3342//1
f 3655//1 3656//1 3343//1
f 3598//1 3286//1 3285//1
f 3598//1 3285//1 3597//1
f 3618//1 3306//1 3305//1
f 3618//1 3305//1 3617//1
f 3585//1 3273//1 3272//1
f 3585//1 3272//1 3584//1
f 4304//1 4083//1 3782//1
f 4080//1 3777//1 4079//1
f 3768//1 3455//1 3767//1
f 4297//1 3799//1 3798//1
f 4298//1 3955//1 3954//1
f 3870//1 3558//1 3557//1
f 3682//1 3370//1 3369//1
f 3682//1 3683//1 3370//1
f 3938//1 3626//1 3625//1
f 3922//1 3609//1 3921//1
f 3743//1 3431//1 3430//1
f 3743//1 3744//1 3431//1
f 3704//1 3392//1 3391//1
f 3704//1 3705//1 3392//1
f 3501//1 3189//1 3188//1
f 3501//1 3502//1 3189//1
f 3709//1 3397//1 3396//1
f 3709//1 3396//1 3708//1
f 3979//1 3667//1 3666//1
f 3759//1 3447//1 3446//1
f 3580//1 3268//1 3267//1
f 3580//1 3581//1 3268//1
f 3453//1 3141//1 3140//1
f 3453//1 3454//1 3141//1
f 3939//1 3627//1 3626//1
f 3623//1 3310//1 3622//1
f 3534//1 3222//1 3221//1
f 3534//1 3221//1 3533//1
f 3570//1 3258//1 3257//1
f 3570//1 3571//1 3258//1
f 3717//1 3405//1 3404//1
f 4025//1 3713//1 3712//1
f 3900//1 3588//1 3587//1
f 3947//1 3635//1 3634//1
f 4275//1 4054//1 4053//1
f 3435//1 3122//1 3434//1
f 3465//1 3153//1 3152//1
f 3465//1 3152//1 3464//1
f 3657//1 3345//1 3344//1
f 3657//1 3344//1 3656//1
f 3667//1 3355//1 3354//1
f 3667//1 3354//1 3666//1
f 3457//1 3145//1 3144//1
f 3457//1 3458//1 3145//1
f 4517//1 4276//1 4217//1
f 4226//1 4318//1 3988//1
f 3629//1 3317//1 3316//1
f 3629//1 3630//1 3317//1
f 3706//1 3394//1 3393//1
f 3706//1 3393//1 3705//1
f 3664//1 3352//1 3351//1
f 3664//1 3665//1 3352//1
f 3906//1 3593//1 3905//1
f 3918//1 3919//1 3606//1
f 3676//1 3364//1 3363//1
f 3676//1 3363//1 3675//1
f 4026//1 3714//1 3713//1
f 4051//1 3738//1 4050//1
f 4044//1 3732//1 3731//1
f 3973//1 3974//1 3661//1
f 3830//1 3518//1 3517//1
f 3926//1 3927//1 3614//1
f 4054//1 3742//1 3741//1
f 3741//1 3742//1 3429//1
f 3548//1 3236//1 3235//1
f 3548//1 3549//1 3236//1
f 3542//1 3229//1 3541//1
f 3862//1 3550//1 3549//1
f 3670//1 3358//1 3357//1
f 3670//1 3357//1 3669//1
f 3438//1 3125//1 3437//1
f 3757//1 3758//1 3445//1
f 3702//1 3390//1 3389//1
f 3702//1 3389//1 3701//1
f 3625//1 3313//1 3312//1
f 3625//1 3312//1 3624//1
f 4040//1 4041//1 3728//1
f 4248//1 4022//1 4021//1
f 4476//1 4184//1 4183//1
f 3714//1 3402//1 3401//1
f 3587//1 3588//1 3275//1
f 3949//1 3637//1 3636//1
f 4114//1 3828//1 3827//1
f 4285//1 3772//1 4076//1
f 3850//1 3538//1 3537//1
f 4409//1 4128//1 4306//1
f 3482//1 3170//1 3169//1
f 3482//1 3483//1 3170//1
f 3606//1 3294//1 3293//1
f 3606//1 3293//1 3605//1
f 3791//1 3478//1 3790//1
f 3784//1 3472//1 3471//1
f 3851//1 3538//1 3850//1
f 3995//1 3682//1 3994//1
f 3444//1 3132//1 3131//1
f 3444//1 3445//1 3132//1
f 3545//1 3233//1 3232//1
f 3545//1 3546//1 3233//1
f 4415//1 4416//1 4134//1
f 3804//1 3492//1 3491//1
f 3551//1 3239//1 3238//1
f 3551//1 3552//1 3239//1
f 3723//1 3411//1 3410//1
f 3723//1 3410//1 3722//1
f 3600//1 3288//1 3287//1
f 3600//1 3601//1 3288//1
f 3505//1 3192//1 3504//1
f 3802//1 3490//1 3489//1
f 3632//1 3320//1 3319//1
f 3632//1 3633//1 3320//1
f 3559//1 3247//1 3246//1
f 3559//1 3246//1 3558//1
f 4375//1 4102//1 4101//1
f 3958//1 3646//1 3645//1
f 3833//1 3834//1 3521//1
f 3814//1 3815//1 3502//1
f 3557//1 3245//1 3244//1
f 3557//1 3558//1 3245//1
f 3651//1 3339//1 3338//1
f 3651//1 3338//1 3650//1
f 4017//1 4018//1 3705//1
f 4271//1 4053//1 4052//1
f 3673//1 3361//1 3360//1
f 3673//1 3360//1 3672//1
f 3438//1 3126//1 3125//1
f 3438//1 3439//1 3126//1
f 3895//1 3583//1 3582//1
f 4021//1 3708//1 4020//1
f 3631//1 3319//1 3318//1
f 3631//1 3318//1 3630//1
f 3450//1 3138//1 3137//1
f 3450//1 3137//1 3449//1
f 3870//1 3557//1 3869//1
f 4413//1 4287//1 4411//1
f 3663//1 3351//1 3350//1
f 3663//1 3350//1 3662//1
f 3661//1 3349//1 3348//1
f 3661//1 3662//1 3349//1
f 4306//1 3845//1 4127//1
f 3960//1 3648//1 3647//1
f 3901//1 3902//1 3589//1
f 4401//1 4122//1 4402//1
f 3481//1 3169//1 3168//1
f 3481//1 3168//1 3480//1
f 3579//1 3267//1 3266//1
f 3579//1 3266//1 3578//1
f 3741//1 3429//1 3428//1
f 3741//1 3428//1 3740//1
f 3472//1 3160//1 3159//1
f 3472//1 3473//1 3160//1
f 3948//1 3635//1 3947//1
f 3471//1 3472//1 3159//1
f 3476//1 3164//1 3163//1
f 3476//1 3163//1 3475//1
f 3645//1 3333//1 3332//1
f 3645//1 3332//1 3644//1
f 3793//1 3481//1 3480//1
f 3814//1 3502//1 3501//1
f 3594//1 3281//1 3593//1
f 3908//1 3596//1 3595//1
f 3529//1 3217//1 3216//1
f 3529//1 3530//1 3217//1
f 3455//1 3143//1 3142//1
f 3455//1 3142//1 3454//1
f 3726//1 3414//1 3413//1
f 3726//1 3727//1 3414//1
f 3564//1 3252//1 3251//1
f 3564//1 3565//1 3252//1
f 3887//1 3575//1 3574//1
f 3920//1 3921//1 3608//1
f 3926//1 3614//1 3613//1
f 3951//1 3639//1 3638//1
f 3827//1 3828//1 3515//1
f 4093//1 3797//1 3796//1
f 3637//1 3325//1 3324//1
f 3637//1 3324//1 3636//1
f 3958//1 3645//1 3957//1
f 4484//1 4302//1 4190//1
f 3700//1 3388//1 3387//1
f 3700//1 3701//1 3388//1
f 3885//1 3573//1 3572//1
f 3471//1 3158//1 3470//1
f 3519//1 3207//1 3206//1
f 3519//1 3520//1 3207//1
f 3440//1 3127//1 3129//1
f 3440//1 3436//1 3127//1
f 3474//1 3162//1 3161//1
f 3474//1 3475//1 3162//1
f 3499//1 3187//1 3186//1
f 3808//1 3496//1 3495//1
f 3486//1 3174//1 3173//1
f 3486//1 3487//1 3174//1
f 3590//1 3278//1 3277//1
f 3590//1 3591//1 3278//1
f 3495//1 3183//1 3182//1
f 3495//1 3182//1 3494//1
f 3868//1 3869//1 3556//1
f 3879//1 3567//1 3566//1
f 3836//1 3524//1 3523//1
f 4147//1 3874//1 4146//1
f 3493//1 3181//1 3180//1
f 3493//1 3494//1 3181//1
f 4023//1 3711//1 3710//1
f 3731//1 3418//1 3730//1
f 3783//1 3471//1 3470//1
f 3804//1 3491//1 3803//1
f 4033//1 3721//1 3720//1
f 3953//1 3954//1 3641//1
f 3461//1 3149//1 3148//1
f 3461//1 3462//1 3149//1
f 4203//1 3957//1 3956//1
f 3986//1 3674//1 3673//1
f 3553//1 3241//1 3240//1
f 3553//1 3240//1 3552//1
f 4133//1 3855//1 3854//1
f 3815//1 3503//1 3502//1
f 3623//1 3311//1 3310//1
f 3623//1 3624//1 3311//1
f 3749//1 3436//1 3440//1
f 3800//1 3801//1 3488//1
f 3443//1 3131//1 3130//1
f 3443//1 3130//1 3441//1
f 3694//1 3382//1 3381//1
f 3694//1 3695//1 3382//1
f 3500//1 3188//1 3187//1
f 3500//1 3501//1 3188//1
f 3514//1 3202//1 3201//1
f 3514//1 3201//1 3513//1
f 3817//1 3504//1 3816//1
f 3876//1 3564//1 3563//1
f 3736//1 3424//1 3423//1
f 3736//1 3423//1 3735//1
f 3489//1 3177//1 3176//1
f 3489//1 3176//1 3488//1
f 4035//1 3723//1 3722//1
f 3715//1 3716//1 3403//1
f 4209//1 3965//1 3964//1
f 4312//1 3812//1 3811//1
f 3505//1 3193//1 3192//1
f 3505//1 3506//1 3193//1
f 4036//1 3724//1 3723//1
f 4001//1 4002//1 3689//1
f 3611//1 3299//1 3298//1
f 3611//1 3298//1 3610//1
f 3535//1 3223//1 3222//1
f 3535//1 3536//1 3223//1
f 3603//1 3291//1 3290//1
f 3603//1 3604//1 3291//1
f 3628//1 3316//1 3315//1
f 3628//1 3315//1 3627//1
f 3715//1 3403//1 3402//1
f 3715//1 3402//1 3714//1
f 4170//1 3907//1 4169//1
f 4219//1 3979//1 3978//1
f 4010//1 3697//1 4009//1
f 3749//1 3746//1 3436//1
f 4045//1 3732//1 4044//1
f 3812//1 3500//1 3499//1
f 4305//1 4003//1 4002//1
f 4022//1 3710//1 3709//1
f 4291//1 3873//1 3872//1
f 4277//1 3820//1 3819//1
f 4222//1 4223//1 3984//1
f 4007//1 3695//1 3694//1
f 4289//1 3943//1 3942//1
f 3932//1 3620//1 3619//1
f 3904//1 3592//1 3591//1
f 4194//1 3943//1 4289//1
f 3906//1 3594//1 3593//1
f 4309//1 3891//1 3890//1
f 3756//1 3444//1 3443//1
f 4018//1 3706//1 3705//1
f 3875//1 3563//1 3562//1
f 3869//1 3557//1 3556//1
f 3818//1 3505//1 3817//1
f 3817//1 3505//1 3504//1
f 4065//1 3757//1 3756//1
f 3776//1 3777//1 3464//1
f 3915//1 3602//1 3914//1
f 3939//1 3626//1 3938//1
f 3921//1 3609//1 3608//1
f 4178//1 3920//1 3919//1
f 4074//1 3770//1 3769//1
f 3779//1 3467//1 3466//1
f 3914//1 3602//1 3601//1
f 3913//1 3601//1 3600//1
f 4109//1 4277//1 3819//1
f 3883//1 3570//1 3882//1
f 3809//1 3810//1 3497//1
f 4270//1 4051//1 4269//1
f 4183//1 3927//1 3926//1
f 3927//1 3615//1 3614//1
f 3750//1 3438//1 3437//1
f 3747//1 3435//1 3434//1
f 3865//1 3553//1 3552//1
f 4391//1 4113//1 4319//1
f 3801//1 3489//1 3488//1
f 3801//1 3802//1 3489//1
f 3877//1 3565//1 3564//1
f 4147//1 4148//1 3875//1
f 4289//1 3942//1 3941//1
f 3839//1 3527//1 3526//1
f 4724//1 4460//1 4459//1
f 3934//1 3622//1 3621//1
f 4196//1 3946//1 3945//1
f 3838//1 3526//1 3525//1
f 4304//1 3782//1 3781//1
f 4321//1 4058//1 4057//1
f 3834//1 3522//1 3521//1
f 3834//1 3835//1 3522//1
f 4098//1 3804//1 3803//1
f 3829//1 3830//1 3517//1
f 3804//1 3805//1 3492//1
f 4102//1 3810//1 3809//1
f 4220//1 4316//1 3980//1
f 3978//1 3666//1 3665//1
f 3764//1 3452//1 3451//1
f 3765//1 3766//1 3453//1
f 3971//1 3659//1 3658//1
f 4496//1 4201//1 4200//1
f 3773//1 3461//1 3460//1
f 3773//1 3774//1 3461//1
f 3966//1 3654//1 3653//1
f 3967//1 3654//1 3966//1
f 3775//1 3463//1 3462//1
f 3775//1 3462//1 3774//1
f 3917//1 3605//1 3604//1
f 3917//1 3604//1 3916//1
f 4014//1 3702//1 3701//1
f 4012//1 3700//1 3699//1
f 5125//1 4863//1 4862//1
f 3755//1 3442//1 3744//1
f 3976//1 3664//1 3663//1
f 3975//1 3976//1 3663//1
f 3937//1 3625//1 3624//1
f 3937//1 3938//1 3625//1
f 3816//1 3504//1 3503//1
f 3816//1 3503//1 3815//1
f 3893//1 3894//1 3581//1
f 4137//1 3861//1 3860//1
f 3952//1 3640//1 3639//1
f 4217//1 4276//1 3975//1
f 4781//1 4517//1 4516//1
f 4276//1 3977//1 3976//1
f 3955//1 3643//1 3642//1
f 3955//1 3642//1 3954//1
f 4103//1 4312//1 3811//1
f 3880//1 3881//1 3568//1
f 3866//1 3553//1 3865//1
f 3868//1 3556//1 3555//1
f 3839//1 3526//1 3838//1
f 4097//1 4098//1 3803//1
f 3799//1 3487//1 3486//1
f 3799//1 3800//1 3487//1
f 3896//1 3584//1 3583//1
f 3896//1 3583//1 3895//1
f 4399//1 4121//1 4120//1
f 4299//1 3858//1 4136//1
f 3861//1 3862//1 3549//1
f 4140//1 3866//1 3865//1
f 3940//1 3941//1 3628//1
f 3901//1 3588//1 3900//1
f 4017//1 3705//1 3704//1
f 4249//1 4250//1 4023//1
f 4050//1 3738//1 3737//1
f 4050//1 3737//1 4049//1
f 3898//1 3586//1 3585//1
f 3897//1 3898//1 3585//1
f 3953//1 3641//1 3640//1
f 4296//1 3950//1 3949//1
f 3796//1 3483//1 3795//1
f 4092//1 3795//1 4293//1
f 4028//1 3716//1 3715//1
f 4027//1 4028//1 3715//1
f 4299//1 4137//1 3860//1
f 3842//1 3843//1 3530//1
f 4286//1 4042//1 4041//1
f 4280//1 3761//1 3760//1
f 4024//1 3712//1 3711//1
f 4025//1 3712//1 4024//1
f 3770//1 3458//1 3457//1
f 3771//1 3459//1 3458//1
f 3991//1 3678//1 3990//1
f 3990//1 3678//1 3677//1
f 4306//1 3846//1 3845//1
f 3849//1 3850//1 3537//1
f 4189//1 3935//1 3934//1
f 4136//1 3858//1 3857//1
f 4031//1 3719//1 3718//1
f 4263//1 4043//1 4042//1
f 3860//1 3548//1 3547//1
f 3860//1 3547//1 3859//1
f 3820//1 3508//1 3507//1
f 3820//1 3821//1 3508//1
f 3890//1 3578//1 3577//1
f 3891//1 3578//1 3890//1
f 4307//1 3925//1 3924//1
f 3924//1 3925//1 3612//1
f 4080//1 3778//1 3777//1
f 4111//1 3822//1 4110//1
f 4073//1 4308//1 3767//1
f 4051//1 3739//1 3738//1
f 3845//1 3533//1 3532//1
f 3845//1 3846//1 3533//1
f 3757//1 3445//1 3444//1
f 3757//1 3444//1 3756//1
f 4528//1 4318//1 4226//1
f 3950//1 3637//1 3949//1
f 4253//1 4295//1 4027//1
f 4015//1 4016//1 3703//1
f 3785//1 3473//1 3472//1
f 3784//1 3471//1 3783//1
f 3771//1 3458//1 3770//1
f 3764//1 3765//1 3452//1
f 3759//1 3446//1 3758//1
f 3760//1 3447//1 3759//1
f 4043//1 3730//1 4042//1
f 4247//1 4294//1 4019//1
f 3983//1 3984//1 3671//1
f 4221//1 3983//1 3982//1
f 3989//1 3677//1 3676//1
f 3988//1 3989//1 3676//1
f 4056//1 3755//1 3744//1
f 4238//1 4284//1 4006//1
f 4907//1 4908//1 4643//1
f 3864//1 3865//1 3552//1
f 4378//1 4103//1 4377//1
f 3823//1 3511//1 3510//1
f 3980//1 3668//1 3667//1
f 3980//1 3981//1 3668//1
f 4055//1 3743//1 3742//1
f 4055//1 3742//1 4054//1
f 4375//1 4101//1 4376//1
f 3811//1 3498//1 3810//1
f 4393//1 4394//1 4116//1
f 3837//1 3524//1 3836//1
f 4030//1 3718//1 3717//1
f 4295//1 4029//1 4028//1
f 4096//1 3802//1 3801//1
f 4080//1 4081//1 3778//1
f 3907//1 3595//1 3594//1
f 3904//1 3905//1 3592//1
f 3794//1 3482//1 3481//1
f 3794//1 3481//1 3793//1
f 3982//1 3669//1 3981//1
f 4543//1 4238//1 4542//1
f 4025//1 4026//1 3713//1
f 4064//1 3755//1 4056//1
f 3994//1 3682//1 3681//1
f 3994//1 3681//1 3993//1
f 4027//1 3715//1 3714//1
f 4027//1 3714//1 4026//1
f 3939//1 3940//1 3627//1
f 4171//1 3909//1 3908//1
f 3992//1 3993//1 3680//1
f 4284//1 4008//1 4007//1
f 4188//1 4189//1 3934//1
f 3956//1 3643//1 3955//1
f 3956//1 3644//1 3643//1
f 3956//1 3957//1 3644//1
f 4131//1 3852//1 4287//1
f 4111//1 3823//1 3822//1
f 3950//1 3638//1 3637//1
f 3950//1 3951//1 3638//1
f 4138//1 4139//1 3862//1
f 3858//1 3859//1 3546//1
f 4041//1 3729//1 3728//1
f 4041//1 4042//1 3729//1
f 3965//1 3653//1 3652//1
f 4310//1 3968//1 3967//1
f 4100//1 4283//1 3806//1
f 4273//1 3995//1 3994//1
f 4060//1 3748//1 4059//1
f 4253//1 4027//1 4026//1
f 3754//1 3443//1 3441//1
f 3754//1 3756//1 3443//1
f 4807//1 4543//1 4542//1
f 3995//1 3683//1 3682//1
f 3909//1 3597//1 3596//1
f 3909//1 3910//1 3597//1
f 4185//1 3930//1 4281//1
f 3928//1 3615//1 3927//1
f 4176//1 3918//1 3917//1
f 4451//1 4279//1 4163//1
f 4208//1 3962//1 3961//1
f 3972//1 3659//1 3971//1
f 4048//1 3736//1 3735//1
f 4048//1 4049//1 3736//1
f 3999//1 3687//1 3686//1
f 4273//1 3994//1 3993//1
f 3864//1 3552//1 3551//1
f 3864//1 3551//1 3863//1
f 4318//1 3989//1 3988//1
f 3996//1 3997//1 3684//1
f 3752//1 3441//1 3439//1
f 3752//1 3754//1 3441//1
f 4233//1 3999//1 3998//1
f 3990//1 3677//1 3989//1
f 4186//1 3932//1 3931//1
f 4107//1 3817//1 3816//1
f 3840//1 3528//1 3527//1
f 3840//1 3527//1 3839//1
f 3970//1 3658//1 3657//1
f 3970//1 3971//1 3658//1
f 3903//1 3591//1 3590//1
f 4165//1 3901//1 3900//1
f 4269//1 4051//1 4050//1
f 3747//1 3434//1 3745//1
f 4058//1 4059//1 3747//1
f 4066//1 3758//1 3757//1
f 3944//1 3632//1 3631//1
f 3944//1 3945//1 3632//1
f 4238//1 4006//1 4005//1
f 4006//1 3693//1 4005//1
f 3928//1 3616//1 3615//1
f 3928//1 3929//1 3616//1
f 3867//1 3554//1 3866//1
f 4292//1 3863//1 4139//1
f 4019//1 3706//1 4018//1
f 4020//1 3707//1 4019//1
f 3978//1 3979//1 3666//1
f 4193//1 4289//1 3941//1
f 4037//1 3725//1 3724//1
f 4037//1 4038//1 3725//1
f 3996//1 3684//1 3683//1
f 3996//1 3683//1 3995//1
f 3795//1 3483//1 3482//1
f 3795//1 3482//1 3794//1
f 3766//1 3454//1 3453//1
f 3766//1 3767//1 3454//1
f 3992//1 3679//1 3991//1
f 4228//1 3992//1 3991//1
f 4282//1 3962//1 4208//1
f 3961//1 3648//1 3960//1
f 4177//1 3919//1 3918//1
f 3919//1 3920//1 3607//1
f 4302//1 3938//1 3937//1
f 4190//1 3936//1 3935//1
f 3831//1 3519//1 3518//1
f 3831//1 3518//1 3830//1
f 4231//1 3997//1 3996//1
f 4031//1 3718//1 4030//1
f 3969//1 3657//1 3656//1
f 3969//1 3970//1 3657//1
f 3946//1 3634//1 3633//1
f 3946//1 3947//1 3634//1
f 4266//1 4267//1 4048//1
f 4376//1 4101//1 4283//1
f 4032//1 3720//1 3719//1
f 4032//1 4033//1 3720//1
f 4640//1 4641//1 4375//1
f 4217//1 3975//1 3974//1
f 3887//1 3574//1 3886//1
f 4142//1 4143//1 3868//1
f 4145//1 3870//1 4144//1
f 4254//1 4029//1 4295//1
f 4000//1 3688//1 3687//1
f 4000//1 3687//1 3999//1
f 3842//1 3530//1 3529//1
f 3842//1 3529//1 3841//1
f 3844//1 3532//1 3531//1
f 3844//1 3845//1 3532//1
f 4100//1 3806//1 3805//1
f 4459//1 4169//1 4458//1
f 3942//1 3630//1 3629//1
f 3943//1 3630//1 3942//1
f 4072//1 3765//1 4071//1
f 4497//1 4200//1 4296//1
f 3760//1 3448//1 3447//1
f 4293//1 3795//1 3794//1
f 4119//1 4120//1 3835//1
f 4356//1 4290//1 4085//1
f 3833//1 3521//1 3520//1
f 4407//1 4306//1 4127//1
f 3935//1 3623//1 3622//1
f 3935//1 3622//1 3934//1
f 3941//1 3629//1 3628//1
f 3941//1 3942//1 3629//1
f 3889//1 3577//1 3576//1
f 3889//1 3890//1 3577//1
f 4056//1 3743//1 4055//1
f 4242//1 4011//1 4241//1
f 4119//1 3835//1 3834//1
f 4296//1 3951//1 3950//1
f 4020//1 3708//1 3707//1
f 4466//1 4468//1 4274//1
f 4430//1 4146//1 4291//1
f 3873//1 3874//1 3561//1
f 3911//1 3599//1 3598//1
f 3911//1 3598//1 3910//1
f 4294//1 4020//1 4019//1
f 4228//1 3991//1 4227//1
f 4039//1 3727//1 3726//1
f 4039//1 3726//1 4038//1
f 3908//1 3595//1 3907//1
f 4169//1 3907//1 3906//1
f 4403//1 4124//1 4123//1
f 4148//1 3876//1 3875//1
f 3897//1 3585//1 3584//1
f 3897//1 3584//1 3896//1
f 4023//1 3710//1 4022//1
f 4262//1 4040//1 4039//1
f 3819//1 3507//1 3506//1
f 3819//1 3820//1 3507//1
f 3902//1 3590//1 3589//1
f 3902//1 3903//1 3590//1
f 4156//1 4157//1 3888//1
f 3885//1 3886//1 3573//1
f 4052//1 3740//1 3739//1
f 4052//1 3739//1 4051//1
f 4308//1 3768//1 3767//1
f 4672//1 4673//1 4409//1
f 3862//1 3863//1 3550//1
f 4142//1 3867//1 4141//1
f 3813//1 3500//1 3812//1
f 4114//1 4115//1 3828//1
f 4283//1 3807//1 3806//1
f 4118//1 3832//1 3831//1
f 3967//1 3655//1 3654//1
f 3967//1 3968//1 3655//1
f 3829//1 3517//1 3516//1
f 3829//1 3516//1 3828//1
f 3763//1 3450//1 3762//1
f 4063//1 4314//1 3753//1
f 4487//1 4193//1 4192//1
f 4239//1 4008//1 4284//1
f 4327//1 4317//1 4062//1
f 4060//1 3750//1 3748//1
f 4224//1 3986//1 3985//1
f 4316//1 3982//1 3981//1
f 4034//1 3721//1 4033//1
f 4259//1 4037//1 4036//1
f 3806//1 3494//1 3493//1
f 3806//1 3493//1 3805//1
f 3908//1 3909//1 3596//1
f 3900//1 3587//1 3899//1
f 4333//1 4067//1 4066//1
f 4320//1 3832//1 4118//1
f 4318//1 3990//1 3989//1
f 4197//1 3947//1 3946//1
f 3786//1 3473//1 3785//1
f 3784//1 3785//1 3472//1
f 3786//1 3474//1 3473//1
f 3786//1 3787//1 3474//1
f 4579//1 4580//1 4268//1
f 4067//1 3759//1 3758//1
f 3985//1 3673//1 3672//1
f 3985//1 3986//1 3673//1
f 4284//1 4007//1 4006//1
f 4274//1 4176//1 3917//1
f 4695//1 4430//1 4694//1
f 4367//1 4297//1 4094//1
f 4315//1 3904//1 3903//1
f 4174//1 3913//1 4173//1
f 4501//1 4203//1 4298//1
f 4213//1 3971//1 3970//1
f 3952//1 3639//1 3951//1
f 3952//1 3953//1 3640//1
f 4303//1 4033//1 4032//1
f 4407//1 4409//1 4306//1
f 3824//1 3512//1 3511//1
f 3824//1 3511//1 3823//1
f 3796//1 3797//1 3484//1
f 4245//1 4016//1 4301//1
f 3881//1 3569//1 3568//1
f 3881//1 3882//1 3569//1
f 4053//1 3741//1 3740//1
f 4053//1 3740//1 4052//1
f 3853//1 3541//1 3540//1
f 3853//1 3854//1 3541//1
f 3972//1 3660//1 3659//1
f 3972//1 3973//1 3660//1
f 4021//1 3709//1 3708//1
f 4021//1 4022//1 3709//1
f 3753//1 3440//1 3442//1
f 3753//1 3442//1 3755//1
f 3825//1 3513//1 3512//1
f 3825//1 3512//1 3824//1
f 3813//1 3501//1 3500//1
f 3813//1 3814//1 3501//1
f 3878//1 3566//1 3565//1
f 3878//1 3879//1 3566//1
f 4034//1 3722//1 3721//1
f 4034//1 4035//1 3722//1
f 3782//1 3470//1 3469//1
f 3782//1 3783//1 3470//1
f 3776//1 3464//1 3463//1
f 3776//1 3463//1 3775//1
f 4162//1 3896//1 3895//1
f 4174//1 3914//1 3913//1
f 3943//1 3631//1 3630//1
f 3943//1 3944//1 3631//1
f 4246//1 4018//1 4017//1
f 4202//1 4298//1 3954//1
f 3851//1 3539//1 3538//1
f 3852//1 3539//1 3851//1
f 3858//1 3546//1 3545//1
f 3858//1 3545//1 3857//1
f 4011//1 3699//1 3698//1
f 4011//1 3698//1 4010//1
f 3761//1 3449//1 3448//1
f 3761//1 3762//1 3449//1
f 3873//1 3561//1 3560//1
f 3873//1 3560//1 3872//1
f 3811//1 3499//1 3498//1
f 3811//1 3812//1 3499//1
f 3899//1 3587//1 3586//1
f 3899//1 3586//1 3898//1
f 3933//1 3621//1 3620//1
f 3933//1 3934//1 3621//1
f 3923//1 3611//1 3610//1
f 3923//1 3610//1 3922//1
f 3998//1 3686//1 3685//1
f 3998//1 3685//1 3997//1
f 3769//1 3457//1 3456//1
f 3769//1 3770//1 3457//1
f 4223//1 3985//1 3984//1
f 3778//1 3465//1 3777//1
f 4043//1 3731//1 3730//1
f 4043//1 4044//1 3731//1
f 4255//1 4031//1 4030//1
f 4530//1 4228//1 4227//1
f 4006//1 3694//1 3693//1
f 4006//1 4007//1 3694//1
f 4477//1 4281//1 4184//1
f 4070//1 3764//1 3763//1
f 3893//1 3581//1 3580//1
f 3893//1 3580//1 3892//1
f 3818//1 3506//1 3505//1
f 3818//1 3819//1 3506//1
f 4715//1 4716//1 4451//1
f 4285//1 3774//1 3773//1
f 4158//1 3892//1 3891//1
f 4060//1 4061//1 3750//1
f 3961//1 3649//1 3648//1
f 3961//1 3962//1 3649//1
f 4174//1 4175//1 3914//1
f 4582//1 4583//1 4271//1
f 3912//1 3600//1 3599//1
f 3912//1 3599//1 3911//1
f 4058//1 3747//1 3745//1
f 4445//1 4159//1 4158//1
f 4163//1 3897//1 3896//1
f 4142//1 3868//1 3867//1
f 4802//1 4538//1 4537//1
f 3888//1 3575//1 3887//1
f 3964//1 3652//1 3651//1
f 3964//1 3965//1 3652//1
f 3982//1 3670//1 3669//1
f 3982//1 3983//1 3670//1
f 4319//1 3826//1 3825//1
f 4122//1 3840//1 3839//1
f 4081//1 3779//1 3778//1
f 4074//1 3769//1 4308//1
f 3867//1 3555//1 3554//1
f 3867//1 3868//1 3555//1
f 4062//1 3751//1 4061//1
f 4575//1 4264//1 4574//1
f 3826//1 3513//1 3825//1
f 4279//1 3898//1 3897//1
f 3915//1 3603//1 3602//1
f 3915//1 3916//1 3603//1
f 4047//1 3735//1 3734//1
f 4047//1 4048//1 3735//1
f 4457//1 4168//1 4167//1
f 3849//1 3536//1 3848//1
f 4210//1 4211//1 3966//1
f 4003//1 4004//1 3691//1
f 4297//1 3800//1 3799//1
f 4290//1 3786//1 3785//1
f 4040//1 3728//1 3727//1
f 4040//1 3727//1 4039//1
f 3871//1 3872//1 3559//1
f 4413//1 4412//1 4131//1
f 3891//1 3579//1 3578//1
f 3891//1 3892//1 3579//1
f 3883//1 3571//1 3570//1
f 3883//1 3884//1 3571//1
f 3768//1 3456//1 3455//1
f 3768//1 3769//1 3456//1
f 4129//1 3849//1 3848//1
f 4154//1 3884//1 3883//1
f 3975//1 3663//1 3662//1
f 3975//1 3662//1 3974//1
f 3772//1 3460//1 3459//1
f 3772//1 3773//1 3460//1
f 4013//1 3701//1 3700//1
f 4013//1 4014//1 3701//1
f 4341//1 4073//1 4340//1
f 3807//1 3494//1 3806//1
f 3778//1 3466//1 3465//1
f 3778//1 3779//1 3466//1
f 4068//1 3762//1 3761//1
f 4506//1 4282//1 4208//1
f 4127//1 3845//1 3844//1
f 4178//1 3919//1 4177//1
f 3852//1 3540//1 3539//1
f 3852//1 3853//1 3540//1
f 4045//1 3733//1 3732//1
f 4045//1 4046//1 3733//1
f 3832//1 3520//1 3519//1
f 3832//1 3519//1 3831//1
f 3847//1 3535//1 3534//1
f 3847//1 3534//1 3846//1
f 3807//1 3495//1 3494//1
f 3807//1 3808//1 3495//1
f 3948//1 3636//1 3635//1
f 3948//1 3949//1 3636//1
f 3792//1 3480//1 3479//1
f 3792//1 3793//1 3480//1
f 3918//1 3606//1 3605//1
f 3918//1 3605//1 3917//1
f 4088//1 3790//1 3789//1
f 4300//1 3876//1 4148//1
f 4267//1 4049//1 4048//1
f 4076//1 3772//1 3771//1
f 3837//1 3525//1 3524//1
f 3837//1 3838//1 3525//1
f 4256//1 4303//1 4032//1
f 4308//1 3769//1 3768//1
f 4177//1 3918//1 4176//1
f 4435//1 4300//1 4433//1
f 4075//1 4076//1 3771//1
f 4309//1 3890//1 3889//1
f 3826//1 3514//1 3513//1
f 3826//1 3827//1 3514//1
f 4324//1 4060//1 4059//1
f 4280//1 3759//1 4067//1
f 4465//1 4175//1 4174//1
f 4563//1 4254//1 4295//1
f 3871//1 3559//1 3558//1
f 3871//1 3558//1 3870//1
f 4061//1 3751//1 3750//1
f 4268//1 4269//1 4050//1
f 4144//1 3870//1 3869//1
f 4196//1 4197//1 3946//1
f 3745//1 3434//1 3433//1
f 3745//1 3433//1 3746//1
f 4001//1 3689//1 3688//1
f 4001//1 3688//1 4000//1
f 3855//1 3543//1 3542//1
f 3855//1 3542//1 3854//1
f 4086//1 3788//1 3787//1
f 4288//1 3885//1 3884//1
f 3781//1 3469//1 3468//1
f 3781//1 3782//1 3469//1
f 4314//1 3746//1 3749//1
f 4371//1 4098//1 4097//1
f 4059//1 3748//1 3747//1
f 4304//1 3781//1 3780//1
f 3963//1 3651//1 3650//1
f 3963//1 3964//1 3651//1
f 4003//1 3691//1 3690//1
f 4003//1 3690//1 4002//1
f 3930//1 3618//1 3617//1
f 3930//1 3931//1 3618//1
f 3936//1 3624//1 3623//1
f 3936//1 3623//1 3935//1
f 3788//1 3476//1 3475//1
f 3788//1 3475//1 3787//1
f 4008//1 3696//1 3695//1
f 4008//1 4009//1 3696//1
f 3751//1 3439//1 3438//1
f 3751//1 3752//1 3439//1
f 3959//1 3647//1 3646//1
f 3959//1 3960//1 3647//1
f 4078//1 3776//1 3775//1
f 4230//1 3995//1 4273//1
f 4426//1 4143//1 4142//1
f 4175//1 3915//1 3914//1
f 3977//1 3665//1 3664//1
f 3977//1 3664//1 3976//1
f 4313//1 3912//1 3911//1
f 4160//1 3893//1 4159//1
f 4233//1 3998//1 4232//1
f 4301//1 4016//1 4015//1
f 4135//1 3856//1 4134//1
f 4139//1 3863//1 3862//1
f 4492//1 4196//1 4491//1
f 4463//1 4173//1 4313//1
f 4473//1 4307//1 4181//1
f 4230//1 3996//1 3995//1
f 4161//1 4162//1 3895//1
f 4438//1 4152//1 4437//1
f 4300//1 3877//1 3876//1
f 4152//1 3881//1 4151//1
f 4091//1 3793//1 3792//1
f 4280//1 4068//1 3761//1
f 4435//1 4149//1 4300//1
f 4152//1 4153//1 3882//1
f 4241//1 4011//1 4010//1
f 4201//1 3953//1 3952//1
f 4661//1 4663//1 4398//1
f 4529//1 4318//1 4528//1
f 4523//1 4221//1 4316//1
f 4531//1 4229//1 4228//1
f 4089//1 3790//1 4088//1
f 4585//1 4321//1 4586//1
f 4281//1 3929//1 3928//1
f 4566//1 4258//1 4257//1
f 4149//1 3879//1 3878//1
f 4448//1 4160//1 4447//1
f 4108//1 3817//1 4107//1
f 4385//1 4109//1 4384//1
f 4561//1 4563//1 4295//1
f 4259//1 4260//1 4037//1
f 4380//1 4379//1 4104//1
f 4319//1 3825//1 3824//1
f 4571//1 4262//1 4261//1
f 4261//1 4038//1 4260//1
f 4379//1 4105//1 4104//1
f 4962//1 4963//1 4698//1
f 4116//1 3830//1 3829//1
f 4116//1 3829//1 4115//1
f 4187//1 3932//1 4186//1
f 4412//1 4132//1 4131//1
f 4181//1 3923//1 3922//1
f 4455//1 4315//1 4166//1
f 4555//1 4294//1 4554//1
f 4252//1 4025//1 4251//1
f 4316//1 3981//1 3980//1
f 4225//1 3986//1 4224//1
f 4251//1 4024//1 4250//1
f 4326//1 4062//1 4061//1
f 4161//1 3895//1 3894//1
f 4160//1 3894//1 3893//1
f 4328//1 4314//1 4063//1
f 4328//1 4322//1 4314//1
f 4138//1 3862//1 3861//1
f 4138//1 3861//1 4137//1
f 4618//1 4355//1 4353//1
f 4363//1 4293//1 4091//1
f 4095//1 3801//1 3800//1
f 4095//1 3800//1 4297//1
f 4075//1 3771//1 3770//1
f 4075//1 3770//1 4074//1
f 4281//1 3930//1 3929//1
f 4470//1 4471//1 4179//1
f 4157//1 3889//1 3888//1
f 4157//1 4309//1 3889//1
f 4317//1 3754//1 3752//1
f 4062//1 4317//1 3752//1
f 4491//1 4196//1 4195//1
f 4200//1 3951//1 4296//1
f 4278//1 3838//1 3837//1
f 4278//1 3837//1 4121//1
f 4232//1 3998//1 3997//1
f 4232//1 3997//1 4231//1
f 4511//1 4213//1 4212//1
f 4214//1 3972//1 3971//1
f 4299//1 3859//1 3858//1
f 4299//1 3860//1 3859//1
f 4468//1 4176//1 4274//1
f 4182//1 3925//1 4307//1
f 4314//1 3749//1 3753//1
f 4840//1 4576//1 4575//1
f 4787//1 4524//1 4522//1
f 4242//1 4012//1 4011//1
f 4089//1 3791//1 3790//1
f 4089//1 4090//1 3791//1
f 4388//1 4112//1 4111//1
f 4443//1 4157//1 4156//1
f 4621//1 4358//1 4356//1
f 4112//1 4319//1 3824//1
f 4258//1 4036//1 4035//1
f 4259//1 4036//1 4258//1
f 4657//1 4392//1 4656//1
f 4107//1 3816//1 4106//1
f 4547//1 4242//1 4241//1
f 4358//1 4086//1 4290//1
f 4163//1 4279//1 3897//1
f 4452//1 4165//1 4164//1
f 4085//1 4290//1 3785//1
f 4598//1 4334//1 4333//1
f 4166//1 3902//1 3901//1
f 4166//1 3901//1 4165//1
f 4130//1 3850//1 3849//1
f 4130//1 3849//1 4129//1
f 4168//1 3906//1 3905//1
f 4168//1 4169//1 3906//1
f 4561//1 4253//1 4560//1
f 4239//1 4009//1 4008//1
f 4491//1 4195//1 4489//1
f 4502//1 4205//1 4204//1
f 4077//1 3775//1 3774//1
f 4077//1 3774//1 4285//1
f 4117//1 3831//1 3830//1
f 4117//1 3830//1 4116//1
f 4170//1 3908//1 3907//1
f 4170//1 4171//1 3908//1
f 4727//1 4463//1 4462//1
f 4292//1 3864//1 3863//1
f 4212//1 3970//1 3969//1
f 4212//1 3969//1 4310//1
f 4087//1 4088//1 3789//1
f 4370//1 4097//1 4096//1
f 4550//1 4552//1 4301//1
f 4552//1 4245//1 4301//1
f 4307//1 3924//1 3923//1
f 4307//1 3923//1 4181//1
f 4449//1 4450//1 4162//1
f 4471//1 4180//1 4179//1
f 4113//1 4114//1 3827//1
f 4336//1 4335//1 4068//1
f 4097//1 3803//1 3802//1
f 4097//1 3802//1 4096//1
f 4104//1 3814//1 3813//1
f 4104//1 4105//1 3814//1
f 4286//1 4041//1 4040//1
f 4286//1 4040//1 4262//1
f 4588//1 4324//1 4323//1
f 4280//1 3760//1 3759//1
f 4298//1 3956//1 3955//1
f 4298//1 4203//1 3956//1
f 4057//1 4058//1 3745//1
f 4973//1 4708//1 4972//1
f 4079//1 3777//1 3776//1
f 4079//1 3776//1 4078//1
f 4578//1 4577//1 4266//1
f 4311//1 4046//1 4045//1
f 4106//1 3816//1 3815//1
f 4106//1 3815//1 4105//1
f 4204//1 3958//1 3957//1
f 4204//1 3957//1 4203//1
f 4448//1 4161//1 4160//1
f 4150//1 4151//1 3880//1
f 4549//1 4244//1 4243//1
f 4522//1 4222//1 4221//1
f 4315//1 3903//1 3902//1
f 4315//1 3902//1 4166//1
f 4209//1 4210//1 3965//1
f 4508//1 4209//1 4282//1
f 4481//1 4188//1 4187//1
f 4180//1 3921//1 4179//1
f 4578//1 4266//1 4311//1
f 4266//1 4048//1 4047//1
f 4702//1 4438//1 4437//1
f 4156//1 3888//1 3887//1
f 4070//1 3763//1 4069//1
f 4392//1 4393//1 4115//1
f 4235//1 4000//1 4234//1
f 4273//1 3993//1 4229//1
f 4227//1 3991//1 3990//1
f 4227//1 3990//1 4318//1
f 4131//1 3853//1 3852//1
f 4287//1 3852//1 3851//1
f 4503//1 4504//1 4206//1
f 4226//1 3988//1 3987//1
f 4234//1 4000//1 3999//1
f 4233//1 4234//1 3999//1
f 4188//1 3934//1 3933//1
f 4187//1 3933//1 3932//1
f 4145//1 3871//1 3870//1
f 4145//1 4291//1 3871//1
f 4344//1 4075//1 4343//1
f 4347//1 4077//1 4285//1
f 4243//1 4013//1 4012//1
f 4242//1 4243//1 4012//1
f 4619//1 4353//1 4354//1
f 4678//1 4412//1 4677//1
f 4261//1 4039//1 4038//1
f 4261//1 4262//1 4039//1
f 4218//1 3978//1 3977//1
f 4218//1 3977//1 4276//1
f 4090//1 3792//1 3791//1
f 4090//1 4091//1 3792//1
f 4083//1 3783//1 3782//1
f 4083//1 4084//1 3783//1
f 4513//1 4514//1 4214//1
f 4214//1 3971//1 4213//1
f 4294//1 4021//1 4020//1
f 4294//1 4248//1 4021//1
f 4230//1 4231//1 3996//1
f 4508//1 4282//1 4506//1
f 4113//1 3827//1 3826//1
f 4113//1 3826//1 4319//1
f 4066//1 4067//1 3758//1
f 4066//1 3757//1 4065//1
f 4155//1 3886//1 4288//1
f 4154//1 4288//1 3884//1
f 4268//1 4050//1 4049//1
f 4268//1 4049//1 4267//1
f 4212//1 4213//1 3970//1
f 4517//1 4518//1 4276//1
f 4118//1 3831//1 4117//1
f 4122//1 4123//1 3840//1
f 4082//1 3780//1 3779//1
f 4082//1 4304//1 3780//1
f 4125//1 3843//1 3842//1
f 4126//1 3843//1 4125//1
f 4613//1 4349//1 4348//1
f 4364//1 4093//1 4092//1
f 4184//1 3928//1 3927//1
f 4184//1 3927//1 4183//1
f 4172//1 3910//1 3909//1
f 4172//1 3909//1 4171//1
f 4257//1 4035//1 4034//1
f 4257//1 4258//1 4035//1
f 4164//1 3900//1 3899//1
f 4164//1 4165//1 3900//1
f 4159//1 3893//1 3892//1
f 4159//1 3892//1 4158//1
f 4182//1 3926//1 3925//1
f 4182//1 4183//1 3926//1
f 4382//1 4107//1 4106//1
f 4550//1 4301//1 4244//1
f 4250//1 4024//1 4023//1
f 4538//1 4234//1 4537//1
f 4549//1 4550//1 4244//1
f 4237//1 4005//1 4004//1
f 4312//1 3813//1 3812//1
f 4312//1 4104//1 3813//1
f 4224//1 3985//1 4223//1
f 4221//1 3982//1 4316//1
f 4272//1 4056//1 4055//1
f 4272//1 4064//1 4056//1
f 4279//1 3899//1 3898//1
f 4279//1 4164//1 3899//1
f 5072//1 4808//1 4807//1
f 4167//1 3904//1 4315//1
f 4206//1 3960//1 3959//1
f 4207//1 3960//1 4206//1
f 4244//1 4014//1 4013//1
f 4244//1 4013//1 4243//1
f 4287//1 3851//1 3850//1
f 4287//1 3850//1 4130//1
f 4069//1 3763//1 3762//1
f 4069//1 3762//1 4068//1
f 4290//1 3787//1 3786//1
f 4290//1 4086//1 3787//1
f 4431//1 4147//1 4146//1
f 4536//1 4232//1 4535//1
f 4247//1 4019//1 4018//1
f 4247//1 4018//1 4246//1
f 4532//1 4273//1 4229//1
f 4482//1 4189//1 4188//1
f 4747//1 4483//1 4482//1
f 4380//1 4104//1 4312//1
f 4459//1 4170//1 4169//1
f 4440//1 4442//1 4288//1
f 4163//1 3896//1 4162//1
f 4440//1 4288//1 4154//1
f 4195//1 4196//1 3945//1
f 4194//1 3944//1 3943//1
f 4538//1 4235//1 4234//1
f 4529//1 4227//1 4318//1
f 4631//1 4367//1 4366//1
f 4377//1 4103//1 4102//1
f 4134//1 3856//1 3855//1
f 4134//1 3855//1 4133//1
f 4099//1 3805//1 3804//1
f 4099//1 3804//1 4098//1
f 4229//1 3993//1 3992//1
f 4229//1 3992//1 4228//1
f 4302//1 3937//1 3936//1
f 4190//1 4302//1 3936//1
f 4281//1 3928//1 4184//1
f 4185//1 4186//1 3931//1
f 4124//1 3842//1 3841//1
f 4124//1 4125//1 3842//1
f 4219//1 3978//1 4218//1
f 4567//1 4257//1 4303//1
f 4126//1 3844//1 3843//1
f 4126//1 4127//1 3844//1
f 4277//1 3821//1 3820//1
f 4277//1 4110//1 3821//1
f 4200//1 3952//1 3951//1
f 4200//1 4201//1 3952//1
f 4245//1 4017//1 4016//1
f 4245//1 4246//1 4017//1
f 4548//1 4242//1 4547//1
f 4540//1 4236//1 4305//1
f 4360//1 4088//1 4359//1
f 4336//1 4068//1 4280//1
f 4428//1 4145//1 4144//1
f 4882//1 4619//1 4617//1
f 4087//1 3789//1 3788//1
f 4087//1 3788//1 4086//1
f 4446//1 4158//1 4309//1
f 4450//1 4163//1 4162//1
f 4274//1 3916//1 3915//1
f 4274//1 3917//1 3916//1
f 4565//1 4256//1 4564//1
f 4558//1 4250//1 4557//1
f 4143//1 3869//1 3868//1
f 4143//1 4144//1 3869//1
f 4303//1 4034//1 4033//1
f 4303//1 4257//1 4034//1
f 4192//1 3940//1 3939//1
f 4449//1 4162//1 4161//1
f 4082//1 3779//1 4081//1
f 4650//1 4387//1 4385//1
f 4167//1 3905//1 3904//1
f 4167//1 4168//1 3905//1
f 4572//1 4286//1 4262//1
f 4264//1 4044//1 4043//1
f 4057//1 3745//1 3746//1
f 4057//1 3746//1 4314//1
f 4121//1 3837//1 3836//1
f 4121//1 3836//1 4120//1
f 4779//1 4514//1 4778//1
f 4514//1 4215//1 4214//1
f 4437//1 4152//1 4151//1
f 4560//1 4253//1 4252//1
f 4514//1 4515//1 4215//1
f 5237//1 5001//1 5000//1
f 4507//1 4210//1 4209//1
f 4282//1 3963//1 3962//1
f 4351//1 4082//1 4081//1
f 4544//1 4239//1 4284//1
f 4275//1 4055//1 4054//1
f 4275//1 4272//1 4055//1
f 4146//1 3874//1 3873//1
f 4146//1 3873//1 4291//1
f 4644//1 4379//1 4380//1
f 4360//1 4089//1 4088//1
f 4063//1 3753//1 3755//1
f 4063//1 3755//1 4064//1
f 4198//1 3948//1 3947//1
f 4198//1 3947//1 4197//1
f 4282//1 3964//1 3963//1
f 4282//1 4209//1 3964//1
f 4829//1 4564//1 4828//1
f 4320//1 3833//1 3832//1
f 4094//1 4297//1 3798//1
f 4661//1 4398//1 4396//1
f 4551//1 4553//1 4246//1
f 4469//1 4178//1 4177//1
f 4283//1 3808//1 3807//1
f 4101//1 3808//1 4283//1
f 4123//1 3841//1 3840//1
f 4123//1 4124//1 3841//1
f 4141//1 3867//1 3866//1
f 4141//1 3866//1 4140//1
f 4474//1 4476//1 4183//1
f 4512//1 4310//1 4510//1
f 4329//1 4063//1 4064//1
f 4463//1 4313//1 4462//1
f 4320//1 3834//1 3833//1
f 4320//1 4119//1 3834//1
f 4305//1 4002//1 4001//1
f 4305//1 4001//1 4235//1
f 4240//1 4010//1 4009//1
f 4240//1 4009//1 4239//1
f 4222//1 3984//1 3983//1
f 4222//1 3983//1 4221//1
f 4620//1 4355//1 4618//1
f 4324//1 4059//1 4323//1
f 4179//1 3921//1 3920//1
f 4179//1 3920//1 4178//1
f 4071//1 3765//1 3764//1
f 4071//1 3764//1 4070//1
f 4554//1 4294//1 4247//1
f 4547//1 4241//1 4546//1
f 4191//1 3939//1 3938//1
f 4191//1 3938//1 4302//1
f 4180//1 3922//1 3921//1
f 4180//1 4181//1 3922//1
f 4537//1 4234//1 4233//1
f 4557//1 4250//1 4249//1
f 4485//1 4191//1 4302//1
f 4466//1 4175//1 4465//1
f 4596//1 4333//1 4331//1
f 4359//1 4088//1 4087//1
f 4153//1 3883//1 3882//1
f 4153//1 4154//1 3883//1
f 4216//1 3974//1 3973//1
f 4215//1 4216//1 3973//1
f 4264//1 4043//1 4263//1
f 4264//1 4265//1 4044//1
f 4292//1 3865//1 3864//1
f 4292//1 4140//1 3865//1
f 4694//1 4430//1 4429//1
f 4530//1 4531//1 4228//1
f 4128//1 3848//1 3847//1
f 4128//1 4129//1 3848//1
f 4430//1 4431//1 4146//1
f 4804//1 4805//1 4540//1
f 4583//1 4275//1 4271//1
f 4062//1 3752//1 3751//1
f 4300//1 3878//1 3877//1
f 4300//1 4149//1 3878//1
f 4515//1 4216//1 4215//1
f 4217//1 3974//1 4216//1
f 4271//1 4275//1 4053//1
f 4574//1 4264//1 4263//1
f 4337//1 4070//1 4069//1
f 4100//1 3805//1 4099//1
f 4202//1 3954//1 3953//1
f 4202//1 3953//1 4201//1
f 4562//1 4254//1 4563//1
f 4095//1 4096//1 3801//1
f 4527//1 4528//1 4226//1
f 4479//1 4185//1 4478//1
f 4278//1 3839//1 3838//1
f 4278//1 4122//1 3839//1
f 4317//1 3756//1 3754//1
f 4317//1 4065//1 3756//1
f 4480//1 4187//1 4186//1
f 4752//1 4488//1 4487//1
f 4313//1 3911//1 3910//1
f 4313//1 3910//1 4172//1
f 4207//1 3961//1 3960//1
f 4207//1 4208//1 3961//1
f 4173//1 3913//1 3912//1
f 4173//1 3912//1 4313//1
f 4424//1 4140//1 4292//1
f 4458//1 4169//1 4168//1
f 4347//1 4346//1 4077//1
f 4628//1 4365//1 4363//1
f 4306//1 3847//1 3846//1
f 4306//1 4128//1 3847//1
f 4236//1 4004//1 4003//1
f 4236//1 4003//1 4305//1
f 4205//1 3959//1 3958//1
f 4205//1 4206//1 3959//1
f 4425//1 4142//1 4141//1
f 4190//1 3935//1 4189//1
f 4085//1 3785//1 3784//1
f 4085//1 3784//1 4084//1
f 4423//1 4425//1 4141//1
f 4420//1 4137//1 4299//1
f 4103//1 3811//1 3810//1
f 4103//1 3810//1 4102//1
f 4187//1 4188//1 3933//1
f 4475//1 4182//1 4307//1
f 4415//1 4133//1 4414//1
f 4436//1 4151//1 4150//1
f 4225//1 3987//1 3986//1
f 4225//1 4226//1 3987//1
f 4135//1 3857//1 3856//1
f 4135//1 4136//1 3857//1
f 4072//1 3766//1 3765//1
f 4072//1 4073//1 3766//1
f 4293//1 3794//1 3793//1
f 4293//1 3793//1 4091//1
f 4155//1 3887//1 3886//1
f 4155//1 4156//1 3887//1
f 4692//1 4428//1 4427//1
f 4393//1 4116//1 4115//1
f 4237//1 4238//1 4005//1
f 4237//1 4004//1 4236//1
f 4199//1 3949//1 3948//1
f 4199//1 3948//1 4198//1
f 4193//1 3941//1 3940//1
f 4193//1 3940//1 4192//1
f 4418//1 4420//1 4299//1
f 4643//1 4644//1 4380//1
f 4446//1 4445//1 4158//1
f 4526//1 4225//1 4224//1
f 4569//1 4260//1 4259//1
f 4542//1 4238//1 4237//1
f 4092//1 3796//1 3795//1
f 4092//1 4093//1 3796//1
f 4576//1 4578//1 4311//1
f 4520//1 4220//1 4219//1
f 4384//1 4109//1 4108//1
f 4343//1 4075//1 4074//1
f 4220//1 3980//1 3979//1
f 4220//1 3979//1 4219//1
f 4434//1 4436//1 4150//1
f 4322//1 4057//1 4314//1
f 4587//1 4322//1 4328//1
f 4398//1 4397//1 4119//1
f 4094//1 3798//1 3797//1
f 4094//1 3797//1 4093//1
f 4561//1 4295//1 4253//1
f 4556//1 4249//1 4248//1
f 4132//1 3854//1 3853//1
f 4132//1 3853//1 4131//1
f 4466//1 4274//1 4175//1
f 4487//1 4488//1 4193//1
f 4270//1 4052//1 4051//1
f 4270//1 4271//1 4052//1
f 4254//1 4030//1 4029//1
f 4254//1 4255//1 4030//1
f 4475//1 4307//1 4473//1
f 4505//1 4506//1 4208//1
f 4101//1 3809//1 3808//1
f 4101//1 4102//1 3809//1
f 4249//1 4023//1 4022//1
f 4249//1 4022//1 4248//1
f 4252//1 4026//1 4025//1
f 4252//1 4253//1 4026//1
f 4442//1 4155//1 4288//1
f 4444//1 4157//1 4443//1
f 4555//1 4248//1 4294//1
f 4813//1 4814//1 4549//1
f 4499//1 4501//1 4298//1
f 4456//1 4167//1 4315//1
f 4256//1 4032//1 4031//1
f 4256//1 4031//1 4255//1
f 4387//1 4110//1 4277//1
f 4382//1 4106//1 4381//1
f 4108//1 3818//1 3817//1
f 4108//1 4109//1 3818//1
f 4311//1 4047//1 4046//1
f 4311//1 4266//1 4047//1
f 4150//1 3880//1 3879//1
f 4150//1 3879//1 4149//1
f 4112//1 3824//1 3823//1
f 4112//1 3823//1 4111//1
f 4195//1 3945//1 3944//1
f 4195//1 3944//1 4194//1
f 4577//1 4267//1 4266//1
f 4622//1 4357//1 4623//1
f 4574//1 4263//1 4573//1
f 4385//1 4277//1 4109//1
f 4413//1 4131//1 4287//1
f 4334//1 4067//1 4333//1
f 4541//1 4542//1 4237//1
f 4489//1 4195//1 4194//1
f 4383//1 4107//1 4382//1
f 4366//1 4093//1 4364//1
f 4419//1 4421//1 4138//1
f 4433//1 4300//1 4148//1
f 4533//1 4230//1 4534//1
f 4532//1 4229//1 4531//1
f 4601//1 4337//1 4335//1
f 4761//1 4498//1 4496//1
f 4521//1 4220//1 4520//1
f 4493//1 4494//1 4198//1
f 4535//1 4232//1 4231//1
f 4534//1 4230//1 4273//1
f 4340//1 4073//1 4072//1
f 4341//1 4308//1 4073//1
f 4338//1 4070//1 4337//1
f 4375//1 4377//1 4102//1
f 4405//1 4125//1 4404//1
f 4422//1 4292//1 4139//1
f 4738//1 4475//1 4473//1
f 4472//1 4473//1 4181//1
f 4539//1 4305//1 4235//1
f 4799//1 4535//1 4533//1
f 4556//1 4557//1 4249//1
f 4815//1 4552//1 4550//1
f 4326//1 4327//1 4062//1
f 4602//1 4338//1 4337//1
f 4400//1 4121//1 4399//1
f 4385//1 4387//1 4277//1
f 4539//1 4235//1 4538//1
f 4539//1 4540//1 4305//1
f 4642//1 4643//1 4378//1
f 4373//1 4374//1 4100//1
f 4500//1 4502//1 4204//1
f 4510//1 4310//1 4211//1
f 4415//1 4134//1 4133//1
f 4416//1 4135//1 4134//1
f 4338//1 4071//1 4070//1
f 4338//1 4339//1 4071//1
f 4358//1 4290//1 4356//1
f 4358//1 4357//1 4086//1
f 4335//1 4069//1 4068//1
f 4335//1 4337//1 4069//1
f 4369//1 4095//1 4297//1
f 4369//1 4297//1 4367//1
f 4398//1 4119//1 4320//1
f 4404//1 4125//1 4124//1
f 4637//1 4373//1 4372//1
f 4371//1 4097//1 4370//1
f 4817//1 4551//1 4552//1
f 4819//1 4820//1 4555//1
f 4357//1 4087//1 4086//1
f 4357//1 4359//1 4087//1
f 4496//1 4200//1 4497//1
f 4498//1 4201//1 4496//1
f 5029//1 4766//1 4764//1
f 4499//1 4298//1 4202//1
f 4329//1 4064//1 4330//1
f 5083//1 4819//1 4818//1
f 4395//1 4396//1 4118//1
f 4396//1 4320//1 4118//1
f 4521//1 4316//1 4220//1
f 4523//1 4316//1 4521//1
f 4617//1 4354//1 4352//1
f 4341//1 4342//1 4308//1
f 4495//1 4199//1 4494//1
f 4494//1 4199//1 4198//1
f 4429//1 4430//1 4291//1
f 4429//1 4291//1 4145//1
f 4374//1 4283//1 4100//1
f 4374//1 4376//1 4283//1
f 4519//1 4219//1 4218//1
f 4519//1 4520//1 4219//1
f 4744//1 4480//1 4479//1
f 4470//1 4179//1 4178//1
f 4701//1 4437//1 4436//1
f 4432//1 4147//1 4431//1
f 4408//1 4129//1 4128//1
f 4408//1 4128//1 4409//1
f 4758//1 4494//1 4493//1
f 4759//1 4495//1 4494//1
f 4525//1 4526//1 4224//1
f 4665//1 4402//1 4400//1
f 4516//1 4517//1 4217//1
f 4773//1 4772//1 4507//1
f 4457//1 4458//1 4168//1
f 4719//1 4455//1 4454//1
f 4503//1 4206//1 4205//1
f 4503//1 4205//1 4502//1
f 4490//1 4194//1 4289//1
f 4490//1 4489//1 4194//1
f 4714//1 4450//1 4449//1
f 4459//1 4460//1 4170//1
f 4402//1 4122//1 4278//1
f 4400//1 4278//1 4121//1
f 4464//1 4174//1 4173//1
f 4464//1 4465//1 4174//1
f 4854//1 4590//1 4589//1
f 5168//1 4915//1 5167//1
f 4565//1 4303//1 4256//1
f 4562//1 4255//1 4254//1
f 4488//1 4289//1 4193//1
f 4488//1 4490//1 4289//1
f 4691//1 4426//1 4690//1
f 4426//1 4142//1 4425//1
f 4452//1 4454//1 4165//1
f 4451//1 4163//1 4450//1
f 4510//1 4211//1 4509//1
f 4512//1 4212//1 4310//1
f 4498//1 4202//1 4201//1
f 4498//1 4499//1 4202//1
f 4846//1 4582//1 4581//1
f 4660//1 4661//1 4396//1
f 4447//1 4160//1 4159//1
f 4447//1 4159//1 4445//1
f 4584//1 4272//1 4275//1
f 4584//1 4275//1 4583//1
f 5184//1 4936//1 4935//1
f 4427//1 4143//1 4426//1
f 4580//1 4269//1 4268//1
f 5103//1 4839//1 4838//1
f 4519//1 4218//1 4518//1
f 4786//1 4521//1 4785//1
f 4679//1 4415//1 4414//1
f 4410//1 4129//1 4408//1
f 4368//1 4096//1 4095//1
f 4368//1 4095//1 4369//1
f 4397//1 4120//1 4119//1
f 4397//1 4399//1 4120//1
f 4355//1 4085//1 4084//1
f 4355//1 4356//1 4085//1
f 4390//1 4113//1 4391//1
f 5333//1 4954//1 5200//1
f 4861//1 4596//1 4597//1
f 4731//1 4466//1 4730//1
f 4704//1 4440//1 4439//1
f 4683//1 4420//1 4418//1
f 4835//1 4571//1 4570//1
f 4788//1 4787//1 4522//1
f 4558//1 4251//1 4250//1
f 4559//1 4251//1 4558//1
f 4684//1 4421//1 4419//1
f 4429//1 4145//1 4428//1
f 4536//1 4233//1 4232//1
f 4536//1 4537//1 4233//1
f 5002//1 5003//1 4738//1
f 4389//1 4112//1 4388//1
f 4424//1 4292//1 4422//1
f 4423//1 4141//1 4140//1
f 4773//1 4508//1 4771//1
f 4780//1 4515//1 4779//1
f 4441//1 4156//1 4155//1
f 4441//1 4443//1 4156//1
f 4524//1 4223//1 4222//1
f 4524//1 4222//1 4522//1
f 4434//1 4150//1 4149//1
f 4434//1 4149//1 4435//1
f 4381//1 4106//1 4105//1
f 4381//1 4105//1 4379//1
f 4914//1 4650//1 4649//1
f 4404//1 4124//1 4403//1
f 4368//1 4370//1 4096//1
f 4635//1 4371//1 4370//1
f 4469//1 4177//1 4467//1
f 4698//1 4435//1 4433//1
f 4798//1 4534//1 4797//1
f 4908//1 4644//1 4643//1
f 4448//1 4449//1 4161//1
f 4976//1 4710//1 4975//1
f 4467//1 4177//1 4176//1
f 4467//1 4176//1 4468//1
f 4543//1 4284//1 4238//1
f 4543//1 4544//1 4284//1
f 4795//1 4531//1 4530//1
f 5070//1 5071//1 4806//1
f 4740//1 4474//1 4475//1
f 4685//1 4419//1 4420//1
f 4525//1 4224//1 4223//1
f 4525//1 4223//1 4524//1
f 4472//1 4181//1 4180//1
f 4472//1 4180//1 4471//1
f 4478//1 4185//1 4281//1
f 4477//1 4478//1 4281//1
f 4672//1 4407//1 4671//1
f 4418//1 4136//1 4417//1
f 4353//1 4084//1 4083//1
f 4353//1 4355//1 4084//1
f 4354//1 4083//1 4304//1
f 4354//1 4353//1 4083//1
f 4372//1 4099//1 4098//1
f 4372//1 4098//1 4371//1
f 4505//1 4208//1 4207//1
f 4505//1 4207//1 4504//1
f 4500//1 4204//1 4203//1
f 4500//1 4203//1 4501//1
f 4437//1 4151//1 4436//1
f 4954//1 4690//1 4688//1
f 4352//1 4304//1 4082//1
f 4352//1 4354//1 4304//1
f 4819//1 4555//1 4554//1
f 4716//1 4453//1 4451//1
f 4339//1 4072//1 4071//1
f 4339//1 4340//1 4072//1
f 4669//1 4404//1 4668//1
f 4396//1 4398//1 4320//1
f 4402//1 4278//1 4400//1
f 4911//1 4647//1 4646//1
f 4509//1 4211//1 4210//1
f 4509//1 4210//1 4507//1
f 4555//1 4556//1 4248//1
f 4873//1 4609//1 4608//1
f 4348//1 4349//1 4079//1
f 4876//1 4612//1 4611//1
f 4378//1 4312//1 4103//1
f 4378//1 4380//1 4312//1
f 4581//1 4270//1 4269//1
f 4581//1 4269//1 4580//1
f 4863//1 4864//1 4599//1
f 4570//1 4260//1 4569//1
f 4565//1 4567//1 4303//1
f 4566//1 4257//1 4567//1
f 4444//1 4309//1 4157//1
f 4444//1 4446//1 4309//1
f 4582//1 4271//1 4270//1
f 4582//1 4270//1 4581//1
f 4486//1 4192//1 4191//1
f 4487//1 4192//1 4486//1
f 4389//1 4319//1 4112//1
f 4389//1 4391//1 4319//1
f 4933//1 4669//1 4668//1
f 4659//1 4394//1 4658//1
f 5003//1 4740//1 4738//1
f 4463//1 4464//1 4173//1
f 4334//1 4280//1 4067//1
f 4336//1 4280//1 4334//1
f 4629//1 4366//1 4364//1
f 4645//1 4379//1 4644//1
f 4655//1 4390//1 4391//1
f 4648//1 4649//1 4384//1
f 4342//1 4074//1 4308//1
f 4342//1 4343//1 4074//1
f 5093//1 5094//1 4829//1
f 4783//1 4519//1 4518//1
f 4485//1 4486//1 4191//1
f 4481//1 4187//1 4480//1
f 4386//1 4111//1 4110//1
f 4386//1 4388//1 4111//1
f 4508//1 4507//1 4209//1
f 4762//1 4761//1 4496//1
f 4456//1 4457//1 4167//1
f 4456//1 4315//1 4455//1
f 4331//1 4066//1 4065//1
f 4331//1 4333//1 4066//1
f 4553//1 4247//1 4246//1
f 4553//1 4554//1 4247//1
f 4573//1 4263//1 4286//1
f 4573//1 4286//1 4572//1
f 4708//1 4444//1 4443//1
f 4713//1 4449//1 4448//1
f 4512//1 4511//1 4212//1
f 4769//1 4505//1 4504//1
f 4688//1 4425//1 4423//1
f 4753//1 4754//1 4490//1
f 4940//1 4941//1 4676//1
f 4753//1 4488//1 4752//1
f 4604//1 4339//1 4603//1
f 4365//1 4293//1 4363//1
f 4793//1 4529//1 4528//1
f 5287//1 5061//1 5060//1
f 4848//1 4583//1 4847//1
f 5419//1 5172//1 5418//1
f 4860//1 4595//1 4848//1
f 4523//1 4522//1 4221//1
f 4362//1 4363//1 4091//1
f 4891//1 4892//1 4627//1
f 4545//1 4240//1 4239//1
f 4545//1 4239//1 4544//1
f 4831//1 4568//1 4566//1
f 4840//1 4575//1 4839//1
f 4579//1 4268//1 4267//1
f 4579//1 4267//1 4577//1
f 4780//1 4516//1 4515//1
f 5017//1 4753//1 4752//1
f 4696//1 4432//1 4431//1
f 5223//1 4982//1 5222//1
f 4546//1 4241//1 4240//1
f 4546//1 4240//1 4545//1
f 4350//1 4081//1 4080//1
f 4350//1 4351//1 4081//1
f 4775//1 4777//1 4512//1
f 4781//1 4782//1 4517//1
f 4570//1 4261//1 4260//1
f 4570//1 4571//1 4261//1
f 4659//1 4395//1 4394//1
f 5167//1 4915//1 4914//1
f 4373//1 4100//1 4099//1
f 4373//1 4099//1 4372//1
f 4453//1 4164//1 4279//1
f 4451//1 4453//1 4279//1
f 4822//1 4557//1 4821//1
f 4815//1 4550//1 4814//1
f 4830//1 4565//1 4829//1
f 5076//1 4812//1 4811//1
f 4534//1 4273//1 4532//1
f 4793//1 4528//1 4792//1
f 5018//1 4753//1 5017//1
f 4484//1 4190//1 4483//1
f 4541//1 4237//1 4236//1
f 4541//1 4236//1 4540//1
f 4643//1 4380//1 4378//1
f 4663//1 4397//1 4398//1
f 4709//1 4446//1 4444//1
f 4441//1 4155//1 4442//1
f 4774//1 4510//1 4509//1
f 4778//1 4514//1 4513//1
f 5251//1 5017//1 5016//1
f 4639//1 4374//1 4638//1
f 4427//1 4144//1 4143//1
f 4427//1 4428//1 4144//1
f 5026//1 4761//1 5027//1
f 4722//1 4457//1 4721//1
f 4774//1 4775//1 4510//1
f 4709//1 4711//1 4446//1
f 4687//1 4422//1 4686//1
f 4477//1 4184//1 4476//1
f 4332//1 4065//1 4317//1
f 4332//1 4331//1 4065//1
f 4484//1 4485//1 4302//1
f 4717//1 4718//1 4452//1
f 5082//1 4816//1 4817//1
f 4623//1 4357//1 4358//1
f 4527//1 4226//1 4225//1
f 4527//1 4225//1 4526//1
f 4706//1 4441//1 4442//1
f 4797//1 4532//1 4796//1
f 4483//1 4190//1 4189//1
f 4483//1 4189//1 4482//1
f 4492//1 4197//1 4196//1
f 4493//1 4198//1 4197//1
f 4575//1 4265//1 4264//1
f 4576//1 4311//1 4265//1
f 4454//1 4166//1 4165//1
f 4454//1 4455//1 4166//1
f 4568//1 4259//1 4258//1
f 4568//1 4569//1 4259//1
f 4414//1 4133//1 4132//1
f 4414//1 4132//1 4412//1
f 4564//1 4256//1 4255//1
f 4562//1 4564//1 4255//1
f 4365//1 4092//1 4293//1
f 4365//1 4364//1 4092//1
f 4424//1 4423//1 4140//1
f 5219//1 4978//1 5350//1
f 4417//1 4136//1 4135//1
f 4417//1 4135//1 4416//1
f 4626//1 4627//1 4362//1
f 4609//1 4345//1 4344//1
f 4551//1 4246//1 4245//1
f 4551//1 4245//1 4552//1
f 4896//1 4897//1 4632//1
f 4327//1 4332//1 4317//1
f 5100//1 5101//1 4836//1
f 4617//1 4352//1 4616//1
f 4492//1 4493//1 4197//1
f 4762//1 4496//1 4497//1
f 5350//1 4977//1 4976//1
f 5006//1 5007//1 4742//1
f 4598//1 4599//1 4334//1
f 4785//1 4521//1 4520//1
f 4461//1 4172//1 4171//1
f 4461//1 4462//1 4172//1
f 4361//1 4090//1 4089//1
f 4361//1 4089//1 4360//1
f 5455//1 5205//1 5204//1
f 4470//1 4178//1 4469//1
f 4674//1 4410//1 4408//1
f 5206//1 4961//1 5205//1
f 4746//1 4481//1 4745//1
f 5233//1 4994//1 5232//1
f 4406//1 4127//1 4126//1
f 4406//1 4407//1 4127//1
f 4432//1 4148//1 4147//1
f 4432//1 4433//1 4148//1
f 4421//1 4139//1 4138//1
f 4421//1 4422//1 4139//1
f 4345//1 4285//1 4076//1
f 4345//1 4347//1 4285//1
f 4474//1 4183//1 4182//1
f 4474//1 4182//1 4475//1
f 4513//1 4214//1 4213//1
f 4513//1 4213//1 4511//1
f 4818//1 4554//1 4553//1
f 4702//1 4437//1 4701//1
f 4330//1 4064//1 4272//1
f 4330//1 4272//1 4584//1
f 4566//1 4568//1 4258//1
f 5114//1 4850//1 4851//1
f 4728//1 4464//1 4463//1
f 4733//1 4734//1 4469//1
f 4479//1 4186//1 4185//1
f 4479//1 4480//1 4186//1
f 4410//1 4130//1 4129//1
f 4410//1 4411//1 4130//1
f 4653//1 4389//1 4388//1
f 4842//1 4579//1 4577//1
f 4686//1 4421//1 4684//1
f 5040//1 4777//1 4775//1
f 4603//1 4338//1 4602//1
f 4760//1 4495//1 4759//1
f 4805//1 4541//1 4540//1
f 4797//1 4534//1 4532//1
f 4386//1 4110//1 4387//1
f 4658//1 4394//1 4393//1
f 4328//1 4063//1 4329//1
f 5300//1 5078//1 5077//1
f 4576//1 4265//1 4575//1
f 4595//1 4330//1 4584//1
f 4814//1 4550//1 4549//1
f 4823//1 4559//1 4558//1
f 4800//1 4536//1 4535//1
f 4741//1 4477//1 4476//1
f 4690//1 4426//1 4425//1
f 4777//1 4511//1 4512//1
f 4460//1 4171//1 4170//1
f 4460//1 4461//1 4171//1
f 4362//1 4091//1 4090//1
f 4362//1 4090//1 4361//1
f 4323//1 4059//1 4058//1
f 4323//1 4058//1 4321//1
f 4419//1 4138//1 4137//1
f 4419//1 4137//1 4420//1
f 4533//1 4231//1 4230//1
f 4533//1 4535//1 4231//1
f 4439//1 4154//1 4153//1
f 4439//1 4440//1 4154//1
f 4366//1 4094//1 4093//1
f 4366//1 4367//1 4094//1
f 4548//1 4243//1 4242//1
f 4548//1 4549//1 4243//1
f 4344//1 4076//1 4075//1
f 4344//1 4345//1 4076//1
f 5074//1 4810//1 4809//1
f 4826//1 4563//1 4561//1
f 4808//1 4809//1 4544//1
f 4808//1 4544//1 4543//1
f 4395//1 4118//1 4117//1
f 4395//1 4117//1 4394//1
f 4749//1 4485//1 4484//1
f 4746//1 4482//1 4481//1
f 4392//1 4115//1 4114//1
f 4392//1 4114//1 4390//1
f 4682//1 4418//1 4417//1
f 4916//1 4652//1 4651//1
f 4401//1 4123//1 4122//1
f 4401//1 4403//1 4123//1
f 4325//1 4060//1 4324//1
f 4594//1 4330//1 4595//1
f 4697//1 4698//1 4433//1
f 4683//1 4418//1 4682//1
f 4697//1 4433//1 4432//1
f 5484//1 5230//1 5483//1
f 4598//1 4333//1 4596//1
f 4791//1 4527//1 4526//1
f 4516//1 4217//1 4216//1
f 4516//1 4216//1 4515//1
f 4438//1 4153//1 4152//1
f 4438//1 4439//1 4153//1
f 4640//1 4375//1 4376//1
f 4657//1 4658//1 4393//1
f 4559//1 4252//1 4251//1
f 4559//1 4560//1 4252//1
f 4910//1 4911//1 4646//1
f 4641//1 4377//1 4375//1
f 4829//1 4565//1 4564//1
f 4830//1 4832//1 4567//1
f 4529//1 4530//1 4227//1
f 4796//1 4532//1 4531//1
f 4680//1 4416//1 4415//1
f 4662//1 4399//1 4397//1
f 4591//1 4592//1 4327//1
f 5067//1 4803//1 4802//1
f 4773//1 4507//1 4508//1
f 4772//1 4509//1 4507//1
f 4349//1 4080//1 4079//1
f 4349//1 4350//1 4080//1
f 4405//1 4126//1 4125//1
f 4405//1 4406//1 4126//1
f 4325//1 4061//1 4060//1
f 4325//1 4326//1 4061//1
f 5380//1 5137//1 5379//1
f 5674//1 5434//1 5433//1
f 4687//1 4689//1 4424//1
f 4676//1 4413//1 4411//1
f 4804//1 4540//1 4539//1
f 4788//1 4522//1 4523//1
f 5014//1 4749//1 5013//1
f 4731//1 4468//1 4466//1
f 4383//1 4108//1 4107//1
f 4383//1 4384//1 4108//1
f 4838//1 4574//1 4573//1
f 5116//1 4852//1 4858//1
f 4758//1 4759//1 4494//1
f 4756//1 4492//1 4491//1
f 4906//1 4642//1 4641//1
f 5253//1 5019//1 5018//1
f 4858//1 4593//1 4594//1
f 4850//1 4586//1 4851//1
f 4675//1 4410//1 4674//1
f 4857//1 4592//1 4856//1
f 4745//1 4481//1 4480//1
f 4755//1 4491//1 4489//1
f 5235//1 4997//1 4996//1
f 4742//1 4478//1 4477//1
f 4348//1 4079//1 4078//1
f 4348//1 4078//1 4346//1
f 4671//1 4407//1 4406//1
f 4695//1 4431//1 4430//1
f 4652//1 4386//1 4651//1
f 4619//1 4354//1 4617//1
f 4711//1 4445//1 4446//1
f 4721//1 4457//1 4456//1
f 4603//1 4339//1 4338//1
f 4972//1 4708//1 4707//1
f 4738//1 4473//1 4737//1
f 4742//1 4477//1 4741//1
f 5105//1 4841//1 4840//1
f 5088//1 4823//1 5087//1
f 4736//1 4472//1 4471//1
f 4710//1 4445//1 4711//1
f 4763//1 4498//1 4761//1
f 5334//1 5022//1 5021//1
f 4795//1 4796//1 4531//1
f 4775//1 4512//1 4510//1
f 4606//1 4607//1 4342//1
f 4601//1 4602//1 4337//1
f 4755//1 4756//1 4491//1
f 4764//1 4766//1 4501//1
f 4946//1 4682//1 4681//1
f 4693//1 4694//1 4429//1
f 4667//1 4403//1 4401//1
f 4924//1 4925//1 4660//1
f 4615//1 4351//1 4350//1
f 4612//1 4348//1 4346//1
f 5016//1 5017//1 4752//1
f 4740//1 4739//1 4474//1
f 4607//1 4343//1 4342//1
f 4592//1 4597//1 4332//1
f 4744//1 4745//1 4480//1
f 4767//1 4503//1 4502//1
f 5232//1 4994//1 4993//1
f 4993//1 4729//1 4728//1
f 4622//1 4359//1 4357//1
f 4626//1 4362//1 4361//1
f 4725//1 4461//1 4460//1
f 4724//1 4459//1 4723//1
f 4662//1 4397//1 4663//1
f 4664//1 4399//1 4662//1
f 4730//1 4466//1 4465//1
f 4727//1 4462//1 4726//1
f 5208//1 4963//1 5207//1
f 4700//1 4435//1 4698//1
f 4770//1 4771//1 4506//1
f 4771//1 4508//1 4506//1
f 5340//1 4878//1 4877//1
f 4907//1 4643//1 4642//1
f 4789//1 4524//1 4787//1
f 4782//1 4518//1 4517//1
f 4766//1 4500//1 4501//1
f 4765//1 4500//1 4766//1
f 4837//1 4573//1 4572//1
f 4837//1 4838//1 4573//1
f 4610//1 4347//1 4345//1
f 4611//1 4347//1 4610//1
f 4689//1 4423//1 4424//1
f 4688//1 4423//1 4689//1
f 4738//1 4740//1 4475//1
f 4732//1 4468//1 4731//1
f 4705//1 4442//1 4440//1
f 4705//1 4440//1 4704//1
f 4957//1 4692//1 4956//1
f 4680//1 4415//1 4679//1
f 4631//1 4632//1 4367//1
f 4896//1 4632//1 4631//1
f 5063//1 4799//1 4798//1
f 5290//1 5345//1 5064//1
f 4956//1 4692//1 4691//1
f 4887//1 4624//1 4622//1
f 4599//1 4336//1 4334//1
f 4875//1 4611//1 4610//1
f 4792//1 4528//1 4527//1
f 4792//1 4527//1 4791//1
f 4790//1 4526//1 4525//1
f 4790//1 4791//1 4526//1
f 4839//1 4575//1 4574//1
f 4839//1 4574//1 4838//1
f 4657//1 4393//1 4392//1
f 4656//1 4390//1 4655//1
f 5157//1 4902//1 5156//1
f 5200//1 4954//1 4953//1
f 4733//1 4469//1 4467//1
f 4697//1 4432//1 4696//1
f 4737//1 4473//1 4472//1
f 4737//1 4472//1 4736//1
f 4649//1 4385//1 4384//1
f 4649//1 4650//1 4385//1
f 4844//1 4845//1 4580//1
f 4843//1 4577//1 4578//1
f 5088//1 4824//1 4823//1
f 5066//1 4802//1 4801//1
f 4834//1 4570//1 4569//1
f 4834//1 4835//1 4570//1
f 4613//1 4348//1 4612//1
f 4613//1 4614//1 4349//1
f 4646//1 4382//1 4381//1
f 4918//1 4654//1 4653//1
f 4824//1 4825//1 4560//1
f 5072//1 5073//1 4808//1
f 4822//1 4558//1 4557//1
f 4822//1 4823//1 4558//1
f 4925//1 4661//1 4660//1
f 4957//1 4693//1 4692//1
f 5077//1 4812//1 5076//1
f 4806//1 4541//1 4805//1
f 4763//1 4499//1 4498//1
f 4764//1 4499//1 4763//1
f 5013//1 4749//1 4748//1
f 4729//1 4730//1 4465//1
f 4786//1 4788//1 4523//1
f 5077//1 5078//1 4813//1
f 5031//1 4767//1 4765//1
f 4760//1 4497//1 4495//1
f 4590//1 4326//1 4325//1
f 4592//1 4332//1 4327//1
f 5071//1 4807//1 4806//1
f 4810//1 4546//1 4545//1
f 4837//1 4572//1 4836//1
f 4842//1 4577//1 4843//1
f 4634//1 4368//1 4369//1
f 4634//1 4369//1 4632//1
f 4817//1 4816//1 4551//1
f 4817//1 4552//1 4815//1
f 4901//1 4902//1 4637//1
f 4841//1 4843//1 4578//1
f 4656//1 4392//1 4390//1
f 4654//1 4655//1 4391//1
f 4789//1 4525//1 4524//1
f 4789//1 4790//1 4525//1
f 4865//1 4601//1 4600//1
f 4723//1 4459//1 4458//1
f 4739//1 4476//1 4474//1
f 4739//1 4741//1 4476//1
f 4847//1 4583//1 4582//1
f 4847//1 4582//1 4846//1
f 4627//1 4363//1 4362//1
f 4627//1 4628//1 4363//1
f 4703//1 4439//1 4438//1
f 4703//1 4704//1 4439//1
f 4609//1 4610//1 4345//1
f 4609//1 4344//1 4608//1
f 4803//1 4539//1 4538//1
f 4803//1 4804//1 4539//1
f 4825//1 4561//1 4560//1
f 4825//1 4826//1 4561//1
f 4942//1 4678//1 4677//1
f 4848//1 4595//1 4584//1
f 4597//1 4331//1 4332//1
f 4597//1 4596//1 4331//1
f 4633//1 4368//1 4634//1
f 4898//1 4634//1 4897//1
f 5346//1 5237//1 5000//1
f 4786//1 4523//1 4521//1
f 5104//1 4839//1 5103//1
f 4833//1 4834//1 4569//1
f 5303//1 5082//1 5080//1
f 5075//1 4810//1 5074//1
f 4648//1 4384//1 4383//1
f 4647//1 4382//1 4646//1
f 4654//1 4389//1 4653//1
f 4919//1 4654//1 4918//1
f 4717//1 4452//1 4453//1
f 4717//1 4453//1 4716//1
f 4848//1 4584//1 4583//1
f 5096//1 4831//1 4832//1
f 4748//1 4484//1 4483//1
f 4748//1 4749//1 4484//1
f 4932//1 4668//1 4667//1
f 5056//1 4792//1 4791//1
f 4702//1 4703//1 4438//1
f 4961//1 4697//1 4696//1
f 4833//1 4569//1 4568//1
f 4833//1 4568//1 4831//1
f 4824//1 4560//1 4559//1
f 4824//1 4559//1 4823//1
f 4686//1 4422//1 4421//1
f 4687//1 4424//1 4422//1
f 4743//1 4478//1 4742//1
f 5231//1 4993//1 4992//1
f 5135//1 4874//1 5134//1
f 4636//1 4371//1 4635//1
f 4685//1 4684//1 4419//1
f 4948//1 4685//1 4683//1
f 4768//1 4504//1 4503//1
f 4768//1 4503//1 4767//1
f 4747//1 4748//1 4483//1
f 4747//1 4482//1 4746//1
f 4887//1 4622//1 4888//1
f 4830//1 4567//1 4565//1
f 4688//1 4690//1 4425//1
f 4943//1 4678//1 4942//1
f 4706//1 4442//1 4705//1
f 4954//1 4688//1 4953//1
f 4683//1 4685//1 4420//1
f 4986//1 4722//1 4721//1
f 4783//1 4518//1 4782//1
f 5049//1 5050//1 4785//1
f 4784//1 4520//1 4519//1
f 4784//1 4785//1 4520//1
f 4651//1 4386//1 4387//1
f 4651//1 4387//1 4650//1
f 5059//1 5060//1 4795//1
f 4819//1 4554//1 4818//1
f 4813//1 4549//1 4548//1
f 4812//1 4547//1 4811//1
f 4802//1 4803//1 4538//1
f 4799//1 4800//1 4535//1
f 5254//1 5020//1 5019//1
f 4764//1 4501//1 4499//1
f 4605//1 4341//1 4340//1
f 4606//1 4341//1 4605//1
f 4750//1 4485//1 4749//1
f 5075//1 4811//1 4810//1
f 4645//1 4381//1 4379//1
f 4645//1 4646//1 4381//1
f 4932//1 4933//1 4668//1
f 4938//1 4939//1 4674//1
f 4670//1 4406//1 4405//1
f 4670//1 4671//1 4406//1
f 4891//1 4627//1 4626//1
f 4621//1 4623//1 4358//1
f 4849//1 4588//1 4585//1
f 5108//1 4843//1 5106//1
f 4953//1 4689//1 4952//1
f 4681//1 4682//1 4417//1
f 4606//1 4342//1 4341//1
f 4863//1 4599//1 4598//1
f 4811//1 4547//1 4546//1
f 4811//1 4546//1 4810//1
f 5329//1 4989//1 4988//1
f 5023//1 4759//1 4758//1
f 4827//1 4562//1 4563//1
f 4827//1 4563//1 4826//1
f 5025//1 4762//1 4760//1
f 4757//1 4492//1 4756//1
f 4654//1 4391//1 4389//1
f 4855//1 4591//1 4590//1
f 4633//1 4370//1 4368//1
f 4633//1 4635//1 4370//1
f 5275//1 5276//1 5047//1
f 4783//1 4784//1 4519//1
f 4808//1 4543//1 4807//1
f 5060//1 4796//1 4795//1
f 4699//1 4436//1 4434//1
f 4699//1 4701//1 4436//1
f 5277//1 5049//1 5048//1
f 4801//1 4536//1 4800//1
f 4712//1 4448//1 4447//1
f 4713//1 4448//1 4712//1
f 4642//1 4378//1 4377//1
f 4642//1 4377//1 4641//1
f 4608//1 4344//1 4343//1
f 4608//1 4343//1 4607//1
f 4816//1 4553//1 4551//1
f 4816//1 4818//1 4553//1
f 5179//1 5180//1 4929//1
f 4666//1 4402//1 4665//1
f 5000//1 4735//1 4999//1
f 4905//1 4640//1 4904//1
f 4806//1 4542//1 4541//1
f 4806//1 4807//1 4542//1
f 4912//1 4648//1 4647//1
f 4974//1 4711//1 4709//1
f 5456//1 5457//1 5206//1
f 5191//1 4943//1 4942//1
f 4776//1 4511//1 4777//1
f 4779//1 4515//1 4514//1
f 5230//1 4992//1 4991//1
f 4713//1 4714//1 4449//1
f 4675//1 4411//1 4410//1
f 4675//1 4676//1 4411//1
f 4604//1 4340//1 4339//1
f 4604//1 4605//1 4340//1
f 4624//1 4360//1 4359//1
f 4624//1 4359//1 4622//1
f 4691//1 4427//1 4426//1
f 4691//1 4692//1 4427//1
f 4734//1 4470//1 4469//1
f 4735//1 4470//1 4734//1
f 4652//1 4388//1 4386//1
f 4652//1 4653//1 4388//1
f 4726//1 4462//1 4461//1
f 4726//1 4461//1 4725//1
f 4614//1 4350//1 4349//1
f 4614//1 4615//1 4350//1
f 4967//1 4703//1 4702//1
f 5891//1 5691//1 5690//1
f 4845//1 4581//1 4580//1
f 4845//1 4846//1 4581//1
f 4700//1 4434//1 4435//1
f 4700//1 4699//1 4434//1
f 4709//1 4444//1 4708//1
f 4977//1 4713//1 4712//1
f 4939//1 4675//1 4674//1
f 5129//1 4868//1 5352//1
f 4754//1 4489//1 4490//1
f 4754//1 4755//1 4489//1
f 5000//1 5001//1 4736//1
f 5337//1 4900//1 4899//1
f 4664//1 4400//1 4399//1
f 4664//1 4665//1 4400//1
f 4710//1 4447//1 4445//1
f 4710//1 4712//1 4447//1
f 4666//1 4401//1 4402//1
f 4666//1 4667//1 4401//1
f 4769//1 4504//1 4768//1
f 5042//1 4778//1 4776//1
f 5004//1 4741//1 4739//1
f 4949//1 4951//1 4686//1
f 4776//1 4513//1 4511//1
f 4776//1 4778//1 4513//1
f 4668//1 4404//1 4403//1
f 4668//1 4403//1 4667//1
f 4947//1 4948//1 4683//1
f 4916//1 4917//1 4652//1
f 4930//1 4665//1 4929//1
f 5108//1 4842//1 4843//1
f 5020//1 4756//1 4755//1
f 5023//1 5024//1 4759//1
f 4677//1 4412//1 4413//1
f 4677//1 4413//1 4676//1
f 4859//1 4594//1 4595//1
f 4589//1 4324//1 4588//1
f 4593//1 4328//1 4329//1
f 4593//1 4587//1 4328//1
f 5312//1 5092//1 5091//1
f 4780//1 4781//1 4516//1
f 4693//1 4429//1 4428//1
f 4693//1 4428//1 4692//1
f 4828//1 4564//1 4562//1
f 4828//1 4562//1 4827//1
f 5064//1 4800//1 4799//1
f 5086//1 4822//1 4821//1
f 4751//1 4487//1 4486//1
f 4751//1 4752//1 4487//1
f 4926//1 4663//1 4661//1
f 4922//1 4658//1 4657//1
f 4820//1 4556//1 4555//1
f 4820//1 4821//1 4556//1
f 5089//1 4824//1 5088//1
f 5092//1 4827//1 5091//1
f 4836//1 4572//1 4571//1
f 4836//1 4571//1 4835//1
f 4727//1 4728//1 4463//1
f 4720//1 4455//1 4719//1
f 4631//1 4366//1 4629//1
f 4630//1 4365//1 4628//1
f 5801//1 5802//1 5562//1
f 4625//1 4360//1 4624//1
f 4732//1 4467//1 4468//1
f 4732//1 4733//1 4467//1
f 4586//1 4321//1 4322//1
f 4586//1 4322//1 4587//1
f 4990//1 4726//1 4725//1
f 4878//1 4879//1 4614//1
f 5053//1 5054//1 4789//1
f 5237//1 5238//1 5001//1
f 4616//1 4352//1 4351//1
f 4616//1 4351//1 4615//1
f 4625//1 4361//1 4360//1
f 4625//1 4626//1 4361//1
f 5042//1 4776//1 5041//1
f 5053//1 4789//1 4787//1
f 5089//1 4825//1 4824//1
f 5033//1 5034//1 4769//1
f 5048//1 4783//1 5047//1
f 5049//1 4785//1 4784//1
f 4591//1 4327//1 4326//1
f 4591//1 4326//1 4590//1
f 4729//1 4465//1 4464//1
f 4729//1 4464//1 4728//1
f 5180//1 4930//1 4929//1
f 4980//1 4981//1 4716//1
f 5037//1 5038//1 4772//1
f 4760//1 4762//1 4497//1
f 4735//1 4471//1 4470//1
f 4735//1 4736//1 4471//1
f 4841//1 4578//1 4576//1
f 4841//1 4576//1 4840//1
f 4638//1 4374//1 4373//1
f 4638//1 4373//1 4637//1
f 4620//1 4356//1 4355//1
f 4620//1 4621//1 4356//1
f 4750//1 4486//1 4485//1
f 4750//1 4751//1 4486//1
f 4753//1 4490//1 4488//1
f 5220//1 4980//1 4979//1
f 4681//1 4417//1 4416//1
f 4681//1 4416//1 4680//1
f 4600//1 4336//1 4599//1
f 4867//1 4603//1 4602//1
f 4594//1 4329//1 4330//1
f 4594//1 4593//1 4329//1
f 4630//1 4364//1 4365//1
f 4630//1 4629//1 4364//1
f 4809//1 4545//1 4544//1
f 4809//1 4810//1 4545//1
f 4885//1 4621//1 4620//1
f 4883//1 4885//1 4620//1
f 4660//1 4396//1 4395//1
f 4660//1 4395//1 4659//1
f 4798//1 4533//1 4534//1
f 4798//1 4799//1 4533//1
f 4801//1 4537//1 4536//1
f 4801//1 4802//1 4537//1
f 4720//1 4456//1 4455//1
f 4720//1 4721//1 4456//1
f 4851//1 4586//1 4587//1
f 5271//1 5041//1 5040//1
f 4979//1 4715//1 4714//1
f 4724//1 4725//1 4460//1
f 4920//1 4655//1 4919//1
f 4890//1 4891//1 4626//1
f 5068//1 5069//1 4804//1
f 5381//1 5139//1 5138//1
f 4765//1 4767//1 4502//1
f 5334//1 5021//1 5020//1
f 4832//1 4566//1 4567//1
f 4832//1 4831//1 4566//1
f 4997//1 4733//1 4732//1
f 4897//1 4634//1 4632//1
f 4585//1 4323//1 4321//1
f 4585//1 4588//1 4323//1
f 5078//1 4814//1 4813//1
f 4794//1 4529//1 4793//1
f 5519//1 5262//1 5518//1
f 4940//1 4675//1 4939//1
f 5451//1 5201//1 5333//1
f 4983//1 4719//1 4718//1
f 4900//1 4901//1 4636//1
f 4905//1 4641//1 4640//1
f 5062//1 4797//1 5061//1
f 5059//1 4795//1 4794//1
f 4669//1 4405//1 4404//1
f 4669//1 4670//1 4405//1
f 5021//1 4756//1 5020//1
f 5345//1 5066//1 5065//1
f 4757//1 4493//1 4492//1
f 4757//1 4758//1 4493//1
f 4589//1 4325//1 4324//1
f 4589//1 4590//1 4325//1
f 5317//1 5097//1 5096//1
f 4853//1 4854//1 4589//1
f 4971//1 4707//1 4706//1
f 4707//1 4708//1 4443//1
f 4639//1 4376//1 4374//1
f 4639//1 4640//1 4376//1
f 5046//1 4782//1 4781//1
f 5231//1 4992//1 5230//1
f 5083//1 5084//1 4819//1
f 4874//1 4875//1 4610//1
f 5298//1 5074//1 5073//1
f 5016//1 4752//1 4751//1
f 4695//1 4696//1 4431//1
f 4959//1 4695//1 4694//1
f 4743//1 4479//1 4478//1
f 4743//1 4744//1 4479//1
f 5225//1 4985//1 4984//1
f 4955//1 4956//1 4691//1
f 5316//1 5096//1 5095//1
f 5107//1 4844//1 4842//1
f 4636//1 4372//1 4371//1
f 4636//1 4637//1 4372//1
f 4985//1 4720//1 4984//1
f 4902//1 4638//1 4637//1
f 4611//1 4346//1 4347//1
f 4611//1 4612//1 4346//1
f 4844//1 4580//1 4579//1
f 4844//1 4579//1 4842//1
f 4715//1 4451//1 4450//1
f 4715//1 4450//1 4714//1
f 5079//1 4815//1 4814//1
f 4871//1 4607//1 4606//1
f 4866//1 4602//1 4601//1
f 4993//1 4994//1 4729//1
f 5077//1 4813//1 4812//1
f 5107//1 4842//1 5108//1
f 4718//1 4454//1 4452//1
f 4718//1 4719//1 4454//1
f 4970//1 4705//1 4969//1
f 4986//1 4987//1 4722//1
f 4678//1 4414//1 4412//1
f 4678//1 4679//1 4414//1
f 4600//1 4335//1 4336//1
f 4600//1 4601//1 4335//1
f 4673//1 4408//1 4409//1
f 4673//1 4674//1 4408//1
f 5217//1 4975//1 4974//1
f 4951//1 4687//1 4686//1
f 5091//1 4827//1 4826//1
f 5011//1 5012//1 4747//1
f 4647//1 4383//1 4382//1
f 4647//1 4648//1 4383//1
f 4935//1 4671//1 4670//1
f 5606//1 5365//1 5592//1
f 5193//1 4947//1 4946//1
f 4999//1 4735//1 4734//1
f 5008//1 4743//1 5007//1
f 4857//1 4597//1 4592//1
f 4940//1 4676//1 4675//1
f 4913//1 4649//1 4648//1
f 4722//1 4458//1 4457//1
f 4722//1 4723//1 4458//1
f 4812//1 4548//1 4547//1
f 4812//1 4813//1 4548//1
f 4794//1 4530//1 4529//1
f 4794//1 4795//1 4530//1
f 4707//1 4443//1 4441//1
f 4707//1 4441//1 4706//1
f 4619//1 4618//1 4353//1
f 4888//1 4622//1 4623//1
f 4774//1 4509//1 4772//1
f 5284//1 5058//1 5057//1
f 4987//1 4723//1 4722//1
f 5532//1 5273//1 5348//1
f 4770//1 4506//1 4505//1
f 4770//1 4505//1 4769//1
f 5610//1 5611//1 5370//1
f 4878//1 4614//1 4613//1
f 4988//1 4723//1 4987//1
f 4978//1 4713//1 4977//1
f 5030//1 4766//1 5029//1
f 5041//1 4776//1 4777//1
f 5246//1 5011//1 5341//1
f 5009//1 4745//1 4744//1
f 5100//1 4836//1 4835//1
f 4879//1 4615//1 4614//1
f 5032//1 4768//1 4767//1
f 5034//1 4770//1 4769//1
f 4901//1 4637//1 4636//1
f 5158//1 5159//1 4904//1
f 4958//1 4959//1 4694//1
f 4965//1 4701//1 4699//1
f 4880//1 4881//1 4616//1
f 4934//1 4670//1 4669//1
f 4862//1 4863//1 4598//1
f 4874//1 4610//1 4609//1
f 5022//1 4758//1 4757//1
f 5011//1 4747//1 4746//1
f 4892//1 4628//1 4627//1
f 4895//1 4629//1 4894//1
f 4937//1 4672//1 4936//1
f 4945//1 4680//1 4944//1
f 4950//1 4684//1 4685//1
f 4949//1 4686//1 4684//1
f 5349//1 5109//1 5107//1
f 5322//1 5104//1 5103//1
f 5136//1 4876//1 4875//1
f 5355//1 5114//1 5115//1
f 5045//1 5046//1 4781//1
f 5037//1 4772//1 4773//1
f 5330//1 4853//1 4849//1
f 4852//1 4851//1 4587//1
f 4998//1 4999//1 4734//1
f 4998//1 4733//1 4997//1
f 5325//1 5108//1 5106//1
f 5110//1 4846//1 4845//1
f 5343//1 5076//1 5075//1
f 5080//1 4817//1 4815//1
f 5346//1 5000//1 4999//1
f 5001//1 4737//1 4736//1
f 5461//1 5211//1 5210//1
f 4991//1 4992//1 4727//1
f 5145//1 5146//1 4888//1
f 4884//1 4619//1 4882//1
f 5231//1 5232//1 4993//1
f 5072//1 4807//1 5071//1
f 4869//1 4605//1 4604//1
f 4867//1 4602//1 4866//1
f 5278//1 5049//1 5277//1
f 5250//1 5251//1 5016//1
f 4934//1 4669//1 4933//1
f 4934//1 4935//1 4670//1
f 4894//1 4629//1 4630//1
f 4895//1 4631//1 4629//1
f 5106//1 4843//1 4841//1
f 5106//1 4841//1 5105//1
f 5043//1 5044//1 4779//1
f 5044//1 4780//1 4779//1
f 5035//1 5036//1 4771//1
f 5338//1 5033//1 5032//1
f 5679//1 5439//1 5438//1
f 4960//1 4695//1 4959//1
f 5268//1 5037//1 5267//1
f 4998//1 4734//1 4733//1
f 4872//1 4608//1 4607//1
f 4872//1 4607//1 4871//1
f 5670//1 5430//1 5429//1
f 5185//1 5186//1 4937//1
f 4995//1 4731//1 4730//1
f 4996//1 4731//1 4995//1
f 4968//1 4703//1 4967//1
f 4969//1 4705//1 4704//1
f 5550//1 5290//1 5549//1
f 4976//1 4712//1 4710//1
f 5361//1 5120//1 5119//1
f 4899//1 4635//1 4633//1
f 5112//1 4848//1 4847//1
f 5112//1 4860//1 4848//1
f 4963//1 4700//1 4698//1
f 5226//1 4986//1 4985//1
f 5348//1 5044//1 5043//1
f 5041//1 4777//1 5040//1
f 5336//1 5087//1 5086//1
f 5430//1 5347//1 5182//1
f 4981//1 4717//1 4716//1
f 5218//1 5350//1 4976//1
f 4921//1 4922//1 4657//1
f 4919//1 4655//1 4654//1
f 4936//1 4672//1 4671//1
f 4936//1 4671//1 4935//1
f 4931//1 4667//1 4666//1
f 4932//1 4667//1 4931//1
f 5087//1 4823//1 4822//1
f 5087//1 4822//1 5086//1
f 4994//1 4730//1 4729//1
f 4994//1 4995//1 4730//1
f 5505//1 5250//1 5249//1
f 5005//1 4740//1 5003//1
f 5173//1 4920//1 5172//1
f 5739//1 5499//1 5498//1
f 4864//1 4600//1 4599//1
f 4865//1 4600//1 4864//1
f 4898//1 4633//1 4634//1
f 4898//1 4899//1 4633//1
f 5292//1 5293//1 5068//1
f 5054//1 4790//1 4789//1
f 5262//1 5029//1 5261//1
f 5351//1 4911//1 4910//1
f 5026//1 4763//1 4761//1
f 5026//1 5028//1 4763//1
f 4852//1 4587//1 4593//1
f 4858//1 4852//1 4593//1
f 4916//1 4651//1 4915//1
f 5347//1 4934//1 4933//1
f 4884//1 4618//1 4619//1
f 4883//1 4620//1 4618//1
f 5130//1 4870//1 4869//1
f 4870//1 4871//1 4606//1
f 5031//1 5032//1 4767//1
f 5270//1 5040//1 5039//1
f 4938//1 4674//1 4673//1
f 5392//1 5147//1 5391//1
f 5101//1 4837//1 4836//1
f 5102//1 4837//1 5101//1
f 5099//1 5100//1 4835//1
f 5098//1 4834//1 4833//1
f 4978//1 4714//1 4713//1
f 4978//1 4979//1 4714//1
f 5402//1 5156//1 5401//1
f 4921//1 4657//1 4656//1
f 5330//1 4854//1 4853//1
f 5178//1 4928//1 4927//1
f 4952//1 4689//1 4687//1
f 4952//1 4687//1 4951//1
f 5175//1 4925//1 4924//1
f 4953//1 4688//1 4689//1
f 4917//1 4653//1 4652//1
f 4917//1 4918//1 4653//1
f 5155//1 4899//1 4898//1
f 5066//1 5067//1 4802//1
f 4950//1 4685//1 4948//1
f 5156//1 4901//1 5337//1
f 5007//1 4743//1 4742//1
f 5243//1 5006//1 5242//1
f 4973//1 4709//1 4708//1
f 4973//1 4974//1 4709//1
f 4970//1 4706//1 4705//1
f 4971//1 4706//1 4970//1
f 5005//1 4739//1 4740//1
f 5005//1 5004//1 4739//1
f 5308//1 5086//1 5085//1
f 5216//1 4973//1 5215//1
f 5014//1 4750//1 4749//1
f 5015//1 4751//1 4750//1
f 5027//1 4761//1 4762//1
f 5027//1 4762//1 5025//1
f 4962//1 4698//1 4697//1
f 4962//1 4697//1 4961//1
f 5261//1 5029//1 5028//1
f 5228//1 4989//1 5329//1
f 5280//1 5052//1 5051//1
f 5256//1 5257//1 5024//1
f 5164//1 5351//1 4910//1
f 5190//1 5191//1 4942//1
f 5766//1 5526//1 5525//1
f 5000//1 4736//1 4735//1
f 5069//1 4805//1 4804//1
f 5544//1 5285//1 5284//1
f 4903//1 4639//1 4638//1
f 4903//1 4638//1 4902//1
f 4937//1 4673//1 4672//1
f 4937//1 4938//1 4673//1
f 5039//1 4775//1 4774//1
f 5039//1 5040//1 4775//1
f 5061//1 4797//1 4796//1
f 5061//1 4796//1 5060//1
f 4912//1 4647//1 4911//1
f 4913//1 4914//1 4649//1
f 5075//1 5076//1 4811//1
f 5331//1 5054//1 5053//1
f 5024//1 4760//1 4759//1
f 5024//1 5025//1 4760//1
f 4856//1 4592//1 4591//1
f 4855//1 4856//1 4591//1
f 5143//1 4883//1 4884//1
f 5378//1 5136//1 5135//1
f 4909//1 4645//1 4644//1
f 4910//1 4645//1 4909//1
f 5518//1 5262//1 5261//1
f 4982//1 4717//1 4981//1
f 4989//1 4725//1 4724//1
f 4989//1 4990//1 4725//1
f 5104//1 4840//1 4839//1
f 5104//1 5105//1 4840//1
f 4884//1 4883//1 4618//1
f 5151//1 4895//1 4894//1
f 5079//1 5080//1 4815//1
f 5280//1 5051//1 5279//1
f 4925//1 4926//1 4661//1
f 5173//1 4921//1 4920//1
f 4980//1 4716//1 4715//1
f 4980//1 4715//1 4979//1
f 4868//1 4869//1 4604//1
f 4876//1 4611//1 4875//1
f 5409//1 5164//1 5163//1
f 4893//1 4628//1 4892//1
f 5002//1 4738//1 4737//1
f 5002//1 4737//1 5001//1
f 5097//1 5098//1 4833//1
f 5291//1 5066//1 5345//1
f 5085//1 4821//1 4820//1
f 5085//1 5086//1 4821//1
f 4920//1 4656//1 4655//1
f 4920//1 4921//1 4656//1
f 5202//1 4958//1 4957//1
f 4943//1 4679//1 4678//1
f 5313//1 5093//1 5092//1
f 5339//1 5097//1 5317//1
f 4904//1 4640//1 4639//1
f 4904//1 4639//1 4903//1
f 5045//1 4781//1 4780//1
f 5045//1 4780//1 5044//1
f 5197//1 4950//1 5195//1
f 4945//1 4681//1 4680//1
f 4947//1 4683//1 4682//1
f 4947//1 4682//1 4946//1
f 5262//1 5030//1 5029//1
f 5285//1 5058//1 5284//1
f 5038//1 4774//1 4772//1
f 5038//1 5039//1 4774//1
f 5348//1 5273//1 5044//1
f 5123//1 5122//1 4860//1
f 5081//1 4818//1 4816//1
f 5081//1 5083//1 4818//1
f 5333//1 4956//1 4955//1
f 4945//1 4946//1 4681//1
f 4941//1 4677//1 4676//1
f 4941//1 4942//1 4677//1
f 5113//1 5330//1 4849//1
f 4886//1 4621//1 4885//1
f 4923//1 4659//1 4658//1
f 4923//1 4658//1 4922//1
f 4965//1 4966//1 4701//1
f 5174//1 5175//1 4924//1
f 5094//1 4830//1 4829//1
f 5095//1 4830//1 5094//1
f 4966//1 4702//1 4701//1
f 4966//1 4967//1 4702//1
f 4872//1 4873//1 4608//1
f 4874//1 4609//1 4873//1
f 4971//1 4972//1 4707//1
f 5481//1 5228//1 5329//1
f 5097//1 4833//1 4831//1
f 5097//1 4831//1 5096//1
f 5019//1 4755//1 4754//1
f 5019//1 5020//1 4755//1
f 4944//1 4680//1 4679//1
f 4944//1 4679//1 4943//1
f 5156//1 4902//1 4901//1
f 5267//1 5037//1 5036//1
f 4915//1 4651//1 4650//1
f 4915//1 4650//1 4914//1
f 5057//1 4793//1 4792//1
f 5056//1 5057//1 4792//1
f 5102//1 4838//1 4837//1
f 5102//1 5103//1 4838//1
f 5321//1 5322//1 5103//1
f 5341//1 5011//1 5010//1
f 4862//1 4598//1 4596//1
f 5118//1 4856//1 4855//1
f 4992//1 4728//1 4727//1
f 4993//1 4728//1 4992//1
f 4896//1 4631//1 4895//1
f 5148//1 4891//1 5147//1
f 5256//1 5024//1 5023//1
f 5257//1 5025//1 5024//1
f 5028//1 4764//1 4763//1
f 5028//1 5029//1 4764//1
f 5012//1 4748//1 4747//1
f 5012//1 5013//1 4748//1
f 5070//1 4806//1 4805//1
f 5070//1 4805//1 5069//1
f 5304//1 5082//1 5303//1
f 5082//1 4817//1 5080//1
f 5189//1 4940//1 5188//1
f 5179//1 4929//1 4928//1
f 4975//1 4710//1 4711//1
f 4975//1 4711//1 4974//1
f 4984//1 4720//1 4719//1
f 4984//1 4719//1 4983//1
f 5205//1 4961//1 4960//1
f 5570//1 5336//1 5308//1
f 5233//1 4995//1 4994//1
f 5010//1 4745//1 5009//1
f 5036//1 4773//1 4771//1
f 5037//1 4773//1 5036//1
f 4927//1 4662//1 4663//1
f 4927//1 4663//1 4926//1
f 5047//1 4783//1 4782//1
f 5047//1 4782//1 5046//1
f 5015//1 4750//1 5014//1
f 5249//1 5015//1 5014//1
f 4982//1 4718//1 4717//1
f 4982//1 4983//1 4718//1
f 5368//1 5369//1 5127//1
f 4855//1 4590//1 4854//1
f 5006//1 4742//1 4741//1
f 5006//1 4741//1 5004//1
f 5236//1 4998//1 4997//1
f 5346//1 4999//1 4998//1
f 5704//1 5464//1 5463//1
f 4964//1 4700//1 4963//1
f 5357//1 5116//1 5121//1
f 4859//1 4595//1 4860//1
f 5339//1 5098//1 5097//1
f 5107//1 5109//1 4844//1
f 5582//1 5339//1 5580//1
f 5111//1 5112//1 4847//1
f 5030//1 4765//1 4766//1
f 5030//1 5031//1 4765//1
f 4853//1 4589//1 4588//1
f 4853//1 4588//1 4849//1
f 5073//1 4809//1 4808//1
f 5073//1 5074//1 4809//1
f 4889//1 4625//1 4624//1
f 4889//1 4624//1 4887//1
f 5187//1 5188//1 4939//1
f 5411//1 5351//1 5410//1
f 4928//1 4664//1 4662//1
f 4928//1 4662//1 4927//1
f 4958//1 4694//1 4693//1
f 4958//1 4693//1 4957//1
f 4929//1 4665//1 4664//1
f 4929//1 4664//1 4928//1
f 5561//1 5301//1 5300//1
f 5245//1 5009//1 5008//1
f 5092//1 5093//1 4828//1
f 5093//1 4829//1 4828//1
f 5462//1 5210//1 5342//1
f 4976//1 4977//1 4712//1
f 4893//1 4630//1 4628//1
f 4893//1 4894//1 4630//1
f 5305//1 5306//1 5083//1
f 5022//1 5023//1 4758//1
f 5307//1 5085//1 5084//1
f 5292//1 5067//1 5291//1
f 4991//1 4727//1 4726//1
f 4991//1 4726//1 4990//1
f 4906//1 4907//1 4642//1
f 5161//1 4907//1 4906//1
f 5084//1 4820//1 4819//1
f 5084//1 5085//1 4820//1
f 5063//1 5064//1 4799//1
f 5281//1 5331//1 5053//1
f 5269//1 5270//1 5039//1
f 5272//1 5041//1 5271//1
f 5351//1 4912//1 4911//1
f 4877//1 4612//1 4876//1
f 5338//1 5032//1 5031//1
f 5266//1 5267//1 5036//1
f 5008//1 4744//1 4743//1
f 5008//1 5009//1 4744//1
f 5278//1 5050//1 5049//1
f 5411//1 5412//1 5165//1
f 5335//1 4887//1 5146//1
f 4906//1 4641//1 4905//1
f 5139//1 4880//1 5138//1
f 4865//1 4866//1 4601//1
f 5052//1 4787//1 4788//1
f 5052//1 5053//1 4787//1
f 5188//1 4940//1 4939//1
f 5344//1 4944//1 4943//1
f 5015//1 5016//1 4751//1
f 5730//1 5490//1 5489//1
f 4850//1 4585//1 4586//1
f 4850//1 4849//1 4585//1
f 5090//1 4826//1 4825//1
f 5090//1 5091//1 4826//1
f 4996//1 4732//1 4731//1
f 4996//1 4997//1 4732//1
f 4858//1 4594//1 4859//1
f 5349//1 5110//1 5109//1
f 5213//1 4971//1 4970//1
f 5342//1 4966//1 4965//1
f 4909//1 4644//1 4908//1
f 5154//1 4898//1 4897//1
f 5901//1 5707//1 5706//1
f 5318//1 5100//1 5099//1
f 5440//1 5442//1 5344//1
f 4950//1 4949//1 4684//1
f 5109//1 4845//1 4844//1
f 5109//1 5110//1 4845//1
f 4985//1 4721//1 4720//1
f 4985//1 4986//1 4721//1
f 4861//1 4597//1 4857//1
f 5131//1 5132//1 4871//1
f 5055//1 5056//1 4791//1
f 5058//1 4793//1 5057//1
f 5078//1 5079//1 4814//1
f 5339//1 5318//1 5099//1
f 4955//1 4691//1 4690//1
f 4955//1 4690//1 4954//1
f 4988//1 4724//1 4723//1
f 4988//1 4989//1 4724//1
f 5050//1 4786//1 4785//1
f 5051//1 4786//1 5050//1
f 5120//1 4861//1 4857//1
f 5388//1 5145//1 5144//1
f 5412//1 5166//1 5165//1
f 6022//1 5876//1 5665//1
f 4968//1 4969//1 4704//1
f 4968//1 4704//1 4703//1
f 4886//1 4623//1 4621//1
f 4886//1 4888//1 4623//1
f 4964//1 4699//1 4700//1
f 4964//1 4965//1 4699//1
f 5089//1 5090//1 4825//1
f 5092//1 4828//1 4827//1
f 5378//1 5135//1 5377//1
f 5579//1 5316//1 5578//1
f 5051//1 4788//1 4786//1
f 5051//1 5052//1 4788//1
f 5035//1 4771//1 4770//1
f 5035//1 4770//1 5034//1
f 5043//1 4779//1 4778//1
f 5043//1 4778//1 5042//1
f 4913//1 4648//1 4912//1
f 5167//1 4914//1 5166//1
f 5065//1 4801//1 4800//1
f 5065//1 4800//1 5064//1
f 5221//1 4981//1 4980//1
f 5484//1 5231//1 5230//1
f 5293//1 5069//1 5068//1
f 5289//1 5063//1 5062//1
f 4881//1 4617//1 4616//1
f 4881//1 4882//1 4617//1
f 5309//1 5089//1 5088//1
f 5081//1 4816//1 5082//1
f 4910//1 4646//1 4645//1
f 5337//1 4901//1 4900//1
f 5273//1 5045//1 5044//1
f 5336//1 5088//1 5087//1
f 5260//1 5027//1 5258//1
f 5240//1 5005//1 5003//1
f 5203//1 5204//1 4959//1
f 5312//1 5313//1 5092//1
f 5033//1 4769//1 4768//1
f 5033//1 4768//1 5032//1
f 5355//1 5353//1 5114//1
f 5316//1 5317//1 5096//1
f 5206//1 4962//1 4961//1
f 5170//1 5171//1 4918//1
f 4868//1 4603//1 4867//1
f 5467//1 5468//1 5216//1
f 5133//1 5134//1 4873//1
f 4861//1 4862//1 4596//1
f 5018//1 4754//1 4753//1
f 5018//1 5019//1 4754//1
f 4930//1 4666//1 4665//1
f 4930//1 4931//1 4666//1
f 5336//1 5309//1 5088//1
f 5066//1 4801//1 5065//1
f 5403//1 5157//1 5402//1
f 5166//1 4914//1 4913//1
f 5068//1 4804//1 4803//1
f 5068//1 4803//1 5067//1
f 5533//1 5275//1 5274//1
f 5526//1 5527//1 5269//1
f 5179//1 4928//1 5178//1
f 5419//1 5173//1 5172//1
f 5058//1 4794//1 4793//1
f 5058//1 5059//1 4794//1
f 5376//1 5134//1 5133//1
f 5290//1 5064//1 5063//1
f 5150//1 4894//1 4893//1
f 5119//1 5120//1 4857//1
f 5111//1 4847//1 4846//1
f 5111//1 4846//1 5110//1
f 5062//1 4798//1 4797//1
f 5062//1 5063//1 4798//1
f 4868//1 4604//1 4603//1
f 5139//1 5140//1 4881//1
f 4960//1 4696//1 4695//1
f 4960//1 4961//1 4696//1
f 5295//1 5071//1 5070//1
f 5549//1 5290//1 5289//1
f 5021//1 4757//1 4756//1
f 5021//1 5022//1 4757//1
f 5099//1 4835//1 4834//1
f 5099//1 4834//1 5098//1
f 4880//1 4616//1 4615//1
f 4880//1 4615//1 4879//1
f 5347//1 4933//1 4932//1
f 5145//1 4888//1 4886//1
f 4877//1 4613//1 4612//1
f 4877//1 4878//1 4613//1
f 5580//1 5339//1 5317//1
f 5342//1 4967//1 4966//1
f 5124//1 4861//1 5120//1
f 5117//1 4854//1 5330//1
f 4924//1 4660//1 4659//1
f 4924//1 4659//1 4923//1
f 4900//1 4636//1 4635//1
f 4900//1 4635//1 4899//1
f 4890//1 4626//1 4625//1
f 4890//1 4625//1 4889//1
f 5095//1 4832//1 4830//1
f 5095//1 5096//1 4832//1
f 5540//1 5331//1 5281//1
f 5134//1 4874//1 4873//1
f 5310//1 5090//1 5089//1
f 5299//1 5343//1 5075//1
f 5114//1 4851//1 5115//1
f 5435//1 5436//1 5187//1
f 5222//1 4981//1 5221//1
f 5212//1 5213//1 4970//1
f 5301//1 5079//1 5078//1
f 5306//1 5084//1 5083//1
f 5392//1 5148//1 5147//1
f 5377//1 5135//1 5134//1
f 5312//1 5091//1 5311//1
f 5352//1 4867//1 4866//1
f 5211//1 4969//1 4968//1
f 5553//1 5293//1 5292//1
f 5321//1 5103//1 5102//1
f 5339//1 5099//1 5098//1
f 5341//1 5010//1 5009//1
f 5508//1 5253//1 5252//1
f 5010//1 4746//1 4745//1
f 5010//1 5011//1 4746//1
f 5055//1 4791//1 4790//1
f 5055//1 4790//1 5054//1
f 4870//1 4606//1 4605//1
f 4870//1 4605//1 4869//1
f 5048//1 4784//1 4783//1
f 5048//1 5049//1 4784//1
f 5222//1 4982//1 4981//1
f 5220//1 5221//1 4980//1
f 5172//1 4920//1 4919//1
f 5170//1 4918//1 4917//1
f 5176//1 4926//1 4925//1
f 5175//1 5176//1 4925//1
f 5146//1 4887//1 4888//1
f 5332//1 4921//1 5173//1
f 5332//1 4922//1 4921//1
f 5332//1 4923//1 4922//1
f 5238//1 5002//1 5001//1
f 5264//1 5034//1 5033//1
f 5214//1 4972//1 4971//1
f 5214//1 4971//1 5213//1
f 5224//1 5225//1 4984//1
f 5762//1 5523//1 5521//1
f 5291//1 5067//1 5066//1
f 5292//1 5068//1 5067//1
f 5195//1 4950//1 4948//1
f 5197//1 4949//1 4950//1
f 5673//1 5433//1 5432//1
f 5177//1 4926//1 5176//1
f 5498//1 5244//1 5243//1
f 5345//1 5065//1 5064//1
f 5152//1 4895//1 5151//1
f 5147//1 4891//1 4890//1
f 5550//1 5551//1 5345//1
f 5741//1 5502//1 5500//1
f 5319//1 5101//1 5100//1
f 5319//1 5320//1 5101//1
f 5499//1 5500//1 5245//1
f 5498//1 5499//1 5244//1
f 5210//1 4967//1 5342//1
f 5208//1 4964//1 4963//1
f 5828//1 5588//1 5587//1
f 5326//1 5349//1 5107//1
f 5721//1 5481//1 5480//1
f 5340//1 4879//1 4878//1
f 5452//1 5202//1 5201//1
f 5227//1 5329//1 4987//1
f 5274//1 5046//1 5045//1
f 5274//1 5045//1 5273//1
f 5353//1 5113//1 5114//1
f 5139//1 4881//1 4880//1
f 5465//1 5214//1 5213//1
f 5333//1 4955//1 4954//1
f 5352//1 4868//1 4867//1
f 5379//1 5137//1 5136//1
f 5129//1 4869//1 4868//1
f 5129//1 5130//1 4869//1
f 5127//1 4865//1 4864//1
f 5613//1 5373//1 5372//1
f 5272//1 5042//1 5041//1
f 5348//1 5043//1 5042//1
f 5148//1 4892//1 4891//1
f 5150//1 4893//1 5149//1
f 5767//1 5526//1 5766//1
f 5241//1 5004//1 5005//1
f 5247//1 5013//1 5012//1
f 5531//1 5274//1 5273//1
f 5199//1 4953//1 4952//1
f 5199//1 5200//1 4953//1
f 5316//1 5095//1 5315//1
f 5572//1 5309//1 5571//1
f 5343//1 5300//1 5077//1
f 5331//1 5055//1 5054//1
f 5283//1 5057//1 5056//1
f 5283//1 5284//1 5057//1
f 5344//1 4943//1 5191//1
f 5163//1 4909//1 4908//1
f 5749//1 5509//1 5508//1
f 5483//1 5230//1 5229//1
f 5270//1 5271//1 5040//1
f 5510//1 5254//1 5509//1
f 5153//1 4897//1 4896//1
f 5154//1 4897//1 5153//1
f 5269//1 5039//1 5038//1
f 5463//1 5212//1 5211//1
f 5690//1 5450//1 5449//1
f 5201//1 4956//1 5333//1
f 5226//1 4985//1 5225//1
f 5329//1 4988//1 4987//1
f 5239//1 5003//1 5002//1
f 5239//1 5002//1 5238//1
f 5314//1 5094//1 5093//1
f 5314//1 5093//1 5313//1
f 5295//1 5296//1 5071//1
f 5343//1 5077//1 5076//1
f 5675//1 5435//1 5434//1
f 5198//1 4951//1 5196//1
f 5244//1 5008//1 5007//1
f 5244//1 5245//1 5008//1
f 5138//1 4880//1 4879//1
f 5138//1 4879//1 5340//1
f 5672//1 5431//1 5671//1
f 5157//1 4903//1 4902//1
f 5186//1 4938//1 4937//1
f 5434//1 5186//1 5185//1
f 5331//1 5282//1 5055//1
f 5259//1 5261//1 5028//1
f 5282//1 5056//1 5055//1
f 5282//1 5283//1 5056//1
f 5472//1 5219//1 5350//1
f 6082//1 6022//1 5875//1
f 5286//1 5060//1 5059//1
f 5285//1 5059//1 5058//1
f 5359//1 5118//1 5117//1
f 5324//1 5105//1 5323//1
f 5132//1 4872//1 4871//1
f 5373//1 5130//1 5372//1
f 5337//1 4899//1 5155//1
f 5350//1 4978//1 4977//1
f 5207//1 4963//1 4962//1
f 5206//1 5207//1 4962//1
f 5181//1 4931//1 4930//1
f 5471//1 5220//1 5219//1
f 5368//1 5127//1 5126//1
f 5126//1 4863//1 5125//1
f 5445//1 5197//1 5195//1
f 5183//1 4934//1 5347//1
f 5444//1 5445//1 5195//1
f 5194//1 5195//1 4948//1
f 5234//1 4996//1 4995//1
f 5233//1 5234//1 4995//1
f 5556//1 5296//1 5295//1
f 5471//1 5219//1 5472//1
f 5729//1 5489//1 5488//1
f 5348//1 5042//1 5272//1
f 5341//1 5009//1 5245//1
f 5508//1 5252//1 5507//1
f 5255//1 5022//1 5334//1
f 5480//1 5481//1 5329//1
f 5546//1 5547//1 5287//1
f 5519//1 5263//1 5262//1
f 5229//1 4991//1 4990//1
f 5228//1 4990//1 4989//1
f 5683//1 5441//1 5682//1
f 5538//1 5280//1 5279//1
f 5279//1 5051//1 5050//1
f 5278//1 5279//1 5050//1
f 5550//1 5345//1 5290//1
f 5372//1 5130//1 5129//1
f 5258//1 5027//1 5025//1
f 5258//1 5025//1 5257//1
f 5124//1 4862//1 4861//1
f 5124//1 5125//1 4862//1
f 5259//1 5028//1 5026//1
f 5260//1 5026//1 5027//1
f 5486//1 5487//1 5233//1
f 5240//1 5003//1 5239//1
f 5212//1 4970//1 4969//1
f 5212//1 4969//1 5211//1
f 5323//1 5105//1 5104//1
f 5323//1 5104//1 5322//1
f 5668//1 5428//1 5427//1
f 5181//1 4930//1 5180//1
f 5174//1 4924//1 4923//1
f 5425//1 5178//1 5177//1
f 5259//1 5026//1 5260//1
f 5263//1 5031//1 5030//1
f 5253//1 5254//1 5019//1
f 5253//1 5018//1 5252//1
f 5182//1 5347//1 4932//1
f 5332//1 5174//1 4923//1
f 5224//1 4984//1 4983//1
f 5223//1 4983//1 4982//1
f 5229//1 5230//1 4991//1
f 5229//1 4990//1 5228//1
f 5159//1 4905//1 4904//1
f 5160//1 4905//1 5159//1
f 5467//1 5216//1 5215//1
f 5832//1 5592//1 5591//1
f 5495//1 5240//1 5494//1
f 5823//1 5581//1 5582//1
f 5305//1 5083//1 5081//1
f 5304//1 5081//1 5082//1
f 5562//1 5300//1 5343//1
f 5302//1 5303//1 5080//1
f 5637//1 5397//1 5396//1
f 5144//1 4885//1 5142//1
f 5294//1 5070//1 5069//1
f 5294//1 5069//1 5293//1
f 5320//1 5102//1 5101//1
f 5321//1 5102//1 5320//1
f 5542//1 5283//1 5282//1
f 5371//1 5352//1 5370//1
f 5335//1 5147//1 4890//1
f 5335//1 4889//1 4887//1
f 5160//1 4906//1 4905//1
f 5160//1 5161//1 4906//1
f 5616//1 5376//1 5375//1
f 5117//1 4855//1 4854//1
f 5300//1 5301//1 5078//1
f 5551//1 5291//1 5345//1
f 5460//1 5462//1 5342//1
f 5474//1 5222//1 5221//1
f 5204//1 4960//1 4959//1
f 5204//1 5205//1 4960//1
f 5141//1 4884//1 4882//1
f 5141//1 5143//1 4884//1
f 5196//1 4951//1 4949//1
f 5196//1 4949//1 5197//1
f 5152//1 4896//1 4895//1
f 5152//1 5153//1 4896//1
f 5194//1 4948//1 4947//1
f 5194//1 4947//1 5193//1
f 5315//1 5095//1 5094//1
f 5315//1 5094//1 5314//1
f 5359//1 5117//1 5358//1
f 5235//1 4996//1 5234//1
f 5366//1 5125//1 5124//1
f 5137//1 5340//1 4877//1
f 5250//1 5016//1 5015//1
f 5250//1 5015//1 5249//1
f 5336//1 5086//1 5308//1
f 5552//1 5291//1 5551//1
f 5428//1 5181//1 5180//1
f 5453//1 5203//1 5202//1
f 5547//1 5288//1 5287//1
f 5335//1 4890//1 4889//1
f 5224//1 4983//1 5223//1
f 5553//1 5292//1 5552//1
f 5149//1 4893//1 4892//1
f 5148//1 5149//1 4892//1
f 5338//1 5264//1 5033//1
f 5262//1 5263//1 5030//1
f 5344//1 4945//1 4944//1
f 5192//1 4945//1 5344//1
f 5365//1 5123//1 5328//1
f 5328//1 5112//1 5111//1
f 5709//1 5469//1 5468//1
f 5740//1 5500//1 5499//1
f 5519//1 5520//1 5263//1
f 5236//1 4997//1 5235//1
f 5733//1 5493//1 5491//1
f 5241//1 5005//1 5240//1
f 5488//1 5234//1 5487//1
f 5248//1 5249//1 5014//1
f 5560//1 5343//1 5299//1
f 5452//1 5201//1 5451//1
f 5248//1 5014//1 5013//1
f 5248//1 5013//1 5247//1
f 5396//1 5152//1 5151//1
f 5150//1 5151//1 4894//1
f 5263//1 5338//1 5031//1
f 5757//1 5518//1 5516//1
f 5357//1 5121//1 5363//1
f 5118//1 4855//1 5117//1
f 5504//1 5249//1 5248//1
f 5334//1 5020//1 5254//1
f 5445//1 5447//1 5197//1
f 5190//1 4942//1 4941//1
f 5198//1 4952//1 4951//1
f 5198//1 5199//1 4952//1
f 5416//1 5170//1 5169//1
f 5389//1 5390//1 5146//1
f 5324//1 5106//1 5105//1
f 5324//1 5325//1 5106//1
f 5162//1 4907//1 5161//1
f 5443//1 5194//1 5193//1
f 5121//1 4858//1 4859//1
f 5121//1 5116//1 4858//1
f 5286//1 5059//1 5285//1
f 5290//1 5063//1 5289//1
f 5307//1 5084//1 5306//1
f 5305//1 5081//1 5304//1
f 5115//1 4851//1 4852//1
f 5115//1 4852//1 5116//1
f 5490//1 5346//1 5236//1
f 5496//1 5242//1 5241//1
f 5265//1 5035//1 5034//1
f 5265//1 5034//1 5264//1
f 5589//1 5326//1 5325//1
f 5515//1 5258//1 5514//1
f 5128//1 5352//1 4866//1
f 5597//1 5356//1 5357//1
f 5187//1 4939//1 4938//1
f 5187//1 4938//1 5186//1
f 5203//1 4959//1 4958//1
f 5203//1 4958//1 5202//1
f 5370//1 5352//1 5128//1
f 5408//1 5163//1 5162//1
f 5513//1 5257//1 5256//1
f 5512//1 5255//1 5334//1
f 5227//1 4987//1 4986//1
f 5227//1 4986//1 5226//1
f 5710//1 5711//1 5470//1
f 5488//1 5235//1 5234//1
f 5171//1 4919//1 4918//1
f 5171//1 5172//1 4919//1
f 5422//1 5174//1 5332//1
f 6003//1 5684//1 5683//1
f 5142//1 4885//1 4883//1
f 5142//1 4883//1 5143//1
f 5133//1 4873//1 4872//1
f 5133//1 4872//1 5132//1
f 5528//1 5270//1 5527//1
f 5767//1 5527//1 5526//1
f 5137//1 4877//1 4876//1
f 5137//1 4876//1 5136//1
f 5185//1 4937//1 4936//1
f 5185//1 4936//1 5184//1
f 5302//1 5080//1 5079//1
f 5302//1 5079//1 5301//1
f 5499//1 5245//1 5244//1
f 5733//1 5734//1 5493//1
f 5242//1 5006//1 5004//1
f 5242//1 5004//1 5241//1
f 5154//1 5155//1 4898//1
f 5398//1 5154//1 5153//1
f 5281//1 5053//1 5052//1
f 5281//1 5052//1 5280//1
f 5296//1 5072//1 5071//1
f 5448//1 5198//1 5446//1
f 5218//1 4976//1 4975//1
f 5218//1 4975//1 5217//1
f 5308//1 5085//1 5307//1
f 5563//1 5302//1 5301//1
f 5380//1 5382//1 5340//1
f 5389//1 5146//1 5145//1
f 5266//1 5036//1 5035//1
f 5266//1 5035//1 5265//1
f 5140//1 4882//1 4881//1
f 5140//1 5141//1 4882//1
f 5821//1 5582//1 5580//1
f 5297//1 5072//1 5296//1
f 5406//1 5161//1 5160//1
f 5399//1 5155//1 5154//1
f 5656//1 5657//1 5416//1
f 5370//1 5128//1 5369//1
f 5209//1 5342//1 4965//1
f 5492//1 5237//1 5346//1
f 5165//1 4912//1 5351//1
f 5411//1 5165//1 5351//1
f 5782//1 5541//1 5781//1
f 5560//1 5299//1 5559//1
f 5183//1 4935//1 4934//1
f 5183//1 5184//1 4935//1
f 5393//1 5149//1 5148//1
f 5401//1 5156//1 5337//1
f 5158//1 4904//1 4903//1
f 5158//1 4903//1 5157//1
f 5390//1 5335//1 5146//1
f 5295//1 5070//1 5294//1
f 6330//1 6137//1 6329//1
f 5432//1 5184//1 5183//1
f 5632//1 5392//1 5391//1
f 5399//1 5154//1 5398//1
f 5162//1 4908//1 4907//1
f 5162//1 5163//1 4908//1
f 5318//1 5319//1 5100//1
f 6020//1 5778//1 5777//1
f 5392//1 5393//1 5148//1
f 5402//1 5157//1 5156//1
f 5954//1 5955//1 5796//1
f 5288//1 5061//1 5287//1
f 5128//1 4866//1 4865//1
f 5128//1 4865//1 5127//1
f 5673//1 5674//1 5433//1
f 5169//1 4916//1 5168//1
f 5113//1 4849//1 4850//1
f 5113//1 4850//1 5114//1
f 5144//1 4886//1 4885//1
f 5144//1 5145//1 4886//1
f 5164//1 4910//1 4909//1
f 5164//1 4909//1 5163//1
f 5311//1 5091//1 5090//1
f 5310//1 5311//1 5090//1
f 5215//1 4973//1 4972//1
f 5215//1 4972//1 5214//1
f 5210//1 4968//1 4967//1
f 5210//1 5211//1 4968//1
f 5469//1 5217//1 5468//1
f 5522//1 5521//1 5264//1
f 5579//1 5580//1 5317//1
f 5591//1 5327//1 5349//1
f 5511//1 5255//1 5512//1
f 5547//1 5548//1 5288//1
f 5752//1 5513//1 5511//1
f 5346//1 4998//1 5236//1
f 5276//1 5048//1 5047//1
f 5276//1 5277//1 5048//1
f 5797//1 5557//1 5556//1
f 5363//1 5121//1 5122//1
f 5734//1 5494//1 5493//1
f 5468//1 5217//1 5216//1
f 5569//1 5308//1 5307//1
f 5585//1 5322//1 5321//1
f 5268//1 5038//1 5037//1
f 5268//1 5269//1 5038//1
f 5327//1 5110//1 5349//1
f 5579//1 5317//1 5316//1
f 5122//1 4859//1 4860//1
f 5122//1 5121//1 4859//1
f 5243//1 5007//1 5006//1
f 5243//1 5244//1 5007//1
f 5216//1 4974//1 4973//1
f 5216//1 5217//1 4974//1
f 5275//1 5047//1 5046//1
f 5275//1 5046//1 5274//1
f 5255//1 5023//1 5022//1
f 5255//1 5256//1 5023//1
f 5487//1 5234//1 5233//1
f 5447//1 5196//1 5197//1
f 5442//1 5192//1 5344//1
f 5429//1 5182//1 5181//1
f 5182//1 4932//1 4931//1
f 5182//1 4931//1 5181//1
f 5246//1 5012//1 5011//1
f 5246//1 5247//1 5012//1
f 5288//1 5062//1 5061//1
f 5288//1 5289//1 5062//1
f 5802//1 5561//1 5562//1
f 5578//1 5316//1 5315//1
f 5168//1 4916//1 4915//1
f 5539//1 5540//1 5281//1
f 5539//1 5281//1 5280//1
f 5545//1 5286//1 5285//1
f 5252//1 5018//1 5017//1
f 5252//1 5017//1 5251//1
f 5192//1 4946//1 4945//1
f 5192//1 5193//1 4946//1
f 5201//1 4957//1 4956//1
f 5201//1 5202//1 4957//1
f 5219//1 4979//1 4978//1
f 5219//1 5220//1 4979//1
f 5299//1 5075//1 5074//1
f 5299//1 5074//1 5298//1
f 5565//1 5304//1 5303//1
f 5568//1 5307//1 5306//1
f 5297//1 5073//1 5072//1
f 5297//1 5298//1 5073//1
f 5131//1 4871//1 4870//1
f 5131//1 4870//1 5130//1
f 5189//1 4941//1 4940//1
f 5189//1 5190//1 4941//1
f 5286//1 5287//1 5060//1
f 5379//1 5136//1 5378//1
f 5451//1 5333//1 5450//1
f 5494//1 5240//1 5239//1
f 5362//1 5120//1 5361//1
f 5382//1 5138//1 5340//1
f 5126//1 4864//1 4863//1
f 5126//1 5127//1 4864//1
f 5507//1 5252//1 5251//1
f 5479//1 5227//1 5226//1
f 5572//1 5310//1 5309//1
f 5310//1 5089//1 5309//1
f 5581//1 5319//1 5318//1
f 5582//1 5318//1 5339//1
f 5559//1 5299//1 5298//1
f 5808//1 5809//1 5568//1
f 5209//1 4965//1 4964//1
f 5209//1 4964//1 5208//1
f 5177//1 4927//1 4926//1
f 5177//1 5178//1 4927//1
f 5563//1 5301//1 5561//1
f 5524//1 5267//1 5266//1
f 5779//1 5538//1 5778//1
f 5781//1 5541//1 5540//1
f 5326//1 5107//1 5108//1
f 5326//1 5108//1 5325//1
f 5135//1 4875//1 4874//1
f 5135//1 5136//1 4875//1
f 5529//1 5272//1 5271//1
f 5776//1 5535//1 5775//1
f 5123//1 4860//1 5112//1
f 5123//1 5112//1 5328//1
f 5119//1 4857//1 4856//1
f 5119//1 4856//1 5118//1
f 5165//1 4913//1 4912//1
f 5165//1 5166//1 4913//1
f 5584//1 5321//1 5320//1
f 5806//1 5566//1 5565//1
f 5327//1 5111//1 5110//1
f 5327//1 5328//1 5111//1
f 5386//1 5142//1 5387//1
f 5422//1 5421//1 5174//1
f 5169//1 4917//1 4916//1
f 5169//1 5170//1 4917//1
f 5576//1 5314//1 5313//1
f 5561//1 5300//1 5562//1
f 5576//1 5577//1 5314//1
f 5554//1 5294//1 5293//1
f 5824//1 5584//1 5583//1
f 5459//1 5209//1 5208//1
f 5513//1 5514//1 5257//1
f 5594//1 5595//1 5354//1
f 5381//1 5138//1 5382//1
f 5521//1 5265//1 5264//1
f 6001//1 5639//1 5638//1
f 5671//1 5430//1 5670//1
f 5548//1 5289//1 5288//1
f 5548//1 5549//1 5289//1
f 5683//1 5443//1 5441//1
f 5369//1 5128//1 5127//1
f 5665//1 5425//1 5424//1
f 5621//1 5622//1 5382//1
f 5373//1 5131//1 5130//1
f 5368//1 5126//1 5367//1
f 5522//1 5338//1 5520//1
f 5527//1 5270//1 5269//1
f 5358//1 5117//1 5330//1
f 5389//1 5145//1 5388//1
f 5376//1 5377//1 5134//1
f 5383//1 5140//1 5139//1
f 5509//1 5254//1 5253//1
f 5508//1 5509//1 5253//1
f 5520//1 5338//1 5263//1
f 5713//1 5471//1 5472//1
f 5552//1 5292//1 5291//1
f 5562//1 5343//1 5560//1
f 5606//1 5592//1 5832//1
f 5479//1 5226//1 5478//1
f 5436//1 5437//1 5188//1
f 6019//1 5718//1 5717//1
f 5536//1 5278//1 5277//1
f 5535//1 5277//1 5276//1
f 5571//1 5309//1 5336//1
f 5585//1 5321//1 5584//1
f 5665//1 5666//1 5425//1
f 5662//1 5423//1 5421//1
f 5517//1 5259//1 5260//1
f 5516//1 5259//1 5517//1
f 5500//1 5341//1 5245//1
f 5501//1 5247//1 5246//1
f 5478//1 5226//1 5225//1
f 5979//1 5822//1 5971//1
f 5582//1 5581//1 5318//1
f 5697//1 5457//1 5456//1
f 5964//1 5812//1 5811//1
f 5573//1 5311//1 5310//1
f 5360//1 5119//1 5118//1
f 5360//1 5118//1 5359//1
f 5485//1 5232//1 5231//1
f 5485//1 5231//1 5484//1
f 5367//1 5126//1 5125//1
f 5367//1 5125//1 5366//1
f 5506//1 5507//1 5251//1
f 5502//1 5501//1 5246//1
f 5504//1 5505//1 5249//1
f 5502//1 5246//1 5341//1
f 5539//1 5280//1 5538//1
f 5599//1 5358//1 5595//1
f 5428//1 5429//1 5181//1
f 5429//1 5430//1 5182//1
f 5609//1 5368//1 5608//1
f 5354//1 5358//1 5330//1
f 5469//1 5218//1 5217//1
f 5816//1 5576//1 5575//1
f 5385//1 5143//1 5141//1
f 5387//1 5142//1 5143//1
f 5452//1 5453//1 5202//1
f 5450//1 5333//1 5200//1
f 5391//1 5147//1 5335//1
f 5385//1 5387//1 5143//1
f 5522//1 5264//1 5338//1
f 5895//1 5697//1 5696//1
f 5682//1 5441//1 5442//1
f 5532//1 5531//1 5273//1
f 5636//1 5637//1 5396//1
f 5399//1 5400//1 5155//1
f 5410//1 5351//1 5164//1
f 5827//1 5587//1 5586//1
f 5555//1 5294//1 5554//1
f 5954//1 5796//1 5795//1
f 5592//1 5327//1 5591//1
f 6391//1 6199//1 6198//1
f 5381//1 5383//1 5139//1
f 5657//1 5417//1 5416//1
f 5757//1 5516//1 5758//1
f 5755//1 5515//1 5514//1
f 5985//1 5628//1 5853//1
f 5360//1 5361//1 5119//1
f 5415//1 5169//1 5168//1
f 5415//1 5416//1 5169//1
f 6240//1 6047//1 6238//1
f 5818//1 5577//1 5817//1
f 5623//1 5383//1 5381//1
f 5473//1 5220//1 5471//1
f 5446//1 5198//1 5196//1
f 5446//1 5196//1 5447//1
f 5476//1 5224//1 5223//1
f 5475//1 5222//1 5474//1
f 6102//1 5891//1 5890//1
f 5454//1 5455//1 5204//1
f 5872//1 5659//1 6018//1
f 5762//1 5521//1 5763//1
f 5719//1 5479//1 5478//1
f 5477//1 5224//1 5476//1
f 5557//1 5296//1 5556//1
f 6364//1 6172//1 6171//1
f 5530//1 5532//1 5348//1
f 5536//1 5277//1 5535//1
f 5609//1 5369//1 5368//1
f 5466//1 5467//1 5215//1
f 5449//1 5199//1 5448//1
f 5448//1 5199//1 5198//1
f 5384//1 5141//1 5140//1
f 5384//1 5140//1 5383//1
f 5611//1 5371//1 5370//1
f 5648//1 5649//1 5408//1
f 5712//1 5473//1 5471//1
f 5935//1 5762//1 5763//1
f 5837//1 5604//1 5996//1
f 6216//1 5975//1 6214//1
f 5506//1 5251//1 5250//1
f 5506//1 5250//1 5505//1
f 5514//1 5258//1 5257//1
f 5621//1 5382//1 5380//1
f 5867//1 5868//1 5651//1
f 5602//1 5603//1 5362//1
f 5533//1 5274//1 5531//1
f 5773//1 5531//1 5772//1
f 5385//1 5141//1 5384//1
f 5629//1 5389//1 5388//1
f 5541//1 5282//1 5331//1
f 5541//1 5331//1 5540//1
f 5461//1 5210//1 5462//1
f 5470//1 5472//1 5350//1
f 5542//1 5282//1 5541//1
f 5819//1 5578//1 5818//1
f 5574//1 5575//1 5312//1
f 5572//1 5573//1 5310//1
f 5544//1 5545//1 5285//1
f 6023//1 5724//1 5723//1
f 5427//1 5180//1 5179//1
f 5426//1 5427//1 5179//1
f 5825//1 5584//1 5824//1
f 5583//1 5319//1 5581//1
f 5764//1 5523//1 5762//1
f 5908//1 5719//1 6019//1
f 5706//1 5707//1 5466//1
f 5464//1 5465//1 5213//1
f 5439//1 5190//1 5438//1
f 5432//1 5183//1 5431//1
f 5566//1 5567//1 5305//1
f 5569//1 5307//1 5568//1
f 5438//1 5190//1 5189//1
f 5436//1 5188//1 5187//1
f 5973//1 5827//1 5826//1
f 5590//1 5591//1 5349//1
f 5490//1 5492//1 5346//1
f 5502//1 5341//1 5500//1
f 5815//1 5575//1 5574//1
f 5575//1 5313//1 5312//1
f 5864//1 5646//1 5645//1
f 5407//1 5161//1 5406//1
f 5681//1 5440//1 5680//1
f 5725//1 5485//1 5484//1
f 5404//1 5159//1 5158//1
f 5981//1 5644//1 5643//1
f 5784//1 5543//1 5783//1
f 5811//1 5570//1 5810//1
f 5555//1 5295//1 5294//1
f 5555//1 5556//1 5295//1
f 5794//1 5554//1 5553//1
f 5461//1 5463//1 5211//1
f 5362//1 5124//1 5120//1
f 5362//1 5366//1 5124//1
f 5414//1 5415//1 5168//1
f 5409//1 5163//1 5408//1
f 5741//1 5500//1 5740//1
f 5927//1 5928//1 5751//1
f 5491//1 5238//1 5237//1
f 5491//1 5237//1 5492//1
f 5733//1 5491//1 5732//1
f 5493//1 5238//1 5491//1
f 5703//1 5462//1 5701//1
f 5441//1 5192//1 5442//1
f 5742//1 5744//1 5503//1
f 5482//1 5228//1 5481//1
f 5470//1 5350//1 5218//1
f 5470//1 5218//1 5469//1
f 5417//1 5171//1 5170//1
f 5417//1 5170//1 5416//1
f 5515//1 5260//1 5258//1
f 5515//1 5517//1 5260//1
f 5793//1 5794//1 5553//1
f 5553//1 5554//1 5293//1
f 6013//1 5648//1 5647//1
f 5428//1 5180//1 5427//1
f 5424//1 5177//1 5176//1
f 5424//1 5425//1 5177//1
f 5588//1 5325//1 5324//1
f 5588//1 5589//1 5325//1
f 5625//1 5384//1 5624//1
f 5440//1 5344//1 5191//1
f 5380//1 5340//1 5137//1
f 5390//1 5391//1 5335//1
f 5489//1 5236//1 5235//1
f 5489//1 5490//1 5236//1
f 5569//1 5570//1 5308//1
f 5792//1 5551//1 5791//1
f 5997//1 5654//1 5653//1
f 5855//1 5631//1 5630//1
f 5371//1 5129//1 5352//1
f 5371//1 5372//1 5129//1
f 5587//1 5324//1 5323//1
f 5587//1 5588//1 5324//1
f 5624//1 5384//1 5383//1
f 5951//1 5952//1 5791//1
f 5423//1 5176//1 5175//1
f 5423//1 5424//1 5176//1
f 5992//1 5633//1 5857//1
f 5640//1 5400//1 5399//1
f 5433//1 5185//1 5184//1
f 5433//1 5434//1 5185//1
f 5409//1 5410//1 5164//1
f 5985//1 5627//1 5628//1
f 5732//1 5491//1 5492//1
f 5714//1 5474//1 5473//1
f 5439//1 5191//1 5190//1
f 5440//1 5191//1 5439//1
f 5859//1 5636//1 5858//1
f 5619//1 5379//1 5378//1
f 5567//1 5306//1 5305//1
f 5567//1 5568//1 5306//1
f 5887//1 6003//1 5683//1
f 5685//1 5445//1 5444//1
f 5354//1 5330//1 5113//1
f 5354//1 5113//1 5353//1
f 5593//1 5353//1 5355//1
f 5356//1 5116//1 5357//1
f 5653//1 5413//1 5412//1
f 5641//1 5401//1 5400//1
f 5421//1 5175//1 5174//1
f 5421//1 5423//1 5175//1
f 5577//1 5315//1 5314//1
f 5577//1 5578//1 5315//1
f 5787//1 5546//1 5786//1
f 5489//1 5235//1 5488//1
f 5477//1 5225//1 5224//1
f 5477//1 5478//1 5225//1
f 5537//1 5279//1 5278//1
f 5537//1 5538//1 5279//1
f 5493//1 5239//1 5238//1
f 5493//1 5494//1 5239//1
f 5375//1 5133//1 5132//1
f 5375//1 5376//1 5133//1
f 5458//1 5208//1 5207//1
f 5458//1 5459//1 5208//1
f 5669//1 5429//1 5428//1
f 5888//1 5686//1 5685//1
f 5605//1 5364//1 5365//1
f 5364//1 5363//1 5122//1
f 5394//1 5150//1 5149//1
f 5394//1 5149//1 5393//1
f 6148//1 5924//1 6008//1
f 5995//1 5774//1 5773//1
f 5711//1 5472//1 5470//1
f 5724//1 5484//1 5483//1
f 5991//1 5930//1 5755//1
f 5754//1 5513//1 5752//1
f 5786//1 5545//1 5785//1
f 5543//1 5283//1 5542//1
f 5510//1 5334//1 5254//1
f 5510//1 5512//1 5334//1
f 5558//1 5298//1 5297//1
f 5558//1 5559//1 5298//1
f 5457//1 5207//1 5206//1
f 5457//1 5458//1 5207//1
f 5765//1 5525//1 5524//1
f 5523//1 5265//1 5521//1
f 5543//1 5284//1 5283//1
f 5543//1 5544//1 5284//1
f 5773//1 5533//1 5531//1
f 5534//1 5535//1 5276//1
f 5444//1 5195//1 5194//1
f 5444//1 5194//1 5443//1
f 5952//1 5792//1 5791//1
f 5536//1 5537//1 5278//1
f 5437//1 5189//1 5188//1
f 5437//1 5438//1 5189//1
f 5745//1 5505//1 5504//1
f 5503//1 5247//1 5501//1
f 5426//1 5179//1 5178//1
f 5426//1 5178//1 5425//1
f 5413//1 5167//1 5166//1
f 5413//1 5166//1 5412//1
f 5913//1 5726//1 5912//1
f 5953//1 6011//1 5793//1
f 5592//1 5328//1 5327//1
f 5592//1 5365//1 5328//1
f 5809//1 5569//1 5568//1
f 5576//1 5313//1 5575//1
f 5435//1 5187//1 5186//1
f 5902//1 5710//1 5709//1
f 5626//1 5387//1 5385//1
f 5828//1 5587//1 5827//1
f 5571//1 5336//1 5570//1
f 5600//1 5360//1 5359//1
f 5711//1 5713//1 5472//1
f 5718//1 5719//1 5478//1
f 5564//1 5303//1 5302//1
f 5564//1 5565//1 5303//1
f 5842//1 5609//1 6000//1
f 5374//1 5375//1 5132//1
f 5405//1 5159//1 5404//1
f 5761//1 5520//1 5760//1
f 5996//1 5605//1 5606//1
f 5586//1 5587//1 5323//1
f 5495//1 5241//1 5240//1
f 5495//1 5496//1 5241//1
f 5534//1 5276//1 5275//1
f 5534//1 5275//1 5533//1
f 5905//1 5712//1 5713//1
f 5753//1 5511//1 5512//1
f 5418//1 5172//1 5171//1
f 5418//1 5171//1 5417//1
f 5654//1 5414//1 5413//1
f 5692//1 5452//1 5451//1
f 5454//1 5204//1 5203//1
f 5454//1 5203//1 5453//1
f 5691//1 5450//1 5690//1
f 5791//1 5551//1 5550//1
f 5856//1 5632//1 5631//1
f 5768//1 5528//1 5527//1
f 5473//1 5221//1 5220//1
f 5473//1 5474//1 5221//1
f 5503//1 5248//1 5247//1
f 5503//1 5504//1 5248//1
f 5449//1 5200//1 5199//1
f 5449//1 5450//1 5200//1
f 5566//1 5305//1 5304//1
f 5566//1 5304//1 5565//1
f 5812//1 5571//1 5811//1
f 5723//1 5724//1 5483//1
f 5475//1 5223//1 5222//1
f 5475//1 5476//1 5223//1
f 5644//1 5403//1 5643//1
f 5397//1 5152//1 5396//1
f 6008//1 5744//1 5742//1
f 5749//1 5750//1 5509//1
f 5464//1 5213//1 5212//1
f 5464//1 5212//1 5463//1
f 5525//1 5268//1 5267//1
f 5525//1 5267//1 5524//1
f 5400//1 5337//1 5155//1
f 5400//1 5401//1 5337//1
f 5516//1 5261//1 5259//1
f 5516//1 5518//1 5261//1
f 5497//1 5243//1 5242//1
f 5497//1 5242//1 5496//1
f 5583//1 5320//1 5319//1
f 5583//1 5584//1 5320//1
f 5486//1 5233//1 5232//1
f 5486//1 5232//1 5485//1
f 5414//1 5168//1 5167//1
f 5414//1 5167//1 5413//1
f 5395//1 5150//1 5394//1
f 5633//1 5393//1 5392//1
f 5843//1 5844//1 5611//1
f 5646//1 5406//1 5405//1
f 5480//1 5329//1 5227//1
f 5480//1 5227//1 5479//1
f 5395//1 5151//1 5150//1
f 5395//1 5396//1 5151//1
f 5771//1 5532//1 5530//1
f 5976//1 5832//1 5831//1
f 5735//1 5495//1 5494//1
f 5498//1 5243//1 5497//1
f 5528//1 5271//1 5270//1
f 5528//1 5529//1 5271//1
f 5693//1 5694//1 5453//1
f 5651//1 5652//1 5411//1
f 5530//1 5348//1 5272//1
f 5530//1 5272//1 5529//1
f 6167//1 5938//1 6014//1
f 5798//1 5799//1 5558//1
f 5441//1 5193//1 5192//1
f 5441//1 5443//1 5193//1
f 5586//1 5323//1 5322//1
f 5586//1 5322//1 5585//1
f 5789//1 5549//1 5548//1
f 5967//1 5816//1 5966//1
f 6002//1 5757//1 5758//1
f 5705//1 5464//1 5704//1
f 5728//1 5488//1 5487//1
f 5725//1 5726//1 5485//1
f 5374//1 5132//1 5131//1
f 5374//1 5131//1 5373//1
f 5526//1 5269//1 5268//1
f 5526//1 5268//1 5525//1
f 5397//1 5153//1 5152//1
f 5397//1 5398//1 5153//1
f 5466//1 5215//1 5214//1
f 5466//1 5214//1 5465//1
f 5615//1 5375//1 5374//1
f 5659//1 5419//1 5418//1
f 5386//1 5144//1 5142//1
f 5386//1 5388//1 5144//1
f 5456//1 5206//1 5205//1
f 5456//1 5205//1 5455//1
f 5799//1 5800//1 5559//1
f 5563//1 5564//1 5302//1
f 5403//1 5158//1 5157//1
f 5403//1 5404//1 5158//1
f 5557//1 5297//1 5296//1
f 5557//1 5558//1 5297//1
f 5738//1 5498//1 5497//1
f 5731//1 5732//1 5492//1
f 5574//1 5312//1 5311//1
f 5574//1 5311//1 5573//1
f 5831//1 5832//1 5591//1
f 5758//1 5516//1 5517//1
f 5934//1 5763//1 5761//1
f 6540//1 6347//1 6539//1
f 5407//1 5162//1 5161//1
f 5407//1 5408//1 5162//1
f 5405//1 5160//1 5159//1
f 5405//1 5406//1 5160//1
f 5432//1 5433//1 5184//1
f 5712//1 5471//1 5713//1
f 5631//1 5632//1 5391//1
f 5602//1 5361//1 5601//1
f 5431//1 5183//1 5347//1
f 5431//1 5347//1 5430//1
f 5998//1 5712//1 5905//1
f 5660//1 5661//1 5420//1
f 5546//1 5287//1 5286//1
f 5546//1 5286//1 5545//1
f 5722//1 5481//1 5721//1
f 5419//1 5420//1 5173//1
f 5705//1 5465//1 5464//1
f 5435//1 5186//1 5434//1
f 5482//1 5229//1 5228//1
f 5482//1 5483//1 5229//1
f 5460//1 5342//1 5209//1
f 5460//1 5209//1 5459//1
f 5955//1 5797//1 5796//1
f 5750//1 5510//1 5509//1
f 5364//1 5122//1 5123//1
f 5364//1 5123//1 5365//1
f 5356//1 5115//1 5116//1
f 5356//1 5355//1 5115//1
f 5963//1 5964//1 5811//1
f 5799//1 5559//1 5558//1
f 5590//1 5349//1 5326//1
f 5590//1 5326//1 5589//1
f 5667//1 5427//1 5426//1
f 5669//1 5428//1 5668//1
f 5638//1 5397//1 5637//1
f 5652//1 5412//1 5411//1
f 5810//1 5570//1 5569//1
f 5830//1 5590//1 5589//1
f 5666//1 5426//1 5425//1
f 5701//1 5462//1 5460//1
f 5689//1 5690//1 5449//1
f 6186//1 6011//1 5953//1
f 5420//1 5332//1 5173//1
f 5420//1 5422//1 5332//1
f 5653//1 5412//1 5652//1
f 5651//1 5411//1 5410//1
f 5691//1 5451//1 5450//1
f 5688//1 5448//1 5446//1
f 5511//1 5256//1 5255//1
f 5511//1 5513//1 5256//1
f 5963//1 5811//1 5810//1
f 5999//1 5667//1 5877//1
f 5523//1 5266//1 5265//1
f 5523//1 5524//1 5266//1
f 5598//1 5357//1 5363//1
f 5699//1 5459//1 5458//1
f 5881//1 5673//1 5672//1
f 5602//1 5362//1 5361//1
f 5643//1 5403//1 5402//1
f 6005//1 5804//1 5803//1
f 5715//1 5475//1 5474//1
f 5715//1 5474//1 5714//1
f 5821//1 5823//1 5582//1
f 5787//1 5547//1 5546//1
f 5630//1 5389//1 5629//1
f 5607//1 5367//1 5366//1
f 5716//1 5476//1 5475//1
f 5716//1 5475//1 5715//1
f 5726//1 5486//1 5485//1
f 5803//1 5804//1 5563//1
f 5736//1 5496//1 5495//1
f 5738//1 5739//1 5498//1
f 5818//1 5578//1 5577//1
f 5829//1 5588//1 5828//1
f 6010//1 5615//1 5614//1
f 5845//1 6010//1 5613//1
f 6011//1 5794//1 5793//1
f 5813//1 5573//1 5572//1
f 5649//1 5409//1 5408//1
f 5783//1 5543//1 5542//1
f 5632//1 5633//1 5392//1
f 5630//1 5390//1 5389//1
f 5603//1 5366//1 5362//1
f 5603//1 5607//1 5366//1
f 5777//1 5537//1 5536//1
f 5774//1 5534//1 5533//1
f 5820//1 5580//1 5579//1
f 5968//1 5820//1 5819//1
f 5822//1 5583//1 5581//1
f 5822//1 5581//1 5823//1
f 5593//1 5355//1 5596//1
f 5595//1 5358//1 5354//1
f 5751//1 5753//1 5512//1
f 5923//1 5742//1 5743//1
f 5773//1 5774//1 5533//1
f 5775//1 5534//1 5774//1
f 5769//1 5528//1 5768//1
f 5766//1 5525//1 5765//1
f 6375//1 6183//1 6182//1
f 5793//1 5553//1 5552//1
f 5728//1 5729//1 5488//1
f 5913//1 5727//1 5726//1
f 5631//1 5390//1 5630//1
f 5624//1 5383//1 5623//1
f 5860//1 5640//1 5639//1
f 5642//1 5401//1 5641//1
f 5680//1 5440//1 5439//1
f 5689//1 5449//1 5448//1
f 5868//1 5652//1 5651//1
f 5676//1 5436//1 5435//1
f 5695//1 5455//1 5454//1
f 5696//1 5697//1 5456//1
f 5744//1 5504//1 5503//1
f 5744//1 5745//1 5504//1
f 5622//1 5381//1 5382//1
f 5622//1 5623//1 5381//1
f 5760//1 5520//1 5519//1
f 5763//1 5521//1 5522//1
f 5601//1 5361//1 5360//1
f 5601//1 5360//1 5600//1
f 5831//1 5590//1 5830//1
f 5825//1 5585//1 5584//1
f 5697//1 5698//1 5457//1
f 5694//1 5454//1 5453//1
f 5675//1 5676//1 5435//1
f 5678//1 5679//1 5438//1
f 5655//1 5414//1 5654//1
f 5656//1 5416//1 5415//1
f 6027//1 6028//1 5835//1
f 5979//1 5972//1 5825//1
f 5640//1 5641//1 5400//1
f 5861//1 5641//1 5640//1
f 5650//1 5651//1 5410//1
f 6259//1 6067//1 6066//1
f 5748//1 5508//1 5507//1
f 5759//1 5518//1 5757//1
f 6120//1 5904//1 5903//1
f 5879//1 5880//1 5671//1
f 5707//1 5467//1 5466//1
f 5707//1 5708//1 5467//1
f 5897//1 5701//1 5700//1
f 5700//1 5701//1 5460//1
f 5661//1 5422//1 5420//1
f 6067//1 6068//1 5864//1
f 5983//1 5798//1 5797//1
f 5821//1 5580//1 5820//1
f 5627//1 5629//1 5388//1
f 5850//1 5621//1 5849//1
f 5740//1 5499//1 5739//1
f 5761//1 5763//1 5522//1
f 5634//1 5393//1 5633//1
f 5636//1 5396//1 5395//1
f 5826//1 5586//1 5585//1
f 5826//1 5827//1 5586//1
f 5759//1 5519//1 5518//1
f 5759//1 5760//1 5519//1
f 5717//1 5477//1 5476//1
f 5717//1 5476//1 5716//1
f 6001//1 5860//1 5639//1
f 5992//1 5858//1 5635//1
f 5735//1 5736//1 5495//1
f 5735//1 5494//1 5734//1
f 5950//1 5790//1 5789//1
f 5790//1 5791//1 5550//1
f 5809//1 5810//1 5569//1
f 6005//1 5805//1 5804//1
f 5639//1 5398//1 5638//1
f 5638//1 5398//1 5397//1
f 5817//1 5577//1 5576//1
f 5817//1 5576//1 5816//1
f 5978//1 5702//1 5899//1
f 5883//1 5984//1 5677//1
f 5775//1 5535//1 5534//1
f 5833//1 5594//1 5593//1
f 5723//1 5483//1 5482//1
f 5730//1 5489//1 5729//1
f 5788//1 5548//1 5547//1
f 5788//1 5789//1 5548//1
f 5746//1 5506//1 5505//1
f 5746//1 5505//1 5745//1
f 5770//1 5530//1 5529//1
f 5770//1 5771//1 5530//1
f 5811//1 5571//1 5570//1
f 5928//1 5753//1 5751//1
f 5785//1 5545//1 5544//1
f 5786//1 5546//1 5545//1
f 5988//1 5688//1 5687//1
f 5684//1 5443//1 5683//1
f 5803//1 5561//1 5802//1
f 5803//1 5563//1 5561//1
f 5620//1 5380//1 5379//1
f 6046//1 6048//1 5849//1
f 5801//1 5562//1 5560//1
f 5989//1 5809//1 5808//1
f 5660//1 5420//1 5419//1
f 5660//1 5419//1 5659//1
f 5667//1 5426//1 5666//1
f 5665//1 5424//1 5664//1
f 6165//1 6014//1 5937//1
f 5731//1 5492//1 5490//1
f 5795//1 5555//1 5554//1
f 5795//1 5554//1 5794//1
f 5880//1 5881//1 5672//1
f 5663//1 5422//1 5661//1
f 5815//1 5816//1 5575//1
f 5965//1 5813//1 5812//1
f 5664//1 5424//1 5423//1
f 5664//1 5423//1 5662//1
f 5686//1 5447//1 5445//1
f 5686//1 5445//1 5685//1
f 5642//1 5402//1 5401//1
f 5642//1 5643//1 5402//1
f 5807//1 5567//1 5566//1
f 5807//1 5566//1 5806//1
f 5679//1 5680//1 5439//1
f 5883//1 5677//1 5676//1
f 5691//1 5692//1 5451//1
f 5893//1 5693//1 5692//1
f 6270//1 6271//1 6079//1
f 5658//1 5659//1 5418//1
f 5984//1 5678//1 5677//1
f 5851//1 6007//1 5623//1
f 5790//1 5550//1 5549//1
f 5790//1 5549//1 5789//1
f 5742//1 5503//1 5501//1
f 5751//1 5512//1 5510//1
f 5731//1 5490//1 5730//1
f 6181//1 5993//1 5949//1
f 5655//1 5415//1 5414//1
f 5655//1 5656//1 5415//1
f 5619//1 5620//1 5379//1
f 6244//1 6052//1 6051//1
f 5751//1 5510//1 5750//1
f 5743//1 5502//1 5741//1
f 6061//1 6001//1 5859//1
f 5992//1 5635//1 5634//1
f 5635//1 5395//1 5394//1
f 5635//1 5636//1 5395//1
f 5922//1 5741//1 5921//1
f 5712//1 5714//1 5473//1
f 5708//1 5468//1 5467//1
f 5708//1 5709//1 5468//1
f 5667//1 5668//1 5427//1
f 5867//1 5651//1 5650//1
f 5983//1 5799//1 5798//1
f 6174//1 6020//1 6173//1
f 5756//1 5517//1 5515//1
f 5756//1 5758//1 5517//1
f 5769//1 5529//1 5528//1
f 5769//1 5770//1 5529//1
f 6062//1 6001//1 6061//1
f 6598//1 6406//1 6405//1
f 5792//1 5552//1 5551//1
f 5792//1 5793//1 5552//1
f 5628//1 5386//1 5387//1
f 5628//1 5387//1 5626//1
f 6093//1 6095//1 5984//1
f 5956//1 5800//1 5799//1
f 5909//1 5910//1 5721//1
f 6012//1 5707//1 5901//1
f 6521//1 6329//1 6328//1
f 6008//1 5742//1 5923//1
f 5599//1 5359//1 5358//1
f 5599//1 5600//1 5359//1
f 5805//1 5565//1 5564//1
f 5805//1 5806//1 5565//1
f 5702//1 5463//1 5461//1
f 5702//1 5704//1 5463//1
f 5700//1 5460//1 5459//1
f 5700//1 5459//1 5699//1
f 5756//1 5515//1 5755//1
f 5752//1 5511//1 5753//1
f 5621//1 5380//1 5620//1
f 5631//1 5391//1 5390//1
f 6141//1 5977//1 5919//1
f 6132//1 5912//1 6023//1
f 5698//1 5458//1 5457//1
f 5698//1 5699//1 5458//1
f 5787//1 5788//1 5547//1
f 5949//1 5787//1 5786//1
f 5940//1 5771//1 5939//1
f 5938//1 5769//1 6014//1
f 5677//1 5437//1 5436//1
f 5677//1 5436//1 5676//1
f 5617//1 5376//1 5616//1
f 6007//1 5625//1 5624//1
f 6143//1 5977//1 6141//1
f 5915//1 5731//1 5730//1
f 5650//1 5410//1 5409//1
f 5650//1 5409//1 5649//1
f 6455//1 6456//1 6264//1
f 5612//1 5371//1 5611//1
f 5829//1 5589//1 5588//1
f 5829//1 5830//1 5589//1
f 5749//1 5508//1 5748//1
f 5747//1 5506//1 5746//1
f 5604//1 5363//1 5364//1
f 5604//1 5598//1 5363//1
f 5710//1 5470//1 5469//1
f 5710//1 5469//1 5709//1
f 5681//1 5442//1 5440//1
f 5670//1 5429//1 5669//1
f 5689//1 5448//1 5688//1
f 5687//1 5447//1 5686//1
f 5808//1 5568//1 5567//1
f 5808//1 5567//1 5807//1
f 5934//1 5935//1 5763//1
f 5941//1 5995//1 5773//1
f 5671//1 5431//1 5430//1
f 5874//1 5663//1 5661//1
f 5604//1 5364//1 5605//1
f 5598//1 5597//1 5357//1
f 5804//1 5564//1 5563//1
f 5804//1 5805//1 5564//1
f 5693//1 5453//1 5452//1
f 5693//1 5452//1 5692//1
f 5596//1 5355//1 5356//1
f 5596//1 5356//1 5597//1
f 5975//1 5830//1 5974//1
f 6033//1 5840//1 5839//1
f 6024//1 5948//1 5785//1
f 5822//1 5824//1 5583//1
f 5608//1 5368//1 5367//1
f 5608//1 5367//1 5607//1
f 6192//1 5958//1 5957//1
f 5814//1 5573//1 5813//1
f 5634//1 5394//1 5393//1
f 5634//1 5635//1 5394//1
f 5778//1 5538//1 5537//1
f 5778//1 5537//1 5777//1
f 5977//1 5738//1 5737//1
f 5927//1 5751//1 5750//1
f 5800//1 5560//1 5559//1
f 5800//1 5801//1 5560//1
f 5873//1 5661//1 5660//1
f 5839//1 5603//1 5602//1
f 5703//1 5461//1 5462//1
f 5703//1 5702//1 5461//1
f 5687//1 5446//1 5447//1
f 5687//1 5688//1 5446//1
f 5849//1 5621//1 5620//1
f 5951//1 5791//1 5790//1
f 5870//1 5656//1 5655//1
f 5653//1 5654//1 5413//1
f 5947//1 5783//1 5782//1
f 6012//1 5709//1 5708//1
f 5894//1 5696//1 5695//1
f 5695//1 5454//1 5694//1
f 5725//1 5484//1 5724//1
f 5994//1 5729//1 5728//1
f 5897//1 5898//1 5701//1
f 5978//1 5704//1 5702//1
f 5840//1 6000//1 5607//1
f 6006//1 5699//1 5698//1
f 5615//1 5616//1 5375//1
f 5844//1 5612//1 5611//1
f 5946//1 5782//1 5781//1
f 5779//1 5539//1 5538//1
f 5684//1 5444//1 5443//1
f 5684//1 5685//1 5444//1
f 5784//1 5544//1 5543//1
f 5784//1 5785//1 5544//1
f 5606//1 5605//1 5365//1
f 6028//1 5838//1 5835//1
f 5986//1 5748//1 5747//1
f 5929//1 5753//1 5928//1
f 5887//1 5683//1 5682//1
f 6383//1 6191//1 6190//1
f 6214//1 5975//1 5974//1
f 5720//1 5721//1 5480//1
f 5974//1 5830//1 5829//1
f 5826//1 5585//1 5825//1
f 5720//1 5480//1 5479//1
f 5720//1 5479//1 5719//1
f 5772//1 5531//1 5532//1
f 5772//1 5532//1 5771//1
f 6016//1 5733//1 5917//1
f 5737//1 5496//1 5736//1
f 5916//1 5731//1 5915//1
f 5908//1 5720//1 5719//1
f 5782//1 5542//1 5541//1
f 5782//1 5783//1 5542//1
f 5961//1 5807//1 5806//1
f 7408//1 7257//1 7200//1
f 5900//1 5901//1 5706//1
f 5780//1 5781//1 5540//1
f 5939//1 5771//1 5770//1
f 5915//1 5730//1 5914//1
f 6125//1 6126//1 6019//1
f 5727//1 5486//1 5726//1
f 5761//1 5522//1 5520//1
f 5922//1 5743//1 5741//1
f 5747//1 5507//1 5506//1
f 5747//1 5748//1 5507//1
f 5951//1 5790//1 5950//1
f 5796//1 5555//1 5795//1
f 6188//1 5955//1 5954//1
f 5614//1 5373//1 5613//1
f 5870//1 5871//1 5656//1
f 5861//1 5862//1 5641//1
f 5831//1 5591//1 5590//1
f 5969//1 5970//1 5821//1
f 5945//1 5781//1 5780//1
f 5941//1 5773//1 5772//1
f 5614//1 5374//1 5373//1
f 5614//1 5615//1 5374//1
f 5983//1 5797//1 5955//1
f 5885//1 5681//1 5680//1
f 5663//1 5421//1 5422//1
f 5663//1 5662//1 5421//1
f 5796//1 5556//1 5555//1
f 5796//1 5797//1 5556//1
f 6076//1 6077//1 5871//1
f 5999//1 5669//1 5668//1
f 5681//1 5682//1 5442//1
f 5899//1 5702//1 5703//1
f 5612//1 5372//1 5371//1
f 5612//1 5613//1 5372//1
f 6004//1 5819//1 5818//1
f 6211//1 5972//1 5979//1
f 6085//1 5999//1 5877//1
f 5836//1 5598//1 5837//1
f 5625//1 5385//1 5384//1
f 5625//1 5626//1 5385//1
f 5882//1 5675//1 6009//1
f 6139//1 5919//1 5918//1
f 5970//1 5971//1 5823//1
f 6544//1 6352//1 6351//1
f 5780//1 5540//1 5539//1
f 5780//1 5539//1 5779//1
f 5618//1 5378//1 5377//1
f 5618//1 5619//1 5378//1
f 5647//1 5407//1 5406//1
f 5647//1 5406//1 5646//1
f 5814//1 5574//1 5573//1
f 5814//1 5815//1 5574//1
f 5892//1 5692//1 5691//1
f 5896//1 5699//1 6006//1
f 5648//1 5408//1 5407//1
f 5648//1 5407//1 5647//1
f 5929//1 5752//1 5753//1
f 5942//1 5775//1 5995//1
f 5986//1 5749//1 5748//1
f 5921//1 5741//1 5740//1
f 5639//1 5399//1 5398//1
f 5639//1 5640//1 5399//1
f 5819//1 5579//1 5578//1
f 5819//1 5820//1 5579//1
f 6003//1 5685//1 5684//1
f 5892//1 5893//1 5692//1
f 5727//1 5487//1 5486//1
f 5727//1 5728//1 5487//1
f 5975//1 5831//1 5830//1
f 5982//1 5762//1 5935//1
f 5912//1 5726//1 5725//1
f 5906//1 5907//1 5716//1
f 5767//1 5768//1 5527//1
f 6149//1 5986//1 5925//1
f 5943//1 6020//1 5777//1
f 5995//1 5775//1 5774//1
f 5972//1 5826//1 5825//1
f 5971//1 5822//1 5823//1
f 5983//1 5956//1 5799//1
f 6020//1 5779//1 5778//1
f 5645//1 5405//1 5404//1
f 5645//1 5646//1 5405//1
f 5675//1 5434//1 5674//1
f 5875//1 5662//1 5663//1
f 5843//1 5611//1 5610//1
f 5834//1 5835//1 5595//1
f 5846//1 5847//1 5616//1
f 5847//1 5617//1 5616//1
f 5888//1 5685//1 6003//1
f 6095//1 5884//1 5984//1
f 6390//1 6391//1 6198//1
f 6196//1 5960//1 6195//1
f 5754//1 5514//1 5513//1
f 5754//1 5755//1 5514//1
f 5658//1 5418//1 5417//1
f 5658//1 5417//1 5657//1
f 5594//1 5354//1 5353//1
f 5594//1 5353//1 5593//1
f 5696//1 5456//1 5455//1
f 5696//1 5455//1 5695//1
f 5718//1 5478//1 5477//1
f 5718//1 5477//1 5717//1
f 5764//1 5524//1 5523//1
f 5764//1 5765//1 5524//1
f 5812//1 5572//1 5571//1
f 5812//1 5813//1 5572//1
f 5992//1 5634//1 5633//1
f 5855//1 5856//1 5631//1
f 5858//1 5636//1 5635//1
f 6074//1 6075//1 5997//1
f 6359//1 6361//1 6168//1
f 6050//1 6007//1 5851//1
f 5737//1 5497//1 5496//1
f 5737//1 5738//1 5497//1
f 5776//1 5536//1 5535//1
f 5776//1 5777//1 5536//1
f 5984//1 5679//1 5678//1
f 6550//1 6356//1 6549//1
f 5722//1 5482//1 5481//1
f 5722//1 5723//1 5482//1
f 6192//1 6193//1 5958//1
f 6004//1 5968//1 5819//1
f 5672//1 5432//1 5431//1
f 5672//1 5673//1 5432//1
f 5798//1 5558//1 5557//1
f 5798//1 5557//1 5797//1
f 5743//1 5501//1 5502//1
f 5743//1 5742//1 5501//1
f 5991//1 5752//1 5929//1
f 5977//1 5739//1 5738//1
f 5678//1 5438//1 5437//1
f 5678//1 5437//1 5677//1
f 6000//1 5608//1 5607//1
f 5996//1 5604//1 5605//1
f 6272//1 6273//1 6080//1
f 5884//1 5679//1 5984//1
f 6151//1 5926//1 5986//1
f 5933//1 5761//1 5760//1
f 5644//1 5404//1 5403//1
f 5644//1 5645//1 5404//1
f 5917//1 5733//1 5732//1
f 5948//1 5786//1 5785//1
f 5610//1 5370//1 5369//1
f 5610//1 5369//1 5609//1
f 5617//1 5377//1 5376//1
f 5617//1 5618//1 5377//1
f 5706//1 5466//1 5465//1
f 5706//1 5465//1 5705//1
f 5627//1 5388//1 5386//1
f 5627//1 5386//1 5628//1
f 5999//1 5668//1 5667//1
f 5841//1 5996//1 5606//1
f 6021//1 5601//1 5600//1
f 6132//1 6131//1 5912//1
f 5877//1 5667//1 5666//1
f 5892//1 5691//1 5891//1
f 6019//1 5719//1 5718//1
f 5976//1 5831//1 5975//1
f 6007//1 5624//1 5623//1
f 6000//1 5609//1 5608//1
f 6507//1 6315//1 6314//1
f 5998//1 5714//1 5712//1
f 5876//1 5666//1 5665//1
f 5876//1 5877//1 5666//1
f 6098//1 5887//1 6097//1
f 5878//1 5670//1 5669//1
f 5878//1 5669//1 5999//1
f 5871//1 5657//1 5656//1
f 5947//1 5782//1 5946//1
f 6024//1 5783//1 5947//1
f 5907//1 5717//1 5716//1
f 5907//1 6019//1 5717//1
f 5945//1 5946//1 5781//1
f 6174//1 5944//1 6020//1
f 5959//1 6005//1 5803//1
f 6158//1 5933//1 5932//1
f 6004//1 5817//1 5967//1
f 5958//1 5802//1 5801//1
f 6108//1 5987//1 6106//1
f 5906//1 5716//1 5715//1
f 5966//1 5816//1 5815//1
f 5990//1 5813//1 5965//1
f 6302//1 6111//1 6109//1
f 6368//1 6176//1 6175//1
f 6392//1 6200//1 6199//1
f 6012//1 5708//1 5707//1
f 6211//1 6212//1 5972//1
f 5835//1 5838//1 5599//1
f 5964//1 5965//1 5812//1
f 5963//1 5810//1 5962//1
f 5904//1 5713//1 5711//1
f 5904//1 5905//1 5713//1
f 6195//1 5960//1 6005//1
f 5960//1 5805//1 6005//1
f 6153//1 5928//1 6152//1
f 5910//1 5722//1 5721//1
f 6022//1 5664//1 5662//1
f 6022//1 5665//1 5664//1
f 5944//1 5780//1 5779//1
f 5944//1 5779//1 6020//1
f 6015//1 5828//1 5827//1
f 5973//1 5826//1 5972//1
f 5882//1 5676//1 5675//1
f 6009//1 5675//1 5674//1
f 6281//1 6088//1 6280//1
f 5880//1 5672//1 5671//1
f 5894//1 5895//1 5696//1
f 6913//1 6691//1 6689//1
f 5945//1 5780//1 5944//1
f 6041//1 5845//1 5844//1
f 6011//1 5795//1 5794//1
f 5954//1 5795//1 6011//1
f 5993//1 5788//1 5787//1
f 5949//1 5993//1 5787//1
f 6016//1 5734//1 5733//1
f 6137//1 6138//1 5917//1
f 6128//1 6129//1 5910//1
f 6232//1 6039//1 6228//1
f 5934//1 5761//1 5933//1
f 5949//1 5786//1 5948//1
f 6189//1 5983//1 5955//1
f 5990//1 5814//1 5813//1
f 5848//1 5619//1 5980//1
f 5835//1 5599//1 5595//1
f 5874//1 5875//1 5663//1
f 6022//1 5662//1 5875//1
f 5987//1 5695//1 5694//1
f 5894//1 5695//1 5987//1
f 5980//1 5619//1 5618//1
f 6051//1 6007//1 6050//1
f 6014//1 5769//1 5768//1
f 6014//1 5768//1 5767//1
f 5942//1 5776//1 5775//1
f 5943//1 5777//1 5776//1
f 6018//1 5659//1 5658//1
f 5879//1 5670//1 5878//1
f 6215//1 5974//1 6015//1
f 5973//1 6015//1 5827//1
f 6024//1 5784//1 5783//1
f 6024//1 5785//1 5784//1
f 6002//1 5759//1 5757//1
f 6165//1 5937//1 6163//1
f 6219//1 6220//1 6027//1
f 6354//1 6162//1 6161//1
f 5940//1 5941//1 5772//1
f 6417//1 6229//1 6422//1
f 5930//1 5756//1 5755//1
f 5931//1 5756//1 5930//1
f 6009//1 5674//1 5673//1
f 6009//1 5673//1 5881//1
f 5979//1 5824//1 5822//1
f 5979//1 5825//1 5824//1
f 5970//1 5823//1 5821//1
f 6204//1 5967//1 5966//1
f 5982//1 5764//1 5762//1
f 6160//1 5934//1 5933//1
f 5837//1 5598//1 5604//1
f 6017//1 5596//1 5597//1
f 5931//1 5758//1 5756//1
f 5931//1 6002//1 5758//1
f 6048//1 5850//1 5849//1
f 5850//1 5622//1 5621//1
f 5943//1 5776//1 5942//1
f 5940//1 5772//1 5771//1
f 6021//1 5602//1 5601//1
f 6021//1 5839//1 5602//1
f 6006//1 5698//1 5697//1
f 6006//1 5697//1 5895//1
f 5997//1 5655//1 5654//1
f 5870//1 5655//1 5997//1
f 5994//1 5728//1 5727//1
f 5913//1 5994//1 5727//1
f 6013//1 5647//1 5865//1
f 5873//1 5874//1 5661//1
f 6004//1 5818//1 5817//1
f 5967//1 5817//1 5816//1
f 5889//1 5686//1 5888//1
f 6112//1 5898//1 5897//1
f 6198//1 6199//1 5962//1
f 6855//1 6767//1 6766//1
f 5925//1 5747//1 5746//1
f 6538//1 6346//1 6345//1
f 6010//1 5614//1 5613//1
f 6209//1 5970//1 6208//1
f 5986//1 5747//1 5925//1
f 6008//1 5745//1 5744//1
f 6025//1 5833//1 6017//1
f 6423//1 6230//1 6407//1
f 6012//1 5902//1 5709//1
f 6068//1 5865//1 5864//1
f 5969//1 5821//1 5820//1
f 5969//1 5820//1 5968//1
f 5988//1 5689//1 5688//1
f 5890//1 5689//1 5988//1
f 5846//1 5616//1 5615//1
f 5846//1 5615//1 6010//1
f 6072//1 5868//1 5867//1
f 5869//1 5997//1 5653//1
f 6232//1 6038//1 6039//1
f 6434//1 6242//1 6241//1
f 6023//1 5725//1 5724//1
f 6023//1 5912//1 5725//1
f 5852//1 5626//1 5625//1
f 5852//1 5625//1 6007//1
f 6351//1 6158//1 6159//1
f 5920//1 5739//1 5977//1
f 6067//1 5981//1 6066//1
f 6069//1 6013//1 5865//1
f 5938//1 5770//1 5769//1
f 5938//1 5939//1 5770//1
f 5914//1 5730//1 5729//1
f 5914//1 5729//1 5994//1
f 5993//1 5789//1 5788//1
f 5993//1 5950//1 5789//1
f 5924//1 5746//1 5745//1
f 5924//1 5925//1 5746//1
f 5862//1 5642//1 5641//1
f 5863//1 5981//1 5643//1
f 5838//1 5600//1 5599//1
f 5838//1 6021//1 5600//1
f 5937//1 5767//1 5766//1
f 5937//1 6014//1 5767//1
f 5960//1 5806//1 5805//1
f 5960//1 5961//1 5806//1
f 6079//1 5872//1 6018//1
f 5910//1 5911//1 5722//1
f 5919//1 5737//1 5736//1
f 5919//1 5977//1 5737//1
f 6460//1 6268//1 6267//1
f 6157//1 6002//1 5931//1
f 5991//1 5754//1 5752//1
f 5991//1 5755//1 5754//1
f 6017//1 5593//1 5596//1
f 6017//1 5833//1 5593//1
f 5926//1 5749//1 5986//1
f 6008//1 5924//1 5745//1
f 5859//1 5637//1 5636//1
f 6001//1 5638//1 5637//1
f 6936//1 6706//1 6513//1
f 5886//1 5681//1 5885//1
f 5889//1 5687//1 5686//1
f 5889//1 5988//1 5687//1
f 5890//1 5690//1 5689//1
f 5890//1 5891//1 5690//1
f 6133//1 5994//1 5913//1
f 5882//1 5883//1 5676//1
f 6111//1 5896//1 6006//1
f 5900//1 5706//1 5705//1
f 5918//1 5736//1 5735//1
f 5918//1 5919//1 5736//1
f 6075//1 5870//1 5997//1
f 6439//1 6248//1 6246//1
f 5845//1 5613//1 5612//1
f 5845//1 5612//1 5844//1
f 5865//1 5647//1 5646//1
f 5865//1 5646//1 5864//1
f 5869//1 5653//1 5652//1
f 5869//1 5652//1 5868//1
f 6276//1 6083//1 6277//1
f 5879//1 5671//1 5670//1
f 6015//1 5829//1 5828//1
f 6015//1 5974//1 5829//1
f 5936//1 5766//1 5765//1
f 5936//1 5937//1 5766//1
f 6088//1 6089//1 5880//1
f 6040//1 5844//1 5843//1
f 6179//1 5949//1 5948//1
f 6139//1 6141//1 5919//1
f 5898//1 5703//1 5701//1
f 5898//1 5899//1 5703//1
f 5990//1 5815//1 5814//1
f 5990//1 5966//1 5815//1
f 6110//1 6112//1 5897//1
f 6114//1 5978//1 5899//1
f 6192//1 5957//1 6191//1
f 6202//1 5990//1 5965//1
f 6169//1 5940//1 6168//1
f 6143//1 5920//1 5977//1
f 6441//1 6249//1 6247//1
f 6001//1 5637//1 5859//1
f 6473//1 6280//1 6472//1
f 6063//1 6064//1 5861//1
f 5851//1 5623//1 5622//1
f 5851//1 5622//1 5850//1
f 6209//1 5971//1 5970//1
f 6152//1 5928//1 5927//1
f 5840//1 5607//1 5603//1
f 5840//1 5603//1 5839//1
f 6118//1 6012//1 6117//1
f 5922//1 5923//1 5743//1
f 5920//1 5740//1 5739//1
f 5920//1 5921//1 5740//1
f 6132//1 6023//1 6130//1
f 6137//1 5917//1 5916//1
f 6018//1 5658//1 5657//1
f 6018//1 5657//1 5871//1
f 6066//1 5981//1 5863//1
f 6051//1 5852//1 6007//1
f 5957//1 5800//1 5956//1
f 5957//1 5958//1 5801//1
f 5989//1 5808//1 5807//1
f 5989//1 5807//1 5961//1
f 6665//1 6473//1 6472//1
f 6124//1 5907//1 5906//1
f 5857//1 5633//1 5632//1
f 5857//1 5632//1 5856//1
f 5853//1 5628//1 5626//1
f 5853//1 5626//1 5852//1
f 5980//1 5618//1 5617//1
f 5980//1 5617//1 5847//1
f 6035//1 5840//1 6033//1
f 6026//1 5834//1 5833//1
f 5962//1 5810//1 5809//1
f 5962//1 5809//1 5989//1
f 6123//1 5998//1 6122//1
f 6312//1 6120//1 6119//1
f 6183//1 5951//1 5950//1
f 6171//1 5942//1 5995//1
f 5841//1 5606//1 5832//1
f 5841//1 5832//1 5976//1
f 6057//1 5857//1 5856//1
f 6216//1 6037//1 5976//1
f 5987//1 5694//1 5693//1
f 5987//1 5693//1 5893//1
f 6097//1 5887//1 5886//1
f 6107//1 5895//1 5894//1
f 6067//1 5864//1 5981//1
f 6077//1 6018//1 5871//1
f 5916//1 5732//1 5731//1
f 5916//1 5917//1 5732//1
f 6275//1 6084//1 6082//1
f 6100//1 5889//1 5888//1
f 6529//1 6337//1 6336//1
f 6239//1 6048//1 6046//1
f 5903//1 5711//1 5710//1
f 5903//1 5904//1 5711//1
f 5836//1 5597//1 5598//1
f 5836//1 6017//1 5597//1
f 6355//1 6357//1 6164//1
f 5932//1 5759//1 6002//1
f 5926//1 5750//1 5749//1
f 5926//1 5927//1 5750//1
f 6082//1 6084//1 6022//1
f 6064//1 5862//1 5861//1
f 5911//1 5723//1 5722//1
f 5911//1 6023//1 5723//1
f 6016//1 5735//1 5734//1
f 6016//1 5918//1 5735//1
f 6045//1 5980//1 5847//1
f 6162//1 5982//1 5935//1
f 6193//1 5959//1 5958//1
f 6182//1 6183//1 5950//1
f 6103//1 5890//1 5988//1
f 6442//1 6250//1 6249//1
f 6087//1 6088//1 5879//1
f 6175//1 6176//1 5945//1
f 5886//1 5682//1 5681//1
f 5886//1 5887//1 5682//1
f 5842//1 5610//1 5609//1
f 5842//1 5843//1 5610//1
f 5982//1 5765//1 5764//1
f 5982//1 5936//1 5765//1
f 6220//1 6028//1 6027//1
f 6229//1 6224//1 6036//1
f 5953//1 5793//1 5792//1
f 5953//1 5792//1 5952//1
f 6185//1 5953//1 5952//1
f 6093//1 5984//1 5883//1
f 6230//1 6037//1 6216//1
f 6059//1 6061//1 5859//1
f 6168//1 5940//1 5939//1
f 6163//1 5937//1 5936//1
f 5884//1 5680//1 5679//1
f 5884//1 5885//1 5680//1
f 5854//1 5630//1 5629//1
f 5854//1 5855//1 5630//1
f 6090//1 6009//1 5881//1
f 5957//1 5801//1 5800//1
f 5985//1 5629//1 5627//1
f 5985//1 5854//1 5629//1
f 6156//1 5930//1 5991//1
f 6161//1 5934//1 6160//1
f 5981//1 5645//1 5644//1
f 5981//1 5864//1 5645//1
f 5861//1 5640//1 5860//1
f 6489//1 6297//1 6296//1
f 5978//1 5705//1 5704//1
f 5978//1 5900//1 5705//1
f 5959//1 5803//1 5802//1
f 5959//1 5802//1 5958//1
f 5903//1 5710//1 5902//1
f 6558//1 6559//1 6366//1
f 5932//1 5760//1 5759//1
f 5932//1 5933//1 5760//1
f 6548//1 6357//1 6355//1
f 6846//1 6904//1 6743//1
f 6330//1 6138//1 6137//1
f 6102//1 5890//1 6103//1
f 6140//1 6139//1 5918//1
f 6324//1 6133//1 6131//1
f 6206//1 5969//1 5968//1
f 6205//1 6004//1 5967//1
f 5866//1 5650//1 5649//1
f 5866//1 5867//1 5650//1
f 6468//1 6277//1 6275//1
f 6077//1 6079//1 6018//1
f 5863//1 5643//1 5642//1
f 5863//1 5642//1 5862//1
f 5998//1 5715//1 5714//1
f 5998//1 5906//1 5715//1
f 6203//1 5990//1 6202//1
f 6250//1 6058//1 6057//1
f 6117//1 6012//1 5901//1
f 6109//1 5895//1 6107//1
f 5896//1 5700//1 5699//1
f 5896//1 5897//1 5700//1
f 5834//1 5595//1 5594//1
f 5834//1 5594//1 5833//1
f 6098//1 6003//1 5887//1
f 6113//1 5898//1 6112//1
f 6125//1 6019//1 5907//1
f 6127//1 5909//1 5908//1
f 6126//1 5908//1 6019//1
f 6145//1 5922//1 6144//1
f 6013//1 5649//1 5648//1
f 6013//1 5866//1 5649//1
f 5872//1 5660//1 5659//1
f 5872//1 5873//1 5660//1
f 5909//1 5721//1 5720//1
f 5909//1 5720//1 5908//1
f 6065//1 5862//1 6064//1
f 6480//1 6481//1 6288//1
f 5848//1 5620//1 5619//1
f 5848//1 5849//1 5620//1
f 6173//1 6020//1 5943//1
f 6346//1 6154//1 6153//1
f 6200//1 5964//1 5963//1
f 6373//1 6179//1 6180//1
f 6198//1 5962//1 5989//1
f 6042//1 5845//1 6041//1
f 6123//1 5906//1 5998//1
f 6135//1 5915//1 5914//1
f 6043//1 5846//1 6010//1
f 6042//1 6010//1 5845//1
f 6177//1 5947//1 5946//1
f 6178//1 5947//1 6177//1
f 6285//1 6093//1 6092//1
f 6035//1 6000//1 5840//1
f 6185//1 6186//1 5953//1
f 6378//1 6186//1 6185//1
f 6144//1 5922//1 5921//1
f 6138//1 6016//1 5917//1
f 6030//1 6029//1 5836//1
f 6223//1 6222//1 6030//1
f 6086//1 5878//1 5999//1
f 6086//1 5999//1 6085//1
f 6170//1 6171//1 5995//1
f 6170//1 5995//1 5941//1
f 6199//1 5963//1 5962//1
f 6199//1 6200//1 5963//1
f 6054//1 6056//1 5855//1
f 6055//1 5854//1 5985//1
f 6203//1 5966//1 5990//1
f 6205//1 5967//1 6204//1
f 6505//1 6506//1 6313//1
f 6201//1 5964//1 6200//1
f 6498//1 6306//1 6305//1
f 6096//1 5885//1 6094//1
f 6130//1 6023//1 5911//1
f 6129//1 5911//1 5910//1
f 6099//1 5888//1 6003//1
f 6098//1 6099//1 6003//1
f 6108//1 5894//1 5987//1
f 6116//1 5901//1 5900//1
f 6213//1 6015//1 5973//1
f 6215//1 6015//1 6213//1
f 6233//1 6041//1 6040//1
f 6205//1 6207//1 6004//1
f 6084//1 5876//1 6022//1
f 6083//1 5876//1 6084//1
f 6053//1 5985//1 5853//1
f 6053//1 6055//1 5985//1
f 6288//1 6094//1 6287//1
f 6284//1 6092//1 6091//1
f 6336//1 6144//1 6142//1
f 6144//1 5921//1 6142//1
f 6344//1 6150//1 6151//1
f 6323//1 6130//1 6322//1
f 7056//1 6778//1 6867//1
f 6511//1 6319//1 6318//1
f 6207//1 5968//1 6004//1
f 6207//1 6206//1 5968//1
f 6353//1 6354//1 6161//1
f 6125//1 5907//1 6124//1
f 6494//1 6301//1 6492//1
f 6080//1 5873//1 6078//1
f 6091//1 5882//1 6009//1
f 6091//1 6009//1 6090//1
f 6071//1 5866//1 6013//1
f 6071//1 6013//1 6069//1
f 6189//1 5955//1 6188//1
f 6187//1 6011//1 6186//1
f 6043//1 6044//1 5846//1
f 6043//1 6010//1 6042//1
f 6178//1 6024//1 5947//1
f 6179//1 6181//1 5949//1
f 6127//1 5908//1 6126//1
f 6134//1 5994//1 6133//1
f 6197//1 5989//1 5961//1
f 6198//1 5989//1 6197//1
f 6431//1 6240//1 6238//1
f 6435//1 6243//1 6242//1
f 6523//1 6331//1 6330//1
f 6150//1 6152//1 5927//1
f 6295//1 6102//1 6103//1
f 6296//1 6104//1 6102//1
f 6149//1 6151//1 5986//1
f 6149//1 5925//1 6147//1
f 6069//1 5865//1 6068//1
f 6130//1 5911//1 6129//1
f 6146//1 6008//1 5923//1
f 6146//1 6148//1 6008//1
f 6116//1 6117//1 5901//1
f 6308//1 6116//1 6115//1
f 6237//1 6238//1 6045//1
f 6071//1 6070//1 5866//1
f 6113//1 5899//1 5898//1
f 6113//1 6114//1 5899//1
f 6190//1 5956//1 5983//1
f 6189//1 6190//1 5983//1
f 6040//1 6041//1 5844//1
f 6315//1 6123//1 6122//1
f 6060//1 5858//1 5992//1
f 6058//1 6060//1 5992//1
f 6140//1 5918//1 6016//1
f 6140//1 6016//1 6138//1
f 6260//1 6067//1 6259//1
f 6035//1 6039//1 6000//1
f 6089//1 5881//1 5880//1
f 6089//1 6090//1 5881//1
f 6305//1 6113//1 6112//1
f 6324//1 6326//1 6133//1
f 6347//1 6154//1 6346//1
f 6155//1 6157//1 5931//1
f 6482//1 6290//1 6289//1
f 6092//1 5882//1 6091//1
f 6216//1 5976//1 5975//1
f 6088//1 5880//1 5879//1
f 6131//1 5913//1 5912//1
f 6131//1 6133//1 5913//1
f 6037//1 5841//1 5976//1
f 6400//1 6208//1 6206//1
f 6100//1 5888//1 6099//1
f 6101//1 5889//1 6100//1
f 6044//1 5847//1 5846//1
f 6044//1 6045//1 5847//1
f 6491//1 6298//1 6490//1
f 6516//1 6325//1 6323//1
f 6194//1 6005//1 5959//1
f 6194//1 6195//1 6005//1
f 6070//1 5867//1 5866//1
f 6070//1 6072//1 5867//1
f 6212//1 5973//1 5972//1
f 6212//1 6213//1 5973//1
f 6073//1 5869//1 5868//1
f 6073//1 5868//1 6072//1
f 6497//1 6496//1 6303//1
f 6115//1 5978//1 6114//1
f 6187//1 5954//1 6011//1
f 6187//1 6188//1 5954//1
f 6094//1 5885//1 5884//1
f 6094//1 5884//1 6095//1
f 6038//1 5843//1 5842//1
f 6038//1 6040//1 5843//1
f 6595//1 6402//1 6594//1
f 6327//1 6135//1 6134//1
f 6052//1 5852//1 6051//1
f 6049//1 5850//1 6048//1
f 6466//1 6274//1 6273//1
f 6265//1 6073//1 6072//1
f 6348//1 6157//1 6155//1
f 6167//1 6014//1 6165//1
f 6101//1 5988//1 5889//1
f 6101//1 6103//1 5988//1
f 6034//1 5839//1 6021//1
f 6034//1 6033//1 5839//1
f 6182//1 5950//1 5993//1
f 6182//1 5993//1 6181//1
f 6387//1 6195//1 6194//1
f 6385//1 6193//1 6192//1
f 6242//1 6243//1 6050//1
f 6290//1 6291//1 6098//1
f 6490//1 6298//1 6297//1
f 6669//1 6477//1 6476//1
f 6353//1 6161//1 6160//1
f 6164//1 5982//1 6162//1
f 6482//1 6289//1 6481//1
f 6408//1 6214//1 6215//1
f 6208//1 5970//1 5969//1
f 6208//1 5969//1 6206//1
f 6078//1 5873//1 5872//1
f 6078//1 5872//1 6079//1
f 6134//1 5914//1 5994//1
f 6134//1 6135//1 5914//1
f 6291//1 6099//1 6098//1
f 6254//1 6062//1 6061//1
f 6451//1 6258//1 6450//1
f 6262//1 6264//1 6071//1
f 6150//1 5927//1 5926//1
f 6150//1 5926//1 6151//1
f 6154//1 5991//1 5929//1
f 6154//1 6156//1 5991//1
f 6109//1 6006//1 5895//1
f 6109//1 6111//1 6006//1
f 6457//1 6265//1 6263//1
f 6295//1 6296//1 6102//1
f 6136//1 6137//1 5916//1
f 6522//1 6330//1 6329//1
f 6121//1 5905//1 5904//1
f 6121//1 5904//1 6120//1
f 6136//1 5916//1 5915//1
f 6502//1 6310//1 6309//1
f 6201//1 5965//1 5964//1
f 6201//1 6202//1 5965//1
f 6087//1 5879//1 5878//1
f 6087//1 5878//1 6086//1
f 6110//1 5897//1 5896//1
f 6110//1 5896//1 6111//1
f 6104//1 5892//1 5891//1
f 6104//1 5891//1 6102//1
f 6058//1 5992//1 5857//1
f 6058//1 5857//1 6057//1
f 6167//1 6166//1 5938//1
f 6159//1 6002//1 6157//1
f 6032//1 6021//1 5838//1
f 6032//1 6034//1 6021//1
f 6062//1 5860//1 6001//1
f 6235//1 6042//1 6234//1
f 6123//1 6124//1 5906//1
f 6353//1 6160//1 6352//1
f 6108//1 6107//1 5894//1
f 6280//1 6088//1 6087//1
f 6105//1 5893//1 5892//1
f 6105//1 5892//1 6104//1
f 6119//1 5903//1 5902//1
f 6119//1 6120//1 5903//1
f 6875//1 6626//1 6433//1
f 6469//1 6278//1 6276//1
f 6372//1 6179//1 6373//1
f 6180//1 6179//1 5948//1
f 6047//1 5848//1 5980//1
f 6047//1 5980//1 6045//1
f 6142//1 5921//1 5920//1
f 6142//1 5920//1 6143//1
f 6153//1 5929//1 5928//1
f 6153//1 6154//1 5929//1
f 6039//1 5842//1 6000//1
f 6039//1 6038//1 5842//1
f 6382//1 6190//1 6189//1
f 6572//1 6380//1 6379//1
f 6056//1 5856//1 5855//1
f 6056//1 6057//1 5856//1
f 6336//1 6142//1 6335//1
f 6334//1 6143//1 6141//1
f 6406//1 6213//1 6405//1
f 6215//1 6214//1 5974//1
f 6081//1 5875//1 5874//1
f 6081//1 6082//1 5875//1
f 6203//1 6204//1 5966//1
f 6323//1 6325//1 6132//1
f 6083//1 5877//1 5876//1
f 6083//1 6085//1 5877//1
f 6184//1 6185//1 5952//1
f 6184//1 5951//1 6183//1
f 6191//1 5957//1 5956//1
f 6191//1 5956//1 6190//1
f 6377//1 6184//1 6376//1
f 6366//1 6367//1 6174//1
f 6263//1 6072//1 6070//1
f 6236//1 6044//1 6043//1
f 6339//1 6148//1 6146//1
f 6360//1 6166//1 6167//1
f 6074//1 5997//1 5869//1
f 6074//1 5869//1 6073//1
f 6556//1 6364//1 6363//1
f 6210//1 6211//1 5979//1
f 6382//1 6383//1 6190//1
f 6259//1 6066//1 6258//1
f 6322//1 6130//1 6129//1
f 6160//1 5933//1 6158//1
f 6118//1 5902//1 6012//1
f 6118//1 6119//1 5902//1
f 6031//1 5837//1 5996//1
f 6036//1 6031//1 5996//1
f 6052//1 5853//1 5852//1
f 6052//1 6053//1 5853//1
f 6310//1 6118//1 6117//1
f 6246//1 6055//1 6053//1
f 6155//1 5931//1 5930//1
f 6155//1 5930//1 6156//1
f 6166//1 5939//1 5938//1
f 6166//1 6168//1 5939//1
f 6290//1 6098//1 6097//1
f 6136//1 5915//1 6135//1
f 6092//1 5883//1 5882//1
f 6092//1 6093//1 5883//1
f 6405//1 6213//1 6212//1
f 6780//1 6588//1 6587//1
f 6159//1 5932//1 6002//1
f 6159//1 6158//1 5932//1
f 6228//1 6039//1 6035//1
f 6225//1 6034//1 6032//1
f 6180//1 5948//1 6024//1
f 6180//1 6024//1 6178//1
f 6147//1 5925//1 5924//1
f 6147//1 5924//1 6148//1
f 6115//1 5900//1 5978//1
f 6115//1 6116//1 5900//1
f 6464//1 6272//1 6271//1
f 6446//1 6445//1 6252//1
f 6122//1 5998//1 5905//1
f 6122//1 5905//1 6121//1
f 6106//1 5987//1 5893//1
f 6106//1 5893//1 6105//1
f 6311//1 6118//1 6310//1
f 6313//1 6314//1 6121//1
f 6367//1 6175//1 6174//1
f 6329//1 6137//1 6136//1
f 6054//1 5855//1 5854//1
f 6054//1 5854//1 6055//1
f 6063//1 5861//1 5860//1
f 6063//1 5860//1 6062//1
f 6176//1 5946//1 5945//1
f 6176//1 6177//1 5946//1
f 6355//1 6162//1 6354//1
f 6172//1 6173//1 5943//1
f 6537//1 6536//1 6343//1
f 6352//1 6158//1 6351//1
f 6287//1 6094//1 6095//1
f 6713//1 6521//1 6520//1
f 6184//1 5952//1 5951//1
f 6370//1 6371//1 6178//1
f 6128//1 5910//1 5909//1
f 6128//1 5909//1 6127//1
f 6032//1 5838//1 6028//1
f 6026//1 5833//1 6025//1
f 6161//1 5935//1 5934//1
f 6161//1 6162//1 5935//1
f 6065//1 5863//1 5862//1
f 6065//1 6066//1 5863//1
f 6396//1 6397//1 6204//1
f 6406//1 6408//1 6215//1
f 6076//1 5871//1 5870//1
f 6076//1 5870//1 6075//1
f 6217//1 6025//1 6029//1
f 6409//1 6217//1 6410//1
f 6080//1 5874//1 5873//1
f 6080//1 6081//1 5874//1
f 6029//1 6017//1 5836//1
f 6029//1 6025//1 6017//1
f 6566//1 6373//1 6564//1
f 6194//1 5959//1 6193//1
f 6301//1 6107//1 6108//1
f 6376//1 6184//1 6183//1
f 6463//1 6271//1 6270//1
f 6581//1 6388//1 6580//1
f 6036//1 5996//1 5841//1
f 6036//1 5841//1 6037//1
f 6366//1 6174//1 6173//1
f 6363//1 6171//1 6170//1
f 6030//1 5836//1 5837//1
f 6030//1 5837//1 6031//1
f 6049//1 5851//1 5850//1
f 6049//1 6050//1 5851//1
f 6384//1 6191//1 6383//1
f 6579//1 6387//1 6386//1
f 6397//1 6205//1 6204//1
f 6403//1 6210//1 6402//1
f 6164//1 5936//1 5982//1
f 6164//1 6163//1 5936//1
f 6247//1 6056//1 6054//1
f 6263//1 6265//1 6072//1
f 6027//1 5835//1 5834//1
f 6027//1 5834//1 6026//1
f 6059//1 5859//1 5858//1
f 6059//1 5858//1 6060//1
f 6255//1 6062//1 6254//1
f 6264//1 6070//1 6071//1
f 6145//1 5923//1 5922//1
f 6145//1 6146//1 5923//1
f 6096//1 5886//1 5885//1
f 6096//1 6097//1 5886//1
f 6380//1 6188//1 6187//1
f 6414//1 6225//1 6221//1
f 6757//1 6566//1 6564//1
f 6369//1 6176//1 6368//1
f 6210//1 5979//1 5971//1
f 6210//1 5971//1 6209//1
f 6319//1 6127//1 6126//1
f 6325//1 6131//1 6132//1
f 6882//1 6457//1 6649//1
f 6293//1 6100//1 6292//1
f 6046//1 5849//1 5848//1
f 6046//1 5848//1 6047//1
f 6169//1 5941//1 5940//1
f 6169//1 6170//1 5941//1
f 6476//1 6283//1 6475//1
f 6246//1 6053//1 6245//1
f 6175//1 5945//1 5944//1
f 6175//1 5944//1 6174//1
f 6196//1 5961//1 5960//1
f 6196//1 6197//1 5961//1
f 6394//1 6202//1 6201//1
f 6498//1 6499//1 6306//1
f 6427//1 6234//1 6426//1
f 6525//1 6332//1 6333//1
f 6172//1 5943//1 5942//1
f 6172//1 5942//1 6171//1
f 6364//1 6171//1 6363//1
f 6362//1 6363//1 6170//1
f 6238//1 6047//1 6045//1
f 6790//1 6598//1 6597//1
f 6630//1 6438//1 6437//1
f 6898//1 6777//1 6776//1
f 6308//1 6115//1 6307//1
f 6285//1 6286//1 6093//1
f 6716//1 6717//1 6524//1
f 6700//1 6508//1 6507//1
f 6589//1 6590//1 6397//1
f 6534//1 6342//1 6341//1
f 6357//1 6163//1 6164//1
f 6355//1 6164//1 6162//1
f 6406//1 6215//1 6213//1
f 6421//1 6232//1 6228//1
f 6223//1 6030//1 6031//1
f 6907//1 6620//1 6619//1
f 6328//1 6329//1 6136//1
f 6321//1 6128//1 6320//1
f 6418//1 6226//1 6225//1
f 6420//1 6227//1 6419//1
f 6352//1 6160//1 6158//1
f 6720//1 6528//1 6527//1
f 6396//1 6204//1 6203//1
f 6764//1 6572//1 6571//1
f 6867//1 6585//1 6777//1
f 6389//1 6197//1 6196//1
f 6303//1 6305//1 6112//1
f 6679//1 6486//1 6678//1
f 6251//1 6058//1 6250//1
f 6459//1 6460//1 6267//1
f 6245//1 6053//1 6052//1
f 6245//1 6052//1 6244//1
f 6220//1 6221//1 6028//1
f 6263//1 6070//1 6264//1
f 6504//1 6312//1 6311//1
f 6313//1 6120//1 6312//1
f 6356//1 6165//1 6163//1
f 6590//1 6398//1 6397//1
f 6243//1 6051//1 6050//1
f 6243//1 6244//1 6051//1
f 6584//1 6392//1 6391//1
f 6388//1 6195//1 6387//1
f 6555//1 6363//1 6362//1
f 6361//1 6169//1 6168//1
f 6269//1 6077//1 6076//1
f 6267//1 6074//1 6266//1
f 6478//1 6479//1 6286//1
f 6758//1 6566//1 6757//1
f 6249//1 6250//1 6057//1
f 6433//1 6241//1 6239//1
f 6221//1 6032//1 6028//1
f 6221//1 6225//1 6032//1
f 6258//1 6066//1 6065//1
f 6257//1 6065//1 6064//1
f 6432//1 6239//1 6240//1
f 6241//1 6049//1 6048//1
f 6445//1 6254//1 6252//1
f 6257//1 6258//1 6065//1
f 6350//1 6351//1 6159//1
f 6540//1 6349//1 6347//1
f 6476//1 6284//1 6283//1
f 6285//1 6092//1 6284//1
f 6343//1 6152//1 6150//1
f 6343//1 6150//1 6344//1
f 6323//1 6132//1 6130//1
f 7151//1 6890//1 7004//1
f 6377//1 6185//1 6184//1
f 6377//1 6378//1 6185//1
f 6395//1 6203//1 6202//1
f 6399//1 6207//1 6398//1
f 6268//1 6076//1 6075//1
f 6268//1 6269//1 6076//1
f 6318//1 6126//1 6125//1
f 6318//1 6319//1 6126//1
f 6401//1 6209//1 6208//1
f 6401//1 6208//1 6400//1
f 6597//1 6598//1 6405//1
f 6416//1 6223//1 6224//1
f 6398//1 6207//1 6205//1
f 6398//1 6205//1 6397//1
f 6349//1 6155//1 6156//1
f 6349//1 6348//1 6155//1
f 6379//1 6186//1 6378//1
f 6574//1 6382//1 6381//1
f 6336//1 6337//1 6144//1
f 6313//1 6121//1 6120//1
f 6375//1 6376//1 6183//1
f 6564//1 6373//1 6371//1
f 6320//1 6128//1 6127//1
f 6320//1 6127//1 6319//1
f 6610//1 6417//1 6422//1
f 6594//1 6402//1 6401//1
f 6356//1 6163//1 6357//1
f 6358//1 6360//1 6167//1
f 6262//1 6071//1 6069//1
f 6452//1 6260//1 6259//1
f 6341//1 6149//1 6147//1
f 6342//1 6344//1 6151//1
f 6467//1 6274//1 6466//1
f 6459//1 6267//1 6266//1
f 6222//1 6029//1 6030//1
f 6222//1 6217//1 6029//1
f 6505//1 6313//1 6312//1
f 6885//1 6688//1 6687//1
f 6432//1 6240//1 6431//1
f 6424//1 6425//1 6231//1
f 6224//1 6031//1 6036//1
f 6223//1 6031//1 6224//1
f 6423//1 6407//1 6600//1
f 6407//1 6230//1 6216//1
f 6276//1 6085//1 6083//1
f 6278//1 6279//1 6086//1
f 7052//1 6729//1 6899//1
f 6591//1 6398//1 6590//1
f 6368//1 6175//1 6367//1
f 6558//1 6365//1 6557//1
f 6381//1 6189//1 6188//1
f 6381//1 6188//1 6380//1
f 6531//1 6339//1 6338//1
f 6702//1 6510//1 6509//1
f 6332//1 6141//1 6139//1
f 6332//1 6334//1 6141//1
f 6539//1 6347//1 6346//1
f 6541//1 6348//1 6349//1
f 6461//1 6269//1 6268//1
f 6231//1 6233//1 6040//1
f 6512//1 6320//1 6319//1
f 6340//1 6148//1 6339//1
f 6719//1 6526//1 6718//1
f 6395//1 6202//1 6394//1
f 6248//1 6055//1 6246//1
f 6495//1 6304//1 6302//1
f 6266//1 6074//1 6073//1
f 6266//1 6073//1 6265//1
f 6271//1 6078//1 6079//1
f 6450//1 6258//1 6257//1
f 6226//1 6034//1 6225//1
f 6416//1 6224//1 6417//1
f 6321//1 6129//1 6128//1
f 6321//1 6322//1 6129//1
f 6486//1 6294//1 6293//1
f 6449//1 6257//1 6256//1
f 6534//1 6341//1 6533//1
f 6298//1 6299//1 6106//1
f 6547//1 6355//1 6354//1
f 6546//1 6354//1 6353//1
f 6317//1 6318//1 6125//1
f 6506//1 6314//1 6313//1
f 6333//1 6140//1 6331//1
f 6526//1 6334//1 6332//1
f 6289//1 6097//1 6096//1
f 6289//1 6290//1 6097//1
f 6539//1 6346//1 6538//1
f 7065//1 6908//1 6666//1
f 6331//1 6140//1 6138//1
f 6331//1 6138//1 6330//1
f 6306//1 6114//1 6113//1
f 6306//1 6113//1 6305//1
f 6488//1 6296//1 6295//1
f 6308//1 6309//1 6116//1
f 6548//1 6549//1 6357//1
f 6345//1 6152//1 6343//1
f 6465//1 6273//1 6272//1
f 6437//1 6245//1 6244//1
f 6549//1 6356//1 6357//1
f 6551//1 6360//1 6358//1
f 6328//1 6135//1 6327//1
f 6324//1 6131//1 6325//1
f 6229//1 6036//1 6037//1
f 6229//1 6037//1 6230//1
f 6227//1 6035//1 6033//1
f 6227//1 6228//1 6035//1
f 6404//1 6212//1 6211//1
f 6404//1 6405//1 6212//1
f 6283//1 6091//1 6090//1
f 6283//1 6284//1 6091//1
f 6288//1 6096//1 6094//1
f 6288//1 6289//1 6096//1
f 6279//1 6087//1 6086//1
f 6279//1 6280//1 6087//1
f 6218//1 6026//1 6025//1
f 6218//1 6025//1 6217//1
f 6297//1 6105//1 6104//1
f 6297//1 6104//1 6296//1
f 6314//1 6122//1 6121//1
f 6314//1 6315//1 6122//1
f 6286//1 6095//1 6093//1
f 6286//1 6287//1 6095//1
f 6261//1 6069//1 6068//1
f 6261//1 6262//1 6069//1
f 6333//1 6139//1 6140//1
f 6333//1 6332//1 6139//1
f 6882//1 6650//1 6457//1
f 6241//1 6048//1 6239//1
f 6481//1 6289//1 6288//1
f 6300//1 6302//1 6109//1
f 6388//1 6196//1 6195//1
f 6388//1 6389//1 6196//1
f 6277//1 6083//1 6084//1
f 6277//1 6084//1 6275//1
f 6345//1 6153//1 6152//1
f 6345//1 6346//1 6153//1
f 6392//1 6199//1 6391//1
f 6385//1 6386//1 6193//1
f 6386//1 6194//1 6193//1
f 6386//1 6387//1 6194//1
f 6299//1 6108//1 6106//1
f 6299//1 6301//1 6108//1
f 6274//1 6082//1 6081//1
f 6274//1 6275//1 6082//1
f 6309//1 6117//1 6116//1
f 6309//1 6310//1 6117//1
f 6390//1 6198//1 6197//1
f 6390//1 6197//1 6389//1
f 6536//1 6345//1 6343//1
f 6420//1 6228//1 6227//1
f 6328//1 6136//1 6135//1
f 6514//1 6321//1 6513//1
f 6382//1 6189//1 6381//1
f 6384//1 6192//1 6191//1
f 6231//1 6040//1 6038//1
f 7009//1 6848//1 6847//1
f 6562//1 6369//1 6561//1
f 6372//1 6181//1 6179//1
f 6379//1 6187//1 6186//1
f 6379//1 6380//1 6187//1
f 6399//1 6206//1 6207//1
f 6399//1 6400//1 6206//1
f 6402//1 6210//1 6209//1
f 6402//1 6209//1 6401//1
f 6347//1 6156//1 6154//1
f 6347//1 6349//1 6156//1
f 6231//1 6038//1 6232//1
f 6430//1 6238//1 6237//1
f 6307//1 6115//1 6114//1
f 6307//1 6114//1 6306//1
f 6335//1 6142//1 6143//1
f 6335//1 6143//1 6334//1
f 6256//1 6064//1 6063//1
f 6256//1 6257//1 6064//1
f 6415//1 6222//1 6223//1
f 6422//1 6229//1 6230//1
f 6304//1 6110//1 6111//1
f 6304//1 6111//1 6302//1
f 6234//1 6042//1 6041//1
f 6234//1 6041//1 6233//1
f 6338//1 6146//1 6145//1
f 6338//1 6339//1 6146//1
f 6511//1 6512//1 6319//1
f 6470//1 6469//1 6276//1
f 6270//1 6079//1 6077//1
f 6270//1 6077//1 6269//1
f 6437//1 6244//1 6436//1
f 6428//1 6236//1 6235//1
f 6999//1 6840//1 6839//1
f 6365//1 6366//1 6173//1
f 6303//1 6112//1 6110//1
f 6303//1 6110//1 6304//1
f 6337//1 6145//1 6144//1
f 6337//1 6338//1 6145//1
f 6316//1 6124//1 6123//1
f 6316//1 6123//1 6315//1
f 6431//1 6238//1 6430//1
f 6716//1 6524//1 6523//1
f 6252//1 6061//1 6059//1
f 6252//1 6254//1 6061//1
f 6417//1 6224//1 6229//1
f 6395//1 6396//1 6203//1
f 6374//1 6375//1 6182//1
f 6567//1 6375//1 6374//1
f 6908//1 6667//1 6666//1
f 6479//1 6287//1 6286//1
f 6385//1 6192//1 6384//1
f 6766//1 6574//1 6573//1
f 6267//1 6075//1 6074//1
f 6267//1 6268//1 6075//1
f 6472//1 6280//1 6279//1
f 6490//1 6297//1 6489//1
f 6248//1 6054//1 6055//1
f 6248//1 6247//1 6054//1
f 6292//1 6100//1 6099//1
f 6292//1 6099//1 6291//1
f 6340//1 6147//1 6148//1
f 6340//1 6341//1 6147//1
f 6403//1 6211//1 6210//1
f 6403//1 6404//1 6211//1
f 6502//1 6309//1 6501//1
f 6499//1 6307//1 6306//1
f 6237//1 6045//1 6044//1
f 6237//1 6044//1 6236//1
f 6260//1 6068//1 6067//1
f 6260//1 6261//1 6068//1
f 6300//1 6109//1 6107//1
f 6300//1 6107//1 6301//1
f 6253//1 6059//1 6060//1
f 6253//1 6252//1 6059//1
f 6298//1 6106//1 6105//1
f 6298//1 6105//1 6297//1
f 6282//1 6090//1 6089//1
f 6282//1 6283//1 6090//1
f 6278//1 6086//1 6085//1
f 6278//1 6085//1 6276//1
f 6226//1 6033//1 6034//1
f 6226//1 6227//1 6033//1
f 6273//1 6081//1 6080//1
f 6273//1 6274//1 6081//1
f 6249//1 6057//1 6056//1
f 6249//1 6056//1 6247//1
f 6235//1 6043//1 6042//1
f 6235//1 6236//1 6043//1
f 6887//1 6628//1 6627//1
f 6595//1 6403//1 6402//1
f 7156//1 7030//1 6914//1
f 6580//1 6388//1 6387//1
f 6609//1 6417//1 6610//1
f 6602//1 6411//1 6409//1
f 6371//1 6180//1 6178//1
f 6371//1 6373//1 6180//1
f 6369//1 6177//1 6176//1
f 6579//1 6386//1 6578//1
f 6444//1 6253//1 6251//1
f 6583//1 6390//1 6582//1
f 6255//1 6063//1 6062//1
f 6255//1 6256//1 6063//1
f 6240//1 6046//1 6047//1
f 6240//1 6239//1 6046//1
f 6592//1 6400//1 6399//1
f 6585//1 6586//1 6393//1
f 6362//1 6170//1 6169//1
f 6362//1 6169//1 6361//1
f 6407//1 6216//1 6214//1
f 6407//1 6214//1 6408//1
f 6365//1 6173//1 6172//1
f 6365//1 6172//1 6364//1
f 6393//1 6201//1 6200//1
f 6393//1 6394//1 6201//1
f 6326//1 6134//1 6133//1
f 6326//1 6327//1 6134//1
f 6533//1 6341//1 6340//1
f 6773//1 6581//1 6580//1
f 6582//1 6390//1 6389//1
f 6392//1 6393//1 6200//1
f 6219//1 6027//1 6026//1
f 6219//1 6026//1 6218//1
f 6294//1 6295//1 6103//1
f 6293//1 6101//1 6100//1
f 6358//1 6167//1 6165//1
f 6358//1 6165//1 6356//1
f 6242//1 6050//1 6049//1
f 6242//1 6049//1 6241//1
f 6272//1 6080//1 6078//1
f 6272//1 6078//1 6271//1
f 6591//1 6399//1 6398//1
f 6454//1 6261//1 6453//1
f 6516//1 6323//1 6515//1
f 6728//1 6537//1 6535//1
f 6374//1 6182//1 6181//1
f 6374//1 6181//1 6372//1
f 6359//1 6168//1 6166//1
f 6359//1 6166//1 6360//1
f 6311//1 6119//1 6118//1
f 6311//1 6312//1 6119//1
f 6409//1 6218//1 6217//1
f 6628//1 6435//1 6627//1
f 6350//1 6159//1 6157//1
f 6350//1 6157//1 6348//1
f 6281//1 6089//1 6088//1
f 6281//1 6282//1 6089//1
f 6342//1 6151//1 6149//1
f 6342//1 6149//1 6341//1
f 6370//1 6178//1 6177//1
f 6370//1 6177//1 6369//1
f 6470//1 6276//1 6277//1
f 6483//1 6290//1 6482//1
f 6251//1 6060//1 6058//1
f 6251//1 6253//1 6060//1
f 6777//1 6585//1 6584//1
f 6552//1 6361//1 6359//1
f 6317//1 6125//1 6124//1
f 6317//1 6124//1 6316//1
f 6294//1 6103//1 6101//1
f 6294//1 6101//1 6293//1
f 6638//1 6639//1 6445//1
f 6438//1 6245//1 6437//1
f 6493//1 6495//1 6302//1
f 6492//1 6301//1 6299//1
f 6518//1 6326//1 6324//1
f 6529//1 6336//1 6528//1
f 6455//1 6264//1 6262//1
f 6761//1 6569//1 6568//1
f 6433//1 6239//1 6432//1
f 7279//1 6941//1 7135//1
f 6563//1 6564//1 6371//1
f 6797//1 6612//1 6611//1
f 6510//1 6318//1 6317//1
f 6509//1 6317//1 6316//1
f 6758//1 6565//1 6566//1
f 6577//1 6385//1 6384//1
f 6586//1 6587//1 6394//1
f 6563//1 6371//1 6370//1
f 6585//1 6393//1 6392//1
f 6547//1 6548//1 6355//1
f 6568//1 6376//1 6375//1
f 6555//1 6556//1 6363//1
f 6561//1 6369//1 6368//1
f 6558//1 6366//1 6365//1
f 6744//1 6553//1 6551//1
f 6523//1 6524//1 6331//1
f 6885//1 6690//1 6688//1
f 6478//1 6286//1 6285//1
f 6532//1 6340//1 6339//1
f 6532//1 6339//1 6531//1
f 6410//1 6217//1 6222//1
f 6410//1 6222//1 6415//1
f 6646//1 6454//1 6453//1
f 6578//1 6386//1 6385//1
f 6435//1 6242//1 6434//1
f 6639//1 6640//1 6447//1
f 6576//1 6577//1 6384//1
f 6615//1 6610//1 6422//1
f 6425//1 6233//1 6231//1
f 6433//1 6434//1 6241//1
f 6475//1 6283//1 6282//1
f 6671//1 6479//1 6478//1
f 6526//1 6527//1 6334//1
f 6528//1 6336//1 6335//1
f 6764//1 6571//1 6763//1
f 6568//1 6375//1 6567//1
f 6931//1 6752//1 6751//1
f 6911//1 6643//1 6642//1
f 6454//1 6262//1 6261//1
f 6455//1 6262//1 6454//1
f 6530//1 6337//1 6529//1
f 6569//1 6376//1 6568//1
f 6520//1 6327//1 6519//1
f 6736//1 6544//1 6543//1
f 6416//1 6415//1 6223//1
f 6615//1 6422//1 6423//1
f 6510//1 6511//1 6318//1
f 6536//1 6538//1 6345//1
f 6436//1 6244//1 6243//1
f 6435//1 6436//1 6243//1
f 6524//1 6333//1 6331//1
f 6524//1 6525//1 6333//1
f 6418//1 6225//1 6414//1
f 6419//1 6227//1 6226//1
f 6515//1 6323//1 6322//1
f 6876//1 6674//1 6481//1
f 6462//1 6269//1 6461//1
f 6460//1 6461//1 6268//1
f 6577//1 6578//1 6385//1
f 6420//1 6421//1 6228//1
f 6442//1 6249//1 6441//1
f 6443//1 6250//1 6442//1
f 6804//1 6631//1 6630//1
f 6768//1 6576//1 6575//1
f 6423//1 6422//1 6230//1
f 6751//1 6559//1 6558//1
f 6467//1 6275//1 6274//1
f 6465//1 6272//1 6464//1
f 6451//1 6259//1 6258//1
f 6451//1 6452//1 6259//1
f 6535//1 6344//1 6342//1
f 6534//1 6535//1 6342//1
f 6508//1 6316//1 6315//1
f 6508//1 6315//1 6507//1
f 6494//1 6300//1 6301//1
f 6493//1 6302//1 6300//1
f 6710//1 6518//1 6517//1
f 6505//1 6312//1 6504//1
f 7002//1 6841//1 6894//1
f 6930//1 6707//1 6706//1
f 6443//1 6251//1 6250//1
f 6443//1 6444//1 6251//1
f 6507//1 6314//1 6506//1
f 6698//1 6506//1 6505//1
f 6557//1 6365//1 6364//1
f 6557//1 6364//1 6556//1
f 6520//1 6328//1 6327//1
f 6519//1 6327//1 6326//1
f 6456//1 6263//1 6264//1
f 6456//1 6457//1 6263//1
f 6513//1 6321//1 6320//1
f 6513//1 6320//1 6512//1
f 6632//1 6440//1 6439//1
f 6440//1 6441//1 6247//1
f 6753//1 6561//1 6560//1
f 6545//1 6546//1 6353//1
f 6865//1 6682//1 6489//1
f 6648//1 6455//1 6647//1
f 6596//1 6404//1 6403//1
f 6595//1 6596//1 6403//1
f 6510//1 6317//1 6509//1
f 6704//1 6512//1 6511//1
f 6934//1 6465//1 6657//1
f 6650//1 6458//1 6457//1
f 6775//1 6582//1 6774//1
f 6580//1 6387//1 6579//1
f 6910//1 6769//1 6768//1
f 6573//1 6380//1 6572//1
f 6587//1 6395//1 6394//1
f 6586//1 6394//1 6393//1
f 6488//1 6489//1 6296//1
f 6920//1 6662//1 6816//1
f 6526//1 6332//1 6525//1
f 6697//1 6505//1 6504//1
f 6588//1 6396//1 6395//1
f 6588//1 6395//1 6587//1
f 6608//1 6415//1 6416//1
f 6792//1 6599//1 6791//1
f 6412//1 6220//1 6219//1
f 6413//1 6220//1 6412//1
f 6912//1 6739//1 6738//1
f 6553//1 6552//1 6359//1
f 6427//1 6235//1 6234//1
f 6428//1 6235//1 6427//1
f 6767//1 6574//1 6766//1
f 6782//1 6783//1 6590//1
f 6484//1 6292//1 6291//1
f 6485//1 6292//1 6484//1
f 6496//1 6305//1 6303//1
f 6496//1 6498//1 6305//1
f 6473//1 6281//1 6280//1
f 6471//1 6278//1 6469//1
f 6799//1 6621//1 6620//1
f 6671//1 6672//1 6479//1
f 7051//1 6681//1 6895//1
f 6487//1 6294//1 6486//1
f 6429//1 6237//1 6236//1
f 6429//1 6430//1 6237//1
f 6462//1 6270//1 6269//1
f 6463//1 6270//1 6462//1
f 6483//1 6291//1 6290//1
f 6483//1 6484//1 6291//1
f 6426//1 6234//1 6233//1
f 6426//1 6233//1 6425//1
f 7656//1 7475//1 7448//1
f 6770//1 6578//1 6577//1
f 6449//1 6450//1 6257//1
f 6447//1 6255//1 6254//1
f 6500//1 6308//1 6307//1
f 6500//1 6307//1 6499//1
f 6458//1 6266//1 6265//1
f 6458//1 6265//1 6457//1
f 6474//1 6281//1 6473//1
f 6477//1 6284//1 6476//1
f 6522//1 6523//1 6330//1
f 6730//1 6538//1 6536//1
f 6532//1 6533//1 6340//1
f 6521//1 6328//1 6520//1
f 6727//1 6535//1 6534//1
f 7034//1 7061//1 6872//1
f 6518//1 6519//1 6326//1
f 6518//1 6324//1 6517//1
f 6678//1 6486//1 6485//1
f 6664//1 6472//1 6471//1
f 6550//1 6358//1 6356//1
f 6550//1 6551//1 6358//1
f 6583//1 6391//1 6390//1
f 6583//1 6584//1 6391//1
f 6682//1 6490//1 6489//1
f 6600//1 6407//1 6408//1
f 6597//1 6405//1 6404//1
f 6597//1 6404//1 6596//1
f 6593//1 6594//1 6401//1
f 6775//1 6583//1 6582//1
f 6413//1 6221//1 6220//1
f 6413//1 6414//1 6221//1
f 6530//1 6338//1 6337//1
f 6530//1 6531//1 6338//1
f 6542//1 6350//1 6348//1
f 6542//1 6348//1 6541//1
f 7149//1 7085//1 7063//1
f 6547//1 6354//1 6546//1
f 6930//1 6708//1 6707//1
f 6508//1 6509//1 6316//1
f 6543//1 6350//1 6542//1
f 6888//1 6771//1 6770//1
f 6573//1 6381//1 6380//1
f 6573//1 6574//1 6381//1
f 6447//1 6254//1 6445//1
f 6875//1 6433//1 6625//1
f 6527//1 6335//1 6334//1
f 6527//1 6528//1 6335//1
f 6537//1 6343//1 6344//1
f 6537//1 6344//1 6535//1
f 6428//1 6429//1 6236//1
f 6620//1 6427//1 6619//1
f 6453//1 6261//1 6260//1
f 6453//1 6260//1 6452//1
f 6591//1 6592//1 6399//1
f 6862//1 6789//1 6788//1
f 6625//1 6433//1 6432//1
f 7015//1 6852//1 6851//1
f 6719//1 6720//1 6527//1
f 6935//1 6754//1 6561//1
f 6599//1 6406//1 6598//1
f 6593//1 6400//1 6592//1
f 6917//1 6829//1 6700//1
f 6845//1 6742//1 6741//1
f 6764//1 6765//1 6572//1
f 7151//1 7058//1 6890//1
f 7529//1 7425//1 7532//1
f 6639//1 6447//1 6445//1
f 6934//1 6658//1 6465//1
f 6675//1 6483//1 6482//1
f 6717//1 6525//1 6524//1
f 6723//1 6724//1 6531//1
f 6424//1 6231//1 6232//1
f 6424//1 6232//1 6421//1
f 6585//1 6392//1 6584//1
f 6593//1 6401//1 6400//1
f 7068//1 6878//1 7041//1
f 6448//1 6449//1 6256//1
f 6438//1 6246//1 6245//1
f 6438//1 6439//1 6246//1
f 6463//1 6464//1 6271//1
f 6459//1 6266//1 6458//1
f 6677//1 6484//1 6676//1
f 6493//1 6300//1 6494//1
f 7600//1 7563//1 7528//1
f 6706//1 6707//1 6514//1
f 6928//1 6602//1 6601//1
f 6613//1 6421//1 6420//1
f 6497//1 6303//1 6304//1
f 6497//1 6304//1 6495//1
f 6501//1 6309//1 6308//1
f 6501//1 6308//1 6500//1
f 6514//1 6322//1 6321//1
f 6514//1 6515//1 6322//1
f 6448//1 6256//1 6255//1
f 6448//1 6255//1 6447//1
f 6562//1 6370//1 6369//1
f 6562//1 6563//1 6370//1
f 6468//1 6275//1 6467//1
f 6662//1 6664//1 6471//1
f 6517//1 6324//1 6325//1
f 6517//1 6325//1 6516//1
f 6560//1 6368//1 6367//1
f 6560//1 6561//1 6368//1
f 6722//1 6530//1 6529//1
f 6521//1 6522//1 6329//1
f 6826//1 6693//1 6692//1
f 6687//1 6495//1 6493//1
f 6724//1 6725//1 6532//1
f 6890//1 6736//1 6735//1
f 6640//1 6448//1 6447//1
f 6902//1 6648//1 6647//1
f 6465//1 6466//1 6273//1
f 6919//1 6651//1 6650//1
f 6491//1 6299//1 6298//1
f 6491//1 6492//1 6299//1
f 6656//1 6464//1 6463//1
f 6653//1 6461//1 6460//1
f 6686//1 6687//1 6493//1
f 6681//1 6489//1 6488//1
f 6603//1 6601//1 6410//1
f 6411//1 6412//1 6219//1
f 6571//1 6379//1 6378//1
f 6571//1 6572//1 6379//1
f 6896//1 6684//1 6683//1
f 6672//1 6480//1 6479//1
f 6559//1 6367//1 6366//1
f 6559//1 6560//1 6367//1
f 6503//1 6311//1 6310//1
f 6503//1 6310//1 6502//1
f 6724//1 6532//1 6531//1
f 6972//1 6909//1 6819//1
f 6618//1 6426//1 6425//1
f 6627//1 6435//1 6434//1
f 6693//1 6501//1 6500//1
f 6503//1 6504//1 6311//1
f 6545//1 6353//1 6352//1
f 6545//1 6352//1 6544//1
f 6654//1 6655//1 6462//1
f 6926//1 6660//1 6659//1
f 6739//1 6740//1 6547//1
f 7175//1 7089//1 7041//1
f 6411//1 6219//1 6218//1
f 6411//1 6218//1 6409//1
f 6570//1 6378//1 6377//1
f 6570//1 6571//1 6378//1
f 6858//1 6775//1 6774//1
f 6906//1 6764//1 6763//1
f 6663//1 6469//1 6470//1
f 6468//1 6470//1 6277//1
f 7629//1 7579//1 7508//1
f 6832//1 6709//1 6708//1
f 6731//1 6732//1 6539//1
f 6913//1 6826//1 6692//1
f 6879//1 6666//1 6473//1
f 6660//1 6468//1 6467//1
f 7042//1 6881//1 7070//1
f 6554//1 6361//1 6552//1
f 6569//1 6377//1 6376//1
f 6569//1 6570//1 6377//1
f 6446//1 6252//1 6253//1
f 6446//1 6253//1 6444//1
f 6727//1 6728//1 6535//1
f 6540//1 6541//1 6349//1
f 6798//1 6918//1 6613//1
f 6418//1 6419//1 6226//1
f 7141//1 7090//1 7070//1
f 6718//1 6525//1 6717//1
f 6788//1 6595//1 6787//1
f 6785//1 6593//1 6592//1
f 6471//1 6279//1 6278//1
f 6471//1 6472//1 6279//1
f 6474//1 6282//1 6281//1
f 6474//1 6475//1 6282//1
f 6902//1 6649//1 6648//1
f 6900//1 6633//1 6632//1
f 6554//1 6362//1 6361//1
f 6554//1 6555//1 6362//1
f 6700//1 6507//1 6699//1
f 7393//1 7328//1 7305//1
f 6902//1 6647//1 6810//1
f 6657//1 6465//1 6464//1
f 6480//1 6288//1 6287//1
f 6480//1 6287//1 6479//1
f 6553//1 6359//1 6360//1
f 6553//1 6360//1 6551//1
f 6808//1 6645//1 6644//1
f 6623//1 6431//1 6430//1
f 6440//1 6247//1 6248//1
f 6440//1 6248//1 6439//1
f 6618//1 6619//1 6426//1
f 6642//1 6450//1 6449//1
f 6629//1 6630//1 6437//1
f 6893//1 6635//1 6634//1
f 6477//1 6285//1 6284//1
f 6477//1 6478//1 6285//1
f 6988//1 6932//1 6831//1
f 6823//1 6684//1 6896//1
f 6708//1 6515//1 6707//1
f 6709//1 6710//1 6517//1
f 6565//1 6374//1 6372//1
f 6565//1 6567//1 6374//1
f 6487//1 6295//1 6294//1
f 6487//1 6488//1 6295//1
f 6485//1 6293//1 6292//1
f 6485//1 6486//1 6293//1
f 6575//1 6383//1 6382//1
f 6575//1 6382//1 6574//1
f 6619//1 6427//1 6426//1
f 6933//1 6412//1 6604//1
f 6676//1 6484//1 6483//1
f 7033//1 6870//1 7058//1
f 6599//1 6408//1 6406//1
f 6599//1 6600//1 6408//1
f 6566//1 6372//1 6373//1
f 6566//1 6565//1 6372//1
f 6543//1 6351//1 6350//1
f 6543//1 6544//1 6351//1
f 7422//1 7223//1 7092//1
f 6769//1 6576//1 6768//1
f 6589//1 6397//1 6396//1
f 6589//1 6396//1 6588//1
f 6749//1 6557//1 6556//1
f 6759//1 6760//1 6567//1
f 6637//1 6446//1 6444//1
f 6643//1 6644//1 6451//1
f 6581//1 6389//1 6388//1
f 6581//1 6582//1 6389//1
f 6576//1 6384//1 6383//1
f 6576//1 6383//1 6575//1
f 6727//1 6534//1 6726//1
f 6726//1 6534//1 6533//1
f 7139//1 6907//1 7072//1
f 6791//1 6599//1 6598//1
f 6925//1 6755//1 6754//1
f 6863//1 6789//1 6862//1
f 6684//1 6492//1 6491//1
f 6928//1 6604//1 6602//1
f 6796//1 6608//1 6609//1
f 6848//1 6750//1 6749//1
f 6651//1 6459//1 6458//1
f 6652//1 6459//1 6651//1
f 7166//1 6899//1 7000//1
f 6935//1 6561//1 6753//1
f 6676//1 6483//1 6675//1
f 6821//1 6678//1 6677//1
f 6673//1 6481//1 6480//1
f 6673//1 6480//1 6672//1
f 6908//1 6668//1 6667//1
f 6689//1 6498//1 6496//1
f 6907//1 6619//1 6618//1
f 6887//1 6802//1 6628//1
f 6802//1 6629//1 6628//1
f 6635//1 6443//1 6442//1
f 6702//1 6703//1 6510//1
f 6917//1 6699//1 6698//1
f 6876//1 6481//1 6673//1
f 6821//1 6822//1 6678//1
f 6703//1 6511//1 6510//1
f 6703//1 6704//1 6511//1
f 6748//1 6555//1 6747//1
f 6746//1 6554//1 6552//1
f 6649//1 6457//1 6456//1
f 6887//1 6627//1 6626//1
f 6760//1 6568//1 6567//1
f 6761//1 6568//1 6760//1
f 6801//1 6915//1 6623//1
f 6955//1 6807//1 6806//1
f 7210//1 7085//1 7149//1
f 6607//1 6418//1 6414//1
f 6634//1 6442//1 6441//1
f 6634//1 6635//1 6442//1
f 6709//1 6517//1 6516//1
f 6839//1 6840//1 6726//1
f 6657//1 6464//1 6656//1
f 6926//1 6659//1 6658//1
f 6636//1 6443//1 6635//1
f 7215//1 7088//1 7154//1
f 6617//1 6425//1 6424//1
f 6614//1 6424//1 6421//1
f 6787//1 6595//1 6594//1
f 6786//1 6594//1 6593//1
f 6707//1 6515//1 6514//1
f 6706//1 6514//1 6513//1
f 7022//1 6856//1 6888//1
f 7055//1 6633//1 6900//1
f 7102//1 7135//1 7075//1
f 6929//1 6656//1 6655//1
f 6682//1 6683//1 6490//1
f 6738//1 6546//1 6545//1
f 6763//1 6571//1 6570//1
f 6762//1 6763//1 6570//1
f 7124//1 6945//1 6946//1
f 6850//1 6757//1 6756//1
f 6622//1 6430//1 6429//1
f 6622//1 6623//1 6430//1
f 6895//1 6680//1 6679//1
f 6865//1 6489//1 6681//1
f 6755//1 6563//1 6562//1
f 6756//1 6563//1 6755//1
f 6688//1 6497//1 6495//1
f 6688//1 6495//1 6687//1
f 6927//1 6606//1 6605//1
f 6616//1 6423//1 6600//1
f 6769//1 6577//1 6576//1
f 6872//1 6770//1 6577//1
f 6655//1 6463//1 6462//1
f 6812//1 6653//1 6811//1
f 6679//1 6487//1 6486//1
f 6680//1 6487//1 6679//1
f 6670//1 6671//1 6478//1
f 7240//1 7161//1 7100//1
f 6840//1 6727//1 6726//1
f 7064//1 6722//1 6874//1
f 7613//1 7491//1 7563//1
f 6695//1 6696//1 6503//1
f 6920//1 6665//1 6664//1
f 6661//1 6468//1 6660//1
f 6721//1 6529//1 6528//1
f 6721//1 6528//1 6720//1
f 6743//1 6551//1 6550//1
f 6743//1 6744//1 6551//1
f 6774//1 6582//1 6581//1
f 6774//1 6581//1 6773//1
f 6621//1 6429//1 6428//1
f 6621//1 6622//1 6429//1
f 6620//1 6428//1 6427//1
f 6620//1 6621//1 6428//1
f 7065//1 6666//1 6879//1
f 7103//1 7077//1 7076//1
f 6889//1 6784//1 6783//1
f 7109//1 6937//1 6938//1
f 6647//1 6455//1 6454//1
f 6647//1 6454//1 6646//1
f 7134//1 6929//1 6964//1
f 6904//1 6745//1 6744//1
f 6859//1 6781//1 6780//1
f 7028//1 6889//1 6861//1
f 7171//1 6917//1 7047//1
f 6903//1 6696//1 6695//1
f 6932//1 6705//1 6704//1
f 7142//1 6993//1 6901//1
f 7140//1 7067//1 6903//1
f 7543//1 7375//1 7336//1
f 7190//1 6981//1 6982//1
f 6624//1 6431//1 6623//1
f 6754//1 6562//1 6561//1
f 6754//1 6755//1 6562//1
f 6601//1 6409//1 6410//1
f 6927//1 6607//1 6606//1
f 6779//1 6587//1 6586//1
f 6779//1 6780//1 6587//1
f 6839//1 6726//1 6725//1
f 6994//1 6836//1 6835//1
f 6870//1 6738//1 6545//1
f 6890//1 6737//1 6736//1
f 6655//1 6656//1 6463//1
f 6812//1 6654//1 6653//1
f 6613//1 6614//1 6421//1
f 6602//1 6409//1 6601//1
f 6611//1 6418//1 6607//1
f 6918//1 6617//1 6614//1
f 6767//1 6575//1 6574//1
f 6767//1 6768//1 6575//1
f 7063//1 7037//1 6873//1
f 6776//1 6583//1 6775//1
f 6683//1 6491//1 6490//1
f 6683//1 6684//1 6491//1
f 6718//1 6526//1 6525//1
f 6719//1 6527//1 6526//1
f 6692//1 6499//1 6691//1
f 7072//1 6884//1 7046//1
f 6879//1 6473//1 6665//1
f 6666//1 6474//1 6473//1
f 6694//1 6502//1 6501//1
f 6694//1 6501//1 6693//1
f 6629//1 6437//1 6436//1
f 7141//1 7070//1 6904//1
f 6869//1 6449//1 6641//1
f 6665//1 6472//1 6664//1
f 6742//1 6550//1 6549//1
f 6742//1 6743//1 6550//1
f 6711//1 6712//1 6519//1
f 7305//1 7157//1 6996//1
f 6659//1 6467//1 6466//1
f 6659//1 6660//1 6467//1
f 6685//1 6494//1 6492//1
f 6685//1 6492//1 6684//1
f 6661//1 6470//1 6468//1
f 6661//1 6663//1 6470//1
f 6907//1 6799//1 6620//1
f 6631//1 6632//1 6439//1
f 6648//1 6456//1 6455//1
f 6648//1 6649//1 6456//1
f 7074//1 7075//1 6933//1
f 6788//1 6596//1 6595//1
f 6603//1 6410//1 6415//1
f 6603//1 6415//1 6608//1
f 6735//1 6543//1 6542//1
f 6735//1 6736//1 6543//1
f 6987//1 6831//1 6830//1
f 7216//1 7145//1 7088//1
f 6667//1 6475//1 6474//1
f 6667//1 6474//1 6666//1
f 6892//1 6641//1 6640//1
f 6869//1 6642//1 6449//1
f 6715//1 6523//1 6522//1
f 6716//1 6523//1 6715//1
f 6725//1 6533//1 6532//1
f 6725//1 6726//1 6533//1
f 6609//1 6416//1 6417//1
f 6609//1 6608//1 6416//1
f 6641//1 6449//1 6448//1
f 6641//1 6448//1 6640//1
f 6662//1 6471//1 6469//1
f 6662//1 6469//1 6663//1
f 6759//1 6567//1 6565//1
f 6758//1 6759//1 6565//1
f 6612//1 6420//1 6419//1
f 6612//1 6613//1 6420//1
f 6741//1 6549//1 6548//1
f 6741//1 6742//1 6549//1
f 6624//1 6432//1 6431//1
f 6624//1 6625//1 6432//1
f 6771//1 6579//1 6578//1
f 6771//1 6578//1 6770//1
f 6894//1 6731//1 6730//1
f 7445//1 7253//1 7412//1
f 6822//1 6679//1 6678//1
f 6895//1 6679//1 6822//1
f 6981//1 6827//1 6826//1
f 7663//1 7739//1 7595//1
f 6892//1 6640//1 6639//1
f 7152//1 6892//1 6956//1
f 7093//1 7170//1 7045//1
f 6650//1 6651//1 6458//1
f 6756//1 6564//1 6563//1
f 6756//1 6757//1 6564//1
f 6765//1 6573//1 6572//1
f 6765//1 6766//1 6573//1
f 7173//1 6922//1 7042//1
f 6836//1 6718//1 6717//1
f 6897//1 6780//1 6779//1
f 7253//1 7109//1 7184//1
f 6786//1 6787//1 6594//1
f 6863//1 6790//1 6789//1
f 6924//1 6761//1 6760//1
f 6925//1 6756//1 6755//1
f 6606//1 6414//1 6413//1
f 6606//1 6607//1 6414//1
f 6936//1 6513//1 6705//1
f 6916//1 6720//1 6719//1
f 6914//1 6787//1 6786//1
f 6921//1 6610//1 6615//1
f 7080//1 7078//1 6936//1
f 6870//1 6545//1 6737//1
f 6781//1 6589//1 6588//1
f 6781//1 6588//1 6780//1
f 6751//1 6558//1 6750//1
f 6849//1 6931//1 6751//1
f 6783//1 6591//1 6590//1
f 6794//1 6608//1 6796//1
f 6747//1 6555//1 6554//1
f 6747//1 6554//1 6746//1
f 6668//1 6475//1 6667//1
f 6909//1 6673//1 6672//1
f 6631//1 6439//1 6438//1
f 6631//1 6438//1 6630//1
f 6626//1 6434//1 6433//1
f 6626//1 6627//1 6434//1
f 6674//1 6482//1 6481//1
f 6674//1 6675//1 6482//1
f 6750//1 6558//1 6557//1
f 6750//1 6557//1 6749//1
f 6714//1 6522//1 6521//1
f 6714//1 6715//1 6522//1
f 6670//1 6478//1 6477//1
f 6670//1 6477//1 6669//1
f 6792//1 6600//1 6599//1
f 6792//1 6616//1 6600//1
f 6677//1 6485//1 6484//1
f 6677//1 6678//1 6485//1
f 6933//1 6605//1 6412//1
f 6784//1 6591//1 6783//1
f 6680//1 6488//1 6487//1
f 6680//1 6681//1 6488//1
f 6772//1 6579//1 6771//1
f 6888//1 6772//1 6771//1
f 6737//1 6545//1 6544//1
f 6737//1 6544//1 6736//1
f 6645//1 6453//1 6452//1
f 6645//1 6646//1 6453//1
f 6740//1 6548//1 6547//1
f 6740//1 6741//1 6548//1
f 6691//1 6499//1 6498//1
f 6691//1 6498//1 6689//1
f 6772//1 6580//1 6579//1
f 6772//1 6773//1 6580//1
f 7056//1 6897//1 6778//1
f 6811//1 6653//1 6652//1
f 6658//1 6466//1 6465//1
f 6658//1 6659//1 6466//1
f 6708//1 6516//1 6515//1
f 6708//1 6709//1 6516//1
f 6784//1 6592//1 6591//1
f 6784//1 6785//1 6592//1
f 7152//1 7057//1 6892//1
f 7266//1 7191//1 7122//1
f 6712//1 6520//1 6519//1
f 6712//1 6713//1 6520//1
f 6699//1 6507//1 6506//1
f 6699//1 6506//1 6698//1
f 6909//1 6672//1 6671//1
f 6617//1 6424//1 6614//1
f 6696//1 6504//1 6503//1
f 6696//1 6697//1 6504//1
f 6734//1 6542//1 6541//1
f 6734//1 6735//1 6542//1
f 6644//1 6452//1 6451//1
f 6644//1 6645//1 6452//1
f 6654//1 6462//1 6461//1
f 6654//1 6461//1 6653//1
f 6739//1 6547//1 6546//1
f 6739//1 6546//1 6738//1
f 7663//1 7595//1 7564//1
f 6852//1 6759//1 6758//1
f 6904//1 6744//1 6743//1
f 6752//1 6559//1 6751//1
f 7171//1 6985//1 6917//1
f 6917//1 6700//1 6699//1
f 7091//1 7043//1 7176//1
f 6762//1 6570//1 6569//1
f 6690//1 6496//1 6497//1
f 6690//1 6497//1 6688//1
f 6889//1 6783//1 6861//1
f 6889//1 6785//1 6784//1
f 6638//1 6445//1 6446//1
f 6638//1 6446//1 6637//1
f 7148//1 7060//1 6885//1
f 6895//1 6681//1 6680//1
f 6692//1 6500//1 6499//1
f 6692//1 6693//1 6500//1
f 6896//1 6683//1 6682//1
f 7143//1 7017//1 6906//1
f 6745//1 6552//1 6553//1
f 6745//1 6553//1 6744//1
f 6723//1 6531//1 6530//1
f 6723//1 6530//1 6722//1
f 6872//1 6577//1 6769//1
f 6867//1 6778//1 6585//1
f 6705//1 6513//1 6512//1
f 6705//1 6512//1 6704//1
f 6782//1 6590//1 6589//1
f 6782//1 6589//1 6781//1
f 6748//1 6556//1 6555//1
f 6748//1 6749//1 6556//1
f 6733//1 6541//1 6540//1
f 6733//1 6734//1 6541//1
f 6778//1 6586//1 6585//1
f 6778//1 6779//1 6586//1
f 7066//1 6877//1 7043//1
f 7150//1 7022//1 6888//1
f 6732//1 6540//1 6539//1
f 6732//1 6733//1 6540//1
f 6731//1 6539//1 6538//1
f 6731//1 6538//1 6730//1
f 6628//1 6436//1 6435//1
f 6628//1 6629//1 6436//1
f 6604//1 6412//1 6411//1
f 6604//1 6411//1 6602//1
f 7576//1 7504//1 7624//1
f 6701//1 6508//1 6700//1
f 6633//1 6441//1 6440//1
f 6633//1 6440//1 6632//1
f 6605//1 6413//1 6412//1
f 6605//1 6606//1 6413//1
f 6790//1 6791//1 6598//1
f 7071//1 7044//1 6883//1
f 6931//1 6753//1 6752//1
f 7173//1 7042//1 7090//1
f 6711//1 6519//1 6518//1
f 6711//1 6518//1 6710//1
f 6686//1 6493//1 6494//1
f 6686//1 6494//1 6685//1
f 6701//1 6509//1 6508//1
f 6701//1 6702//1 6509//1
f 6652//1 6460//1 6459//1
f 6652//1 6653//1 6460//1
f 6905//1 6792//1 6791//1
f 6789//1 6596//1 6788//1
f 6636//1 6444//1 6443//1
f 6636//1 6637//1 6444//1
f 6611//1 6419//1 6418//1
f 6611//1 6612//1 6419//1
f 7122//1 7018//1 7017//1
f 6829//1 6701//1 6700//1
f 7434//1 7084//1 7208//1
f 7429//1 7211//1 7086//1
f 6695//1 6503//1 6502//1
f 6695//1 6502//1 6694//1
f 6668//1 6476//1 6475//1
f 6668//1 6669//1 6476//1
f 6729//1 6536//1 6537//1
f 6729//1 6537//1 6728//1
f 6752//1 6560//1 6559//1
f 6752//1 6753//1 6560//1
f 6776//1 6584//1 6583//1
f 6776//1 6777//1 6584//1
f 7487//1 7359//1 7403//1
f 6897//1 6779//1 6778//1
f 6789//1 6597//1 6596//1
f 6789//1 6790//1 6597//1
f 6643//1 6451//1 6450//1
f 6643//1 6450//1 6642//1
f 7008//1 6904//1 6846//1
f 7007//1 7008//1 6846//1
f 7059//1 6875//1 7040//1
f 6824//1 6686//1 6685//1
f 7142//1 6901//1 7068//1
f 7079//1 6926//1 6658//1
f 6985//1 6829//1 6917//1
f 6916//1 6721//1 6720//1
f 6920//1 6664//1 6662//1
f 6816//1 6662//1 6663//1
f 7257//1 7113//1 7200//1
f 6794//1 6603//1 6608//1
f 7199//1 7001//1 7002//1
f 6809//1 6646//1 6645//1
f 6883//1 6423//1 6616//1
f 6883//1 6615//1 6423//1
f 6929//1 6657//1 6656//1
f 7069//1 7045//1 6882//1
f 6821//1 6677//1 6820//1
f 6886//1 6724//1 6723//1
f 6857//1 6774//1 6773//1
f 7430//1 7081//1 7202//1
f 6834//1 6923//1 6711//1
f 6901//1 6715//1 6714//1
f 6881//1 6746//1 6552//1
f 6881//1 6552//1 6745//1
f 6857//1 6858//1 6774//1
f 6850//1 6756//1 6925//1
f 6806//1 6638//1 6637//1
f 7055//1 6868//1 6633//1
f 7353//1 7233//1 7316//1
f 6922//1 6747//1 6746//1
f 6836//1 6717//1 6835//1
f 6835//1 6717//1 6716//1
f 6874//1 6722//1 6529//1
f 6874//1 6529//1 6721//1
f 6905//1 6791//1 6864//1
f 6991//1 6992//1 6834//1
f 6956//1 6892//1 6807//1
f 6807//1 6892//1 6639//1
f 6851//1 6757//1 6850//1
f 6851//1 6758//1 6757//1
f 6854//1 6765//1 6853//1
f 6906//1 6763//1 6762//1
f 6941//1 6795//1 6927//1
f 6795//1 6607//1 6927//1
f 6860//1 6782//1 6781//1
f 6860//1 6781//1 6859//1
f 7176//1 6924//1 7016//1
f 6905//1 6616//1 6792//1
f 6954//1 6805//1 6893//1
f 7161//1 6893//1 7054//1
f 6932//1 6704//1 6703//1
f 6830//1 6702//1 6701//1
f 6880//1 6505//1 6697//1
f 6880//1 6698//1 6505//1
f 6817//1 6668//1 6908//1
f 7630//1 7362//1 7510//1
f 6891//1 6676//1 6675//1
f 6891//1 6675//1 6674//1
f 6903//1 6697//1 6696//1
f 6913//1 6692//1 6691//1
f 7267//1 7123//1 7188//1
f 6992//1 6923//1 6834//1
f 6878//1 6521//1 6713//1
f 6878//1 6714//1 6521//1
f 6949//1 6802//1 6887//1
f 6803//1 6629//1 6802//1
f 6843//1 6735//1 6734//1
f 6950//1 6803//1 6802//1
f 6861//1 6783//1 6782//1
f 6861//1 6782//1 6860//1
f 6923//1 6713//1 6712//1
f 6923//1 6712//1 6711//1
f 6842//1 6734//1 6733//1
f 6842//1 6843//1 6734//1
f 6868//1 6634//1 6441//1
f 6868//1 6441//1 6633//1
f 7023//1 6858//1 6857//1
f 6830//1 6701//1 6829//1
f 6841//1 6733//1 6732//1
f 6841//1 6842//1 6733//1
f 6884//1 6618//1 6425//1
f 6884//1 6425//1 6617//1
f 6866//1 6730//1 6536//1
f 6866//1 6536//1 6729//1
f 6814//1 6661//1 6660//1
f 6814//1 6660//1 6926//1
f 6815//1 6663//1 6661//1
f 6815//1 6661//1 6814//1
f 7598//1 7527//1 7335//1
f 6793//1 6928//1 6601//1
f 6873//1 6593//1 6785//1
f 6873//1 6786//1 6593//1
f 6819//1 6671//1 6670//1
f 6819//1 6909//1 6671//1
f 6831//1 6703//1 6702//1
f 6830//1 6831//1 6702//1
f 6864//1 6791//1 6790//1
f 6863//1 6864//1 6790//1
f 6805//1 6637//1 6636//1
f 6805//1 6806//1 6637//1
f 6897//1 6859//1 6780//1
f 6938//1 6793//1 6794//1
f 6893//1 6636//1 6635//1
f 6893//1 6805//1 6636//1
f 6877//1 6762//1 6569//1
f 6877//1 6569//1 6761//1
f 7056//1 6867//1 7050//1
f 7259//1 7115//1 7195//1
f 6903//1 6695//1 6828//1
f 7001//1 6842//1 6841//1
f 6838//1 6725//1 6724//1
f 6839//1 6725//1 6838//1
f 7517//1 7423//1 7501//1
f 7406//1 7318//1 7356//1
f 7297//1 7016//1 7177//1
f 6952//1 6900//1 6804//1
f 6820//1 6677//1 6676//1
f 6820//1 6676//1 6891//1
f 6803//1 6630//1 6629//1
f 6803//1 6804//1 6630//1
f 6885//1 6687//1 6825//1
f 6833//1 6709//1 6832//1
f 6807//1 6639//1 6638//1
f 6807//1 6638//1 6806//1
f 7009//1 7011//1 6848//1
f 6979//1 6825//1 6824//1
f 7083//1 7035//1 7060//1
f 7079//1 6658//1 6934//1
f 6854//1 6766//1 6765//1
f 6854//1 6855//1 6766//1
f 7024//1 6898//1 6858//1
f 6856//1 6772//1 6888//1
f 6871//1 6689//1 6496//1
f 6871//1 6496//1 6690//1
f 6815//1 6816//1 6663//1
f 6968//1 6920//1 6816//1
f 6827//1 6694//1 6693//1
f 6827//1 6693//1 6826//1
f 7073//1 6934//1 6657//1
f 7183//1 6963//1 6961//1
f 6915//1 6625//1 6624//1
f 7111//1 6990//1 6989//1
f 6918//1 6614//1 6613//1
f 7181//1 6944//1 6943//1
f 6793//1 6601//1 6603//1
f 6793//1 6603//1 6794//1
f 6899//1 6729//1 6728//1
f 6932//1 6703//1 6831//1
f 6818//1 6670//1 6669//1
f 6818//1 6819//1 6670//1
f 6890//1 6735//1 6843//1
f 7231//1 7144//1 7096//1
f 6825//1 6687//1 6686//1
f 6825//1 6686//1 6824//1
f 7031//1 7032//1 6864//1
f 7164//1 7026//1 6897//1
f 7237//1 7162//1 7099//1
f 6930//1 6832//1 6708//1
f 6900//1 6632//1 6631//1
f 6900//1 6631//1 6804//1
f 6833//1 6710//1 6709//1
f 6989//1 6832//1 6930//1
f 7152//1 7086//1 7057//1
f 7011//1 6849//1 6848//1
f 6800//1 6622//1 6621//1
f 6800//1 6621//1 6799//1
f 6940//1 6795//1 6941//1
f 7174//1 7096//1 7048//1
f 6924//1 6760//1 6759//1
f 6924//1 6759//1 6852//1
f 6810//1 6647//1 6646//1
f 6809//1 6810//1 6646//1
f 7012//1 6849//1 7011//1
f 6851//1 6852//1 6758//1
f 6853//1 6765//1 6764//1
f 6853//1 6764//1 6906//1
f 7428//1 7240//1 7100//1
f 7174//1 6920//1 6968//1
f 7193//1 7000//1 6999//1
f 6886//1 6838//1 6724//1
f 6975//1 6822//1 6821//1
f 7294//1 6973//1 7147//1
f 7220//1 7173//1 7090//1
f 7018//1 6853//1 7017//1
f 7263//1 7194//1 7119//1
f 7013//1 7014//1 6850//1
f 6914//1 6788//1 6787//1
f 6914//1 6862//1 6788//1
f 6901//1 6716//1 6715//1
f 6901//1 6835//1 6716//1
f 6995//1 6837//1 6836//1
f 6837//1 6916//1 6719//1
f 6922//1 6748//1 6747//1
f 6847//1 6748//1 6922//1
f 6990//1 6833//1 6832//1
f 7060//1 7035//1 6871//1
f 7168//1 6896//1 7049//1
f 6978//1 6823//1 6896//1
f 6856//1 6773//1 6772//1
f 6856//1 6857//1 6773//1
f 7488//1 7408//1 7360//1
f 6809//1 6645//1 6808//1
f 7209//1 7156//1 7085//1
f 7138//1 6902//1 6960//1
f 6834//1 6711//1 6710//1
f 6834//1 6710//1 6833//1
f 6846//1 6743//1 6742//1
f 6846//1 6742//1 6845//1
f 7168//1 6978//1 6896//1
f 7288//1 7144//1 7231//1
f 6899//1 6728//1 6727//1
f 6899//1 6727//1 6840//1
f 6798//1 6613//1 6612//1
f 6798//1 6612//1 6797//1
f 6849//1 6751//1 6750//1
f 6849//1 6750//1 6848//1
f 6828//1 6695//1 6694//1
f 6828//1 6694//1 6827//1
f 6963//1 6813//1 6812//1
f 6813//1 6929//1 6655//1
f 6847//1 6749//1 6748//1
f 6847//1 6848//1 6749//1
f 6912//1 6740//1 6739//1
f 6844//1 6740//1 6912//1
f 7113//1 6956//1 6955//1
f 7038//1 6869//1 7057//1
f 7075//1 6605//1 6933//1
f 7075//1 6927//1 6605//1
f 7661//1 7563//1 7600//1
f 7153//1 6909//1 6972//1
f 6910//1 6768//1 6767//1
f 6910//1 6767//1 6855//1
f 7027//1 6861//1 6860//1
f 7023//1 6857//1 7021//1
f 6823//1 6685//1 6684//1
f 6823//1 6824//1 6685//1
f 6898//1 6776//1 6775//1
f 6898//1 6775//1 6858//1
f 7077//1 6935//1 7076//1
f 7258//1 7114//1 7199//1
f 7404//1 7197//1 7260//1
f 7175//1 6923//1 6992//1
f 7158//1 6912//1 7033//1
f 7482//1 7401//1 7354//1
f 7141//1 6904//1 7008//1
f 7003//1 7004//1 6843//1
f 6989//1 6990//1 6832//1
f 7067//1 7047//1 6880//1
f 6915//1 6624//1 6623//1
f 6947//1 6801//1 6800//1
f 6801//1 6623//1 6622//1
f 6801//1 6622//1 6800//1
f 7045//1 6919//1 6650//1
f 7045//1 6650//1 6882//1
f 6844//1 6741//1 6740//1
f 6844//1 6845//1 6741//1
f 6960//1 6902//1 6810//1
f 6958//1 6808//1 6911//1
f 6817//1 6669//1 6668//1
f 6817//1 6818//1 6669//1
f 6886//1 6723//1 6722//1
f 7084//1 7146//1 7064//1
f 6921//1 6609//1 6610//1
f 6921//1 6796//1 6609//1
f 6966//1 6815//1 6814//1
f 7051//1 6865//1 6681//1
f 6919//1 6652//1 6651//1
f 6919//1 6811//1 6652//1
f 6813//1 6655//1 6654//1
f 6813//1 6654//1 6812//1
f 7064//1 6886//1 6722//1
f 7004//1 6890//1 6843//1
f 6894//1 6732//1 6731//1
f 6894//1 6841//1 6732//1
f 7040//1 6875//1 6625//1
f 7040//1 6625//1 6915//1
f 6795//1 6611//1 6607//1
f 6795//1 6797//1 6611//1
f 7078//1 6706//1 6936//1
f 7078//1 6930//1 6706//1
f 6911//1 6644//1 6643//1
f 6911//1 6808//1 6644//1
f 7185//1 7029//1 7030//1
f 7090//1 7042//1 7070//1
f 6837//1 6719//1 6718//1
f 6837//1 6718//1 6836//1
f 6991//1 6834//1 6833//1
f 7166//1 7052//1 6899//1
f 7002//1 7001//1 6841//1
f 6959//1 6960//1 6810//1
f 7076//1 6753//1 6931//1
f 7076//1 6935//1 6753//1
f 7053//1 6866//1 7052//1
f 7048//1 7065//1 6879//1
f 7052//1 6866//1 6729//1
f 7051//1 7049//1 6865//1
f 7005//1 6845//1 6844//1
f 7158//1 7006//1 6912//1
f 7171//1 7047//1 7095//1
f 7242//1 7133//1 7101//1
f 7131//1 6932//1 6988//1
f 7140//1 6903//1 6984//1
f 7135//1 6927//1 7075//1
f 7226//1 7170//1 7093//1
f 7186//1 6957//1 6958//1
f 7062//1 6876//1 7039//1
f 7184//1 6939//1 6942//1
f 7130//1 7013//1 6925//1
f 7050//1 6867//1 6777//1
f 7050//1 6777//1 6898//1
f 6971//1 6972//1 6819//1
f 6969//1 6818//1 6817//1
f 7064//1 6874//1 7036//1
f 7162//1 7053//1 7099//1
f 7070//1 6881//1 6745//1
f 7070//1 6745//1 6904//1
f 7049//1 6896//1 6682//1
f 7049//1 6682//1 6865//1
f 7058//1 6737//1 6890//1
f 7058//1 6870//1 6737//1
f 7195//1 7025//1 7026//1
f 7437//1 7243//1 7102//1
f 7510//1 7438//1 7505//1
f 7023//1 7024//1 6858//1
f 7021//1 6857//1 6856//1
f 7021//1 6856//1 7022//1
f 7404//1 7353//1 7316//1
f 6965//1 6814//1 6926//1
f 7019//1 6855//1 6854//1
f 7082//1 7034//1 7155//1
f 7012//1 6931//1 6849//1
f 7017//1 6853//1 6906//1
f 6987//1 6988//1 6831//1
f 7303//1 6985//1 7171//1
f 7029//1 6863//1 6862//1
f 7028//1 6861//1 7027//1
f 7035//1 6689//1 6871//1
f 7035//1 6913//1 6689//1
f 7046//1 6884//1 6617//1
f 7046//1 6617//1 6918//1
f 7026//1 6859//1 6897//1
f 7164//1 6897//1 7056//1
f 7160//1 6911//1 7038//1
f 7403//1 7315//1 7194//1
f 6944//1 6918//1 6798//1
f 7169//1 7094//1 7046//1
f 7036//1 6874//1 6721//1
f 7036//1 6721//1 6916//1
f 7014//1 6851//1 6850//1
f 7014//1 7015//1 6851//1
f 6991//1 6833//1 6990//1
f 7129//1 6930//1 7078//1
f 7073//1 6657//1 6929//1
f 7073//1 7079//1 6934//1
f 7198//1 6977//1 6978//1
f 6977//1 6823//1 6978//1
f 7057//1 6641//1 6892//1
f 7057//1 6869//1 6641//1
f 7115//1 7028//1 7027//1
f 7025//1 6859//1 7026//1
f 7061//1 6888//1 6770//1
f 7061//1 6770//1 6872//1
f 6955//1 6956//1 6807//1
f 7280//1 7241//1 7134//1
f 6970//1 6969//1 6817//1
f 7179//1 6968//1 6967//1
f 7047//1 6698//1 6880//1
f 7047//1 6917//1 6698//1
f 6943//1 6798//1 6797//1
f 6943//1 6944//1 6798//1
f 6957//1 6809//1 6808//1
f 6957//1 6808//1 6958//1
f 7189//1 6948//1 6947//1
f 7243//1 7279//1 7135//1
f 7103//1 7076//1 7132//1
f 7177//1 7016//1 7015//1
f 7180//1 6986//1 6985//1
f 6986//1 6829//1 6985//1
f 7268//1 7189//1 7124//1
f 7178//1 6992//1 6991//1
f 7043//1 6877//1 6761//1
f 7043//1 6761//1 6924//1
f 6937//1 6928//1 6793//1
f 6937//1 6793//1 6938//1
f 7157//1 7084//1 7036//1
f 7160//1 6958//1 6911//1
f 7044//1 6615//1 6883//1
f 7044//1 6921//1 6615//1
f 7131//1 7080//1 6932//1
f 7174//1 7048//1 6920//1
f 7166//1 7099//1 7052//1
f 6995//1 6836//1 6994//1
f 7707//1 7558//1 7630//1
f 6970//1 6817//1 6908//1
f 7290//1 7145//1 7216//1
f 7235//1 7098//1 7163//1
f 7117//1 7021//1 7022//1
f 7126//1 7032//1 7031//1
f 7006//1 6844//1 6912//1
f 7006//1 7005//1 6844//1
f 7188//1 7005//1 7006//1
f 7159//1 6982//1 6913//1
f 7030//1 6862//1 6914//1
f 7030//1 7029//1 6862//1
f 7020//1 6910//1 6855//1
f 7020//1 6855//1 7019//1
f 7138//1 7069//1 6902//1
f 7277//1 7248//1 7131//1
f 7135//1 6941//1 6927//1
f 7361//1 7241//1 7280//1
f 7297//1 7176//1 7016//1
f 7013//1 6850//1 6925//1
f 7071//1 6883//1 6616//1
f 7071//1 6616//1 6905//1
f 6964//1 6813//1 6963//1
f 7108//1 6964//1 6963//1
f 6971//1 6819//1 6818//1
f 6971//1 6818//1 6969//1
f 7032//1 6905//1 6864//1
f 7405//1 7355//1 7317//1
f 6977//1 6824//1 6823//1
f 6977//1 6979//1 6824//1
f 7080//1 6705//1 6932//1
f 7080//1 6936//1 6705//1
f 7200//1 6953//1 6954//1
f 6953//1 6805//1 6954//1
f 7066//1 6762//1 6877//1
f 7066//1 6906//1 6762//1
f 7134//1 7073//1 6929//1
f 7313//1 7198//1 6978//1
f 7034//1 6872//1 6769//1
f 7034//1 6769//1 6910//1
f 7159//1 6913//1 7035//1
f 7349//1 7303//1 7229//1
f 7197//1 6976//1 6975//1
f 7274//1 7111//1 6989//1
f 7042//1 6746//1 6881//1
f 7042//1 6922//1 6746//1
f 7092//1 7172//1 7044//1
f 7278//1 7136//1 6937//1
f 6961//1 6812//1 6811//1
f 6961//1 6963//1 6812//1
f 6940//1 6797//1 6795//1
f 6940//1 6943//1 6797//1
f 6996//1 6916//1 6837//1
f 6995//1 6996//1 6837//1
f 7156//1 6914//1 7037//1
f 7582//1 7535//1 7530//1
f 7107//1 6966//1 6965//1
f 6967//1 6968//1 6816//1
f 7176//1 7043//1 6924//1
f 7596//1 7325//1 7523//1
f 7007//1 6846//1 6845//1
f 7007//1 6845//1 7005//1
f 6983//1 6828//1 6827//1
f 6983//1 6827//1 6981//1
f 6959//1 6810//1 6809//1
f 6959//1 6809//1 6957//1
f 7227//1 7169//1 7304//1
f 7088//1 7040//1 7154//1
f 7072//1 6618//1 6884//1
f 7072//1 6907//1 6618//1
f 6964//1 6929//1 6813//1
f 7143//1 6906//1 7066//1
f 7178//1 6991//1 6990//1
f 7434//1 7207//1 7084//1
f 7067//1 6880//1 6697//1
f 7067//1 6697//1 6903//1
f 7059//1 6887//1 6626//1
f 7059//1 6626//1 6875//1
f 6939//1 6794//1 6796//1
f 6939//1 6938//1 6794//1
f 7031//1 6864//1 6863//1
f 7031//1 6863//1 7029//1
f 6998//1 6838//1 6886//1
f 7084//1 7064//1 7036//1
f 7038//1 6642//1 6869//1
f 7038//1 6911//1 6642//1
f 7041//1 6878//1 6713//1
f 7041//1 6713//1 6923//1
f 7054//1 6868//1 7055//1
f 7161//1 6954//1 6893//1
f 6945//1 6800//1 6799//1
f 6945//1 6947//1 6800//1
f 6950//1 6802//1 6949//1
f 6951//1 6803//1 6950//1
f 6965//1 6966//1 6814//1
f 7196//1 7024//1 7023//1
f 7201//1 7158//1 7081//1
f 6997//1 6838//1 6998//1
f 7048//1 6665//1 6920//1
f 7048//1 6879//1 6665//1
f 7033//1 6912//1 6738//1
f 7033//1 6738//1 6870//1
f 7402//1 7314//1 7193//1
f 7167//1 7051//1 6895//1
f 6974//1 6821//1 6820//1
f 6974//1 6975//1 6821//1
f 7010//1 6847//1 6922//1
f 7009//1 6847//1 7010//1
f 6942//1 6796//1 6921//1
f 6942//1 6939//1 6796//1
f 6982//1 6826//1 6913//1
f 6982//1 6981//1 6826//1
f 7037//1 6786//1 6873//1
f 7037//1 6914//1 6786//1
f 7664//1 7611//1 7726//1
f 7086//1 7038//1 7057//1
f 7077//1 6925//1 6754//1
f 7077//1 6754//1 6935//1
f 7003//1 6843//1 6842//1
f 7003//1 6842//1 7001//1
f 7063//1 6873//1 6785//1
f 7063//1 6785//1 6889//1
f 6997//1 6839//1 6838//1
f 6997//1 6999//1 6839//1
f 7039//1 6673//1 6909//1
f 7039//1 6876//1 6673//1
f 6967//1 6816//1 6815//1
f 6967//1 6815//1 6966//1
f 7000//1 6899//1 6840//1
f 7000//1 6840//1 6999//1
f 7053//1 6730//1 6866//1
f 7053//1 6894//1 6730//1
f 7054//1 6634//1 6868//1
f 7054//1 6893//1 6634//1
f 7018//1 6854//1 6853//1
f 7018//1 7019//1 6854//1
f 6962//1 6811//1 6919//1
f 6962//1 6961//1 6811//1
f 7245//1 7132//1 7276//1
f 7191//1 7020//1 7019//1
f 6993//1 6835//1 6901//1
f 6993//1 6994//1 6835//1
f 7060//1 6871//1 6690//1
f 7060//1 6690//1 6885//1
f 7062//1 6891//1 6674//1
f 7062//1 6674//1 6876//1
f 6951//1 6804//1 6803//1
f 6951//1 6952//1 6804//1
f 6953//1 6806//1 6805//1
f 6953//1 6955//1 6806//1
f 7315//1 7165//1 6952//1
f 7194//1 6952//1 6951//1
f 7025//1 6860//1 6859//1
f 7025//1 7027//1 6860//1
f 7182//1 7009//1 7010//1
f 7173//1 7010//1 6922//1
f 6980//1 6885//1 6825//1
f 6980//1 6825//1 6979//1
f 6984//1 6903//1 6828//1
f 6984//1 6828//1 6983//1
f 6973//1 6820//1 6891//1
f 6973//1 6974//1 6820//1
f 7074//1 6604//1 6928//1
f 7074//1 6933//1 6604//1
f 7106//1 6988//1 6987//1
f 7303//1 7180//1 6985//1
f 7535//1 7427//1 7530//1
f 7311//1 7020//1 7191//1
f 6946//1 6799//1 6907//1
f 6946//1 6945//1 6799//1
f 6976//1 6895//1 6822//1
f 6976//1 6822//1 6975//1
f 6948//1 6915//1 6801//1
f 6948//1 6801//1 6947//1
f 7016//1 6924//1 6852//1
f 7016//1 6852//1 7015//1
f 7069//1 6649//1 6902//1
f 7069//1 6882//1 6649//1
f 7068//1 6714//1 6878//1
f 7068//1 6901//1 6714//1
f 6986//1 6830//1 6829//1
f 6986//1 6987//1 6830//1
f 7175//1 7041//1 6923//1
f 7140//1 7095//1 7067//1
f 7304//1 7169//1 6944//1
f 7467//1 7394//1 7325//1
f 7234//1 7168//1 7097//1
f 7095//1 7047//1 7067//1
f 7183//1 6961//1 6962//1
f 7139//1 7072//1 7094//1
f 7165//1 7055//1 6900//1
f 7165//1 6900//1 6952//1
f 7091//1 7066//1 7043//1
f 7143//1 7066//1 7091//1
f 7137//1 7071//1 6905//1
f 7137//1 6905//1 7032//1
f 7094//1 7072//1 7046//1
f 7403//1 7194//1 7263//1
f 7146//1 6886//1 7064//1
f 7146//1 6998//1 6886//1
f 7086//1 7160//1 7038//1
f 7359//1 7239//1 7315//1
f 7099//1 7053//1 7052//1
f 7430//1 7201//1 7081//1
f 7187//1 6996//1 6995//1
f 7291//1 7148//1 6980//1
f 7129//1 6989//1 6930//1
f 7248//1 7104//1 7131//1
f 7139//1 6946//1 6907//1
f 7119//1 7194//1 6950//1
f 7153//1 7039//1 6909//1
f 7087//1 7039//1 7153//1
f 7159//1 7035//1 7083//1
f 7120//1 6980//1 6979//1
f 7117//1 7196//1 7021//1
f 7196//1 7023//1 7021//1
f 7189//1 6947//1 6945//1
f 7189//1 6945//1 7124//1
f 7112//1 7014//1 7013//1
f 7125//1 6959//1 7186//1
f 7191//1 7019//1 7018//1
f 7191//1 7018//1 7122//1
f 7283//1 7225//1 7138//1
f 7269//1 7125//1 7186//1
f 7427//1 7236//1 7098//1
f 7100//1 7055//1 7165//1
f 7167//1 6895//1 6976//1
f 7425//1 7234//1 7097//1
f 7750//1 7644//1 7484//1
f 7460//1 7398//1 7268//1
f 7132//1 7076//1 6931//1
f 7132//1 6931//1 7012//1
f 7162//1 7002//1 6894//1
f 7162//1 6894//1 7053//1
f 7144//1 6908//1 7065//1
f 7144//1 6970//1 6908//1
f 7145//1 6949//1 6887//1
f 7145//1 6887//1 7059//1
f 7119//1 6950//1 6949//1
f 7194//1 6951//1 6950//1
f 7157//1 7036//1 6916//1
f 7157//1 6916//1 6996//1
f 7172//1 6921//1 7044//1
f 7172//1 6942//1 6921//1
f 7382//1 7272//1 7128//1
f 7187//1 6995//1 6994//1
f 7170//1 6919//1 7045//1
f 7170//1 6962//1 6919//1
f 7154//1 7040//1 6915//1
f 7154//1 6915//1 6948//1
f 7346//1 7302//1 7226//1
f 7307//1 7186//1 6958//1
f 7123//1 7008//1 7007//1
f 7188//1 7007//1 7005//1
f 7255//1 7178//1 7111//1
f 7082//1 7061//1 7034//1
f 7136//1 6928//1 6937//1
f 7136//1 7074//1 6928//1
f 7148//1 7083//1 7060//1
f 7148//1 6885//1 6980//1
f 7092//1 7044//1 7071//1
f 7092//1 7071//1 7137//1
f 7296//1 6956//1 7113//1
f 7212//1 7086//1 7152//1
f 7147//1 6891//1 7062//1
f 7147//1 6973//1 6891//1
f 7197//1 6975//1 6974//1
f 7116//1 6974//1 6973//1
f 7169//1 7046//1 6918//1
f 7169//1 6918//1 6944//1
f 7101//1 7073//1 7134//1
f 7480//1 7352//1 7414//1
f 7105//1 6940//1 6941//1
f 7127//1 6984//1 6983//1
f 7299//1 7182//1 7010//1
f 7151//1 7081//1 7058//1
f 7081//1 7033//1 7058//1
f 7081//1 7158//1 7033//1
f 7409//1 7297//1 7177//1
f 7422//1 7092//1 7224//1
f 7133//1 6926//1 7079//1
f 7133//1 6965//1 6926//1
f 7155//1 6910//1 7020//1
f 7155//1 7034//1 6910//1
f 7185//1 7031//1 7029//1
f 7185//1 7126//1 7031//1
f 7400//1 7334//1 7312//1
f 7252//1 7108//1 7183//1
f 7108//1 6963//1 7183//1
f 7123//1 7007//1 7188//1
f 7440//1 7104//1 7248//1
f 7104//1 7080//1 7131//1
f 7594//1 7568//1 7521//1
f 7545//1 7265//1 7377//1
f 7164//1 7056//1 7098//1
f 7293//1 7149//1 7028//1
f 7604//1 7353//1 7481//1
f 7097//1 7168//1 7049//1
f 7125//1 6960//1 6959//1
f 7186//1 6959//1 6957//1
f 7085//1 7037//1 7063//1
f 7085//1 7156//1 7037//1
f 7149//1 6889//1 7028//1
f 7149//1 7063//1 6889//1
f 7200//1 6955//1 6953//1
f 7200//1 7113//1 6955//1
f 7366//1 7273//1 7246//1
f 7315//1 6952//1 7194//1
f 7365//1 7245//1 7276//1
f 7363//1 7388//1 7279//1
f 7101//1 7079//1 7073//1
f 7101//1 7133//1 7079//1
f 7190//1 6983//1 6981//1
f 7190//1 7127//1 6983//1
f 7399//1 7311//1 7191//1
f 7222//1 7143//1 7091//1
f 7116//1 7197//1 6974//1
f 7404//1 7316//1 7197//1
f 7192//1 6972//1 6971//1
f 7121//1 6969//1 6970//1
f 7104//1 7078//1 7080//1
f 7104//1 7129//1 7078//1
f 7192//1 6971//1 6969//1
f 7192//1 6969//1 7121//1
f 7096//1 7065//1 7048//1
f 7096//1 7144//1 7065//1
f 7110//1 7011//1 7182//1
f 7182//1 7011//1 7009//1
f 7130//1 7077//1 7103//1
f 7130//1 6925//1 7077//1
f 7163//1 7050//1 6898//1
f 7163//1 6898//1 7024//1
f 7102//1 7075//1 7074//1
f 7102//1 7074//1 7136//1
f 7098//1 7056//1 7050//1
f 7098//1 7050//1 7163//1
f 7350//1 7285//1 7380//1
f 7557//1 7250//1 7442//1
f 7262//1 7193//1 7118//1
f 7260//1 7197//1 7116//1
f 7193//1 6999//1 6997//1
f 7114//1 7003//1 7199//1
f 7142//1 7068//1 7089//1
f 7089//1 7068//1 7041//1
f 7425//1 7097//1 7233//1
f 7421//1 7095//1 7230//1
f 7177//1 7015//1 7014//1
f 7177//1 7014//1 7112//1
f 7305//1 6996//1 7187//1
f 7432//1 7209//1 7085//1
f 7180//1 6987//1 6986//1
f 7180//1 7106//1 6987//1
f 7088//1 7059//1 7040//1
f 7088//1 7145//1 7059//1
f 7431//1 7083//1 7206//1
f 7431//1 7205//1 7083//1
f 7150//1 7061//1 7082//1
f 7150//1 6888//1 7061//1
f 7392//1 7256//1 7112//1
f 7513//1 7503//1 7419//1
f 7198//1 6979//1 6977//1
f 7198//1 7120//1 6979//1
f 7087//1 7062//1 7039//1
f 7087//1 7147//1 7062//1
f 7097//1 7049//1 7051//1
f 7097//1 7051//1 7167//1
f 7115//1 7027//1 7195//1
f 7195//1 7027//1 7025//1
f 7655//1 7473//1 7447//1
f 7331//1 7307//1 7211//1
f 7114//1 7004//1 7003//1
f 7199//1 7003//1 7001//1
f 7181//1 6943//1 6940//1
f 7181//1 6940//1 7105//1
f 7485//1 7407//1 7357//1
f 7695//1 7631//1 7580//1
f 7409//1 7177//1 7256//1
f 7397//1 7188//1 7309//1
f 7586//1 7513//1 7338//1
f 7218//1 7089//1 7175//1
f 7118//1 6997//1 6998//1
f 7118//1 7193//1 6997//1
f 7110//1 7012//1 7011//1
f 7649//1 7441//1 7555//1
f 7314//1 7166//1 7000//1
f 7685//1 7622//1 7575//1
f 7184//1 6938//1 6939//1
f 7184//1 7109//1 6938//1
f 7111//1 7178//1 6990//1
f 7278//1 6937//1 7109//1
f 7219//1 7141//1 7284//1
f 7365//1 7276//1 7387//1
f 7402//1 7358//1 7314//1
f 7227//1 7094//1 7169//1
f 7286//1 7124//1 6946//1
f 7228//1 7139//1 7094//1
f 7304//1 6944//1 7181//1
f 7203//1 7082//1 7155//1
f 7693//1 7579//1 7694//1
f 7531//1 7534//1 7426//1
f 7287//1 7143//1 7222//1
f 7245//1 7103//1 7132//1
f 7279//1 7105//1 6941//1
f 7506//1 7507//1 7437//1
f 7673//1 7720//1 7617//1
f 7251//1 7179//1 7107//1
f 7427//1 7098//1 7235//1
f 7406//1 7259//1 7195//1
f 7128//1 6994//1 6993//1
f 7128//1 7187//1 6994//1
f 7292//1 7117//1 7022//1
f 7204//1 7150//1 7082//1
f 7179//1 6967//1 6966//1
f 7179//1 6966//1 7107//1
f 7219//1 7090//1 7141//1
f 7299//1 7010//1 7173//1
f 7291//1 6980//1 7120//1
f 7291//1 7206//1 7148//1
f 7093//1 7045//1 7069//1
f 7093//1 7069//1 7138//1
f 7100//1 7054//1 7055//1
f 7100//1 7161//1 7054//1
f 7294//1 7116//1 6973//1
f 7717//1 7677//1 7620//1
f 7368//1 7248//1 7277//1
f 7311//1 7155//1 7020//1
f 7350//1 7230//1 7285//1
f 7314//1 7000//1 7193//1
f 7271//1 7127//1 7190//1
f 7397//1 7267//1 7188//1
f 7265//1 7192//1 7121//1
f 7331//1 7396//1 7307//1
f 7413//1 7183//1 7302//1
f 7275//1 7133//1 7242//1
f 7339//1 7219//1 7284//1
f 7568//1 7496//1 7521//1
f 7497//1 7418//1 7518//1
f 7528//1 7491//1 7436//1
f 7250//1 7106//1 7180//1
f 7274//1 6989//1 7129//1
f 7296//1 7212//1 7152//1
f 7296//1 7152//1 6956//1
f 7421//1 7229//1 7095//1
f 7206//1 7083//1 7148//1
f 7284//1 7008//1 7123//1
f 7284//1 7141//1 7008//1
f 7241//1 7101//1 7134//1
f 7438//1 7242//1 7101//1
f 7203//1 7155//1 7311//1
f 7667//1 7566//1 7599//1
f 7344//1 7224//1 7282//1
f 7261//1 7196//1 7117//1
f 7358//1 7238//1 7314//1
f 7272//1 7187//1 7128//1
f 7676//1 7585//1 7729//1
f 7417//1 7222//1 7091//1
f 7468//1 7328//1 7393//1
f 7298//1 6992//1 7178//1
f 7424//1 7094//1 7227//1
f 7347//1 7227//1 7304//1
f 7417//1 7091//1 7221//1
f 7420//1 7090//1 7219//1
f 7306//1 7185//1 7030//1
f 7647//1 7487//1 7455//1
f 7479//1 7415//1 7349//1
f 7354//1 7313//1 7234//1
f 7413//1 7252//1 7183//1
f 7302//1 7183//1 6962//1
f 7397//1 7309//1 7321//1
f 7321//1 7309//1 7201//1
f 7705//1 7631//1 7695//1
f 7454//1 7402//1 7262//1
f 7355//1 7235//1 7317//1
f 7317//1 7024//1 7196//1
f 7243//1 7135//1 7102//1
f 7406//1 7195//1 7318//1
f 7276//1 7132//1 7012//1
f 7276//1 7012//1 7110//1
f 7280//1 7134//1 6964//1
f 7280//1 6964//1 7108//1
f 7292//1 7150//1 7204//1
f 7292//1 7022//1 7150//1
f 7282//1 7032//1 7126//1
f 7282//1 7137//1 7032//1
f 7424//1 7228//1 7094//1
f 7586//1 7338//1 7473//1
f 7275//1 7107//1 6965//1
f 7275//1 6965//1 7133//1
f 7256//1 7177//1 7112//1
f 7309//1 7188//1 7006//1
f 7540//1 7371//1 7333//1
f 7682//1 7573//1 7681//1
f 7319//1 7199//1 7002//1
f 7357//1 7319//1 7237//1
f 7309//1 7006//1 7158//1
f 7309//1 7158//1 7201//1
f 7607//1 7357//1 7534//1
f 7515//1 7420//1 7502//1
f 7651//1 7445//1 7476//1
f 7432//1 7085//1 7210//1
f 7599//1 7566//1 7525//1
f 7236//1 7164//1 7098//1
f 7287//1 7122//1 7017//1
f 7287//1 7017//1 7143//1
f 7285//1 6984//1 7127//1
f 7285//1 7140//1 6984//1
f 7295//1 7004//1 7114//1
f 7295//1 7151//1 7004//1
f 7273//1 7112//1 7013//1
f 7273//1 7013//1 7130//1
f 7320//1 7200//1 6954//1
f 7621//1 7339//1 7549//1
f 7527//1 7493//1 7435//1
f 7310//1 6948//1 7189//1
f 7638//1 7468//1 7464//1
f 7547//1 7350//1 7380//1
f 7556//1 7365//1 7387//1
f 7653//1 7442//1 7479//1
f 7270//1 7126//1 7185//1
f 7522//1 7209//1 7432//1
f 7390//1 7251//1 7107//1
f 7650//1 7554//1 7444//1
f 7473//1 7338//1 7410//1
f 7440//1 7247//1 7104//1
f 7300//1 7174//1 6968//1
f 7300//1 6968//1 7179//1
f 7312//1 7153//1 6972//1
f 7312//1 6972//1 7192//1
f 7302//1 6962//1 7170//1
f 7302//1 7170//1 7226//1
f 7225//1 7093//1 7138//1
f 7501//1 7225//1 7345//1
f 7301//1 6942//1 7172//1
f 7301//1 7184//1 6942//1
f 7435//1 7088//1 7215//1
f 7335//1 7310//1 7398//1
f 7522//1 7329//1 7209//1
f 7687//1 7589//1 7576//1
f 7345//1 7283//1 7383//1
f 7518//1 7418//1 7232//1
f 7286//1 7139//1 7228//1
f 7286//1 6946//1 7139//1
f 7293//1 7210//1 7149//1
f 7293//1 7028//1 7115//1
f 7774//1 7749//1 7643//1
f 7679//1 7572//1 7592//1
f 7330//1 7210//1 7293//1
f 7492//1 7522//1 7432//1
f 7288//1 6970//1 7144//1
f 7288//1 7121//1 6970//1
f 7281//1 6993//1 7142//1
f 7281//1 7128//1 6993//1
f 7308//1 7190//1 6982//1
f 7308//1 6982//1 7159//1
f 7220//1 7299//1 7173//1
f 7439//1 7103//1 7245//1
f 7238//1 7099//1 7166//1
f 7238//1 7166//1 7314//1
f 7930//1 7849//1 7851//1
f 7441//1 7249//1 7555//1
f 7320//1 6954//1 7161//1
f 7320//1 7161//1 7240//1
f 7283//1 7138//1 6960//1
f 7283//1 6960//1 7125//1
f 7214//1 7087//1 7153//1
f 7214//1 7153//1 7312//1
f 7363//1 7279//1 7243//1
f 7388//1 7249//1 7105//1
f 7604//1 7532//1 7353//1
f 7249//1 7181//1 7105//1
f 7316//1 6976//1 7197//1
f 7316//1 7167//1 6976//1
f 7356//1 7318//1 7236//1
f 7318//1 7195//1 7026//1
f 7774//1 7864//1 7749//1
f 7399//1 7191//1 7266//1
f 7230//1 7095//1 7140//1
f 7230//1 7140//1 7285//1
f 7313//1 6978//1 7168//1
f 7313//1 7168//1 7234//1
f 7213//1 7147//1 7087//1
f 7213//1 7294//1 7147//1
f 7264//1 7120//1 7198//1
f 7601//1 7354//1 7529//1
f 7205//1 7159//1 7083//1
f 7205//1 7308//1 7159//1
f 7290//1 6949//1 7145//1
f 7290//1 7119//1 6949//1
f 7336//1 7290//1 7216//1
f 7408//1 7200//1 7320//1
f 7277//1 7131//1 6988//1
f 7277//1 6988//1 7106//1
f 7223//1 7172//1 7092//1
f 7223//1 7301//1 7172//1
f 7525//1 7494//1 7433//1
f 7326//1 7206//1 7291//1
f 7489//1 7526//1 7429//1
f 7470//1 7396//1 7331//1
f 7232//1 7096//1 7174//1
f 7232//1 7174//1 7300//1
f 7632//1 7512//1 7579//1
f 7514//1 7498//1 7417//1
f 7306//1 7030//1 7156//1
f 7306//1 7156//1 7209//1
f 7318//1 7026//1 7164//1
f 7318//1 7164//1 7236//1
f 7319//1 7002//1 7162//1
f 7319//1 7162//1 7237//1
f 7239//1 7100//1 7165//1
f 7239//1 7165//1 7315//1
f 7388//1 7105//1 7279//1
f 7420//1 7220//1 7090//1
f 7439//1 7246//1 7103//1
f 7694//1 7629//1 7708//1
f 7224//1 7092//1 7137//1
f 7224//1 7137//1 7282//1
f 7244//1 7102//1 7136//1
f 7244//1 7136//1 7278//1
f 7254//1 7110//1 7182//1
f 7736//1 7478//1 7649//1
f 7643//1 7453//1 7541//1
f 7541//1 7372//1 7324//1
f 7211//1 7160//1 7086//1
f 7429//1 7086//1 7212//1
f 7289//1 6998//1 7146//1
f 7289//1 7118//1 6998//1
f 7345//1 7225//1 7283//1
f 7671//1 7721//1 7616//1
f 7310//1 7154//1 6948//1
f 7310//1 7215//1 7154//1
f 7217//1 7142//1 7089//1
f 7217//1 7281//1 7142//1
f 7428//1 7100//1 7239//1
f 7340//1 7299//1 7220//1
f 7207//1 7146//1 7084//1
f 7207//1 7289//1 7146//1
f 7438//1 7101//1 7241//1
f 7409//1 7341//1 7297//1
f 7307//1 6958//1 7160//1
f 7307//1 7160//1 7211//1
f 7247//1 7129//1 7104//1
f 7247//1 7274//1 7129//1
f 7317//1 7163//1 7024//1
f 7317//1 7235//1 7163//1
f 7208//1 7084//1 7157//1
f 7208//1 7157//1 7305//1
f 7298//1 7175//1 6992//1
f 7298//1 7218//1 7175//1
f 7202//1 7081//1 7151//1
f 7202//1 7151//1 7295//1
f 7221//1 7091//1 7176//1
f 7221//1 7176//1 7297//1
f 7451//1 7539//1 7259//1
f 7362//1 7275//1 7242//1
f 7246//1 7130//1 7103//1
f 7246//1 7273//1 7130//1
f 7229//1 7171//1 7095//1
f 7229//1 7303//1 7171//1
f 7233//1 7097//1 7167//1
f 7233//1 7167//1 7316//1
f 7647//1 7455//1 7543//1
f 7680//1 7718//1 7619//1
f 7465//1 7397//1 7321//1
f 7341//1 7221//1 7297//1
f 7419//1 7089//1 7218//1
f 7419//1 7217//1 7089//1
f 7412//1 7301//1 7343//1
f 7415//1 7303//1 7349//1
f 7384//1 7126//1 7270//1
f 7343//1 7301//1 7223//1
f 7387//1 7276//1 7110//1
f 7387//1 7110//1 7254//1
f 7411//1 7299//1 7340//1
f 7483//1 7355//1 7405//1
f 7375//1 7119//1 7290//1
f 7375//1 7263//1 7119//1
f 7336//1 7375//1 7290//1
f 7555//1 7249//1 7388//1
f 7373//1 7120//1 7264//1
f 7456//1 7264//1 7401//1
f 7412//1 7184//1 7301//1
f 7412//1 7253//1 7184//1
f 7371//1 7116//1 7294//1
f 7371//1 7260//1 7116//1
f 7408//1 7320//1 7360//1
f 7360//1 7320//1 7240//1
f 7369//1 7113//1 7257//1
f 7369//1 7296//1 7113//1
f 7385//1 7278//1 7109//1
f 7385//1 7109//1 7253//1
f 7332//1 7212//1 7296//1
f 7332//1 7296//1 7369//1
f 7435//1 7216//1 7088//1
f 7657//1 7738//1 7593//1
f 7704//1 7703//1 7584//1
f 7826//1 7673//1 7674//1
f 7383//1 7283//1 7125//1
f 7383//1 7125//1 7269//1
f 7519//1 7500//1 7424//1
f 7347//1 7304//1 7416//1
f 7691//1 7578//1 7625//1
f 7437//1 7102//1 7244//1
f 7378//1 7122//1 7287//1
f 7378//1 7266//1 7122//1
f 7382//1 7128//1 7281//1
f 7671//1 7568//1 7672//1
f 7715//1 7638//1 7551//1
f 7538//1 7322//1 7370//1
f 7359//1 7315//1 7403//1
f 7479//1 7442//1 7415//1
f 7601//1 7482//1 7354//1
f 7367//1 7274//1 7247//1
f 7374//1 7115//1 7259//1
f 7664//1 7564//1 7611//1
f 7551//1 7382//1 7337//1
f 7391//1 7255//1 7111//1
f 7533//1 7536//1 7428//1
f 7584//1 7536//1 7533//1
f 7436//1 7087//1 7214//1
f 7436//1 7213//1 7087//1
f 7373//1 7291//1 7120//1
f 7373//1 7326//1 7291//1
f 7396//1 7269//1 7186//1
f 7396//1 7186//1 7307//1
f 7402//1 7193//1 7262//1
f 7328//1 7208//1 7305//1
f 7720//1 7545//1 7617//1
f 7630//1 7558//1 7362//1
f 7380//1 7127//1 7271//1
f 7380//1 7285//1 7127//1
f 7714//1 7681//1 7623//1
f 7562//1 7490//1 7610//1
f 7511//1 7440//1 7509//1
f 7705//1 7559//1 7631//1
f 7426//1 7237//1 7099//1
f 7426//1 7099//1 7238//1
f 7370//1 7114//1 7258//1
f 7370//1 7295//1 7114//1
f 7609//1 7332//1 7537//1
f 7658//1 7609//1 7728//1
f 7407//1 7258//1 7199//1
f 7407//1 7199//1 7319//1
f 7837//1 7682//1 7681//1
f 7334//1 7214//1 7312//1
f 7400//1 7312//1 7192//1
f 7400//1 7192//1 7265//1
f 7410//1 7178//1 7255//1
f 7410//1 7298//1 7178//1
f 7414//1 7300//1 7179//1
f 7414//1 7179//1 7251//1
f 7354//1 7401//1 7313//1
f 7700//1 7606//1 7582//1
f 7379//1 7268//1 7124//1
f 7379//1 7124//1 7286//1
f 7416//1 7304//1 7181//1
f 7416//1 7181//1 7249//1
f 7405//1 7196//1 7261//1
f 7405//1 7317//1 7196//1
f 7418//1 7231//1 7096//1
f 7418//1 7096//1 7232//1
f 7377//1 7121//1 7288//1
f 7377//1 7265//1 7121//1
f 7495//1 7523//1 7431//1
f 7567//1 7495//1 7614//1
f 7401//1 7198//1 7313//1
f 7401//1 7264//1 7198//1
f 7393//1 7305//1 7187//1
f 7393//1 7187//1 7272//1
f 7322//1 7202//1 7295//1
f 7322//1 7295//1 7370//1
f 7415//1 7180//1 7303//1
f 7415//1 7250//1 7180//1
f 7475//1 7341//1 7409//1
f 7574//1 7515//1 7502//1
f 7372//1 7261//1 7117//1
f 7372//1 7117//1 7292//1
f 7352//1 7232//1 7300//1
f 7352//1 7300//1 7414//1
f 7549//1 7339//1 7381//1
f 7381//1 7123//1 7267//1
f 7381//1 7284//1 7123//1
f 7381//1 7339//1 7284//1
f 7722//1 7647//1 7543//1
f 7698//1 7697//1 7581//1
f 7395//1 7270//1 7185//1
f 7395//1 7185//1 7306//1
f 7621//1 7502//1 7339//1
f 7854//1 7711//1 7692//1
f 7376//1 7262//1 7118//1
f 7376//1 7118//1 7289//1
f 7484//1 7406//1 7356//1
f 7790//1 7712//1 7651//1
f 7333//1 7294//1 7213//1
f 7333//1 7371//1 7294//1
f 7391//1 7111//1 7274//1
f 7391//1 7274//1 7367//1
f 7423//1 7226//1 7093//1
f 7423//1 7093//1 7225//1
f 7411//1 7182//1 7299//1
f 7411//1 7254//1 7182//1
f 7711//1 7649//1 7555//1
f 7955//1 7776//1 7775//1
f 7587//1 7515//1 7574//1
f 7474//1 7411//1 7340//1
f 7549//1 7381//1 7267//1
f 7357//1 7407//1 7319//1
f 7608//1 7488//1 7360//1
f 7545//1 7377//1 7351//1
f 7413//1 7302//1 7346//1
f 7518//1 7232//1 7352//1
f 7337//1 7281//1 7217//1
f 7337//1 7382//1 7281//1
f 7374//1 7293//1 7115//1
f 7374//1 7330//1 7293//1
f 7327//1 7289//1 7207//1
f 7327//1 7376//1 7289//1
f 7524//1 7430//1 7490//1
f 7566//1 7612//1 7494//1
f 7394//1 7308//1 7325//1
f 7325//1 7308//1 7205//1
f 7329//1 7306//1 7209//1
f 7329//1 7395//1 7306//1
f 7607//1 7485//1 7357//1
f 7471//1 7334//1 7400//1
f 7496//1 7434//1 7521//1
f 7721//1 7648//1 7544//1
f 7593//1 7526//1 7561//1
f 7623//1 7573//1 7501//1
f 7508//1 7512//1 7439//1
f 7806//1 7660//1 7727//1
f 7394//1 7271//1 7190//1
f 7394//1 7190//1 7308//1
f 7555//1 7388//1 7363//1
f 7566//1 7494//1 7525//1
f 7478//1 7347//1 7416//1
f 7335//1 7215//1 7310//1
f 7605//1 7355//1 7483//1
f 7663//1 7564//1 7664//1
f 7615//1 7493//1 7565//1
f 7624//1 7344//1 7552//1
f 7390//1 7107//1 7275//1
f 7390//1 7275//1 7362//1
f 7598//1 7335//1 7472//1
f 7626//1 7555//1 7363//1
f 7592//1 7347//1 7478//1
f 7867//1 7751//1 7701//1
f 7338//1 7218//1 7298//1
f 7338//1 7298//1 7410//1
f 7442//1 7250//1 7415//1
f 7389//1 7106//1 7250//1
f 7348//1 7286//1 7228//1
f 7348//1 7379//1 7286//1
f 7477//1 7413//1 7346//1
f 7386//1 7108//1 7252//1
f 7458//1 7399//1 7266//1
f 7618//1 7342//1 7498//1
f 7398//1 7189//1 7268//1
f 7398//1 7310//1 7189//1
f 7342//1 7287//1 7222//1
f 7342//1 7378//1 7287//1
f 7389//1 7277//1 7106//1
f 7389//1 7368//1 7277//1
f 7625//1 7578//1 7506//1
f 7746//1 7602//1 7486//1
f 7486//1 7402//1 7454//1
f 7727//1 7538//1 7642//1
f 7364//1 7244//1 7278//1
f 7364//1 7278//1 7385//1
f 7653//1 7557//1 7442//1
f 7670//1 7567//1 7614//1
f 7865//1 7699//1 7864//1
f 7742//1 7598//1 7472//1
f 7469//1 7395//1 7329//1
f 7589//1 7343//1 7516//1
f 7384//1 7282//1 7126//1
f 7384//1 7344//1 7282//1
f 7589//1 7476//1 7343//1
f 7516//1 7422//1 7504//1
f 7588//1 7352//1 7480//1
f 7710//1 7627//1 7554//1
f 7433//1 7082//1 7203//1
f 7433//1 7204//1 7082//1
f 7832//1 7678//1 7677//1
f 7687//1 7576//1 7688//1
f 7392//1 7112//1 7273//1
f 7392//1 7273//1 7366//1
f 7323//1 7203//1 7311//1
f 7323//1 7311//1 7399//1
f 7778//1 7723//1 7645//1
f 7592//1 7519//1 7347//1
f 7351//1 7288//1 7231//1
f 7351//1 7377//1 7288//1
f 7324//1 7292//1 7204//1
f 7324//1 7372//1 7292//1
f 7386//1 7280//1 7108//1
f 7386//1 7361//1 7280//1
f 7499//1 7520//1 7421//1
f 7966//1 7763//1 8044//1
f 7673//1 7617//1 7569//1
f 7581//1 7601//1 7529//1
f 7706//1 7560//1 7632//1
f 7574//1 7502//1 7621//1
f 7602//1 7358//1 7486//1
f 7709//1 7628//1 7557//1
f 7570//1 7618//1 7498//1
f 7634//1 7458//1 7546//1
f 7614//1 7326//1 7542//1
f 7452//1 7404//1 7260//1
f 7681//1 7573//1 7623//1
f 7626//1 7363//1 7507//1
f 7612//1 7541//1 7324//1
f 7612//1 7324//1 7494//1
f 7503//1 7217//1 7419//1
f 7503//1 7337//1 7217//1
f 7588//1 7518//1 7352//1
f 7617//1 7497//1 7569//1
f 7453//1 7405//1 7261//1
f 7453//1 7483//1 7405//1
f 7716//1 7621//1 7549//1
f 7459//1 7549//1 7267//1
f 7717//1 7547//1 7636//1
f 7457//1 7265//1 7545//1
f 7501//1 7423//1 7225//1
f 7724//1 7540//1 7613//1
f 7559//1 7255//1 7391//1
f 7559//1 7391//1 7367//1
f 7532//1 7233//1 7353//1
f 7532//1 7425//1 7233//1
f 7839//1 7787//1 7734//1
f 7577//1 7505//1 7627//1
f 7546//1 7378//1 7342//1
f 7634//1 7466//1 7458//1
f 7494//1 7204//1 7433//1
f 7494//1 7324//1 7204//1
f 7502//1 7219//1 7339//1
f 7502//1 7420//1 7219//1
f 7498//1 7222//1 7417//1
f 7498//1 7342//1 7222//1
f 7530//1 7235//1 7355//1
f 7530//1 7427//1 7235//1
f 7491//1 7213//1 7436//1
f 7491//1 7333//1 7213//1
f 7507//1 7363//1 7243//1
f 7507//1 7243//1 7437//1
f 7557//1 7368//1 7389//1
f 7557//1 7389//1 7250//1
f 7703//1 7608//1 7584//1
f 9327//1 7981//1 8205//1
f 7457//1 7400//1 7265//1
f 7457//1 7471//1 7400//1
f 7544//1 7376//1 7327//1
f 7616//1 7496//1 7568//1
f 7727//1 7660//1 7610//1
f 7751//1 7485//1 7607//1
f 7459//1 7267//1 7397//1
f 7459//1 7397//1 7465//1
f 7534//1 7237//1 7426//1
f 7534//1 7357//1 7237//1
f 7624//1 7504//1 7344//1
f 7611//1 7564//1 7492//1
f 7552//1 7344//1 7384//1
f 7552//1 7384//1 7270//1
f 7513//1 7419//1 7218//1
f 7513//1 7218//1 7338//1
f 7620//1 7571//1 7499//1
f 7660//1 7562//1 7610//1
f 7506//1 7437//1 7244//1
f 7506//1 7244//1 7364//1
f 7716//1 7683//1 7621//1
f 7553//1 7364//1 7385//1
f 7558//1 7251//1 7390//1
f 7558//1 7390//1 7362//1
f 7537//1 7369//1 7257//1
f 7537//1 7332//1 7369//1
f 7504//1 7224//1 7344//1
f 7504//1 7422//1 7224//1
f 7563//1 7491//1 7528//1
f 7743//1 7466//1 7634//1
f 7509//1 7440//1 7248//1
f 7509//1 7248//1 7368//1
f 7463//1 7271//1 7394//1
f 7463//1 7394//1 7467//1
f 7512//1 7366//1 7246//1
f 7512//1 7246//1 7439//1
f 7523//1 7205//1 7431//1
f 7523//1 7325//1 7205//1
f 7525//1 7433//1 7203//1
f 7525//1 7203//1 7323//1
f 7535//1 7356//1 7236//1
f 7535//1 7236//1 7427//1
f 7792//1 7652//1 7731//1
f 7652//1 7556//1 7446//1
f 7550//1 7383//1 7269//1
f 7550//1 7345//1 7383//1
f 7714//1 7550//1 7640//1
f 7461//1 7550//1 7269//1
f 7450//1 7258//1 7407//1
f 7450//1 7407//1 7485//1
f 7490//1 7202//1 7322//1
f 7490//1 7430//1 7202//1
f 7539//1 7330//1 7374//1
f 7539//1 7374//1 7259//1
f 7591//1 7520//1 7571//1
f 7669//1 7740//1 7596//1
f 7500//1 7348//1 7228//1
f 7500//1 7228//1 7424//1
f 7508//1 7245//1 7365//1
f 7508//1 7439//1 7245//1
f 7551//1 7272//1 7382//1
f 7464//1 7272//1 7551//1
f 7560//1 7392//1 7366//1
f 7693//1 7632//1 7579//1
f 7531//1 7426//1 7238//1
f 7531//1 7238//1 7358//1
f 7505//1 7438//1 7241//1
f 7505//1 7241//1 7361//1
f 7510//1 7362//1 7242//1
f 7510//1 7242//1 7438//1
f 7441//1 7416//1 7249//1
f 7441//1 7478//1 7416//1
f 7554//1 7361//1 7386//1
f 7554//1 7386//1 7252//1
f 7519//1 7227//1 7347//1
f 7519//1 7424//1 7227//1
f 7548//1 7379//1 7348//1
f 7619//1 7348//1 7500//1
f 7540//1 7260//1 7371//1
f 7540//1 7452//1 7260//1
f 7541//1 7261//1 7372//1
f 7541//1 7453//1 7261//1
f 7516//1 7343//1 7223//1
f 7516//1 7223//1 7422//1
f 7486//1 7358//1 7402//1
f 7741//1 7465//1 7597//1
f 7517//1 7226//1 7423//1
f 7517//1 7346//1 7226//1
f 7492//1 7210//1 7330//1
f 7492//1 7432//1 7210//1
f 7521//1 7208//1 7328//1
f 7521//1 7434//1 7208//1
f 7655//1 7447//1 7559//1
f 7447//1 7255//1 7559//1
f 7524//1 7201//1 7430//1
f 7524//1 7321//1 7201//1
f 7685//1 7715//1 7622//1
f 7443//1 7251//1 7558//1
f 7553//1 7385//1 7253//1
f 7553//1 7253//1 7445//1
f 7560//1 7256//1 7392//1
f 7448//1 7256//1 7560//1
f 7528//1 7436//1 7214//1
f 7528//1 7214//1 7334//1
f 7637//1 7462//1 7469//1
f 7462//1 7552//1 7270//1
f 7447//1 7410//1 7255//1
f 7447//1 7473//1 7410//1
f 7481//1 7353//1 7404//1
f 7481//1 7404//1 7452//1
f 7665//1 7615//1 7565//1
f 7444//1 7554//1 7252//1
f 7544//1 7262//1 7376//1
f 7544//1 7454//1 7262//1
f 7482//1 7456//1 7401//1
f 7488//1 7449//1 7408//1
f 7461//1 7269//1 7396//1
f 7461//1 7396//1 7470//1
f 7497//1 7231//1 7418//1
f 7497//1 7351//1 7231//1
f 7464//1 7393//1 7272//1
f 7464//1 7468//1 7393//1
f 7448//1 7409//1 7256//1
f 7448//1 7475//1 7409//1
f 7526//1 7211//1 7429//1
f 7526//1 7331//1 7211//1
f 7476//1 7412//1 7343//1
f 7476//1 7445//1 7412//1
f 7493//1 7336//1 7216//1
f 7493//1 7216//1 7435//1
f 7515//1 7340//1 7220//1
f 7515//1 7220//1 7420//1
f 7614//1 7495//1 7326//1
f 7542//1 7326//1 7373//1
f 7443//1 7414//1 7251//1
f 7443//1 7480//1 7414//1
f 7449//1 7257//1 7408//1
f 7449//1 7537//1 7257//1
f 7455//1 7403//1 7263//1
f 7455//1 7487//1 7403//1
f 7489//1 7212//1 7332//1
f 7489//1 7429//1 7212//1
f 7536//1 7360//1 7240//1
f 7536//1 7240//1 7428//1
f 7466//1 7323//1 7399//1
f 7466//1 7399//1 7458//1
f 7661//1 7600//1 7744//1
f 7619//1 7548//1 7348//1
f 7446//1 7254//1 7411//1
f 7446//1 7411//1 7474//1
f 7444//1 7252//1 7413//1
f 7444//1 7413//1 7477//1
f 7495//1 7206//1 7326//1
f 7495//1 7431//1 7206//1
f 7542//1 7373//1 7264//1
f 7542//1 7264//1 7456//1
f 7556//1 7387//1 7254//1
f 7556//1 7254//1 7446//1
f 7548//1 7268//1 7379//1
f 7548//1 7460//1 7268//1
f 7520//1 7349//1 7229//1
f 7520//1 7229//1 7421//1
f 7472//1 7335//1 7398//1
f 7472//1 7398//1 7460//1
f 7538//1 7370//1 7258//1
f 7538//1 7258//1 7450//1
f 7702//1 7602//1 7746//1
f 7941//1 7882//1 7867//1
f 7499//1 7230//1 7350//1
f 7499//1 7421//1 7230//1
f 7514//1 7221//1 7341//1
f 7514//1 7417//1 7221//1
f 7527//1 7435//1 7215//1
f 7527//1 7215//1 7335//1
f 7496//1 7327//1 7207//1
f 7496//1 7207//1 7434//1
f 7533//1 7428//1 7239//1
f 7533//1 7239//1 7359//1
f 7511//1 7367//1 7247//1
f 7511//1 7247//1 7440//1
f 7451//1 7259//1 7406//1
f 7451//1 7406//1 7484//1
f 7649//1 7478//1 7441//1
f 7706//1 7656//1 7560//1
f 7529//1 7354//1 7234//1
f 7529//1 7234//1 7425//1
f 7546//1 7266//1 7378//1
f 7546//1 7458//1 7266//1
f 7547//1 7380//1 7271//1
f 7547//1 7271//1 7463//1
f 7462//1 7270//1 7395//1
f 7462//1 7395//1 7469//1
f 7543//1 7263//1 7375//1
f 7543//1 7455//1 7263//1
f 7737//1 7468//1 7638//1
f 7740//1 7467//1 7596//1
f 7849//1 7850//1 7689//1
f 7658//1 7561//1 7609//1
f 7734//1 7650//1 7477//1
f 7650//1 7444//1 7477//1
f 7618//1 7546//1 7342//1
f 7833//1 7735//1 7678//1
f 7677//1 7571//1 7620//1
f 7727//1 7610//1 7538//1
f 7735//1 7653//1 7479//1
f 7571//1 7520//1 7499//1
f 7689//1 7630//1 7577//1
f 7704//1 7603//1 7747//1
f 7688//1 7576//1 7624//1
f 7609//1 7489//1 7332//1
f 7580//1 7631//1 7511//1
f 7705//1 7655//1 7559//1
f 7698//1 7581//1 7604//1
f 7748//1 7481//1 7646//1
f 7628//1 7368//1 7557//1
f 7628//1 7509//1 7368//1
f 7712//1 7691//1 7625//1
f 7651//1 7553//1 7445//1
f 7597//1 7465//1 7321//1
f 7597//1 7321//1 7524//1
f 7590//1 7346//1 7517//1
f 7590//1 7477//1 7346//1
f 7595//1 7329//1 7522//1
f 7595//1 7469//1 7329//1
f 7573//1 7517//1 7501//1
f 7573//1 7590//1 7517//1
f 7646//1 7452//1 7540//1
f 7646//1 7481//1 7452//1
f 7684//1 7587//1 7574//1
f 7828//1 7719//1 7675//1
f 7745//1 7645//1 7482//1
f 7596//1 7467//1 7325//1
f 7657//1 7593//1 7561//1
f 7964//1 7766//1 8045//1
f 7959//1 7778//1 7777//1
f 7732//1 7480//1 7654//1
f 7588//1 7569//1 7518//1
f 7569//1 7497//1 7518//1
f 7585//1 7341//1 7475//1
f 7585//1 7514//1 7341//1
f 7690//1 7577//1 7627//1
f 7710//1 7554//1 7650//1
f 7713//1 7624//1 7552//1
f 7637//1 7552//1 7462//1
f 7591//1 7479//1 7349//1
f 7591//1 7349//1 7520//1
f 7640//1 7550//1 7461//1
f 7640//1 7461//1 7470//1
f 7638//1 7464//1 7551//1
f 7643//1 7483//1 7453//1
f 7773//1 7643//1 7725//1
f 7817//1 7668//1 7667//1
f 7709//1 7557//1 7653//1
f 7730//1 7473//1 7655//1
f 7704//1 7584//1 7603//1
f 7603//1 7359//1 7487//1
f 7955//1 8038//1 7776//1
f 7606//1 7484//1 7356//1
f 7676//1 7570//1 7585//1
f 7756//1 7816//1 7743//1
f 7708//1 7556//1 7652//1
f 7869//1 7746//1 7784//1
f 7645//1 7456//1 7482//1
f 7645//1 7542//1 7456//1
f 7622//1 7337//1 7503//1
f 7622//1 7551//1 7337//1
f 7587//1 7474//1 7340//1
f 7587//1 7340//1 7515//1
f 7579//1 7512//1 7508//1
f 7694//1 7579//1 7629//1
f 7606//1 7356//1 7535//1
f 7606//1 7535//1 7582//1
f 8002//1 7946//1 7891//1
f 7572//1 7619//1 7500//1
f 7583//1 7534//1 7531//1
f 7583//1 7607//1 7534//1
f 7576//1 7516//1 7504//1
f 7576//1 7589//1 7516//1
f 7713//1 7552//1 7637//1
f 7656//1 7448//1 7560//1
f 7564//1 7522//1 7492//1
f 7564//1 7595//1 7522//1
f 7631//1 7559//1 7367//1
f 7631//1 7367//1 7511//1
f 7699//1 7582//1 7605//1
f 7696//1 7628//1 7709//1
f 7652//1 7446//1 7474//1
f 7729//1 7585//1 7475//1
f 7730//1 7586//1 7473//1
f 7575//1 7622//1 7503//1
f 7672//1 7568//1 7594//1
f 7746//1 7486//1 7648//1
f 7641//1 7537//1 7449//1
f 7641//1 7449//1 7488//1
f 7561//1 7526//1 7489//1
f 7561//1 7489//1 7609//1
f 7617//1 7545//1 7351//1
f 7617//1 7351//1 7497//1
f 7611//1 7330//1 7539//1
f 7611//1 7492//1 7330//1
f 7605//1 7530//1 7355//1
f 7605//1 7582//1 7530//1
f 7829//1 7676//1 7830//1
f 7712//1 7625//1 7553//1
f 7627//1 7505//1 7361//1
f 7627//1 7361//1 7554//1
f 7870//1 7752//1 7703//1
f 7711//1 7555//1 7626//1
f 7633//1 7471//1 7457//1
f 7633//1 7457//1 7545//1
f 7820//1 7670//1 7821//1
f 7717//1 7620//1 7547//1
f 7636//1 7463//1 7467//1
f 7636//1 7547//1 7463//1
f 7662//1 7613//1 7563//1
f 7724//1 7646//1 7540//1
f 7570//1 7498//1 7514//1
f 7570//1 7514//1 7585//1
f 7692//1 7626//1 7578//1
f 7712//1 7553//1 7651//1
f 7577//1 7510//1 7505//1
f 7577//1 7630//1 7510//1
f 7639//1 7460//1 7548//1
f 7639//1 7472//1 7460//1
f 7567//1 7523//1 7495//1
f 7567//1 7596//1 7523//1
f 7578//1 7507//1 7506//1
f 7578//1 7626//1 7507//1
f 7644//1 7539//1 7451//1
f 7644//1 7451//1 7484//1
f 7572//1 7500//1 7519//1
f 7572//1 7519//1 7592//1
f 7608//1 7360//1 7536//1
f 7608//1 7536//1 7584//1
f 7565//1 7493//1 7527//1
f 7565//1 7527//1 7598//1
f 7642//1 7450//1 7485//1
f 7642//1 7538//1 7450//1
f 7648//1 7454//1 7544//1
f 7648//1 7486//1 7454//1
f 7602//1 7531//1 7358//1
f 7602//1 7583//1 7531//1
f 7623//1 7501//1 7345//1
f 7623//1 7345//1 7550//1
f 7625//1 7506//1 7364//1
f 7625//1 7364//1 7553//1
f 7632//1 7366//1 7512//1
f 7632//1 7560//1 7366//1
f 7594//1 7328//1 7468//1
f 7594//1 7521//1 7328//1
f 7824//1 7823//1 7672//1
f 7740//1 7636//1 7467//1
f 7635//1 7549//1 7459//1
f 7635//1 7459//1 7465//1
f 7581//1 7529//1 7532//1
f 7581//1 7532//1 7604//1
f 7600//1 7334//1 7471//1
f 7600//1 7528//1 7334//1
f 7620//1 7499//1 7350//1
f 7620//1 7350//1 7547//1
f 7603//1 7533//1 7359//1
f 7603//1 7584//1 7533//1
f 7697//1 7601//1 7581//1
f 7661//1 7662//1 7563//1
f 7610//1 7490//1 7322//1
f 7610//1 7322//1 7538//1
f 7613//1 7333//1 7491//1
f 7613//1 7540//1 7333//1
f 7599//1 7525//1 7323//1
f 7599//1 7323//1 7466//1
f 7575//1 7503//1 7513//1
f 7575//1 7513//1 7586//1
f 7654//1 7480//1 7443//1
f 7654//1 7443//1 7558//1
f 7629//1 7508//1 7365//1
f 7629//1 7365//1 7556//1
f 7616//1 7544//1 7327//1
f 7616//1 7327//1 7496//1
f 7562//1 7524//1 7490//1
f 7562//1 7597//1 7524//1
f 7580//1 7511//1 7509//1
f 7580//1 7509//1 7628//1
f 7615//1 7336//1 7493//1
f 7615//1 7543//1 7336//1
f 7593//1 7470//1 7331//1
f 7593//1 7331//1 7526//1
f 7711//1 7626//1 7692//1
f 7708//1 7629//1 7556//1
f 7766//1 7639//1 7718//1
f 7722//1 7543//1 7615//1
f 7699//1 7700//1 7582//1
f 7749//1 7483//1 7643//1
f 7714//1 7623//1 7550//1
f 7742//1 7472//1 7639//1
f 7720//1 7633//1 7545//1
f 7682//1 7590//1 7573//1
f 7716//1 7549//1 7635//1
f 7715//1 7551//1 7622//1
f 7669//1 7596//1 7567//1
f 7811//1 7663//1 7664//1
f 7729//1 7475//1 7656//1
f 7713//1 7688//1 7624//1
f 7820//1 7669//1 7670//1
f 7741//1 7635//1 7465//1
f 7821//1 7778//1 8036//1
f 7722//1 7615//1 7665//1
f 7696//1 7580//1 7628//1
f 7696//1 7695//1 7580//1
f 7666//1 7598//1 7742//1
f 7807//1 7662//1 7661//1
f 7733//1 7476//1 7589//1
f 7733//1 7651//1 7476//1
f 7753//1 7720//1 7825//1
f 7707//1 7654//1 7558//1
f 7678//1 7591//1 7571//1
f 7678//1 7571//1 7677//1
f 7707//1 7630//1 7689//1
f 7858//1 7695//1 7859//1
f 7675//1 7570//1 7676//1
f 7687//1 7733//1 7589//1
f 7745//1 7482//1 7601//1
f 7745//1 7601//1 7697//1
f 7693//1 7706//1 7632//1
f 7691//1 7692//1 7578//1
f 7721//1 7544//1 7616//1
f 7701//1 7751//1 7607//1
f 7659//1 7597//1 7562//1
f 7659//1 7562//1 7660//1
f 7869//1 7702//1 7746//1
f 7842//1 7792//1 7731//1
f 7832//1 7677//1 7831//1
f 7820//1 7819//1 7669//1
f 7892//1 7792//1 7842//1
f 7741//1 7597//1 7659//1
f 7725//1 7541//1 7612//1
f 7725//1 7643//1 7541//1
f 9227//1 8071//1 7934//1
f 7684//1 7731//1 7587//1
f 7889//1 7835//1 7786//1
f 7854//1 7692//1 7852//1
f 9326//1 8086//1 8039//1
f 7829//1 7675//1 7676//1
f 7723//1 7614//1 7542//1
f 7723//1 7542//1 7645//1
f 7739//1 7469//1 7595//1
f 7739//1 7637//1 7469//1
f 8040//1 7898//1 7803//1
f 7785//1 7711//1 7854//1
f 7670//1 7614//1 7723//1
f 7710//1 7690//1 7627//1
f 7860//1 7859//1 7696//1
f 7732//1 7588//1 7480//1
f 7960//1 7783//1 8034//1
f 7751//1 7642//1 7485//1
f 7872//1 7704//1 7747//1
f 7841//1 7842//1 7684//1
f 7724//1 7613//1 7662//1
f 7801//1 7738//1 7657//1
f 7718//1 7548//1 7619//1
f 7718//1 7639//1 7548//1
f 8130//1 8014//1 8086//1
f 7824//1 7737//1 7764//1
f 7936//1 7859//1 7860//1
f 7798//1 7655//1 7705//1
f 7686//1 7586//1 7730//1
f 7671//1 7616//1 7568//1
f 7701//1 7607//1 7583//1
f 7702//1 7583//1 7602//1
f 7827//1 7826//1 7674//1
f 7781//1 7747//1 7647//1
f 7813//1 7666//1 7815//1
f 7887//1 7872//1 7781//1
f 7752//1 7641//1 7488//1
f 7890//1 7787//1 7839//1
f 7752//1 7488//1 7608//1
f 7752//1 7608//1 7703//1
f 7680//1 7619//1 7572//1
f 7680//1 7572//1 7679//1
f 7683//1 7574//1 7621//1
f 7804//1 7741//1 7659//1
f 7731//1 7474//1 7587//1
f 7731//1 7652//1 7474//1
f 7863//1 7698//1 7748//1
f 7689//1 7577//1 7690//1
f 7736//1 7592//1 7478//1
f 7736//1 7679//1 7592//1
f 7747//1 7487//1 7647//1
f 7747//1 7603//1 7487//1
f 7876//1 7759//1 7819//1
f 7832//1 7833//1 7678//1
f 7848//1 7688//1 7713//1
f 9276//1 8147//1 7971//1
f 7735//1 7479//1 7591//1
f 7735//1 7591//1 7678//1
f 7823//1 7671//1 7672//1
f 7684//1 7574//1 7683//1
f 7719//1 7546//1 7618//1
f 7719//1 7634//1 7546//1
f 7675//1 7618//1 7570//1
f 7675//1 7719//1 7618//1
f 7674//1 7569//1 7588//1
f 7674//1 7588//1 7732//1
f 7857//1 7856//1 7694//1
f 7845//1 7686//1 7730//1
f 7734//1 7477//1 7590//1
f 7734//1 7590//1 7682//1
f 7750//1 7484//1 7606//1
f 7750//1 7606//1 7700//1
f 7668//1 7566//1 7667//1
f 9233//1 8050//1 7932//1
f 7744//1 7471//1 7633//1
f 7744//1 7600//1 7471//1
f 7666//1 7565//1 7598//1
f 7666//1 7665//1 7565//1
f 7847//1 7733//1 7687//1
f 7846//1 7847//1 7687//1
f 7762//1 7713//1 7637//1
f 7847//1 7789//1 7733//1
f 7726//1 7611//1 7539//1
f 7726//1 7539//1 7644//1
f 7849//1 9234//1 7850//1
f 7902//1 7808//1 7873//1
f 8199//1 8150//1 9274//1
f 7670//1 7669//1 7567//1
f 7738//1 7640//1 7470//1
f 7738//1 7470//1 7593//1
f 7668//1 7612//1 7566//1
f 7668//1 7725//1 7612//1
f 7748//1 7604//1 7481//1
f 7748//1 7698//1 7604//1
f 7780//1 7748//1 7646//1
f 7756//1 7743//1 7634//1
f 7962//1 7874//1 7756//1
f 7840//1 7683//1 7716//1
f 7834//1 7680//1 7679//1
f 7776//1 7726//1 7644//1
f 7862//1 7861//1 7697//1
f 7809//1 7724//1 7662//1
f 7756//1 7634//1 7755//1
f 7853//1 7852//1 7691//1
f 7966//1 7764//1 7763//1
f 8027//1 7925//1 7926//1
f 7686//1 7575//1 7586//1
f 7686//1 7685//1 7575//1
f 7855//1 7706//1 7693//1
f 7803//1 7658//1 7728//1
f 7766//1 7765//1 7639//1
f 7815//1 7666//1 7742//1
f 7743//1 7599//1 7466//1
f 7743//1 7667//1 7599//1
f 7842//1 7731//1 7684//1
f 7965//1 8046//1 7758//1
f 7749//1 7605//1 7483//1
f 7749//1 7699//1 7605//1
f 7658//1 7657//1 7561//1
f 8296//1 8193//1 8110//1
f 7956//1 7774//1 7773//1
f 7850//1 7707//1 7689//1
f 7728//1 7609//1 7537//1
f 7728//1 7537//1 7641//1
f 7673//1 7569//1 7674//1
f 7851//1 7849//1 7690//1
f 7844//1 7686//1 7845//1
f 7702//1 7701//1 7583//1
f 7774//1 7643//1 7773//1
f 7962//1 7756//1 7755//1
f 7737//1 7594//1 7468//1
f 7737//1 7672//1 7594//1
f 7808//1 7744//1 7754//1
f 7788//1 7710//1 7650//1
f 7822//1 7671//1 7823//1
f 7797//1 7655//1 7798//1
f 7866//1 7750//1 7700//1
f 8098//1 8097//1 9237//1
f 7868//1 7867//1 7701//1
f 7824//1 7672//1 7737//1
f 7947//1 7787//1 7890//1
f 7803//1 7802//1 7658//1
f 7906//1 7814//1 7813//1
f 7888//1 7869//1 7784//1
f 7904//1 7811//1 7812//1
f 8142//1 7999//1 8062//1
f 7872//1 7747//1 7781//1
f 7814//1 7722//1 7665//1
f 7838//1 7681//1 7714//1
f 7864//1 7699//1 7749//1
f 7852//1 7692//1 7691//1
f 7848//1 7713//1 7762//1
f 7764//1 7737//1 7638//1
f 7760//1 7717//1 7636//1
f 7856//1 7693//1 7694//1
f 7758//1 7840//1 7716//1
f 7827//1 7732//1 7795//1
f 7880//1 9279//1 7968//1
f 9272//1 7873//1 7961//1
f 7909//1 7876//1 7819//1
f 7814//1 8033//1 7782//1
f 7782//1 7722//1 7814//1
f 7819//1 7740//1 7669//1
f 7859//1 7695//1 7696//1
f 7816//1 7667//1 7743//1
f 7816//1 7817//1 7667//1
f 7825//1 7720//1 7673//1
f 7795//1 7732//1 7654//1
f 8045//1 7836//1 7920//1
f 8020//1 7911//1 7912//1
f 7813//1 7665//1 7666//1
f 7813//1 7814//1 7665//1
f 7838//1 7837//1 7681//1
f 7968//1 7767//1 7768//1
f 7802//1 7657//1 7658//1
f 7802//1 7801//1 7657//1
f 9240//1 8101//1 8102//1
f 7970//1 8018//1 7907//1
f 7830//1 7676//1 7729//1
f 7799//1 7706//1 7855//1
f 8032//1 7943//1 7944//1
f 7891//1 7847//1 7928//1
f 7911//1 7822//1 7823//1
f 7784//1 7746//1 7648//1
f 7769//1 7641//1 7752//1
f 7770//1 7803//1 7728//1
f 7843//1 7715//1 7685//1
f 7763//1 7715//1 7843//1
f 7777//1 7645//1 7745//1
f 7777//1 7778//1 7645//1
f 8102//1 8094//1 7986//1
f 7758//1 7716//1 7635//1
f 7938//1 7862//1 7863//1
f 7957//1 7779//1 8035//1
f 7783//1 7648//1 7721//1
f 7783//1 7784//1 7648//1
f 7899//1 7804//1 7805//1
f 7941//1 7867//1 7868//1
f 7844//1 7685//1 7686//1
f 7844//1 7843//1 7685//1
f 7918//1 7893//1 7833//1
f 7973//1 7876//1 7909//1
f 7940//1 7884//1 7866//1
f 7881//1 7769//1 7870//1
f 7791//1 7708//1 7652//1
f 7791//1 7652//1 7792//1
f 7797//1 7730//1 7655//1
f 7797//1 7845//1 7730//1
f 7789//1 7651//1 7733//1
f 7789//1 7790//1 7651//1
f 7822//1 7721//1 7671//1
f 7822//1 7783//1 7721//1
f 7810//1 7739//1 7663//1
f 7810//1 7663//1 7811//1
f 7918//1 7833//1 7832//1
f 7759//1 7740//1 7819//1
f 7848//1 7762//1 8042//1
f 7761//1 7739//1 7810//1
f 7763//1 7638//1 7715//1
f 7763//1 7764//1 7638//1
f 7831//1 7677//1 7717//1
f 7831//1 7717//1 7760//1
f 7896//1 7830//1 7800//1
f 7818//1 7668//1 7817//1
f 7768//1 7738//1 7801//1
f 7921//1 7837//1 7838//1
f 7889//1 7919//1 7835//1
f 7786//1 7736//1 7649//1
f 7825//1 8048//1 7753//1
f 7754//1 7744//1 7633//1
f 8011//1 7916//1 7896//1
f 7805//1 7660//1 7806//1
f 7761//1 7637//1 7739//1
f 7761//1 7762//1 7637//1
f 7913//1 7825//1 7826//1
f 7796//1 7707//1 7850//1
f 7755//1 7634//1 7719//1
f 7755//1 7719//1 7828//1
f 7928//1 7847//1 7846//1
f 8028//1 7928//1 7927//1
f 9287//1 8142//1 8000//1
f 7829//1 7828//1 7675//1
f 7908//1 7818//1 7817//1
f 7866//1 7775//1 7750//1
f 7947//1 7788//1 7787//1
f 7870//1 7769//1 7752//1
f 7771//1 7727//1 7642//1
f 7771//1 7806//1 7727//1
f 7796//1 7654//1 7707//1
f 7796//1 7795//1 7654//1
f 7812//1 7811//1 7664//1
f 8174//1 8063//1 8173//1
f 7861//1 7745//1 7697//1
f 7861//1 7777//1 7745//1
f 7875//1 7757//1 7804//1
f 7757//1 7741//1 7804//1
f 7782//1 7647//1 7722//1
f 7782//1 7781//1 7647//1
f 7944//1 7871//1 7872//1
f 8064//1 8003//1 8026//1
f 7812//1 7664//1 7726//1
f 7812//1 7726//1 7776//1
f 8219//1 8051//1 7934//1
f 7903//1 7877//1 7810//1
f 7867//1 7772//1 7751//1
f 7856//1 7855//1 7693//1
f 7767//1 7714//1 7640//1
f 7767//1 7838//1 7714//1
f 7775//1 7644//1 7750//1
f 7775//1 7776//1 7644//1
f 7821//1 7670//1 7723//1
f 7821//1 7723//1 7778//1
f 7780//1 7863//1 7748//1
f 7937//1 7861//1 7862//1
f 7772//1 7642//1 7751//1
f 7772//1 7771//1 7642//1
f 7956//1 7883//1 7774//1
f 7883//1 7864//1 7774//1
f 7807//1 7809//1 7662//1
f 7808//1 7661//1 7744//1
f 7805//1 7659//1 7660//1
f 7805//1 7804//1 7659//1
f 7794//1 7653//1 7735//1
f 7794//1 7735//1 7833//1
f 7983//1 7954//1 7882//1
f 7915//1 7828//1 7829//1
f 7753//1 7633//1 7720//1
f 7753//1 7754//1 7633//1
f 7895//1 7845//1 7797//1
f 8023//1 7918//1 7917//1
f 7818//1 7725//1 7668//1
f 7818//1 7773//1 7725//1
f 7765//1 7742//1 7639//1
f 7765//1 7815//1 7742//1
f 7871//1 7870//1 7703//1
f 8044//1 7843//1 7925//1
f 7846//1 7687//1 7688//1
f 7846//1 7688//1 7848//1
f 7957//1 7780//1 7779//1
f 7779//1 7724//1 7809//1
f 7841//1 7684//1 7683//1
f 7841//1 7683//1 7840//1
f 7835//1 7736//1 7786//1
f 8021//1 7913//1 7914//1
f 7787//1 7650//1 7734//1
f 7787//1 7788//1 7650//1
f 8056//1 7973//1 8019//1
f 9244//1 8105//1 7989//1
f 7826//1 7825//1 7673//1
f 7948//1 7794//1 7893//1
f 7785//1 7649//1 7711//1
f 7785//1 7786//1 7649//1
f 7759//1 7636//1 7740//1
f 7759//1 7760//1 7636//1
f 7835//1 7679//1 7736//1
f 7835//1 7834//1 7679//1
f 7858//1 7705//1 7695//1
f 7858//1 7798//1 7705//1
f 7827//1 7674//1 7732//1
f 7849//1 7689//1 7690//1
f 7831//1 7760//1 8043//1
f 7808//1 7807//1 7661//1
f 8115//1 8075//1 8002//1
f 7986//1 7939//1 7883//1
f 7868//1 7701//1 7702//1
f 7868//1 7702//1 7869//1
f 7857//1 7694//1 7708//1
f 7857//1 7708//1 7791//1
f 7836//1 7680//1 7834//1
f 7981//1 7953//1 7881//1
f 8023//1 8005//1 7918//1
f 7970//1 7907//1 7874//1
f 7770//1 7728//1 7641//1
f 7770//1 7641//1 7769//1
f 9325//1 8207//1 7985//1
f 7931//1 7852//1 7853//1
f 7836//1 7718//1 7680//1
f 7836//1 7766//1 7718//1
f 7935//1 7858//1 9236//1
f 8114//1 8074//1 8000//1
f 7948//1 7793//1 7794//1
f 7893//1 7794//1 7833//1
f 7853//1 7691//1 7712//1
f 7853//1 7712//1 7790//1
f 7793//1 7709//1 7653//1
f 7793//1 7653//1 7794//1
f 7952//1 7800//1 7799//1
f 7899//1 7875//1 7804//1
f 7978//1 8017//1 7905//1
f 7859//1 9236//1 7858//1
f 7871//1 7703//1 7704//1
f 7871//1 7704//1 7872//1
f 7862//1 7697//1 7698//1
f 7862//1 7698//1 7863//1
f 9225//1 7798//1 7858//1
f 7926//1 7845//1 7895//1
f 7934//1 7856//1 7857//1
f 8022//1 7916//1 8011//1
f 7865//1 7700//1 7699//1
f 7865//1 7866//1 7700//1
f 9232//1 7785//1 7854//1
f 7878//1 7912//1 7824//1
f 7800//1 7729//1 7656//1
f 7800//1 7830//1 7729//1
f 7860//1 7696//1 7709//1
f 7860//1 7709//1 7793//1
f 7851//1 7690//1 7710//1
f 7851//1 7710//1 7788//1
f 7993//1 7887//1 7958//1
f 7803//1 7770//1 8040//1
f 7779//1 7646//1 7724//1
f 7779//1 7780//1 7646//1
f 9228//1 8073//1 7950//1
f 7880//1 7801//1 7897//1
f 7768//1 7640//1 7738//1
f 7768//1 7767//1 7640//1
f 7757//1 7635//1 7741//1
f 7757//1 7758//1 7635//1
f 7839//1 7734//1 7682//1
f 7839//1 7682//1 7837//1
f 7799//1 7656//1 7706//1
f 7799//1 7800//1 7656//1
f 8014//1 7899//1 7900//1
f 7941//1 7868//1 7942//1
f 7905//1 7813//1 7815//1
f 7928//1 7846//1 7927//1
f 8134//1 8088//1 8018//1
f 8262//1 8206//1 8270//1
f 7913//1 7826//1 7914//1
f 9242//1 8107//1 8108//1
f 7919//1 7834//1 7835//1
f 9329//1 8083//1 8042//1
f 9237//1 8097//1 7981//1
f 7900//1 7899//1 7805//1
f 7939//1 7865//1 7864//1
f 7939//1 7864//1 7883//1
f 7877//1 7761//1 7810//1
f 8094//1 7988//1 8030//1
f 7922//1 7890//1 7839//1
f 7887//1 7944//1 7872//1
f 7900//1 7805//1 7806//1
f 7952//1 7896//1 7800//1
f 8062//1 7999//1 8025//1
f 7840//1 7758//1 8046//1
f 8026//1 8003//1 7924//1
f 7949//1 9227//1 7791//1
f 7806//1 7771//1 8039//1
f 7954//1 7771//1 7772//1
f 7937//1 7862//1 7938//1
f 7886//1 7938//1 7863//1
f 7953//1 7770//1 7769//1
f 7953//1 7769//1 7881//1
f 7916//1 7830//1 7896//1
f 7856//1 9235//1 7855//1
f 7874//1 7816//1 7756//1
f 7907//1 7816//1 7874//1
f 7946//1 7790//1 7789//1
f 9285//1 8143//1 8002//1
f 7812//1 7776//1 8038//1
f 8038//1 7904//1 7812//1
f 9234//1 8049//1 7929//1
f 7894//1 7827//1 7795//1
f 7906//1 7813//1 7905//1
f 7997//1 7919//1 7889//1
f 9275//1 8149//1 7974//1
f 7937//1 7885//1 7861//1
f 8208//1 8131//1 8087//1
f 7852//1 9233//1 7854//1
f 9330//1 8044//1 8080//1
f 8020//1 7912//1 7977//1
f 7901//1 7809//1 7807//1
f 9323//1 8209//1 7991//1
f 9321//1 8211//1 7995//1
f 8095//1 7984//1 8031//1
f 7925//1 7843//1 7844//1
f 7843//1 8044//1 7763//1
f 8043//1 7917//1 7831//1
f 7910//1 7820//1 7821//1
f 7946//1 9231//1 7790//1
f 9231//1 8075//1 7931//1
f 8100//1 7984//1 8095//1
f 9272//1 8152//1 7969//1
f 7949//1 7791//1 7792//1
f 7949//1 7792//1 7892//1
f 7963//1 7760//1 7759//1
f 7963//1 7759//1 7876//1
f 7922//1 7839//1 7837//1
f 7922//1 7837//1 7921//1
f 7898//1 7802//1 7803//1
f 7953//1 8040//1 7770//1
f 9332//1 8200//1 8079//1
f 7972//1 7899//1 8014//1
f 7947//1 9229//1 7788//1
f 9229//1 8074//1 7930//1
f 7836//1 8045//1 7766//1
f 8024//1 7920//1 7919//1
f 9225//1 8070//1 7951//1
f 8138//1 8067//1 8009//1
f 7967//1 7762//1 7761//1
f 7967//1 7761//1 7877//1
f 9326//1 7983//1 8206//1
f 8098//1 7982//1 8093//1
f 8017//1 7906//1 7905//1
f 9237//1 7982//1 8098//1
f 7909//1 7819//1 7820//1
f 7909//1 7820//1 7910//1
f 7927//1 7846//1 7848//1
f 7967//1 8042//1 7762//1
f 7897//1 7801//1 7802//1
f 7897//1 7802//1 7898//1
f 9228//1 7796//1 7850//1
f 9229//1 7947//1 8074//1
f 7958//1 7781//1 7782//1
f 7958//1 7782//1 8033//1
f 8005//1 7893//1 7918//1
f 8169//1 8061//1 8144//1
f 7886//1 7863//1 7780//1
f 7886//1 7780//1 7957//1
f 7887//1 7781//1 7958//1
f 7943//1 7881//1 7870//1
f 7903//1 7810//1 7811//1
f 7903//1 7811//1 7904//1
f 7924//1 7842//1 7841//1
f 7924//1 7892//1 7842//1
f 8152//1 8053//1 7969//1
f 9327//1 8085//1 8040//1
f 7914//1 7826//1 7827//1
f 7914//1 7827//1 7894//1
f 7818//1 8037//1 7773//1
f 7977//1 7912//1 7878//1
f 8218//1 7935//1 8052//1
f 7933//1 7855//1 9235//1
f 7885//1 7777//1 7861//1
f 7885//1 7959//1 7777//1
f 7965//1 7758//1 7757//1
f 7965//1 7757//1 7875//1
f 7951//1 7797//1 7798//1
f 7951//1 7895//1 7797//1
f 8214//1 8050//1 7931//1
f 8055//1 7972//1 8014//1
f 7950//1 7795//1 7796//1
f 7950//1 7894//1 7795//1
f 9232//1 8076//1 7945//1
f 8213//1 8113//1 8076//1
f 7916//1 7829//1 7830//1
f 7916//1 7915//1 7829//1
f 8132//1 8019//1 8089//1
f 7978//1 7905//1 7879//1
f 7907//1 7817//1 7816//1
f 7907//1 7908//1 7817//1
f 8132//1 8056//1 8019//1
f 7990//1 7885//1 7937//1
f 7884//1 7775//1 7866//1
f 7884//1 7955//1 7775//1
f 7926//1 7844//1 7845//1
f 7926//1 7925//1 7844//1
f 7956//1 7773//1 8037//1
f 8037//1 7818//1 7908//1
f 7879//1 7815//1 7765//1
f 7879//1 7905//1 7815//1
f 7838//1 7767//1 8041//1
f 8041//1 7921//1 7838//1
f 7912//1 7823//1 7824//1
f 7912//1 7911//1 7823//1
f 7882//1 7772//1 7867//1
f 7882//1 7954//1 7772//1
f 9226//1 7799//1 7855//1
f 9226//1 8069//1 7952//1
f 7964//1 7765//1 7766//1
f 7964//1 7879//1 7765//1
f 7878//1 7824//1 7764//1
f 7878//1 7764//1 7966//1
f 7891//1 7789//1 7847//1
f 7891//1 7946//1 7789//1
f 7948//1 9230//1 7793//1
f 9230//1 8072//1 7936//1
f 7940//1 7866//1 7865//1
f 7940//1 7865//1 7939//1
f 7962//1 7755//1 8047//1
f 8047//1 7828//1 7915//1
f 7943//1 7870//1 7871//1
f 7943//1 7871//1 7944//1
f 8046//1 7923//1 7840//1
f 9238//1 8099//1 7983//1
f 7961//1 7754//1 7753//1
f 7961//1 7753//1 8048//1
f 7880//1 7768//1 7801//1
f 7880//1 7968//1 7768//1
f 8128//1 8024//1 8061//1
f 8032//1 7982//1 7943//1
f 7920//1 7836//1 7834//1
f 7920//1 7834//1 7919//1
f 8034//1 7822//1 7911//1
f 9321//1 8034//1 8091//1
f 7945//1 7786//1 7785//1
f 7945//1 7889//1 7786//1
f 7942//1 7868//1 7869//1
f 7942//1 7869//1 7888//1
f 7873//1 7808//1 7754//1
f 7873//1 7754//1 7961//1
f 8175//1 8064//1 8124//1
f 8203//1 8146//1 9278//1
f 7963//1 8043//1 7760//1
f 8220//1 8052//1 7936//1
f 7923//1 7841//1 7840//1
f 7923//1 7924//1 7841//1
f 7917//1 7832//1 7831//1
f 7917//1 7918//1 7832//1
f 8359//1 8243//1 8314//1
f 7969//1 7902//1 7873//1
f 7902//1 7807//1 7808//1
f 7902//1 7901//1 7807//1
f 7960//1 7784//1 7783//1
f 7960//1 7888//1 7784//1
f 7822//1 8034//1 7783//1
f 8181//1 8067//1 8138//1
f 9289//1 8139//1 8007//1
f 8048//1 7825//1 7913//1
f 8060//1 7980//1 8013//1
f 8068//1 8022//1 8011//1
f 8217//1 7933//1 8051//1
f 8003//1 7892//1 7924//1
f 8127//1 8062//1 8025//1
f 8025//1 7922//1 7921//1
f 8074//1 7947//1 8000//1
f 8000//1 7947//1 7890//1
f 8116//1 8071//1 8004//1
f 8127//1 8025//1 8084//1
f 7982//1 7881//1 7943//1
f 8009//1 7926//1 7895//1
f 8008//1 7894//1 7950//1
f 8073//1 8008//1 7950//1
f 8088//1 8037//1 7908//1
f 8018//1 7908//1 7907//1
f 8176//1 8064//1 8175//1
f 9235//1 7856//1 7934//1
f 9273//1 8151//1 7970//1
f 7986//1 8030//1 7939//1
f 8173//1 8063//1 8126//1
f 8063//1 8001//1 8028//1
f 8113//1 7998//1 8076//1
f 7975//1 7877//1 7903//1
f 8042//1 7927//1 7848//1
f 8128//1 8081//1 8024//1
f 8197//1 8152//1 9272//1
f 9322//1 8210//1 8089//1
f 9328//1 8084//1 8041//1
f 7968//1 8041//1 7767//1
f 8135//1 8092//1 8017//1
f 7997//1 8024//1 7919//1
f 7954//1 8039//1 7771//1
f 8039//1 7900//1 7806//1
f 9335//1 8048//1 8077//1
f 7984//1 7882//1 7941//1
f 7995//1 7888//1 7960//1
f 7988//1 7884//1 7940//1
f 8030//1 7940//1 7939//1
f 9243//1 8111//1 8112//1
f 8205//1 8129//1 8085//1
f 7972//1 7875//1 7899//1
f 8026//1 7924//1 7923//1
f 9325//1 8088//1 8207//1
f 8214//1 8075//1 8115//1
f 9320//1 8033//1 8092//1
f 8033//1 7814//1 7906//1
f 8016//1 7903//1 7904//1
f 8016//1 7975//1 7903//1
f 8009//1 8027//1 7926//1
f 8133//1 8091//1 8020//1
f 7876//1 9275//1 7963//1
f 9331//1 8082//1 8043//1
f 7959//1 8036//1 7778//1
f 8036//1 7910//1 7821//1
f 8177//1 8065//1 8125//1
f 9326//1 8206//1 8086//1
f 8117//1 8006//1 8141//1
f 7992//1 7938//1 7886//1
f 8140//1 8116//1 8004//1
f 8065//1 8005//1 8023//1
f 7980//1 7880//1 7897//1
f 9279//1 8145//1 7979//1
f 8150//1 8059//1 7978//1
f 8059//1 8017//1 7978//1
f 9334//1 8047//1 8078//1
f 8131//1 8057//1 8016//1
f 8120//1 8012//1 8069//1
f 7999//1 7890//1 7922//1
f 7999//1 7922//1 8025//1
f 9241//1 8109//1 8110//1
f 8093//1 8032//1 7994//1
f 8022//1 7915//1 7916//1
f 7828//1 8047//1 7755//1
f 7877//1 9277//1 7967//1
f 9277//1 8148//1 7976//1
f 8218//1 8119//1 8070//1
f 8067//1 8027//1 8009//1
f 8007//1 7914//1 7894//1
f 8007//1 8021//1 7914//1
f 8031//1 7941//1 7942//1
f 8031//1 7984//1 7941//1
f 9320//1 8212//1 7993//1
f 8212//1 8092//1 8135//1
f 8290//1 8185//1 8098//1
f 9328//1 8204//1 8084//1
f 8209//1 8090//1 8136//1
f 9290//1 8010//1 8138//1
f 8057//1 7975//1 8016//1
f 8219//1 7934//1 8071//1
f 9329//1 8202//1 8083//1
f 8202//1 8126//1 8083//1
f 7985//1 7883//1 7956//1
f 9325//1 8037//1 8088//1
f 7875//1 9276//1 7965//1
f 9332//1 8079//1 8046//1
f 8013//1 7897//1 7898//1
f 8013//1 7980//1 7897//1
f 9239//1 7884//1 7988//1
f 7988//1 7940//1 8030//1
f 8310//1 8242//1 8164//1
f 8219//1 8071//1 8116//1
f 8019//1 7909//1 7910//1
f 8019//1 7973//1 7909//1
f 8001//1 7891//1 7928//1
f 8001//1 7928//1 8028//1
f 8095//1 8031//1 7996//1
f 8176//1 8140//1 8064//1
f 8217//1 8120//1 8069//1
f 8090//1 7901//1 8015//1
f 8090//1 8035//1 7901//1
f 8053//1 8015//1 7969//1
f 9324//1 8208//1 8087//1
f 8094//1 8030//1 7986//1
f 7989//1 7959//1 7885//1
f 9322//1 8089//1 8036//1
f 9333//1 8045//1 8081//1
f 8234//1 8150//1 8199//1
f 8165//1 8059//1 8150//1
f 9248//1 8197//1 8254//1
f 8054//1 8018//1 7970//1
f 8198//1 8151//1 9273//1
f 7996//1 7942//1 7888//1
f 7996//1 8031//1 7942//1
f 9274//1 8150//1 7978//1
f 8012//1 7896//1 7952//1
f 9291//1 8137//1 8011//1
f 7809//1 8035//1 7779//1
f 8035//1 7809//1 7901//1
f 8096//1 7990//1 8029//1
f 8029//1 7990//1 7937//1
f 8006//1 7948//1 7893//1
f 9286//1 8141//1 8006//1
f 8015//1 7901//1 7902//1
f 8015//1 7902//1 7969//1
f 8058//1 8020//1 7977//1
f 8262//1 8130//1 8206//1
f 8160//1 8056//1 8132//1
f 8293//1 8196//1 8108//1
f 9327//1 8205//1 8085//1
f 8093//1 7982//1 8032//1
f 8004//1 7949//1 7892//1
f 9288//1 8140//1 8004//1
f 8010//1 7895//1 7951//1
f 9290//1 8138//1 8009//1
f 7998//1 7889//1 7945//1
f 9284//1 8144//1 7997//1
f 9278//1 8146//1 7977//1
f 9331//1 8201//1 8082//1
f 8257//1 8177//1 8125//1
f 7994//1 7944//1 7887//1
f 7994//1 8032//1 7944//1
f 8141//1 8005//1 8065//1
f 8121//1 8078//1 8022//1
f 8029//1 7937//1 7938//1
f 8029//1 7938//1 7992//1
f 7991//1 7886//1 7957//1
f 9323//1 8035//1 8090//1
f 7987//1 7955//1 7884//1
f 9324//1 8087//1 8038//1
f 9238//1 7984//1 8100//1
f 8066//1 8021//1 8007//1
f 8136//1 8090//1 8015//1
f 8293//1 8108//1 8190//1
f 8106//1 7990//1 8096//1
f 8096//1 8029//1 7992//1
f 8147//1 7972//1 8055//1
f 8139//1 8066//1 8007//1
f 8061//1 8024//1 7997//1
f 8088//1 7908//1 8018//1
f 8137//1 8068//1 8011//1
f 8201//1 8125//1 8082//1
f 8134//1 8018//1 8054//1
f 9277//1 7975//1 8148//1
f 8087//1 8016//1 7904//1
f 8087//1 7904//1 8038//1
f 8215//1 7930//1 8074//1
f 9228//1 7929//1 8073//1
f 9289//1 8008//1 8139//1
f 8130//1 8055//1 8014//1
f 9236//1 7859//1 7936//1
f 8220//1 8072//1 8117//1
f 8083//1 8028//1 7927//1
f 8083//1 7927//1 8042//1
f 8121//1 8022//1 8068//1
f 8131//1 8016//1 8087//1
f 8091//1 8034//1 7911//1
f 8091//1 7911//1 8020//1
f 8146//1 8058//1 7977//1
f 8119//1 8138//1 8010//1
f 8078//1 7915//1 8022//1
f 8078//1 8047//1 7915//1
f 9323//1 8090//1 8209//1
f 8136//1 8015//1 8053//1
f 9226//1 7933//1 8069//1
f 8069//1 8012//1 7952//1
f 8145//1 7980//1 8060//1
f 9319//1 8277//1 8120//1
f 8081//1 7920//1 8024//1
f 8081//1 8045//1 7920//1
f 8092//1 7906//1 8017//1
f 8092//1 8033//1 7906//1
f 8089//1 7910//1 8036//1
f 8089//1 8019//1 7910//1
f 9233//1 7931//1 8050//1
f 8213//1 7932//1 8050//1
f 8206//1 8130//1 8086//1
f 8115//1 8002//1 8143//1
f 9225//1 7935//1 8070//1
f 8070//1 8010//1 7951//1
f 8124//1 8064//1 8026//1
f 8124//1 8026//1 8079//1
f 9232//1 7932//1 8076//1
f 8076//1 7998//1 7945//1
f 9285//1 8001//1 8143//1
f 8214//1 7931//1 8075//1
f 8273//1 8107//1 8209//1
f 8197//1 8077//1 8122//1
f 9286//1 8005//1 8141//1
f 8148//1 7975//1 8057//1
f 8263//1 8131//1 8208//1
f 8102//1 7986//1 9240//1
f 8104//1 7988//1 8094//1
f 9324//1 7987//1 8208//1
f 8343//1 8287//1 8222//1
f 8114//1 8000//1 8142//1
f 8086//1 7900//1 8039//1
f 8086//1 8014//1 7900//1
f 8255//1 8203//1 8123//1
f 9278//1 7878//1 7966//1
f 9234//1 7930//1 8049//1
f 8216//1 8073//1 7929//1
f 9230//1 7948//1 8072//1
f 8072//1 7948//1 8006//1
f 8077//1 7913//1 8021//1
f 8077//1 8048//1 7913//1
f 8151//1 8054//1 7970//1
f 8357//1 8312//1 8241//1
f 8085//1 8013//1 7898//1
f 8085//1 7898//1 8040//1
f 8084//1 8025//1 7921//1
f 8084//1 7921//1 8041//1
f 8080//1 8044//1 7925//1
f 8080//1 7925//1 8027//1
f 9231//1 7946//1 8075//1
f 8075//1 7946//1 8002//1
f 9243//1 7995//1 8111//1
f 8133//1 8020//1 8058//1
f 8195//1 8095//1 8112//1
f 9320//1 8092//1 8212//1
f 8079//1 7923//1 8046//1
f 8079//1 8026//1 7923//1
f 9227//1 7949//1 8071//1
f 8071//1 7949//1 8004//1
f 8082//1 8023//1 7917//1
f 8082//1 7917//1 8043//1
f 8207//1 8088//1 8134//1
f 8623//1 8563//1 8564//1
f 9287//1 7999//1 8142//1
f 8215//1 8074//1 8114//1
f 8117//1 8072//1 8006//1
f 8209//1 8107//1 7991//1
f 8216//1 8118//1 8073//1
f 8154//1 8136//1 8053//1
f 9291//1 8012//1 8137//1
f 8137//1 8012//1 8120//1
f 8143//1 8001//1 8063//1
f 8502//1 8426//1 8354//1
f 8198//1 8078//1 8121//1
f 9273//1 7874//1 7962//1
f 8189//1 8105//1 8106//1
f 9322//1 7989//1 8210//1
f 8123//1 8027//1 8067//1
f 8123//1 8080//1 8027//1
f 9241//1 7993//1 8109//1
f 8110//1 7994//1 9241//1
f 8112//1 8095//1 7996//1
f 8270//1 8099//1 8186//1
f 9279//1 7980//1 8145//1
f 8204//1 8127//1 8084//1
f 9240//1 7985//1 8101//1
f 8194//1 8094//1 8102//1
f 9239//1 7987//1 7884//1
f 8103//1 9239//1 8104//1
f 9244//1 7990//1 8106//1
f 8210//1 8132//1 8089//1
f 8144//1 7998//1 8113//1
f 8144//1 8061//1 7997//1
f 8161//1 8148//1 8057//1
f 8100//1 8099//1 9238//1
f 8110//1 8093//1 7994//1
f 8316//1 8153//1 8236//1
f 8135//1 8017//1 8059//1
f 9284//1 7998//1 8144//1
f 8155//1 8054//1 8151//1
f 8156//1 8134//1 8054//1
f 8362//1 8245//1 8340//1
f 8259//1 8171//1 8127//1
f 8129//1 8060//1 8013//1
f 8129//1 8013//1 8085//1
f 8264//1 8132//1 8210//1
f 8195//1 8100//1 8095//1
f 8166//1 8059//1 8165//1
f 8174//1 8143//1 8063//1
f 8220//1 7936//1 8072//1
f 8119//1 8010//1 8070//1
f 8421//1 8233//1 8311//1
f 8159//1 8149//1 8056//1
f 9243//1 8112//1 7996//1
f 8270//1 8206//1 8099//1
f 8106//1 8105//1 9244//1
f 8108//1 8096//1 7992//1
f 8122//1 8021//1 8066//1
f 8122//1 8077//1 8021//1
f 8172//1 8142//1 8062//1
f 8210//1 7989//1 8105//1
f 9276//1 7972//1 8147//1
f 8200//1 8124//1 8079//1
f 8206//1 7983//1 8099//1
f 8186//1 8099//1 8100//1
f 8118//1 8008//1 8073//1
f 8118//1 8139//1 8008//1
f 8275//1 8192//1 8111//1
f 8211//1 8091//1 8133//1
f 9275//1 7973//1 8149//1
f 8149//1 7973//1 8056//1
f 9288//1 8003//1 8140//1
f 8140//1 8003//1 8064//1
f 8162//1 8057//1 8131//1
f 8330//1 8265//1 8156//1
f 8342//1 8228//1 8286//1
f 8284//1 8169//1 8144//1
f 8199//1 8081//1 8128//1
f 9274//1 7879//1 7964//1
f 9242//1 7991//1 8107//1
f 9242//1 8108//1 7992//1
f 8203//1 8080//1 8123//1
f 9312//1 8117//1 8281//1
f 8279//1 8179//1 8139//1
f 8282//1 8142//1 8172//1
f 8126//1 8028//1 8083//1
f 8126//1 8063//1 8028//1
f 8278//1 8181//1 8138//1
f 8240//1 8159//1 8160//1
f 8484//1 8533//1 8388//1
f 8593//1 8513//1 8526//1
f 8125//1 8065//1 8023//1
f 8125//1 8023//1 8082//1
f 8167//1 8168//1 8060//1
f 8205//1 7981//1 8097//1
f 8354//1 8238//1 8315//1
f 9260//1 8419//1 8317//1
f 8336//1 8176//1 8248//1
f 8167//1 8060//1 8129//1
f 8194//1 8104//1 8094//1
f 8212//1 8109//1 7993//1
f 8277//1 8183//1 8137//1
f 8183//1 8068//1 8137//1
f 9315//1 8115//1 8283//1
f 8344//1 8221//1 8288//1
f 8166//1 8135//1 8059//1
f 8221//1 8113//1 8213//1
f 8331//1 8166//1 8243//1
f 8229//1 8204//1 8145//1
f 8443//1 8395//1 8471//1
f 8178//1 8065//1 8177//1
f 8168//1 8145//1 8060//1
f 8216//1 7929//1 8049//1
f 8346//1 8295//1 8192//1
f 8260//1 8199//1 8128//1
f 9314//1 8114//1 8282//1
f 8190//1 8108//1 8107//1
f 8400//1 8341//1 8225//1
f 8259//1 8127//1 8204//1
f 9333//1 8081//1 8199//1
f 8199//1 9274//1 9333//1
f 9249//1 8234//1 8199//1
f 8260//1 8128//1 8170//1
f 8451//1 8477//1 8406//1
f 8258//1 8126//1 8202//1
f 8217//1 8069//1 7933//1
f 8286//1 8051//1 8219//1
f 9334//1 8078//1 8198//1
f 8198//1 9273//1 9334//1
f 8350//1 8292//1 8187//1
f 8156//1 8054//1 8155//1
f 9314//1 8398//1 8222//1
f 8331//1 8267//1 8166//1
f 8184//1 8121//1 8068//1
f 8184//1 8068//1 8183//1
f 8164//1 8058//1 8146//1
f 8403//1 8351//1 8291//1
f 8180//1 8122//1 8066//1
f 8266//1 8211//1 8133//1
f 8170//1 8128//1 8061//1
f 8170//1 8061//1 8169//1
f 9330//1 8080//1 8203//1
f 8203//1 9278//1 9330//1
f 8192//1 8112//1 8111//1
f 8337//1 8178//1 8249//1
f 8229//1 8145//1 8168//1
f 9255//1 8204//1 8229//1
f 8267//1 8212//1 8135//1
f 8241//1 8161//1 8162//1
f 8215//1 8049//1 7930//1
f 8338//1 8282//1 8172//1
f 9328//1 7979//1 8204//1
f 8204//1 7979//1 8145//1
f 8159//1 8056//1 8160//1
f 8257//1 8125//1 8201//1
f 8191//1 8110//1 8109//1
f 8185//1 8097//1 8098//1
f 8208//1 7987//1 8103//1
f 8339//1 8174//1 8247//1
f 8248//1 8176//1 8175//1
f 8261//1 8129//1 8205//1
f 8171//1 8062//1 8127//1
f 8171//1 8172//1 8062//1
f 8179//1 8066//1 8139//1
f 8273//1 8190//1 8107//1
f 8268//1 8273//1 8209//1
f 8268//1 8209//1 8136//1
f 8178//1 8141//1 8065//1
f 8313//1 8157//1 8239//1
f 8352//1 8185//1 8290//1
f 8188//1 8103//1 8104//1
f 8285//1 8052//1 8220//1
f 8218//1 8070//1 7935//1
f 8157//1 8147//1 8055//1
f 8358//1 8242//1 8310//1
f 9329//1 7976//1 8202//1
f 8202//1 7976//1 8148//1
f 8213//1 8076//1 7932//1
f 8223//1 8214//1 8115//1
f 8247//1 8174//1 8173//1
f 8161//1 8057//1 8162//1
f 8187//1 8102//1 8101//1
f 8207//1 8101//1 7985//1
f 9262//1 8318//1 8372//1
f 8180//1 8066//1 8179//1
f 8261//1 8167//1 8129//1
f 8261//1 8205//1 8269//1
f 8232//1 8148//1 8161//1
f 8365//1 8366//1 8247//1
f 9332//1 7971//1 8200//1
f 8200//1 7971//1 8147//1
f 8555//1 8556//1 8432//1
f 9254//1 8256//1 8200//1
f 8368//1 8336//1 8248//1
f 8349//1 8188//1 8294//1
f 8335//1 8179//1 8279//1
f 8275//1 8111//1 8211//1
f 9321//1 8091//1 8211//1
f 8211//1 8111//1 7995//1
f 8266//1 8275//1 8211//1
f 8242//1 8163//1 8164//1
f 8153//1 8053//1 8152//1
f 8153//1 8154//1 8053//1
f 8288//1 8213//1 8050//1
f 8283//1 8143//1 8174//1
f 8448//1 8384//1 8399//1
f 8312//1 8161//1 8241//1
f 8263//1 8162//1 8131//1
f 8263//1 8208//1 8272//1
f 8228//1 8217//1 8286//1
f 8349//1 8272//1 8188//1
f 8463//1 8420//1 8313//1
f 8290//1 8098//1 8193//1
f 8281//1 8141//1 8178//1
f 8400//1 9312//1 8381//1
f 8158//1 8055//1 8130//1
f 8158//1 8157//1 8055//1
f 8265//1 8134//1 8156//1
f 8265//1 8271//1 8207//1
f 9331//1 7974//1 8201//1
f 8201//1 7974//1 8149//1
f 8264//1 8160//1 8132//1
f 8264//1 8210//1 8276//1
f 8267//1 8135//1 8166//1
f 8274//1 8212//1 8267//1
f 9335//1 8077//1 8197//1
f 8197//1 9272//1 9335//1
f 8255//1 8123//1 8182//1
f 9251//1 8203//1 8255//1
f 8182//1 8123//1 8067//1
f 8182//1 8067//1 8181//1
f 9252//1 8257//1 8201//1
f 9264//1 8321//1 8421//1
f 8363//1 8246//1 8364//1
f 8286//1 8217//1 8051//1
f 8226//1 8118//1 8216//1
f 8222//1 8215//1 8114//1
f 8163//1 8133//1 8058//1
f 8163//1 8058//1 8164//1
f 8193//1 8093//1 8110//1
f 8193//1 8098//1 8093//1
f 9318//1 8278//1 8119//1
f 9318//1 8394//1 8378//1
f 8196//1 8106//1 8096//1
f 8196//1 8096//1 8108//1
f 8228//1 8120//1 8217//1
f 8224//1 8219//1 8116//1
f 8234//1 8165//1 8150//1
f 8456//1 8336//1 8368//1
f 8249//1 8178//1 8177//1
f 8296//1 8110//1 8191//1
f 8251//1 8182//1 8181//1
f 8479//1 8401//1 8449//1
f 8246//1 8172//1 8171//1
f 8323//1 8246//1 8171//1
f 8271//1 8187//1 8101//1
f 8271//1 8101//1 8207//1
f 8358//1 8413//1 8242//1
f 8232//1 8202//1 8148//1
f 8254//1 8122//1 8180//1
f 8254//1 8197//1 8122//1
f 8269//1 8097//1 8185//1
f 8269//1 8205//1 8097//1
f 8461//1 8309//1 8360//1
f 8417//1 8310//1 8230//1
f 8252//1 8184//1 8183//1
f 8245//1 8170//1 8169//1
f 9267//1 8467//1 8423//1
f 8318//1 8180//1 8250//1
f 8473//1 8352//1 8404//1
f 8323//1 8171//1 8259//1
f 8238//1 8156//1 8155//1
f 8265//1 8207//1 8134//1
f 9315//1 8396//1 8223//1
f 8221//1 8213//1 8288//1
f 8230//1 8146//1 8203//1
f 8230//1 8164//1 8146//1
f 9313//1 8399//1 8384//1
f 8344//1 8288//1 8223//1
f 9250//1 8198//1 8253//1
f 8727//1 8546//1 8677//1
f 8461//1 8418//1 8309//1
f 8338//1 8172//1 8246//1
f 8237//1 8154//1 8153//1
f 8268//1 8136//1 8154//1
f 8336//1 8280//1 8176//1
f 8224//1 8286//1 8219//1
f 8590//1 8491//1 8492//1
f 8337//1 8281//1 8178//1
f 8244//1 8168//1 8167//1
f 8340//1 8169//1 8284//1
f 8288//1 8050//1 8214//1
f 8288//1 8214//1 8223//1
f 8253//1 8198//1 8121//1
f 8253//1 8121//1 8184//1
f 8528//1 8382//1 8458//1
f 8287//1 8049//1 8215//1
f 8276//1 8105//1 8189//1
f 8276//1 8210//1 8105//1
f 9313//1 8284//1 8113//1
f 8675//1 8553//1 8554//1
f 8403//1 8291//1 8307//1
f 8351//1 8298//1 8270//1
f 8318//1 8254//1 8180//1
f 8335//1 8250//1 8179//1
f 8285//1 8218//1 8052//1
f 8227//1 8119//1 8218//1
f 8292//1 8194//1 8102//1
f 8292//1 8102//1 8187//1
f 8295//1 8195//1 8112//1
f 8295//1 8112//1 8192//1
f 8342//1 8286//1 8224//1
f 8333//1 8183//1 8277//1
f 8334//1 8251//1 8181//1
f 8356//1 8311//1 8240//1
f 8235//1 8151//1 8198//1
f 8235//1 8155//1 8151//1
f 8352//1 8269//1 8185//1
f 9338//1 8416//1 8297//1
f 8377//1 8333//1 8277//1
f 9319//1 8393//1 8377//1
f 8280//1 8140//1 8176//1
f 9316//1 8280//1 8380//1
f 8616//1 8460//1 8525//1
f 8243//1 8166//1 8165//1
f 8287//1 8215//1 8222//1
f 8343//1 8226//1 8287//1
f 8274//1 8109//1 8212//1
f 8274//1 8191//1 8109//1
f 8330//1 8156//1 8238//1
f 8389//1 8350//1 8301//1
f 8352//1 8297//1 8269//1
f 8314//1 8243//1 8165//1
f 8592//1 8496//1 8586//1
f 8250//1 8180//1 8179//1
f 8239//1 8157//1 8158//1
f 8262//1 8158//1 8130//1
f 8272//1 8103//1 8188//1
f 8272//1 8208//1 8103//1
f 8373//1 8319//1 8251//1
f 8309//1 8168//1 8244//1
f 8227//1 8218//1 8285//1
f 9312//1 8400//1 8225//1
f 9343//1 8540//1 8392//1
f 8568//1 8518//1 8438//1
f 8256//1 8175//1 8124//1
f 8256//1 8124//1 8200//1
f 8225//1 8220//1 8117//1
f 8225//1 8285//1 8220//1
f 8231//1 8200//1 8147//1
f 8231//1 8147//1 8157//1
f 8291//1 8100//1 8195//1
f 8291//1 8186//1 8100//1
f 8531//1 8378//1 8442//1
f 8422//1 8232//1 8312//1
f 9317//1 8279//1 8118//1
f 9317//1 8395//1 8379//1
f 8308//1 8196//1 8293//1
f 8381//1 8281//1 8337//1
f 9316//1 8116//1 8280//1
f 9316//1 8397//1 8224//1
f 8266//1 8133//1 8163//1
f 8480//1 8450//1 8407//1
f 8294//1 8104//1 8194//1
f 8294//1 8188//1 8104//1
f 8423//1 8314//1 8234//1
f 9267//1 8324//1 8361//1
f 8476//1 8350//1 8389//1
f 8334//1 8181//1 8278//1
f 8345//1 8276//1 8189//1
f 8738//1 8703//1 8651//1
f 8289//1 8189//1 8106//1
f 8289//1 8106//1 8196//1
f 8481//1 8473//1 8495//1
f 8309//1 8229//1 8168//1
f 8236//1 8153//1 8152//1
f 8236//1 8152//1 8197//1
f 8442//1 8378//1 8394//1
f 9312//1 8281//1 8381//1
f 8339//1 8283//1 8174//1
f 8396//1 9315//1 8383//1
f 9261//1 8319//1 8373//1
f 8347//1 8293//1 8190//1
f 9253//1 8202//1 8232//1
f 8258//1 8173//1 8126//1
f 8287//1 8216//1 8049//1
f 8287//1 8226//1 8216//1
f 8519//1 9265//1 8465//1
f 8312//1 8232//1 8161//1
f 8233//1 8201//1 8149//1
f 8233//1 8149//1 8159//1
f 9265//1 8322//1 8422//1
f 8451//1 8405//1 8476//1
f 8332//1 8304//1 8268//1
f 8489//1 8479//1 8449//1
f 8419//1 8315//1 8235//1
f 8474//1 8386//1 8351//1
f 8302//1 8346//1 8275//1
f 8313//1 8231//1 8157//1
f 8348//1 8191//1 8274//1
f 8303//1 8348//1 8274//1
f 8308//1 8289//1 8196//1
f 8300//1 8276//1 8345//1
f 8341//1 8285//1 8225//1
f 8341//1 8227//1 8285//1
f 8322//1 8247//1 8173//1
f 8322//1 8173//1 8258//1
f 8566//1 8520//1 8605//1
f 8316//1 8237//1 8153//1
f 8351//1 8186//1 8291//1
f 8530//1 8379//1 8443//1
f 8327//1 8263//1 8299//1
f 8299//1 8263//1 8272//1
f 8376//1 8252//1 8333//1
f 8349//1 8299//1 8272//1
f 8333//1 8252//1 8183//1
f 8351//1 8270//1 8186//1
f 8324//1 8170//1 8245//1
f 8324//1 8260//1 8170//1
f 9342//1 8301//1 8411//1
f 8508//1 8456//1 8368//1
f 8325//1 8261//1 8297//1
f 8297//1 8261//1 8269//1
f 8304//1 8273//1 8268//1
f 8371//1 8250//1 8335//1
f 8326//1 8262//1 8298//1
f 8298//1 8262//1 8270//1
f 8328//1 8160//1 8264//1
f 8328//1 8240//1 8160//1
f 8437//1 8370//1 8369//1
f 8348//1 8296//1 8191//1
f 8397//1 8342//1 8224//1
f 8513//1 8447//1 8526//1
f 8420//1 8231//1 8313//1
f 8345//1 8189//1 8289//1
f 8397//1 9316//1 8380//1
f 8380//1 8280//1 8336//1
f 8332//1 8154//1 8237//1
f 8332//1 8268//1 8154//1
f 8355//1 8313//1 8239//1
f 8516//1 8472//1 8444//1
f 8373//1 8251//1 8374//1
f 8365//1 8247//1 8322//1
f 8359//1 8410//1 8243//1
f 8478//1 8452//1 8408//1
f 8307//1 8195//1 8295//1
f 8307//1 8291//1 8195//1
f 8314//1 8165//1 8234//1
f 8340//1 8245//1 8169//1
f 8390//1 8346//1 8302//1
f 8427//1 8355//1 8414//1
f 8326//1 8239//1 8158//1
f 8326//1 8158//1 8262//1
f 8374//1 8251//1 8334//1
f 8644//1 8583//1 8584//1
f 8379//1 8335//1 8279//1
f 8443//1 8379//1 8395//1
f 8317//1 8184//1 8252//1
f 8317//1 8253//1 8184//1
f 8325//1 8244//1 8167//1
f 8325//1 8167//1 8261//1
f 8319//1 8255//1 8182//1
f 8319//1 8182//1 8251//1
f 8315//1 8238//1 8155//1
f 8315//1 8155//1 8235//1
f 8329//1 8163//1 8242//1
f 8329//1 8266//1 8163//1
f 8482//1 8474//1 8491//1
f 8606//1 8465//1 8500//1
f 8320//1 8248//1 8175//1
f 8320//1 8175//1 8256//1
f 8303//1 8274//1 8267//1
f 8303//1 8267//1 8331//1
f 8301//1 8271//1 8265//1
f 8301//1 8265//1 8330//1
f 8346//1 8192//1 8275//1
f 8524//1 8373//1 8439//1
f 8327//1 8241//1 8162//1
f 8327//1 8162//1 8263//1
f 8451//1 8406//1 8306//1
f 8366//1 8339//1 8247//1
f 8425//1 8409//1 8353//1
f 8424//1 8316//1 8236//1
f 8350//1 8187//1 8271//1
f 8350//1 8271//1 8301//1
f 8305//1 8193//1 8296//1
f 8305//1 8290//1 8193//1
f 8321//1 8177//1 8257//1
f 8321//1 8249//1 8177//1
f 8587//1 8589//1 8490//1
f 8418//1 8229//1 8309//1
f 8311//1 8159//1 8240//1
f 8311//1 8233//1 8159//1
f 8526//1 8447//1 8383//1
f 8383//1 8283//1 8339//1
f 8306//1 8194//1 8292//1
f 8306//1 8294//1 8194//1
f 8385//1 8297//1 8352//1
f 8473//1 8385//1 8352//1
f 8370//1 8337//1 8249//1
f 8310//1 8164//1 8230//1
f 8392//1 8347//1 8304//1
f 8360//1 8309//1 8244//1
f 8710//1 8596//1 8652//1
f 8386//1 8298//1 8351//1
f 8302//1 8275//1 8266//1
f 8302//1 8266//1 8329//1
f 8347//1 8190//1 8273//1
f 8347//1 8273//1 8304//1
f 8579//1 8533//1 8484//1
f 9260//1 8317//1 8375//1
f 8300//1 8264//1 8276//1
f 8300//1 8328//1 8264//1
f 8456//1 8380//1 8336//1
f 8481//1 8385//1 8473//1
f 9317//1 8226//1 8395//1
f 8395//1 8226//1 8343//1
f 9263//1 8320//1 8420//1
f 8520//1 9264//1 8464//1
f 8388//1 8300//1 8345//1
f 8488//1 8392//1 8540//1
f 9343//1 8304//1 8409//1
f 8409//1 8332//1 8237//1
f 9252//1 8201//1 8233//1
f 8257//1 9252//1 8321//1
f 8363//1 8338//1 8246//1
f 8379//1 8279//1 9317//1
f 9315//1 8283//1 8383//1
f 8396//1 8344//1 8223//1
f 8410//1 8331//1 8243//1
f 9336//1 8303//1 8410//1
f 8449//1 8308//1 8402//1
f 8566//1 8437//1 8520//1
f 8412//1 8241//1 8327//1
f 8387//1 8299//1 8349//1
f 8436//1 8368//1 8367//1
f 8530//1 8455//1 8379//1
f 9265//1 8365//1 8322//1
f 8465//1 8312//1 8357//1
f 8413//1 8329//1 8242//1
f 9337//1 8302//1 8413//1
f 9255//1 8259//1 8204//1
f 8259//1 9255//1 8323//1
f 8455//1 8335//1 8379//1
f 8464//1 8311//1 8356//1
f 8412//1 8357//1 8241//1
f 9259//1 8513//1 8593//1
f 9314//1 8282//1 8382//1
f 8398//1 8343//1 8222//1
f 8406//1 8349//1 8294//1
f 8406//1 8294//1 8306//1
f 9337//1 8536//1 8390//1
f 8474//1 8351//1 8403//1
f 9338//1 8534//1 8432//1
f 8432//1 8360//1 8416//1
f 9341//1 8535//1 8427//1
f 9341//1 8414//1 8298//1
f 8551//1 8430//1 8497//1
f 9340//1 8415//1 8300//1
f 8401//1 8289//1 8308//1
f 8401//1 8345//1 8289//1
f 9313//1 8221//1 8399//1
f 8399//1 8221//1 8344//1
f 9339//1 8412//1 8299//1
f 9339//1 8537//1 8429//1
f 9248//1 8236//1 8197//1
f 8424//1 9248//1 8318//1
f 9340//1 8533//1 8428//1
f 8428//1 8356//1 8415//1
f 8529//1 8444//1 8380//1
f 9260//1 8466//1 8419//1
f 8364//1 8246//1 8323//1
f 9266//1 8323//1 8418//1
f 9267//1 8423//1 8324//1
f 8650//1 8672//1 8616//1
f 8426//1 8411//1 8354//1
f 8371//1 8372//1 8250//1
f 8439//1 8373//1 8374//1
f 8522//1 9266//1 8461//1
f 8408//1 8296//1 8348//1
f 8408//1 8305//1 8296//1
f 8449//1 8402//1 8475//1
f 8449//1 8401//1 8308//1
f 9318//1 8227//1 8394//1
f 8394//1 8227//1 8341//1
f 8450//1 8474//1 8403//1
f 8584//1 8536//1 8552//1
f 8505//1 8440//1 8376//1
f 8393//1 8228//1 8342//1
f 9214//1 8653//1 8739//1
f 8446//1 8398//1 8382//1
f 8407//1 8307//1 8295//1
f 8407//1 8295//1 8346//1
f 8464//1 8421//1 8311//1
f 8663//1 8502//1 8602//1
f 8415//1 8240//1 8328//1
f 8415//1 8356//1 8240//1
f 9319//1 8228//1 8393//1
f 9319//1 8377//1 8277//1
f 8405//1 8292//1 8350//1
f 8405//1 8306//1 8292//1
f 9251//1 8230//1 8203//1
f 8417//1 9251//1 8319//1
f 8382//1 8282//1 8338//1
f 8382//1 8398//1 9314//1
f 8353//1 8237//1 8316//1
f 8353//1 8409//1 8237//1
f 9342//1 8538//1 8389//1
f 8502//1 8354//1 8466//1
f 8526//1 8383//1 8459//1
f 8459//1 8339//1 8366//1
f 8532//1 8453//1 8377//1
f 8444//1 8397//1 8380//1
f 9250//1 8235//1 8198//1
f 8419//1 9250//1 8317//1
f 8391//1 8348//1 8303//1
f 9336//1 8539//1 8391//1
f 8416//1 8244//1 8325//1
f 8416//1 8360//1 8244//1
f 9249//1 8199//1 8260//1
f 8423//1 9249//1 8324//1
f 8372//1 8318//1 8250//1
f 9262//1 8424//1 8318//1
f 8369//1 8249//1 8321//1
f 8369//1 8370//1 8249//1
f 9254//1 8200//1 8231//1
f 8256//1 9254//1 8320//1
f 8601//1 8504//1 8468//1
f 8512//1 8433//1 8362//1
f 8384//1 8340//1 8284//1
f 8384//1 8284//1 9313//1
f 8462//1 8358//1 8310//1
f 8491//1 8474//1 8450//1
f 8375//1 8317//1 8252//1
f 8375//1 8252//1 8376//1
f 8512//1 8362//1 8460//1
f 8513//1 8525//1 8448//1
f 8361//1 8324//1 8245//1
f 8361//1 8245//1 8362//1
f 8402//1 8308//1 8293//1
f 8402//1 8293//1 8347//1
f 8378//1 8334//1 8278//1
f 8378//1 8278//1 9318//1
f 8367//1 8248//1 8320//1
f 8367//1 8368//1 8248//1
f 9253//1 8258//1 8202//1
f 8258//1 9253//1 8322//1
f 8404//1 8352//1 8290//1
f 8404//1 8290//1 8305//1
f 8414//1 8239//1 8326//1
f 8414//1 8355//1 8239//1
f 8610//1 8506//1 8454//1
f 8598//1 8531//1 8515//1
f 8459//1 8383//1 8339//1
f 8451//1 8306//1 8405//1
f 8411//1 8330//1 8238//1
f 8411//1 8238//1 8354//1
f 8492//1 8450//1 8480//1
f 8434//1 8363//1 8364//1
f 9262//1 8468//1 8424//1
f 8465//1 8422//1 8312//1
f 8476//1 8405//1 8350//1
f 8538//1 8485//1 8389//1
f 8687//1 8676//1 8637//1
f 8499//1 8360//1 8432//1
f 8466//1 8354//1 8315//1
f 8466//1 8315//1 8419//1
f 8455//1 8371//1 8335//1
f 8497//1 8358//1 8462//1
f 8529//1 8516//1 8444//1
f 8622//1 8606//1 8661//1
f 8467//1 8314//1 8423//1
f 8467//1 8359//1 8314//1
f 8471//1 8395//1 8343//1
f 8471//1 8343//1 8398//1
f 8475//1 8347//1 8392//1
f 8475//1 8402//1 8347//1
f 8496//1 8452//1 8478//1
f 8452//1 8473//1 8404//1
f 8477//1 8387//1 8349//1
f 8477//1 8349//1 8406//1
f 8531//1 8454//1 8378//1
f 8509//1 8370//1 8437//1
f 8441//1 8377//1 8393//1
f 8472//1 8342//1 8397//1
f 8433//1 8361//1 8362//1
f 8517//1 8361//1 8433//1
f 8552//1 8536//1 8430//1
f 8482//1 8386//1 8474//1
f 8485//1 8476//1 8389//1
f 8582//1 8538//1 8543//1
f 8463//1 8313//1 8355//1
f 8521//1 9263//1 8463//1
f 8505//1 8376//1 8453//1
f 8617//1 8618//1 8558//1
f 8458//1 8338//1 8363//1
f 8458//1 8382//1 8338//1
f 8470//1 8394//1 8341//1
f 8445//1 8400//1 8381//1
f 8469//1 8344//1 8396//1
f 8650//1 8616//1 8594//1
f 8440//1 8375//1 8376//1
f 8523//1 8375//1 8440//1
f 8453//1 8376//1 8333//1
f 8453//1 8333//1 8377//1
f 8470//1 8442//1 8394//1
f 8515//1 8445//1 8527//1
f 8457//1 8381//1 8337//1
f 8457//1 8337//1 8370//1
f 8460//1 8362//1 8340//1
f 8460//1 8340//1 8384//1
f 9263//1 8367//1 8320//1
f 8521//1 8436//1 8367//1
f 8488//1 8475//1 8392//1
f 8493//1 8451//1 8476//1
f 8429//1 8357//1 8412//1
f 8573//1 8534//1 8481//1
f 9264//1 8369//1 8321//1
f 8520//1 8437//1 8369//1
f 8446//1 8471//1 8398//1
f 8530//1 8443//1 8514//1
f 8528//1 8446//1 8382//1
f 8508//1 8368//1 8436//1
f 8539//1 8487//1 8391//1
f 8431//1 8410//1 8359//1
f 8472//1 8397//1 8444//1
f 8516//1 8441//1 8472//1
f 8570//1 8524//1 8439//1
f 8462//1 8310//1 8417//1
f 8468//1 8316//1 8424//1
f 8468//1 8353//1 8316//1
f 8536//1 8486//1 8390//1
f 8430//1 8413//1 8358//1
f 8569//1 8439//1 8506//1
f 8497//1 8430//1 8358//1
f 8452//1 8305//1 8408//1
f 8452//1 8404//1 8305//1
f 8490//1 8449//1 8475//1
f 8484//1 8479//1 8489//1
f 8528//1 8514//1 8446//1
f 8715//1 8627//1 8567//1
f 8454//1 8374//1 8334//1
f 8454//1 8334//1 8378//1
f 8479//1 8388//1 8345//1
f 8479//1 8345//1 8401//1
f 8478//1 8408//1 8348//1
f 8478//1 8348//1 8391//1
f 8472//1 8393//1 8342//1
f 8472//1 8441//1 8393//1
f 8438//1 8372//1 8371//1
f 8518//1 8372//1 8438//1
f 8435//1 8366//1 8365//1
f 8519//1 8435//1 8365//1
f 8481//1 8534//1 8385//1
f 8529//1 8380//1 8456//1
f 8450//1 8403//1 8307//1
f 8450//1 8307//1 8407//1
f 8469//1 8399//1 8344//1
f 8469//1 8448//1 8399//1
f 9266//1 8364//1 8323//1
f 8522//1 8434//1 8364//1
f 8447//1 8396//1 8383//1
f 8447//1 8469//1 8396//1
f 8549//1 8500//1 8429//1
f 8494//1 8483//1 8477//1
f 8480//1 8346//1 8390//1
f 8480//1 8407//1 8346//1
f 8470//1 8341//1 8400//1
f 8470//1 8400//1 8445//1
f 8716//1 8707//1 8668//1
f 8490//1 8475//1 8488//1
f 8484//1 8388//1 8479//1
f 8713//1 8571//1 8665//1
f 9339//1 8387//1 8537//1
f 9339//1 8429//1 8412//1
f 8574//1 8495//1 8592//1
f 8589//1 8580//1 8489//1
f 9343//1 8409//1 8425//1
f 8540//1 9343//1 8425//1
f 9340//1 8388//1 8533//1
f 9340//1 8428//1 8415//1
f 8509//1 8457//1 8370//1
f 8655//1 8599//1 8612//1
f 8560//1 8522//1 8608//1
f 8499//1 8461//1 8360//1
f 8550//1 8549//1 8429//1
f 9207//1 8773//1 8853//1
f 8561//1 8511//1 8435//1
f 8494//1 8477//1 8451//1
f 8565//1 8509//1 8437//1
f 8544//1 8426//1 8502//1
f 8482//1 8535//1 8386//1
f 8491//1 8450//1 8492//1
f 8531//1 8442//1 8515//1
f 8613//1 8457//1 8509//1
f 9338//1 8385//1 8534//1
f 9338//1 8432//1 8416//1
f 8609//1 8532//1 8600//1
f 8662//1 8605//1 8498//1
f 8500//1 8465//1 8357//1
f 8500//1 8357//1 8429//1
f 8514//1 8443//1 8471//1
f 8514//1 8471//1 8446//1
f 8501//1 8359//1 8467//1
f 8501//1 8431//1 8359//1
f 8495//1 8473//1 8452//1
f 8495//1 8452//1 8496//1
f 8591//1 8577//1 8494//1
f 8493//1 8476//1 8485//1
f 8527//1 8445//1 8381//1
f 8527//1 8381//1 8457//1
f 8532//1 8441//1 8516//1
f 8532//1 8377//1 8441//1
f 8483//1 8387//1 8477//1
f 8483//1 8537//1 8387//1
f 8601//1 8468//1 8518//1
f 8556//1 8499//1 8432//1
f 8564//1 8436//1 8521//1
f 8658//1 8607//1 8503//1
f 8515//1 8442//1 8470//1
f 8515//1 8470//1 8445//1
f 8510//1 8363//1 8434//1
f 8510//1 8458//1 8363//1
f 9206//1 9211//1 8854//1
f 9256//1 8712//1 8600//1
f 8504//1 8425//1 8353//1
f 8504//1 8353//1 8468//1
f 8651//1 8611//1 8595//1
f 8648//1 8589//1 8587//1
f 8614//1 8458//1 8510//1
f 9215//1 9208//1 8738//1
f 8545//1 8546//1 8427//1
f 8713//1 8631//1 8571//1
f 8601//1 8518//1 8568//1
f 8657//1 8601//1 8628//1
f 8498//1 8356//1 8428//1
f 8498//1 8464//1 8356//1
f 8490//1 8489//1 8449//1
f 8547//1 8533//1 8579//1
f 8493//1 8494//1 8451//1
f 8633//1 8573//1 8574//1
f 8487//1 8478//1 8391//1
f 8487//1 8496//1 8478//1
f 8486//1 8480//1 8390//1
f 8486//1 8492//1 8480//1
f 9342//1 8411//1 8426//1
f 8538//1 9342//1 8426//1
f 8652//1 8596//1 8614//1
f 8659//1 8499//1 8556//1
f 8660//1 8603//1 8618//1
f 8617//1 8558//1 8557//1
f 9261//1 8417//1 8319//1
f 9261//1 8462//1 8417//1
f 8525//1 8384//1 8448//1
f 8525//1 8460//1 8384//1
f 9341//1 8386//1 8535//1
f 9341//1 8427//1 8414//1
f 8506//1 8439//1 8374//1
f 8506//1 8374//1 8454//1
f 8548//1 8428//1 8547//1
f 8548//1 8498//1 8428//1
f 8589//1 8489//1 8490//1
f 8591//1 8494//1 8493//1
f 8503//1 8355//1 8427//1
f 8503//1 8463//1 8355//1
f 8511//1 8459//1 8366//1
f 8511//1 8366//1 8435//1
f 8727//1 8658//1 8546//1
f 8706//1 8666//1 8654//1
f 8653//1 8597//1 8613//1
f 8610//1 8454//1 8531//1
f 9337//1 8413//1 8430//1
f 8536//1 9337//1 8430//1
f 8507//1 8371//1 8455//1
f 8507//1 8438//1 8371//1
f 8627//1 8568//1 8567//1
f 8560//1 8434//1 8522//1
f 8636//1 8590//1 8643//1
f 8632//1 8572//1 8631//1
f 8600//1 8532//1 8516//1
f 9206//1 8776//1 8712//1
f 9336//1 8410//1 8431//1
f 8539//1 9336//1 8431//1
f 8513//1 8448//1 8469//1
f 8513//1 8469//1 8447//1
f 8575//1 8535//1 8482//1
f 8616//1 8512//1 8460//1
f 8627//1 8628//1 8568//1
f 8547//1 8428//1 8533//1
f 8577//1 8483//1 8494//1
f 8622//1 8562//1 8606//1
f 8546//1 8503//1 8427//1
f 8576//1 8491//1 8590//1
f 8614//1 8528//1 8458//1
f 8646//1 8634//1 8592//1
f 8664//1 8551//1 8497//1
f 8566//1 8565//1 8437//1
f 8724//1 8551//1 8664//1
f 8649//1 8593//1 8615//1
f 8694//1 8642//1 8641//1
f 8607//1 8463//1 8503//1
f 8563//1 8508//1 8436//1
f 8563//1 8436//1 8564//1
f 8729//1 8619//1 8620//1
f 8670//1 8614//1 8510//1
f 8605//1 8520//1 8464//1
f 8605//1 8464//1 8498//1
f 8611//1 8455//1 8530//1
f 8611//1 8507//1 8455//1
f 8612//1 8456//1 8508//1
f 8612//1 8529//1 8456//1
f 8638//1 8577//1 8591//1
f 8701//1 8649//1 8671//1
f 8618//1 8603//1 8558//1
f 8642//1 8591//1 8581//1
f 8586//1 8496//1 8487//1
f 8619//1 8559//1 8560//1
f 8562//1 8435//1 8519//1
f 8562//1 8561//1 8435//1
f 8735//1 8630//1 8629//1
f 8588//1 8488//1 8540//1
f 8628//1 8601//1 8568//1
f 8592//1 8495//1 8496//1
f 8580//1 8484//1 8489//1
f 8580//1 8579//1 8484//1
f 8610//1 8531//1 8598//1
f 8639//1 8679//1 8579//1
f 8704//1 8652//1 8670//1
f 8813//1 8705//1 8761//1
f 8603//1 8501//1 8467//1
f 8603//1 8467//1 8517//1
f 8607//1 8521//1 8463//1
f 8607//1 8564//1 8521//1
f 8581//1 8591//1 8493//1
f 8582//1 8485//1 8538//1
f 8542//1 8425//1 8504//1
f 8541//1 8425//1 8542//1
f 8753//1 8694//1 8693//1
f 8570//1 8439//1 8569//1
f 9207//1 9210//1 8737//1
f 8639//1 8579//1 8580//1
f 8732//1 8623//1 8624//1
f 8677//1 8546//1 8545//1
f 8604//1 8497//1 8462//1
f 8604//1 8462//1 8524//1
f 8670//1 8510//1 8559//1
f 8657//1 8542//1 8504//1
f 8558//1 8517//1 8433//1
f 8558//1 8603//1 8517//1
f 8608//1 8461//1 8499//1
f 8608//1 8522//1 8461//1
f 8609//1 8505//1 8453//1
f 8609//1 8453//1 8532//1
f 8649//1 8615//1 8671//1
f 8615//1 8459//1 8511//1
f 8578//1 8537//1 8483//1
f 8578//1 8483//1 8577//1
f 8585//1 8487//1 8539//1
f 8585//1 8586//1 8487//1
f 8786//1 8726//1 8679//1
f 8570//1 8604//1 8524//1
f 8576//1 8482//1 8491//1
f 8576//1 8575//1 8482//1
f 8643//1 8590//1 8583//1
f 8657//1 8504//1 8601//1
f 8567//1 8438//1 8507//1
f 8567//1 8568//1 8438//1
f 8606//1 8519//1 8465//1
f 8606//1 8562//1 8519//1
f 8602//1 8502//1 8466//1
f 8602//1 8466//1 8523//1
f 8595//1 8530//1 8514//1
f 8595//1 8611//1 8530//1
f 8574//1 8481//1 8495//1
f 8574//1 8573//1 8481//1
f 8639//1 8580//1 8640//1
f 8705//1 8653//1 8669//1
f 8572//1 8523//1 8440//1
f 8572//1 8602//1 8523//1
f 8813//1 8739//1 8705//1
f 8631//1 8572//1 8571//1
f 8599//1 8516//1 8529//1
f 8599//1 8529//1 8612//1
f 8583//1 8492//1 8486//1
f 8583//1 8590//1 8492//1
f 8672//1 8557//1 8512//1
f 8698//1 8683//1 8646//1
f 8587//1 8490//1 8488//1
f 8587//1 8488//1 8588//1
f 8615//1 8526//1 8459//1
f 8615//1 8593//1 8526//1
f 8554//1 8431//1 8501//1
f 8553//1 8431//1 8554//1
f 8597//1 8515//1 8527//1
f 9257//1 8711//1 8598//1
f 8571//1 8440//1 8505//1
f 8571//1 8572//1 8440//1
f 8543//1 8538//1 8426//1
f 8543//1 8426//1 8544//1
f 8596//1 8514//1 8528//1
f 8596//1 8528//1 8614//1
f 8559//1 8510//1 8434//1
f 8560//1 8559//1 8434//1
f 8714//1 8666//1 8706//1
f 8654//1 8610//1 8598//1
f 8584//1 8486//1 8536//1
f 8584//1 8583//1 8486//1
f 8551//1 8552//1 8430//1
f 8674//1 8543//1 8544//1
f 8672//1 8512//1 8616//1
f 8697//1 8645//1 8675//1
f 8545//1 8427//1 8535//1
f 8545//1 8535//1 8575//1
f 8662//1 8498//1 8548//1
f 8644//1 8643//1 8583//1
f 8811//1 8763//1 8781//1
f 8694//1 8641//1 8693//1
f 8644//1 8584//1 8678//1
f 8707//1 8655//1 8668//1
f 8581//1 8493//1 8485//1
f 8581//1 8485//1 8582//1
f 8557//1 8433//1 8512//1
f 8557//1 8558//1 8433//1
f 8541//1 8540//1 8425//1
f 8541//1 8588//1 8540//1
f 8550//1 8429//1 8537//1
f 8550//1 8537//1 8578//1
f 8594//1 8525//1 8513//1
f 8594//1 8616//1 8525//1
f 8853//1 8773//1 8817//1
f 9215//1 8738//1 8651//1
f 8630//1 8570//1 8629//1
f 8630//1 8604//1 8570//1
f 8613//1 8527//1 8457//1
f 8613//1 8597//1 8527//1
f 8555//1 8432//1 8534//1
f 8555//1 8534//1 8573//1
f 8635//1 8575//1 8576//1
f 8674//1 8582//1 8543//1
f 8553//1 8539//1 8431//1
f 8553//1 8585//1 8539//1
f 9205//1 9209//1 8855//1
f 8629//1 8570//1 8569//1
f 8660//1 8501//1 8603//1
f 8660//1 8554//1 8501//1
f 8678//1 8584//1 8552//1
f 8678//1 8552//1 8551//1
f 8731//1 8621//1 8622//1
f 8686//1 8685//1 8636//1
f 8720//1 8672//1 8702//1
f 8676//1 8549//1 8550//1
f 8868//1 8801//1 8753//1
f 8637//1 8578//1 8577//1
f 8664//1 8497//1 8604//1
f 8647//1 8588//1 8673//1
f 8781//1 8716//1 8623//1
f 8668//1 8508//1 8563//1
f 8699//1 8648//1 8647//1
f 8685//1 8635//1 8636//1
f 8758//1 8720//1 8702//1
f 8652//1 8614//1 8670//1
f 8733//1 8625//1 8626//1
f 8700//1 8647//1 8673//1
f 8663//1 8544//1 8502//1
f 8632//1 8602//1 8572//1
f 8762//1 8714//1 8706//1
f 8666//1 8569//1 8506//1
f 8664//1 8604//1 8630//1
f 8785//1 8696//1 8678//1
f 8870//1 8798//1 8754//1
f 8641//1 8582//1 8674//1
f 8668//1 8612//1 8508//1
f 8668//1 8655//1 8612//1
f 8671//1 8511//1 8561//1
f 8671//1 8615//1 8511//1
f 8673//1 8588//1 8541//1
f 8673//1 8541//1 8542//1
f 8665//1 8571//1 8505//1
f 8665//1 8505//1 8609//1
f 8666//1 8506//1 8610//1
f 8666//1 8610//1 8654//1
f 8624//1 8607//1 8658//1
f 8658//1 8503//1 8546//1
f 8736//1 8632//1 8631//1
f 8690//1 8639//1 8640//1
f 8702//1 8672//1 8650//1
f 8824//1 8730//1 8777//1
f 8693//1 8641//1 8674//1
f 8724//1 8664//1 8735//1
f 8757//1 8701//1 8719//1
f 8858//1 8758//1 8816//1
f 8661//1 8606//1 8500//1
f 8661//1 8500//1 8549//1
f 8677//1 8545//1 8575//1
f 8677//1 8575//1 8635//1
f 8676//1 8550//1 8578//1
f 8676//1 8578//1 8637//1
f 8667//1 8567//1 8507//1
f 8703//1 8715//1 8667//1
f 8624//1 8564//1 8607//1
f 8624//1 8623//1 8564//1
f 8699//1 8647//1 8700//1
f 8645//1 8586//1 8585//1
f 8621//1 8561//1 8562//1
f 8622//1 8621//1 8562//1
f 8739//1 8653//1 8705//1
f 8669//1 8509//1 8565//1
f 9216//1 8737//1 8650//1
f 8698//1 8646//1 8645//1
f 8638//1 8637//1 8577//1
f 8638//1 8591//1 8642//1
f 8663//1 8602//1 8632//1
f 9213//1 8655//1 8740//1
f 8656//1 8609//1 8600//1
f 8656//1 8665//1 8609//1
f 8641//1 8581//1 8582//1
f 8641//1 8642//1 8581//1
f 8667//1 8507//1 8611//1
f 8667//1 8611//1 8651//1
f 8659//1 8620//1 8608//1
f 8659//1 8608//1 8499//1
f 8640//1 8580//1 8589//1
f 8640//1 8589//1 8648//1
f 8679//1 8547//1 8579//1
f 8679//1 8548//1 8547//1
f 8675//1 8585//1 8553//1
f 8675//1 8645//1 8585//1
f 8626//1 8566//1 8605//1
f 8626//1 8605//1 8662//1
f 8636//1 8576//1 8590//1
f 8636//1 8635//1 8576//1
f 8724//1 8678//1 8551//1
f 8735//1 8664//1 8630//1
f 8625//1 8565//1 8566//1
f 8625//1 8566//1 8626//1
f 8699//1 8692//1 8648//1
f 8704//1 8670//1 8718//1
f 8705//1 8669//1 8717//1
f 8901//1 8838//1 8795//1
f 8620//1 8560//1 8608//1
f 8620//1 8619//1 8560//1
f 8819//1 8762//1 8706//1
f 8751//1 8691//1 8690//1
f 8729//1 8620//1 8659//1
f 8680//1 8556//1 8555//1
f 8760//1 8704//1 8718//1
f 8681//1 8633//1 8634//1
f 8634//1 8574//1 8592//1
f 8634//1 8633//1 8574//1
f 8731//1 8622//1 8661//1
f 8701//1 8671//1 8719//1
f 8921//1 8878//1 8834//1
f 8722//1 8660//1 8730//1
f 8669//1 8613//1 8509//1
f 8669//1 8653//1 8613//1
f 8684//1 8677//1 8635//1
f 8790//1 8677//1 8684//1
f 8715//1 8567//1 8667//1
f 8721//1 8657//1 8734//1
f 8723//1 8663//1 8736//1
f 8688//1 8637//1 8638//1
f 8647//1 8587//1 8588//1
f 8647//1 8648//1 8587//1
f 8680//1 8555//1 8573//1
f 8680//1 8573//1 8633//1
f 8646//1 8592//1 8586//1
f 8646//1 8586//1 8645//1
f 8734//1 8657//1 8628//1
f 8692//1 8640//1 8648//1
f 9259//1 8593//1 8709//1
f 8709//1 8593//1 8649//1
f 8683//1 8634//1 8646//1
f 8689//1 8642//1 8694//1
f 8726//1 8662//1 8548//1
f 8726//1 8548//1 8679//1
f 8682//1 8680//1 8633//1
f 9215//1 8710//1 9208//1
f 8789//1 8769//1 8725//1
f 9207//1 8709//1 8773//1
f 8769//1 8731//1 8725//1
f 8725//1 8549//1 8676//1
f 8695//1 8643//1 8644//1
f 8763//1 8707//1 8716//1
f 8720//1 8557//1 8672//1
f 8720//1 8617//1 8557//1
f 8730//1 8660//1 8618//1
f 8730//1 8618//1 8617//1
f 8736//1 8663//1 8632//1
f 8820//1 8764//1 8708//1
f 8734//1 8628//1 8627//1
f 8818//1 8704//1 8760//1
f 8785//1 8678//1 8724//1
f 8690//1 8640//1 8692//1
f 8740//1 8655//1 8707//1
f 8684//1 8635//1 8685//1
f 8745//1 8685//1 8686//1
f 8764//1 8713//1 8708//1
f 8860//1 8759//1 8815//1
f 8703//1 8667//1 8651//1
f 8808//1 8778//1 8828//1
f 8793//1 8742//1 8741//1
f 8696//1 8644//1 8678//1
f 8696//1 8695//1 8644//1
f 8682//1 8633//1 8681//1
f 8681//1 8634//1 8683//1
f 8761//1 8705//1 8717//1
f 8902//1 8867//1 8799//1
f 8718//1 8670//1 8559//1
f 8718//1 8559//1 8619//1
f 8716//1 8668//1 8563//1
f 8716//1 8563//1 8623//1
f 8801//1 8749//1 8753//1
f 8741//1 8683//1 8743//1
f 8722//1 8675//1 8554//1
f 8722//1 8554//1 8660//1
f 8846//1 8824//1 8806//1
f 8825//1 8733//1 8770//1
f 8821//1 8765//1 8734//1
f 8835//1 8772//1 8787//1
f 8991//1 8903//1 8949//1
f 8728//1 8556//1 8680//1
f 8721//1 8673//1 8542//1
f 8721//1 8542//1 8657//1
f 8827//1 8781//1 8732//1
f 8746//1 8686//1 8695//1
f 8728//1 8659//1 8556//1
f 8728//1 8729//1 8659//1
f 8717//1 8565//1 8625//1
f 8717//1 8669//1 8565//1
f 8796//1 8744//1 8745//1
f 8821//1 8782//1 8807//1
f 8859//1 8763//1 8811//1
f 8791//1 8723//1 8767//1
f 8744//1 8684//1 8685//1
f 8771//1 8732//1 8727//1
f 8691//1 8639//1 8690//1
f 8691//1 8679//1 8639//1
f 8756//1 8699//1 8700//1
f 8742//1 8682//1 8681//1
f 9258//1 8596//1 8710//1
f 9215//1 8651//1 8595//1
f 8732//1 8624//1 8658//1
f 8732//1 8658//1 8727//1
f 8698//1 8645//1 8697//1
f 8820//1 8708//1 8776//1
f 9213//1 8599//1 8655//1
f 8712//1 8656//1 8600//1
f 8708//1 8665//1 8656//1
f 8708//1 8713//1 8665//1
f 8719//1 8671//1 8561//1
f 8719//1 8561//1 8621//1
f 8788//1 8675//1 8722//1
f 8743//1 8683//1 8698//1
f 8759//1 8715//1 8703//1
f 8754//1 8695//1 8696//1
f 8788//1 8697//1 8675//1
f 8737//1 8702//1 8650//1
f 8725//1 8661//1 8549//1
f 8725//1 8731//1 8661//1
f 8714//1 8629//1 8569//1
f 8714//1 8569//1 8666//1
f 8687//1 8637//1 8688//1
f 8791//1 8674//1 8723//1
f 8751//1 8690//1 8750//1
f 8747//1 8687//1 8688//1
f 8689//1 8638//1 8642//1
f 8689//1 8688//1 8638//1
f 8792//1 8700//1 8673//1
f 9205//1 8855//1 8775//1
f 8758//1 8777//1 8720//1
f 8826//1 8731//1 8769//1
f 8733//1 8626//1 8662//1
f 8733//1 8662//1 8726//1
f 8686//1 8636//1 8643//1
f 8686//1 8643//1 8695//1
f 9214//1 8597//1 8653//1
f 8711//1 8654//1 8598//1
f 8723//1 8674//1 8544//1
f 8723//1 8544//1 8663//1
f 8791//1 8693//1 8674//1
f 8767//1 8723//1 8736//1
f 8823//1 8735//1 8783//1
f 8825//1 8780//1 8733//1
f 8870//1 8754//1 8832//1
f 8833//1 8769//1 8789//1
f 8827//1 8811//1 8781//1
f 8745//1 8686//1 8746//1
f 8845//1 8805//1 8826//1
f 8781//1 8623//1 8732//1
f 8759//1 8782//1 8715//1
f 8865//1 8795//1 8755//1
f 8821//1 8734//1 8782//1
f 8835//1 8682//1 8742//1
f 8765//1 8721//1 8734//1
f 8818//1 8774//1 8704//1
f 8750//1 8690//1 8692//1
f 8752//1 8750//1 8692//1
f 8778//1 8619//1 8729//1
f 8866//1 8742//1 8793//1
f 8780//1 8625//1 8733//1
f 8825//1 8809//1 8780//1
f 8817//1 8701//1 8757//1
f 8817//1 8773//1 8701//1
f 8752//1 8692//1 8699//1
f 8752//1 8699//1 8756//1
f 8755//1 8698//1 8697//1
f 8755//1 8743//1 8698//1
f 8784//1 8736//1 8631//1
f 8852//1 8822//1 8812//1
f 8792//1 8721//1 8765//1
f 8792//1 8673//1 8721//1
f 8763//1 8716//1 8781//1
f 8854//1 8820//1 8776//1
f 8783//1 8735//1 8629//1
f 8754//1 8746//1 8695//1
f 8807//1 8782//1 8759//1
f 8815//1 8759//1 8703//1
f 8770//1 8733//1 8726//1
f 8857//1 8813//1 8761//1
f 8802//1 8752//1 8804//1
f 8745//1 8744//1 8685//1
f 8800//1 8748//1 8749//1
f 8794//1 8741//1 8743//1
f 8778//1 8718//1 8619//1
f 8778//1 8760//1 8718//1
f 8800//1 8749//1 8801//1
f 8793//1 8741//1 8794//1
f 8789//1 8725//1 8676//1
f 8789//1 8676//1 8687//1
f 8777//1 8617//1 8720//1
f 8777//1 8730//1 8617//1
f 8783//1 8629//1 8714//1
f 8783//1 8714//1 8762//1
f 8842//1 8800//1 8801//1
f 8779//1 8621//1 8731//1
f 8790//1 8771//1 8727//1
f 8790//1 8727//1 8677//1
f 8787//1 8728//1 8680//1
f 8787//1 8680//1 8682//1
f 8766//1 8722//1 8730//1
f 8766//1 8788//1 8722//1
f 8749//1 8689//1 8694//1
f 8749//1 8694//1 8753//1
f 8779//1 8719//1 8621//1
f 8779//1 8757//1 8719//1
f 8865//1 8755//1 8831//1
f 8831//1 8788//1 8766//1
f 8833//1 8789//1 8687//1
f 8795//1 8743//1 8755//1
f 8774//1 8652//1 8704//1
f 8774//1 8710//1 8652//1
f 8786//1 8770//1 8726//1
f 8786//1 8679//1 8691//1
f 8768//1 8724//1 8735//1
f 8785//1 8724//1 8768//1
f 8931//1 8863//1 8899//1
f 8832//1 8696//1 8785//1
f 8863//1 8810//1 8762//1
f 8836//1 8770//1 8786//1
f 8829//1 8792//1 8765//1
f 8871//1 8756//1 8829//1
f 9205//1 8775//1 8711//1
f 8819//1 8706//1 8775//1
f 8773//1 8709//1 8649//1
f 8773//1 8649//1 8701//1
f 8775//1 8706//1 8654//1
f 8775//1 8654//1 8711//1
f 8832//1 8785//1 8768//1
f 8832//1 8754//1 8696//1
f 8741//1 8681//1 8683//1
f 8741//1 8742//1 8681//1
f 8827//1 8732//1 8771//1
f 8830//1 8693//1 8791//1
f 8782//1 8627//1 8715//1
f 8782//1 8734//1 8627//1
f 8776//1 8656//1 8712//1
f 8776//1 8708//1 8656//1
f 8748//1 8689//1 8749//1
f 8799//1 8748//1 8800//1
f 8748//1 8688//1 8689//1
f 8748//1 8747//1 8688//1
f 8784//1 8631//1 8713//1
f 8784//1 8713//1 8764//1
f 8830//1 8791//1 8767//1
f 8830//1 8753//1 8693//1
f 8826//1 8779//1 8731//1
f 8862//1 8818//1 8760//1
f 8772//1 8729//1 8728//1
f 8772//1 8728//1 8787//1
f 8780//1 8717//1 8625//1
f 8780//1 8761//1 8717//1
f 8921//1 8834//1 8869//1
f 8834//1 8771//1 8790//1
f 8823//1 8768//1 8735//1
f 8886//1 8839//1 8840//1
f 8824//1 8766//1 8730//1
f 8833//1 8687//1 8747//1
f 8859//1 8814//1 8763//1
f 9206//1 8854//1 8776//1
f 8828//1 8778//1 8729//1
f 8828//1 8729//1 8772//1
f 8808//1 8760//1 8778//1
f 8835//1 8787//1 8682//1
f 9208//1 8774//1 8856//1
f 8804//1 8752//1 8756//1
f 8814//1 8740//1 8707//1
f 8814//1 8707//1 8763//1
f 8799//1 8747//1 8748//1
f 8794//1 8743//1 8795//1
f 8836//1 8691//1 8751//1
f 8836//1 8786//1 8691//1
f 8809//1 8761//1 8780//1
f 8855//1 8819//1 8775//1
f 8810//1 8783//1 8762//1
f 8823//1 8783//1 8810//1
f 8816//1 8702//1 8737//1
f 8816//1 8758//1 8702//1
f 9301//1 9031//1 8961//1
f 8803//1 8751//1 8750//1
f 8911//1 8807//1 8860//1
f 8871//1 8804//1 8756//1
f 8829//1 8756//1 8700//1
f 8829//1 8700//1 8792//1
f 8834//1 8684//1 8744//1
f 8834//1 8790//1 8684//1
f 8797//1 8745//1 8746//1
f 8798//1 8746//1 8754//1
f 8850//1 8874//1 8823//1
f 8919//1 8832//1 8874//1
f 8831//1 8697//1 8788//1
f 8831//1 8755//1 8697//1
f 8891//1 8880//1 8847//1
f 8797//1 8746//1 8798//1
f 8805//1 8757//1 8779//1
f 8805//1 8779//1 8826//1
f 8873//1 8824//1 8846//1
f 8897//1 8817//1 8861//1
f 8806//1 8777//1 8758//1
f 8806//1 8824//1 8777//1
f 8837//1 8794//1 8838//1
f 8908//1 8843//1 8804//1
f 8869//1 8744//1 8796//1
f 8797//1 8796//1 8745//1
f 8822//1 8767//1 8736//1
f 8822//1 8736//1 8784//1
f 8815//1 8703//1 8738//1
f 8856//1 8774//1 8818//1
f 8851//1 8811//1 8827//1
f 8869//1 8834//1 8744//1
f 8849//1 8809//1 8825//1
f 8872//1 8751//1 8803//1
f 8861//1 8757//1 8805//1
f 9210//1 8816//1 8737//1
f 8812//1 8784//1 8764//1
f 8812//1 8822//1 8784//1
f 8838//1 8794//1 8795//1
f 8839//1 8796//1 8797//1
f 8955//1 8868//1 8923//1
f 9000//1 8972//1 8986//1
f 8872//1 8836//1 8751//1
f 8922//1 8879//1 8836//1
f 8867//1 8747//1 8799//1
f 8920//1 8876//1 8833//1
f 8918//1 8875//1 8835//1
f 8875//1 8848//1 8828//1
f 9093//1 9070//1 9075//1
f 8849//1 8825//1 8879//1
f 8945//1 8842//1 8905//1
f 8900//1 8820//1 8854//1
f 8944//1 8904//1 8837//1
f 8837//1 8793//1 8794//1
f 8908//1 8804//1 8871//1
f 8924//1 8871//1 8829//1
f 8920//1 8833//1 8867//1
f 8897//1 8853//1 8817//1
f 9208//1 8710//1 8774//1
f 8862//1 8760//1 8808//1
f 8802//1 8750//1 8752//1
f 8802//1 8803//1 8750//1
f 9209//1 8739//1 8813//1
f 8925//1 8881//1 8857//1
f 8858//1 8806//1 8758//1
f 8861//1 8817//1 8757//1
f 8874//1 8832//1 8768//1
f 8874//1 8768//1 8823//1
f 8860//1 8807//1 8759//1
f 8898//1 8856//1 8818//1
f 8877//1 8767//1 8822//1
f 8877//1 8830//1 8767//1
f 8901//1 8795//1 8865//1
f 8848//1 8808//1 8828//1
f 8906//1 8869//1 8796//1
f 8934//1 8847//1 8911//1
f 9056//1 9017//1 9004//1
f 8938//1 8848//1 8892//1
f 8922//1 8836//1 8872//1
f 8952//1 8872//1 8907//1
f 8873//1 8831//1 8766//1
f 8873//1 8766//1 8824//1
f 8951//1 8867//1 8902//1
f 8843//1 8802//1 8804//1
f 8879//1 8770//1 8836//1
f 8879//1 8825//1 8770//1
f 8882//1 8814//1 8859//1
f 9211//1 8740//1 8814//1
f 8867//1 8833//1 8747//1
f 8917//1 8831//1 8873//1
f 8880//1 8829//1 8765//1
f 8880//1 8765//1 8821//1
f 8875//1 8828//1 8772//1
f 8875//1 8772//1 8835//1
f 8999//1 8990//1 8971//1
f 8845//1 8826//1 8876//1
f 8868//1 8753//1 8830//1
f 8988//1 8908//1 8956//1
f 8850//1 8823//1 8810//1
f 8857//1 8761//1 8809//1
f 9217//1 8976//1 8884//1
f 8884//1 8858//1 8816//1
f 8899//1 8863//1 8819//1
f 8863//1 8762//1 8819//1
f 8876//1 8826//1 8769//1
f 8876//1 8769//1 8833//1
f 8907//1 8872//1 8803//1
f 8907//1 8803//1 8844//1
f 8840//1 8797//1 8798//1
f 8840//1 8839//1 8797//1
f 8934//1 8891//1 8847//1
f 8904//1 8866//1 8793//1
f 8852//1 8877//1 8822//1
f 8928//1 8882//1 8859//1
f 8898//1 8818//1 8862//1
f 9212//1 8815//1 8738//1
f 8881//1 8813//1 8857//1
f 8903//1 8840//1 8798//1
f 8866//1 8835//1 8742//1
f 8904//1 8793//1 8837//1
f 8906//1 8796//1 8839//1
f 8939//1 8852//1 8916//1
f 8844//1 8803//1 8802//1
f 8844//1 8802//1 8843//1
f 9205//1 8739//1 9209//1
f 8899//1 8819//1 8855//1
f 8945//1 8887//1 8842//1
f 8955//1 8905//1 8868//1
f 9207//1 8853//1 9210//1
f 8890//1 8917//1 8873//1
f 8894//1 8874//1 8850//1
f 8903//1 8798//1 8870//1
f 8965//1 8991//1 8949//1
f 9220//1 8973//1 8900//1
f 9206//1 8740//1 9211//1
f 8878//1 8771//1 8834//1
f 8883//1 8860//1 8815//1
f 9219//1 8974//1 8883//1
f 8841//1 8799//1 8800//1
f 8841//1 8800//1 8842//1
f 8918//1 8835//1 8866//1
f 8892//1 8848//1 8875//1
f 8878//1 8827//1 8771//1
f 8878//1 8851//1 8827//1
f 8864//1 8812//1 8764//1
f 8864//1 8764//1 8820//1
f 9218//1 8975//1 8899//1
f 8993//1 8991//1 8965//1
f 8847//1 8821//1 8807//1
f 8847//1 8880//1 8821//1
f 8917//1 8865//1 8831//1
f 8917//1 8950//1 8865//1
f 8915//1 8810//1 8863//1
f 8915//1 8850//1 8810//1
f 8923//1 8830//1 8877//1
f 8923//1 8868//1 8830//1
f 9218//1 8881//1 8975//1
f 8931//1 8915//1 8863//1
f 8976//1 8926//1 8884//1
f 8957//1 8944//1 8885//1
f 8895//1 8851//1 8878//1
f 8921//1 8895//1 8878//1
f 8918//1 8892//1 8875//1
f 9219//1 8898//1 8974//1
f 8946//1 8906//1 8839//1
f 8928//1 8859//1 8912//1
f 8983//1 8915//1 8931//1
f 8975//1 8881//1 8925//1
f 8930//1 8898//1 8862//1
f 8927//1 8860//1 8883//1
f 8900//1 8864//1 8820//1
f 8932//1 8916//1 8864//1
f 8974//1 8927//1 8883//1
f 8938//1 8914//1 8848//1
f 8963//1 8888//1 8948//1
f 8925//1 8857//1 8910//1
f 8887//1 8841//1 8842//1
f 8911//1 8847//1 8807//1
f 9074//1 9040//1 9069//1
f 8885//1 8837//1 8838//1
f 8905//1 8842//1 8801//1
f 8905//1 8801//1 8868//1
f 8902//1 8799//1 8841//1
f 9018//1 8977//1 8926//1
f 8913//1 8861//1 8805//1
f 8913//1 8805//1 8845//1
f 8914//1 8808//1 8848//1
f 8914//1 8862//1 8808//1
f 9144//1 9034//1 9099//1
f 8973//1 8882//1 8928//1
f 8916//1 8852//1 8812//1
f 8916//1 8812//1 8864//1
f 8929//1 8861//1 8913//1
f 9217//1 8897//1 8976//1
f 8954//1 8869//1 8906//1
f 8954//1 8895//1 8921//1
f 8890//1 8873//1 8846//1
f 8971//1 8990//1 8950//1
f 8952//1 8922//1 8872//1
f 8991//1 8943//1 8903//1
f 8912//1 8859//1 8811//1
f 8912//1 8811//1 8851//1
f 8888//1 8844//1 8843//1
f 8992//1 8907//1 8947//1
f 8926//1 8858//1 8884//1
f 9005//1 8941//1 8990//1
f 8989//1 8951//1 8902//1
f 9066//1 9027//1 9050//1
f 8930//1 8862//1 8914//1
f 9298//1 9030//1 8960//1
f 8909//1 8846//1 8806//1
f 8909//1 8806//1 8858//1
f 8986//1 8906//1 8946//1
f 8954//1 8921//1 8869//1
f 8929//1 8897//1 8861//1
f 9003//1 8929//1 8981//1
f 8926//1 8909//1 8858//1
f 9007//1 8942//1 8961//1
f 8924//1 8880//1 8891//1
f 8924//1 8829//1 8880//1
f 8910//1 8809//1 8849//1
f 8910//1 8857//1 8809//1
f 8893//1 8849//1 8879//1
f 8893//1 8879//1 8922//1
f 8889//1 8845//1 8876//1
f 8889//1 8876//1 8920//1
f 9220//1 8882//1 8973//1
f 8932//1 8864//1 8900//1
f 8896//1 8877//1 8852//1
f 8896//1 8923//1 8877//1
f 8953//1 8866//1 8904//1
f 8953//1 8892//1 8918//1
f 8919//1 8874//1 8894//1
f 8919//1 8870//1 8832//1
f 8924//1 8956//1 8871//1
f 9022//1 8968//1 8996//1
f 9013//1 8969//1 8997//1
f 8978//1 8910//1 8933//1
f 8919//1 8949//1 8870//1
f 8952//1 8893//1 8922//1
f 8951//1 8920//1 8867//1
f 8951//1 8889//1 8920//1
f 8944//1 8837//1 8885//1
f 8974//1 8898//1 8930//1
f 8979//1 8928//1 8912//1
f 8939//1 8896//1 8852//1
f 8989//1 8902//1 8942//1
f 9014//1 8999//1 8971//1
f 9051//1 9016//1 9000//1
f 8986//1 8954//1 8906//1
f 8937//1 8913//1 8845//1
f 8937//1 8845//1 8889//1
f 8949//1 8903//1 8870//1
f 8949//1 8919//1 8894//1
f 8946//1 8839//1 8886//1
f 8972//1 8954//1 8986//1
f 8988//1 8956//1 8970//1
f 8985//1 8953//1 8904//1
f 8985//1 8904//1 8944//1
f 8953//1 8918//1 8866//1
f 8987//1 8945//1 8905//1
f 8955//1 8923//1 8896//1
f 8992//1 8952//1 8907//1
f 9305//1 8960//1 8886//1
f 8960//1 8946//1 8886//1
f 8962//1 8887//1 8945//1
f 8976//1 8897//1 8929//1
f 8989//1 8966//1 8951//1
f 8935//1 8890//1 8846//1
f 8935//1 8846//1 8909//1
f 8968//1 8938//1 8892//1
f 8968//1 8953//1 8985//1
f 8950//1 8901//1 8865//1
f 8950//1 8917//1 8890//1
f 8940//1 8850//1 8915//1
f 8940//1 8894//1 8850//1
f 8956//1 8908//1 8871//1
f 8956//1 8924//1 8891//1
f 8947//1 8907//1 8844//1
f 8947//1 8844//1 8888//1
f 8933//1 8910//1 8849//1
f 8933//1 8849//1 8893//1
f 8942//1 8902//1 8841//1
f 8942//1 8841//1 8887//1
f 8967//1 8955//1 8896//1
f 8987//1 8955//1 8967//1
f 8936//1 8851//1 8895//1
f 8936//1 8912//1 8851//1
f 8959//1 8886//1 8943//1
f 9020//1 8973//1 8928//1
f 9028//1 8959//1 9006//1
f 8969//1 8933//1 8893//1
f 8941//1 8838//1 8901//1
f 8941//1 8885//1 8838//1
f 8948//1 8843//1 8908//1
f 8948//1 8888//1 8843//1
f 8980//1 8934//1 8911//1
f 8927//1 8911//1 8860//1
f 8975//1 8931//1 8899//1
f 9002//1 8983//1 8931//1
f 8998//1 8988//1 8970//1
f 8968//1 8892//1 8953//1
f 8943//1 8840//1 8903//1
f 8943//1 8886//1 8840//1
f 8977//1 8909//1 8926//1
f 8977//1 8935//1 8909//1
f 8970//1 8891//1 8934//1
f 8970//1 8956//1 8891//1
f 8987//1 8905//1 8955//1
f 9052//1 9051//1 9000//1
f 8973//1 8932//1 8900//1
f 8967//1 8896//1 8939//1
f 9001//1 8932//1 8973//1
f 9001//1 8984//1 8932//1
f 8969//1 8952//1 8992//1
f 8983//1 8940//1 8915//1
f 9020//1 8928//1 8979//1
f 9016//1 8972//1 9000//1
f 8969//1 8893//1 8952//1
f 9011//1 8947//1 8964//1
f 9008//1 8985//1 8944//1
f 8988//1 8948//1 8908//1
f 9011//1 8992//1 8947//1
f 9012//1 8963//1 8948//1
f 8990//1 8901//1 8950//1
f 8990//1 8941//1 8901//1
f 8984//1 8916//1 8932//1
f 8984//1 8939//1 8916//1
f 8972//1 8936//1 8895//1
f 8972//1 8895//1 8954//1
f 9022//1 8982//1 8938//1
f 9111//1 9102//1 9067//1
f 9009//1 8962//1 8945//1
f 8995//1 8987//1 8967//1
f 8979//1 8912//1 8936//1
f 9024//1 8995//1 8967//1
f 9019//1 8975//1 8925//1
f 9043//1 9022//1 8996//1
f 8997//1 8969//1 8992//1
f 8978//1 8925//1 8910//1
f 9064//1 8984//1 9001//1
f 9009//1 8945//1 8987//1
f 9002//1 8931//1 8975//1
f 9023//1 8965//1 8940//1
f 9022//1 8938//1 8968//1
f 9012//1 8948//1 8988//1
f 9300//1 8959//1 9028//1
f 9304//1 8963//1 9296//1
f 8964//1 8947//1 8888//1
f 9304//1 8888//1 8963//1
f 8980//1 8911//1 8927//1
f 8996//1 8968//1 8985//1
f 9003//1 8976//1 8929//1
f 9018//1 8926//1 8976//1
f 8966//1 8889//1 8951//1
f 8966//1 8937//1 8889//1
f 9004//1 8930//1 8982//1
f 9043//1 9062//1 9022//1
f 8961//1 8942//1 8887//1
f 9306//1 8887//1 8962//1
f 8971//1 8890//1 8935//1
f 8971//1 8950//1 8890//1
f 8981//1 8929//1 8913//1
f 8981//1 8913//1 8937//1
f 9023//1 8940//1 8983//1
f 9023//1 8993//1 8965//1
f 8965//1 8949//1 8894//1
f 8965//1 8894//1 8940//1
f 9017//1 8980//1 8927//1
f 9017//1 8927//1 8974//1
f 9007//1 8989//1 8942//1
f 9005//1 8958//1 8941//1
f 8958//1 8885//1 8941//1
f 9307//1 8957//1 8885//1
f 8982//1 8914//1 8938//1
f 8982//1 8930//1 8914//1
f 9008//1 8944//1 8957//1
f 9059//1 9015//1 8980//1
f 9015//1 8970//1 8934//1
f 9015//1 8934//1 8980//1
f 9010//1 9000//1 8986//1
f 9041//1 9024//1 9064//1
f 9010//1 8986//1 8946//1
f 9010//1 8946//1 8960//1
f 9057//1 8977//1 9018//1
f 9018//1 8976//1 9003//1
f 9021//1 8937//1 8966//1
f 9021//1 8981//1 8937//1
f 9006//1 8959//1 8943//1
f 9006//1 8943//1 8991//1
f 9146//1 9025//1 9096//1
f 9057//1 9014//1 8977//1
f 9076//1 9044//1 9065//1
f 8998//1 8970//1 9015//1
f 9019//1 8925//1 8978//1
f 9054//1 9019//1 9058//1
f 9002//1 8975//1 9019//1
f 8993//1 9006//1 8991//1
f 9011//1 8997//1 8992//1
f 9045//1 9011//1 9036//1
f 9016//1 8936//1 8972//1
f 9016//1 8979//1 8936//1
f 9307//1 9303//1 9025//1
f 9008//1 8996//1 8985//1
f 9024//1 8967//1 8939//1
f 9024//1 8939//1 8984//1
f 8994//1 8966//1 8989//1
f 8994//1 9021//1 8966//1
f 9050//1 9027//1 9005//1
f 9007//1 8994//1 8989//1
f 9005//1 8990//1 8999//1
f 9297//1 9036//1 8964//1
f 9053//1 9001//1 9020//1
f 9020//1 9001//1 8973//1
f 9046//1 9013//1 8997//1
f 9063//1 8983//1 9002//1
f 9037//1 9028//1 9006//1
f 9038//1 9023//1 9063//1
f 9013//1 8933//1 8969//1
f 9013//1 8978//1 8933//1
f 9014//1 8935//1 8977//1
f 9014//1 8971//1 8935//1
f 9004//1 8974//1 8930//1
f 9004//1 9017//1 8974//1
f 9052//1 9000//1 9010//1
f 9064//1 9024//1 8984//1
f 9177//1 9163//1 9121//1
f 9047//1 8998//1 9015//1
f 9305//1 8886//1 8959//1
f 9009//1 8987//1 8995//1
f 9282//1 9060//1 9051//1
f 9299//1 8962//1 9033//1
f 9012//1 8988//1 8998//1
f 9048//1 9012//1 8998//1
f 9048//1 8998//1 9047//1
f 9044//1 8996//1 9008//1
f 9063//1 9023//1 8983//1
f 9031//1 9007//1 8961//1
f 9040//1 9007//1 9031//1
f 9027//1 8958//1 9005//1
f 9054//1 9002//1 9019//1
f 9054//1 9063//1 9002//1
f 9283//1 9271//1 9221//1
f 9071//1 9035//1 9048//1
f 9039//1 9021//1 8994//1
f 9055//1 9018//1 9003//1
f 9099//1 9035//1 9071//1
f 9304//1 8964//1 8888//1
f 9040//1 8994//1 9007//1
f 9049//1 9014//1 9057//1
f 9107//1 9095//1 9072//1
f 9045//1 8997//1 9011//1
f 9036//1 9011//1 8964//1
f 9304//1 9296//1 9034//1
f 9060//1 8979//1 9016//1
f 9060//1 9016//1 9051//1
f 9059//1 9047//1 9015//1
f 9056//1 9004//1 9062//1
f 9038//1 8993//1 9023//1
f 9037//1 9006//1 8993//1
f 9307//1 8885//1 8958//1
f 9303//1 8958//1 9027//1
f 9042//1 9009//1 8995//1
f 9064//1 9001//1 9053//1
f 9058//1 9019//1 8978//1
f 9058//1 8978//1 9013//1
f 9060//1 9020//1 8979//1
f 9060//1 9053//1 9020//1
f 9062//1 9004//1 8982//1
f 9062//1 8982//1 9022//1
f 9094//1 9071//1 9078//1
f 9043//1 8996//1 9044//1
f 9046//1 9058//1 9013//1
f 9046//1 8997//1 9045//1
f 9067//1 9028//1 9037//1
f 9292//1 9038//1 9063//1
f 9223//1 9151//1 9083//1
f 9037//1 8993//1 9038//1
f 9049//1 8999//1 9014//1
f 9050//1 9005//1 8999//1
f 9096//1 9027//1 9066//1
f 9077//1 9045//1 9072//1
f 9033//1 8962//1 9009//1
f 9294//1 9039//1 9074//1
f 9050//1 8999//1 9049//1
f 9055//1 9003//1 9061//1
f 9041//1 8995//1 9024//1
f 9306//1 8961//1 8887//1
f 9040//1 9039//1 8994//1
f 9283//1 9049//1 9057//1
f 9026//1 9008//1 8957//1
f 9026//1 9044//1 9008//1
f 9065//1 9044//1 9026//1
f 9078//1 9048//1 9047//1
f 9055//1 9057//1 9018//1
f 9061//1 9003//1 8981//1
f 9061//1 8981//1 9021//1
f 9061//1 9021//1 9039//1
f 9271//1 9057//1 9055//1
f 9074//1 9039//1 9040//1
f 9109//1 9069//1 9100//1
f 9294//1 9061//1 9039//1
f 9281//1 9046//1 9077//1
f 9072//1 9045//1 9036//1
f 9042//1 9033//1 9009//1
f 9269//1 9053//1 9060//1
f 9147//1 9032//1 9103//1
f 9145//1 9097//1 9029//1
f 9075//1 9042//1 9041//1
f 9042//1 8995//1 9041//1
f 9035//1 8963//1 9012//1
f 9035//1 9012//1 9048//1
f 9030//1 9010//1 8960//1
f 9030//1 9052//1 9010//1
f 9059//1 8980//1 9017//1
f 9059//1 9017//1 9056//1
f 9103//1 9033//1 9070//1
f 9298//1 9029//1 9097//1
f 9282//1 9087//1 9060//1
f 9070//1 9033//1 9042//1
f 9308//1 9063//1 9054//1
f 9077//1 9046//1 9045//1
f 9293//1 9075//1 9041//1
f 9293//1 9041//1 9064//1
f 9068//1 9052//1 9030//1
f 9080//1 9052//1 9068//1
f 9306//1 9299//1 9032//1
f 9069//1 9040//1 9031//1
f 9280//1 9078//1 9047//1
f 9311//1 9056//1 9062//1
f 9080//1 9051//1 9052//1
f 9282//1 9051//1 9080//1
f 9280//1 9047//1 9059//1
f 9270//1 9059//1 9056//1
f 9076//1 9043//1 9044//1
f 9222//1 9150//1 9086//1
f 9070//1 9042//1 9075//1
f 9067//1 9037//1 9073//1
f 9090//1 9067//1 9073//1
f 9104//1 9068//1 9097//1
f 9106//1 9099//1 9071//1
f 9283//1 9079//1 9049//1
f 9073//1 9037//1 9038//1
f 9292//1 9073//1 9038//1
f 9148//1 9116//1 9221//1
f 9078//1 9071//1 9048//1
f 9307//1 8958//1 9303//1
f 9161//1 9145//1 9142//1
f 9089//1 9066//1 9079//1
f 9309//1 9064//1 9053//1
f 9269//1 9060//1 9087//1
f 9091//1 9080//1 9068//1
f 9109//1 9092//1 9069//1
f 9281//1 9058//1 9046//1
f 9268//1 9054//1 9058//1
f 9295//1 9062//1 9043//1
f 9295//1 9043//1 9076//1
f 9108//1 9088//1 9065//1
f 9153//1 9169//1 9139//1
f 9110//1 9070//1 9093//1
f 9100//1 9069//1 9031//1
f 9079//1 9050//1 9049//1
f 9079//1 9066//1 9050//1
f 9105//1 9096//1 9066//1
f 9306//1 8962//1 9299//1
f 9095//1 9077//1 9072//1
f 9135//1 9095//1 9134//1
f 9097//1 9068//1 9030//1
f 9104//1 9091//1 9068//1
f 9088//1 9076//1 9065//1
f 9296//1 8963//1 9035//1
f 9098//1 9072//1 9036//1
f 9106//1 9071//1 9094//1
f 9294//1 9081//1 9061//1
f 9092//1 9074//1 9069//1
f 9112//1 9076//1 9088//1
f 9295//1 9082//1 9062//1
f 9108//1 9065//1 9101//1
f 9174//1 9159//1 9167//1
f 9116//1 9089//1 9079//1
f 9123//1 9105//1 9089//1
f 9107//1 9072//1 9098//1
f 9140//1 9109//1 9100//1
f 9158//1 9173//1 9143//1
f 9117//1 9080//1 9091//1
f 9298//1 9097//1 9030//1
f 9102//1 9028//1 9067//1
f 9118//1 9077//1 9095//1
f 9125//1 9090//1 9115//1
f 9302//1 9026//1 8957//1
f 9101//1 9065//1 9026//1
f 9144//1 9099//1 9139//1
f 9110//1 9103//1 9070//1
f 9281//1 9085//1 9058//1
f 9151//1 9085//1 9118//1
f 9131//1 9093//1 9114//1
f 9149//1 9087//1 9117//1
f 9144//1 9098//1 9034//1
f 9133//1 9094//1 9119//1
f 9139//1 9099//1 9106//1
f 9180//1 9123//1 9166//1
f 9113//1 9074//1 9092//1
f 9129//1 9092//1 9128//1
f 9292//1 9063//1 9083//1
f 9115//1 9090//1 9073//1
f 9105//1 9066//1 9089//1
f 9181//1 9126//1 9152//1
f 9163//1 9120//1 9121//1
f 9172//1 9141//1 9162//1
f 9293//1 9064//1 9084//1
f 9114//1 9093//1 9075//1
f 9147//1 9140//1 9100//1
f 9170//1 9162//1 9154//1
f 9280//1 9059//1 9086//1
f 9119//1 9094//1 9078//1
f 9146//1 9141//1 9101//1
f 9167//1 9147//1 9143//1
f 9221//1 9081//1 9148//1
f 9116//1 9283//1 9221//1
f 9111//1 9067//1 9090//1
f 9152//1 9104//1 9137//1
f 9145//1 9102//1 9142//1
f 9138//1 9107//1 9098//1
f 9127//1 9117//1 9091//1
f 9145//1 9029//1 9102//1
f 9142//1 9102//1 9111//1
f 9137//1 9104//1 9097//1
f 9222//1 9082//1 9150//1
f 9150//1 9119//1 9086//1
f 9134//1 9095//1 9107//1
f 9177//1 9121//1 9157//1
f 9154//1 9105//1 9123//1
f 9147//1 9100//1 9032//1
f 9141//1 9108//1 9101//1
f 9163//1 9132//1 9133//1
f 9146//1 9101//1 9025//1
f 9120//1 9112//1 9088//1
f 9223//1 9085//1 9151//1
f 9151//1 9115//1 9083//1
f 9136//1 9096//1 9105//1
f 9157//1 9108//1 9141//1
f 9309//1 9224//1 9084//1
f 9149//1 9114//1 9084//1
f 9166//1 9129//1 9128//1
f 9164//1 9131//1 9127//1
f 9125//1 9115//1 9151//1
f 9135//1 9125//1 9151//1
f 9148//1 9081//1 9113//1
f 9128//1 9092//1 9109//1
f 9150//1 9082//1 9112//1
f 9150//1 9133//1 9119//1
f 9124//1 9111//1 9090//1
f 9124//1 9090//1 9125//1
f 9131//1 9114//1 9149//1
f 9143//1 9103//1 9110//1
f 9129//1 9113//1 9092//1
f 9122//1 9116//1 9148//1
f 9166//1 9122//1 9129//1
f 9166//1 9123//1 9122//1
f 9127//1 9149//1 9117//1
f 9127//1 9131//1 9149//1
f 9122//1 9089//1 9116//1
f 9122//1 9123//1 9089//1
f 9138//1 9098//1 9144//1
f 9177//1 9157//1 9172//1
f 9132//1 9106//1 9094//1
f 9132//1 9094//1 9133//1
f 9143//1 9147//1 9103//1
f 9167//1 9140//1 9147//1
f 9198//1 9164//1 9181//1
f 9154//1 9136//1 9105//1
f 9150//1 9112//1 9120//1
f 9150//1 9120//1 9133//1
f 9183//1 9132//1 9163//1
f 9162//1 9146//1 9136//1
f 9121//1 9088//1 9108//1
f 9121//1 9120//1 9088//1
f 9146//1 9096//1 9136//1
f 9162//1 9141//1 9146//1
f 9135//1 9118//1 9095//1
f 9135//1 9151//1 9118//1
f 9130//1 9110//1 9093//1
f 9130//1 9093//1 9131//1
f 9161//1 9137//1 9145//1
f 9145//1 9137//1 9097//1
f 9156//1 9144//1 9139//1
f 9171//1 9155//1 9156//1
f 9126//1 9091//1 9104//1
f 9126//1 9127//1 9091//1
f 9129//1 9148//1 9113//1
f 9129//1 9122//1 9148//1
f 9164//1 9127//1 9126//1
f 9164//1 9130//1 9131//1
f 9165//1 9125//1 9135//1
f 9176//1 9124//1 9165//1
f 9165//1 9135//1 9134//1
f 9157//1 9121//1 9108//1
f 9172//1 9157//1 9141//1
f 9178//1 9158//1 9130//1
f 9168//1 9152//1 9161//1
f 9165//1 9124//1 9125//1
f 9152//1 9126//1 9104//1
f 9140//1 9167//1 9159//1
f 9179//1 9128//1 9159//1
f 9179//1 9166//1 9128//1
f 9175//1 9142//1 9160//1
f 9156//1 9138//1 9144//1
f 9159//1 9109//1 9140//1
f 9159//1 9128//1 9109//1
f 9163//1 9133//1 9120//1
f 9192//1 9174//1 9173//1
f 9183//1 9153//1 9132//1
f 9182//1 9155//1 9171//1
f 9180//1 9154//1 9123//1
f 9181//1 9164//1 9126//1
f 9160//1 9142//1 9111//1
f 9160//1 9111//1 9124//1
f 9158//1 9143//1 9110//1
f 9158//1 9110//1 9130//1
f 9169//1 9153//1 9183//1
f 9182//1 9165//1 9134//1
f 9202//1 9185//1 9195//1
f 9175//1 9161//1 9142//1
f 9153//1 9139//1 9106//1
f 9153//1 9106//1 9132//1
f 9155//1 9134//1 9107//1
f 9155//1 9107//1 9138//1
f 9138//1 9156//1 9155//1
f 9176//1 9160//1 9124//1
f 9170//1 9154//1 9180//1
f 9199//1 9183//1 9163//1
f 9176//1 9175//1 9160//1
f 9179//1 9159//1 9174//1
f 9173//1 9158//1 9178//1
f 9178//1 9130//1 9164//1
f 9184//1 9198//1 9181//1
f 9188//1 9170//1 9189//1
f 9196//1 9180//1 9166//1
f 9191//1 9172//1 9188//1
f 9204//1 9202//1 9186//1
f 9168//1 9181//1 9152//1
f 9182//1 9134//1 9155//1
f 9186//1 9171//1 9169//1
f 9136//1 9154//1 9162//1
f 9170//1 9172//1 9162//1
f 9196//1 9189//1 9180//1
f 9188//1 9172//1 9170//1
f 9189//1 9170//1 9180//1
f 9196//1 9166//1 9179//1
f 9169//1 9156//1 9139//1
f 9169//1 9171//1 9156//1
f 9173//1 9167//1 9143//1
f 9173//1 9174//1 9167//1
f 9197//1 9176//1 9165//1
f 9197//1 9165//1 9182//1
f 9191//1 9177//1 9172//1
f 9187//1 9169//1 9183//1
f 9137//1 9161//1 9152//1
f 9168//1 9161//1 9175//1
f 9199//1 9187//1 9183//1
f 9186//1 9169//1 9187//1
f 9194//1 9174//1 9192//1
f 9190//1 9195//1 9197//1
f 9184//1 9181//1 9168//1
f 9198//1 9178//1 9164//1
f 9200//1 9193//1 9184//1
f 9199//1 9163//1 9177//1
f 9201//1 9189//1 9194//1
f 9193//1 9198//1 9184//1
f 9185//1 9175//1 9195//1
f 9193//1 9192//1 9173//1
f 9200//1 9192//1 9193//1
f 9194//1 9189//1 9196//1
f 9247//1 9204//1 9203//1
f 9245//1 9192//1 9200//1
f 9190//1 9171//1 9186//1
f 9195//1 9175//1 9176//1
f 9195//1 9176//1 9197//1
f 9200//1 9184//1 9185//1
f 9185//1 9168//1 9175//1
f 9185//1 9184//1 9168//1
f 9199//1 9177//1 9191//1
f 9199//1 9191//1 9187//1
f 9194//1 9179//1 9174//1
f 9194//1 9196//1 9179//1
f 9201//1 9188//1 9189//1
f 9201//1 9194//1 9192//1
f 9190//1 9182//1 9171//1
f 9190//1 9197//1 9182//1
f 9193//1 9173//1 9178//1
f 9193//1 9178//1 9198//1
f 9202//1 9195//1 9190//1
f 9202//1 9190//1 9186//1
f 9203//1 9187//1 9191//1
f 9246//1 9200//1 9185//1
f 9246//1 9202//1 9204//1
f 9203//1 9191//1 9188//1
f 9203//1 9186//1 9187//1
f 9203//1 9204//1 9186//1
f 9246//1 9185//1 9202//1
f 9245//1 9201//1 9192//1
f 9217//1 8853//1 8897//1
f 9210//1 8884//1 8816//1
f 9310//1 9081//1 9221//1
f 9216//1 8650//1 8594//1
f 9259//1 8594//1 8513//1
f 9302//1 9025//1 9101//1
f 9302//1 9101//1 9026//1
f 9237//1 7981//1 7881//1
f 9237//1 7881//1 7982//1
f 9297//1 9034//1 9098//1
f 9297//1 9098//1 9036//1
f 9230//1 7936//1 7860//1
f 9230//1 7860//1 7793//1
f 9335//1 7961//1 8048//1
f 9320//1 7993//1 7958//1
f 9320//1 7958//1 8033//1
f 9241//1 7887//1 7993//1
f 9241//1 7994//1 7887//1
f 7979//1 7968//1 9279//1
f 9279//1 7880//1 7980//1
f 9229//1 7930//1 7851//1
f 9229//1 7851//1 7788//1
f 9244//1 7885//1 7990//1
f 9244//1 7989//1 7885//1
f 8260//1 8324//1 9249//1
f 9249//1 8423//1 8234//1
f 9285//1 8002//1 7891//1
f 9285//1 7891//1 8001//1
f 9242//1 7992//1 7886//1
f 9242//1 7886//1 7991//1
f 8143//1 8283//1 8115//1
f 9315//1 8223//1 8115//1
f 9227//1 7857//1 7791//1
f 9227//1 7934//1 7857//1
f 9300//1 9028//1 9102//1
f 9300//1 9102//1 9029//1
f 9326//1 8039//1 7954//1
f 9326//1 7954//1 7983//1
f 9264//1 8421//1 8464//1
f 9264//1 8520//1 8369//1
f 9253//1 8232//1 8422//1
f 8422//1 8322//1 9253//1
f 9274//1 7978//1 7879//1
f 9274//1 7964//1 9333//1
f 9321//1 7960//1 8034//1
f 9321//1 7995//1 7960//1
f 9211//1 8814//1 8882//1
f 9220//1 8900//1 8854//1
f 9313//1 8113//1 8221//1
f 8144//1 8113//1 8284//1
f 8138//1 8119//1 8278//1
f 9318//1 8119//1 8227//1
f 9234//1 7849//1 7930//1
f 7929//1 7850//1 9234//1
f 9309//1 9084//1 9064//1
f 9224//1 9149//1 9084//1
f 9278//1 7977//1 7878//1
f 9278//1 7966//1 9330//1
f 9319//1 8120//1 8228//1
f 8137//1 8120//1 8277//1
f 9240//1 7986//1 7883//1
f 9240//1 7883//1 7985//1
f 9340//1 8300//1 8388//1
f 8328//1 8300//1 8415//1
f 9305//1 8959//1 9300//1
f 9305//1 9300//1 9029//1
f 9322//1 8036//1 7959//1
f 9322//1 7959//1 7989//1
f 9286//1 7893//1 8005//1
f 9286//1 8006//1 7893//1
f 9316//1 8224//1 8116//1
f 8140//1 8280//1 8116//1
f 9247//1 9188//1 9201//1
f 9247//1 9203//1 9188//1
f 8329//1 8413//1 8302//1
f 9337//1 8390//1 8302//1
f 9287//1 8000//1 7890//1
f 9287//1 7890//1 7999//1
f 9217//1 8884//1 9210//1
f 9217//1 9210//1 8853//1
f 9257//1 8598//1 8515//1
f 9257//1 8515//1 8597//1
f 9341//1 8298//1 8386//1
f 8326//1 8298//1 8414//1
f 9265//1 8422//1 8465//1
f 9265//1 8519//1 8365//1
f 9214//1 8711//1 9257//1
f 9214//1 9257//1 8597//1
f 9329//1 7967//1 7976//1
f 9329//1 8042//1 7967//1
f 9317//1 8118//1 8226//1
f 8139//1 8118//1 8279//1
f 9245//1 9204//1 9247//1
f 9245//1 9247//1 9201//1
f 9246//1 9204//1 9245//1
f 9246//1 9245//1 9200//1
f 8254//1 8318//1 9248//1
f 9248//1 8424//1 8236//1
f 9259//1 8709//1 9216//1
f 9259//1 9216//1 8594//1
f 8253//1 8317//1 9250//1
f 9250//1 8419//1 8235//1
f 9233//1 7852//1 7931//1
f 7932//1 7854//1 9233//1
f 9207//1 8737//1 9216//1
f 9207//1 9216//1 8709//1
f 9282//1 9080//1 9117//1
f 9282//1 9117//1 9087//1
f 9301//1 9032//1 9100//1
f 9301//1 9100//1 9031//1
f 9263//1 8420//1 8463//1
f 9263//1 8521//1 8367//1
f 9284//1 7997//1 7889//1
f 9284//1 7889//1 7998//1
f 9338//1 8297//1 8385//1
f 8325//1 8297//1 8416//1
f 9236//1 7936//1 8052//1
f 9236//1 8052//1 7935//1
f 9299//1 9033//1 9103//1
f 9299//1 9103//1 9032//1
f 9211//1 8882//1 9220//1
f 9211//1 9220//1 8854//1
f 9261//1 8373//1 8524//1
f 9261//1 8524//1 8462//1
f 9291//1 8011//1 7896//1
f 9291//1 7896//1 8012//1
f 9258//1 8595//1 8514//1
f 9258//1 8514//1 8596//1
f 9298//1 8960//1 9305//1
f 9298//1 9305//1 9029//1
f 9289//1 7894//1 8008//1
f 9289//1 8007//1 7894//1
f 9270//1 9086//1 9059//1
f 9311//1 9082//1 9222//1
f 9283//1 9057//1 9271//1
f 9283//1 9116//1 9079//1
f 8255//1 8319//1 9251//1
f 9251//1 8417//1 8230//1
f 9325//1 7956//1 8037//1
f 9325//1 7985//1 7956//1
f 9303//1 9027//1 9096//1
f 9303//1 9096//1 9025//1
f 9296//1 9035//1 9099//1
f 9296//1 9099//1 9034//1
f 9308//1 9223//1 9083//1
f 9268//1 9058//1 9085//1
f 9327//1 7953//1 7981//1
f 9327//1 8040//1 7953//1
f 7971//1 7965//1 9276//1
f 9276//1 7875//1 7972//1
f 9243//1 7888//1 7995//1
f 9243//1 7996//1 7888//1
f 9256//1 8600//1 8516//1
f 9256//1 8516//1 8599//1
f 9307//1 9025//1 9302//1
f 9307//1 9302//1 8957//1
f 9339//1 8299//1 8387//1
f 8327//1 8299//1 8412//1
f 9311//1 9062//1 9082//1
f 9270//1 9222//1 9086//1
f 9252//1 8233//1 8421//1
f 8421//1 8321//1 9252//1
f 9323//1 7957//1 8035//1
f 9323//1 7991//1 7957//1
f 9260//1 8375//1 8523//1
f 9260//1 8523//1 8466//1
f 9333//1 7964//1 8045//1
f 9235//1 7934//1 8051//1
f 9235//1 8051//1 7933//1
f 9290//1 8009//1 7895//1
f 9290//1 7895//1 8010//1
f 9295//1 9076//1 9112//1
f 9295//1 9112//1 9082//1
f 9328//1 7968//1 7979//1
f 9328//1 8041//1 7968//1
f 9213//1 8712//1 9256//1
f 9213//1 9256//1 8599//1
f 9224//1 9087//1 9149//1
f 9224//1 9269//1 9087//1
f 9262//1 8372//1 8518//1
f 9262//1 8518//1 8468//1
f 8331//1 8410//1 8303//1
f 9336//1 8391//1 8303//1
f 9324//1 8038//1 7955//1
f 9324//1 7955//1 7987//1
f 9254//1 8231//1 8420//1
f 8420//1 8320//1 9254//1
f 8141//1 8281//1 8117//1
f 9312//1 8225//1 8117//1
f 9219//1 8856//1 8898//1
f 9212//1 8883//1 8815//1
f 9255//1 8229//1 8418//1
f 8418//1 8323//1 9255//1
f 9277//1 7877//1 7975//1
f 7976//1 7967//1 9277//1
f 9226//1 7855//1 7933//1
f 9226//1 7952//1 7799//1
f 9334//1 7962//1 8047//1
f 9272//1 7961//1 9335//1
f 9272//1 7969//1 7873//1
f 9232//1 7854//1 7932//1
f 9232//1 7945//1 7785//1
f 9267//1 8361//1 8517//1
f 9267//1 8517//1 8467//1
f 9266//1 8418//1 8461//1
f 9266//1 8522//1 8364//1
f 9219//1 8883//1 9212//1
f 9219//1 9212//1 8856//1
f 9206//1 8712//1 9213//1
f 9206//1 9213//1 8740//1
f 9306//1 9032//1 9301//1
f 9306//1 9301//1 8961//1
f 9280//1 9086//1 9119//1
f 9280//1 9119//1 9078//1
f 7974//1 7963//1 9275//1
f 9275//1 7876//1 7973//1
f 9268//1 9085//1 9223//1
f 9308//1 9083//1 9063//1
f 9238//1 7983//1 7882//1
f 9238//1 7882//1 7984//1
f 9311//1 9222//1 9270//1
f 9311//1 9270//1 9056//1
f 9294//1 9074//1 9113//1
f 9294//1 9113//1 9081//1
f 9310//1 9055//1 9061//1
f 9310//1 9061//1 9081//1
f 8332//1 8409//1 8304//1
f 9343//1 8392//1 8304//1
f 9228//1 7950//1 7796//1
f 9228//1 7850//1 7929//1
f 9293//1 9084//1 9114//1
f 9293//1 9114//1 9075//1
f 9209//1 8813//1 8881//1
f 9218//1 8899//1 8855//1
f 9239//1 7988//1 8104//1
f 9239//1 8103//1 7987//1
f 9332//1 8046//1 7965//1
f 9332//1 7965//1 7971//1
f 9304//1 9034//1 9297//1
f 9304//1 9297//1 8964//1
f 9342//1 8389//1 8301//1
f 8330//1 8411//1 8301//1
f 9208//1 8856//1 9212//1
f 9208//1 9212//1 8738//1
f 9308//1 9054//1 9268//1
f 9308//1 9268//1 9223//1
f 9231//1 7931//1 7853//1
f 9231//1 7853//1 7790//1
f 9225//1 7858//1 7935//1
f 9225//1 7951//1 7798//1
f 9281//1 9077//1 9118//1
f 9281//1 9118//1 9085//1
f 9292//1 9083//1 9115//1
f 9292//1 9115//1 9073//1
f 9331//1 7963//1 7974//1
f 9331//1 8043//1 7963//1
f 9218//1 8855//1 9209//1
f 9218//1 9209//1 8881//1
f 9330//1 7966//1 8044//1
f 9288//1 7892//1 8003//1
f 9288//1 8004//1 7892//1
f 9205//1 8711//1 9214//1
f 9205//1 9214//1 8739//1
f 9215//1 8595//1 9258//1
f 9215//1 9258//1 8710//1
f 9271//1 9055//1 9310//1
f 9271//1 9310//1 9221//1
f 9309//1 9053//1 9269//1
f 9309//1 9269//1 9224//1
f 9314//1 8222//1 8114//1
f 8142//1 8282//1 8114//1
f 9273//1 7962//1 9334//1
f 9273//1 7970//1 7874//1
