# Blender v2.91.2 OBJ File: ''
# www.blender.org
mtllib disk_init.mtl
o membrane_sequence_membrane_0.008
v -0.000569 1.036640 -1.070035
v -0.000569 1.007610 -1.097535
v -0.000569 -0.660520 -1.040735
v -0.000569 -0.951630 0.341653
v -0.001654 0.191227 0.419701
v -0.000570 0.408347 1.284630
v -0.000569 0.589050 1.223685
v -0.000569 0.638350 1.319770
v -0.000569 1.047475 -0.398129
v -0.000569 -0.788300 1.177220
v -0.000569 -0.896135 1.143125
v -0.000570 -0.762585 0.485676
v -0.000569 -0.972515 1.128335
v -0.000569 -1.008210 1.096855
v -0.000569 -0.966775 1.083930
v -0.000569 -0.026946 -1.489285
v -0.001259 0.381880 -0.279344
v -0.000691 0.297468 -0.115758
v -0.000569 -1.297110 0.732625
v -0.000569 -1.126580 0.669460
v -0.000569 -1.205360 0.792510
v -0.001279 0.184220 -0.433235
v -0.001895 -0.029705 -0.404595
v -0.000504 0.650980 0.106988
v -0.000496 0.595995 0.260684
v -0.000571 0.830965 -0.225578
v -0.000569 -1.423330 0.439244
v -0.000569 -1.435860 0.396084
v -0.000569 -0.435286 1.424775
v -0.000569 -0.470676 1.413765
v -0.000569 0.166550 1.426755
v -0.000569 0.147744 1.482415
v -0.000569 1.325960 0.598410
v -0.000552 0.575505 -0.424884
v -0.000569 1.344460 0.399127
v -0.000569 1.432110 0.410826
v -0.000569 1.418910 0.456262
v -0.000569 1.489890 0.021444
v -0.000569 1.488460 0.066916
v -0.000569 1.435115 -0.023279
v -0.000569 -1.478780 -0.181426
v -0.000569 -1.472470 -0.223362
v -0.000569 0.713435 1.270665
v -0.000569 -1.187030 0.899825
v -0.000569 -1.285560 0.301514
v 0.000598 -0.248525 -0.180972
v -0.001033 -0.425751 -0.248682
v -0.000569 -0.361294 1.445665
v -0.000569 -0.398412 1.435485
v -0.000572 0.227195 -0.785010
v -0.000569 0.021324 -1.489485
v -0.000569 -1.272955 0.594150
v -0.000569 -1.407920 0.486184
v -0.000557 0.322524 -0.642225
v -0.000569 -1.202980 -0.400970
v -0.000569 -1.327160 -0.501350
v -0.000569 0.190376 1.478175
v -0.000569 1.066380 -1.040295
v -0.000569 -0.381117 -1.146395
v -0.000569 0.182203 -1.283515
v -0.000569 -0.534065 1.390945
v -0.000569 -0.575105 1.374225
v -0.000569 -0.941110 -0.983075
v -0.000569 1.321640 -0.687540
v -0.000569 1.343640 -0.644360
v -0.000569 0.869380 0.809170
v -0.000569 1.108820 0.311821
v -0.000569 1.343875 0.132186
v -0.000569 -0.786570 -1.149525
v -0.000569 -0.202338 -1.475885
v -0.000569 -0.245153 -1.438080
v -0.000569 0.650040 1.127490
v -0.000569 0.564070 -1.378915
v -0.000569 0.600805 -1.251090
v -0.000569 0.520090 -1.395855
v -0.000569 1.302460 -0.518320
v -0.000569 1.410815 -0.346228
v -0.000569 0.446546 -0.809770
v -0.000569 0.700335 -0.902795
v -0.000569 0.856350 1.219345
v -0.000569 0.858145 1.173505
v -0.000569 0.232071 -0.975200
v -0.000569 -1.488070 -0.062450
v -0.000569 -1.486450 -0.100290
v -0.000569 -0.705425 0.715915
v -0.000569 -1.467370 0.255814
v -0.000569 -1.475320 0.205680
v -0.000569 -0.678735 -1.226035
v -0.000569 -0.724505 1.302085
v -0.000569 -0.752725 1.226305
v -0.000569 -0.255838 1.467725
v -0.000569 -0.268447 1.436345
v -0.000569 -1.318100 -0.693460
v -0.000569 -1.298930 -0.729250
v -0.000569 1.467030 0.261294
v -0.000569 1.420750 0.249847
v -0.000569 1.475180 0.209848
v -0.000569 0.508490 1.400345
v -0.000569 0.476150 1.411975
v -0.000569 0.525540 1.352215
v -0.000569 -0.325582 1.453645
v -0.000568 -0.978675 -0.035916
v -0.000569 -0.335459 -1.361315
v -0.000573 0.457491 0.725415
v -0.000477 0.620240 -0.064405
v 0.025517 0.030861 -0.193301
v -0.000569 -0.044268 -1.014070
v -0.001123 -0.377174 0.324246
v -0.000569 1.086245 -0.947820
v -0.000569 0.287412 -1.461985
v -0.000569 0.241453 -1.410430
v -0.000569 0.244790 -1.469245
v -0.000569 -0.614365 1.357235
v -0.000569 -0.653280 1.338935
v -0.000569 0.788250 0.675230
v -0.000569 1.046465 0.640840
v -0.000569 0.552685 -1.014855
v -0.000569 -1.182275 -0.746190
v -0.000569 0.734830 1.296285
v -0.000569 0.706575 1.312045
v -0.000569 0.102890 -1.416815
v -0.000569 -1.010205 0.992335
v -0.000569 -1.071350 1.035105
v -0.000569 -1.102650 1.001585
v -0.000569 1.273450 -0.773215
v -0.000569 -1.202940 -0.879010
v -0.000569 -1.230550 -0.838830
v -0.000569 -1.349760 -0.630800
v -0.000569 -1.334090 -0.662085
v -0.000569 1.140550 -0.958885
v -0.000569 1.165430 -0.928055
v -0.000569 1.132510 0.968305
v -0.001256 0.311369 -0.355160
v -0.000569 -0.645870 -1.342405
v -0.000569 -1.145565 -0.879360
v -0.000569 1.389980 0.537455
v -0.000569 1.331455 0.537745
v -0.000567 -0.746675 -0.129018
v -0.000560 -0.743030 0.101010
v -0.000484 0.199824 0.616050
v -0.000569 1.395710 -0.521220
v -0.000569 1.408890 -0.484620
v 0.001577 -0.038224 0.307285
v -0.000569 0.538810 1.389425
v -0.000569 0.567840 1.377595
v -0.000569 0.764380 1.278815
v -0.000569 -1.489250 -0.025054
v -0.000569 -0.717070 -1.306125
v -0.000569 -0.681290 -1.324355
v -0.000569 1.094080 -1.011595
v -0.000569 0.972745 1.128585
v -0.000569 1.004550 1.100545
v -0.000569 1.466050 -0.267176
v -0.000569 1.456830 -0.311928
v -0.000569 -0.921325 -1.112420
v -0.000569 -0.999950 -1.103825
v -0.000569 -0.967360 -1.132565
v -0.000569 -1.248640 -0.076265
v -0.000569 0.795595 1.260355
v -0.000569 0.826000 1.239975
v -0.000569 1.306650 0.717275
v -0.000569 1.323150 0.684870
v -0.000569 0.819950 -1.243775
v -0.000569 0.697650 -1.237135
v -0.000569 0.783520 -1.267185
v -0.000569 -0.771675 0.867990
v -0.000569 1.485720 0.113806
v -0.000569 1.481260 0.161062
v -0.000569 -1.447030 0.353706
v -0.000569 -0.822985 1.241665
v -0.000569 -0.861215 1.215685
v -0.000569 0.181296 1.149975
v -0.000569 -0.749350 -1.287085
v -0.000569 -0.328174 -1.452755
v -0.000569 -0.247938 -1.468665
v -0.000569 -1.029770 -1.076375
v -0.000569 -1.008215 -1.034640
v -0.000499 -0.555210 -0.199658
v -0.000569 -1.451440 -0.333670
v -0.000569 -1.444360 -0.365364
v 0.000108 -0.203017 0.245176
v -0.000569 0.709550 -1.310225
v -0.000569 0.744150 -1.290465
v -0.000569 0.624575 1.353045
v -0.000569 0.595405 1.365665
v -0.000569 0.979000 -1.122765
v -0.000569 0.857120 -1.218515
v -0.000569 0.811760 -1.139700
v -0.000569 -1.277500 0.765795
v -0.000569 1.485170 -0.119408
v -0.000569 1.488290 -0.072320
v -0.000569 -0.655385 -0.682900
v -0.000569 1.373720 0.576925
v -0.000569 -1.132020 0.968265
v -0.000569 -0.059692 0.928135
v -0.000569 -1.258840 0.797340
v -0.000571 -0.003480 0.773935
v -0.000569 -1.160390 0.934175
v -0.000569 -1.336200 0.658250
v -0.000569 -1.355160 0.618615
v -0.000569 -1.254960 -0.802920
v -0.000569 -1.277600 -0.765300
v -0.000569 1.135280 -0.270657
v -0.000569 -1.151470 -0.945370
v -0.000569 -0.291864 1.461175
v -0.000569 -1.063155 -0.431932
v -0.000569 -1.039650 1.066805
v -0.000575 -0.761055 -0.345100
v -0.000500 -0.516590 -0.397760
v -0.000569 -0.502005 1.402485
v -0.000569 1.070920 1.036055
v -0.000569 1.038160 1.068815
v 0.009744 -0.250344 -0.008918
v -0.000569 1.489730 -0.026182
v -0.000569 0.952580 -1.146055
v -0.000569 -1.126390 -0.974345
v -0.000569 -1.102380 -1.001585
v -0.000569 -0.043926 1.489065
v -0.000569 -0.093691 1.408005
v -0.000569 -0.007200 1.490225
v -0.000569 0.602440 -1.362315
v -0.000569 0.639850 -1.345735
v -0.000569 0.892690 -1.192755
v -0.000569 0.922920 -1.169315
v -0.000569 -1.486080 0.104438
v -0.000569 -1.488140 0.060410
v -0.000569 -0.499436 -1.403105
v -0.000569 -0.457294 -1.418065
v -0.000569 -1.213330 0.864475
v -0.000569 1.435430 -0.399086
v -0.000569 1.422730 -0.442778
v -0.000569 1.381620 -0.558365
v -0.000569 -0.890220 0.794055
v -0.000569 0.382980 -1.439805
v -0.000569 0.426344 -1.427205
v -0.000569 -0.219734 1.473445
v -0.000569 0.402808 1.434355
v -0.000569 0.440752 1.423335
v -0.000504 -0.380986 0.543215
v -0.000570 -0.326313 -0.696490
v -0.000569 -1.317020 0.695890
v -0.000569 -1.274740 0.690035
v -0.000569 -0.572300 -1.375125
v -0.000569 -0.607850 -1.359745
v -0.000569 1.482010 -0.152800
v -0.000569 -1.410155 0.278821
v -0.000569 -1.363970 -0.597940
v -0.000569 1.233460 -0.835330
v -0.000569 1.254350 -0.804585
v -0.000569 1.445020 0.365060
v -0.000569 1.456540 0.313534
v -0.000569 -1.018340 -0.346174
v -0.000569 -0.182050 1.479125
v -0.000569 0.956830 0.773205
v -0.000569 -1.425050 -0.432978
v -0.000569 -1.414080 -0.468756
v -0.000569 0.317930 -1.455165
v -0.000569 -0.785460 -1.265725
v -0.000569 1.364000 -0.599095
v -0.000569 1.298130 -0.731485
v -0.000569 0.028706 1.489565
v -0.000569 0.276482 1.464535
v -0.000569 0.067724 -1.488025
v -0.000569 0.359520 1.446175
v -0.000569 0.320162 1.454975
v -0.000482 -0.143324 0.590525
v -0.000534 -0.301999 0.624000
v -0.000489 -0.216412 0.576665
v -0.000569 -0.687910 1.321295
v -0.000569 -1.481410 0.153826
v -0.000569 0.783840 0.526880
v -0.000569 0.941125 1.155495
v -0.000569 -1.077860 -1.028285
v -0.000569 -1.055660 -1.050485
v -0.000569 -0.934980 1.159865
v -0.000569 -0.079880 1.487935
v -0.000569 -0.113520 1.485605
v -0.000569 1.404230 0.497876
v -0.000569 0.159118 -1.481035
v -0.000569 0.202238 -1.475985
v -0.000569 -0.074432 -1.487795
v -0.000569 -0.119822 -1.484695
v -0.000569 -1.466360 -0.261906
v -0.000569 -1.459250 -0.298734
v -0.000569 -1.391500 -0.531480
v -0.000569 -1.378310 -0.564815
v -0.000569 0.681115 1.325015
v -0.000569 1.357380 0.614695
v -0.000569 0.674570 -1.328045
v -0.000569 0.387257 -0.950925
v -0.000569 -0.368532 -1.443735
v -0.000569 -0.412442 -1.431095
v -0.000569 -1.402830 -0.500005
v -0.000569 -0.754300 1.284475
v -0.000569 -0.290376 -1.461205
v -0.000569 -1.489520 0.016446
v -0.000569 -0.782440 1.267825
v -0.000569 1.478100 -0.191102
v -0.000569 1.117320 -0.985225
v -0.000569 0.104416 1.486515
v -0.000569 0.233168 1.471395
v -0.000569 1.340190 0.651440
v -0.000569 1.265430 0.787075
v -0.000569 1.212440 -0.866260
v -0.000569 1.189530 -0.896965
v -0.000569 1.103430 1.001295
v -0.000569 -1.238320 0.827710
v -0.000569 1.461570 0.290996
v -0.000569 0.472742 -1.412895
v -0.000569 0.911290 1.178645
v -0.000569 -1.176520 -0.913080
v -0.000569 -0.898535 1.188135
v -0.000569 0.341466 -1.449905
v -0.000569 -1.457450 0.307074
v -0.000569 -0.910060 -1.178875
v -0.000569 -0.937270 -1.157775
v -0.000569 -0.146168 1.482515
v -0.000569 0.654025 1.338825
v -0.000569 -0.535550 -1.390095
v -0.000569 1.188150 0.899055
v -0.000569 1.160790 0.934330
v -0.000569 1.285970 0.752350
v -0.000569 1.447340 -0.354386
v -0.000569 -1.434900 -0.399068
v -0.000569 -0.884040 -1.199065
v -0.000569 -0.852300 -1.221435
v -0.000569 1.240910 0.824675
v -0.000569 0.065102 1.488415
v -0.000569 -0.820880 -1.242785
v -0.000569 0.110658 -1.485615
v -0.000569 -1.482710 -0.139788
v -0.000569 -0.160606 -1.480845
v -0.000569 0.884680 1.199275
v -0.000569 -1.390980 0.533235
v -0.000569 1.215540 0.862000
v -0.000569 1.472400 -0.227096
v -0.000569 -1.372730 0.578010
v -0.000569 1.069895 -0.994240
v -0.000569 1.022280 -1.018680
v -0.000569 -1.367325 -0.502165
v -0.000569 -0.542470 1.349145
v -0.000569 -0.716010 -1.259350
v -0.000569 -0.080996 1.462120
v -0.000569 -1.424125 -0.335811
v -0.000569 0.295450 -1.409950
v -0.000569 1.455160 -0.148014
v -0.000569 1.170745 -0.875080
v -0.000569 0.669455 1.289860
v -0.000569 -1.208010 -0.797180
v -0.000569 -0.928435 1.108515
v -0.000536 -0.634780 0.323446
v -0.000569 1.309355 -0.591105
v -0.000569 -1.349915 -0.546710
v -0.000568 -0.934125 -0.313065
v -0.000570 0.777350 1.242215
v -0.000569 -1.382490 0.453288
v -0.000569 0.902805 -1.136100
v -0.000569 1.364500 -0.516195
v -0.000569 1.194595 -0.838890
v -0.000569 1.353925 -0.458042
v -0.000569 -0.657575 -1.286535
v -0.000569 0.426771 -1.400570
v -0.000569 -1.270315 0.644670
v -0.000569 -0.203528 1.436440
v -0.000453 -0.094913 -1.458315
v -0.000569 -1.386825 0.413330
v -0.000569 -1.310150 0.627300
v -0.000569 -0.635270 -0.787620
v -0.000569 0.695240 -1.290145
v -0.000569 0.764725 -1.233280
v -0.000569 -0.969455 -1.076010
v -0.000569 -0.545960 -1.326775
v -0.000625 0.370788 1.411090
v -0.000569 0.952145 -1.088830
v -0.000569 -0.002423 1.144435
v -0.000569 -0.152402 1.435395
v -0.000569 -1.460830 -0.018304
v -0.000569 -1.245455 -0.664135
v -0.000569 -1.324550 0.584830
v -0.000569 -1.335745 0.436665
v -0.000569 1.171385 0.857700
v -0.000569 1.422405 0.316527
v -0.000569 -1.352795 -0.280002
v -0.000569 1.120640 0.819665
v -0.000569 -1.057555 0.971680
v -0.000559 -0.699535 0.255418
v -0.000569 -0.493905 -1.352830
v -0.000569 0.110258 1.416320
v -0.000568 -0.585240 -0.703235
v -0.000569 -0.065256 1.072425
v -0.000569 -1.268905 -0.699795
v -0.000569 0.996380 -1.059720
v -0.000779 -0.130733 -1.449780
v -0.000571 -0.002022 -0.880705
v -0.000569 -0.968225 0.441789
v -0.000569 -1.382270 -0.465563
v -0.000569 -1.289125 -0.663320
v -0.000569 -1.445865 -0.061216
v -0.000569 1.269145 0.700820
v -0.000497 -0.520230 -0.283589
v -0.000567 0.229124 1.435440
v -0.000569 0.900865 1.140560
v -0.000569 0.934005 1.123120
v -0.000569 -0.037646 1.447355
v -0.000569 0.085026 1.451390
v -0.000569 -1.055200 1.005995
v -0.000569 -1.301685 0.663235
v -0.000569 -1.397605 -0.439153
v -0.000569 0.586575 1.332370
v -0.000453 0.332088 1.414230
v -0.000569 -0.921320 0.154925
v -0.000571 -0.036192 -1.404505
v -0.000566 -0.420419 -0.630545
v -0.000569 -0.598340 1.280315
v -0.000569 -0.802045 -1.203160
v -0.000569 -0.832915 -1.171650
v -0.000569 -0.822960 1.204130
v -0.000569 -1.321265 -0.588110
v -0.000569 0.122801 1.452685
v -0.000569 1.442365 -0.097095
v -0.000569 0.341504 -1.405470
v -0.000569 -0.649800 1.298600
v -0.000569 0.125260 -1.457370
v -0.000569 -1.092660 0.958940
v -0.000569 -0.848470 1.162755
v -0.000569 0.483986 -0.957010
v -0.000569 1.212810 -0.793915
v -0.000569 -0.238731 1.442160
v -0.000569 0.614375 1.279455
v 0.050774 0.026231 0.145087
v -0.000567 0.806955 1.214885
v -0.000569 -0.309135 0.947945
v -0.000569 0.662925 1.232130
v -0.000569 1.140680 0.888695
v -0.001334 0.418562 0.220571
v -0.000569 0.312463 1.046245
v -0.000569 -1.391840 0.372381
v -0.000552 0.212130 0.707795
v -0.000569 1.285480 0.640295
v -0.000584 0.405690 1.384820
v -0.000569 -0.619315 1.321065
v -0.000569 1.191905 0.819080
v -0.000569 -1.187215 -0.840150
v -0.000569 -1.177510 0.744585
v -0.000569 -0.975285 -0.418414
v -0.000569 0.092609 -1.459960
v -0.000569 1.344385 -0.556610
v -0.000569 1.238270 0.748640
v -0.000569 0.948760 1.086165
v -0.000569 -0.117348 1.454735
v -0.000483 -0.598505 -0.129058
v -0.000380 -0.033716 -0.332437
v -0.000569 1.436205 -0.187716
v -0.000569 -1.303315 -0.627105
v -0.000569 0.963285 -1.023560
v -0.000569 -1.406740 -0.378842
v -0.000569 -0.871635 -1.171685
v -0.000569 0.049910 1.456725
v -0.000569 -0.780345 -1.232395
v -0.000503 0.278799 -0.568925
v -0.000569 -1.149005 -0.806420
v -0.000569 -1.405155 -0.413085
v -0.000569 -0.793875 1.223415
v -0.000569 -1.339695 0.539230
v -0.000569 -1.433670 -0.107849
v -0.000569 -0.876020 -0.914505
v -0.000569 -1.058820 0.919085
v -0.000550 -0.055602 -1.451125
v -0.000500 -0.168345 -1.445645
v -0.001871 0.216535 -0.336917
v -0.000569 -1.034240 1.029340
v -0.000569 -0.513615 -1.109110
v -0.001262 0.419282 -0.213415
v -0.000570 -0.865210 0.310379
v -0.000509 -0.406243 -0.541540
v -0.000569 1.376070 -0.394460
v -0.000569 -0.685675 1.284930
v -0.000569 -0.602795 -1.326790
v -0.000569 -0.057585 -1.172840
v -0.000569 0.460616 -0.897435
v -0.000567 -0.308785 -0.087266
v -0.000569 0.161005 -1.443445
v -0.000569 0.739165 -1.171515
v -0.000569 -1.068280 -0.530930
v -0.000569 0.999735 -0.799060
v -0.000590 0.284436 1.421170
v -0.000569 -1.071925 0.519945
v -0.000569 0.025008 -1.449595
v -0.000569 -1.193640 0.309592
v -0.000569 -1.074970 -0.884595
v -0.000569 -0.486583 1.350395
v -0.000569 -1.196145 -0.589925
v -0.000569 0.187421 -1.026105
v -0.000569 -0.007169 -1.448695
v -0.000569 -0.852025 -1.112475
v -0.000569 -0.276014 -1.068925
v -0.000569 -0.889925 0.575655
v -0.000569 -0.580880 1.330305
v -0.000569 -1.302765 0.225151
v -0.000568 -0.558850 -0.777385
v -0.000569 -0.440282 -1.379345
v -0.000569 -0.711845 1.257595
v -0.000654 -0.101797 0.536455
v -0.000575 0.714345 0.419575
v -0.000569 0.165755 -1.215415
v -0.000521 0.593605 0.348958
v -0.000569 0.967990 -0.373248
v -0.000563 0.705750 0.233318
v -0.000569 1.275990 -0.441575
v -0.000569 0.824620 0.574040
v -0.000569 0.013049 1.446605
v -0.000569 1.121115 0.927830
v -0.000562 0.025781 -0.741375
v -0.000569 0.544885 -0.920320
v -0.000569 0.738375 -0.852145
v -0.000569 -1.191190 0.849725
v -0.000569 1.077905 -0.167687
v -0.000569 -0.754085 -1.249145
v -0.000574 0.508760 -0.645075
v -0.000576 0.416717 -0.653055
v -0.000569 -1.437470 0.037947
v -0.000569 0.598505 -1.305150
v -0.000569 0.056492 -1.452010
v -0.000569 0.831680 0.869080
v -0.000569 0.852575 -1.112040
v -0.000569 1.223245 0.788315
v -0.000569 0.988940 1.057540
v -0.000569 -0.201327 -1.410715
v -0.000569 -1.440495 -0.211751
v -0.001155 -0.492714 0.012224
v -0.000569 0.590500 -1.343550
v -0.000585 -0.093992 -1.418210
v -0.000579 -0.130909 -0.776935
v -0.000569 -1.244065 -0.748655
v -0.000569 0.650290 -1.284885
v -0.000557 0.709775 0.181898
v -0.000569 1.095065 -0.328385
v -0.000573 -0.360111 -0.786255
v -0.000569 -1.156815 -0.447899
v -0.000899 -0.506515 0.106254
v -0.000569 -0.639790 1.171755
v -0.000569 -1.366660 0.330402
v -0.000569 1.273910 -0.002958
v -0.000569 -0.277049 -1.336075
v -0.000570 0.265491 -0.836680
v -0.000569 -0.420858 1.378830
v -0.000569 -1.080830 0.448371
v 0.020116 -0.074579 -0.196280
v -0.000569 -0.898465 -1.146640
v -0.000569 -1.361490 -0.415403
v -0.000569 -1.412540 -0.293931
v -0.000569 0.172157 -1.391405
v -0.000569 0.803950 -1.189655
v -0.000569 1.393470 0.418623
v -0.000569 -1.260770 -0.584995
v -0.000569 -0.994785 1.046520
v -0.000496 0.629905 0.202311
v -0.000569 1.008215 0.876560
v -0.000569 0.823945 -0.617370
v -0.000574 -0.839690 -0.069601
v -0.000498 -0.299934 0.549155
v -0.000569 -1.358595 0.490908
v -0.000574 -0.473122 0.700090
v -0.000569 0.204334 -1.438095
v -0.000605 0.461702 -0.287503
v -0.000569 1.179705 0.762100
v -0.000569 -1.244635 0.772415
v -0.002026 -0.408197 0.067785
v -0.000569 1.440685 0.140484
v -0.000569 1.450240 0.094983
v -0.000572 -0.047155 0.853890
v -0.000569 -0.366629 1.395090
v -0.000569 1.056615 0.799360
v -0.000565 0.426294 1.338465
v -0.000565 0.440559 0.629010
v -0.000525 0.310974 -0.494449
v -0.000569 0.547650 -1.325640
v -0.000569 -0.246159 1.396825
v -0.000575 0.599930 0.535580
v -0.000490 -0.612095 0.230208
v -0.000569 -0.463069 1.394045
v -0.000569 -1.010345 0.184964
v -0.000569 0.880630 -0.907405
v -0.000569 0.472133 1.312170
v -0.000569 1.386015 0.181208
v -0.000569 1.398285 0.369984
v -0.000478 -0.541950 0.295611
v -0.000569 0.853470 -1.164780
v -0.000569 1.198170 0.343735
v -0.000569 0.959300 -0.899385
v 0.009130 -0.199582 0.162245
v -0.000569 -0.378073 1.242605
v -0.000569 1.373635 0.456903
v -0.000569 -0.899910 -0.472907
v 0.056026 -0.019281 -0.115370
v -0.002023 0.333741 0.222819
v -0.000569 -0.101466 -1.062655
v 0.007396 0.259034 0.006356
v -0.000518 0.533610 0.224193
v -0.000568 0.464999 1.374770
v -0.000573 -0.829120 0.124791
v -0.000569 1.317470 0.469600
v 0.042096 -0.155508 -0.019199
v -0.000569 1.419635 -0.232353
v -0.000569 1.436190 0.050368
v -0.000571 -0.604080 0.639820
v -0.000569 1.190010 0.026599
v -0.000569 1.440770 0.188495
v -0.000569 0.923495 0.859530
v -0.000569 1.035820 0.945045
v -0.000569 -1.159850 0.881315
v -0.000569 -0.309698 1.413820
v -0.000569 -1.117380 0.890330
v 0.036478 0.164917 -0.024603
v -0.002095 0.334080 -0.214405
v -0.000569 1.013575 1.009500
v -0.000539 0.687950 -0.050487
v -0.000569 0.090418 -0.986085
v -0.000569 0.244992 1.381675
v -0.000569 1.347125 -0.330492
v -0.000569 0.133383 1.371195
v -0.000664 0.192303 0.520705
v -0.000569 -0.286751 -1.405150
v -0.000569 0.749450 0.583985
v -0.000569 0.620610 0.697870
v -0.000569 1.402100 -0.287032
v -0.000569 -0.781435 -1.000005
v 0.002471 -0.277631 0.100997
v -0.000569 -0.693425 -1.136390
v -0.000569 -0.340039 -1.411380
v -0.000569 -0.013159 1.388060
v -0.000569 -1.048370 -0.997450
v -0.000569 0.394759 -1.363305
v -0.000501 -0.466845 0.359762
v -0.000569 0.765035 -0.689570
v -0.000569 1.062665 0.989230
v -0.000877 0.263493 -0.435419
v -0.000569 -1.081830 -0.952565
v -0.000838 0.075467 -0.508120
v -0.000569 1.352325 0.309713
v -0.000569 -1.112255 0.934145
v -0.002287 -0.383815 -0.085734
v -0.000569 -0.737970 0.624455
v -0.000569 1.125575 -0.035696
v -0.000569 1.363345 0.499917
v -0.000525 0.358984 -0.562295
v -0.000569 -0.381284 -1.393950
v -0.000570 0.879825 -0.012461
v -0.000569 -0.351761 -1.088575
v -0.000569 -0.620795 0.960025
v -0.000569 0.467749 1.244030
v -0.000569 -1.408540 0.140345
v 0.026126 -0.185666 0.071540
v -0.000525 0.564095 0.131918
v -0.000569 -1.452130 0.097026
v -0.000569 -1.116045 -0.927235
v -0.000569 -0.713135 0.913255
v -0.000569 1.037735 -0.890310
v -0.000569 1.143565 -0.823875
v -0.000569 0.952010 0.137060
v -0.000569 -1.345995 0.277259
v -0.001900 0.280937 -0.257838
v -0.000509 0.134939 -0.578745
v -0.000569 0.338884 1.167120
v -0.001928 -0.245530 -0.275645
v -0.000569 -0.954765 0.522095
v -0.000569 1.089590 0.954220
v -0.000569 1.110465 0.680935
v -0.000569 1.083850 0.582030
v -0.000501 -0.657325 -0.002528
v -0.000571 0.815175 -0.302985
v -0.000569 -0.620235 1.035200
v -0.000574 -0.734020 0.415978
v -0.000569 1.118945 -0.896450
v -0.000569 1.043085 0.475772
v -0.000569 -0.342097 1.047430
v -0.000569 -1.436135 0.188231
v -0.000569 1.081995 0.893570
v -0.000569 0.642150 -1.166010
v -0.000570 -0.712720 0.545265
v -0.000569 -0.410550 0.965785
v -0.000569 -0.929945 1.039505
v -0.000569 -0.811025 -1.056245
v -0.000569 -0.801930 1.114695
v -0.000569 0.414778 1.138490
v -0.000569 -1.301195 0.085552
v -0.000569 -0.390954 -1.336835
v -0.000655 -0.231518 0.501390
v -0.000569 0.615880 -0.804650
v 0.005960 -0.094156 0.258040
v -0.000569 -1.381330 0.212863
v -0.000569 1.340865 -0.139644
v -0.000569 0.494625 0.889460
v -0.001646 0.437938 -0.091337
v -0.000569 0.792800 1.153935
v 0.025591 0.184275 0.074415
v -0.000569 0.116555 -1.350870
v -0.000569 1.318225 -0.066682
v -0.000513 -0.570380 -0.340379
v -0.000569 1.003970 -0.246022
v -0.000569 -0.729590 -0.914570
v -0.000569 0.312071 -1.263335
v 0.028887 0.127243 0.146418
v -0.000569 1.033110 -0.961850
v -0.000569 0.509350 -1.366250
v -0.000569 -0.956210 -1.023200
v 0.059271 -0.099477 0.060369
v -0.000777 0.275918 0.466980
v -0.000569 -1.086945 -0.265481
v -0.000520 -0.228549 -0.636030
v -0.000569 -0.870280 1.096455
v -0.000528 0.677820 0.010989
v -0.000569 0.047777 0.994465
v -0.000515 -0.475077 -0.486837
v -0.000569 -1.434065 0.228308
v -0.000571 0.857085 0.229157
v -0.000569 -1.028570 -0.593685
v -0.000569 -0.086818 1.161660
v -0.000569 -0.594280 -1.001890
v -0.000569 0.538770 -1.175815
v -0.000569 1.121415 0.744865
v -0.000569 0.891400 -0.804160
v -0.000569 -0.104257 1.027830
v -0.000569 -1.236845 0.734025
v -0.000525 0.099166 -0.670050
v -0.000564 0.729130 -0.106808
v -0.000569 -1.242850 0.122643
v -0.000569 -1.132395 -0.517970
v -0.000571 0.106380 -0.773425
v -0.000569 0.015642 -1.038045
v -0.000570 -0.681715 -0.587345
v -0.000569 -1.020100 0.470542
v -0.000758 0.386741 -0.350215
v -0.000569 0.117303 -1.260075
v -0.000569 -0.937380 0.249547
v -0.000569 -0.545945 0.980390
v -0.000569 -0.912615 0.485144
v -0.000569 -0.315464 -1.138490
v -0.000569 -0.976585 0.926170
v -0.000486 0.557090 -0.203875
v 0.004183 -0.163026 -0.225325
v -0.000569 -1.050690 0.039754
v -0.000524 0.194802 -0.643255
v -0.000569 -1.370445 -0.344348
v -0.000569 0.185051 -1.124475
v -0.000569 -0.001796 1.315355
v -0.000569 1.197865 -0.667945
v 0.004538 -0.010254 -0.278434
v -0.000569 0.457016 -1.359635
v -0.000717 -0.518780 -0.130033
v -0.000471 -0.474837 0.466943
v -0.000569 0.786665 0.460394
v -0.000569 1.267555 0.569375
v -0.000574 -0.643790 -0.508230
v -0.000569 0.461785 -1.043775
v -0.000568 -0.882555 0.393480
v -0.000569 1.265005 -0.679040
v -0.000569 1.383380 -0.079593
v -0.000652 -0.165071 0.523430
v -0.000530 0.587530 -0.359907
v -0.000569 -1.028175 0.583985
v -0.000569 0.098944 1.129110
v -0.000569 1.356675 -0.010912
v -0.000569 0.394745 1.205435
v -0.000569 -0.963935 -0.625695
v -0.000569 -0.249676 -1.226020
v -0.000569 1.006395 0.068723
v -0.000569 -1.179715 0.403113
v -0.000568 0.549260 -0.768245
v -0.000569 1.041405 -0.603205
v -0.001367 -0.096588 0.460038
v -0.000571 0.308438 0.866705
v -0.000569 0.801190 -1.041820
v -0.000569 -0.732860 -0.758185
v -0.000569 -1.104415 -0.137954
v -0.000569 -0.322468 1.154820
v -0.000570 -0.738605 -0.522680
v -0.000569 0.887970 -0.342965
v -0.000569 0.836035 0.509870
v -0.000574 0.758835 -0.240524
v 0.000135 0.251241 -0.195592
v -0.000569 -0.691690 -0.854155
v -0.000569 -0.114626 0.960570
v 0.016613 0.008644 0.229697
v -0.000569 0.911930 -0.413252
v -0.000569 0.780925 -0.535900
v -0.000575 -0.120934 0.803685
v -0.000569 1.067410 -0.263380
v -0.000569 0.980260 0.649680
v -0.000817 -0.477268 -0.200479
v -0.000569 1.227690 -0.729855
v -0.000569 0.946950 -0.288821
v -0.000569 -1.159880 -0.680630
v -0.000569 -1.047460 -0.219231
v -0.000569 1.039440 0.712260
v -0.000569 1.086200 -0.808430
v -0.000573 0.778380 -0.161537
v -0.000507 -0.664850 0.078799
v -0.000501 0.393999 -0.486139
v -0.000570 0.811945 -0.386649
v -0.000569 -0.203889 -1.315780
v -0.000569 0.830320 -0.466060
v -0.000569 0.233292 1.194415
v -0.000569 -1.140165 0.484574
v -0.000873 0.038446 0.511575
v -0.001454 -0.434849 0.167788
v -0.000519 0.665645 -0.120616
v -0.000569 1.041920 -0.525265
v -0.000569 0.028728 1.052020
v -0.000861 -0.298111 -0.419606
v -0.000844 -0.451601 0.262552
v -0.000569 -0.190798 -1.064940
v -0.000569 0.882125 -0.270807
v -0.000569 0.172529 1.065545
v -0.000566 0.741505 0.086960
v -0.000565 -0.159981 0.734115
v -0.000569 -1.143265 0.832565
v -0.000569 0.265884 1.119265
v -0.000569 0.893355 -1.079000
v -0.000571 0.722580 0.505810
v -0.000569 0.312808 -1.369075
v -0.001824 -0.336000 -0.150584
v -0.000569 1.275335 -0.304556
v -0.000494 -0.594110 0.138795
v -0.000486 0.499429 -0.357594
v -0.000569 -0.462819 -0.809115
v -0.000569 -0.973035 0.615945
v -0.000569 -0.940655 -0.374676
v -0.000568 0.310316 1.279990
v -0.000569 0.894565 0.749370
v -0.001216 0.454321 -0.149197
v 0.046226 0.089172 -0.110480
v -0.000610 -0.523545 0.200206
v -0.000569 0.579860 -1.110065
v -0.000569 1.053430 -0.711405
v -0.000474 0.539130 -0.289464
v -0.000552 -0.580050 0.047815
v 0.019848 0.099162 0.192654
v -0.000569 0.151224 1.207840
v -0.000569 0.880975 0.936495
v -0.000573 -0.290804 0.725300
v -0.000571 -0.505890 -0.718325
v -0.000540 -0.219289 0.675020
v -0.000571 -0.121431 0.887585
v -0.000569 0.812285 -0.853170
v -0.000569 0.958875 0.947085
v -0.000635 0.534535 -0.113429
v -0.000572 -0.849475 0.219433
v -0.000569 -0.430661 -1.055270
v -0.000569 1.021510 -0.316322
v -0.000569 -1.425535 -0.161683
v -0.000569 1.292515 -0.371661
v -0.000573 -0.230002 0.757350
v -0.000569 0.689350 1.038515
v -0.000569 -0.157066 1.208345
v -0.000704 0.339175 -0.409777
v 0.005398 -0.271838 0.045098
v -0.000571 0.458481 -0.719770
v -0.000486 -0.229558 -0.567690
v -0.000569 -1.029660 0.282139
v -0.001068 -0.281325 0.193619
v -0.000569 -0.152448 1.109400
v -0.000569 0.952170 0.704050
v -0.000569 -0.172734 0.998850
v 0.000175 -0.103115 -0.299256
v -0.000571 0.714515 -0.537305
v -0.000574 -0.541180 -0.609990
v -0.000569 -1.119170 0.246626
v -0.000572 0.744150 -0.451384
v -0.000574 0.660085 -0.495448
v -0.000569 0.854115 1.107770
v -0.000569 0.972220 -0.539175
v -0.000569 0.180516 -0.933640
v -0.000575 0.780265 -0.008125
v -0.000569 -0.150631 -1.218600
v -0.000569 -0.475280 -0.858015
v -0.000569 1.026730 0.374335
v -0.000569 -0.535835 1.299915
v 0.015628 -0.199938 -0.101238
v -0.000609 0.230808 -0.504290
v -0.000513 -0.323669 -0.591455
v -0.000569 1.201895 -0.330687
v -0.000528 0.543420 0.429115
v -0.001967 -0.349492 0.134587
v -0.000569 0.443928 -1.290235
v -0.000559 -0.464134 -0.574025
v -0.000569 -0.738865 1.171030
v -0.001107 0.494475 0.070231
v -0.000569 1.158505 0.192121
v -0.000574 -0.196665 0.812880
v -0.000569 0.875090 0.407574
v -0.000569 -0.055969 -1.266205
v -0.000569 1.297395 -0.643245
v -0.001704 0.051453 0.435497
v -0.000569 -0.647140 -1.108525
v -0.000569 -1.002150 -0.249647
v -0.000572 0.029950 0.851085
v -0.000569 -0.578670 -1.077970
v -0.000564 0.693850 -0.273355
v -0.000501 -0.393711 -0.436218
v -0.000576 0.734160 -0.347903
v -0.001098 -0.385579 -0.301584
v -0.000557 -0.088272 0.731295
v -0.000569 -0.215637 0.913865
v -0.000569 0.941045 -0.962500
v -0.000569 -0.849240 0.850125
v -0.000574 -0.428794 -0.696870
v -0.000569 -0.984680 -0.190235
v -0.000512 -0.125193 0.665205
v -0.001722 -0.398970 -0.185650
v -0.000569 -0.136400 -1.328285
v -0.000569 -0.391929 -0.876695
v 0.004291 0.085427 -0.267621
v -0.000572 0.785910 0.388919
v -0.000569 0.624010 -0.963775
v -0.000569 -1.273205 0.365292
v 0.074881 0.036124 -0.033457
v -0.000682 0.489430 -0.203242
v 0.032777 -0.119385 0.142283
v -0.000575 -0.780810 0.278899
v -0.000569 0.540000 1.278755
v -0.000574 -0.385920 0.767610
v -0.000569 -0.412660 -0.970195
v -0.000560 -0.559490 0.492604
v -0.000569 0.247377 -1.058390
v -0.000569 1.126750 -0.562950
v -0.000874 0.491432 0.159871
v -0.000575 0.359846 -0.712515
v -0.000569 0.266033 -1.126495
v -0.000574 0.738190 0.355882
v -0.002179 -0.409122 -0.014375
v -0.000569 -0.031723 1.000435
v -0.000575 -0.294421 -0.779595
v -0.000569 1.242300 -0.250063
v -0.000570 0.548465 -0.693095
v -0.000569 1.356250 -0.237339
v -0.000569 -0.336955 -1.034020
v -0.000569 1.166970 -0.472502
v -0.000569 -0.044172 -1.356240
v -0.000569 1.209650 -0.423434
v -0.000569 0.735195 -0.598995
v -0.000516 -0.391845 0.422159
v -0.000494 -0.521700 -0.338665
v -0.000569 0.214424 -1.344765
v -0.000569 -0.739275 -1.201175
v -0.000569 1.400190 0.103317
v -0.000569 0.028319 -1.306880
v 0.070985 -0.065492 -0.028834
v -0.000569 -0.903350 -1.049105
v -0.000570 -0.301885 -0.845125
v -0.000571 -0.880775 0.085340
v -0.000569 -0.797040 -0.848950
v -0.000569 0.939655 1.022610
v 0.005321 0.140151 0.233790
v -0.000565 -0.562050 -0.497899
v -0.000535 -0.699840 -0.044412
v -0.000569 1.162595 -0.751685
v -0.000569 -0.139608 1.345770
v 0.010077 -0.152118 0.202938
v -0.000569 0.862140 1.012195
v -0.000569 -1.064090 0.140213
v -0.000569 -0.817790 -0.936840
v -0.000497 0.199370 -0.579605
v -0.000570 0.093015 -0.886540
v -0.000569 -1.121530 -0.601955
v -0.000569 -0.734900 1.092895
v -0.000569 0.528640 0.969655
v -0.001381 -0.446499 -0.135478
v -0.000569 0.953950 -0.709245
v -0.000569 -0.252365 -1.001190
v -0.000518 0.418976 -0.411703
v -0.000569 -0.706125 0.852475
v -0.000569 0.913520 0.578640
v -0.000569 -1.104650 0.343205
v -0.000500 -0.652415 -0.089464
v -0.000504 -0.314582 -0.502225
v -0.001266 -0.472172 -0.083881
v -0.000548 0.637165 -0.313185
v 0.000855 0.182177 -0.246794
v -0.000569 0.626955 0.783680
v -0.000571 0.661375 -0.578750
v -0.000571 -0.321584 0.474750
v -0.000571 -0.374715 0.665645
v -0.000569 0.985095 -0.504490
v -0.000569 0.116661 1.310050
v -0.000569 -0.686715 1.020050
v -0.000569 0.629795 -1.068615
v -0.000505 0.487221 0.463499
v -0.000569 -0.757550 1.027230
v -0.000572 0.668655 0.567385
v -0.000568 -0.322668 -0.939650
v -0.000568 -0.232032 -0.917010
v -0.000558 0.700680 -0.192258
v -0.000569 -0.562420 -0.840575
v -0.000569 0.795280 -0.785500
v -0.000569 1.239955 0.515050
v -0.000569 0.312965 -1.003030
v -0.000498 -0.607490 -0.251664
v -0.000569 0.480894 1.108070
v -0.000571 -0.291101 0.830760
v -0.000569 1.214475 -0.509315
v -0.000901 0.516330 -0.025183
v -0.000569 -0.827095 -0.734955
v -0.000490 -0.180007 -0.610140
v -0.000569 0.742485 1.214760
v -0.000569 -0.563225 0.739440
v -0.000571 -0.847165 -0.274520
v -0.000574 -0.482836 -0.649440
v -0.000529 0.249533 -0.630875
v -0.000568 0.028656 0.948420
v -0.000569 -1.114235 -0.364648
v -0.000569 1.015775 0.270307
v -0.000567 0.024691 -0.964460
v -0.000530 -0.453721 0.535765
v -0.000492 0.530150 0.293199
v -0.000568 -0.928050 -0.216739
v -0.000571 0.857155 -0.162564
v -0.000569 -0.848405 -1.007335
v -0.000569 0.290319 -0.932075
v -0.000569 0.466760 1.175805
v -0.000572 0.687875 0.334927
v -0.000569 0.929495 -0.487342
v -0.000574 -0.212370 -0.832100
v -0.000569 -1.025665 0.398762
v -0.000569 -0.446674 -1.319540
v -0.000569 -0.457078 -1.150265
v -0.000569 -1.414825 -0.015570
v -0.000569 -0.637415 0.800455
v -0.000569 -0.651070 0.883165
v -0.000559 0.446932 -0.569985
v -0.000321 -0.158749 0.283260
v -0.000569 -0.554675 1.206515
v -0.000570 0.623755 0.431974
v -0.000569 -1.294705 0.496695
v -0.000569 0.199379 1.285905
v -0.000569 1.194750 0.436333
v -0.000569 -1.370110 -0.121287
v -0.000569 0.029362 -1.408235
v -0.000569 -1.166935 0.576025
v -0.000569 0.633670 0.974595
v -0.001889 -0.219764 -0.358415
v -0.000569 0.727460 0.948090
v -0.000569 0.021271 -1.215780
v -0.000569 -0.885575 -0.562135
v -0.000008 -0.317746 -0.011942
v -0.001766 0.436044 0.085969
v -0.002026 -0.101099 -0.375206
v -0.000707 0.147379 -0.514220
v 0.058443 0.098519 -0.037441
v -0.000574 -0.235820 -0.743340
v -0.000569 -1.391630 0.056256
v -0.001469 0.029633 -0.451627
v -0.000569 0.524735 1.207140
v -0.000569 -0.602805 -1.150855
v -0.000506 0.618515 -0.247781
v 0.032139 0.151625 -0.086783
v -0.002067 -0.136037 0.391641
v -0.000485 0.107888 0.584280
v -0.001915 -0.159418 -0.334612
v -0.000569 -0.486055 -0.907250
v -0.000569 1.272520 0.410092
v -0.000569 1.128420 0.410210
v -0.000569 1.206130 0.701200
v -0.000569 0.354283 1.103175
v -0.000569 0.627740 0.870745
v -0.000534 0.586485 0.039893
v -0.000576 0.037337 -0.816055
v -0.000569 0.799315 0.951125
v -0.000573 0.093795 -0.837965
v -0.000569 -0.485476 0.808200
v -0.000555 0.353862 1.375835
v -0.000569 0.549510 1.126405
v -0.002196 -0.289335 0.287502
v -0.000569 -1.059995 -0.776620
v -0.000568 -0.351963 0.909950
v -0.000569 -0.504290 -1.196210
v -0.000569 0.102710 -1.082490
v -0.000569 -0.654340 1.095055
v -0.000569 0.868300 0.312677
v -0.000566 -0.749365 -0.180978
v -0.000569 0.231112 -0.893230
v -0.000569 -0.336678 -1.284545
v -0.000569 -0.178892 1.279850
v -0.000569 0.370516 -0.857720
v -0.000573 0.309943 -0.778335
v -0.000569 0.482354 1.004425
v -0.000568 -0.188742 -0.966015
v -0.000569 -0.879985 -0.702440
v -0.001144 -0.108898 0.326340
v -0.000569 -1.225435 0.669765
v -0.001818 -0.166366 -0.394336
v -0.000549 0.507095 0.511605
v -0.000571 -0.140472 -0.887335
v -0.000569 -0.996520 -0.524640
v -0.000569 -1.068670 0.204157
v -0.000569 0.057643 1.407625
v -0.000569 0.893765 -0.215121
v -0.000569 0.102850 -1.192200
v -0.000569 0.943065 0.198312
v -0.000569 0.857535 -0.706225
v -0.000520 -0.659120 -0.187971
v -0.000569 0.619035 1.086665
v -0.000569 0.391583 -1.210070
v 0.001556 0.072345 0.295516
v -0.000502 0.036459 -0.592795
v -0.001035 0.281561 0.188750
v -0.000716 -0.036368 0.530455
v -0.000569 -0.212234 -1.136455
v -0.000569 -1.322040 -0.060748
v -0.000568 -0.645900 0.699380
v -0.000569 -0.587235 -1.270135
v -0.001568 -0.029410 0.450052
v -0.000569 -0.876960 0.666930
v -0.000575 0.835515 0.074720
v -0.000834 -0.225992 -0.470881
v -0.000569 -0.030225 -0.758170
v -0.000574 -0.836970 -0.173676
v -0.000568 -0.544380 0.837520
v -0.000574 -0.528170 0.656275
v -0.000569 -1.299585 0.007685
v -0.000565 -0.527475 -0.541290
v -0.000569 1.189460 0.595000
v -0.000569 -1.022805 -0.930285
v -0.000576 -0.050704 -0.844225
v -0.000569 0.887710 0.678545
v -0.000566 -0.619025 -0.416739
v -0.000569 -0.415849 1.302685
v -0.000569 -1.211695 -0.146409
v -0.000570 0.546910 0.757510
v -0.000518 -0.009546 -0.679605
v -0.000569 0.382381 -1.039025
v 0.012894 0.154643 0.183476
v -0.000569 0.365971 -1.296340
v -0.000569 -1.014015 -0.133318
v -0.000569 1.105335 0.625115
v -0.000569 0.790975 1.018375
v -0.000569 -0.823330 0.630385
v -0.000578 -0.734735 0.346785
v -0.000569 1.280200 -0.151656
v -0.000516 0.126989 0.678770
v -0.000706 0.007557 -0.533050
v -0.000569 -0.495550 -1.298095
v -0.000574 0.153492 0.822370
v -0.001907 -0.364273 0.228468
v -0.002394 -0.206178 0.347618
v -0.000576 0.794435 0.164280
v 0.017076 0.118922 -0.183813
v -0.002025 -0.322315 -0.228510
v -0.000568 -0.668340 0.637215
v -0.000569 0.993385 -0.179315
v -0.000569 -0.217465 1.152370
v -0.000463 0.623640 -0.174150
v -0.000478 -0.028648 -0.609980
v -0.000566 0.558185 0.489556
v -0.002158 0.418654 0.015106
v -0.000569 -0.794115 -0.678935
v -0.000569 1.137755 -0.100001
v -0.000571 -0.609655 -0.631715
v -0.000569 -1.101410 0.587835
v -0.000569 0.883595 -0.538930
v -0.002139 0.376002 0.145136
v 0.002227 0.191188 0.218027
v -0.000569 0.779235 0.830005
v -0.000568 0.940155 -0.098196
v -0.000574 -0.690685 0.476258
v -0.000569 0.572415 0.914305
v -0.000569 0.115973 1.018305
v -0.000569 -0.122629 -1.116110
v -0.000682 0.392352 0.387171
v -0.000569 -0.828515 0.946735
v -0.000569 0.589380 1.047175
v -0.000569 0.749505 0.884445
v -0.000569 -1.212970 0.221747
v -0.000491 -0.450538 -0.396338
v -0.001417 0.104893 -0.446868
v -0.001428 -0.327850 -0.329706
v -0.000568 0.923760 0.272797
v -0.000576 0.650720 0.496081
v -0.001221 -0.041988 -0.474759
v -0.000572 0.083563 0.794270
v -0.000569 1.174795 -0.598150
v -0.000573 0.610470 0.597480
v -0.000569 0.697515 0.630010
v -0.001830 0.124314 -0.375262
v -0.000573 0.326243 0.770480
v -0.001183 0.097758 0.475621
v -0.000380 0.322120 0.003573
v -0.000569 0.921150 -0.631390
v 0.055652 -0.057403 0.111162
v -0.000569 -0.254731 1.000130
v -0.000485 0.017594 0.593910
v -0.000569 -0.979140 -0.883170
v -0.000569 0.525635 1.046650
v -0.000569 1.138305 -0.645295
v -0.000569 -0.239268 1.079625
v -0.002087 0.371798 -0.127991
v -0.000569 -1.244415 -0.204342
v -0.000569 -0.273916 1.241410
v -0.000569 0.412481 0.880400
v 0.026900 -0.071455 0.188762
v -0.000567 0.256805 -0.705020
v -0.000575 -0.619605 0.552605
v -0.000573 0.557330 -0.545665
v -0.000569 -0.726430 -0.672635
v -0.000569 -0.104693 1.270140
v -0.000571 -0.449266 0.615210
v -0.000569 1.247335 -0.614195
v -0.001971 0.085480 0.377943
v -0.000569 0.974220 -0.000899
v -0.000568 -0.060072 -0.938730
v -0.000570 -0.516515 0.575970
v -0.000569 -0.503380 -1.005115
v -0.000569 -0.947770 0.068891
v -0.000569 -1.295115 -0.401151
v -0.000570 -0.615890 0.470675
v -0.000569 0.677120 -0.842275
v -0.000527 -0.678865 0.167180
v -0.000569 -1.214775 0.487311
v -0.000569 0.683285 0.908200
v -0.000569 -1.196965 -0.017678
v -0.000569 -0.976820 0.720185
v -0.000570 0.895560 0.160517
v -0.000569 0.676715 -0.668825
v -0.001798 0.362182 0.059320
v -0.000569 -1.069685 0.840810
v -0.000569 0.097273 0.950345
v -0.000570 0.513745 0.564730
v -0.000569 1.175395 -0.158239
v -0.000569 0.053732 1.221965
v -0.000569 -0.654400 1.245145
v -0.000569 1.041580 -0.082985
v -0.000569 -0.066559 1.335205
v -0.000156 0.117354 -0.310293
v -0.000568 -0.401678 0.879295
v -0.001169 -0.246391 0.425611
v -0.000531 0.279589 0.656375
v -0.000530 0.370011 0.460497
v -0.000569 0.982100 0.039876
v -0.000470 -0.066195 0.604450
v -0.000569 0.254728 -1.290220
v -0.000569 0.753600 1.111745
v -0.000569 0.362718 0.958225
v -0.000569 -0.861060 1.037950
v -0.000525 0.451998 0.358510
v -0.000569 -0.488680 0.906090
v -0.000569 -0.421195 -1.242255
v -0.000569 0.883075 -0.978940
v -0.000576 -0.665855 0.419967
v 0.075687 -0.018361 0.058403
v -0.000569 -0.649970 -0.886175
v -0.000569 0.985460 -0.648805
v -0.000490 0.069297 0.647865
v -0.000569 -1.284555 -0.255846
v -0.000569 0.323886 -1.086090
v -0.000733 -0.376804 -0.373104
v -0.000569 0.945915 0.342325
v -0.000569 -1.048300 0.667880
v -0.001271 -0.297700 0.387715
v -0.000486 0.281022 0.560015
v -0.000568 -0.113826 -0.991580
v -0.000569 0.245008 -1.202790
v -0.000569 -0.587145 0.892235
v -0.000569 -0.436344 0.922065
v -0.000572 -0.784625 -0.024648
v -0.000576 0.775590 0.276609
v -0.000569 -0.831595 0.781495
v -0.000569 0.562125 0.854695
v -0.000569 0.702555 -0.759870
v -0.000569 0.536805 -0.847485
v -0.000512 -0.470053 -0.342279
v -0.001281 -0.122936 -0.459776
v -0.000573 0.668195 -0.405872
v -0.000575 0.764080 0.216654
v -0.001646 0.043947 -0.355038
v -0.000569 -0.716420 -0.990580
v -0.000520 0.420749 0.539450
v -0.000574 0.531195 0.662205
v -0.000572 -0.787610 0.374455
v -0.000569 -1.000025 0.120327
v -0.000569 -0.597160 1.122960
v -0.000569 1.028005 0.018182
v -0.000569 -1.121790 -0.016931
v -0.000675 0.477777 0.254891
v -0.000569 0.407563 1.040975
v -0.000570 0.589560 -0.647885
v -0.000569 -0.741340 -1.062670
v -0.000569 0.919175 0.063213
v -0.000569 -1.302500 -0.125747
v 0.003781 0.267291 0.096821
v -0.000574 0.826465 -0.106984
v -0.000529 -0.173245 -0.669045
v -0.000572 0.382478 0.789655
v -0.000569 -0.209536 1.340105
v -0.000569 0.019298 -1.125360
v -0.000569 0.464771 0.956280
v -0.000569 -0.047895 1.232315
v -0.000569 -1.114910 -0.744415
v -0.000569 0.829010 0.763270
v -0.000569 -0.999730 -0.813655
v -0.001696 0.012362 0.370378
v -0.000569 -0.474362 0.973920
v -0.000569 -0.911380 0.887105
v -0.000569 0.691460 0.852085
v -0.000569 -1.146380 -0.211179
v -0.000569 -0.833120 -0.541665
v -0.000568 0.602420 -0.734350
v -0.000569 -1.000450 0.832405
v -0.000569 1.215255 -0.068980
v -0.000569 -0.911465 -0.113465
v -0.000569 0.504565 -1.111210
v -0.000577 0.227052 0.807255
v -0.000569 0.618125 -0.896495
v -0.001282 -0.337026 0.073698
v -0.000542 -0.360987 0.608290
v -0.000496 0.339483 0.527060
v -0.000569 0.717360 0.746125
v -0.000563 0.275820 0.718550
v -0.000569 1.102335 0.213790
v -0.000569 1.283905 0.316970
v -0.000572 0.103966 0.875175
v 0.038654 -0.119881 -0.109671
v -0.000568 -0.835275 0.488749
v -0.000569 -1.266560 0.427907
v -0.000569 -1.231110 -0.491434
v 0.010598 0.195520 -0.141219
v -0.000569 -0.584580 -0.942085
v -0.000572 -0.763230 0.192527
v -0.000564 0.155396 0.745035
v -0.000569 0.316535 -1.152840
v -0.000569 -0.744070 0.812240
v 0.007279 0.203953 0.166147
v 0.001693 0.292849 -0.047780
v -0.000569 1.165140 0.127022
v 0.065109 0.091347 0.052020
v -0.000569 1.151485 0.494344
v -0.000569 -0.901445 -0.809340
v -0.000569 -0.342904 -1.205060
v -0.000569 0.710660 -1.005940
v -0.000574 -0.599445 -0.553505
v -0.000516 0.352512 0.592575
v -0.000538 -0.076972 -0.702455
v -0.000569 0.994110 0.556740
v -0.000636 -0.080078 -0.539890
v 0.015145 -0.161207 -0.158853
v -0.000569 -0.871165 0.729720
v -0.000568 -0.778350 -0.621200
v 0.012324 0.225778 -0.063746
v -0.000569 -1.228955 0.047901
v -0.000569 0.401573 -1.116160
v -0.000504 -0.155216 -0.558235
v -0.000569 0.784800 -0.937180
v -0.000569 -1.166955 -0.081604
v -0.000569 -0.329288 1.347385
v -0.000569 0.274921 0.956990
v -0.000569 0.246517 1.041350
v -0.000464 -0.404960 0.479170
v -0.000571 0.201920 0.894250
v -0.000569 1.241120 0.272367
v -0.000569 0.967425 0.413010
v -0.001947 0.352679 -0.051671
v -0.000569 -1.135945 -0.284486
v -0.000569 -1.076605 0.753315
v -0.000471 -0.113573 -0.619785
v -0.001947 -0.064604 0.379319
v -0.001763 0.250143 0.386368
v -0.000572 0.175747 -0.841120
v -0.000569 1.010795 0.168464
v -0.002323 0.177961 0.319663
v -0.000514 -0.009766 0.677570
v -0.000569 0.194684 1.005490
v -0.000515 0.463234 -0.461162
v -0.000569 1.084595 0.057403
v -0.000569 1.181725 0.249596
v -0.000569 -0.923910 0.974695
v -0.000570 0.391346 -0.782655
v -0.000569 -1.049690 -0.681680
v -0.000569 0.173573 -0.747420
v -0.000569 -0.030405 -1.089345
v -0.000571 -0.891065 -0.065049
v -0.000568 0.477921 0.824270
v -0.000569 1.259800 0.083017
v -0.000569 0.470338 -1.168520
v -0.000569 -1.184195 -0.296198
v -0.000516 -0.564130 0.400413
v -0.000569 0.725500 -1.108885
v -0.000569 -1.154220 0.164094
v -0.001283 0.379832 0.286572
v -0.000569 1.093855 0.143538
v -0.000544 -0.712780 0.038866
v -0.002347 0.270225 0.284862
v -0.000569 0.942080 0.480555
v -0.000569 1.349440 0.062786
v -0.001293 -0.174216 0.451975
v -0.000569 1.321695 0.230359
v -0.000569 -0.858805 -0.609700
v -0.000569 -1.344045 -0.210115
v -0.000547 0.082748 0.718735
v -0.000569 -0.804160 0.431259
v -0.000573 -0.752770 -0.233400
v -0.000571 -0.880450 -0.021094
v -0.001183 0.319899 0.382331
v -0.000568 -0.873885 -0.370282
v -0.000569 -0.808130 0.728490
v -0.000569 -1.331595 0.151493
v -0.000569 -0.652585 -0.951920
v -0.000569 -0.801815 -0.447372
v -0.000569 -0.980455 -0.742900
v -0.000569 -1.150795 0.080493
v -0.000569 -1.076650 -0.056108
v -0.000552 -0.661945 -0.293762
v -0.000575 -0.700485 -0.428811
v -0.000569 -1.303005 -0.333047
v -0.000569 -0.798910 0.556725
v -0.000569 0.491675 -1.228555
v -0.000573 -0.797570 0.066136
v -0.000570 -0.667920 -0.369576
v -0.000569 -0.474146 1.235795
v -0.000568 0.367458 0.690895
v -0.000569 -0.536490 1.057885
v -0.000569 -0.400466 1.180665
v -0.000569 -0.423555 1.109960
v -0.000569 -0.458255 1.046935
v -0.000569 1.254755 0.180171
v -0.000549 -0.570805 -0.051729
v -0.000569 1.143225 -0.392817
v -0.000569 -0.496268 1.138720
v -0.000569 1.092425 -0.460502
v -0.000569 0.996725 -0.466160
v -0.000534 0.412315 -0.543930
v -0.000509 -0.434628 0.433467
v -0.000569 -0.001317 0.911025
v -0.000569 0.762895 -0.571585
v -0.000573 -0.536655 -0.666800
v -0.000569 -1.150160 0.706995
v -0.000569 -0.871105 -0.959905
v -0.000534 0.657595 0.248162
v -0.000502 0.023033 -0.638795
v -0.000569 0.287942 -0.880200
v -0.000569 -1.269340 -0.162800
v -0.000569 1.394470 0.028027
v -0.001107 -0.314091 -0.381223
v -0.000641 0.061537 -0.554235
v -0.000569 -1.002335 0.525040
v -0.001702 -0.316983 -0.192671
v -0.000569 0.555520 0.803895
v -0.000569 1.290340 -0.108076
v -0.000570 0.834815 -0.355820
v -0.000570 -0.903355 0.124624
v -0.000555 -0.333805 0.654010
v -0.000654 0.470117 -0.251285
v -0.000569 0.652490 0.815565
v -0.000569 -0.910465 0.840340
v -0.000533 0.172508 0.687535
v -0.000569 0.917565 -0.249430
v 0.000790 -0.160410 -0.277633
v -0.000502 -0.646700 -0.046480
v 0.022537 0.208546 -0.002455
v -0.000574 -0.692865 0.377538
v -0.000569 0.520315 0.832350
v -0.000569 0.603505 -0.686870
v -0.000558 0.386119 -0.619105
v -0.000572 -0.310954 -0.734190
v -0.001722 0.104212 0.427251
v -0.000547 -0.023956 -0.721815
v -0.000569 1.138300 0.240400
v -0.000569 -0.080611 -1.109935
v -0.000569 0.781555 -1.156125
v -0.000573 -0.619575 0.516125
v -0.000492 -0.399943 -0.490712
v -0.000569 0.858415 1.061810
v -0.000570 0.884215 0.246676
v 0.000241 -0.311797 0.124716
v -0.000569 -1.104135 0.637165
v -0.000645 0.101261 -0.548755
v -0.000548 -0.513410 0.512270
v -0.000536 -0.404613 -0.585155
v -0.000569 1.058805 0.198559
v -0.000569 -0.533950 -0.924520
v -0.000504 0.091705 0.615425
v -0.000569 0.152633 0.977125
v -0.000569 1.221950 0.481575
v -0.000569 1.303650 0.358921
v -0.000509 -0.261367 0.606080
v -0.000571 0.777805 -0.096910
v -0.000569 -0.096534 1.205440
v -0.000569 -1.130400 0.538945
v -0.000492 0.553210 -0.323993
v -0.000538 0.242624 0.675570
v -0.000509 0.158598 -0.617115
v -0.000569 1.096695 -0.132295
v -0.000569 0.906530 1.104735
v -0.000569 -1.171490 0.526095
v -0.000569 -0.562240 0.933360
v -0.001849 -0.377276 0.018814
v -0.000569 -1.183995 0.065561
v -0.000569 -1.411155 0.085075
v -0.000573 -0.784000 0.323183
v -0.000569 1.265230 0.358631
v -0.000569 1.348970 -0.189635
v -0.000569 -1.098720 -0.798675
v -0.000569 0.494084 -0.792930
v -0.000569 0.314318 -1.207595
v -0.000569 0.502600 -0.897615
v 0.006240 -0.236970 0.131175
v -0.000575 0.377602 -0.662945
v -0.000569 -1.170140 -0.551085
v -0.000569 0.136040 1.140440
v -0.000517 -0.064774 -0.666130
v -0.000569 -1.248140 0.252871
v -0.000569 0.910405 0.979640
v -0.000566 0.752505 0.163973
v 0.045165 -0.114978 0.096904
v -0.000575 0.195696 0.824665
v -0.000572 -0.061093 -0.885070
v -0.000569 -0.910800 0.932075
v -0.000569 -1.309315 0.392023
v -0.000569 0.025419 -1.083810
v -0.001423 -0.371331 -0.024305
v -0.000569 0.901190 -0.585130
v -0.001116 -0.076647 0.486216
v -0.000566 -0.783680 0.120363
v -0.000535 0.673875 0.208584
v -0.000569 -0.046571 1.283665
v -0.000532 -0.700345 0.095695
v 0.013102 -0.224819 -0.054892
v -0.000569 -1.037275 -0.170609
v -0.001153 0.282375 -0.386056
v -0.000569 0.375610 1.153610
v -0.000569 -0.012058 1.265035
v -0.000569 -1.016205 -0.427490
v -0.000504 0.086497 -0.588515
v -0.000503 -0.654785 0.040348
v -0.000569 -0.939970 -0.542325
v 0.021365 -0.164434 0.146288
v -0.000569 0.877220 0.546640
v -0.000569 -0.984795 -0.463246
v -0.000569 -0.982550 -0.358920
v -0.000569 -0.939245 -0.440608
v -0.000523 0.666575 0.177152
v -0.000569 -0.248091 -0.956000
v -0.000569 -1.340260 -0.159853
v -0.000572 -0.564420 0.605170
v -0.000569 1.407125 -0.139970
v -0.000574 0.780635 0.328372
v -0.000569 -1.035790 0.162561
v 0.019846 0.167069 0.144713
v -0.000992 0.384914 0.333857
v -0.000522 -0.584870 -0.086252
v -0.000569 1.395050 0.061134
v -0.001274 0.341269 -0.321594
v -0.000569 0.992920 0.599735
v -0.000569 0.794950 -0.899260
v -0.000569 -0.729835 -0.718795
v -0.000569 1.117190 0.537770
v -0.000572 0.186319 0.852715
v -0.000569 0.868420 -0.447874
v -0.000569 0.602425 0.816910
v -0.001282 0.167442 -0.328909
v -0.000569 -1.124775 -0.105575
v -0.000569 -0.575610 1.048955
v -0.001645 -0.276415 -0.346759
v -0.000643 -0.425684 -0.342889
v -0.000569 1.257225 0.221362
v -0.000496 0.581485 0.205355
v -0.000569 -0.684050 0.592685
v -0.000570 0.716415 -0.314008
v -0.000569 0.770860 1.066220
v -0.000569 -0.810855 1.029355
v -0.000569 1.055895 -0.836810
v -0.001346 -0.265187 -0.394454
v -0.000569 0.762210 -0.813325
v -0.000569 0.482913 -0.833925
v -0.000569 0.381561 -0.822970
v -0.000569 0.583465 -0.949545
v 0.023384 0.134317 -0.142174
v -0.000528 -0.525690 0.469900
v -0.000674 0.431497 -0.310848
v -0.000569 0.990370 -0.981105
v -0.000543 -0.588940 0.432203
v -0.000572 -0.568170 -0.652950
v -0.000569 -0.582465 1.009620
v -0.000569 -1.040085 -0.267938
v -0.000569 0.873885 0.590405
v -0.000569 -0.297135 -1.011815
v 0.000541 0.213545 -0.223591
v -0.000571 0.802220 -0.350662
v -0.000569 -0.406990 -1.200725
v -0.000569 1.335635 -0.376242
v -0.000569 -0.258555 -1.135425
v -0.000570 0.697105 -0.594960
v -0.000569 1.038735 -0.162026
v -0.000569 0.060297 -1.153550
v 0.000824 -0.277667 0.148686
v -0.000569 1.033165 0.571930
v -0.000569 -1.079385 -0.175516
v -0.000569 0.734270 0.831975
v -0.000569 0.486673 -0.865990
v -0.000569 0.072842 1.046495
v -0.000569 0.158888 1.016665
v -0.000569 1.196240 0.383621
v 0.012150 -0.035928 0.242080
v -0.000569 -1.152250 0.781795
v -0.000569 1.308410 0.021724
v -0.000569 -0.123271 1.171955
v -0.000574 0.269520 0.784375
v -0.000569 0.630280 0.932805
v -0.000571 0.827420 0.345238
v -0.000569 1.133170 0.088920
v -0.000569 -0.789235 -1.098850
v -0.000738 -0.340307 -0.423283
v -0.000516 -0.278430 -0.611895
v -0.000569 -1.252725 0.209454
v -0.000569 -0.604305 0.730455
v -0.000569 0.946450 0.612100
v -0.000569 -0.360690 0.958830
v -0.000569 0.752590 0.988695
v -0.001093 -0.122999 0.483603
v -0.000569 0.943715 0.033666
v -0.000566 -0.752930 0.148542
v -0.000569 1.057900 0.842905
v -0.000569 -0.955265 0.140483
v -0.000569 -1.258020 -0.127752
v -0.000569 0.057989 1.311725
v -0.000540 -0.368499 -0.613120
v -0.000569 1.244625 -0.391841
v -0.000569 -0.202684 1.047265
v 0.025246 -0.020365 0.202019
v -0.000569 -0.805310 -0.890480
v -0.000569 0.778710 -0.610275
v -0.000531 0.681035 0.141074
v -0.000569 -0.853705 -1.056265
v -0.000569 0.613980 -1.140585
v -0.000574 -0.394776 -0.748070
v -0.000569 -0.367735 1.133605
v -0.000532 -0.113254 -0.685230
v -0.000569 0.858825 -0.496003
v -0.000569 0.064710 -1.234125
v 0.017530 0.051182 0.215788
v -0.000569 -1.296570 0.551595
v -0.000568 -0.712575 0.299050
v -0.000569 0.060473 -1.060280
v -0.000569 -0.448983 1.265330
v -0.000569 -1.244945 -0.413179
v -0.000569 -0.599890 -0.784455
v -0.000569 1.282595 0.239688
v -0.000569 -1.350310 -0.467922
v 0.005722 -0.270546 -0.051807
v -0.000569 1.082105 -0.007389
v -0.000550 -0.231840 -0.691660
v -0.000569 1.300340 0.104554
v -0.001656 -0.087142 0.430204
v -0.000569 -1.063930 0.631610
v -0.001876 0.397989 -0.067904
v -0.000569 0.799210 0.631390
v -0.000568 0.643200 -0.702120
v -0.002212 0.300178 0.257446
v -0.000569 -1.366015 0.093586
v -0.000569 -0.514160 0.874370
v -0.000658 0.303693 0.493536
v -0.000569 -0.987785 0.874620
v -0.000564 -0.587755 -0.455695
v -0.000569 -0.968745 -0.282443
v -0.000569 0.104647 -1.132680
v -0.000569 -0.059703 1.187790
v -0.000569 -1.309265 -0.171857
v 0.000354 0.238189 0.204312
v -0.000519 0.552480 0.175212
v -0.000569 1.266270 -0.561935
v -0.000569 0.436277 0.914315
v -0.000569 0.852805 -0.579690
v -0.000569 -1.115540 -0.071918
v -0.000569 -0.827520 -0.641770
v -0.000569 1.235090 -0.319017
v -0.000569 -0.510805 1.024515
v -0.000574 -0.750615 0.302827
v -0.000522 0.205117 0.661020
v -0.001527 -0.129343 -0.424137
v -0.000571 -0.548200 0.702720
v -0.000569 -0.755220 -1.113405
v -0.000569 0.809255 -0.498349
v -0.000569 0.287808 0.997315
v -0.000498 -0.276827 -0.531035
v -0.000569 -0.552390 1.247040
v -0.000569 0.819945 0.812345
v -0.000573 -0.164275 0.843755
v -0.000551 0.407525 -0.581580
v -0.000569 1.022030 0.825280
v -0.000569 -0.989805 -0.984395
v -0.000556 -0.648160 0.370661
v -0.000569 -0.141945 1.395225
v -0.001870 -0.205971 -0.302592
v -0.001433 -0.072489 0.456638
v -0.000544 -0.711015 0.136032
v -0.000576 0.402412 -0.688105
v -0.000569 0.058026 -1.016655
v -0.000498 0.538385 -0.350593
v -0.000569 -1.047900 0.246383
v -0.000569 0.096106 1.388180
v -0.000509 0.386922 0.533525
v -0.000569 0.662745 -0.941420
v -0.000569 -1.196980 -0.472242
v -0.000569 -0.056316 -1.133585
v 0.004034 -0.241514 0.176286
v -0.000571 -0.174291 0.783855
v -0.000547 0.183450 -0.693915
v -0.000572 0.550445 -0.637060
v -0.000569 -0.925270 -1.012110
v -0.000569 -0.926305 0.642745
v 0.003877 0.247537 0.166244
v -0.000569 1.015905 -0.128711
v -0.001630 0.295579 -0.309195
v -0.000569 1.216840 0.311055
v -0.001026 0.344729 -0.359181
v -0.000569 0.450346 -0.853660
v -0.000574 0.738245 0.393966
v -0.000569 -0.821500 -0.605150
v -0.000569 -0.302945 1.026895
v -0.000535 -0.046840 -0.699990
v -0.000516 -0.670135 0.123427
v -0.000569 -0.604865 -0.495660
v -0.000571 -0.828705 0.341074
v -0.000569 -0.753610 -0.946540
v -0.000569 0.871260 -0.623815
v -0.000569 -0.971600 0.488961
v 0.007364 -0.251007 -0.095854
v -0.000569 -1.351630 0.382144
v -0.000569 0.519185 1.121120
v -0.000503 -0.285815 -0.569805
v -0.000569 -1.194520 0.624595
v -0.000569 -0.086889 -1.340740
v -0.000569 0.890245 0.494843
v -0.000569 0.790485 0.789895
v -0.000569 -1.017130 0.642960
v -0.000569 0.446569 0.884605
v -0.000569 -1.232940 0.335479
v -0.000568 -0.865410 0.434343
v -0.000569 -1.391390 -0.062932
v -0.000569 0.831765 -0.537395
v -0.000569 0.975075 0.270593
v -0.000569 -1.113335 0.157013
v -0.000569 -1.181915 -0.632150
v -0.000569 -0.724955 -0.883690
v -0.000569 1.307880 -0.019418
v -0.000569 0.707715 -0.635245
v -0.000569 -1.329405 0.314309
v -0.000569 -0.452711 1.156950
v -0.000569 1.156010 -0.210878
v -0.000569 -0.601965 1.078200
v -0.000569 0.569735 1.007920
v -0.000569 0.947200 -0.223009
v -0.000692 -0.306807 -0.457429
v -0.000569 -1.123720 -0.404401
v -0.001630 0.326821 -0.276477
v 0.031884 0.173560 0.027995
v -0.001565 -0.316700 0.165710
v 0.003705 -0.126693 -0.251379
v -0.002076 -0.420019 0.022021
v -0.001919 -0.246552 -0.316682
v -0.002028 -0.382221 0.109720
v -0.000500 0.638505 0.151842
v -0.000569 0.805165 -0.575385
v 0.016390 0.194910 0.118118
v -0.001475 -0.123443 0.443492
v -0.000560 0.713615 -0.157981
v -0.000569 -0.006006 -1.370445
v -0.000549 -0.720930 0.179944
v -0.000568 0.333012 0.718990
v -0.000505 -0.352465 -0.471699
v -0.000566 -0.550455 0.532950
v -0.000569 1.039870 -0.457130
v -0.000569 0.704720 -0.957500
v -0.000569 -0.179699 1.127195
v -0.000569 -0.550160 1.024150
v -0.000569 -0.961680 0.388001
v -0.000558 -0.681785 0.334366
v -0.000558 -0.195479 -0.717475
v -0.000566 -0.741185 0.266043
v -0.000569 -1.104660 -0.430496
v -0.000569 1.118870 0.010348
v -0.000569 -1.205080 0.543340
v -0.000569 0.854495 -0.824945
v -0.000569 0.019162 -1.171675
v -0.000569 1.282335 -0.038305
v -0.000572 -0.795860 0.160952
v -0.000569 -1.085220 0.015860
v 0.026140 -0.200832 -0.013791
v -0.000569 -0.667345 0.928650
v -0.000569 0.345096 -1.351090
v -0.000571 0.730810 -0.489562
v -0.001787 -0.285157 -0.299641
v -0.000568 -0.868175 0.539390
v -0.000563 0.651005 -0.367005
v -0.000571 -0.336462 -0.820860
v 0.017469 0.217100 0.041697
v -0.000569 -0.733275 1.136775
v 0.009343 -0.000203 0.269516
v -0.000738 -0.445513 -0.300814
v -0.000805 -0.383989 0.372977
v -0.000569 -0.962395 -0.240833
v -0.000853 0.339625 0.424590
v -0.000655 -0.244355 0.220522
v -0.000569 1.296755 0.062156
v -0.000571 0.623780 -0.612380
v -0.000791 -0.292723 -0.174548
v -0.001714 -0.439048 -0.046278
v -0.000569 -0.160928 -0.922665
v -0.000569 -0.840180 -0.682280
v -0.001819 -0.391472 0.152102
v -0.000569 -1.134065 0.199623
v 0.003763 -0.054502 -0.278634
v -0.000569 -1.027595 0.075852
v -0.000501 0.163189 0.645105
v -0.001120 -0.093356 -0.482464
v -0.000569 -0.612905 -0.906925
v -0.000569 0.412078 0.957970
v -0.000569 0.514640 -1.281055
v -0.000569 -0.500275 1.064460
v -0.000569 0.398541 -1.250045
v 0.004169 -0.208166 0.201363
v -0.000569 -0.665320 0.835830
v -0.000569 -0.995705 -0.385998
v -0.000510 0.278596 0.607945
v -0.000569 0.925185 0.531750
v -0.000569 -1.025790 0.952280
v -0.000486 -0.472831 0.409555
v -0.000573 -0.772795 0.236170
v -0.000899 0.432965 -0.268475
v -0.000244 0.160107 -0.287232
v -0.000569 -0.640535 0.840560
v -0.000574 0.026864 0.796440
v -0.000569 -0.564465 0.785235
v -0.000569 -1.232515 0.293115
v -0.000569 0.222341 -1.231675
v -0.000569 -0.794565 0.816415
v -0.000569 0.138256 -1.006895
v -0.002001 -0.357399 0.181717
v -0.000573 0.842355 0.159058
v -0.000569 0.918695 -1.008250
v -0.000555 -0.059089 -0.730210
v -0.000569 -0.907190 -0.515675
v -0.000569 -0.840305 -0.578625
v -0.000569 0.053665 -1.193415
v 0.061460 0.052817 -0.074431
v -0.000569 0.233316 1.102560
v 0.012104 0.157404 -0.176237
v -0.000561 0.724955 0.132430
v -0.000569 1.215780 0.105030
v -0.000569 0.134429 -0.958710
v -0.000543 -0.688680 0.211385
v -0.000569 0.082241 1.263710
v -0.000569 -0.516000 -1.153765
v -0.000569 -0.686760 -1.179275
v -0.001200 -0.484529 -0.034739
v -0.000569 -0.392149 0.927125
v -0.000569 0.973210 -0.130742
v -0.000569 0.175456 1.247485
v -0.000569 0.627115 -1.015320
v -0.000514 0.595575 0.164311
v -0.000569 0.915705 0.410641
v -0.000569 0.840405 -1.009630
v -0.000510 0.240712 0.634150
v -0.000568 -0.288458 -0.969950
v -0.000569 -0.852560 0.583465
v -0.001754 -0.424643 0.120465
v -0.000569 1.047150 -0.205334
v -0.000510 -0.636755 0.153564
v -0.000569 -0.693215 -1.091660
v -0.000572 0.732295 0.452461
v 0.028489 -0.159617 -0.098512
v -0.000500 -0.629070 0.108919
v -0.000569 -1.087675 -0.099753
v -0.000570 -0.658615 -0.429651
v -0.000538 0.670555 -0.213686
v -0.000569 0.904345 0.333245
v -0.000510 -0.363866 -0.566380
v -0.000526 -0.616960 0.021126
v 0.029867 0.095005 -0.156310
v -0.000569 0.927485 -0.547915
v -0.000569 -0.359428 1.166810
v -0.000569 0.062139 -1.106310
v -0.000569 1.088440 -0.851165
v -0.000569 -0.990915 0.355785
v -0.000571 -0.008424 0.811820
v -0.000568 -0.331575 -0.985210
v -0.000530 -0.622045 0.065138
v 0.062244 0.095020 0.009840
v -0.000569 0.807725 -1.092045
v -0.000569 0.961015 -0.432214
v -0.000569 -0.802540 -0.574540
v -0.000569 0.143697 -1.055930
v -0.000569 1.084155 0.768650
v -0.000569 -0.233425 -1.102565
v -0.000569 -1.101430 -0.318177
v -0.000573 -0.422412 0.683705
v -0.000569 1.164060 0.675490
v -0.001566 -0.322165 0.211190
v -0.000569 -0.886760 1.000935
v -0.000569 1.261620 -0.200244
v -0.000569 0.804770 0.714135
v 0.006944 -0.209985 -0.171067
v -0.000569 -0.698670 0.671865
v -0.000569 -0.235217 0.950920
v -0.000569 -0.412393 -1.095335
v -0.000574 -0.164013 0.811080
v -0.000572 -0.043811 -0.799645
v -0.000569 -1.023350 -0.752750
v -0.000569 -0.275219 1.164790
v -0.000569 -0.018090 1.063125
v -0.000569 -0.462156 1.125570
v -0.000569 1.088960 -0.627605
v 0.053173 -0.011522 0.129725
v -0.000569 0.884005 -1.030400
v -0.000569 -0.061661 0.985835
v -0.000569 0.004982 1.226150
v -0.000569 -0.266924 -0.880895
v -0.000569 -0.735880 0.682875
v 0.003641 0.279044 -0.089117
v -0.000569 -1.091925 0.391150
v -0.000573 -0.863640 -0.046108
v -0.000569 0.750290 -0.644565
v -0.002239 -0.174404 0.368205
v -0.000512 -0.428675 0.389881
v -0.000565 -0.731020 0.223634
v -0.000569 0.971035 0.522595
v -0.001487 -0.460688 0.088605
v -0.000569 1.326825 -0.408388
v -0.000569 0.992275 -0.939010
v -0.000569 1.178600 0.074388
v -0.000569 0.240618 0.980580
v -0.000505 0.313869 0.582795
v -0.000572 -0.840335 0.173505
v -0.000569 0.633910 -0.657080
v -0.000569 -1.181030 0.190689
v -0.000526 -0.656095 0.243468
v -0.000569 -1.149465 -0.136968
v -0.000569 0.377164 -1.090820
v -0.000569 0.998815 -0.421070
v -0.000570 0.199849 -0.864500
v -0.001977 -0.390292 -0.124595
v -0.000569 -0.221248 -1.258955
v -0.000569 -1.250900 0.542910
v -0.000569 1.022350 -0.682375
v -0.000882 -0.345658 0.404802
v -0.000569 1.103370 0.264130
v -0.000569 0.998380 -0.581080
v -0.000570 -0.242198 -1.406870
v -0.000572 0.652195 -0.538275
v -0.000569 0.337966 1.000625
v -0.000569 1.334320 0.263215
v -0.000569 -0.032549 1.108445
v -0.000506 -0.320702 -0.546845
v -0.000614 -0.286948 0.481647
v -0.000569 -0.523680 -0.874130
v -0.000569 -0.755755 -0.569165
v -0.000569 0.930565 -0.673670
v -0.000569 -1.217785 -0.700020
v -0.000569 -0.713680 -1.165715
v -0.000569 -1.073040 0.793560
v -0.000569 -1.280265 -0.035951
v -0.000570 -0.631385 -0.462738
v -0.000501 -0.359607 -0.519950
v -0.000569 0.174561 -0.980080
v -0.000569 -0.076883 1.119240
v -0.000572 -0.821800 0.294816
v -0.000569 0.856445 -0.395872
v -0.000569 -0.723690 -1.110020
v -0.001250 -0.246689 0.267625
v -0.000574 0.460608 -0.648565
v -0.000571 0.650040 0.622380
v -0.000899 0.306272 -0.150190
v -0.000569 -0.050914 -1.312455
v -0.000569 -0.312384 -0.893750
v -0.000569 1.326535 -0.280084
v -0.000570 0.666760 -0.624525
v -0.000569 -1.238895 -0.309056
v -0.001141 -0.183673 0.316464
v -0.001969 0.141203 0.398402
v -0.000569 0.385563 1.068050
v -0.000551 -0.345683 0.500065
v -0.000569 1.039640 0.682240
v -0.000569 -0.945665 -0.811200
v -0.000569 -0.840295 0.388306
v -0.000569 1.238365 0.661130
v -0.000569 0.957180 0.566960
v -0.000569 -1.084415 0.669900
v -0.000580 -0.516850 -0.240389
v 0.018197 -0.113384 -0.178969
v -0.000569 0.098933 -1.034680
v -0.000569 -1.202125 0.265391
v -0.000569 -0.498338 -0.777000
v -0.000569 1.020740 -0.435618
v -0.000569 -0.372215 1.088550
v -0.000567 0.478909 -0.605220
v 0.028666 -0.179808 -0.058669
v -0.000569 -0.009277 -1.330770
v -0.000539 0.453721 -0.519880
v -0.000569 0.271554 -1.357610
v -0.000688 -0.550730 0.122974
v -0.000564 0.732640 -0.195034
v -0.000570 0.432872 -0.612860
v -0.001213 0.263927 0.431125
v -0.000568 -0.928590 -0.265072
v -0.000569 1.349925 0.209375
v -0.000569 0.950960 -0.588930
v -0.000569 -0.933540 -0.584255
v -0.000527 0.674885 -0.171722
v -0.000569 0.435121 1.001385
v -0.000550 -0.313547 0.501355
v -0.000572 -0.717895 -0.355795
v -0.000909 0.146148 0.499627
v -0.000569 1.037940 0.101824
v -0.000571 0.769515 0.124535
v -0.000569 -0.926520 -0.898815
v -0.000509 -0.645825 0.198399
v -0.000569 -0.899380 -0.334755
v -0.000568 -0.917720 0.418941
v -0.000569 0.988445 0.351559
v -0.000569 -1.043815 -0.092454
v -0.000569 -0.963025 0.989900
v -0.000569 0.993040 0.111169
v -0.000569 0.192269 1.208485
v -0.000569 -1.157470 0.279898
v -0.000569 -1.246855 -0.367583
v -0.000572 -0.870595 -0.103340
v -0.000569 0.052455 0.914730
v -0.000569 -0.780085 -0.762225
v -0.000571 -0.222135 -0.870310
v -0.000569 0.102977 1.215820
v -0.000569 -0.782140 0.679315
v -0.000546 -0.420751 0.587220
v -0.000572 -0.806035 0.205514
v -0.000571 0.614305 0.649250
v -0.000569 -0.974490 1.017030
v -0.001417 0.145209 0.448638
v -0.000569 1.009145 0.447475
v -0.000569 -0.709040 -0.941765
v -0.000569 0.927385 -0.009102
v -0.000569 0.887670 -0.667905
v -0.000569 0.457980 1.047740
v -0.000569 0.026037 1.182265
v -0.000569 0.589955 0.772395
v -0.000569 0.269995 -1.229475
v -0.001034 -0.479152 0.184067
v -0.000569 1.145885 0.282186
v -0.000569 -1.127710 -0.245172
v -0.000569 0.067701 -1.282640
v -0.000553 -0.226423 0.711030
v -0.000569 -1.192445 0.704480
v -0.000569 -0.832330 0.686885
v -0.000572 -0.227022 -0.792820
v -0.000569 0.296434 1.135365
v -0.000569 1.184020 -0.711720
v -0.000569 -1.418170 0.339768
v -0.001690 -0.399893 0.198414
v -0.000569 -1.061060 -0.134888
v -0.001529 -0.370746 0.275977
v -0.000491 -0.602595 0.184354
v -0.000569 0.735620 1.154375
v -0.000569 -0.714440 -0.807770
v -0.000569 0.025393 -1.260950
v -0.000569 0.170137 1.325995
v -0.000569 0.794925 -0.653645
v -0.000569 0.958260 0.079693
v -0.001649 -0.450131 -0.003312
v -0.000561 0.711380 -0.222953
v -0.000569 -0.092112 -1.148310
v -0.000575 -0.674370 -0.470173
v -0.000569 1.226485 0.583075
v -0.000583 -0.075835 -1.378730
v -0.000558 0.271289 -0.672980
v -0.000569 0.511645 0.789045
v -0.000546 -0.567875 0.215709
v -0.000569 -0.511770 1.257195
v -0.001190 -0.470152 0.136758
v -0.000563 -0.708890 -0.263598
v -0.001152 -0.443511 0.214953
v -0.000496 -0.019227 0.640255
v -0.000655 0.515930 -0.153079
v -0.000569 1.357995 -0.283731
v -0.002258 0.250421 0.329112
v -0.000524 0.317779 0.626380
v -0.000569 1.266010 0.038620
v -0.000569 -0.812070 -0.793960
v -0.000569 0.823290 -0.428682
v -0.000572 0.054786 -0.865490
v -0.000569 0.602915 0.482336
v -0.000569 -0.641245 -1.192785
v -0.000569 -0.449011 -0.939200
v -0.000569 0.981990 -0.846030
v -0.000572 0.863595 0.114562
v -0.000569 -0.018781 -1.194485
v -0.000537 -0.485028 -0.521200
v -0.000569 0.285888 1.183410
v -0.000569 0.013806 1.099295
v -0.000569 1.143890 0.042159
v -0.000755 -0.514865 0.153274
v 0.028420 0.153326 0.108150
v -0.000569 -0.448137 1.199680
v -0.000569 1.223905 0.056493
v -0.000569 0.533135 -1.055265
v -0.000572 -0.691220 -0.514810
v -0.000569 -0.046523 1.151600
v -0.000573 0.569285 0.630310
v -0.000569 -1.167835 0.234163
v -0.000569 0.625170 0.744755
v -0.000569 -0.382628 -1.242975
v -0.001394 -0.407514 0.245598
v -0.000568 -0.278499 -0.926150
v -0.000569 -0.872150 -0.653495
v -0.000569 1.158330 -0.004775
v -0.000569 -0.020900 1.187505
v -0.000569 -0.020780 -1.147820
v -0.001584 -0.455193 0.041103
v -0.000553 -0.295962 0.675170
v -0.000568 0.056493 0.952045
v -0.000569 0.443199 0.853975
v -0.000569 -1.063790 0.356814
v -0.000524 -0.586555 0.093429
v -0.000569 0.494521 -1.324560
v -0.000569 0.922265 -1.045985
v -0.000551 -0.558960 0.169248
v -0.001035 0.319573 -0.092292
v -0.000548 -0.667880 0.288723
v -0.000573 -0.335577 0.697125
v -0.000569 -1.040375 -0.849295
v 0.036353 0.054884 -0.153418
v -0.000546 -0.353069 0.453075
v -0.000569 -1.172250 0.667055
v -0.000533 0.521545 -0.443946
v -0.000569 -1.332500 -0.373473
v -0.000572 -0.645090 -0.590705
v -0.000572 0.751450 0.423123
v -0.001038 -0.499216 0.059113
v 0.041352 -0.136159 -0.063260
v -0.000569 1.282220 0.512530
v -0.001032 0.323804 -0.121554
v -0.000569 0.580840 -1.207515
v -0.000801 0.530905 0.101303
v -0.000569 1.039200 0.061543
v -0.000498 0.509715 0.358401
v -0.000516 0.664435 0.060431
v -0.000562 0.380393 1.335835
v -0.002197 0.217058 0.340688
v -0.000572 -0.254187 -0.833405
v -0.000569 1.084395 -0.100920
v -0.001702 -0.285309 0.239720
v -0.000572 -0.849130 0.016713
v -0.000568 -0.161254 -1.033935
v 0.051140 -0.128037 0.020272
v -0.000569 -1.094635 -0.679080
v -0.000569 1.190765 -0.254023
v -0.000569 -0.562925 1.089380
v -0.000569 -0.521415 0.937990
v -0.000569 0.284744 1.091375
v -0.000569 0.190826 1.373400
v -0.000569 0.666755 -0.986745
v -0.000567 0.734975 0.262996
v -0.000569 0.840980 -0.661295
v 0.000643 -0.204330 -0.252275
v -0.001202 -0.338549 0.355379
v -0.001864 0.080670 -0.368250
v -0.000569 0.625320 1.175415
v -0.000569 -1.112365 0.295962
v -0.000543 -0.559125 -0.093111
v 0.051763 0.031758 -0.114056
v -0.000569 -1.206175 -0.660865
v -0.000569 0.846500 -1.060785
v -0.000569 -1.299900 -0.541170
v -0.000572 -0.048139 0.783595
v -0.000569 -0.376530 -1.001380
v -0.000569 0.717325 -1.056290
v -0.000569 -1.264900 -0.633400
v -0.000569 -1.164690 0.035042
v -0.000461 -0.552760 -0.254759
v -0.001562 -0.086353 -0.436851
v -0.000549 0.711150 0.048732
v -0.000569 -0.786245 -0.531455
v -0.000569 -0.438682 -0.891345
v -0.000986 -0.414757 0.293443
v -0.000573 -0.814715 0.250034
v -0.000569 0.207872 1.404330
v -0.000569 -1.375485 -0.170431
v -0.000513 -0.622735 0.276522
v -0.000572 0.855730 -0.058225
v -0.000572 0.197198 -0.815720
v -0.000548 0.229806 -0.678470
v 0.064934 -0.084473 0.015351
v -0.000853 -0.536730 0.029653
v -0.000569 0.036772 1.356085
v -0.000569 -0.369473 1.322850
v -0.000569 0.262805 -0.740340
v -0.000727 -0.487811 0.231414
v -0.000572 0.302910 0.816405
v -0.000569 -0.257475 1.197320
v -0.000569 0.720355 -0.679610
v -0.000569 1.179965 -0.083571
v -0.000539 -0.599000 -0.371761
v -0.000612 0.470249 0.311935
v -0.000484 0.238736 0.588000
v -0.000521 0.619265 0.073282
v -0.000569 0.567130 1.168910
v -0.000572 -0.004727 -0.788120
v -0.000569 1.023740 -0.834395
v -0.000569 1.043550 -0.799810
v -0.000569 0.568045 1.089150
v -0.000569 0.544370 -0.973975
v -0.000575 0.236840 0.540735
v -0.000569 1.251525 -0.528110
v -0.000569 0.158559 1.284930
v -0.000571 0.466862 0.774065
v -0.000569 -1.144315 0.627030
v -0.000721 -0.543315 0.076591
v -0.000562 -0.464823 0.586120
v -0.001758 -0.293590 0.336630
v -0.000569 1.115030 -0.517225
v -0.000569 0.416768 1.084485
v -0.000569 0.763105 -1.074400
v -0.000528 0.028629 0.695495
v -0.000570 0.497870 -0.737225
v -0.000536 0.695645 0.096104
v -0.000569 0.030865 1.267380
v -0.000569 -1.061945 -0.642480
v -0.000898 0.007797 -0.342185
v -0.000575 0.815585 0.119533
v -0.001369 0.370030 -0.000501
v -0.001255 0.479077 -0.057159
v -0.000807 -0.421839 0.341790
v -0.000930 -0.135685 -0.500955
v -0.000569 0.443482 -1.113930
v -0.000566 0.694490 0.281470
v -0.000569 -1.319320 0.347703
v -0.000569 0.749880 0.651965
v -0.000569 0.528595 1.098365
v -0.000484 0.563575 -0.257673
v -0.000569 1.254780 0.470868
v -0.000668 -0.459426 0.310800
v -0.000519 0.607170 0.119178
v -0.000569 1.156350 0.712915
v -0.000569 -0.973800 0.217903
v -0.000569 0.677725 -1.088105
v -0.000569 1.092345 -0.545820
v -0.000569 -1.313335 -0.455180
v -0.000569 -1.221230 0.584115
v -0.000533 -0.487252 -0.305786
v -0.000569 -0.546290 -1.023165
v -0.000569 0.659340 0.667495
v 0.003321 0.259149 -0.125885
v -0.000569 -0.005514 1.018015
v -0.000569 0.771435 -1.123740
v -0.000569 -1.250870 -0.014774
v -0.002038 -0.348538 -0.199527
v -0.000572 -0.720835 -0.476564
v -0.000569 0.671525 -1.036790
v -0.000572 0.195540 0.569170
v -0.000523 -0.489705 -0.368823
v -0.000565 0.582060 0.458281
v -0.000569 0.413296 -1.080735
v -0.000569 0.164360 -1.335510
v -0.000569 0.220648 -1.111660
v -0.000569 0.826705 -0.745585
v -0.000569 0.780005 -0.735855
v -0.000569 0.131183 1.255020
v -0.000569 -1.093705 -0.472371
v -0.000569 -1.212615 0.430285
v -0.000514 -0.564045 -0.298371
v -0.000569 1.233525 0.011206
v -0.000569 1.209055 -0.205006
v -0.000569 -0.673140 -0.628605
v -0.000538 0.645800 0.302467
v -0.000569 -0.168244 -1.128720
v -0.000570 -0.202215 -1.366945
v -0.000570 0.396789 0.838430
v -0.000569 0.418164 -0.984205
v -0.000509 -0.588185 0.310592
v -0.000572 0.538975 0.710395
v -0.000724 -0.478808 -0.263330
v -0.000569 0.271377 -1.181315
v -0.000569 0.387625 0.916760
v -0.000506 -0.632545 -0.161785
v -0.000569 -0.908690 0.325743
v -0.000543 0.082414 -0.714790
v -0.000569 0.369236 -0.984610
v -0.001727 0.185156 -0.371825
v -0.000569 -0.013156 -1.286220
v -0.000537 -0.513135 -0.490836
v -0.000570 0.431236 0.806325
v -0.000571 -0.477989 0.754180
v -0.000569 -0.282259 -1.186695
v -0.000569 -0.498368 -1.247235
v -0.000569 1.010030 0.687550
v -0.000571 0.067124 0.564400
v -0.000556 -0.202808 0.712475
v -0.000569 -0.684555 0.958680
v -0.000569 0.136382 -1.307115
v -0.001670 -0.332883 0.306259
v -0.000569 -0.295104 -1.235675
v -0.000498 -0.442353 -0.461762
v -0.000569 -0.930485 -0.721660
v -0.000569 -0.855815 -0.784550
v -0.000572 -0.843480 -0.028892
v 0.010823 0.103049 -0.224107
v -0.000569 1.131825 0.454124
v -0.002060 -0.327524 0.258139
v -0.000569 0.051730 -0.906465
v -0.000479 0.609790 -0.118843
v -0.000560 0.032933 0.750955
v -0.000569 -0.215363 -1.034755
v -0.000657 -0.496397 0.279317
v -0.000561 0.519525 -0.248656
v -0.001151 0.190704 0.471078
v -0.000565 0.627105 -0.410949
v -0.000484 -0.577545 0.262682
v -0.001838 -0.224921 0.383534
v -0.000569 0.751160 -0.053373
v -0.000573 0.662945 -0.445792
v -0.000510 0.017267 0.651025
v -0.000569 0.613935 1.007695
v -0.000569 -0.673340 -0.811305
v -0.000542 -0.532525 0.247480
v -0.000541 0.523980 0.473471
v -0.000574 -0.653330 0.520285
v 0.067634 -0.060270 0.051830
v -0.000572 0.136109 -0.822735
v -0.001848 -0.329131 -0.275491
v -0.000575 0.686615 0.453106
v -0.000569 -0.414964 0.635130
v -0.000838 0.481038 0.199229
v -0.000569 -0.699575 1.202755
v -0.000569 -0.818305 0.901565
v -0.000571 -0.857575 0.264938
v 0.055470 -0.091476 -0.069090
v -0.000569 0.582940 0.727155
v -0.000569 -1.218590 -0.253581
v -0.000569 -0.016564 -1.240350
v 0.020363 0.076419 -0.189719
v -0.000513 -0.054875 0.674270
v -0.000569 -0.596085 1.220330
v -0.000569 0.852830 0.628740
v 0.001394 0.296474 0.055610
v -0.000569 -0.536265 0.896800
v -0.000569 0.515190 -1.008950
v -0.000569 1.228260 -0.156638
v -0.000569 0.904810 -0.710955
v -0.000569 -0.743135 -0.848885
v -0.000569 0.755700 -1.023885
v -0.000565 0.221676 0.759115
v -0.000569 -1.273865 0.169825
v 0.047702 -0.069637 -0.112540
v -0.000530 0.574780 0.086702
v -0.000569 0.810810 -0.698705
v -0.000569 -0.631620 -1.237080
v -0.000569 1.242060 -0.348612
v 0.004398 0.037537 -0.272547
v -0.000569 0.673315 -0.792625
v -0.000569 0.222026 1.330330
v -0.000569 0.101402 -1.305770
v 0.056600 -0.111001 -0.024397
v 0.014115 -0.231327 0.083283
v -0.000569 0.640215 1.044395
v -0.000489 -0.504995 0.328236
v -0.000569 -0.182171 1.391645
v -0.000576 -0.484092 0.616855
v -0.000569 -0.047746 1.028030
v -0.000575 0.190582 0.791690
v -0.000569 -0.818110 -0.495423
v -0.000569 -0.058187 -1.218800
v -0.000569 1.048995 -0.034374
v -0.000569 0.917620 0.801115
v -0.000569 0.134563 -0.910385
v 0.015177 0.009589 -0.234961
v -0.001421 -0.355584 -0.060735
v -0.000569 0.853805 0.456070
v -0.000570 0.450976 -0.761205
v -0.000571 0.502635 0.741760
v -0.000568 -0.367334 -0.954675
v -0.000569 1.116980 0.360479
v -0.000569 -0.405356 -1.282325
v -0.000569 -0.155850 1.061225
v -0.000894 0.433049 0.280095
v 0.009584 0.088488 0.248601
v -0.000569 -1.149470 0.326660
v -0.000376 0.181207 0.269116
v -0.000569 0.220206 1.242480
v -0.000569 -0.967445 0.564540
v -0.002199 0.394473 -0.028912
v -0.000569 -0.882580 0.615395
v -0.000572 0.547930 0.536260
v -0.000569 -1.287385 0.132491
v -0.000569 -1.102000 -0.215292
v -0.000570 0.676160 0.412421
v -0.000565 0.617065 -0.462326
v -0.000508 0.428285 0.454437
v -0.000570 -0.886515 -0.244705
v -0.000533 0.631880 0.026484
v -0.001789 -0.421447 -0.088203
v -0.000585 -0.117982 -1.374105
v -0.000569 0.358884 -1.183495
v -0.000523 0.048258 -0.679450
v -0.000569 -0.786230 1.066545
v -0.000572 -0.751025 -0.437526
v -0.000570 -0.891995 -0.292554
v -0.000569 1.076935 0.392071
v -0.000569 -0.720595 -0.606290
v -0.000563 -0.744405 -0.080187
v -0.000523 0.399531 0.503120
v -0.000569 0.249298 1.147550
v -0.000569 -0.222659 -1.073865
v -0.000569 0.654700 0.375164
v -0.000569 -0.544995 -1.229490
v -0.000569 1.069420 0.342381
v -0.000569 -0.604435 -0.758075
v -0.000569 -0.700075 1.144975
v -0.000569 0.673465 0.960480
v -0.000569 0.911595 0.104084
v -0.000569 0.153496 -1.156445
v -0.000569 -0.926520 0.593470
v -0.000569 -0.487600 0.857540
v -0.000573 -0.380852 0.715905
v -0.000533 -0.569575 -0.410717
v -0.000513 0.119112 0.628390
v -0.000569 1.217370 0.212298
v -0.000569 -0.388413 -1.048400
v -0.000570 0.297290 -0.708525
v -0.000569 1.238750 0.329997
v -0.001476 0.086302 -0.343922
v 0.076138 0.009719 0.012064
v 0.073447 -0.016008 -0.030968
v -0.000569 0.030180 -1.352630
v -0.000569 -1.167465 -0.249525
v -0.000569 -1.236900 0.623475
v 0.063707 -0.042772 -0.072360
v -0.000572 0.701545 0.382040
v -0.000569 -0.552680 -1.134155
v -0.000572 -0.450510 -0.757535
v -0.000569 -0.380371 1.349365
v -0.002221 -0.396748 -0.053268
v -0.000576 -0.012785 -0.825685
v -0.000569 -0.184997 -1.257800
v -0.000540 0.396096 0.611845
v -0.000569 0.356913 -1.235140
v -0.000569 1.211250 0.157990
v -0.000533 -0.700710 -0.106812
v -0.000569 1.224165 -0.467962
v 0.040146 0.005598 -0.155005
v -0.000569 -1.196320 -0.348206
v -0.000570 -0.893300 0.234205
v -0.000564 0.568640 -0.142630
v -0.000552 0.645460 0.340415
v -0.000569 1.155380 -0.329070
v -0.000569 -0.096095 -1.294825
v 0.017506 -0.218193 0.033801
v 0.014651 0.057276 -0.230696
v -0.000572 -0.800055 -0.255008
v -0.000570 0.788330 0.079993
v -0.000569 -0.765075 -0.720925
v -0.000569 -1.023415 -0.872155
v -0.000569 -0.454017 -1.267815
v -0.000569 -0.836880 -0.409098
v -0.000569 -0.570705 -0.891815
v -0.000748 0.516455 0.180667
v -0.001358 -0.218599 -0.419009
v -0.000569 0.849270 0.715925
v -0.000569 1.227560 0.377087
v -0.000569 0.977405 0.822330
v -0.000569 1.101340 -0.213612
v -0.000569 0.434233 -1.218440
v -0.000874 -0.308590 0.437881
v 0.065956 0.007092 -0.074072
v -0.000569 0.901315 0.623720
v -0.000571 0.576195 0.679590
v -0.000569 0.933570 0.653655
v 0.008223 0.253004 0.057407
v -0.000573 0.417280 -0.725175
v -0.000569 -0.456987 -1.217420
v -0.000502 0.583260 -0.298653
v -0.000510 -0.636165 -0.217063
v -0.000569 0.975750 -0.755565
v -0.000569 1.220695 -0.558000
v -0.000452 0.070684 0.601175
v -0.000532 -0.539755 -0.450100
v -0.000573 0.822860 0.201826
v -0.001180 -0.354931 -0.101809
v -0.000532 -0.611780 -0.320955
v -0.000569 0.310386 -1.321270
v -0.000569 0.716950 -0.805145
v -0.000572 -0.661815 0.561225
v -0.000569 0.943835 0.814080
v -0.000570 -0.769420 -0.485193
v -0.000514 -0.445438 -0.512735
v -0.000569 0.645445 -1.236965
v -0.000993 0.506480 0.022653
v -0.000569 0.314911 0.957850
v -0.000569 0.982315 0.233963
v -0.000569 -0.423713 1.008400
v -0.000572 0.440271 -0.687120
v -0.000569 1.202895 -0.373988
v -0.000569 -0.734990 0.972045
v -0.000681 -0.192606 -0.510935
v -0.000569 -1.225885 -0.627550
v -0.000572 0.560705 0.579660
v -0.000569 -0.157015 -1.084065
v -0.000570 -0.908035 0.023020
v -0.001291 0.316979 0.161842
v -0.000584 0.449069 -0.359115
v -0.000569 1.331330 0.185221
v -0.000569 0.517980 1.151315
v -0.000569 1.077175 0.724905
v -0.000569 1.150325 0.635085
v -0.000569 0.548110 -1.237335
v -0.000816 0.540905 0.054603
v -0.000569 0.706790 0.995050
v -0.000569 -0.191169 1.096235
v -0.000549 0.322238 0.675690
v -0.000569 0.561940 -1.280045
v -0.000569 0.827715 0.419528
v -0.000538 -0.260106 0.651445
v -0.000570 -0.856465 -0.323071
v -0.000571 -0.435389 0.787430
v -0.000569 -0.543020 -0.975520
v -0.000569 1.189550 0.298011
v -0.000569 -0.126873 -0.934515
v -0.000569 -0.157969 1.150520
v -0.000572 0.821790 0.296505
v -0.000569 -1.124365 -0.175324
v -0.000569 0.364572 -1.132105
v -0.000569 0.821260 -0.910500
v -0.000570 0.354777 -0.817130
v 0.073964 -0.039533 0.012938
v -0.000573 0.856135 0.030576
v -0.000575 0.748970 -0.302328
v -0.000569 1.175860 -0.356626
v -0.000574 -0.337640 0.746915
v -0.000569 -0.826055 1.068935
v -0.001736 -0.368382 -0.239963
v -0.000569 -0.118207 1.133435
v -0.000548 -0.613810 0.408918
v -0.000569 0.222362 -0.724990
v -0.000350 0.057978 0.336071
v -0.000715 0.552365 0.006787
v -0.000574 -0.429216 0.734745
v -0.000569 0.088152 -0.935395
v -0.000570 0.894285 0.216867
v -0.000507 -0.185188 0.636905
v -0.000569 0.761710 -0.896335
v -0.000569 -1.157010 -0.383083
v -0.000568 -0.373705 -0.664540
v -0.000569 -1.290300 -0.200958
v -0.000569 0.424201 -0.929995
v -0.000570 -0.235569 -1.373575
v -0.000526 0.147444 -0.659730
v -0.000570 -0.582265 0.694570
v -0.000569 -0.263946 -1.276155
v -0.000569 -1.184005 -0.503745
v -0.000570 -0.876640 0.141940
v -0.000565 -0.589685 0.521260
v -0.000569 -0.112113 1.087340
v -0.000569 -0.901135 0.280250
v -0.000570 0.861990 0.267704
v -0.000569 -0.962275 -0.126979
v -0.000569 0.124267 1.169940
v -0.000569 -0.962055 -0.937890
v -0.000532 -0.612910 -0.024992
v -0.000569 1.114335 -0.775425
v -0.000572 0.420552 0.757225
v -0.000537 -0.178478 0.684760
v -0.000569 -1.258130 -0.530900
v -0.000569 0.110248 1.077100
v -0.000569 -0.944770 0.296092
v -0.000569 1.360805 0.240636
v -0.000569 0.586045 -0.993355
v -0.000572 0.485783 -0.688420
v -0.000569 -0.221022 1.227720
v -0.000569 -0.631745 0.750755
v 0.000005 -0.276749 -0.138330
v -0.000569 1.180880 -0.295328
v -0.000569 -0.288475 1.374415
v -0.000569 -0.513575 -0.822690
v -0.000569 0.139773 1.112495
v -0.000569 -1.397560 -0.199345
v 0.029818 -0.153526 0.106004
v -0.000568 0.357791 1.298285
v -0.000512 -0.555435 -0.371911
v -0.000569 -0.755330 0.723345
v -0.000570 -0.461949 0.651130
v -0.000574 -0.834345 -0.123212
v -0.000569 -0.465189 -1.083150
v -0.000676 -0.239217 -0.513360
v -0.001483 0.232816 -0.384771
v -0.000569 -1.107140 0.791610
v -0.000569 -0.900365 -0.993195
v -0.000804 0.101170 0.531030
v -0.000620 0.229606 0.251821
v -0.000569 -0.451206 0.880700
v -0.000505 0.068305 -0.632305
v -0.000569 -0.724220 0.763350
v -0.000569 1.062630 0.688245
v -0.000573 -0.573420 0.563095
v -0.000571 -0.412365 -0.795905
v -0.000569 -0.654260 -1.153565
v -0.000569 0.913170 0.377898
v -0.000569 1.302615 0.272074
v -0.000593 -0.146739 -1.411025
v 0.004727 0.191211 -0.199669
v -0.001524 0.465080 0.037241
v -0.000514 -0.228459 0.629220
v -0.000507 0.115920 -0.624385
v -0.000569 0.872180 -0.848150
v -0.000569 0.654280 -0.751315
v -0.000569 -1.192185 -0.206682
v 0.016605 -0.195055 0.116563
v -0.000568 -0.924170 -0.164633
v -0.000569 1.221050 -0.292267
v -0.000273 0.095719 0.329933
v -0.000569 -0.590620 0.806930
v -0.000569 -1.225785 0.176968
v -0.000571 -0.639630 0.595695
v -0.000570 0.485769 0.645510
v 0.008010 -0.224648 -0.141150
v -0.000569 0.146352 -1.105350
v -0.000573 0.494147 0.693775
v -0.000569 0.584755 -1.042880
v -0.000573 0.774950 -0.335286
v -0.000569 -1.164780 -0.175270
v -0.000569 1.025790 0.223054
v -0.000569 0.188442 -1.080290
v -0.000569 0.596010 -1.167610
v -0.000569 1.253725 -0.493045
v -0.000569 1.085700 -0.577865
v -0.000569 1.006595 -0.039457
v -0.000574 -0.795405 -0.203071
v -0.000569 -0.692975 -0.905350
v -0.000569 -1.009830 -0.297194
v -0.000569 -0.926125 0.696870
v -0.000503 0.481122 -0.403921
v -0.000572 -0.661570 -0.552255
v -0.000569 0.870885 0.360229
v -0.000548 0.132152 -0.709850
v -0.000570 0.901225 0.029213
v -0.000570 0.837350 0.384363
v -0.000569 -0.534415 -1.274350
v -0.000568 -0.934740 0.115875
v -0.000569 -0.873540 0.354988
v -0.000569 0.345261 -0.945920
v -0.000571 0.159463 0.872970
v -0.000569 -0.694955 -0.723520
v -0.000509 0.643540 -0.017184
v -0.001850 0.432992 -0.039660
v -0.000569 -0.965005 0.170324
v -0.000573 -0.373400 -0.709645
v -0.000569 1.135645 0.586660
v -0.000569 1.044940 0.754420
v -0.000545 -0.278263 -0.665830
v -0.000573 -0.600180 0.591180
v -0.000569 -0.399298 1.050955
v -0.000424 0.229505 -0.252443
v -0.000569 0.448993 0.677050
v -0.001260 0.348606 0.335194
v -0.001072 0.491331 -0.106166
v -0.001016 0.487502 0.119548
v -0.000569 -0.642930 -0.737715
v 0.010099 -0.086568 -0.245838
v -0.000569 0.739900 -0.933665
v -0.000569 -1.135110 0.424711
v -0.000569 0.957560 -0.048556
v -0.000569 -0.876380 0.959950
v -0.000569 1.010010 0.785140
v -0.000569 -0.168123 0.934800
v -0.000569 -0.209226 0.959755
v -0.000569 -1.059250 0.089068
v -0.000569 -0.932855 0.753900
v -0.001861 0.248041 -0.298911
v -0.000569 0.684260 -1.184000
v -0.000569 -0.291070 1.062380
v -0.000571 0.862375 0.193515
v -0.000569 1.016350 0.522335
v -0.000569 1.122890 -0.602365
v -0.000569 -0.011943 0.969545
v -0.000570 -0.096875 -0.901220
v 0.006104 0.235904 0.129201
v -0.000569 -0.995230 -0.084972
v -0.000569 0.978720 0.305108
v -0.000566 0.497406 -0.286459
v -0.000569 -0.790285 -0.096248
v -0.000569 0.637970 -1.118780
v -0.000569 -1.151425 0.125772
v -0.000513 0.451649 0.503680
v -0.000569 0.061662 1.090245
v -0.000542 -0.562115 0.449063
v -0.000494 -0.518785 0.429021
v -0.000533 -0.611035 -0.071281
v -0.000569 -0.946035 0.809265
v -0.000569 0.907345 0.443840
v -0.000569 1.296145 0.155926
v -0.000569 -0.975665 -0.328762
v -0.001909 -0.161390 0.338895
v -0.000569 -1.176505 0.446099
v -0.000631 0.278640 0.513555
v -0.000569 1.124185 -0.163780
v -0.000893 -0.522640 -0.068668
v -0.000571 -0.379071 -0.830955
v -0.000573 0.476157 -0.320480
v -0.000569 -1.225390 0.386478
v -0.000569 -0.577360 1.171540
v -0.001594 0.275602 0.235046
v -0.000563 0.688380 -0.332509
v -0.000569 -1.059875 -0.723585
v -0.000569 -1.127975 0.747805
v -0.000569 0.068978 -1.328320
v -0.000569 -0.512070 -1.055345
v -0.000569 0.701655 0.801075
v -0.000569 -0.865765 0.912835
v -0.000569 0.332301 -0.894985
v -0.000570 -0.708230 -0.558775
v -0.000569 1.065420 0.529790
v -0.000569 0.083103 1.357505
v -0.000569 -0.426725 -0.843645
v -0.000569 -0.735300 -1.146030
v -0.000569 -1.107435 0.107271
v -0.000569 1.198455 0.504030
v -0.000569 0.409391 -0.834515
v -0.000569 -0.865995 -0.507800
v -0.000569 1.086725 -0.060225
v -0.000569 0.833970 -0.955645
v -0.000569 1.061565 0.243776
v -0.000572 0.735240 0.306753
v -0.000569 1.256290 0.131138
v -0.000539 -0.324808 -0.640555
v -0.000569 -1.351970 0.042395
v -0.000569 -1.054275 -0.308144
v -0.000569 -1.062775 -0.010024
v -0.000569 0.670350 1.082155
v 0.034093 -0.171863 0.026005
v 0.000851 0.277490 0.142175
v -0.000569 -1.187120 0.356077
v -0.000569 -0.261557 0.929805
v -0.000569 -1.018745 0.233663
v -0.000569 -0.606670 -0.862715
v -0.000653 0.320655 0.466514
v -0.000569 -0.955450 0.861580
v 0.001091 0.024095 0.306408
v -0.000569 1.147995 -0.697425
v -0.000569 -0.842550 0.992915
v -0.000569 -0.905765 -0.617155
v -0.001884 -0.193750 0.394742
v -0.000569 -0.552345 -1.179070
v 0.041302 -0.019733 0.161235
v -0.000569 0.657995 -1.205965
v -0.000571 -0.343355 -0.742345
v 0.043380 -0.143233 0.063756
v 0.002403 -0.205300 -0.202832
v -0.001619 0.264543 -0.345172
v -0.000569 -0.442148 0.838995
v 0.033559 0.054629 0.178049
v -0.000976 0.295057 0.426339
v -0.000866 -0.264295 -0.441303
v -0.000569 0.216234 -1.168765
v -0.000568 -0.915950 0.370546
v 0.009723 0.147799 -0.215093
v -0.000569 -1.191155 0.146562
v -0.000495 0.155859 0.598930
v -0.000569 -1.106325 -0.839165
v 0.009276 0.040724 0.260953
v -0.000571 -0.519355 0.721040
v -0.000571 0.885790 -0.106818
v -0.000601 -0.245743 -0.229183
v -0.000569 1.164695 0.377246
v -0.000568 -0.962705 0.014404
v -0.000572 0.881185 0.069397
v -0.000569 1.197125 -0.113160
v -0.000572 -0.279623 -0.718480
v -0.000569 0.320221 -0.844145
v -0.000569 0.830330 0.674045
v -0.000569 0.688495 -0.714445
v -0.001910 0.293422 0.334164
v -0.000570 -0.175343 0.887880
v -0.000569 -0.495590 -0.956380
v -0.000569 -0.346572 -0.862590
v -0.000569 -1.016660 -0.707285
v -0.000574 0.803705 -0.055876
v -0.000513 0.533995 -0.390122
v -0.000570 0.373568 0.739290
v -0.001912 -0.285527 -0.253128
v -0.000570 0.761910 -0.495314
v -0.000569 0.415758 -0.880525
v -0.000569 -0.890425 -0.421109
v -0.000569 0.720890 1.074975
v -0.000569 -0.919890 0.546710
v -0.000554 -0.574645 0.000583
v -0.000743 0.523795 0.144764
v -0.000569 0.197383 0.951425
v -0.002118 0.135528 0.347838
v -0.000569 -0.324277 0.997650
v -0.000569 -0.241736 1.286795
v -0.000569 0.591390 0.967930
v -0.000553 0.727990 -0.002050
v 0.029773 -0.097472 -0.151999
v -0.000569 0.749600 0.791865
v -0.000569 -0.547125 1.132390
v -0.000569 -0.642990 -0.836105
v -0.000569 0.922410 -0.851165
v -0.000569 -0.791785 0.983060
v 0.012610 -0.120990 -0.209612
v -0.000569 -1.074455 0.264949
v -0.000496 0.468844 0.408545
v -0.000569 -1.141360 0.374290
v -0.000570 -0.927515 -0.026615
v -0.002052 0.185537 0.368818
v -0.000569 -1.027790 0.336815
v -0.000569 0.734100 -0.725015
v -0.000569 -0.278982 1.119175
v -0.000573 0.522920 0.613350
v -0.000569 -0.187371 -0.903110
v 0.051338 0.127971 0.015263
v -0.000542 0.466946 0.549845
v -0.000569 1.266290 -0.070867
v -0.000682 -0.271256 -0.486089
v -0.000569 0.748460 -0.770775
v -0.000568 -0.357354 -0.908420
v -0.000570 0.176164 -0.884420
v -0.000542 -0.020455 0.726750
v -0.000569 0.991480 0.476997
v -0.000571 -0.392008 0.821330
v -0.000569 -0.427508 1.237765
v -0.000569 0.793995 -0.990435
v -0.000569 1.245525 -0.031635
v -0.000569 0.927280 -0.159390
v -0.001188 0.234477 0.444725
v -0.000569 -0.197440 -1.098380
v -0.000518 0.387882 0.564425
v -0.000569 0.363967 1.043315
v -0.000569 -1.391550 0.022025
v -0.000569 1.034775 0.423958
v -0.000569 -1.282225 -0.495037
v -0.000570 -0.168087 -1.367790
v -0.000569 0.748240 -0.974720
v -0.000569 -1.216080 -0.445984
v -0.000569 0.271024 1.234325
v -0.000569 1.153955 0.328945
v -0.000570 0.169432 -0.797535
v -0.000542 0.360016 0.642910
v -0.000569 -0.402876 -0.923395
v -0.000569 0.684435 -1.139510
v -0.000569 1.023735 0.322759
v -0.000569 0.894930 1.065920
v -0.000569 -0.525755 0.774155
v -0.000570 -0.885040 0.187867
v 0.002573 0.132599 -0.258334
v -0.000571 0.577205 -0.601055
v -0.001277 0.448427 0.155073
v -0.000570 -0.792140 -0.151019
v -0.000853 -0.530355 -0.018730
v -0.001673 0.067801 -0.398721
v -0.000546 -0.706090 -0.210396
v -0.000555 -0.253727 0.699220
v -0.000569 -1.216700 -0.541985
v -0.000541 0.431520 0.582020
v -0.000526 -0.600155 0.359889
v -0.000575 -0.730280 -0.389149
v -0.000555 -0.150049 -0.723275
v -0.001757 0.022866 -0.395199
v -0.000569 0.842390 -0.794360
v -0.000570 -0.882230 -0.194935
v -0.000571 0.759595 0.039958
v -0.000565 -0.712420 -0.319217
v -0.000511 -0.657750 -0.138991
v -0.000571 0.216160 -0.839350
v -0.000569 -0.776305 0.770775
v -0.000569 0.045538 1.136985
v -0.000569 -0.776385 0.930665
v -0.000512 0.599790 -0.008526
v -0.000514 -0.513265 0.378690
v -0.000569 -0.608485 0.843345
v -0.001774 0.002299 -0.365915
v 0.015303 0.225948 0.086491
v -0.000570 0.152028 0.920245
v -0.000569 -0.519830 1.096530
v 0.033083 0.016731 0.189560
v -0.000569 -0.421951 -1.015910
v -0.000569 -1.000440 0.053771
v -0.000569 0.326690 1.221420
v -0.000569 0.386479 1.000480
v -0.000569 1.202040 -0.019949
v -0.000569 0.707825 0.686485
v -0.000569 -0.888725 -0.863260
v -0.000569 -1.063360 -0.826955
v -0.000569 1.384830 -0.187773
v -0.000572 -0.207460 0.859160
v -0.000569 1.085635 0.440849
v -0.000504 -0.614830 -0.191194
v -0.000569 -0.231727 -1.179640
v -0.000569 -1.263785 -0.450307
v -0.000569 1.048145 -0.658620
v -0.000569 -0.759425 1.138465
v -0.000571 0.613840 -0.565135
v -0.000569 -1.148155 -0.332454
v -0.000753 0.526035 -0.072853
v -0.000569 0.702805 1.120335
v -0.000569 -1.402290 -0.242829
v -0.000569 1.002510 -0.710675
v -0.000569 0.409255 -1.163240
v -0.000569 0.075243 1.176085
v -0.000569 -1.068810 0.313465
v 0.039360 0.078922 0.144351
v -0.000569 -0.478786 1.285195
v -0.000569 -0.941200 -0.775515
v -0.000572 -0.841350 -0.224329
v -0.000572 -0.263322 0.796525
v -0.000569 1.097425 -0.678325
v -0.000569 -1.028485 -0.046044
v -0.000574 0.697220 -0.379695
v -0.000569 0.659530 1.003555
v -0.000569 1.169795 -0.052157
v -0.000569 1.169785 -0.536345
v -0.000569 -0.944335 -0.075449
v -0.000569 0.907760 -0.055562
v -0.000505 -0.489553 -0.447337
v -0.000569 -0.940220 -0.846515
v -0.000569 0.738550 1.030395
v -0.000569 -0.929295 0.202579
v -0.000569 -0.972680 0.668130
v -0.000497 -0.552095 0.345528
v -0.000569 -0.457999 -0.986720
v -0.000569 -0.852165 -0.458969
v -0.000570 0.411997 0.708350
v -0.000569 -0.268903 1.339590
v -0.000570 0.791640 -0.459349
v -0.000574 0.528120 -0.598425
v -0.000577 0.149797 0.550625
v -0.000543 0.509575 -0.501560
v -0.000569 1.246225 -0.111558
v -0.000573 0.773860 -0.372615
v -0.000567 0.476903 0.597440
v -0.000569 1.063715 0.292573
v -0.000569 -0.889350 -0.754690
v -0.000555 -0.100985 -0.730990
v -0.000569 0.664885 0.768375
v -0.001376 -0.208054 0.296142
v -0.001480 0.469770 -0.007822
v -0.000569 0.874565 -0.752845
v -0.000564 0.495823 -0.556745
v -0.000572 -0.179519 -0.855785
v 0.045482 0.108675 0.103034
v -0.000569 0.359541 1.257990
v -0.000569 -0.593365 -1.209905
v -0.000569 -0.376662 1.004795
v -0.000574 0.808410 0.034244
v -0.000569 -0.476598 1.096945
v -0.000569 0.242929 0.930675
v -0.000556 0.303787 1.376115
v -0.000569 0.822530 1.061160
v -0.000722 0.234823 0.492972
v -0.000573 0.702520 -0.474241
v -0.000569 -0.920600 -0.667845
v -0.000569 0.774710 0.751670
v -0.000569 -0.912875 -0.947855
v -0.000536 -0.663265 -0.237417
v 0.011993 -0.039150 -0.238027
v -0.000569 0.686505 1.170810
v 0.070290 0.061274 0.009775
v -0.000569 -1.018665 0.878565
v -0.000569 0.757115 0.704330
v 0.000610 0.316094 0.110191
v -0.000569 -0.839000 -0.880635
v -0.000569 0.924905 -0.755785
v -0.000569 1.099070 0.488793
v -0.000570 -0.302127 0.891375
v 0.063004 0.005212 0.100792
v -0.000569 0.949310 -0.801955
v 0.038519 -0.045993 -0.155251
v -0.000569 -0.944585 -0.493231
v -0.000569 -1.016680 0.690345
v -0.000569 1.313970 -0.193804
v -0.000574 -0.095641 -0.860840
v -0.000574 -0.756980 -0.287298
v -0.000569 1.197055 0.647315
v -0.000569 -0.982030 0.265546
v -0.000571 0.780670 -0.416272
v -0.000892 0.418754 0.326382
v -0.000569 0.620530 -1.205835
v -0.000569 1.071595 -0.763555
v -0.000569 -1.059335 0.704725
v -0.000569 -0.325048 1.244390
v 0.023005 -0.018839 -0.194785
v -0.000569 -0.347504 1.198235
v -0.000562 0.565400 -0.482173
v -0.000569 1.234055 0.616025
v -0.000571 0.134938 -0.863825
v -0.000569 -0.987805 0.313131
v -0.000569 -0.100943 -1.244865
v -0.000569 1.290575 0.202147
v -0.001156 -0.170179 -0.454328
v -0.000574 -0.075635 -0.768235
v -0.000569 0.069608 -1.371345
v -0.000571 0.702365 -0.425984
v -0.000569 0.665845 0.718590
v -0.000569 1.167835 0.544955
v -0.000569 -1.037085 -0.475092
v -0.000573 0.611025 -0.514815
v 0.043836 0.140817 0.063849
v -0.000577 -0.186360 -0.760335
v -0.000569 -0.145492 -1.276655
v -0.000569 1.059215 -0.129102
v -0.000573 0.817170 0.248117
v -0.000569 1.295995 -0.244341
v -0.000569 -0.767355 -0.895670
v -0.000703 0.564235 -0.042767
v -0.000569 -0.136138 -1.163350
v -0.000472 0.200712 -0.291885
v -0.000569 1.024385 -0.756670
v -0.000572 0.830685 -0.011647
v -0.000569 -0.971250 -0.686885
v -0.000577 -0.088759 -0.813870
v -0.000571 -0.819730 -0.358822
v -0.000569 -1.104180 0.708675
v -0.000571 0.346881 0.825975
v -0.000569 -1.361885 -0.011137
v -0.000569 -0.099277 -1.194405
v -0.000573 -0.806870 -0.307329
v -0.000569 1.002235 0.736125
v -0.000569 -0.183802 -1.174280
v -0.000569 -0.352634 1.291975
v -0.000486 0.517365 -0.321419
v -0.000559 0.330492 1.332840
v -0.000572 -0.783435 -0.397876
v 0.001944 0.018424 -0.315331
v -0.000569 -1.015340 -0.656235
v -0.001832 -0.253121 0.366298
v -0.000570 0.288819 0.918345
v -0.000569 -1.191535 0.098293
v -0.000575 -0.178695 -0.808550
v 0.001836 0.064905 -0.310861
v -0.000569 -0.601015 -0.814795
v -0.000570 0.364917 0.873980
v -0.000569 -0.518115 1.218235
v -0.000569 0.249957 1.284010
v -0.000566 0.404160 0.660035
v -0.000569 0.596465 1.129090
v 0.070579 0.034714 0.055937
v -0.000569 -1.041415 -0.390240
v -0.000568 0.570600 -0.092477
v -0.000569 -0.972495 -0.574090
v -0.000570 0.337810 0.915355
v -0.002301 -0.249568 0.316925
v -0.000569 -0.672690 0.755375
v -0.000541 -0.285318 -0.209907
v -0.002004 0.321032 0.286882
v -0.000569 0.798765 1.100225
v -0.000569 0.379256 -0.909990
v -0.000569 -1.069250 -0.353887
v 0.000329 0.127296 0.292040
v -0.000569 -0.465230 -1.033580
v -0.000543 -0.703265 -0.159010
v -0.000569 1.107870 -0.729630
v -0.000569 0.989185 -0.088108
v -0.000571 -0.876590 -0.145527
v -0.000569 1.214935 0.551910
v -0.000569 -0.682300 -0.770995
v -0.000572 0.221468 0.849275
v -0.000569 -1.086040 -0.395930
v -0.000569 -0.763280 -0.803290
v -0.000569 -0.328984 1.100980
v -0.000569 -0.203694 -1.219180
v -0.002239 0.221102 0.299254
v -0.000569 -1.105690 0.050203
v -0.000572 0.263888 0.834400
v -0.000572 -0.240194 0.821880
v -0.000569 -0.300176 1.200170
v -0.000569 -0.849030 -0.830060
v -0.000570 -0.346538 0.855355
v -0.000569 -0.691615 0.803155
v -0.000569 -0.486428 1.187460
v -0.000568 0.276913 1.330850
v -0.000569 -0.529885 1.175740
v -0.000569 -1.038730 0.788665
v -0.000572 -0.340834 0.799645
v -0.000572 -0.292224 0.776075
v -0.000569 -1.013940 0.002750
v -0.000573 0.738800 -0.398968
v -0.000569 -0.986785 0.773750
v -0.000569 -1.025825 0.738450
v -0.000569 -0.598585 0.768750
v -0.000573 -0.135710 -0.833805
v 0.057101 0.057691 0.100567
v -0.000569 -0.298518 1.291935
v -0.000570 0.254482 0.882295
v -0.000570 -0.252946 0.874490
vn 1.0000 0.0000 0.0000
vn 1.0000 0.0004 0.0003
vn 0.9995 0.0219 -0.0223
vn 0.9999 -0.0013 0.0101
vn 1.0000 -0.0002 -0.0005
vn 1.0000 0.0002 -0.0000
vn 1.0000 -0.0002 -0.0001
vn 1.0000 0.0003 -0.0003
vn 1.0000 -0.0029 0.0066
vn 1.0000 -0.0021 0.0000
vn 1.0000 0.0007 0.0001
vn 1.0000 0.0028 -0.0030
vn 1.0000 -0.0005 0.0004
vn 1.0000 -0.0005 -0.0006
vn 1.0000 -0.0040 0.0038
vn 0.9999 0.0008 0.0145
vn 1.0000 -0.0005 -0.0001
vn 0.9999 -0.0103 0.0012
vn 0.9992 -0.0003 0.0389
vn 0.9999 0.0095 0.0042
vn 0.9459 -0.2218 0.2367
vn 1.0000 0.0000 0.0001
vn 1.0000 0.0030 0.0016
vn 1.0000 0.0003 0.0006
vn 1.0000 -0.0000 -0.0001
vn 1.0000 0.0005 0.0096
vn 1.0000 -0.0004 0.0005
vn 0.9374 -0.3328 -0.1031
vn 1.0000 -0.0001 -0.0000
vn 1.0000 -0.0015 -0.0004
vn 0.9925 -0.1162 0.0368
vn 1.0000 -0.0005 0.0003
vn 1.0000 -0.0072 0.0066
vn 1.0000 -0.0007 -0.0003
vn 1.0000 0.0007 0.0002
vn 1.0000 0.0000 0.0006
vn 1.0000 0.0004 0.0001
vn 1.0000 0.0003 -0.0005
vn 0.9999 -0.0083 -0.0060
vn 0.9429 -0.3290 0.0510
vn 0.9992 0.0307 0.0260
vn 1.0000 0.0044 -0.0002
vn 1.0000 -0.0003 0.0006
vn 1.0000 0.0005 0.0002
vn 0.9999 0.0083 -0.0089
vn 0.9843 0.1477 -0.0968
vn 1.0000 -0.0004 0.0015
vn 0.9387 0.2852 -0.1935
vn 1.0000 -0.0026 0.0021
vn 1.0000 0.0003 0.0002
vn 1.0000 -0.0002 0.0007
vn 1.0000 -0.0002 0.0004
vn 1.0000 -0.0031 0.0073
vn 1.0000 0.0006 0.0000
vn 0.9984 -0.0447 -0.0357
vn 0.9999 -0.0041 0.0101
vn 1.0000 -0.0034 0.0032
vn 1.0000 -0.0068 -0.0018
vn 0.9997 -0.0241 -0.0103
vn 1.0000 0.0013 -0.0015
vn 1.0000 0.0004 0.0008
vn 1.0000 -0.0006 -0.0004
vn 0.9113 0.1091 0.3970
vn 1.0000 -0.0003 -0.0001
vn 1.0000 0.0027 0.0037
vn 0.9240 -0.0273 -0.3814
vn 1.0000 0.0008 0.0000
vn 1.0000 0.0001 0.0001
vn 0.9750 -0.2221 -0.0100
vn 1.0000 -0.0003 0.0004
vn 0.9996 0.0055 0.0288
vn 1.0000 -0.0046 -0.0032
vn 1.0000 0.0074 -0.0003
vn 1.0000 0.0003 -0.0006
vn 1.0000 -0.0001 0.0002
vn 1.0000 -0.0062 -0.0008
vn 1.0000 -0.0019 0.0010
vn 1.0000 -0.0001 -0.0002
vn 1.0000 0.0028 -0.0020
vn 1.0000 0.0006 0.0004
vn 1.0000 -0.0083 0.0034
vn 1.0000 0.0002 0.0005
vn 1.0000 -0.0020 -0.0015
vn 0.9999 0.0087 0.0062
vn 1.0000 0.0077 0.0004
vn 0.9732 -0.0494 -0.2246
vn 1.0000 0.0001 -0.0002
vn 1.0000 -0.0003 0.0003
vn 1.0000 -0.0003 -0.0041
vn 1.0000 -0.0083 0.0035
vn 1.0000 0.0007 0.0030
vn 1.0000 0.0002 0.0019
vn 1.0000 -0.0005 -0.0018
vn 1.0000 -0.0000 -0.0005
vn 1.0000 -0.0002 -0.0000
vn 1.0000 -0.0007 0.0003
vn 1.0000 -0.0009 -0.0051
vn 1.0000 0.0006 0.0062
vn 0.9999 -0.0122 -0.0036
vn 1.0000 0.0046 0.0014
vn 1.0000 -0.0007 0.0001
vn 1.0000 0.0045 0.0036
vn 1.0000 0.0044 -0.0001
vn 1.0000 -0.0001 -0.0005
vn 1.0000 -0.0004 0.0006
vn 1.0000 -0.0003 -0.0005
vn 1.0000 -0.0005 -0.0005
vn 0.9764 0.1085 -0.1868
vn 0.9395 -0.0836 0.3322
vn 0.9380 0.2001 0.2831
vn 1.0000 0.0001 0.0005
vn 1.0000 -0.0001 -0.0003
vn 1.0000 0.0009 0.0003
vn 1.0000 0.0001 0.0009
vn 1.0000 0.0041 0.0010
vn 0.9994 -0.0186 -0.0295
vn 1.0000 0.0001 -0.0005
vn 1.0000 0.0004 -0.0002
vn 1.0000 0.0019 0.0033
vn 1.0000 0.0072 -0.0018
vn 1.0000 -0.0002 -0.0020
vn 1.0000 -0.0062 0.0059
vn 1.0000 -0.0089 0.0041
vn 1.0000 -0.0080 0.0046
vn 0.9999 0.0037 0.0108
vn 0.9997 -0.0107 -0.0216
vn 1.0000 -0.0003 -0.0006
vn 1.0000 0.0003 0.0000
vn 0.9999 -0.0079 0.0072
vn 0.9848 -0.1396 -0.1035
vn 0.9898 -0.1405 -0.0241
vn 1.0000 -0.0002 0.0005
vn 1.0000 0.0003 -0.0004
vn 1.0000 -0.0030 -0.0005
vn 1.0000 -0.0001 -0.0004
vn 1.0000 -0.0003 -0.0034
vn 0.9956 -0.0829 0.0435
vn 1.0000 -0.0020 0.0011
vn 0.9805 -0.0069 -0.1961
vn 1.0000 0.0001 -0.0000
vn 1.0000 0.0002 0.0002
vn 1.0000 0.0001 -0.0004
vn 1.0000 0.0002 -0.0004
vn 1.0000 -0.0013 -0.0050
vn 1.0000 -0.0037 -0.0035
vn 1.0000 -0.0023 0.0010
vn 1.0000 0.0010 0.0006
vn 0.9999 0.0141 0.0002
vn 1.0000 0.0072 0.0009
vn 1.0000 0.0053 -0.0062
vn 1.0000 0.0061 0.0034
vn 1.0000 0.0002 0.0001
vn 1.0000 -0.0001 -0.0001
vn 0.9999 0.0121 -0.0006
vn 1.0000 0.0038 -0.0023
vn 0.9379 -0.1836 -0.2942
vn 1.0000 -0.0004 0.0001
vn 1.0000 0.0008 0.0001
vn 1.0000 -0.0000 0.0002
vn 1.0000 0.0000 -0.0011
vn 1.0000 -0.0086 0.0045
vn 1.0000 0.0055 -0.0037
vn 0.9999 0.0103 0.0065
vn 1.0000 0.0030 0.0008
vn 1.0000 -0.0002 0.0003
vn 1.0000 0.0005 -0.0002
vn 1.0000 -0.0011 0.0008
vn 1.0000 -0.0005 0.0023
vn 1.0000 0.0009 -0.0011
vn 1.0000 -0.0005 0.0002
vn 0.9556 -0.0646 0.2873
vn 1.0000 -0.0075 -0.0018
vn 0.9920 0.1235 0.0270
vn 0.9981 0.0611 0.0055
vn 1.0000 -0.0066 -0.0012
vn 1.0000 0.0073 0.0033
vn 0.9862 -0.1615 -0.0349
vn 0.9875 0.1578 -0.0054
vn 0.9709 0.2316 -0.0609
vn 0.9967 0.0621 -0.0526
vn 0.9999 -0.0094 0.0044
vn 1.0000 0.0009 -0.0000
vn 1.0000 -0.0001 0.0007
vn 1.0000 -0.0002 0.0016
vn 1.0000 -0.0003 0.0002
vn 0.9333 0.1267 -0.3360
vn 1.0000 0.0005 0.0006
vn 0.9883 -0.0938 0.1202
vn 0.9717 -0.1925 0.1371
vn 0.9980 -0.0639 0.0018
vn 1.0000 0.0091 -0.0016
vn 0.9876 0.1129 0.1095
vn 1.0000 0.0003 0.0001
vn 0.9999 -0.0113 -0.0043
vn 1.0000 0.0001 0.0003
vn 1.0000 -0.0004 -0.0004
vn 1.0000 -0.0049 0.0062
vn 0.9999 -0.0064 0.0086
vn 1.0000 -0.0004 0.0037
vn 0.9995 -0.0290 -0.0092
vn 0.9999 0.0101 0.0027
vn 1.0000 -0.0004 -0.0003
vn 1.0000 -0.0003 -0.0002
vn 0.9999 -0.0112 -0.0013
vn 0.9534 -0.3017 0.0015
vn 1.0000 -0.0004 -0.0002
vn 1.0000 0.0000 -0.0002
vn 1.0000 0.0028 0.0041
vn 1.0000 -0.0022 -0.0006
vn 1.0000 -0.0027 0.0078
vn 0.9994 0.0263 -0.0204
vn 1.0000 -0.0014 0.0021
vn 1.0000 0.0073 0.0039
vn 1.0000 0.0034 -0.0075
vn 1.0000 -0.0076 -0.0048
vn 1.0000 -0.0024 -0.0078
vn 1.0000 -0.0007 0.0002
vn 1.0000 0.0001 -0.0009
vn 1.0000 0.0002 0.0035
vn 1.0000 -0.0018 -0.0002
vn 0.9999 -0.0006 -0.0106
vn 0.9999 -0.0125 -0.0025
vn 1.0000 -0.0005 -0.0003
vn 1.0000 0.0007 -0.0023
vn 0.9948 -0.0111 0.1011
vn 1.0000 -0.0016 0.0047
vn 1.0000 -0.0088 0.0041
vn 0.9999 -0.0011 -0.0108
vn 0.9457 0.2951 -0.1363
vn 1.0000 -0.0010 0.0046
vn 1.0000 0.0005 -0.0001
vn 0.9316 -0.1876 0.3112
vn 0.9999 -0.0091 -0.0095
vn 1.0000 -0.0002 -0.0003
vn 1.0000 0.0006 -0.0001
vn 1.0000 0.0001 0.0006
vn 1.0000 0.0003 0.0003
vn 1.0000 0.0064 -0.0019
vn 1.0000 0.0002 -0.0005
vn 1.0000 -0.0006 0.0000
vn 1.0000 -0.0004 -0.0000
vn 0.9999 -0.0076 0.0065
vn 0.9888 -0.1071 0.1042
vn 1.0000 -0.0001 -0.0006
vn 0.9733 -0.1289 -0.1899
vn 0.9999 0.0070 0.0079
vn 0.9981 0.0082 -0.0609
vn 0.9794 -0.1250 -0.1585
vn 1.0000 -0.0003 0.0009
vn 1.0000 -0.0004 -0.0001
vn 1.0000 0.0020 -0.0095
vn 1.0000 0.0004 -0.0027
vn 0.9999 0.0025 -0.0115
vn 1.0000 -0.0002 0.0021
vn 1.0000 0.0002 -0.0001
vn 0.9919 0.0824 -0.0966
vn 0.9997 0.0252 -0.0077
vn 0.9999 -0.0083 -0.0056
vn 1.0000 -0.0000 0.0003
vn 0.9546 -0.0455 0.2944
vn 1.0000 0.0033 -0.0076
vn 1.0000 0.0013 -0.0006
vn 1.0000 -0.0001 0.0015
vn 0.9999 0.0109 0.0035
vn 0.9698 0.1530 0.1900
vn 1.0000 -0.0004 -0.0006
vn 1.0000 -0.0003 0.0000
vn 1.0000 -0.0015 0.0038
vn 1.0000 0.0003 -0.0001
vn 1.0000 0.0001 0.0002
vn 1.0000 0.0006 -0.0027
vn 1.0000 -0.0003 -0.0003
vn 0.9448 -0.2905 -0.1514
vn 1.0000 -0.0047 0.0077
vn 1.0000 0.0001 0.0027
vn 1.0000 0.0002 0.0007
vn 1.0000 0.0010 -0.0045
vn 0.9999 0.0110 -0.0040
vn 1.0000 0.0007 -0.0002
vn 1.0000 0.0038 0.0027
vn 0.9790 -0.0509 -0.1974
vn 0.9945 0.0808 0.0665
vn 0.9231 -0.3157 0.2194
vn 1.0000 -0.0005 -0.0002
vn 0.9999 -0.0098 0.0056
vn 1.0000 0.0039 -0.0008
vn 1.0000 -0.0001 0.0001
vn 1.0000 0.0077 -0.0051
vn 1.0000 0.0001 0.0004
vn 1.0000 -0.0006 0.0001
vn 0.9893 -0.1441 0.0222
vn 1.0000 0.0094 0.0024
vn 1.0000 -0.0004 -0.0049
vn 1.0000 -0.0006 -0.0003
vn 0.9998 -0.0112 -0.0176
vn 0.9998 -0.0081 -0.0164
vn 1.0000 0.0014 0.0002
vn 1.0000 -0.0021 0.0011
vn 1.0000 -0.0003 0.0005
vn 1.0000 -0.0001 0.0006
vn 1.0000 0.0005 0.0005
vn 0.9999 0.0117 0.0015
vn 0.9999 -0.0093 0.0048
vn 0.9436 0.0829 -0.3207
vn 0.9909 0.0771 0.1106
vn 0.9997 0.0028 -0.0244
vn 1.0000 -0.0029 0.0007
vn 1.0000 -0.0046 -0.0008
vn 1.0000 0.0046 0.0000
vn 0.9997 -0.0211 -0.0091
vn 0.9918 -0.0793 0.1000
vn 1.0000 0.0002 -0.0002
vn 0.9441 0.1655 0.2851
vn 1.0000 -0.0021 0.0017
vn 0.9997 0.0209 -0.0081
vn 1.0000 -0.0059 -0.0023
vn 0.9999 0.0100 0.0034
vn 0.9999 0.0096 0.0080
vn 1.0000 -0.0023 0.0027
vn 0.9943 -0.1059 -0.0090
vn 1.0000 -0.0002 0.0036
vn 0.9964 -0.0171 -0.0833
vn 1.0000 0.0004 -0.0029
vn 1.0000 -0.0031 0.0023
vn 1.0000 0.0005 0.0004
vn 1.0000 0.0001 -0.0001
vn 0.9541 -0.2713 0.1267
vn 0.9849 -0.1554 -0.0764
vn 1.0000 -0.0021 0.0080
vn 1.0000 -0.0003 -0.0004
vn 1.0000 0.0004 0.0002
vn 0.9999 -0.0090 0.0094
vn 0.9999 -0.0130 -0.0004
vn 0.9346 -0.2949 -0.1989
vn 0.9999 -0.0016 -0.0112
vn 0.9983 -0.0442 0.0387
vn 0.9283 -0.0737 0.3643
vn 1.0000 -0.0022 0.0002
vn 1.0000 0.0006 -0.0005
vn 1.0000 0.0023 0.0031
vn 1.0000 -0.0032 0.0085
vn 1.0000 0.0061 0.0051
vn 0.9999 -0.0103 -0.0017
vn 0.9347 -0.3164 -0.1619
vn 0.9964 0.0387 -0.0748
vn 0.9948 -0.0113 -0.1008
vn 1.0000 -0.0000 0.0005
vn 0.9915 0.1151 0.0600
vn 0.9549 0.0917 -0.2824
vn 1.0000 0.0005 0.0001
vn 0.9810 0.0426 0.1891
vn 0.9199 0.2580 -0.2955
vn 1.0000 -0.0031 -0.0005
vn 0.9999 -0.0113 -0.0051
vn 1.0000 0.0007 -0.0000
vn 0.9999 0.0126 0.0035
vn 1.0000 -0.0017 0.0098
vn 0.9994 -0.0139 -0.0316
vn 0.9997 -0.0119 0.0206
vn 1.0000 0.0002 0.0003
vn 0.9999 0.0098 0.0076
vn 0.9758 -0.2184 0.0089
vn 1.0000 0.0066 -0.0055
vn 0.9999 -0.0120 0.0023
vn 1.0000 0.0001 -0.0003
vn 1.0000 0.0007 -0.0004
vn 0.9493 -0.1779 -0.2592
vn 0.9995 0.0252 -0.0195
vn 0.9999 0.0106 -0.0046
vn 0.9769 0.1149 0.1801
vn 0.9938 0.0543 0.0971
vn 1.0000 -0.0001 0.0031
vn 0.9999 0.0095 -0.0071
vn 1.0000 -0.0005 -0.0000
vn 1.0000 0.0052 0.0040
vn 1.0000 0.0005 0.0092
vn 0.9782 0.1586 0.1343
vn 1.0000 -0.0006 -0.0002
vn 1.0000 0.0030 0.0037
vn 1.0000 0.0005 -0.0003
vn 1.0000 -0.0007 0.0011
vn 1.0000 -0.0088 0.0043
vn 0.9997 -0.0201 0.0116
vn 0.9993 0.0036 -0.0377
vn 1.0000 0.0015 -0.0001
vn 1.0000 -0.0020 0.0043
vn 1.0000 0.0004 0.0000
vn 1.0000 0.0010 -0.0007
vn 1.0000 0.0012 0.0001
vn 1.0000 -0.0091 -0.0033
vn 1.0000 -0.0006 -0.0005
vn 1.0000 -0.0007 -0.0010
vn 1.0000 0.0004 -0.0004
vn 1.0000 -0.0058 0.0007
vn 0.9983 -0.0315 -0.0488
vn 1.0000 0.0028 0.0013
vn 0.9998 -0.0186 0.0107
vn 1.0000 0.0045 -0.0055
vn 1.0000 0.0015 -0.0008
vn 0.9999 0.0061 -0.0128
vn 0.9999 -0.0089 0.0073
vn 1.0000 -0.0053 0.0003
vn 0.9997 0.0215 0.0100
vn 0.9805 0.0418 0.1918
vn 0.9911 -0.0478 0.1243
vn 0.9371 -0.1782 -0.3001
vn 0.9999 -0.0098 0.0042
vn 0.9963 -0.0209 -0.0838
vn 1.0000 -0.0005 0.0032
vn 0.9811 0.0611 -0.1837
vn 0.9670 0.0333 -0.2526
vn 1.0000 0.0046 0.0089
vn 0.9996 -0.0263 0.0090
vn 1.0000 0.0017 -0.0060
vn 0.9996 -0.0059 -0.0291
vn 0.9583 -0.1581 0.2379
vn 1.0000 0.0006 -0.0004
vn 1.0000 -0.0010 0.0099
vn 0.9478 0.2360 -0.2143
vn 1.0000 0.0008 -0.0062
vn 1.0000 -0.0001 -0.0029
vn 0.9455 0.3215 -0.0522
vn 1.0000 0.0006 0.0003
vn 1.0000 0.0031 -0.0094
vn 1.0000 0.0004 0.0095
vn 0.9323 0.3348 -0.1366
vn 0.9554 0.2030 -0.2144
vn 0.9999 0.0007 -0.0116
vn 1.0000 0.0019 0.0009
vn 1.0000 0.0067 -0.0016
vn 1.0000 0.0000 0.0004
vn 1.0000 -0.0008 -0.0000
vn 0.9999 0.0075 -0.0120
vn 1.0000 -0.0012 -0.0019
vn 1.0000 0.0033 0.0083
vn 0.9999 0.0094 -0.0071
vn 0.9998 0.0149 -0.0164
vn 0.9442 -0.2303 0.2354
vn 0.9989 -0.0281 0.0386
vn 0.9999 0.0010 0.0110
vn 1.0000 0.0005 0.0003
vn 0.9981 -0.0504 -0.0365
vn 1.0000 0.0000 -0.0007
vn 0.9811 -0.1248 -0.1479
vn 0.9988 0.0285 0.0396
vn 0.9998 0.0107 0.0158
vn 1.0000 0.0010 -0.0087
vn 0.9330 -0.3575 0.0416
vn 1.0000 0.0008 0.0006
vn 1.0000 0.0017 -0.0094
vn 0.9999 -0.0003 -0.0110
vn 1.0000 0.0031 0.0071
vn 1.0000 0.0003 0.0004
vn 0.9988 0.0487 -0.0032
vn 1.0000 -0.0009 -0.0100
vn 1.0000 -0.0005 -0.0004
vn 1.0000 -0.0000 -0.0006
vn 0.9441 0.2246 0.2413
vn 1.0000 -0.0010 0.0015
vn 1.0000 0.0000 0.0008
vn 1.0000 0.0006 0.0027
vn 0.9666 0.1988 0.1619
vn 0.9927 0.1184 0.0225
vn 1.0000 0.0006 -0.0018
vn 0.9993 -0.0370 -0.0007
vn 0.9999 -0.0069 0.0076
vn 1.0000 0.0004 0.0005
vn 0.9999 -0.0050 -0.0096
vn 1.0000 0.0060 -0.0028
vn 0.9988 0.0480 -0.0038
vn 0.9991 0.0184 0.0374
vn 0.9999 0.0057 0.0103
vn 1.0000 -0.0060 -0.0039
vn 1.0000 -0.0041 -0.0052
vn 1.0000 0.0066 0.0047
vn 0.9528 0.2993 0.0514
vn 1.0000 0.0001 0.0089
vn 1.0000 0.0002 0.0062
vn 1.0000 -0.0021 0.0073
vn 1.0000 -0.0021 -0.0064
vn 0.9657 -0.1618 0.2028
vn 1.0000 0.0019 -0.0091
vn 0.9498 -0.1498 0.2746
vn 1.0000 -0.0006 0.0003
vn 1.0000 0.0004 -0.0003
vn 0.9999 0.0135 0.0083
vn 0.9999 -0.0018 -0.0108
vn 0.9922 0.1210 -0.0289
vn 1.0000 -0.0025 0.0003
vn 0.9856 -0.0616 0.1576
vn 1.0000 0.0004 0.0004
vn 0.9999 -0.0032 -0.0152
vn 1.0000 -0.0006 -0.0030
vn 1.0000 0.0045 -0.0077
vn 1.0000 -0.0015 -0.0032
vn 1.0000 -0.0002 0.0002
vn 0.9990 0.0038 0.0442
vn 1.0000 0.0007 -0.0030
vn 1.0000 -0.0060 -0.0019
vn 0.9999 0.0088 -0.0085
vn 0.9794 -0.1938 0.0561
vn 0.9657 0.1096 0.2352
vn 1.0000 -0.0002 -0.0007
vn 1.0000 0.0028 0.0015
vn 0.9354 0.1902 0.2981
vn 0.9940 -0.0615 0.0901
vn 1.0000 0.0007 0.0086
vn 1.0000 -0.0002 -0.0002
vn 1.0000 -0.0035 0.0047
vn 0.9515 0.2984 -0.0747
vn 0.9602 0.2459 0.1327
vn 1.0000 -0.0008 0.0007
vn 1.0000 -0.0030 -0.0061
vn 1.0000 -0.0080 -0.0054
vn 0.9681 0.2505 -0.0027
vn 1.0000 -0.0004 -0.0007
vn 0.9231 0.3823 0.0414
vn 1.0000 0.0040 -0.0023
vn 0.9987 0.0362 0.0362
vn 1.0000 0.0002 0.0004
vn 0.9999 -0.0042 -0.0110
vn 0.9974 0.0360 -0.0629
vn 1.0000 -0.0030 -0.0017
vn 0.9892 0.1250 -0.0762
vn 1.0000 -0.0000 0.0007
vn 0.9933 0.1153 0.0083
vn 0.9180 0.3247 0.2278
vn 0.9999 0.0015 -0.0105
vn 1.0000 -0.0002 -0.0009
vn 0.9874 0.1580 -0.0062
vn 0.9474 0.2932 -0.1288
vn 1.0000 0.0014 0.0015
vn 0.9997 0.0228 0.0039
vn 1.0000 0.0001 -0.0010
vn 1.0000 -0.0004 0.0008
vn 1.0000 -0.0029 -0.0070
vn 0.9988 0.0025 0.0498
vn 0.9999 -0.0071 -0.0087
vn 1.0000 0.0015 -0.0009
vn 1.0000 -0.0007 -0.0001
vn 1.0000 -0.0003 0.0001
vn 0.9999 -0.0116 -0.0088
vn 1.0000 0.0004 -0.0005
vn 1.0000 -0.0001 -0.0009
vn 1.0000 0.0007 0.0004
vn 1.0000 0.0004 -0.0001
vn 0.9999 0.0075 0.0095
vn 0.9999 0.0070 0.0081
vn 1.0000 -0.0003 0.0038
vn 1.0000 0.0004 0.0041
vn 1.0000 0.0047 -0.0056
vn 0.9993 -0.0384 -0.0033
vn 1.0000 -0.0011 0.0016
vn 1.0000 0.0002 0.0006
vn 0.9969 -0.0419 -0.0668
vn 0.9988 -0.0072 -0.0475
vn 1.0000 0.0008 -0.0001
vn 0.9590 0.2778 0.0563
vn 0.9409 0.3327 -0.0632
vn 0.9999 -0.0014 -0.0113
vn 1.0000 0.0021 -0.0059
vn 1.0000 0.0001 -0.0006
vn 1.0000 -0.0001 -0.0007
vn 1.0000 -0.0000 -0.0003
vn 0.9983 -0.0587 -0.0008
vn 0.9986 -0.0413 0.0345
vn 1.0000 -0.0005 0.0044
vn 1.0000 -0.0011 0.0033
vn 1.0000 -0.0004 0.0003
vn 1.0000 -0.0005 0.0006
vn 1.0000 -0.0007 0.0008
vn 1.0000 0.0008 -0.0004
vn 0.9999 -0.0102 -0.0028
vn 0.9998 -0.0180 0.0074
vn 0.9934 -0.1081 0.0377
vn 0.9718 -0.1919 0.1372
vn 1.0000 0.0002 -0.0008
vn 0.9229 -0.3152 0.2213
vn 0.9361 -0.2353 0.2616
vn 0.9997 -0.0221 -0.0081
vn 0.9996 -0.0278 0.0060
vn 1.0000 0.0001 -0.0092
vn 0.9999 0.0013 -0.0105
vn 1.0000 0.0009 0.0002
vn 0.9339 -0.3337 -0.1283
vn 0.9869 -0.1604 -0.0170
vn 0.9999 -0.0059 0.0088
vn 1.0000 -0.0048 0.0074
vn 1.0000 -0.0007 0.0038
vn 0.9467 -0.2188 0.2362
vn 0.9533 -0.2733 0.1289
vn 0.9539 0.1902 0.2320
vn 0.9640 0.2249 0.1415
vn 1.0000 -0.0065 -0.0056
vn 1.0000 -0.0042 -0.0057
vn 1.0000 0.0029 -0.0015
vn 1.0000 -0.0062 0.0060
vn 1.0000 -0.0064 0.0058
vn 0.9996 0.0134 -0.0243
vn 0.9996 0.0073 -0.0285
vn 0.9999 0.0069 0.0081
vn 1.0000 0.0051 0.0040
vn 1.0000 0.0054 0.0058
vn 1.0000 0.0030 0.0015
vn 1.0000 0.0059 0.0077
vn 0.9999 0.0068 0.0104
vn 0.9236 0.2992 -0.2395
vn 0.9642 0.1654 -0.2072
vn 1.0000 -0.0007 0.0005
vn 1.0000 -0.0027 0.0009
vn 1.0000 -0.0066 0.0055
vn 0.9909 0.0830 -0.1056
vn 0.9995 0.0246 -0.0198
vn 0.9925 -0.1174 0.0342
vn 0.9983 -0.0443 0.0384
vn 0.9592 -0.0247 0.2818
vn 0.9844 -0.0518 0.1682
vn 1.0000 0.0035 0.0039
vn 1.0000 0.0023 0.0073
vn 1.0000 0.0018 -0.0092
vn 0.9999 0.0011 -0.0104
vn 0.9516 -0.0099 0.3072
vn 0.9289 -0.0646 0.3647
vn 0.9116 0.1099 0.3962
vn 0.9812 0.0434 0.1883
vn 0.9895 -0.1420 -0.0259
vn 0.9899 -0.1396 -0.0250
vn 1.0000 0.0004 -0.0055
vn 1.0000 0.0016 -0.0092
vn 1.0000 -0.0024 -0.0025
vn 1.0000 -0.0037 0.0036
vn 0.9999 -0.0123 -0.0027
vn 0.9998 0.0104 0.0162
vn 1.0000 -0.0016 -0.0030
vn 1.0000 -0.0028 -0.0016
vn 0.9991 0.0381 0.0170
vn 0.9908 0.0729 0.1144
vn 1.0000 -0.0068 -0.0026
vn 1.0000 0.0003 0.0008
vn 1.0000 0.0030 0.0075
vn 0.9999 0.0002 0.0101
vn 1.0000 0.0028 0.0040
vn 0.9983 -0.0320 -0.0480
vn 1.0000 -0.0013 0.0003
vn 1.0000 0.0015 -0.0092
vn 1.0000 0.0005 -0.0005
vn 0.9931 -0.1131 0.0326
vn 0.9906 -0.0845 0.1071
vn 0.9915 0.0709 0.1092
vn 0.9963 0.0777 0.0355
vn 1.0000 -0.0040 0.0041
vn 1.0000 -0.0076 0.0059
vn 1.0000 -0.0060 0.0070
vn 0.9860 -0.1631 -0.0338
vn 0.9857 -0.1474 -0.0814
vn 1.0000 0.0026 0.0039
vn 1.0000 -0.0042 0.0040
vn 0.9999 -0.0063 0.0082
vn 0.9571 0.2874 0.0364
vn 0.9246 0.3790 0.0379
vn 0.9999 -0.0128 -0.0015
vn 0.9981 -0.0485 0.0382
vn 0.9807 -0.1370 -0.1398
vn 0.9972 -0.0345 -0.0664
vn 0.9999 0.0117 -0.0041
vn 1.0000 -0.0057 -0.0045
vn 1.0000 0.0035 0.0001
vn 1.0000 -0.0012 -0.0001
vn 1.0000 0.0016 -0.0046
vn 0.9999 -0.0110 0.0069
vn 0.9685 0.1937 0.1568
vn 0.9592 0.2482 0.1352
vn 1.0000 0.0018 -0.0095
vn 0.9999 0.0016 -0.0118
vn 1.0000 0.0007 -0.0001
vn 1.0000 0.0029 0.0037
vn 1.0000 -0.0004 0.0002
vn 0.9402 -0.3222 -0.1102
vn 0.9439 -0.3265 0.0490
vn 1.0000 0.0019 0.0027
vn 1.0000 0.0056 0.0040
vn 0.9531 0.2964 0.0608
vn 0.9697 0.2440 0.0131
vn 0.9813 0.0410 0.1883
vn 0.9864 -0.0442 0.1584
vn 1.0000 0.0048 0.0039
vn 1.0000 0.0066 -0.0056
vn 1.0000 0.0046 -0.0051
vn 1.0000 -0.0066 -0.0047
vn 1.0000 -0.0032 -0.0062
vn 0.9915 -0.0836 0.0997
vn 0.9996 -0.0252 0.0114
vn 0.9994 -0.0325 -0.0076
vn 0.9995 -0.0297 -0.0105
vn 0.9999 0.0134 0.0020
vn 0.9999 0.0105 0.0026
vn 1.0000 0.0066 -0.0049
vn 1.0000 0.0041 0.0014
vn 0.9811 -0.0163 -0.1927
vn 0.9953 -0.0352 -0.0902
vn 1.0000 0.0002 0.0008
vn 1.0000 0.0009 0.0082
vn 0.9890 -0.1071 0.1019
vn 0.9918 -0.0787 0.1012
vn 1.0000 -0.0081 0.0032
vn 1.0000 -0.0082 0.0056
vn 0.9996 0.0141 -0.0224
vn 0.9975 0.0468 -0.0527
vn 1.0000 -0.0001 0.0003
vn 0.9999 -0.0112 -0.0012
vn 1.0000 0.0069 -0.0010
vn 0.9568 0.0919 -0.2759
vn 0.9583 0.2153 -0.1878
vn 0.9845 0.1462 -0.0965
vn 0.9622 0.2038 -0.1805
vn 0.9999 0.0117 0.0016
vn 1.0000 -0.0000 -0.0004
vn 1.0000 0.0056 -0.0034
vn 0.9457 -0.2855 -0.1551
vn 0.9373 -0.2855 -0.1998
vn 1.0000 0.0009 -0.0004
vn 1.0000 0.0006 0.0002
vn 0.9390 0.1288 -0.3188
vn 0.9432 0.2387 -0.2311
vn 0.9717 0.2318 -0.0458
vn 0.9450 0.3229 -0.0530
vn 0.9999 -0.0065 0.0132
vn 0.9999 -0.0095 -0.0034
vn 0.9850 -0.1392 -0.1018
vn 0.9800 -0.1208 -0.1579
vn 0.9395 -0.0762 0.3341
vn 0.9469 -0.0588 0.3161
vn 0.9887 0.1307 -0.0731
vn 0.9904 0.1075 -0.0867
vn 0.9999 0.0026 -0.0112
vn 0.9999 -0.0095 0.0070
vn 1.0000 0.0046 -0.0055
vn 0.9999 0.0124 -0.0010
vn 1.0000 0.0094 -0.0022
vn 0.9999 0.0128 0.0058
vn 1.0000 -0.0008 0.0043
vn 1.0000 0.0057 -0.0067
vn 1.0000 0.0061 -0.0049
vn 1.0000 0.0027 -0.0073
vn 0.9995 -0.0170 0.0274
vn 0.9998 -0.0181 0.0088
vn 0.9949 0.0991 0.0193
vn 0.9997 0.0213 -0.0094
vn 0.9996 -0.0078 0.0282
vn 0.9994 -0.0269 0.0207
vn 1.0000 0.0011 -0.0031
vn 0.9999 -0.0017 -0.0108
vn 1.0000 -0.0000 -0.0008
vn 1.0000 0.0014 0.0001
vn 1.0000 0.0047 0.0015
vn 1.0000 0.0041 0.0019
vn 0.9380 -0.1789 -0.2970
vn 0.9779 -0.1372 -0.1575
vn 0.9337 -0.3415 -0.1074
vn 0.9446 -0.2910 -0.1517
vn 1.0000 0.0039 -0.0024
vn 1.0000 0.0045 0.0001
vn 0.9999 -0.0089 -0.0097
vn 0.9999 -0.0041 -0.0108
vn 1.0000 0.0013 -0.0004
vn 1.0000 0.0010 -0.0003
vn 1.0000 0.0015 -0.0012
vn 1.0000 -0.0007 -0.0100
vn 1.0000 -0.0024 -0.0063
vn 1.0000 -0.0008 0.0002
vn 1.0000 -0.0003 0.0007
vn 1.0000 -0.0010 -0.0098
vn 0.9999 -0.0015 -0.0113
vn 1.0000 0.0090 -0.0014
vn 1.0000 0.0076 -0.0050
vn 0.9999 0.0100 -0.0047
vn 1.0000 0.0079 -0.0013
vn 0.9999 0.0095 -0.0072
vn 0.9999 0.0095 -0.0066
vn 1.0000 0.0015 0.0002
vn 0.9999 0.0132 0.0011
vn 0.9999 0.0120 0.0011
vn 1.0000 0.0006 0.0001
vn 1.0000 0.0010 -0.0012
vn 1.0000 0.0014 0.0003
vn 1.0000 0.0089 -0.0016
vn 0.9999 0.0113 -0.0039
vn 1.0000 0.0077 -0.0052
vn 0.9999 0.0107 -0.0044
vn 0.9999 -0.0095 0.0039
vn 1.0000 -0.0029 0.0010
vn 1.0000 -0.0074 -0.0053
vn 1.0000 -0.0012 -0.0086
vn 1.0000 -0.0006 -0.0006
vn 1.0000 0.0038 -0.0024
vn 1.0000 0.0092 -0.0014
vn 0.9594 0.2433 0.1428
vn 0.9207 0.3276 0.2120
vn 0.9999 0.0107 -0.0046
vn 0.9999 0.0092 -0.0067
vn 0.9999 0.0116 -0.0001
vn 1.0000 0.0099 -0.0009
vn 1.0000 0.0036 -0.0023
vn 0.9979 0.0590 -0.0257
vn 0.9336 0.1318 -0.3331
vn 0.9458 0.1102 -0.3055
vn 1.0000 0.0056 -0.0061
vn 0.9999 0.0121 -0.0008
vn 1.0000 0.0064 -0.0020
vn 0.9462 -0.2901 -0.1433
vn 0.9340 -0.3167 -0.1654
vn 0.9999 0.0123 -0.0029
vn 0.9997 0.0224 0.0034
vn 1.0000 -0.0069 -0.0018
vn 1.0000 -0.0062 -0.0023
vn 1.0000 -0.0005 -0.0021
vn 1.0000 -0.0024 -0.0075
vn 1.0000 -0.0025 -0.0013
vn 0.9999 -0.0041 0.0100
vn 0.9997 -0.0199 0.0120
vn 0.9507 -0.3101 -0.0021
vn 0.9400 -0.3375 0.0498
vn 0.9982 -0.0347 -0.0487
vn 0.9974 -0.0615 -0.0367
vn 1.0000 0.0061 -0.0056
vn 0.9999 0.0089 -0.0085
vn 1.0000 0.0071 0.0033
vn 0.9995 -0.0131 -0.0272
vn 1.0000 0.0009 0.0004
vn 1.0000 0.0084 0.0034
vn 0.9424 0.0870 -0.3230
vn 0.9504 0.1098 -0.2909
vn 1.0000 0.0026 0.0017
vn 1.0000 -0.0006 0.0007
vn 1.0000 0.0014 0.0079
vn 1.0000 0.0018 0.0094
vn 0.9999 0.0098 -0.0071
vn 0.9538 -0.2997 0.0201
vn 0.9797 -0.1941 0.0508
vn 1.0000 0.0073 0.0008
vn 1.0000 0.0062 -0.0016
vn 1.0000 -0.0025 -0.0014
vn 1.0000 -0.0067 -0.0045
vn 1.0000 -0.0013 -0.0018
vn 1.0000 0.0061 -0.0019
vn 1.0000 0.0048 0.0001
vn 1.0000 -0.0001 0.0004
vn 0.9999 0.0087 -0.0082
vn 0.9999 0.0087 -0.0088
vn 0.9949 -0.0148 -0.0995
vn 0.9996 0.0202 -0.0199
vn 0.9999 0.0134 0.0089
vn 0.9997 0.0191 -0.0178
vn 0.9999 -0.0104 0.0011
vn 0.9999 -0.0116 0.0024
vn 1.0000 0.0048 -0.0058
vn 1.0000 0.0058 -0.0025
vn 1.0000 0.0035 0.0074
vn 1.0000 -0.0001 0.0075
vn 1.0000 0.0061 -0.0027
vn 1.0000 0.0011 0.0000
vn 1.0000 0.0046 0.0027
vn 0.9900 0.1276 -0.0597
vn 0.9895 0.1235 -0.0754
vn 0.9999 0.0113 0.0061
vn 0.9999 -0.0090 -0.0077
vn 1.0000 -0.0012 -0.0018
vn 1.0000 0.0005 -0.0019
vn 1.0000 -0.0001 0.0009
vn 1.0000 0.0006 0.0005
vn 1.0000 0.0000 -0.0012
vn 1.0000 0.0055 0.0013
vn 1.0000 0.0036 0.0038
vn 0.9999 -0.0048 0.0090
vn 0.9999 0.0110 -0.0058
vn 1.0000 -0.0005 -0.0032
vn 1.0000 0.0010 -0.0069
vn 0.9999 0.0094 -0.0072
vn 0.9999 0.0086 -0.0082
vn 0.9761 0.1021 -0.1917
vn 0.9819 0.0704 -0.1759
vn 0.9999 -0.0040 0.0101
vn 0.9999 0.0090 -0.0071
vn 1.0000 0.0007 0.0005
vn 1.0000 -0.0020 0.0004
vn 1.0000 0.0030 -0.0032
vn 1.0000 0.0037 -0.0006
vn 1.0000 -0.0020 0.0014
vn 1.0000 -0.0015 0.0014
vn 1.0000 -0.0008 -0.0098
vn 0.9999 -0.0051 -0.0098
vn 0.9999 0.0059 -0.0124
vn 0.9999 0.0068 -0.0120
vn 1.0000 -0.0004 0.0004
vn 1.0000 0.0009 -0.0012
vn 1.0000 0.0039 -0.0007
vn 0.9551 -0.2154 0.2033
vn 0.9789 -0.1962 0.0577
vn 1.0000 0.0029 0.0078
vn 1.0000 0.0055 0.0030
vn 1.0000 -0.0035 -0.0019
vn 1.0000 -0.0091 -0.0034
vn 0.9367 -0.3117 -0.1598
vn 0.9469 -0.1855 -0.2625
vn 0.9729 0.1253 -0.1942
vn 0.9358 0.1185 -0.3321
vn 0.9861 0.1571 0.0542
vn 0.9987 0.0491 -0.0099
vn 0.9493 -0.1717 -0.2633
vn 0.9373 -0.1856 -0.2949
vn 1.0000 -0.0067 -0.0017
vn 0.9980 0.0106 -0.0620
vn 0.9678 0.0279 -0.2502
vn 0.9535 -0.3013 0.0012
vn 0.9334 -0.3226 -0.1574
vn 0.9640 -0.2126 0.1595
vn 0.9718 -0.2342 0.0266
vn 1.0000 0.0029 -0.0029
vn 1.0000 -0.0001 0.0005
vn 0.9745 -0.0427 -0.2201
vn 0.9671 0.0339 -0.2521
vn 0.9994 -0.0353 0.0053
vn 0.9997 -0.0240 -0.0103
vn 0.9691 0.1385 0.2042
vn 0.9824 0.0408 0.1821
vn 0.9987 0.0303 0.0404
vn 0.9981 0.0249 0.0557
vn 0.9997 0.0201 -0.0119
vn 1.0000 0.0015 0.0084
vn 1.0000 -0.0006 -0.0023
vn 0.9999 0.0106 0.0030
vn 0.9999 0.0130 0.0032
vn 1.0000 0.0003 -0.0002
vn 1.0000 0.0001 -0.0007
vn 1.0000 0.0005 -0.0000
vn 0.9964 0.0387 -0.0749
vn 0.9999 0.0002 -0.0160
vn 0.9989 -0.0444 -0.0172
vn 0.9927 0.1143 0.0389
vn 0.9986 -0.0296 -0.0447
vn 0.9794 -0.0571 -0.1936
vn 0.9779 -0.0511 -0.2025
vn 0.9513 -0.1778 -0.2519
vn 0.9997 -0.0213 -0.0105
vn 0.9999 0.0125 0.0029
vn 1.0000 -0.0007 0.0000
vn 1.0000 -0.0007 -0.0002
vn 0.9219 -0.0272 -0.3865
vn 0.9480 0.0828 -0.3074
vn 1.0000 -0.0019 -0.0002
vn 1.0000 -0.0018 0.0003
vn 0.9493 -0.3085 0.0597
vn 0.9670 -0.2547 -0.0013
vn 0.9756 0.1090 -0.1906
vn 0.9658 0.0336 -0.2569
vn 1.0000 -0.0044 -0.0036
vn 1.0000 -0.0044 -0.0008
vn 0.9999 0.0029 0.0097
vn 0.9999 0.0049 0.0089
vn 1.0000 0.0052 -0.0064
vn 1.0000 0.0033 -0.0072
vn 0.9812 -0.0361 -0.1898
vn 0.9545 0.0871 -0.2851
vn 0.9879 0.1553 0.0023
vn 0.9640 0.2656 0.0124
vn 1.0000 0.0006 -0.0003
vn 1.0000 -0.0002 -0.0032
vn 1.0000 0.0015 0.0014
vn 0.9999 -0.0150 0.0056
vn 0.9994 -0.0310 0.0131
vn 0.9999 -0.0132 -0.0009
vn 1.0000 -0.0001 0.0037
vn 1.0000 0.0033 0.0063
vn 0.9998 0.0165 0.0075
vn 0.9987 0.0356 0.0373
vn 1.0000 -0.0024 0.0026
vn 1.0000 -0.0060 0.0009
vn 0.9979 -0.0513 -0.0393
vn 0.9790 -0.1967 0.0545
vn 1.0000 0.0050 0.0050
vn 0.9999 0.0112 0.0072
vn 1.0000 -0.0006 0.0004
vn 0.9988 0.0059 0.0490
vn 0.9989 0.0084 0.0451
vn 1.0000 -0.0060 0.0007
vn 1.0000 0.0008 0.0002
vn 1.0000 -0.0002 0.0006
vn 0.9995 -0.0294 -0.0072
vn 0.9837 -0.1560 -0.0896
vn 0.9181 -0.3342 0.2133
vn 0.9628 -0.2315 0.1394
vn 1.0000 -0.0001 0.0035
vn 1.0000 0.0023 0.0030
vn 1.0000 -0.0032 0.0070
vn 0.9999 -0.0065 0.0081
vn 1.0000 0.0009 -0.0061
vn 1.0000 -0.0023 -0.0067
vn 0.9984 0.0483 0.0292
vn 0.9993 0.0129 0.0364
vn 1.0000 0.0005 0.0024
vn 0.9842 0.1392 -0.1091
vn 0.9919 0.0818 -0.0972
vn 0.9999 -0.0118 -0.0021
vn 0.9999 -0.0135 -0.0004
vn 0.9715 -0.1914 0.1400
vn 0.9528 -0.2660 0.1460
vn 0.9993 0.0038 0.0362
vn 0.9990 0.0246 0.0364
vn 0.9854 -0.1361 -0.1018
vn 0.9823 -0.1678 -0.0836
vn 0.9999 -0.0118 0.0028
vn 1.0000 -0.0081 0.0035
vn 0.9995 0.0247 -0.0193
vn 0.9994 0.0266 -0.0200
vn 1.0000 -0.0076 -0.0053
vn 0.9999 -0.0116 -0.0087
vn 0.9999 -0.0100 0.0008
vn 0.9999 -0.0094 0.0048
vn 1.0000 -0.0091 -0.0026
vn 1.0000 -0.0061 -0.0027
vn 0.9828 0.0057 -0.1843
vn 0.9791 -0.1091 -0.1715
vn 1.0000 -0.0046 0.0036
vn 0.9994 0.0265 -0.0203
vn 0.9682 0.2037 0.1453
vn 0.9928 0.1133 0.0387
vn 1.0000 -0.0011 0.0005
vn 1.0000 0.0005 0.0007
vn 1.0000 -0.0008 0.0006
vn 1.0000 -0.0002 -0.0004
vn 1.0000 -0.0011 0.0006
vn 1.0000 0.0004 0.0009
vn 0.9993 -0.0035 0.0377
vn 0.9999 -0.0124 0.0090
vn 1.0000 -0.0007 -0.0031
vn 1.0000 -0.0014 -0.0031
vn 1.0000 0.0076 0.0005
vn 1.0000 0.0080 0.0024
vn 1.0000 -0.0023 -0.0000
vn 1.0000 -0.0021 0.0010
vn 0.9995 0.0278 0.0181
vn 0.9999 0.0102 0.0134
vn 1.0000 -0.0004 -0.0005
vn 0.9429 -0.3265 0.0660
vn 0.9329 -0.3583 0.0355
vn 0.9919 0.1238 0.0293
vn 0.9973 0.0502 0.0531
vn 1.0000 -0.0028 -0.0062
vn 1.0000 -0.0027 -0.0018
vn 0.9773 0.0106 0.2116
vn 0.9989 0.0011 0.0473
vn 0.9999 0.0026 -0.0115
vn 0.9999 0.0063 -0.0125
vn 0.9392 -0.0845 0.3327
vn 0.9319 -0.0668 0.3565
vn 0.9220 -0.3177 0.2212
vn 0.9284 -0.3682 0.0508
vn 0.9794 -0.1254 -0.1581
vn 0.9980 -0.0559 -0.0280
vn 1.0000 -0.0065 0.0059
vn 1.0000 -0.0041 0.0067
vn 0.9053 0.1482 0.3981
vn 0.9289 0.2055 0.3081
vn 0.9999 -0.0090 -0.0091
vn 1.0000 -0.0030 -0.0064
vn 0.9999 0.0063 0.0092
vn 0.9822 0.1521 -0.1099
vn 0.9826 0.0596 -0.1760
vn 1.0000 0.0007 -0.0018
vn 0.9812 0.0406 0.1887
vn 0.9814 0.0332 0.1889
vn 0.9996 -0.0109 -0.0255
vn 0.9985 -0.0460 -0.0287
vn 0.9999 -0.0089 -0.0102
vn 1.0000 -0.0065 -0.0058
vn 1.0000 -0.0005 0.0038
vn 0.9995 -0.0157 -0.0286
vn 1.0000 0.0070 0.0006
vn 1.0000 -0.0060 -0.0018
vn 1.0000 -0.0054 -0.0030
vn 1.0000 0.0011 -0.0057
vn 0.9988 0.0277 0.0412
vn 0.9380 -0.1837 -0.2940
vn 0.9382 -0.1782 -0.2967
vn 0.9738 -0.1239 -0.1907
vn 0.9819 -0.1156 -0.1503
vn 1.0000 -0.0003 -0.0055
vn 1.0000 -0.0031 -0.0075
vn 0.9469 0.3194 -0.0365
vn 0.9213 0.3885 0.0166
vn 1.0000 0.0021 0.0038
vn 1.0000 0.0027 0.0038
vn 0.9999 -0.0047 -0.0096
vn 0.9999 -0.0044 -0.0110
vn 1.0000 0.0003 0.0005
vn 0.9788 0.0780 -0.1893
vn 0.9965 0.0494 -0.0669
vn 1.0000 -0.0090 -0.0033
vn 0.9999 -0.0112 -0.0051
vn 1.0000 0.0073 0.0003
vn 1.0000 -0.0020 -0.0017
vn 1.0000 0.0004 0.0057
vn 1.0000 -0.0015 0.0049
vn 1.0000 -0.0027 -0.0013
vn 1.0000 -0.0006 -0.0001
vn 1.0000 -0.0045 -0.0008
vn 0.9992 0.0070 -0.0385
vn 1.0000 -0.0024 -0.0011
vn 0.9611 0.2295 0.1535
vn 0.9708 0.2398 -0.0004
vn 0.9160 0.1060 0.3870
vn 0.9278 -0.0731 0.3660
vn 0.9999 -0.0104 0.0010
vn 1.0000 -0.0032 0.0022
vn 0.9376 0.2070 0.2795
vn 0.9354 0.1900 0.2982
vn 1.0000 0.0007 -0.0020
vn 1.0000 -0.0024 -0.0057
vn 0.9997 -0.0122 0.0202
vn 0.9995 -0.0141 0.0277
vn 0.9999 -0.0127 -0.0007
vn 0.9999 -0.0122 0.0024
vn 0.9412 0.1921 0.2778
vn 0.9118 0.3355 0.2368
vn 1.0000 -0.0000 -0.0027
vn 0.9999 -0.0049 -0.0096
vn 1.0000 -0.0006 -0.0031
vn 1.0000 -0.0008 -0.0003
vn 0.9752 -0.0501 -0.2158
vn 0.9805 -0.0068 -0.1965
vn 0.9668 0.2519 -0.0439
vn 0.9937 0.0995 0.0510
vn 0.9977 0.0675 -0.0100
vn 0.9550 -0.0578 0.2911
vn 0.9672 0.1039 0.2317
vn 0.9212 -0.0374 -0.3872
vn 0.9392 -0.1720 -0.2971
vn 1.0000 -0.0054 -0.0058
vn 1.0000 -0.0076 -0.0024
vn 0.9255 -0.0355 -0.3770
vn 0.9729 -0.0443 -0.2269
vn 1.0000 0.0035 0.0075
vn 1.0000 0.0037 0.0069
vn 0.9214 0.3866 0.0400
vn 0.9166 0.3299 0.2258
vn 1.0000 -0.0044 -0.0010
vn 1.0000 -0.0032 0.0024
vn 0.9994 0.0261 -0.0219
vn 0.9996 0.0023 -0.0284
vn 0.9965 0.0103 -0.0834
vn 0.9999 0.0073 -0.0117
vn 0.9981 0.0085 -0.0607
vn 0.9960 0.0190 -0.0875
vn 0.9927 0.0988 0.0695
vn 1.0000 -0.0019 0.0002
vn 0.9999 0.0084 -0.0089
vn 0.9997 -0.0126 0.0206
vn 0.9992 -0.0242 -0.0316
vn 0.9995 -0.0313 0.0005
vn 1.0000 -0.0067 -0.0024
vn 0.9999 -0.0123 -0.0084
vn 0.9832 0.0333 0.1797
vn 0.9988 0.0309 0.0392
vn 0.9991 0.0168 0.0396
vn 1.0000 0.0019 -0.0012
vn 0.9354 0.1990 0.2923
vn 0.9702 0.1100 0.2157
usemtl Default_OBJ.018
s off
f 392//1 1//1 339//1
f 2803//1 2902//1 2163//1
f 711//1 684//1 425//1
f 13//1 14//1 15//1
f 468//2 494//2 412//2
f 615//3 781//3 662//3
f 2943//1 2880//1 764//1
f 724//1 21//1 567//1
f 639//4 1175//4 1052//4
f 1667//5 1858//5 1564//5
f 2530//6 899//6 1566//6
f 27//1 366//1 356//1
f 546//1 581//1 491//1
f 31//1 419//1 388//1
f 753//1 2986//1 2068//1
f 586//1 554//1 35//1
f 605//1 38//1 39//1
f 348//1 433//1 43//1
f 611//1 516//1 817//1
f 2702//1 2264//1 1323//1
f 572//1 49//1 546//1
f 350//1 13//1 15//1
f 1489//7 963//7 663//7
f 494//1 51//1 488//1
f 562//1 380//1 1034//1
f 2000//8 1686//8 1461//8
f 1184//9 1175//9 22//9
f 31//1 57//1 32//1
f 338//1 339//1 58//1
f 1903//1 2586//1 1026//1
f 341//1 61//1 62//1
f 2456//1 1123//1 1192//1
f 352//1 893//1 65//1
f 2952//1 866//1 1789//1
f 1388//1 889//1 1318//1
f 1286//1 1275//1 627//1
f 528//10 70//10 469//10
f 2506//1 2201//1 1053//1
f 531//1 73//1 221//1
f 160//1 431//1 80//1
f 2619//1 2625//1 1890//1
f 377//1 398//1 1027//1
f 2463//1 1036//1 1600//1
f 715//1 87//1 677//1
f 89//1 502//1 477//1
f 92//1 428//1 91//1
f 397//1 391//1 378//1
f 95//1 96//1 97//1
f 600//1 98//1 99//1
f 612//1 48//1 572//1
f 2600//1 1359//1 1859//1
f 1526//1 908//1 1134//1
f 2377//1 1082//1 2106//1
f 3033//1 3015//1 2272//1
f 617//11 807//11 726//11
f 2360//12 2308//12 2236//12
f 2312//13 2274//13 2183//13
f 2375//1 2170//1 1884//1
f 110//1 111//1 112//1
f 2819//1 1081//1 1938//1
f 422//1 441//1 114//1
f 830//1 1125//1 863//1
f 886//14 2489//14 2092//14
f 1310//1 1382//1 720//1
f 2499//1 2166//1 1741//1
f 43//1 120//1 348//1
f 564//1 111//1 552//1
f 406//1 124//1 385//1
f 2553//1 2855//1 1506//1
f 2761//1 2885//1 1500//1
f 2563//1 659//1 957//1
f 127//1 443//1 349//1
f 454//1 129//1 397//1
f 674//1 130//1 131//1
f 2577//1 500//1 994//1
f 667//1 678//1 512//1
f 2671//15 2751//15 1711//15
f 478//1 361//1 134//1
f 135//1 443//1 126//1
f 92//1 612//1 578//1
f 645//1 137//1 602//1
f 360//1 358//1 142//1
f 1089//16 1364//16 1057//16
f 2057//17 2014//17 1866//17
f 144//1 100//1 145//1
f 119//1 43//1 146//1
f 2650//1 2508//1 1135//1
f 2976//1 2736//1 2239//1
f 398//1 377//1 83//1
f 2658//18 2896//18 2226//18
f 361//1 148//1 149//1
f 299//1 338//1 150//1
f 449//1 151//1 403//1
f 626//1 153//1 604//1
f 2675//1 2714//1 1594//1
f 371//1 157//1 155//1
f 1348//1 727//1 686//1
f 146//1 355//1 159//1
f 2538//19 1208//19 1300//19
f 370//1 165//1 163//1
f 749//1 885//1 633//1
f 569//1 167//1 168//1
f 28//1 437//1 366//1
f 463//1 417//1 10//1
f 1844//1 172//1 814//1
f 361//1 342//1 148//1
f 2577//1 1953//1 876//1
f 175//1 70//1 71//1
f 790//20 968//20 750//20
f 156//1 371//1 176//1
f 180//1 344//1 179//1
f 1534//21 959//21 591//21
f 369//1 183//1 164//1
f 1965//1 2084//1 1556//1
f 409//1 184//1 185//1
f 374//1 186//1 2//1
f 553//1 163//1 187//1
f 196//1 567//1 21//1
f 190//1 420//1 346//1
f 2984//1 3067//1 2982//1
f 136//1 193//1 137//1
f 2946//1 3010//1 2529//1
f 1443//1 761//1 487//1
f 3009//1 2899//1 2477//1
f 1510//1 846//1 953//1
f 1824//1 385//1 467//1
f 498//1 113//1 441//1
f 1580//22 1158//22 389//22
f 178//23 750//23 451//23
f 671//1 778//1 813//1
f 1453//24 1328//24 1140//24
f 787//25 571//25 844//25
f 2175//26 1813//26 1179//26
f 641//1 198//1 613//1
f 2557//1 2446//1 2330//1
f 199//1 367//1 407//1
f 1956//1 391//1 534//1
f 2258//1 552//1 944//1
f 850//1 507//1 9//1
f 135//1 656//1 490//1
f 2824//1 2835//1 2345//1
f 109//1 674//1 658//1
f 612//1 205//1 101//1
f 2997//1 2263//1 484//1
f 1590//1 866//1 981//1
f 556//1 14//1 207//1
f 1466//1 597//1 1168//1
f 2218//27 2316//27 1252//27
f 491//1 61//1 341//1
f 636//1 616//1 610//1
f 1994//28 1786//28 1525//28
f 214//1 38//1 40//1
f 2667//1 844//1 783//1
f 124//1 424//1 385//1
f 374//1 215//1 186//1
f 638//1 217//1 632//1
f 404//1 218//1 343//1
f 608//1 96//1 585//1
f 531//1 222//1 522//1
f 215//1 357//1 224//1
f 620//1 823//1 852//1
f 501//1 227//1 228//1
f 409//1 145//1 100//1
f 307//1 516//1 229//1
f 476//1 230//1 77//1
f 1956//1 534//1 118//1
f 142//1 358//1 141//1
f 2248//1 2677//1 713//1
f 2029//1 2049//1 1137//1
f 362//1 234//1 235//1
f 1067//29 1069//29 729//29
f 1920//1 2062//1 1629//1
f 236//1 428//1 364//1
f 1565//1 643//1 680//1
f 440//30 237//30 373//30
f 157//1 371//1 156//1
f 1703//31 1593//31 1504//31
f 1849//32 1923//32 1766//32
f 19//1 241//1 242//1
f 319//1 372//1 243//1
f 346//1 245//1 190//1
f 2556//1 723//1 390//1
f 28//1 2053//1 437//1
f 1550//33 733//33 17//33
f 2956//34 998//34 2476//34
f 247//1 418//1 353//1
f 2843//1 2933//1 2410//1
f 427//1 248//1 249//1
f 361//1 149//1 134//1
f 454//1 555//1 418//1
f 382//1 251//1 250//1
f 525//1 588//1 357//1
f 2997//1 1536//1 1530//1
f 253//1 364//1 376//1
f 1687//1 1620//1 558//1
f 651//1 1053//1 921//1
f 1522//35 536//35 508//35
f 2206//1 2570//1 1574//1
f 396//1 408//1 256//1
f 345//1 110//1 257//1
f 258//1 518//1 459//1
f 2870//36 2646//36 2394//36
f 447//1 232//1 358//1
f 791//1 757//1 747//1
f 261//1 458//1 328//1
f 2238//1 668//1 1895//1
f 2923//1 2721//1 2365//1
f 391//1 397//1 93//1
f 2093//1 2406//1 2051//1
f 619//37 486//37 401//37
f 2186//38 2070//38 1009//38
f 2571//1 2219//1 935//1
f 878//1 498//1 414//1
f 1161//39 435//39 596//39
f 757//1 1207//1 747//1
f 77//1 626//1 620//1
f 2732//40 2451//40 1786//40
f 51//1 523//1 488//1
f 2704//41 2592//41 1666//41
f 246//1 715//1 691//1
f 808//1 1428//1 984//1
f 3085//1 3028//1 2948//1
f 242//1 407//1 363//1
f 763//1 758//1 40//1
f 1020//1 764//1 685//1
f 264//42 410//42 373//42
f 682//1 711//1 350//1
f 2605//43 2516//43 1483//43
f 2328//1 90//1 887//1
f 407//1 241//1 199//1
f 269//1 477//1 422//1
f 392//1 374//1 2//1
f 2142//44 440//44 1071//44
f 3043//45 3027//45 2214//45
f 677//1 270//1 652//1
f 1352//1 1935//1 1559//1
f 403//1 272//1 402//1
f 2083//1 3060//1 2026//1
f 2758//46 2603//46 1845//46
f 632//1 274//1 177//1
f 1549//1 946//1 1392//1
f 81//1 402//1 310//1
f 350//1 275//1 13//1
f 2634//47 2504//47 971//47
f 317//1 450//1 277//1
f 2485//1 1216//1 515//1
f 1056//48 1049//48 832//48
f 37//1 593//1 554//1
f 562//1 356//1 380//1
f 1764//6 797//6 726//6
f 279//1 482//1 423//1
f 2997//1 484//1 1094//1
f 945//1 518//1 342//1
f 265//49 486//49 410//49
f 283//1 529//1 42//1
f 45//1 2231//1 1745//1
f 732//1 547//1 1024//1
f 353//1 285//1 286//1
f 2109//1 1807//1 1672//1
f 1280//1 541//1 1078//1
f 2052//1 791//1 747//1
f 1127//1 2904//1 1642//1
f 2253//1 2156//1 1857//1
f 646//50 576//50 460//50
f 33//1 193//1 288//1
f 222//1 535//1 522//1
f 1320//1 1180//1 1143//1
f 1005//1 146//1 43//1
f 2542//1 1222//1 1099//1
f 2883//1 2995//1 2246//1
f 2027//22 2144//22 1915//22
f 706//1 1688//1 177//1
f 1589//1 496//1 738//1
f 81//1 695//1 871//1
f 1523//1 746//1 1232//1
f 647//1 291//1 630//1
f 1646//1 340//1 56//1
f 2434//1 842//1 1990//1
f 502//1 294//1 90//1
f 2511//1 2911//1 2413//1
f 2565//51 2543//51 909//51
f 2135//1 2235//1 602//1
f 175//1 71//1 295//1
f 1483//52 561//52 268//52
f 339//1 338//1 704//1
f 623//1 295//1 71//1
f 631//1 511//1 404//1
f 377//1 296//1 147//1
f 1707//1 706//1 949//1
f 417//1 463//1 170//1
f 408//1 396//1 550//1
f 130//1 109//1 299//1
f 2104//1 2022//1 1989//1
f 61//1 491//1 210//1
f 22//53 2588//53 2283//53
f 405//1 419//1 300//1
f 471//1 123//1 406//1
f 507//1 778//1 785//1
f 1649//5 1291//5 710//5
f 1825//54 1922//54 1430//54
f 401//1 57//1 31//1
f 248//1 427//1 359//1
f 288//1 302//1 33//1
f 526//1 566//1 448//1
f 630//1 174//1 623//1
f 359//1 347//1 304//1
f 2154//1 1844//1 1355//1
f 1820//1 1029//1 972//1
f 1542//1 1119//1 606//1
f 667//1 306//1 636//1
f 57//1 401//1 301//1
f 616//1 527//1 953//1
f 159//1 431//1 160//1
f 1791//1 2787//1 737//1
f 500//1 2411//1 1644//1
f 1065//1 1303//1 1219//1
f 1962//1 1848//1 1835//1
f 308//1 96//1 95//1
f 362//1 235//1 309//1
f 1945//1 1251//1 770//1
f 183//1 369//1 182//1
f 2886//1 604//1 453//1
f 2826//1 1017//1 1097//1
f 402//1 81//1 871//1
f 2528//55 2427//55 2426//55
f 2146//56 2303//56 1896//56
f 3064//1 1282//1 1785//1
f 523//1 446//1 121//1
f 1459//1 2071//1 1445//1
f 914//1 2132//1 1715//1
f 611//1 198//1 44//1
f 1721//1 1964//1 1497//1
f 311//1 204//1 135//1
f 2725//1 930//1 1021//1
f 11//1 312//1 275//1
f 349//1 201//1 127//1
f 257//1 421//1 345//1
f 637//57 576//57 856//57
f 1690//1 219//1 376//1
f 2510//58 2349//58 2138//58
f 353//1 340//1 285//1
f 2805//1 2734//1 2381//1
f 2371//59 481//59 1045//59
f 347//1 131//1 305//1
f 647//1 687//1 501//1
f 39//1 570//1 605//1
f 338//1 299//1 109//1
f 1604//1 1485//1 855//1
f 314//1 86//1 246//1
f 586//1 640//1 382//1
f 2053//1 314//1 246//1
f 274//1 176//1 177//1
f 2008//60 1952//60 561//60
f 692//1 2972//1 1499//1
f 3086//1 3066//1 2887//1
f 549//1 316//1 315//1
f 2244//61 943//61 1270//61
f 168//1 608//1 569//1
f 353//1 286//1 247//1
f 8//1 318//1 184//1
f 2515//1 2372//1 752//1
f 2480//62 2419//62 1661//62
f 348//1 120//1 287//1
f 554//1 586//1 36//1
f 527//1 152//1 449//1
f 360//1 142//1 231//1
f 3037//1 2205//1 1102//1
f 387//1 319//1 227//1
f 100//1 600//1 584//1
f 278//1 645//1 593//1
f 352//1 447//1 76//1
f 382//1 308//1 251//1
f 534//1 391//1 94//1
f 661//1 691//1 499//1
f 3057//1 2660//1 2645//1
f 270//1 655//1 652//1
f 171//1 425//1 417//1
f 320//1 434//1 381//1
f 2877//63 2753//63 1638//63
f 448//1 399//1 322//1
f 2135//1 753//1 996//1
f 77//1 323//1 154//1
f 440//64 600//64 238//64
f 556//1 207//1 471//1
f 535//1 369//1 164//1
f 439//1 302//1 162//1
f 2816//65 2755//65 1751//65
f 277//1 343//1 276//1
f 2548//1 2273//1 426//1
f 2969//66 2983//66 2444//66
f 2567//1 2687//1 1598//1
f 1688//1 706//1 63//1
f 583//1 2800//1 2607//1
f 359//1 304//1 248//1
f 462//1 255//1 408//1
f 3048//1 2712//1 2643//1
f 616//1 636//1 211//1
f 2006//67 1764//67 807//67
f 370//1 183//1 165//1
f 1097//1 26//1 813//1
f 2086//68 579//68 1154//68
f 744//1 551//1 344//1
f 656//1 216//1 638//1
f 585//1 2569//1 2003//1
f 274//1 632//1 273//1
f 297//1 90//1 294//1
f 1807//1 1003//1 1156//1
f 2451//69 857//69 213//69
f 387//1 372//1 319//1
f 321//1 512//1 434//1
f 2326//70 1314//70 983//70
f 425//1 312//1 11//1
f 457//1 326//1 416//1
f 1031//71 2695//71 1976//71
f 526//1 327//1 442//1
f 73//1 531//1 577//1
f 419//1 405//1 388//1
f 1279//1 2641//1 1621//1
f 415//1 326//1 329//1
f 446//1 423//1 121//1
f 1578//1 905//1 455//1
f 41//1 529//1 851//1
f 2549//1 623//1 1946//1
f 280//1 482//1 279//1
f 100//1 144//1 98//1
f 1852//1 945//1 88//1
f 2216//1 1064//1 1978//1
f 1238//1 1281//1 767//1
f 1597//1 1503//1 1269//1
f 724//1 242//1 1090//1
f 1788//1 421//1 633//1
f 2327//72 599//72 1283//72
f 243//1 478//1 244//1
f 758//1 763//1 698//1
f 469//73 332//73 393//73
f 1885//74 2118//74 1870//74
f 462//1 550//1 456//1
f 1263//1 1301//1 1245//1
f 581//1 546//1 29//1
f 90//1 463//1 10//1
f 1684//1 1298//1 66//1
f 157//1 316//1 155//1
f 187//1 588//1 553//1
f 521//1 377//1 1027//1
f 439//1 162//1 399//1
f 1085//22 1375//22 928//22
f 310//1 333//1 81//1
f 333//1 80//1 81//1
f 73//1 705//1 75//1
f 1037//1 465//1 851//1
f 903//75 787//75 816//75
f 2915//1 2664//1 2037//1
f 2058//1 695//1 1005//1
f 334//1 464//1 337//1
f 352//1 65//1 259//1
f 355//1 146//1 1005//1
f 329//1 459//1 415//1
f 3017//1 2989//1 2366//1
f 921//1 409//1 100//1
f 1653//76 1196//76 694//76
f 381//1 442//1 335//1
f 287//1 318//1 8//1
f 298//1 453//1 336//1
f 2682//77 2309//77 1450//77
f 456//1 344//1 180//1
f 441//1 422//1 414//1
f 2666//1 3019//1 2651//1
f 886//78 1008//78 413//78
f 2162//1 2958//1 433//1
f 343//1 450//1 219//1
f 227//1 501//1 387//1
f 2039//1 1086//1 1193//1
f 137//1 193//1 33//1
f 281//79 468//79 365//79
f 245//1 346//1 298//1
f 230//1 323//1 77//1
f 624//1 271//1 510//1
f 231//1 476//1 360//1
f 2814//80 2686//80 1092//80
f 393//81 282//81 365//81
f 1034//1 1941//1 1639//1
f 2418//1 2540//1 1894//1
f 2478//1 2913//1 1181//1
f 2601//1 1358//1 1645//1
f 1765//1 412//1 1038//1
f 374//1 357//1 215//1
f 337//1 464//1 379//1
f 549//1 457//1 495//1
f 2712//1 2771//1 1438//1
f 381//1 335//1 320//1
f 200//1 379//1 367//1
f 2399//1 966//1 684//1
f 1698//1 388//1 1096//1
f 1971//1 2450//1 1730//1
f 84//1 465//1 398//1
f 2867//1 1834//1 1266//1
f 3076//1 853//1 2907//1
f 2840//82 2513//82 2081//82
f 2804//83 2392//83 1169//83
f 2033//1 556//1 122//1
f 2831//1 3016//1 2728//1
f 1496//1 521//1 1051//1
f 309//1 749//1 362//1
f 902//84 1255//84 1176//84
f 328//1 458//1 405//1
f 1680//1 1738//1 1636//1
f 2851//85 2699//85 1853//85
f 2337//1 1683//1 414//1
f 2983//86 2957//86 2370//86
f 421//1 257//1 313//1
f 3023//87 2581//87 2142//87
f 423//1 446//1 330//1
f 1724//1 732//1 395//1
f 311//1 135//1 126//1
f 145//1 409//1 185//1
f 214//1 40//1 191//1
f 2487//1 2464//1 609//1
f 2886//1 1543//1 692//1
f 91//1 205//1 92//1
f 457//1 549//1 315//1
f 1975//1 2333//1 1253//1
f 3016//1 1737//1 1109//1
f 150//1 338//1 58//1
f 338//1 109//1 704//1
f 1578//1 339//1 704//1
f 58//1 339//1 1//1
f 340//1 1646//1 396//1
f 285//1 340//1 293//1
f 341//1 878//1 491//1
f 498//1 341//1 62//1
f 148//1 342//1 173//1
f 945//1 342//1 88//1
f 2578//1 172//1 1507//1
f 404//1 343//1 219//1
f 276//1 343//1 218//1
f 344//1 284//1 179//1
f 421//1 313//1 234//1
f 110//1 345//1 111//1
f 1714//1 1597//1 1572//1
f 420//1 190//1 191//1
f 304//1 347//1 305//1
f 8//1 348//1 287//1
f 120//1 43//1 119//1
f 364//1 253//1 236//1
f 443//1 127//1 126//1
f 534//1 349//1 118//1
f 419//1 31//1 32//1
f 275//1 350//1 11//1
f 682//1 350//1 15//1
f 1775//88 1689//88 1458//88
f 447//1 352//1 259//1
f 893//1 352//1 1207//1
f 344//1 456//1 744//1
f 581//1 210//1 491//1
f 418//1 247//1 128//1
f 340//1 353//1 56//1
f 317//1 253//1 376//1
f 828//1 2694//1 1537//1
f 431//29 159//29 355//29
f 431//22 355//22 1005//22
f 366//1 27//1 28//1
f 224//1 357//1 223//1
f 525//1 357//1 819//1
f 141//1 358//1 232//1
f 447//1 358//1 76//1
f 219//1 958//1 1232//1
f 347//1 359//1 659//1
f 427//1 249//1 125//1
f 358//1 360//1 76//1
f 230//1 476//1 231//1
f 383//1 551//1 744//1
f 551//1 284//1 344//1
f 361//1 478//1 1111//1
f 342//1 361//1 88//1
f 453//1 298//1 346//1
f 463//1 90//1 297//1
f 7//1 433//1 429//1
f 433//1 348//1 429//1
f 234//1 362//1 633//1
f 749//1 309//1 705//1
f 2430//1 363//1 52//1
f 241//1 407//1 242//1
f 428//1 236//1 91//1
f 365//89 282//89 281//89
f 393//90 365//90 532//90
f 356//1 366//1 380//1
f 2053//1 28//1 169//1
f 363//1 367//1 52//1
f 379//1 200//1 337//1
f 3032//1 2799//1 2737//1
f 2645//1 1204//1 1553//1
f 398//1 83//1 84//1
f 182//1 369//1 289//1
f 183//1 370//1 164//1
f 553//1 370//1 163//1
f 478//1 243//1 372//1
f 2640//1 372//1 1142//1
f 391//1 93//1 94//1
f 410//91 264//91 265//91
f 357//1 374//1 819//1
f 374//1 392//1 455//1
f 671//1 813//1 26//1
f 782//1 2799//1 2318//1
f 962//1 3005//1 1628//1
f 2111//1 2040//1 1914//1
f 450//1 317//1 376//1
f 456//1 180//1 324//1
f 83//1 377//1 147//1
f 2166//1 1956//1 793//1
f 464//1 334//1 562//1
f 367//1 379//1 52//1
f 396//1 256//1 293//1
f 356//1 53//1 27//1
f 434//1 320//1 321//1
f 308//1 382//1 96//1
f 586//1 382//1 250//1
f 2898//1 1396//1 2579//1
f 613//1 611//1 817//1
f 1602//1 21//1 444//1
f 1997//1 345//1 821//1
f 440//92 373//92 1071//92
f 264//93 373//93 237//93
f 442//1 381//1 384//1
f 468//94 281//94 16//94
f 406//1 385//1 122//1
f 424//1 124//1 194//1
f 1826//95 1923//95 1777//95
f 2183//96 2123//96 1934//96
f 695//1 81//1 431//1
f 372//1 387//1 1142//1
f 501//1 228//1 292//1
f 405//1 300//1 328//1
f 1433//1 1008//1 867//1
f 389//1 2660//1 2411//1
f 2094//1 1950//1 1908//1
f 523//1 121//1 1038//1
f 534//1 94//1 202//1
f 1//1 392//1 2//1
f 339//1 455//1 392//1
f 2602//97 393//97 532//97
f 282//98 393//98 332//98
f 2304//1 394//1 1013//1
f 2642//1 2757//1 2280//1
f 1724//1 1443//1 732//1
f 340//1 396//1 293//1
f 2659//99 1046//99 888//99
f 2172//1 397//1 378//1
f 93//1 397//1 129//1
f 465//1 84//1 331//1
f 322//1 399//1 161//1
f 2276//100 790//100 1986//100
f 2255//101 1174//101 1270//101
f 2181//1 401//1 31//1
f 301//1 401//1 262//1
f 1491//1 402//1 871//1
f 310//1 402//1 272//1
f 448//1 322//1 303//1
f 402//1 1491//1 403//1
f 272//1 403//1 151//1
f 218//1 404//1 220//1
f 631//1 404//1 219//1
f 2341//1 2206//1 426//1
f 388//1 405//1 1096//1
f 458//1 261//1 511//1
f 124//1 406//1 123//1
f 471//1 406//1 122//1
f 367//1 199//1 200//1
f 367//1 363//1 407//1
f 256//1 408//1 255//1
f 462//1 408//1 550//1
f 2025//25 1431//25 897//25
f 921//1 100//1 584//1
f 184//1 409//1 8//1
f 417//1 170//1 171//1
f 2276//102 2244//102 1797//102
f 373//103 410//103 1071//103
f 486//104 265//104 262//104
f 1545//1 1279//1 582//1
f 2502//1 951//1 1213//1
f 423//1 330//1 279//1
f 468//105 412//105 532//105
f 2546//106 2727//106 1624//106
f 1476//107 886//107 413//107
f 422//1 114//1 269//1
f 416//1 415//1 69//1
f 459//1 329//1 258//1
f 495//1 416//1 69//1
f 415//1 416//1 326//1
f 2773//1 2809//1 2195//1
f 312//1 425//1 171//1
f 2168//1 353//1 418//1
f 454//1 418//1 128//1
f 300//1 419//1 32//1
f 1543//1 346//1 420//1
f 40//1 420//1 191//1
f 821//1 345//1 421//1
f 633//1 421//1 234//1
f 2335//108 2452//108 2301//108
f 477//1 269//1 89//1
f 414//1 422//1 1230//1
f 482//1 280//1 564//1
f 641//1 424//1 194//1
f 467//1 385//1 424//1
f 161//1 399//1 162//1
f 1983//1 399//1 1063//1
f 711//1 425//1 11//1
f 417//1 425//1 10//1
f 1503//1 426//1 514//1
f 2273//1 1131//1 755//1
f 791//1 427//1 125//1
f 359//1 427//1 659//1
f 428//1 92//1 578//1
f 364//1 428//1 578//1
f 409//1 429//1 8//1
f 2746//109 1189//109 1911//109
f 3083//110 2942//110 2903//110
f 3069//1 1075//1 1234//1
f 43//1 433//1 1005//1
f 2162//1 433//1 7//1
f 381//1 434//1 384//1
f 512//1 321//1 132//1
f 296//1 377//1 521//1
f 1726//1 366//1 437//1
f 2053//1 246//1 542//1
f 1488//111 1317//111 438//111
f 302//1 439//1 33//1
f 237//112 440//112 238//112
f 114//1 441//1 113//1
f 566//1 442//1 384//1
f 335//1 442//1 327//1
f 461//1 349//1 443//1
f 443//1 135//1 461//1
f 21//1 724//1 444//1
f 1821//1 3039//1 1530//1
f 1538//1 828//1 445//1
f 176//1 371//1 177//1
f 949//1 371//1 155//1
f 1522//113 1436//113 557//113
f 21//1 307//1 196//1
f 330//1 446//1 263//1
f 232//1 447//1 259//1
f 526//1 448//1 303//1
f 448//1 1063//1 399//1
f 151//1 449//1 152//1
f 2844//1 449//1 1491//1
f 343//1 277//1 450//1
f 219//1 450//1 376//1
f 2690//114 451//114 1548//114
f 750//115 178//115 790//115
f 1047//116 865//116 1059//116
f 1684//1 524//1 1163//1
f 604//1 336//1 453//1
f 129//1 454//1 128//1
f 397//1 2172//1 454//1
f 1912//1 2120//1 1838//1
f 534//1 201//1 349//1
f 462//1 456//1 324//1
f 326//1 457//1 325//1
f 457//1 416//1 495//1
f 511//1 261//1 220//1
f 405//1 458//1 1096//1
f 518//1 258//1 173//1
f 945//1 415//1 459//1
f 460//117 963//117 1009//117
f 646//38 460//38 54//38
f 349//1 461//1 118//1
f 2761//1 135//1 490//1
f 255//1 462//1 324//1
f 170//1 463//1 297//1
f 2085//22 1069//22 1067//22
f 562//1 334//1 53//1
f 1639//1 379//1 464//1
f 2543//52 268//52 266//52
f 851//1 465//1 331//1
f 1737//1 398//1 465//1
f 1435//1 962//1 466//1
f 2963//1 962//1 1628//1
f 467//1 424//1 641//1
f 567//1 196//1 189//1
f 494//118 468//118 16//118
f 365//119 468//119 532//119
f 393//120 2602//120 469//120
f 332//121 469//121 70//121
f 2886//1 692//1 1499//1
f 516//1 307//1 21//1
f 1753//122 1711//122 1550//122
f 123//1 471//1 207//1
f 898//1 2709//1 2245//1
f 473//123 918//123 831//123
f 1827//124 473//124 17//124
f 2568//1 2557//1 2280//1
f 2461//125 2991//125 1091//125
f 23//126 452//126 1047//126
f 1624//127 1875//127 1476//127
f 1961//128 1768//128 1469//128
f 620//1 476//1 77//1
f 1926//1 360//1 476//1
f 294//1 502//1 89//1
f 422//1 477//1 1230//1
f 2717//1 1966//1 1679//1
f 1713//129 856//129 733//129
f 1111//1 478//1 372//1
f 244//1 478//1 134//1
f 3007//1 3017//1 2066//1
f 2908//1 3053//1 2741//1
f 808//1 2628//1 2241//1
f 2548//1 426//1 480//1
f 2720//1 1375//1 1573//1
f 1344//130 2618//130 1900//130
f 1647//131 1045//131 481//131
f 423//1 482//1 121//1
f 564//1 280//1 112//1
f 370//1 483//1 164//1
f 539//1 2263//1 1778//1
f 717//1 484//1 965//1
f 266//132 1239//132 909//132
f 2336//51 2820//51 903//51
f 401//133 486//133 262//133
f 2949//134 410//134 486//134
f 498//1 878//1 341//1
f 494//1 488//1 1038//1
f 523//1 51//1 263//1
f 1989//1 1832//1 1509//1
f 2663//1 2805//1 1918//1
f 2302//1 1036//1 1335//1
f 2958//1 2897//1 2058//1
f 2130//1 1412//1 744//1
f 1506//1 965//1 728//1
f 2415//1 2619//1 1663//1
f 1962//1 82//1 873//1
f 412//1 494//1 1038//1
f 51//1 494//1 16//1
f 2366//1 2334//1 2091//1
f 2396//135 2069//135 1730//135
f 1118//1 2872//1 2614//1
f 960//1 2844//1 1470//1
f 846//1 616//1 953//1
f 457//1 315//1 325//1
f 2501//1 2828//1 2270//1
f 724//1 189//1 19//1
f 113//1 498//1 62//1
f 498//1 441//1 414//1
f 80//1 431//1 81//1
f 1404//1 499//1 691//1
f 661//1 499//1 45//1
f 389//1 500//1 842//1
f 647//1 501//1 292//1
f 1025//1 387//1 501//1
f 477//1 502//1 1230//1
f 90//1 10//1 887//1
f 1239//136 1107//136 1191//136
f 628//137 1313//137 857//137
f 2672//1 164//1 483//1
f 2490//1 535//1 164//1
f 830//1 66//1 1298//1
f 2504//138 2701//138 1577//138
f 2390//22 2325//22 1033//22
f 2957//139 2661//139 1810//139
f 885//1 2466//1 1818//1
f 850//1 537//1 788//1
f 2522//1 2535//1 1604//1
f 958//1 1083//1 1205//1
f 1715//140 2432//140 930//140
f 852//1 1926//1 1588//1
f 2443//1 509//1 940//1
f 1883//1 897//1 571//1
f 510//1 271//1 779//1
f 1654//1 624//1 510//1
f 458//1 511//1 1096//1
f 404//1 511//1 220//1
f 667//1 512//1 132//1
f 678//1 434//1 512//1
f 1951//7 1728//7 1682//7
f 1004//141 1350//141 859//141
f 2202//78 513//78 1116//78
f 2398//142 2594//142 1437//142
f 1574//1 1312//1 514//1
f 845//1 2544//1 1552//1
f 1109//1 1288//1 158//1
f 817//1 516//1 21//1
f 229//1 516//1 44//1
f 2465//1 788//1 203//1
f 459//1 518//1 945//1
f 342//1 518//1 173//1
f 2940//143 2929//143 1996//143
f 2571//22 935//22 519//22
f 2495//22 2571//22 1968//22
f 1694//1 1505//1 928//1
f 296//1 521//1 226//1
f 2514//1 522//1 74//1
f 535//1 222//1 289//1
f 1514//22 394//22 1124//22
f 394//1 1210//1 1013//1
f 488//1 523//1 1038//1
f 446//1 523//1 263//1
f 2290//1 863//1 789//1
f 997//1 82//1 925//1
f 2784//1 3048//1 2548//1
f 588//1 525//1 188//1
f 2291//144 1191//144 805//144
f 526//1 442//1 566//1
f 327//1 526//1 303//1
f 348//1 8//1 429//1
f 1737//1 465//1 1037//1
f 76//1 2627//1 2208//1
f 1668//1 352//1 76//1
f 449//1 953//1 527//1
f 152//1 527//1 212//1
f 972//1 166//1 1330//1
f 1112//145 1364//145 1300//145
f 971//146 856//146 799//146
f 2449//1 203//1 537//1
f 451//147 2164//147 1548//147
f 70//1 528//1 71//1
f 966//1 2412//1 1795//1
f 2893//1 10//1 684//1
f 851//1 2579//1 2182//1
f 2898//1 283//1 551//1
f 2113//148 2064//148 1757//148
f 2788//149 2851//149 2188//149
f 2467//150 2127//150 1943//150
f 222//1 531//1 221//1
f 531//1 522//1 577//1
f 2621//1 834//1 987//1
f 2834//143 2602//143 2396//143
f 3049//1 3059//1 3039//1
f 1937//1 9//1 507//1
f 1797//151 902//151 47//151
f 2691//1 3079//1 2670//1
f 2416//1 2386//1 1708//1
f 201//1 534//1 202//1
f 522//1 535//1 74//1
f 369//1 535//1 289//1
f 536//152 1273//152 508//152
f 2220//11 1846//11 1630//11
f 26//1 1017//1 797//1
f 2649//153 2546//153 907//153
f 2133//154 2113//154 1925//154
f 2096//155 2121//155 1998//155
f 42//1 529//1 41//1
f 2120//1 374//1 455//1
f 1166//1 1267//1 1065//1
f 1726//1 437//1 542//1
f 661//1 542//1 246//1
f 1802//1 2082//1 1603//1
f 544//1 103//1 623//1
f 2438//1 3062//1 1940//1
f 1616//1 1068//1 1136//1
f 82//1 1019//1 1081//1
f 554//1 36//1 37//1
f 2435//1 572//1 546//1
f 29//1 546//1 49//1
f 2796//156 1344//156 1987//156
f 316//1 549//1 155//1
f 456//1 550//1 744//1
f 581//1 29//1 30//1
f 1127//1 546//1 491//1
f 2898//1 551//1 383//1
f 284//1 551//1 283//1
f 482//1 552//1 121//1
f 944//1 552//1 111//1
f 1467//1 553//1 188//1
f 588//1 187//1 223//1
f 370//1 553//1 483//1
f 593//1 37//1 278//1
f 2168//1 418//1 555//1
f 14//1 556//1 15//1
f 556//1 471//1 122//1
f 1564//157 25//157 599//157
f 1760//158 1630//158 1539//158
f 2213//43 1211//43 1014//43
f 2597//159 2555//159 1769//159
f 602//1 1061//1 35//1
f 1082//1 2552//1 2296//1
f 2351//1 2944//1 2087//1
f 2464//1 2666//1 1687//1
f 846//1 558//1 610//1
f 1670//1 1723//1 1519//1
f 1264//95 2683//95 2404//95
f 1979//160 561//160 239//160
f 356//1 562//1 53//1
f 1034//1 464//1 562//1
f 2362//153 2584//153 1119//153
f 111//1 564//1 112//1
f 552//1 482//1 564//1
f 1827//161 1450//161 473//161
f 384//1 721//1 566//1
f 448//1 566//1 1063//1
f 866//1 2783//1 1789//1
f 2998//1 2894//1 1947//1
f 1946//1 71//1 528//1
f 2707//1 2589//1 1602//1
f 189//1 724//1 567//1
f 1808//162 1864//162 1759//162
f 946//1 569//1 585//1
f 608//1 168//1 97//1
f 910//163 790//163 47//163
f 2174//164 1986//164 178//164
f 569//1 570//1 167//1
f 569//1 946//1 570//1
f 844//1 571//1 195//1
f 1486//1 487//1 1159//1
f 49//1 572//1 48//1
f 2576//1 612//1 1353//1
f 1620//1 384//1 678//1
f 2290//1 3019//1 863//1
f 1688//1 1123//1 632//1
f 706//1 177//1 371//1
f 600//165 440//165 574//165
f 574//25 6//25 584//25
f 2065//166 1873//166 899//166
f 460//167 576//167 880//167
f 856//168 576//168 799//168
f 2119//1 705//1 577//1
f 205//1 612//1 92//1
f 990//29 1178//29 820//29
f 2319//169 2312//169 2072//169
f 41//1 851//1 331//1
f 210//1 581//1 30//1
f 2648//1 2919//1 2239//1
f 905//1 583//1 1247//1
f 656//1 135//1 204//1
f 98//1 600//1 100//1
f 2569//1 640//1 1949//1
f 640//1 586//1 35//1
f 36//1 586//1 250//1
f 2921//170 2857//170 2274//170
f 172//1 2560//1 1507//1
f 357//1 588//1 223//1
f 553//1 588//1 188//1
f 1498//1 1482//1 1061//1
f 2520//1 1358//1 1712//1
f 1121//7 867//7 886//7
f 2203//1 2089//1 658//1
f 1770//1 808//1 1427//1
f 1022//1 984//1 1428//1
f 1634//1 1420//1 1421//1
f 2577//1 1990//1 500//1
f 1515//1 739//1 1302//1
f 554//1 593//1 35//1
f 645//1 136//1 137//1
f 1582//1 794//1 709//1
f 844//1 195//1 783//1
f 1639//1 464//1 1034//1
f 1189//171 2967//171 1911//171
f 1501//1 1269//1 769//1
f 2473//29 2495//29 1694//29
f 2643//1 997//1 2282//1
f 2936//1 2710//1 1451//1
f 596//172 3046//172 1656//172
f 1260//1 597//1 107//1
f 2339//173 598//173 1187//173
f 1332//174 1360//174 1187//174
f 2460//175 2789//175 1667//175
f 1015//135 599//135 25//135
f 600//140 574//140 584//140
f 238//1 600//1 99//1
f 2922//1 3051//1 2878//1
f 750//176 2699//176 2164//176
f 593//1 602//1 35//1
f 2135//1 602//1 137//1
f 2989//1 3001//1 2450//1
f 2131//1 1158//1 1339//1
f 389//1 1158//1 192//1
f 1647//177 1725//177 1525//177
f 2351//1 361//1 1111//1
f 2726//1 2441//1 1847//1
f 626//1 604//1 936//1
f 336//1 604//1 153//1
f 570//1 39//1 167//1
f 2551//25 1119//25 1678//25
f 2237//7 2349//7 2200//7
f 96//1 608//1 97//1
f 569//1 608//1 585//1
f 2368//1 609//1 66//1
f 616//1 211//1 212//1
f 516//1 611//1 44//1
f 1841//1 1044//1 1395//1
f 48//1 612//1 101//1
f 1353//1 612//1 572//1
f 467//1 613//1 1225//1
f 611//1 613//1 198//1
f 1347//178 1332//178 598//178
f 2959//179 1049//179 1886//179
f 1741//1 965//1 492//1
f 2506//1 1053//1 1020//1
f 1970//180 2247//180 781//180
f 1196//181 473//181 831//181
f 846//1 610//1 616//1
f 527//1 616//1 212//1
f 807//182 617//182 105//182
f 1988//1 1890//1 1835//1
f 2155//1 31//1 621//1
f 2949//183 486//183 619//183
f 1041//184 1091//184 1059//184
f 2079//1 1973//1 620//1
f 626//1 77//1 154//1
f 388//1 621//1 31//1
f 2420//185 2760//185 1812//185
f 295//1 623//1 174//1
f 630//1 623//1 103//1
f 2126//186 2335//186 1877//186
f 2256//187 883//187 1033//187
f 2496//1 1425//1 940//1
f 155//1 549//1 495//1
f 153//1 626//1 154//1
f 2079//1 626//1 936//1
f 1031//188 181//188 959//188
f 2358//189 2610//189 1504//189
f 1472//190 1313//190 628//190
f 2096//191 2074//191 2043//191
f 2599//1 895//1 629//1
f 3050//192 2380//192 954//192
f 647//1 630//1 103//1
f 174//1 630//1 291//1
f 511//1 631//1 1096//1
f 1974//1 1744//1 1590//1
f 1511//193 1273//193 536//193
f 2021//1 2383//1 1856//1
f 1844//1 2406//1 172//1
f 2849//194 435//194 1161//194
f 638//1 632//1 1123//1
f 273//1 632//1 217//1
f 2484//1 1788//1 1133//1
f 1180//195 1397//195 1328//195
f 2163//1 2381//1 2022//1
f 3011//1 3026//1 2778//1
f 1452//1 906//1 1302//1
f 2689//196 2871//196 1825//196
f 1345//1 1266//1 233//1
f 1824//1 739//1 122//1
f 1888//1 507//1 785//1
f 211//1 636//1 306//1
f 1157//1 2769//1 2196//1
f 2131//1 2268//1 1158//1
f 1991//1 1770//1 9//1
f 22//197 880//197 637//197
f 2751//198 2588//198 1527//198
f 217//1 638//1 216//1
f 638//1 1123//1 490//1
f 1531//199 1474//199 1442//199
f 90//1 2328//1 502//1
f 382//1 640//1 96//1
f 1482//1 640//1 35//1
f 613//1 467//1 641//1
f 198//1 641//1 194//1
f 1832//1 1735//1 45//1
f 1726//1 2231//1 1516//1
f 2574//200 822//200 1804//200
f 1939//201 968//201 910//201
f 3078//1 2977//1 2931//1
f 2583//1 2029//1 1916//1
f 1413//1 12//1 680//1
f 2145//1 3002//1 1490//1
f 1496//1 652//1 655//1
f 577//1 705//1 73//1
f 2690//182 2562//182 1456//182
f 451//202 2865//202 2279//202
f 2021//1 172//1 803//1
f 136//1 645//1 278//1
f 602//1 593//1 645//1
f 1882//1 1774//1 1024//1
f 2777//1 2818//1 1972//1
f 2108//1 1862//1 1540//1
f 1492//1 1218//1 804//1
f 1505//143 1461//143 54//143
f 576//203 646//203 799//203
f 291//1 647//1 292//1
f 687//1 647//1 103//1
f 1556//1 1022//1 785//1
f 2042//1 1240//1 702//1
f 929//1 1254//1 925//1
f 2307//1 1087//1 970//1
f 2759//1 3029//1 2685//1
f 1352//1 1282//1 1220//1
f 1584//1 496//1 970//1
f 2369//1 2541//1 1848//1
f 2839//1 729//1 2323//1
f 1521//7 1415//7 139//7
f 651//1 1020//1 1053//1
f 652//1 1404//1 691//1
f 655//1 270//1 225//1
f 1312//1 1216//1 689//1
f 1896//204 1836//204 1755//204
f 2402//1 2410//1 2376//1
f 2357//205 2187//205 2149//205
f 1858//206 2237//206 1760//206
f 655//1 225//1 226//1
f 1182//1 579//1 990//1
f 2224//29 2090//29 1837//29
f 2812//1 1087//1 1806//1
f 638//1 490//1 656//1
f 216//1 656//1 204//1
f 1951//207 1961//207 1875//207
f 1215//32 2536//32 1579//32
f 2794//1 2317//1 1749//1
f 999//1 2233//1 1727//1
f 1768//208 1751//208 1610//208
f 972//1 657//1 166//1
f 986//1 2497//1 2293//1
f 2352//1 823//1 1673//1
f 130//1 674//1 109//1
f 1881//1 659//1 796//1
f 674//1 347//1 659//1
f 2140//209 2198//209 1015//209
f 691//1 661//1 246//1
f 2038//1 2343//1 1955//1
f 1753//210 615//210 662//210
f 3008//211 2671//211 2655//211
f 2869//1 2329//1 166//1
f 880//212 1048//212 963//212
f 957//1 659//1 427//1
f 2980//1 3009//1 2204//1
f 910//213 2534//213 2251//213
f 2859//104 2935//104 1635//104
f 1443//1 2384//1 761//1
f 667//1 636//1 610//1
f 306//1 667//1 132//1
f 3056//1 2996//1 2719//1
f 797//1 780//1 26//1
f 2622//29 2931//29 1586//29
f 672//1 1078//1 986//1
f 2876//1 2798//1 2152//1
f 1398//140 1278//140 673//140
f 521//1 655//1 226//1
f 1952//214 1235//214 688//214
f 1612//1 1509//1 499//1
f 3037//1 1102//1 72//1
f 1913//1 2363//1 723//1
f 1431//1 2677//1 195//1
f 658//1 1881//1 1569//1
f 347//1 674//1 131//1
f 1169//215 2657//215 1547//215
f 1365//216 2807//216 2143//216
f 1626//1 1190//1 864//1
f 677//1 652//1 691//1
f 270//1 677//1 87//1
f 434//1 678//1 384//1
f 2014//217 1934//217 1849//217
f 1635//218 1508//218 1363//218
f 1442//219 1141//219 1105//219
f 2747//1 2979//1 2490//1
f 483//1 2842//1 2672//1
f 1165//140 12//140 673//140
f 1936//1 1131//1 1254//1
f 1615//1 1854//1 1075//1
f 1817//1 1674//1 1422//1
f 2309//220 2234//220 740//220
f 556//1 682//1 15//1
f 1107//221 1112//221 805//221
f 3073//1 3071//1 3034//1
f 2604//222 1046//222 1155//222
f 425//1 684//1 10//1
f 2399//1 2533//1 1568//1
f 2197//223 2483//223 1416//223
f 2433//1 2745//1 1851//1
f 2993//1 2708//1 2428//1
f 2334//1 2284//1 2060//1
f 2051//1 1064//1 664//1
f 2250//1 1348//1 1120//1
f 2780//133 2634//133 2129//133
f 1025//1 501//1 687//1
f 820//1 752//1 271//1
f 561//224 688//224 268//224
f 2608//1 689//1 2354//1
f 690//225 143//225 1089//225
f 363//1 1090//1 242//1
f 715//1 246//1 86//1
f 1446//1 692//1 698//1
f 1543//1 420//1 758//1
f 693//1 1166//1 967//1
f 720//1 2509//1 2137//1
f 576//226 637//226 880//226
f 2321//1 1215//1 1468//1
f 2850//153 2630//153 1080//153
f 2144//1 2050//1 933//1
f 2078//227 831//227 918//227
f 2367//1 2722//1 1648//1
f 2011//1 1372//1 1388//1
f 3047//1 695//1 1241//1
f 431//1 1005//1 695//1
f 2283//228 1558//228 1184//228
f 1782//1 1842//1 1592//1
f 1325//229 1347//229 1056//229
f 2786//1 2918//1 1567//1
f 552//1 697//1 121//1
f 2481//1 3003//1 1273//1
f 38//1 605//1 40//1
f 2429//1 2609//1 2333//1
f 1872//29 1416//29 1411//29
f 2852//230 1052//230 1175//230
f 2221//1 1850//1 1623//1
f 2793//1 2572//1 1083//1
f 1299//1 2917//1 1981//1
f 1068//1 524//1 840//1
f 2636//1 2639//1 1607//1
f 1359//1 2692//1 1859//1
f 1927//1 658//1 590//1
f 75//1 705//1 309//1
f 371//1 949//1 706//1
f 2208//1 2478//1 1668//1
f 2215//1 2913//1 938//1
f 2314//231 617//231 726//231
f 1189//232 1200//232 919//232
f 1365//233 2754//233 2001//233
f 2632//1 2694//1 1662//1
f 2045//1 1361//1 709//1
f 350//1 711//1 11//1
f 2200//234 2394//234 2141//234
f 2646//235 617//235 712//235
f 1396//1 383//1 1253//1
f 2609//1 1128//1 1197//1
f 3065//1 3085//1 3058//1
f 2363//1 2248//1 1908//1
f 87//1 715//1 86//1
f 677//1 691//1 715//1
f 2306//236 2820//236 2218//236
f 2481//1 1273//1 1146//1
f 2100//1 755//1 1310//1
f 2102//1 2111//1 1664//1
f 1485//1 1296//1 1205//1
f 2829//237 1315//237 1699//237
f 895//1 898//1 3//1
f 116//1 2596//1 1980//1
f 2063//1 1618//1 1238//1
f 1532//101 1389//101 670//101
f 2212//238 2188//238 2133//238
f 2677//1 1913//1 195//1
f 1965//1 778//1 1447//1
f 845//1 2607//1 1781//1
f 723//1 864//1 783//1
f 2048//1 724//1 1090//1
f 242//1 724//1 19//1
f 2537//239 2186//239 1705//239
f 484//1 728//1 965//1
f 2377//1 1025//1 687//1
f 1378//1 730//1 107//1
f 2676//1 2628//1 1910//1
f 2478//1 1181//1 1207//1
f 2268//1 2403//1 1204//1
f 487//1 547//1 732//1
f 2811//1 2500//1 2103//1
f 2404//240 2442//240 956//240
f 1389//241 1415//241 1264//241
f 1577//242 17//242 733//242
f 2060//1 2046//1 1637//1
f 2294//1 2258//1 60//1
f 2123//157 1775//157 1640//157
f 1819//243 959//243 181//243
f 2611//1 908//1 1016//1
f 1863//1 1791//1 1413//1
f 1337//1 738//1 59//1
f 739//1 2960//1 1660//1
f 2033//1 2019//1 682//1
f 1055//244 1152//244 740//244
f 753//1 137//1 33//1
f 2661//245 2802//245 1756//245
f 2742//1 2801//1 1568//1
f 1862//1 1884//1 1584//1
f 1570//246 1561//246 1441//246
f 2259//1 2756//1 929//1
f 2023//1 2445//1 1975//1
f 2326//132 2030//132 1314//132
f 791//1 125//1 260//1
f 757//1 260//1 64//1
f 3025//247 3031//247 2353//247
f 2750//248 1344//248 1900//248
f 2706//1 1297//1 1074//1
f 633//1 362//1 749//1
f 2681//1 2843//1 2017//1
f 1356//249 1014//249 751//249
f 1405//1 3//1 719//1
f 1868//29 752//29 820//29
f 2981//1 3014//1 1985//1
f 439//1 753//1 33//1
f 2069//250 412//250 939//250
f 1995//1 2284//1 1971//1
f 2400//1 2488//1 2252//1
f 2835//1 2662//1 1771//1
f 2723//1 583//1 2526//1
f 409//1 921//1 429//1
f 2341//1 426//1 755//1
f 2875//1 2790//1 1480//1
f 1929//1 1681//1 1355//1
f 2217//1 2249//1 1887//1
f 1736//1 1398//1 1322//1
f 893//1 757//1 64//1
f 2821//1 1359//1 2035//1
f 1614//1 1984//1 1551//1
f 584//1 6//1 651//1
f 420//1 40//1 758//1
f 698//1 692//1 758//1
f 254//1 830//1 863//1
f 1763//251 1617//251 1393//251
f 759//252 266//252 268//252
f 1085//1 50//1 545//1
f 2833//1 2891//1 2242//1
f 2475//118 1055//118 2234//118
f 2909//1 3077//1 2730//1
f 2505//1 585//1 2003//1
f 1733//1 1652//1 761//1
f 1993//207 2000//207 1968//207
f 2781//22 1185//22 1767//22
f 1440//1 40//1 605//1
f 1743//1 698//1 763//1
f 1528//1 764//1 664//1
f 2696//1 2663//1 804//1
f 2734//1 2702//1 1735//1
f 1945//1 808//1 872//1
f 1057//253 2744//253 1921//253
f 1343//254 1363//254 1153//254
f 1465//1 889//1 1373//1
f 2990//1 2693//1 2505//1
f 2193//1 3065//1 1605//1
f 2993//1 121//1 697//1
f 2356//1 2294//1 734//1
f 2055//1 2018//1 1871//1
f 1421//1 2654//1 1992//1
f 1954//1 2177//1 1889//1
f 2545//1 539//1 1752//1
f 752//1 779//1 271//1
f 1731//1 1823//1 1535//1
f 2065//255 899//255 780//255
f 26//1 780//1 671//1
f 2916//107 2480//107 2285//107
f 624//1 990//1 820//1
f 1897//1 682//1 1374//1
f 2019//1 739//1 1374//1
f 781//256 2603//256 1585//256
f 1970//257 781//257 615//257
f 2318//1 3057//1 2059//1
f 109//1 658//1 704//1
f 2219//1 2373//1 1501//1
f 1387//258 596//258 435//258
f 2346//259 1328//259 438//259
f 1913//1 723//1 783//1
f 1627//260 1601//260 1200//260
f 76//1 360//1 509//1
f 2715//1 621//1 1698//1
f 2355//1 2155//1 2061//1
f 1952//261 2467//261 1235//261
f 2127//262 1356//262 942//262
f 1888//1 1022//1 1428//1
f 1738//1 1761//1 1670//1
f 2727//5 2652//5 1611//5
f 571//1 2169//1 1883//1
f 1685//25 787//25 844//25
f 850//1 788//1 700//1
f 537//1 203//1 788//1
f 963//263 460//263 880//263
f 1631//1 495//1 683//1
f 2290//1 116//1 1980//1
f 968//264 790//264 910//264
f 1132//265 954//265 838//265
f 757//1 791//1 260//1
f 427//1 791//1 957//1
f 507//1 850//1 792//1
f 717//1 1094//1 484//1
f 853//70 2854//70 2047//70
f 1297//1 793//1 118//1
f 2524//1 2389//1 1595//1
f 2651//1 2507//1 1891//1
f 524//1 66//1 609//1
f 2092//266 1121//266 886//266
f 524//1 1172//1 1163//1
f 1215//267 2555//267 1468//267
f 2517//1 2401//1 2015//1
f 2167//1 525//1 819//1
f 1474//268 1048//268 639//268
f 1588//1 620//1 852//1
f 2204//1 2203//1 1569//1
f 2201//1 3037//1 2162//1
f 1999//269 780//269 797//269
f 2114//70 2124//70 1449//70
f 2516//52 2854//52 2114//52
f 1870//185 1866//185 1719//185
f 971//270 799//270 1371//270
f 2361//1 578//1 1293//1
f 2361//1 364//1 578//1
f 2977//1 2926//1 2084//1
f 759//271 503//271 266//271
f 2314//231 2795//231 617//231
f 2297//272 2489//272 1469//272
f 2575//1 2612//1 2151//1
f 1603//1 763//1 1392//1
f 2531//1 2449//1 1425//1
f 3014//1 2707//1 1434//1
f 345//1 1997//1 111//1
f 823//1 2612//1 1673//1
f 2134//273 1994//273 1869//273
f 2916//7 2297//7 1174//7
f 1425//1 1427//1 938//1
f 68//1 946//1 585//1
f 2552//1 801//1 1940//1
f 801//1 3001//1 2438//1
f 1527//274 856//274 133//274
f 2926//1 2783//1 1680//1
f 2782//275 2324//275 1790//275
f 2831//1 521//1 1027//1
f 998//157 2889//157 2476//157
f 2825//1 2815//1 1783//1
f 2430//1 2243//1 1729//1
f 2211//1 2128//1 1729//1
f 1676//276 1861//276 1488//276
f 2209//1 2262//1 1856//1
f 1724//1 737//1 666//1
f 487//1 804//1 547//1
f 1936//1 2257//1 1131//1
f 3020//1 3007//1 2270//1
f 2633//1 2920//1 1708//1
f 925//1 82//1 493//1
f 805//277 1191//277 1107//277
f 2748//1 933//1 1462//1
f 2739//1 739//1 1660//1
f 1586//1 1447//1 671//1
f 2074//278 1925//278 1864//278
f 2305//279 807//279 105//279
f 872//1 808//1 984//1
f 2241//1 2215//1 808//1
f 1598//1 713//1 1167//1
f 2687//1 2868//1 2094//1
f 1610//280 1255//280 900//280
f 899//6 2705//6 1566//6
f 555//1 2855//1 2566//1
f 2431//281 2468//281 2427//281
f 2382//282 954//282 1162//282
f 2580//283 2749//283 1512//283
f 1578//1 1927//1 905//1
f 2148//1 597//1 1260//1
f 2828//1 2407//1 1892//1
f 1454//1 813//1 792//1
f 2115//1 713//1 1010//1
f 1846//6 2012//6 1511//6
f 2889//284 451//284 2279//284
f 17//285 473//285 615//285
f 2834//1 801//1 2271//1
f 2230//35 2269//35 1436//35
f 1874//1 1177//1 1256//1
f 2308//286 2319//286 2192//286
f 903//183 816//183 909//183
f 1704//287 853//287 816//287
f 2328//1 541//1 1230//1
f 2076//288 2192//288 2043//288
f 2292//289 853//289 2047//289
f 1225//1 2589//1 1958//1
f 2716//1 2700//1 2598//1
f 1456//290 956//290 975//290
f 2051//1 2154//1 1064//1
f 525//1 2167//1 1887//1
f 2344//1 3005//1 1742//1
f 213//291 857//291 1045//291
f 624//1 820//1 271//1
f 949//1 155//1 495//1
f 750//292 968//292 977//292
f 2566//1 2833//1 2168//1
f 1310//1 720//1 834//1
f 1463//293 894//293 1208//293
f 2471//1 863//1 1125//1
f 1997//1 2484//1 1240//1
f 2419//294 2582//294 2197//294
f 1177//1 2558//1 1471//1
f 2482//295 1939//295 822//295
f 2530//29 671//29 780//29
f 2925//1 578//1 2576//1
f 2482//296 822//296 481//296
f 2562//235 2788//235 1876//235
f 2880//1 2837//1 2093//1
f 2121//297 2072//297 2057//297
f 2701//298 3022//298 2682//298
f 1314//299 561//299 267//299
f 1778//1 3059//1 1752//1
f 1359//1 2832//1 2035//1
f 1609//1 495//1 69//1
f 239//300 561//300 1314//300
f 2577//1 876//1 826//1
f 2939//1 2964//1 2343//1
f 2455//1 1003//1 2026//1
f 1204//1 2455//1 1553//1
f 3032//1 500//1 1644//1
f 2970//1 1538//1 1536//1
f 2320//301 883//301 1154//301
f 2837//1 3035//1 2383//1
f 2064//302 1853//302 1805//302
f 2368//1 830//1 254//1
f 2462//1 830//1 1298//1
f 1196//303 831//303 694//303
f 2165//304 2444//304 2126//304
f 2621//1 2100//1 834//1
f 1251//1 2899//1 1942//1
f 606//1 1110//1 1149//1
f 1709//305 1666//305 1331//305
f 921//1 1053//1 7//1
f 268//224 688//224 759//224
f 3008//306 1828//306 1558//306
f 2309//307 740//307 918//307
f 2457//1 1025//1 2377//1
f 2273//1 2282//1 1131//1
f 2408//140 2432//140 2390//140
f 3006//308 2870//308 2539//308
f 2118//309 2212//309 1998//309
f 3060//1 2344//1 2059//1
f 2436//310 2371//310 1518//310
f 2434//1 2598//1 1633//1
f 2817//1 2485//1 1571//1
f 2861//1 845//1 1781//1
f 1818//1 2440//1 1133//1
f 1654//1 2232//1 624//1
f 2304//22 2085//22 394//22
f 1078//1 966//1 986//1
f 2578//1 2567//1 814//1
f 1819//311 1801//311 1703//311
f 1412//1 383//1 744//1
f 2130//1 550//1 1214//1
f 26//1 1097//1 1017//1
f 2910//312 2705//312 1792//312
f 1132//313 838//313 703//313
f 2901//1 2560//1 2028//1
f 1177//1 2493//1 1739//1
f 2215//1 938//1 1427//1
f 2787//1 2416//1 2384//1
f 2652//5 2770//5 1649//5
f 840//1 524//1 609//1
f 2532//1 2418//1 2124//1
f 1008//1 842//1 907//1
f 1988//1 1695//1 1641//1
f 2900//1 2525//1 2397//1
f 2565//300 816//300 2292//300
f 2048//1 2128//1 1434//1
f 2447//314 2078//314 740//314
f 1003//1 2934//1 2299//1
f 624//1 1183//1 990//1
f 2775//25 2887//25 1685//25
f 1355//1 814//1 1370//1
f 817//1 1225//1 613//1
f 1966//1 1867//1 1286//1
f 3004//1 2972//1 1898//1
f 2115//1 2025//1 1226//1
f 2526//1 845//1 1552//1
f 2668//1 2667//1 864//1
f 2259//1 929//1 925//1
f 2919//1 2846//1 2446//1
f 3051//1 2709//1 2586//1
f 792//1 850//1 700//1
f 537//1 850//1 9//1
f 1037//1 2182//1 1541//1
f 2786//1 2897//1 2731//1
f 1625//1 509//1 852//1
f 2087//1 2599//1 1852//1
f 1492//1 1486//1 1039//1
f 2136//315 1970//315 1196//315
f 2789//316 2659//316 2138//316
f 709//1 2389//1 2045//1
f 3076//1 3075//1 2532//1
f 2359//1 2731//1 1102//1
f 1700//1 1312//1 915//1
f 1939//317 2395//317 968//317
f 2324//318 902//318 1176//318
f 2522//1 1151//1 1772//1
f 733//319 856//319 971//319
f 857//320 1313//320 1045//320
f 2373//1 1375//1 78//1
f 2498//321 859//321 1350//321
f 2988//1 2976//1 2568//1
f 3035//1 3072//1 2355//1
f 1151//1 2512//1 1772//1
f 2535//1 2556//1 1963//1
f 2099//1 2266//1 2082//1
f 2347//1 2615//1 1612//1
f 1172//1 1068//1 1042//1
f 1851//1 1026//1 472//1
f 1876//35 1885//35 1532//35
f 1997//1 1240//1 944//1
f 2676//1 1181//1 926//1
f 2700//1 2777//1 1793//1
f 2556//1 2378//1 723//1
f 2739//1 2691//1 1452//1
f 1810//322 452//322 748//322
f 2112//1 2091//1 1782//1
f 2066//1 1702//1 1466//1
f 1947//22 866//22 870//22
f 1432//1 866//1 941//1
f 266//323 503//323 1239//323
f 2508//1 2975//1 1895//1
f 1433//22 389//22 842//22
f 908//1 794//1 896//1
f 2296//1 2288//1 1337//1
f 3062//1 3020//1 2890//1
f 678//1 667//1 610//1
f 2361//1 958//1 1690//1
f 1535//1 510//1 779//1
f 2952//1 2994//1 2315//1
f 2950//1 3047//1 1567//1
f 2004//1 1878//1 1519//1
f 2216//1 999//1 685//1
f 2102//1 1963//1 1950//1
f 2819//1 2987//1 2369//1
f 3040//324 3006//324 2896//324
f 1904//22 1704//22 787//22
f 506//325 1033//325 883//325
f 2756//1 2415//1 505//1
f 2863//326 2946//326 2454//326
f 2238//1 566//1 721//1
f 2119//1 1816//1 885//1
f 1891//1 384//1 573//1
f 2610//327 2580//327 1534//327
f 2178//1 876//1 1060//1
f 711//1 682//1 1243//1
f 2422//1 649//1 937//1
f 2904//1 878//1 2073//1
f 2574//328 2618//328 1725//328
f 651//1 764//1 1020//1
f 685//1 999//1 1020//1
f 880//329 22//329 1048//329
f 1728//330 1611//330 859//330
f 2352//1 2496//1 1625//1
f 2804//331 2140//331 883//331
f 1759//332 1313//332 884//332
f 885//1 1133//1 633//1
f 801//1 2549//1 2271//1
f 2025//25 897//25 1320//25
f 2604//333 2938//333 2491//333
f 2015//1 828//1 1402//1
f 1821//1 828//1 1537//1
f 889//1 1388//1 1333//1
f 2441//1 2421//1 889//1
f 1085//1 2771//1 2527//1
f 1869//334 1344//334 1321//334
f 853//1 3066//1 2907//1
f 2028//1 2262//1 1850//1
f 2454//68 2224//68 2012//68
f 2372//1 2692//1 1731//1
f 65//1 893//1 64//1
f 757//1 893//1 1207//1
f 894//335 1186//335 805//335
f 1867//1 895//1 3//1
f 1571//1 845//1 995//1
f 1034//1 380//1 1323//1
f 1593//336 1755//336 1472//336
f 2002//1 1799//1 1662//1
f 2729//1 2632//1 1582//1
f 2869//1 166//1 657//1
f 2868//1 2901//1 2040//1
f 1883//140 1830//140 897//140
f 2016//1 737//1 395//1
f 2746//337 2877//337 1627//337
f 2715//1 2189//1 1623//1
f 1793//22 933//22 538//22
f 2378//1 2512//1 1626//1
f 898//1 895//1 1054//1
f 3//1 898//1 719//1
f 2148//1 2501//1 597//1
f 3040//338 2447//338 2305//338
f 2506//1 999//1 1727//1
f 899//339 1055//339 978//339
f 2268//1 1204//1 192//1
f 1255//340 1174//340 900//340
f 2668//1 1190//1 1902//1
f 792//1 778//1 507//1
f 1918//1 1024//1 547//1
f 2994//22 3078//22 2910//22
f 1175//341 1048//341 22//341
f 1797//342 1562//342 902//342
f 2820//52 2169//52 903//52
f 1190//1 2735//1 1902//1
f 1838//1 905//1 1247//1
f 583//1 905//1 590//1
f 1834//1 166//1 906//1
f 2615//1 2759//1 1933//1
f 2902//1 2808//1 2117//1
f 2748//1 2649//1 1633//1
f 2336//183 903//183 909//183
f 1538//1 2785//1 828//1
f 822//343 2251//343 1444//343
f 2331//344 2357//344 2134//344
f 2178//1 2716//1 876//1
f 2841//1 2178//1 2088//1
f 2474//1 1587//1 1026//1
f 2975//1 2986//1 1983//1
f 1233//345 3031//345 2425//345
f 3025//346 452//346 2223//346
f 2871//347 2921//347 2360//347
f 2639//1 2515//1 914//1
f 1715//1 930//1 914//1
f 1745//1 661//1 45//1
f 2959//348 3038//348 2426//348
f 2468//349 2165//349 1843//349
f 3041//1 717//1 765//1
f 2795//350 2863//350 2176//350
f 2380//351 2762//351 1638//351
f 1877//352 1575//352 832//352
f 1791//1 737//1 1322//1
f 1138//326 673//326 1278//326
f 2330//140 2180//140 1964//140
f 1015//353 1283//353 599//353
f 2350//1 2158//1 2062//1
f 461//1 1297//1 118//1
f 429//1 921//1 7//1
f 1541//1 1288//1 1037//1
f 3075//1 3069//1 2822//1
f 2776//1 2922//1 2088//1
f 2688//299 1215//299 1579//299
f 1769//88 1475//88 1211//88
f 2222//1 717//1 965//1
f 2653//1 2597//1 1542//1
f 925//1 2625//1 2259//1
f 2488//1 2365//1 2177//1
f 2659//354 2849//354 1046//354
f 651//1 6//1 764//1
f 2373//22 2473//22 1375//22
f 2423//87 54//87 2070//87
f 1254//1 929//1 1329//1
f 1833//1 2756//1 505//1
f 2176//355 2220//355 2141//355
f 2725//68 2230//68 2157//68
f 2395//356 2436//356 1805//356
f 1972//1 2108//1 1915//1
f 2248//1 713//1 809//1
f 651//1 921//1 584//1
f 1484//140 797//140 1290//140
f 2413//1 1219//1 1042//1
f 933//25 2770//25 1462//25
f 2151//1 2267//1 1747//1
f 1306//1 935//1 769//1
f 1052//357 1141//357 639//357
f 3004//1 823//1 1973//1
f 2955//1 2590//1 1435//1
f 3045//358 2782//358 2765//358
f 2937//359 3043//359 1967//359
f 2157//6 1273//6 1265//6
f 25//360 506//360 1015//360
f 2324//361 2534//361 902//361
f 2428//1 1995//1 1765//1
f 2451//362 2358//362 857//362
f 940//1 1425//1 938//1
f 1629//1 1761//1 1432//1
f 1458//25 673//25 1138//25
f 1185//1 3015//1 2193//1
f 2160//363 1943//363 1798//363
f 2938//364 2647//364 2226//364
f 3022//365 1696//365 1487//365
f 760//366 2475//366 1487//366
f 2255//182 943//182 209//182
f 2265//157 943//157 400//157
f 3081//1 2573//1 1613//1
f 2698//1 2465//1 1747//1
f 415//1 945//1 69//1
f 2717//1 945//1 1957//1
f 2920//1 2971//1 1733//1
f 2036//1 1722//1 1275//1
f 1405//1 2631//1 2036//1
f 946//1 68//1 1392//1
f 570//1 946//1 605//1
f 2348//367 2431//367 2331//367
f 1663//1 1880//1 1592//1
f 1516//1 1323//1 380//1
f 1631//1 1018//1 949//1
f 1720//153 1339//153 955//153
f 2144//22 933//22 950//22
f 2205//1 1193//1 1171//1
f 2422//1 1903//1 649//1
f 2655//368 781//368 1585//368
f 2711//1 906//1 2329//1
f 951//1 2554//1 1448//1
f 1688//1 2561//1 1123//1
f 2793//1 1083//1 1293//1
f 2107//369 2076//369 2054//369
f 2502//1 2147//1 951//1
f 2641//1 951//1 1448//1
f 2644//1 1143//1 1555//1
f 1110//1 2551//1 1613//1
f 2846//1 2554//1 1931//1
f 2963//1 3068//1 2884//1
f 2594//140 2606//140 1531//140
f 2745//1 2944//1 2409//1
f 2540//25 2518//25 2287//25
f 1510//1 960//1 840//1
f 3016//1 1109//1 1120//1
f 2964//1 2968//1 2477//1
f 1162//370 954//370 1132//370
f 2382//371 3050//371 954//371
f 103//1 544//1 1082//1
f 2359//1 1102//1 1171//1
f 2808//1 2988//1 1882//1
f 955//153 1339//153 1121//153
f 2404//284 956//284 1264//284
f 747//1 2741//1 2052//1
f 3053//1 2980//1 2563//1
f 1083//1 958//1 1293//1
f 2710//1 2797//1 1596//1
f 2995//1 2936//1 2105//1
f 813//1 778//1 792//1
f 1085//140 2423//140 2191//140
f 1048//372 663//372 963//372
f 2179//373 2107//373 2056//373
f 650//1 2293//1 1787//1
f 2853//374 3052//374 1080//374
f 1279//1 2669//1 1811//1
f 1545//1 1095//1 961//1
f 2465//1 1865//1 788//1
f 1722//1 962//1 627//1
f 963//143 743//143 1009//143
f 2987//22 1069//22 964//22
f 1013//1 2541//1 2304//1
f 1758//375 1790//375 1561//375
f 2725//1 1544//1 930//1
f 2296//1 1337//1 1082//1
f 2195//1 1920//1 1744//1
f 2724//1 2624//1 1477//1
f 2893//1 966//1 1795//1
f 1086//1 967//1 1193//1
f 1606//1 2794//1 1166//1
f 2916//78 1174//78 209//78
f 1914//1 2221//1 1529//1
f 2459//1 2737//1 1814//1
f 219//1 1232//1 631//1
f 2861//1 2939//1 2260//1
f 3049//1 2729//1 1893//1
f 2892//1 1251//1 1942//1
f 2401//1 2393//1 2002//1
f 1955//1 1251//1 1188//1
f 2483//104 2265//104 998//104
f 1540//1 1087//1 992//1
f 2662//1 2544//1 79//1
f 2634//7 971//7 1371//7
f 657//1 972//1 1029//1
f 2469//1 2338//1 1583//1
f 1179//376 1141//376 1052//376
f 2342//1 2267//1 1898//1
f 1044//1 2721//1 1840//1
f 2815//1 2930//1 1446//1
f 1331//377 1162//377 1132//377
f 3052//378 2865//378 2442//378
f 2587//379 2816//379 1682//379
f 515//1 1216//1 79//1
f 2616//1 606//1 1149//1
f 960//1 1136//1 1068//1
f 2845//1 2763//1 2287//1
f 2311//380 1792//380 760//380
f 3030//140 3000//140 2050//140
f 1262//1 650//1 1029//1
f 2884//1 2917//1 2013//1
f 937//1 649//1 496//1
f 1475//381 751//381 1014//381
f 2245//1 2519//1 719//1
f 1657//1 2728//1 686//1
f 678//1 610//1 558//1
f 1969//1 990//1 1183//1
f 672//1 986//1 650//1
f 2078//382 2658//382 831//382
f 989//1 986//1 966//1
f 2822//1 2752//1 2518//1
f 1967//383 2146//383 1801//383
f 452//384 2873//384 2223//384
f 1932//1 1974//1 1803//1
f 2127//385 1979//385 1356//385
f 1224//386 1046//386 1161//386
f 2584//22 2326//22 1894//22
f 1449//70 1314//70 267//70
f 1022//1 872//1 984//1
f 2570//1 2621//1 1857//1
f 2804//387 883//387 988//387
f 2801//1 2869//1 2497//1
f 2514//1 2509//1 1816//1
f 705//1 2119//1 749//1
f 990//25 579//25 1178//25
f 2638//29 2768//29 2529//29
f 2818//1 2841//1 2375//1
f 2878//1 2422//1 2170//1
f 2812//22 2941//22 2027//22
f 1873//388 1152//388 1055//388
f 1953//1 2459//1 1478//1
f 3056//1 753//1 2068//1
f 2719//1 1036//1 1481//1
f 2006//389 807//389 1152//389
f 1254//1 997//1 925//1
f 82//1 997//1 1019//1
f 2849//390 2327//390 435//390
f 1706//1 935//1 1285//1
f 2483//391 998//391 1410//391
f 2265//392 2174//392 998//392
f 2216//1 2039//1 999//1
f 2311//393 760//393 34//393
f 2336//236 1239//236 2077//236
f 2539//394 2510//394 2491//394
f 972//1 3070//1 1820//1
f 1928//1 2099//1 1847//1
f 3069//1 2966//1 1075//1
f 2159//395 1691//395 1455//395
f 1091//396 1047//396 1059//396
f 2443//1 938//1 1001//1
f 2299//1 3068//1 2083//1
f 2031//1 1931//1 1784//1
f 107//1 597//1 1378//1
f 1350//52 1004//52 1363//52
f 710//106 1004//106 859//106
f 2966//1 3086//1 2735//1
f 1119//140 2763//140 1678//140
f 2937//397 1031//397 1976//397
f 2906//140 2862//140 2393//140
f 1008//153 907//153 413//153
f 1922//398 2227//398 1798//398
f 2186//239 1009//239 743//239
f 460//74 1009//74 54//74
f 894//399 1112//399 1300//399
f 2500//140 2387//140 579//140
f 1431//1 195//1 571//1
f 2614//1 3081//1 1831//1
f 730//1 1013//1 107//1
f 2772//1 2462//1 1899//1
f 1496//1 1657//1 652//1
f 2433//1 898//1 1054//1
f 2744//400 1235//400 2313//400
f 2695//401 1057//401 1921//401
f 2030//105 1014//105 239//105
f 1087//1 2521//1 1806//1
f 1757//402 1494//402 568//402
f 2862//140 3055//140 2611//140
f 2826//1 2764//1 1017//1
f 2708//1 2356//1 2046//1
f 627//1 1018//1 683//1
f 949//1 2590//1 1707//1
f 2845//1 1118//1 1831//1
f 1438//1 1081//1 1019//1
f 2553//1 539//1 1701//1
f 1036//1 2235//1 1481//1
f 1878//1 1022//1 1160//1
f 3082//22 3030//22 2941//22
f 732//1 1024//1 395//1
f 387//1 1025//1 1142//1
f 1686//38 1429//38 646//38
f 1903//1 1026//1 59//1
f 2225//403 1224//403 1187//403
f 2470//1 2103//1 2032//1
f 2762//404 2740//404 1796//404
f 2507//1 668//1 721//1
f 2606//142 2550//142 1489//142
f 2872//1 1029//1 1829//1
f 1787//1 1029//1 650//1
f 2927//255 2940//255 1993//255
f 1996//393 799//393 1429//393
f 690//405 1031//405 959//405
f 2332//1 2105//1 2041//1
f 2796//406 2969//406 2348//406
f 3034//1 2073//1 1683//1
f 473//407 1196//407 615//407
f 2086//140 1033//140 1178//140
f 1756//408 1455//408 865//408
f 2039//1 2007//1 1086//1
f 2209//1 2061//1 985//1
f 2943//1 6//1 2581//1
f 1809//1 1095//1 868//1
f 2307//1 2148//1 1087//1
f 2407//1 2307//1 496//1
f 1695//1 1013//1 730//1
f 1036//1 2766//1 1600//1
f 1109//1 1037//1 1288//1
f 59//1 738//1 649//1
f 1153//409 1105//409 1141//409
f 627//1 962//1 1018//1
f 3010//1 2779//1 2184//1
f 2211//1 1159//1 1473//1
f 2243//1 1941//1 1780//1
f 2437//22 394//22 1067//22
f 1606//1 1166//1 1065//1
f 2847//410 2758//410 2301//410
f 2452//411 2370//411 2353//411
f 2461//412 1091//412 1041//412
f 2918//1 2511//1 1616//1
f 1172//1 1042//1 1219//1
f 2968//1 2800//1 2089//1
f 1842//1 1637//1 1098//1
f 2485//1 2354//1 1216//1
f 3044//1 3070//1 2595//1
f 1840//1 2970//1 1533//1
f 2743//1 1044//1 2005//1
f 2848//1 2927//1 1706//1
f 1494//413 1045//413 1313//413
f 2474//1 1026//1 1076//1
f 1155//414 1046//414 1224//414
f 865//415 1047//415 452//415
f 959//416 1200//416 690//416
f 2780//417 760//417 1696//417
f 951//1 1415//1 601//1
f 639//418 1048//418 1175//418
f 1843//419 1049//419 917//419
f 738//1 496//1 649//1
f 805//420 2591//420 2291//420
f 2791//421 2807//421 1977//421
f 1049//422 2813//422 1886//422
f 2269//423 506//423 25//423
f 3000//104 2859//104 1776//104
f 2435//1 1127//1 2190//1
f 1393//424 759//424 688//424
f 1657//1 686//1 1404//1
f 1052//425 23//425 1179//425
f 2973//22 2678//22 1514//22
f 1049//426 1056//426 614//426
f 1575//427 1325//427 1056//427
f 2785//1 2923//1 2458//1
f 1651//428 1763//428 1057//428
f 1252//429 2479//429 1479//429
f 2779//140 2314//140 1484//140
f 1691//339 1041//339 1059//339
f 2519//1 2776//1 1478//1
f 2463//1 2424//1 1498//1
f 2888//1 2832//1 2402//1
f 1619//287 1784//287 1521//287
f 1398//140 673//140 12//140
f 1064//1 2830//1 1978//1
f 1528//1 1064//1 685//1
f 1557//1 1451//1 1065//1
f 2961//1 2883//1 2232//1
f 1836//430 2054//430 1808//430
f 524//1 1068//1 1172//1
f 960//1 1068//1 840//1
f 2987//1 2323//1 1069//1
f 1118//1 2417//1 1658//1
f 2414//1 660//1 1222//1
f 440//431 2142//431 574//431
f 956//432 670//432 1389//432
f 1235//433 3027//433 2313//433
f 1232//1 746//1 631//1
f 1500//1 1297//1 461//1
f 1299//1 2885//1 2125//1
f 1615//1 1075//1 432//1
f 1286//1 627//1 683//1
f 1880//1 1641//1 1517//1
f 2328//1 2412//1 541//1
f 2684//1 834//1 1632//1
f 3003//29 2558//29 2523//29
f 2670//1 1345//1 233//1
f 2041//1 1557//1 1445//1
f 2254//434 2207//434 2199//434
f 2853//17 1080//17 1399//17
f 2850//29 1080//29 138//29
f 1081//1 2866//1 1938//1
f 82//1 1081//1 873//1
f 834//1 2626//1 1632//1
f 1587//1 2106//1 1337//1
f 103//1 1082//1 687//1
f 2175//435 1047//435 1677//435
f 2303//436 2295//436 2056//436
f 1151//1 2572//1 2194//1
f 2720//1 2784//1 1714//1
f 1901//1 643//1 1149//1
f 1086//1 1295//1 967//1
f 3055//140 2585//140 2024//140
f 2823//1 1127//1 1642//1
f 2953//1 3011//1 2298//1
f 2385//437 2225//437 1360//437
f 1512//438 1189//438 919//438
f 1364//439 1089//439 143//439
f 1733//1 761//1 827//1
f 2991//440 1677//440 1091//440
f 2814//441 1092//441 1227//441
f 2387//331 1092//331 1154//331
f 3012//22 3082//22 2973//22
f 3041//1 2005//1 1533//1
f 1809//1 1740//1 1095//1
f 1095//1 2736//1 1697//1
f 2826//1 1750//1 1150//1
f 2750//442 2765//442 2159//442
f 1556//1 1636//1 1022//1
f 2703//1 2337//1 541//1
f 505//1 1098//1 734//1
f 1464//443 513//443 1130//443
f 734//1 60//1 505//1
f 1344//444 2802//444 1987//444
f 1716//1 1672//1 1346//1
f 2623//1 2524//1 1935//1
f 2158//1 2038//1 1723//1
f 2350//1 2261//1 2260//1
f 2956//202 2853//202 2075//202
f 1669//1 693//1 1295//1
f 233//1 1266//1 906//1
f 2752//1 2593//1 2417//1
f 2180//1 2031//1 1826//1
f 2638//1 2037//1 1618//1
f 2388//1 686//1 727//1
f 2440//1 2397//1 1502//1
f 3050//445 2791//445 2613//445
f 1437//239 1153//239 1130//239
f 2992//29 3012//29 1905//29
f 487//1 761//1 1159//1
f 2704//446 596//446 1656//446
f 1617//447 1520//447 503//447
f 2288//1 2890//1 1589//1
f 2749//448 2732//448 2149//448
f 2698//1 1157//1 1490//1
f 1959//1 1109//1 158//1
f 2222//1 3026//1 717//1
f 1901//1 1110//1 85//1
f 820//29 2325//29 1868//29
f 2409//1 2640//1 2289//1
f 2156//1 1771//1 1700//1
f 2320//449 1092//449 988//449
f 1692//450 1651//450 1112//450
f 805//451 1112//451 894//451
f 2049//1 1345//1 1113//1
f 2768//29 2414//29 2090//29
f 2991//452 2498//452 2228//452
f 689//1 769//1 1269//1
f 2316//453 2077//453 1191//453
f 2935//94 2992//94 1839//94
f 2850//29 2683//29 2585//29
f 2962//454 2339//454 1224//454
f 2340//1 1118//1 1658//1
f 2882//1 2825//1 2266//1
f 2631//1 782//1 1742//1
f 158//1 2250//1 1959//1
f 2034//455 2310//455 2010//455
f 1799//1 908//1 896//1
f 867//153 1121//153 1339//153
f 2826//1 1150//1 1855//1
f 2996//1 2650//1 1554//1
f 2499//1 555//1 2172//1
f 2702//1 1323//1 916//1
f 2437//25 2202//25 1905//25
f 2338//1 2772//1 1654//1
f 3002//1 1710//1 1591//1
f 1960//153 1720//153 1661//153
f 2197//456 1416//456 1126//456
f 2257//1 2229//1 755//1
f 1127//1 3021//1 2190//1
f 2281//457 2398//457 513//457
f 997//1 1254//1 1131//1
f 1546//458 1132//458 703//458
f 2484//1 1133//1 702//1
f 2630//1 2906//1 2453//1
f 2055//1 1595//1 1526//1
f 2611//1 2559//1 908//1
f 2650//1 1135//1 669//1
f 116//1 1135//1 668//1
f 2447//459 740//459 1152//459
f 2950//1 960//1 1470//1
f 2029//1 1137//1 643//1
f 2386//1 1137//1 1113//1
f 1675//75 1777//75 1640//75
f 2930//1 2769//1 2342//1
f 2767//1 2806//1 2502//1
f 1252//460 1140//460 1397//460
f 1812//276 1676//276 1453//276
f 1153//461 1141//461 1343//461
f 2457//1 2474//1 2289//1
f 1143//22 1180//22 1328//22
f 3058//25 1555//25 1513//25
f 1290//1 797//1 1017//1
f 158//1 1128//1 1352//1
f 2874//462 2679//462 1762//462
f 2253//1 2240//1 2171//1
f 2679//463 2733//463 1709//463
f 2674//29 2481//29 1837//29
f 1748//1 1078//1 672//1
f 2760//464 2928//464 2254//464
f 3045//465 1804//465 1444//465
f 2486//140 2616//140 1565//140
f 1150//1 1865//1 1591//1
f 3054//1 1855//1 1710//1
f 2810//1 1151//1 1907//1
f 1181//1 747//1 1207//1
f 1508//244 1130//244 1153//244
f 2932//140 2811//140 2617//140
f 2647//466 2385//466 1653//466
f 1861//467 2199//467 1822//467
f 2827//468 2951//468 2310//468
f 2227//469 2236//469 2179//469
f 1281//1 2629//1 2367//1
f 2112//1 1378//1 1702//1
f 1157//1 2722//1 2145//1
f 2175//425 1179//425 23//425
f 1652//1 1985//1 1473//1
f 2962//470 1224//470 1161//470
f 2592//471 3063//471 2382//471
f 2755//472 2461//472 1570//472
f 2797//1 2954//1 1732//1
f 1596//1 1172//1 1303//1
f 3044//1 1110//1 2573//1
f 1232//1 958//1 1205//1
f 2281//104 513//104 729//104
f 1215//25 1165//25 1248//25
f 12//140 1165//140 680//140
f 792//1 1750//1 1454//1
f 1190//1 2673//1 1717//1
f 1267//1 1166//1 693//1
f 1480//1 1167//1 1226//1
f 1315//8 2405//8 1699//8
f 2420//118 1252//118 1479//118
f 2229//1 2900//1 1382//1
f 1800//473 1169//473 1237//473
f 2978//474 1169//474 1547//474
f 2523//29 1607//29 1544//29
f 1924//1 1984//1 1823//1
f 2821//1 2675//1 1924//1
f 2711//1 2665//1 1515//1
f 1749//1 1193//1 967//1
f 2007//1 2881//1 1815//1
f 2104//1 1933//1 1809//1
f 1610//475 1441//475 1255//475
f 2542//1 1177//1 1471//1
f 1794//476 1754//476 1457//476
f 1141//477 1179//477 1343//477
f 2757//1 2016//1 1774//1
f 2306//259 1180//259 1830//259
f 2911//1 2359//1 2317//1
f 2696//1 1218//1 2264//1
f 560//1 2300//1 1919//1
f 2167//1 1912//1 1860//1
f 2713//140 2635//140 2101//140
f 2246//1 2032//1 1969//1
f 2500//1 579//1 1182//1
f 2852//478 1184//478 2161//478
f 2283//479 1184//479 22//479
f 1605//159 1317//159 1185//159
f 2928//480 2591//480 2010//480
f 729//142 2637//142 2281//142
f 2322//481 1189//481 707//481
f 2792//1 1190//1 1717//1
f 1194//1 747//1 1181//1
f 2892//1 2908//1 1910//1
f 1617//482 503//482 759//482
f 2810//1 3061//1 2673//1
f 2092//196 2285//196 1121//196
f 1312//1 689//1 1269//1
f 1622//1 1439//1 1128//1
f 2979//1 2626//1 2137//1
f 919//483 1200//483 959//483
f 2561//1 2955//1 2013//1
f 2194//1 3067//1 1907//1
f 1167//1 713//1 1226//1
f 729//207 513//207 1067//207
f 1871//1 1671//1 1559//1
f 2024//140 1379//140 1309//140
f 2857//484 2536//484 1689//484
f 2191//25 50//25 1085//25
f 2321//140 680//140 1165//140
f 2792//1 2945//1 1615//1
f 2277//1 2042//1 1502//1
f 2929//485 2985//485 2129//485
f 1156//1 1204//1 1346//1
f 2714//1 2965//1 1554//1
f 1523//1 1205//1 1296//1
f 855//1 1205//1 1083//1
f 1581//1 650//1 736//1
f 2503//486 596//486 1106//486
f 2063//1 2020//1 660//1
f 1977//487 2034//487 1463//487
f 2017//1 1359//1 1256//1
f 1718//244 1839//244 1464//244
f 598//488 1332//488 1187//488
f 2110//1 2095//1 1779//1
f 1648//1 1372//1 1281//1
f 2881//1 2830//1 1948//1
f 1013//1 1210//1 107//1
f 2664//1 3054//1 2629//1
f 2362//68 1119//68 1211//68
f 2245//1 719//1 898//1
f 2879//1 3077//1 2767//1
f 1517//1 1378//1 1294//1
f 2803//1 1095//1 1697//1
f 2023//1 1214//1 1643//1
f 2242//1 550//1 1646//1
f 1719//290 1693//290 1524//290
f 2413//1 1606//1 1219//1
f 1352//1 1220//1 158//1
f 1348//1 2173//1 1495//1
f 3080//1 2981//1 2971//1
f 2189//1 631//1 746//1
f 2804//489 1169//489 1244//489
f 1601//490 143//490 690//490
f 2905//1 2934//1 2298//1
f 1222//1 660//1 1099//1
f 2608//1 2773//1 1655//1
f 1609//1 1286//1 683//1
f 3074//1 1225//1 1958//1
f 2045//1 2429//1 1361//1
f 3084//1 3021//1 2982//1
f 2337//1 414//1 1230//1
f 2829//491 2856//491 2439//491
f 1184//492 2425//492 2161//492
f 2951//493 2697//493 2207//493
f 1854//1 1263//1 1234//1
f 1833//1 505//1 60//1
f 688//494 1235//494 1393//494
f 1315//495 2697//495 1659//495
f 539//1 2836//1 1701//1
f 2513//82 1317//82 1236//82
f 2838//1 2766//1 2376//1
f 2686//496 2405//496 2392//496
f 1300//497 2740//497 2538//497
f 1281//1 1238//1 1209//1
f 2063//1 1238//1 767//1
f 1107//498 1239//498 503//498
f 693//1 967//1 1295//1
f 944//1 1240//1 60//1
f 3042//1 3033//1 2278//1
f 2533//1 711//1 1243//1
f 2978//499 2379//499 2198//499
f 2295//500 2214//500 2160//500
f 2340//1 2153//1 1493//1
f 609//1 558//1 846//1
f 1587//1 1337//1 59//1
f 2150//1 965//1 793//1
f 2528//501 2322//501 2187//501
f 3038//502 3083//502 2967//502
f 1814//1 1405//1 1326//1
f 2960//1 1225//1 1307//1
f 1004//503 710//503 1291//503
f 1992//1 3061//1 1634//1
f 1945//1 2004//1 1251//1
f 2218//460 1252//460 1397//460
f 1975//1 1253//1 1412//1
f 2547//1 1253//1 1197//1
f 1562//504 1174//504 1255//504
f 2903//505 838//505 2753//505
f 2600//1 2636//1 1874//1
f 690//506 1089//506 1031//506
f 1339//1 1158//1 867//1
f 1008//78 886//78 867//78
f 1260//1 107//1 1210//1
f 2665//1 2742//1 1897//1
f 2985//87 2998//87 2391//87
f 2756//1 2277//1 929//1
f 1493//1 650//1 1262//1
f 2932//491 2856//491 2814//491
f 1301//1 1263//1 681//1
f 2593//1 1263//1 1245//1
f 2095//1 1928//1 1608//1
f 2867//1 1266//1 1403//1
f 1459//1 693//1 1380//1
f 1557//1 1065//1 1267//1
f 2809//1 2817//1 2261//1
f 1460//1 935//1 1306//1
f 2582//206 943//206 699//206
f 2228//507 1343//507 1813//507
f 2391//6 2315//6 2311//6
f 3072//508 3023//508 2949//508
f 1818//1 1133//1 885//1
f 2860//509 23//509 1052//509
f 1405//1 1275//1 3//1
f 2678//1 2521//1 1210//1
f 1457//510 1347//510 598//510
f 2894//1 2848//1 1803//1
f 1581//1 1773//1 1560//1
f 2097//511 1762//511 1546//511
f 2252//1 2101//1 2067//1
f 2470//1 2332//1 2275//1
f 1982//1 2642//1 1721//1
f 1497//140 1138//140 1278//140
f 2879//1 1279//1 1811//1
f 2648//1 1279//1 1621//1
f 2703//1 541//1 1280//1
f 2152//1 1748//1 1560//1
f 2912//1 2882//1 2110//1
f 2688//512 2689//512 1576//512
f 2139//1 1281//1 1372//1
f 2140//50 1015//50 506//50
f 2624//1 2493//1 1367//1
f 2738//513 2754//513 1800//513
f 2545//1 2895//1 2445//1
f 1282//1 2730//1 1785//1
f 3064//1 2173//1 1282//1
f 2379//514 435//514 1283//514
f 1655//1 1932//1 1460//1
f 2866//1 50//1 2185//1
f 1275//1 1286//1 3//1
f 2414//1 2063//1 660//1
f 1358//1 2424//1 1712//1
f 1622//1 158//1 1288//1
f 1440//1 1392//1 763//1
f 2945//1 2654//1 2494//1
f 2472//515 2874//515 1794//515
f 2764//1 2915//1 2184//1
f 609//1 846//1 840//1
f 1291//516 1363//516 1004//516
f 2286//1 2564//1 2210//1
f 2036//1 1275//1 1405//1
f 669//1 1135//1 116//1
f 2895//1 1893//1 1361//1
f 1815//1 2278//1 1669//1
f 2471//1 2469//1 1614//1
f 2550//117 2637//117 1705//117
f 2999//517 2813//517 1754//517
f 2706//1 2150//1 1297//1
f 2954//1 2961//1 1899//1
f 1906//1 1299//1 1407//1
f 2456//1 1299//1 2125//1
f 894//518 1300//518 1208//518
f 2153//1 1301//1 736//1
f 2494//1 1301//1 681//1
f 1219//1 1303//1 1172//1
f 2217//1 2345//1 2171//1
f 2733//519 2962//519 2503//519
f 2116//1 693//1 1734//1
f 1551//1 1594//1 116//1
f 1930//520 2081//520 1822//520
f 2827//521 1365//521 2001//521
f 2249//1 483//1 1467//1
f 689//1 1306//1 769//1
f 2984//1 1420//1 1879//1
f 3080//1 3079//1 3074//1
f 2912//1 1157//1 2196//1
f 2914//1 2680//1 2559//1
f 2229//1 1382//1 1310//1
f 2847//522 1233//522 1828//522
f 514//1 1312//1 1269//1
f 1216//1 1312//1 79//1
f 1339//1 2635//1 2131//1
f 2738//523 1315//523 1659//523
f 2513//289 1767//289 1317//289
f 1605//270 2346//270 1317//270
f 2681//1 1177//1 1739//1
f 2448//423 2408//423 506//423
f 2933//1 2724//1 1944//1
f 2875//1 1320//1 2644//1
f 1322//1 12//1 1413//1
f 2016//1 1736//1 737//1
f 1034//1 1323//1 1218//1
f 2272//1 2286//1 2116//1
f 1180//1 1320//1 897//1
f 2891//1 2836//1 1643//1
f 1347//524 2247//524 1917//524
f 719//1 1326//1 1405//1
f 1693//374 1766//374 1619//374
f 1328//525 1397//525 1140//525
f 1143//1 2364//1 1513//1
f 1254//1 2525//1 1936//1
f 2595//1 2867//1 2583//1
f 1917//526 2122//526 1332//526
f 1608//1 1388//1 1372//1
f 2942//527 2999//527 2097//527
f 2965//1 2888//1 2302//1
f 1520//528 1112//528 1107//528
f 2020//1 2011//1 1367//1
f 2905//1 1299//1 1981//1
f 640//1 2601//1 1949//1
f 1414//1 720//1 1382//1
f 3036//467 2840//467 2439//467
f 1930//360 1315//360 1340//360
f 1635//529 1363//529 1291//529
f 1551//1 116//1 789//1
f 2520//1 2838//1 2044//1
f 1248//1 1165//1 673//1
f 1345//1 1403//1 1266//1
f 2670//1 2633//1 1345//1
f 2403//1 2713//1 1954//1
f 1599//1 814//1 1167//1
f 1917//530 1332//530 1347//530
f 1056//531 1347//531 614//531
f 3029//1 1348//1 1495//1
f 1120//1 1348//1 686//1
f 2386//1 1863//1 1137//1
f 1343//532 1350//532 1363//532
f 2723//1 2824//1 1860//1
f 1671//1 1282//1 1352//1
f 2925//1 3084//1 2793//1
f 2620//68 2656//68 2617//68
f 2790//1 2948//1 1929//1
f 3028//1 3042//1 2492//1
f 2684//1 2842//1 2240//1
f 2154//1 1355//1 436//1
f 1929//1 1355//1 1370//1
f 2122//533 1196//533 1360//533
f 1430//534 1356//534 751//534
f 1014//535 1356//535 239//535
f 2990//1 1645//1 1563//1
f 2895//1 1361//1 1383//1
f 1477//1 1388//1 1318//1
f 1651//536 1057//536 1364//536
f 1364//537 143//537 1300//537
f 2774//538 1365//538 2080//538
f 50//140 2839//140 2185//140
f 1367//1 1099//1 660//1
f 2143//539 3063//539 2080//539
f 1524//540 1389//540 798//540
f 1413//1 680//1 643//1
f 1358//1 2421//1 1563//1
f 2044//1 1944//1 1465//1
f 2680//1 2909//1 2018//1
f 1253//1 383//1 1412//1
f 1375//1 2527//1 1573//1
f 2924//22 3036//22 2656//22
f 2191//25 2537//25 50//25
f 2806//1 2914//1 1379//1
f 1919//140 1379//140 560//140
f 2210//1 2374//1 2071//1
f 2374//1 2620//1 2275//1
f 2693//1 2726//1 1650//1
f 1389//241 1264//241 956//241
f 1415//541 1389//541 139//541
f 2492//1 1948//1 1681//1
f 2042//1 1833//1 1240//1
f 2441//1 889//1 1333//1
f 1650//1 1392//1 68//1
f 2685//1 2718//1 1740//1
f 2743//1 2953//1 2109//1
f 1889//1 1841//1 1716//1
f 1665//1 2547//1 1439//1
f 3018//1 2974//1 2453//1
f 1736//1 1982//1 1398//1
f 1322//1 1398//1 12//1
f 2974//95 2864//95 2075//95
f 2778//1 2706//1 1906//1
f 2806//1 1379//1 1400//1
f 2774//542 3046//542 2657//542
f 3013//140 3018//140 2517//140
f 2388//1 2347//1 1404//1
f 3024//1 3013//1 2458//1
f 2718//1 3064//1 2669//1
f 1416//78 2864//78 2009//78
f 2067//153 1960//153 1872//153
f 2858//1 3024//1 2400//1
f 1413//1 643//1 1137//1
f 2900//1 2466//1 1382//1
f 2147//1 1264//1 1415//1
f 2858//29 1416//29 2009//29
f 2098//1 3071//1 1746//1
f 2798//1 3073//1 2703//1
f 2781//1 2924//1 2564//1
f 1746//1 1421//1 1420//1
f 1420//1 2823//1 2098//1
f 2947//1 1421//1 1909//1
f 2947//1 2876//1 1817//1
f 1674//1 736//1 1301//1
f 9//1 1425//1 537//1
f 9//1 1427//1 1425//1
f 646//38 1429//38 799//38
f 1996//543 1429//543 1030//543
f 1825//279 1430//279 751//279
f 1356//544 1430//544 942//544
f 897//25 1431//25 571//25
f 2677//1 1431//1 1010//1
f 866//1 1432//1 786//1
f 1629//1 1432//1 941//1
f 1008//1 1433//1 842//1
f 1580//1 1433//1 867//1
f 3014//1 1434//1 20//1
f 2048//1 1434//1 444//1
f 962//1 1435//1 1018//1
f 2955//1 1435//1 466//1
f 557//545 1436//545 25//545
f 2230//35 1436//35 508//35
f 2398//117 1437//117 1130//117
f 1153//546 1437//546 1105//546
f 2712//1 1438//1 1019//1
f 1081//1 1438//1 545//1
f 1128//1 1439//1 1197//1
f 1665//1 1439//1 1288//1
f 40//1 1440//1 763//1
f 1549//1 1440//1 605//1
f 1570//547 1441//547 810//547
f 1255//548 1441//548 1176//548
f 1531//549 1442//549 1105//549
f 1141//550 1442//550 639//550
f 2384//1 1443//1 666//1
f 732//1 1443//1 487//1
f 2251//551 822//551 910//551
f 3045//552 1444//552 1148//552
f 1459//1 1445//1 1267//1
f 2041//1 1445//1 1129//1
f 692//1 1446//1 1139//1
f 2815//1 1446//1 698//1
f 1965//1 1447//1 800//1
f 671//1 1447//1 778//1
f 2554//1 951//1 601//1
f 2641//1 1448//1 411//1
f 2114//70 1449//70 267//70
f 1314//70 1449//70 983//70
f 2682//553 1450//553 565//553
f 473//123 1450//123 918//123
f 2936//1 1451//1 980//1
f 1065//1 1451//1 1303//1
f 906//1 1452//1 233//1
f 2739//1 1452//1 1302//1
f 1328//554 1453//554 438//554
f 1812//276 1453//276 1140//276
f 813//1 1454//1 1097//1
f 1750//1 792//1 700//1
f 2159//555 1455//555 741//555
f 865//556 1455//556 1059//556
f 2690//557 1456//557 975//557
f 956//378 1456//378 670//378
f 1794//558 1457//558 598//558
f 1347//559 1457//559 614//559
f 1775//88 1458//88 1138//88
f 673//1 1458//1 1248//1
f 2071//1 1459//1 1380//1
f 693//1 1459//1 1267//1
f 935//1 1460//1 1285//1
f 1655//1 1460//1 1306//1
f 2000//8 1461//8 520//8
f 54//239 1461//239 646//239
f 2748//1 1462//1 240//1
f 2770//25 933//25 1050//25
f 894//560 1463//560 1186//560
f 1977//561 1463//561 1208//561
f 513//562 1464//562 1116//562
f 1718//563 1464//563 1130//563
f 889//1 1465//1 1318//1
f 2044//1 1465//1 1373//1
f 597//1 1466//1 1378//1
f 2066//1 1466//1 1168//1
f 553//1 1467//1 483//1
f 2249//1 1467//1 188//1
f 2321//22 1468//22 1202//22
f 2555//95 1215//95 924//95
f 1961//564 1469//564 475//564
f 2297//159 1469//159 900//159
f 2844//1 960//1 953//1
f 2950//1 1470//1 871//1
f 2558//1 1177//1 1079//1
f 2542//1 1471//1 716//1
f 1313//565 1472//565 884//565
f 1593//566 1472//566 628//566
f 2211//1 1473//1 20//1
f 1652//1 1473//1 1159//1
f 1442//567 1474//567 639//567
f 1048//568 1474//568 663//568
f 1211//569 1475//569 1014//569
f 1576//570 1475//570 924//570
f 886//14 1476//14 475//14
f 1624//127 1476//127 413//127
f 2724//1 1477//1 1318//1
f 1388//1 1477//1 1367//1
f 1953//1 1478//1 1060//1
f 2519//1 1478//1 1326//1
f 2479//571 1252//571 1191//571
f 2420//36 1479//36 1058//36
f 2875//1 1480//1 1226//1
f 1599//1 1480//1 1370//1
f 2719//1 1481//1 996//1
f 2235//1 1036//1 1061//1
f 1061//1 1482//1 35//1
f 640//1 1482//1 1319//1
f 2605//52 1483//52 268//52
f 561//27 1483//27 267//27
f 797//140 1484//140 726//140
f 2779//140 1484//140 1290//140
f 855//1 1485//1 1205//1
f 1664//1 1485//1 718//1
f 487//1 1486//1 804//1
f 1039//1 1486//1 1159//1
f 3022//117 1487//117 836//117
f 2475//572 760//572 978//572
f 1317//111 1488//111 1236//111
f 1676//554 1488//554 438//554
f 963//142 1489//142 743//142
f 2606//1 1489//1 663//1
f 2145//1 1490//1 1157//1
f 2698//1 1490//1 517//1
f 403//1 1491//1 449//1
f 2844//1 1491//1 871//1
f 1780//1 1492//1 1039//1
f 1486//1 1492//1 804//1
f 2340//1 1493//1 1262//1
f 650//1 1493//1 736//1
f 568//573 1494//573 1313//573
f 1518//574 1494//574 931//574
f 2173//1 1348//1 1220//1
f 3029//1 1495//1 1408//1
f 521//1 1496//1 655//1
f 1657//1 1496//1 1051//1
f 1721//1 1497//1 1278//1
f 1675//1 1497//1 920//1
f 1482//1 1498//1 1319//1
f 2463//1 1498//1 1061//1
f 2972//1 692//1 1139//1
f 2886//1 1499//1 936//1
f 2761//1 1500//1 461//1
f 1297//1 1500//1 1074//1
f 1572//1 1501//1 78//1
f 2219//1 1501//1 769//1
f 2440//1 1502//1 702//1
f 2277//1 1502//1 1329//1
f 1269//1 1503//1 514//1
f 426//1 1503//1 480//1
f 1703//575 1504//575 591//575
f 2358//576 1504//576 628//576
f 928//269 1505//269 54//269
f 1461//142 1505//142 520//142
f 2553//1 1506//1 728//1
f 965//1 1506//1 492//1
f 2578//1 1507//1 762//1
f 2560//1 172//1 839//1
f 1363//577 1508//577 1153//577
f 1718//104 1508//104 1341//104
f 1989//1 1509//1 1173//1
f 499//1 1509//1 45//1
f 846//1 1510//1 840//1
f 960//1 1510//1 953//1
f 1273//152 1511//152 1146//152
f 1846//6 1511//6 536//6
f 2580//578 1512//578 919//578
f 1189//579 1512//579 707//579
f 3058//25 1513//25 1311//25
f 2364//68 1143//68 1328//68
f 394//22 1514//22 1210//22
f 2973//22 1514//22 1124//22
f 739//1 1515//1 1374//1
f 2711//1 1515//1 1302//1
f 1726//1 1516//1 380//1
f 1323//1 1516//1 916//1
f 1880//1 1517//1 1294//1
f 1378//1 1517//1 730//1
f 2436//580 1518//580 931//580
f 1494//581 1518//581 1045//581
f 1670//1 1519//1 1160//1
f 2004//1 1519//1 1188//1
f 503//582 1520//582 1107//582
f 1692//583 1520//583 771//583
f 1415//153 1521//153 601//153
f 1619//287 1521//287 139//287
f 1539//584 1522//584 557//584
f 1436//35 1522//35 508//35
f 1529//1 1523//1 1296//1
f 1205//1 1523//1 1232//1
f 1719//290 1524//290 798//290
f 1389//540 1524//540 139//540
f 1994//585 1525//585 879//585
f 1647//586 1525//586 213//586
f 908//1 1526//1 794//1
f 2055//1 1526//1 1134//1
f 2751//587 1527//587 133//587
f 856//588 1527//588 637//588
f 764//1 1528//1 685//1
f 1064//1 1528//1 664//1
f 1523//1 1529//1 746//1
f 1914//1 1529//1 1296//1
f 2997//1 1530//1 206//1
f 1821//1 1530//1 445//1
f 1474//589 1531//589 663//589
f 2594//1 1531//1 1105//1
f 1389//540 1532//540 798//540
f 1876//54 1532//54 670//54
f 1840//1 1533//1 1044//1
f 3041//1 1533//1 1094//1
f 959//590 1534//590 919//590
f 2610//591 1534//591 591//591
f 1731//1 1535//1 779//1
f 1583//1 1535//1 973//1
f 1530//1 1536//1 445//1
f 2970//1 1536//1 1094//1
f 2694//1 828//1 354//1
f 1821//1 1537//1 252//1
f 2785//1 1538//1 594//1
f 1536//1 1538//1 445//1
f 1522//35 1539//35 536//35
f 1760//158 1539//158 557//158
f 2108//1 1540//1 992//1
f 1087//1 1540//1 970//1
f 2182//1 1037//1 851//1
f 1665//1 1541//1 1396//1
f 1119//1 1542//1 1211//1
f 2653//1 1542//1 606//1
f 692//1 1543//1 758//1
f 346//1 1543//1 453//1
f 930//1 1544//1 914//1
f 2523//29 1544//29 1265//29
f 1279//1 1545//1 961//1
f 1095//1 1545//1 582//1
f 1132//592 1546//592 1331//592
f 2097//593 1546//593 703//593
f 2657//594 1169//594 1401//594
f 2978//595 1547//595 1387//595
f 2690//460 1548//460 1424//460
f 2164//596 451//596 750//596
f 946//1 1549//1 605//1
f 1440//1 1549//1 1392//1
f 1713//597 1550//597 133//597
f 1753//598 1550//598 17//598
f 1614//1 1551//1 789//1
f 1594//1 1551//1 1342//1
f 2544//1 845//1 515//1
f 2526//1 1552//1 1351//1
f 2645//1 1553//1 774//1
f 2455//1 1204//1 1156//1
f 2996//1 1554//1 1335//1
f 2714//1 1554//1 669//1
f 2644//1 1555//1 1357//1
f 1513//25 1555//25 1143//25
f 1965//1 1556//1 785//1
f 1636//1 1556//1 802//1
f 1445//1 1557//1 1267//1
f 1451//1 1557//1 980//1
f 1184//599 1558//599 1233//599
f 3008//600 1558//600 470//600
f 1935//1 1352//1 1128//1
f 1871//1 1559//1 775//1
f 1581//1 1560//1 672//1
f 2152//1 1560//1 1419//1
f 1441//601 1561//601 1176//601
f 1758//602 1561//602 1041//602
f 902//603 1562//603 1255//603
f 1174//604 1562//604 1270//604
f 2990//1 1563//1 1423//1
f 2421//1 1358//1 1373//1
f 1667//284 1564//284 599//284
f 25//1 1564//1 557//1
f 643//1 1565//1 1149//1
f 2486//140 1565//140 680//140
f 2530//255 1566//255 901//255
f 2705//128 899//128 978//128
f 2786//1 1567//1 1241//1
f 2950//1 1567//1 1136//1
f 2399//1 1568//1 989//1
f 2742//1 1568//1 1243//1
f 1881//1 658//1 674//1
f 2204//1 1569//1 796//1
f 1561//605 1570//605 1041//605
f 2755//606 1570//606 810//606
f 2817//1 1571//1 995//1
f 845//1 1571//1 515//1
f 1714//1 1572//1 78//1
f 1501//1 1572//1 1269//1
f 2720//1 1573//1 1084//1
f 2527//1 1375//1 1085//1
f 2206//1 1574//1 514//1
f 1312//1 1574//1 915//1
f 832//607 1575//607 1056//607
f 1845//608 1575//608 1147//608
f 1475//167 1576//167 751//167
f 2688//609 1576//609 924//609
f 2504//610 1577//610 733//610
f 1827//611 1577//611 565//611
f 1927//1 1578//1 704//1
f 339//1 1578//1 455//1
f 2536//32 1215//32 1248//32
f 2688//105 1579//105 1384//105
f 1158//1 1580//1 867//1
f 1433//140 1580//140 389//140
f 650//1 1581//1 672//1
f 1773//1 1581//1 736//1
f 794//1 1582//1 896//1
f 2729//1 1582//1 709//1
f 1535//1 1583//1 510//1
f 2469//1 1583//1 973//1
f 496//1 1584//1 937//1
f 1862//1 1584//1 970//1
f 2603//612 781//612 1325//612
f 2655//613 1585//613 979//613
f 2622//29 1586//29 671//29
f 1447//1 1586//1 800//1
f 1026//1 1587//1 59//1
f 2106//1 1587//1 1246//1
f 1926//1 852//1 509//1
f 620//1 1588//1 476//1
f 1892//1 1589//1 1108//1
f 2288//1 1589//1 738//1
f 866//1 1590//1 941//1
f 1974//1 1590//1 981//1
f 3002//1 1591//1 517//1
f 1865//1 1150//1 700//1
f 1782//1 1592//1 1294//1
f 1663//1 1592//1 1098//1
f 1504//614 1593//614 628//614
f 1755//615 1593//615 861//615
f 2675//1 1594//1 1342//1
f 116//1 1594//1 669//1
f 2524//1 1595//1 775//1
f 1526//1 1595//1 794//1
f 2710//1 1596//1 1303//1
f 1172//1 1596//1 1163//1
f 1503//1 1597//1 480//1
f 1572//1 1597//1 1269//1
f 2567//1 1598//1 1167//1
f 713//1 1598//1 809//1
f 1480//1 1599//1 1167//1
f 814//1 1599//1 1370//1
f 2463//1 1600//1 589//1
f 2766//1 1036//1 1062//1
f 1200//616 1601//616 690//616
f 1796//617 1601//617 784//617
f 21//1 1602//1 817//1
f 2707//1 1602//1 444//1
f 1802//1 1603//1 1392//1
f 1743//1 1603//1 543//1
f 1485//1 1604//1 718//1
f 2522//1 1604//1 855//1
f 2193//1 1605//1 1185//1
f 2346//270 1605//270 1311//270
f 2794//1 1606//1 1040//1
f 1219//1 1606//1 1065//1
f 2636//1 1607//1 1079//1
f 1544//29 1607//29 914//29
f 2095//1 1608//1 1372//1
f 1388//1 1608//1 1333//1
f 495//1 1609//1 683//1
f 1679//1 1609//1 69//1
f 1768//618 1610//618 900//618
f 1441//619 1610//619 810//619
f 2727//5 1611//5 881//5
f 859//5 1611//5 710//5
f 1509//1 1612//1 1173//1
f 2347//1 1612//1 499//1
f 3081//1 1613//1 1006//1
f 2551//1 1110//1 606//1
f 1984//1 1614//1 973//1
f 2471//1 1614//1 789//1
f 1854//1 1615//1 681//1
f 2792//1 1615//1 432//1
f 1068//1 1616//1 1042//1
f 2918//1 1616//1 1136//1
f 1393//620 1617//620 759//620
f 1520//621 1617//621 771//621
f 1238//1 1618//1 1209//1
f 2638//1 1618//1 1287//1
f 1784//287 1619//287 1327//287
f 1693//374 1619//374 139//374
f 558//1 1620//1 678//1
f 384//1 1620//1 573//1
f 2641//1 1279//1 1213//1
f 2648//1 1621//1 411//1
f 1439//1 1622//1 1288//1
f 158//1 1622//1 1128//1
f 2221//1 1623//1 746//1
f 2715//1 1623//1 985//1
f 2546//106 1624//106 413//106
f 1875//127 1624//127 881//127
f 509//1 1625//1 940//1
f 2352//1 1625//1 852//1
f 1190//1 1626//1 1195//1
f 2378//1 1626//1 864//1
f 1601//622 1627//622 784//622
f 2746//623 1627//623 1200//623
f 1722//1 3005//1 962//1
f 2963//1 1628//1 952//1
f 1920//1 1629//1 941//1
f 1761//1 1629//1 559//1
f 2220//11 1630//11 24//11
f 1539//158 1630//158 536//158
f 495//1 1631//1 949//1
f 1018//1 1631//1 683//1
f 2684//1 1632//1 679//1
f 2626//1 834//1 720//1
f 2434//1 1633//1 907//1
f 2748//1 1633//1 538//1
f 1879//1 1634//1 776//1
f 1992//1 1634//1 1421//1
f 2859//104 1635//104 1291//104
f 1508//104 1635//104 1341//104
f 1680//1 1636//1 802//1
f 1022//1 1636//1 1160//1
f 2060//1 1637//1 1043//1
f 1098//1 1637//1 734//1
f 2877//624 1638//624 784//624
f 2380//625 1638//625 838//625
f 1941//1 1034//1 1218//1
f 379//1 1639//1 52//1
f 2123//157 1640//157 386//157
f 1675//287 1640//287 1138//287
f 1988//1 1641//1 1077//1
f 1517//1 1641//1 730//1
f 2904//1 1127//1 491//1
f 2823//1 1642//1 1417//1
f 2023//1 1643//1 55//1
f 2891//1 1643//1 1214//1
f 2411//1 500//1 389//1
f 3032//1 1644//1 368//1
f 2601//1 1645//1 1394//1
f 1563//1 1645//1 1358//1
f 396//1 1646//1 550//1
f 2242//1 1646//1 56//1
f 1045//626 1647//626 213//626
f 1725//627 1647//627 481//627
f 2367//1 1648//1 1281//1
f 1779//1 1648//1 644//1
f 1776//104 1649//104 1050//104
f 2652//5 1649//5 710//5
f 2693//1 1650//1 68//1
f 1802//1 1650//1 1381//1
f 1112//628 1651//628 1364//628
f 1763//629 1651//629 771//629
f 761//1 1652//1 1159//1
f 1985//1 1652//1 1257//1
f 1196//630 1653//630 1360//630
f 2647//631 1653//631 694//631
f 2232//1 1654//1 115//1
f 2338//1 1654//1 510//1
f 2608//1 1655//1 1306//1
f 1932//1 1655//1 1223//1
f 3046//632 596//632 1387//632
f 2704//633 1656//633 1390//633
f 652//1 1657//1 1404//1
f 2728//1 1657//1 1051//1
f 2417//1 1118//1 1070//1
f 2340//1 1658//1 1245//1
f 2697//634 1315//634 1259//634
f 2738//635 1659//635 708//635
f 2960//1 739//1 467//1
f 2739//1 1660//1 1307//1
f 2480//62 1661//62 955//62
f 1960//153 1661//153 1126//153
f 2632//1 1662//1 896//1
f 2002//1 1662//1 354//1
f 2415//1 1663//1 1098//1
f 1880//1 1663//1 1077//1
f 2102//1 1664//1 718//1
f 1485//1 1664//1 1296//1
f 1541//1 1665//1 1288//1
f 2547//1 1665//1 1396//1
f 2704//636 1666//636 1106//636
f 1331//637 1666//637 1162//637
f 1858//508 1667//508 654//508
f 2460//638 1667//638 599//638
f 352//1 1668//1 1207//1
f 2208//1 1668//1 76//1
f 1734//1 1669//1 1199//1
f 1815//1 1669//1 1295//1
f 1723//1 1670//1 559//1
f 1738//1 1670//1 1160//1
f 1559//1 1671//1 1352//1
f 1282//1 1671//1 1409//1
f 2109//1 1672//1 1395//1
f 1346//1 1672//1 1156//1
f 2352//1 1673//1 882//1
f 2612//1 823//1 934//1
f 1422//1 1674//1 1301//1
f 1773//1 1674//1 1419//1
f 1777//496 1675//496 920//496
f 1497//68 1675//68 1138//68
f 1861//639 1676//639 140//639
f 1453//554 1676//554 438//554
f 2175//640 1677//640 1271//640
f 1091//641 1677//641 1047//641
f 2551//1 1678//1 1006//1
f 2763//1 1119//1 563//1
f 2717//1 1679//1 69//1
f 1609//1 1679//1 1286//1
f 1738//1 1680//1 786//1
f 2926//1 1680//1 802//1
f 1355//1 1681//1 436//1
f 2492//1 1681//1 1354//1
f 1951//95 1682//95 976//95
f 2587//642 1682//642 859//642
f 414//1 1683//1 878//1
f 3034//1 1683//1 1032//1
f 1732//1 1684//1 1163//1
f 524//1 1684//1 66//1
f 1904//1 1685//1 890//1
f 2775//25 1685//25 844//25
f 1461//393 1686//393 646//393
f 1429//543 1686//543 1030//543
f 1620//1 1687//1 573//1
f 2464//1 1687//1 558//1
f 177//1 1688//1 632//1
f 2561//1 1688//1 63//1
f 1458//569 1689//569 1248//569
f 2857//484 1689//484 351//484
f 219//1 1690//1 958//1
f 2361//1 1690//1 376//1
f 1455//643 1691//643 1059//643
f 1758//644 1691//644 665//644
f 1651//645 1692//645 771//645
f 1520//528 1692//528 1112//528
f 1524//101 1693//101 139//101
f 1766//374 1693//374 1217//374
f 1505//1 1694//1 520//1
f 2473//22 1694//22 928//22
f 1641//1 1695//1 730//1
f 1013//1 1695//1 618//1
f 1487//646 1696//646 760//646
f 2780//393 1696//393 825//393
f 2736//1 1095//1 582//1
f 2803//1 1697//1 860//1
f 388//1 1698//1 621//1
f 2715//1 1698//1 1096//1
f 2829//237 1699//237 1276//237
f 2405//133 1315//133 1237//133
f 1312//1 1700//1 79//1
f 2156//1 1700//1 915//1
f 2553//1 1701//1 1324//1
f 2836//1 539//1 55//1
f 1466//1 1702//1 1378//1
f 2112//1 1702//1 479//1
f 1593//647 1703//647 861//647
f 1819//648 1703//648 591//648
f 853//287 1704//287 890//287
f 787//22 1704//22 816//22
f 2537//239 1705//239 1377//239
f 2550//117 1705//117 743//117
f 935//29 1706//29 519//29
f 2848//1 1706//1 1285//1
f 706//1 1707//1 63//1
f 2590//1 949//1 1018//1
f 2416//1 1708//1 827//1
f 2633//1 1708//1 1113//1
f 1666//649 1709//649 1106//649
f 2679//650 1709//650 1331//650
f 1591//1 1710//1 1150//1
f 3054//1 1710//1 1231//1
f 2671//651 1711//651 662//651
f 1550//597 1711//597 133//597
f 2520//1 1712//1 589//1
f 2424//1 1358//1 1319//1
f 1550//652 1713//652 733//652
f 856//653 1713//653 133//653
f 1597//1 1714//1 480//1
f 2720//1 1714//1 78//1
f 2132//29 914//29 752//29
f 2432//22 1715//22 504//22
f 1672//1 1716//1 1395//1
f 1889//1 1716//1 1346//1
f 2673//1 1190//1 1195//1
f 2792//1 1717//1 676//1
f 1508//244 1718//244 1130//244
f 1839//457 1718//457 1341//457
f 1870//185 1719//185 798//185
f 1693//290 1719//290 1217//290
f 1339//153 1720//153 754//153
f 1661//153 1720//153 955//153
f 1964//1 1721//1 474//1
f 1982//1 1721//1 1278//1
f 1275//1 1722//1 627//1
f 3005//1 1722//1 701//1
f 1519//1 1723//1 1188//1
f 2158//1 1723//1 559//1
f 1443//1 1724//1 666//1
f 737//1 1724//1 395//1
f 1525//654 1725//654 879//654
f 2574//655 1725//655 481//655
f 366//1 1726//1 380//1
f 2231//1 1726//1 542//1
f 2233//1 999//1 1193//1
f 2506//1 1727//1 1072//1
f 1682//64 1728//64 859//64
f 1611//112 1728//112 881//112
f 2430//1 1729//1 1090//1
f 2211//1 1729//1 1039//1
f 1971//1 1730//1 939//1
f 2396//135 1730//135 911//135
f 1823//1 1731//1 1391//1
f 2372//1 1731//1 779//1
f 1684//1 1732//1 1298//1
f 2797//1 1732//1 1163//1
f 2920//1 1733//1 827//1
f 1652//1 1733//1 1257//1
f 1669//1 1734//1 693//1
f 2116//1 1734//1 1199//1
f 45//1 1735//1 916//1
f 2734//1 1735//1 489//1
f 1982//1 1736//1 756//1
f 737//1 1736//1 1322//1
f 1109//1 1737//1 1037//1
f 398//1 1737//1 1027//1
f 1636//1 1738//1 1160//1
f 1761//1 1738//1 786//1
f 2493//1 1177//1 1099//1
f 2681//1 1739//1 1012//1
f 1095//1 1740//1 961//1
f 2685//1 1740//1 1386//1
f 2499//1 1741//1 492//1
f 965//1 1741//1 793//1
f 2344//1 1742//1 782//1
f 2631//1 1742//1 701//1
f 1783//1 1743//1 543//1
f 1603//1 1743//1 763//1
f 1590//1 1744//1 941//1
f 2195//1 1744//1 1223//1
f 2231//1 45//1 916//1
f 661//1 1745//1 542//1
f 2098//1 1746//1 1420//1
f 1909//1 1746//1 1426//1
f 2151//1 1747//1 203//1
f 2698//1 1747//1 1228//1
f 1078//1 1748//1 1280//1
f 1560//1 1748//1 672//1
f 2794//1 1749//1 967//1
f 1193//1 1749//1 1171//1
f 1150//1 1750//1 700//1
f 1454//1 1750//1 1097//1
f 2816//65 1751//65 976//65
f 1610//656 1751//656 810//656
f 2545//1 1752//1 1011//1
f 1778//1 1752//1 539//1
f 1711//657 1753//657 662//657
f 615//658 1753//658 17//658
f 1457//659 1754//659 614//659
f 2999//660 1754//660 696//660
f 1896//661 1755//661 861//661
f 1472//662 1755//662 884//662
f 2661//663 1756//663 865//663
f 1455//664 1756//664 741//664
f 2113//665 1757//665 568//665
f 1494//666 1757//666 931//666
f 1790//667 1758//667 665//667
f 1691//668 1758//668 1041//668
f 1808//669 1759//669 884//669
f 1313//670 1759//670 568//670
f 1630//158 1760//158 24//158
f 1858//250 1760//250 557//250
f 1670//1 1761//1 559//1
f 1432//1 1761//1 786//1
f 2874//671 1762//671 696//671
f 1546//672 1762//672 1331//672
f 1617//673 1763//673 771//673
f 1057//674 1763//674 1393//674
f 1999//6 1764//6 993//6
f 807//675 1764//675 726//675
f 412//1 1765//1 939//1
f 2428//1 1765//1 1038//1
f 1849//32 1766//32 1217//32
f 1619//374 1766//374 1327//374
f 2781//1 1767//1 1418//1
f 1317//68 1767//68 1185//68
f 1469//152 1768//152 900//152
f 1751//676 1768//676 976//676
f 2597//75 1769//75 1211//75
f 1475//677 1769//677 924//677
f 808//1 1770//1 1428//1
f 9//1 1770//1 1427//1
f 2835//1 1771//1 1338//1
f 1700//1 1771//1 79//1
f 2522//1 1772//1 862//1
f 2512//1 1151//1 1195//1
f 1560//1 1773//1 1419//1
f 1674//1 1773//1 736//1
f 1024//1 1774//1 395//1
f 2757//1 1774//1 4//1
f 1689//569 1775//569 351//569
f 1640//241 1775//241 1138//241
f 1649//5 1776//5 1291//5
f 3000//104 1776//104 1050//104
f 1826//95 1777//95 920//95
f 1640//75 1777//75 386//75
f 2263//1 539//1 728//1
f 3059//1 1778//1 206//1
f 2110//1 1779//1 644//1
f 1648//1 1779//1 1372//1
f 1492//1 1780//1 1218//1
f 2243//1 1780//1 1039//1
f 2607//1 845//1 583//1
f 2861//1 1781//1 722//1
f 1842//1 1782//1 1043//1
f 2112//1 1782//1 1294//1
f 1743//1 1783//1 698//1
f 2825//1 1783//1 543//1
f 2031//1 1784//1 1327//1
f 1521//287 1784//287 601//287
f 3064//1 1785//1 742//1
f 2730//1 1282//1 1409//1
f 1525//678 1786//678 213//678
f 2732//679 1786//679 603//679
f 2293//1 650//1 986//1
f 1029//1 1787//1 657//1
f 421//1 1788//1 821//1
f 1133//1 1788//1 633//1
f 2952//1 1789//1 869//1
f 2783//1 866//1 786//1
f 2782//680 1790//680 665//680
f 1561//681 1790//681 1176//681
f 1413//1 1791//1 1322//1
f 2787//1 1791//1 497//1
f 2910//312 1792//312 1272//312
f 760//166 1792//166 978//166
f 2700//1 1793//1 538//1
f 933//22 1793//22 950//22
f 1754//682 1794//682 696//682
f 2472//683 1794//683 598//683
f 2412//1 966//1 1078//1
f 2893//1 1795//1 887//1
f 2762//684 1796//684 784//684
f 1601//685 1796//685 143//685
f 2276//686 1797//686 47//686
f 1562//379 1797//379 1270//379
f 2160//687 1798//687 108//687
f 1922//688 1798//688 942//688
f 1662//1 1799//1 896//1
f 908//1 1799//1 1016//1
f 1169//689 1800//689 1401//689
f 2738//690 1800//690 1237//690
f 1703//691 1801//691 861//691
f 1967//692 1801//692 181//692
f 2082//1 1802//1 1381//1
f 1650//1 1802//1 1392//1
f 1932//1 1803//1 1285//1
f 2894//1 1803//1 981//1
f 2574//693 1804//693 46//693
f 1444//694 1804//694 822//694
f 2064//695 1805//695 931//695
f 2395//696 1805//696 977//696
f 2812//1 1806//1 1093//1
f 2521//1 1087//1 1260//1
f 1672//1 1807//1 1156//1
f 1003//1 1807//1 1088//1
f 1864//697 1808//697 806//697
f 1836//698 1808//698 884//698
f 1740//1 1809//1 1386//1
f 2104//1 1809//1 868//1
f 2957//699 1810//699 748//699
f 452//700 1810//700 865//700
f 2669//1 1279//1 961//1
f 2879//1 1811//1 742//1
f 2420//541 1812//541 1140//541
f 1676//701 1812//701 140//701
f 1179//507 1813//507 1343//507
f 2228//702 1813//702 1271//702
f 2459//1 1814//1 1326//1
f 1405//1 1814//1 1250//1
f 2007//1 1815//1 1295//1
f 2278//1 1815//1 1242//1
f 885//1 1816//1 1414//1
f 2514//1 1816//1 577//1
f 1674//1 1817//1 1419//1
f 2947//1 1817//1 1422//1
f 2466//1 885//1 1414//1
f 2440//1 1818//1 1103//1
f 959//703 1819//703 591//703
f 1801//704 1819//704 181//704
f 1829//1 1820//1 1028//1
f 3070//1 972//1 1330//1
f 3039//1 1821//1 252//1
f 828//1 1821//1 445//1
f 1861//453 1822//453 1236//453
f 1930//82 1822//82 1259//82
f 1535//1 1823//1 973//1
f 1924//1 1823//1 1391//1
f 385//1 1824//1 122//1
f 739//1 1824//1 467//1
f 1922//166 1825//166 634//166
f 2689//272 1825//272 751//272
f 1923//95 1826//95 1327//95
f 2180//1 1826//1 920//1
f 1450//705 1827//705 565//705
f 1577//706 1827//706 17//706
f 1558//707 1828//707 1233//707
f 2847//708 1828//708 979//708
f 1820//1 1829//1 1029//1
f 2872//1 1829//1 1028//1
f 897//1 1830//1 1180//1
f 2306//709 1830//709 197//709
f 2614//1 1831//1 1118//1
f 2845//1 1831//1 1006//1
f 1509//1 1832//1 45//1
f 1735//1 1832//1 489//1
f 2756//1 1833//1 1261//1
f 1240//1 1833//1 60//1
f 1266//1 1834//1 906//1
f 166//1 1834//1 1330//1
f 1962//1 1835//1 493//1
f 1988//1 1835//1 618//1
f 1755//710 1836//710 884//710
f 2054//711 1836//711 1144//711
f 2224//29 1837//29 1146//29
f 2674//29 1837//29 1222//29
f 1912//1 1838//1 1247//1
f 905//1 1838//1 455//1
f 2935//457 1839//457 1341//457
f 1464//244 1839//244 1116//244
f 2721//1 1044//1 1305//1
f 2970//1 1840//1 594//1
f 1044//1 1841//1 1305//1
f 1716//1 1841//1 1395//1
f 1592//1 1842//1 1098//1
f 1637//1 1842//1 1043//1
f 2468//712 1843//712 917//712
f 1049//713 1843//713 832//713
f 2406//1 1844//1 818//1
f 1355//1 1844//1 814//1
f 2758//714 1845//714 1147//714
f 1575//715 1845//715 1325//715
f 1630//11 1846//11 536//11
f 2012//6 1846//6 815//6
f 2726//1 1847//1 1381//1
f 1928//1 1847//1 1333//1
f 1835//1 1848//1 618//1
f 2369//1 1848//1 873//1
f 1923//32 1849//32 386//32
f 2014//217 1849//217 1217//217
f 1623//1 1850//1 985//1
f 2028//1 1850//1 1229//1
f 2433//1 1851//1 472//1
f 1026//1 1851//1 1076//1
f 1957//1 1852//1 629//1
f 2087//1 1852//1 88//1
f 2851//85 1853//85 530//85
f 1805//716 1853//716 977//716
f 1075//1 1854//1 1234//1
f 1263//1 1854//1 681//1
f 2826//1 1855//1 1164//1
f 1710//1 1855//1 1150//1
f 2021//1 1856//1 839//1
f 2209//1 1856//1 1035//1
f 2253//1 1857//1 987//1
f 2570//1 1857//1 915//1
f 1564//717 1858//717 557//717
f 2237//508 1858//508 654//508
f 2600//1 1859//1 891//1
f 2692//1 1359//1 1391//1
f 2167//1 1860//1 773//1
f 2723//1 1860//1 1247//1
f 1488//276 1861//276 1236//276
f 2199//467 1861//467 140//467
f 1540//1 1862//1 970//1
f 1884//1 1862//1 991//1
f 1791//1 1863//1 497//1
f 1137//1 1863//1 1413//1
f 1759//718 1864//718 568//718
f 2074//278 1864//278 806//278
f 788//1 1865//1 700//1
f 1591//1 1865//1 517//1
f 2057//250 1866//250 824//250
f 1719//185 1866//185 1217//185
f 1286//1 1867//1 3//1
f 895//1 1867//1 629//1
f 2132//29 1868//29 504//29
f 2325//29 820//29 1178//29
f 2134//719 1869//719 1321//719
f 1344//720 1869//720 879//720
f 1885//74 1870//74 798//74
f 1866//185 1870//185 824//185
f 2055//1 1871//1 775//1
f 1671//1 1871//1 1409//1
f 1416//29 1872//29 1126//29
f 2067//153 1872//153 1411//153
f 899//279 1873//279 1055//279
f 2006//721 1873//721 993//721
f 1177//1 1874//1 1079//1
f 2600//1 1874//1 1256//1
f 1476//127 1875//127 475//127
f 1951//25 1875//25 881//25
f 2562//675 1876//675 670//675
f 1885//722 1876//722 837//722
f 2126//723 1877//723 832//723
f 1575//724 1877//724 1147//724
f 1519//1 1878//1 1160//1
f 1022//1 1878//1 872//1
f 1634//1 1879//1 1420//1
f 2984//1 1879//1 776//1
f 1592//1 1880//1 1294//1
f 1641//1 1880//1 1077//1
f 659//1 1881//1 674//1
f 1569//1 1881//1 796//1
f 1774//1 1882//1 4//1
f 2808//1 1882//1 1024//1
f 1830//140 1883//140 197//140
f 2169//1 571//1 787//1
f 2375//1 1884//1 991//1
f 1584//1 1884//1 937//1
f 2118//74 1885//74 837//74
f 1532//722 1885//722 798//722
f 2959//725 1886//725 1334//725
f 2813//726 1049//726 614//726
f 2217//1 1887//1 773//1
f 525//1 1887//1 188//1
f 1937//1 1888//1 1428//1
f 1022//1 1888//1 785//1
f 1954//1 1889//1 1346//1
f 1841//1 1889//1 1305//1
f 2619//1 1890//1 1077//1
f 1835//1 1890//1 493//1
f 2651//1 1891//1 573//1
f 384//1 1891//1 721//1
f 1589//1 1892//1 496//1
f 2828//1 1892//1 1108//1
f 3049//1 1893//1 1011//1
f 1361//1 1893//1 709//1
f 2418//1 1894//1 983//1
f 2584//22 1894//22 563//22
f 2238//1 1895//1 1063//1
f 2508//1 1895//1 668//1
f 2146//727 1896//727 861//727
f 1836//728 1896//728 1144//728
f 682//1 1897//1 1243//1
f 2665//1 1897//1 1374//1
f 3004//1 1898//1 934//1
f 2342//1 1898//1 1139//1
f 2772//1 1899//1 115//1
f 2954//1 1899//1 1298//1
f 2618//729 1344//729 879//729
f 2750//730 1900//730 46//730
f 1916//1 1901//1 85//1
f 1110//1 1901//1 1149//1
f 2668//1 1902//1 904//1
f 2735//1 1190//1 432//1
f 649//1 1903//1 59//1
f 2586//1 1903//1 849//1
f 1685//1 1904//1 787//1
f 1704//22 1904//22 890//22
f 2992//29 1905//29 1116//29
f 2437//25 1905//25 1124//25
f 1299//1 1906//1 1074//1
f 2778//1 1906//1 1407//1
f 2810//1 1907//1 776//1
f 2194//1 1907//1 1151//1
f 2094//1 1908//1 809//1
f 2363//1 1908//1 390//1
f 1746//1 1909//1 1421//1
f 2947//1 1909//1 1426//1
f 2676//1 1910//1 1194//1
f 2892//1 1910//1 770//1
f 2746//731 1911//731 430//731
f 2967//732 1189//732 1249//732
f 2120//1 1912//1 819//1
f 1860//1 1912//1 1247//1
f 195//1 1913//1 783//1
f 2363//1 1913//1 932//1
f 2111//1 1914//1 1296//1
f 2221//1 1914//1 1229//1
f 2027//1 1915//1 992//1
f 1972//1 1915//1 950//1
f 2583//1 1916//1 85//1
f 1901//1 1916//1 643//1
f 2247//733 1347//733 1325//733
f 2122//734 1917//734 18//734
f 2663//1 1918//1 547//1
f 2117//1 1918//1 974//1
f 2300//1 560//1 1264//1
f 1379//140 1919//140 1400//140
f 2062//1 1920//1 635//1
f 1744//1 1920//1 941//1
f 2744//735 1057//735 1393//735
f 2695//736 1921//736 1145//736
f 1430//140 1922//140 942//140
f 2227//737 1922//737 634//737
f 1766//32 1923//32 1327//32
f 1777//95 1923//95 386//95
f 1984//1 1924//1 1342//1
f 2821//1 1924//1 1391//1
f 2133//738 1925//738 540//738
f 1864//739 1925//739 568//739
f 360//1 1926//1 509//1
f 1588//1 1926//1 476//1
f 658//1 1927//1 704//1
f 905//1 1927//1 590//1
f 2099//1 1928//1 607//1
f 1608//1 1928//1 1333//1
f 2790//1 1929//1 1370//1
f 1681//1 1929//1 1354//1
f 2081//520 1930//520 1340//520
f 1315//237 1930//237 1259//237
f 2846//1 1931//1 848//1
f 1784//1 1931//1 601//1
f 1974//1 1932//1 1223//1
f 1460//1 1932//1 1285//1
f 2615//1 1933//1 1173//1
f 1809//1 1933//1 1386//1
f 2183//96 1934//96 580//96
f 1849//217 1934//217 386//217
f 1559//1 1935//1 775//1
f 2623//1 1935//1 1128//1
f 2257//1 1936//1 1349//1
f 2525//1 1254//1 1329//1
f 1991//1 1937//1 1428//1
f 1888//1 1937//1 507//1
f 2819//1 1938//1 1366//1
f 2866//1 1081//1 545//1
f 2395//740 1939//740 642//740
f 822//741 1939//741 910//741
f 2438//1 1940//1 801//1
f 2552//1 1940//1 766//1
f 1639//1 1941//1 52//1
f 1780//1 1941//1 1218//1
f 2899//1 1251//1 969//1
f 2892//1 1942//1 835//1
f 2467//742 1943//742 1258//742
f 1798//743 1943//743 942//743
f 2933//1 1944//1 67//1
f 1465//1 1944//1 1318//1
f 2004//1 1945//1 872//1
f 808//1 1945//1 770//1
f 2549//1 1946//1 528//1
f 71//1 1946//1 623//1
f 2998//1 1947//1 870//1
f 866//1 1947//1 981//1
f 2881//1 1948//1 1242//1
f 1681//1 1948//1 436//1
f 2569//1 1949//1 1394//1
f 2601//1 640//1 1319//1
f 1908//1 1950//1 390//1
f 2102//1 1950//1 375//1
f 1728//7 1951//7 881//7
f 1961//326 1951//326 976//326
f 561//60 1952//60 688//60
f 2467//744 1952//744 982//744
f 876//1 1953//1 1060//1
f 2459//1 1953//1 994//1
f 2177//1 1954//1 777//1
f 2403//1 1954//1 1346//1
f 2038//1 1955//1 1188//1
f 1251//1 1955//1 969//1
f 391//1 1956//1 378//1
f 793//1 1956//1 118//1
f 1852//1 1957//1 945//1
f 2717//1 1957//1 629//1
f 2589//1 1225//1 817//1
f 3074//1 1958//1 1362//1
f 1109//1 1959//1 1120//1
f 2250//1 158//1 1220//1
f 1720//153 1960//153 754//153
f 1872//153 1960//153 1126//153
f 1768//22 1961//22 976//22
f 1875//78 1961//78 475//78
f 1848//1 1962//1 873//1
f 82//1 1962//1 493//1
f 2535//1 1963//1 718//1
f 1950//1 1963//1 390//1
f 1497//1 1964//1 920//1
f 2330//140 1964//140 474//140
f 2084//1 1965//1 800//1
f 778//1 1965//1 785//1
f 1679//1 1966//1 1286//1
f 1867//1 1966//1 629//1
f 2937//745 1967//745 181//745
f 2146//746 1967//746 1073//746
f 2495//287 1968//287 520//287
f 1993//207 1968//207 519//207
f 990//1 1969//1 1182//1
f 2246//1 1969//1 1183//1
f 2247//747 1970//747 18//747
f 1196//748 1970//748 615//748
f 2450//1 1971//1 892//1
f 1995//1 1971//1 939//1
f 2777//1 1972//1 950//1
f 2108//1 1972//1 991//1
f 620//1 1973//1 823//1
f 3004//1 1973//1 936//1
f 1744//1 1974//1 1223//1
f 1803//1 1974//1 981//1
f 2023//1 1975//1 1412//1
f 2333//1 1975//1 1383//1
f 2695//749 1031//749 1089//749
f 2937//750 1976//750 1145//750
f 2791//751 1977//751 1208//751
f 2034//752 1977//752 5//752
f 2216//1 1978//1 1284//1
f 2830//1 1064//1 436//1
f 2008//753 1979//753 982//753
f 1356//754 1979//754 239//754
f 2596//1 116//1 668//1
f 2290//1 1980//1 795//1
f 2917//1 1299//1 1192//1
f 2905//1 1981//1 1336//1
f 2642//1 1982//1 756//1
f 1398//1 1982//1 1278//1
f 399//1 1983//1 439//1
f 2975//1 1983//1 1063//1
f 1551//1 1984//1 1342//1
f 1823//1 1984//1 973//1
f 2981//1 1985//1 1257//1
f 1473//1 1985//1 20//1
f 2276//755 1986//755 400//755
f 178//756 1986//756 790//756
f 2796//757 1987//757 548//757
f 2802//758 1344//758 741//758
f 1890//1 1988//1 1077//1
f 1695//1 1988//1 618//1
f 2104//1 1989//1 1173//1
f 1832//1 1989//1 489//1
f 2434//1 1990//1 826//1
f 500//1 1990//1 842//1
f 1937//1 1991//1 9//1
f 1770//1 1991//1 1428//1
f 2654//1 1421//1 1422//1
f 3061//1 1992//1 676//1
f 2000//207 1993//207 1030//207
f 2927//326 1993//326 519//326
f 1786//759 1994//759 603//759
f 1869//760 1994//760 879//760
f 2284//1 1995//1 947//1
f 1765//1 1995//1 939//1
f 2940//143 1996//143 1030//143
f 799//543 1996//543 1371//543
f 111//1 1997//1 944//1
f 2484//1 1997//1 821//1
f 2096//761 1998//761 540//761
f 2118//762 1998//762 824//762
f 1764//6 1999//6 797//6
f 2065//6 1999//6 993//6
f 1686//8 2000//8 1030//8
f 1968//207 2000//207 520//207
f 2754//763 1365//763 1401//763
f 2827//764 2001//764 708//764
f 1799//1 2002//1 1016//1
f 2401//1 2002//1 354//1
f 2569//1 585//1 96//1
f 2505//1 2003//1 1394//1
f 1878//1 2004//1 872//1
f 1251//1 2004//1 1188//1
f 2743//1 2005//1 765//1
f 1533//1 2005//1 1044//1
f 1873//765 2006//765 1152//765
f 1764//766 2006//766 993//766
f 1086//1 2007//1 1295//1
f 2881//1 2007//1 1284//1
f 1952//767 2008//767 982//767
f 1979//160 2008//160 561//160
f 2864//78 1416//78 1410//78
f 2858//29 2009//29 208//29
f 2034//768 2010//768 1186//768
f 2928//769 2010//769 622//769
f 2139//1 2011//1 767//1
f 1367//1 2011//1 1388//1
f 1511//6 2012//6 1146//6
f 2454//68 2012//68 815//68
f 2884//1 2013//1 466//1
f 2561//1 2013//1 1192//1
f 1866//250 2014//250 1217//250
f 1934//770 2014//770 580//770
f 2517//1 2015//1 1402//1
f 828//1 2015//1 354//1
f 1736//1 2016//1 756//1
f 1774//1 2016//1 395//1
f 2681//1 2017//1 1256//1
f 1359//1 2017//1 877//1
f 1871//1 2018//1 1409//1
f 2680//1 2018//1 1134//1
f 682//1 2019//1 1374//1
f 739//1 2019//1 122//1
f 660//1 2020//1 1367//1
f 2011//1 2020//1 767//1
f 2383//1 2021//1 803//1
f 172//1 2021//1 839//1
f 1989//1 2022//1 489//1
f 2163//1 2022//1 868//1
f 2445//1 2023//1 55//1
f 1214//1 2023//1 1412//1
f 3055//140 2024//140 1309//140
f 1379//140 2024//140 560//140
f 1226//1 2025//1 1320//1
f 1431//1 2025//1 1010//1
f 2083//1 2026//1 1003//1
f 2455//1 2026//1 774//1
f 2144//22 2027//22 1023//22
f 2812//22 2027//22 992//22
f 2901//1 2028//1 1229//1
f 2262//1 2028//1 839//1
f 1916//1 2029//1 643//1
f 2049//1 2029//1 1403//1
f 1314//771 2030//771 239//771
f 2213//27 2030//27 1206//27
f 1931//1 2031//1 848//1
f 1826//1 2031//1 1327//1
f 2470//1 2032//1 625//1
f 1969//1 2032//1 1182//1
f 556//1 2033//1 682//1
f 2019//1 2033//1 122//1
f 2310//772 2034//772 5//772
f 1463//773 2034//773 1186//773
f 2821//1 2035//1 675//1
f 2832//1 1359//1 877//1
f 2631//1 1405//1 1250//1
f 1722//1 2036//1 701//1
f 2915//1 2037//1 648//1
f 1618//1 2037//1 1209//1
f 2343//1 2038//1 1100//1
f 1723//1 2038//1 1188//1
f 2007//1 2039//1 1284//1
f 999//1 2039//1 1193//1
f 1914//1 2040//1 1229//1
f 2868//1 2040//1 375//1
f 2332//1 2041//1 1129//1
f 1557//1 2041//1 980//1
f 1833//1 2042//1 1261//1
f 1502//1 2042//1 702//1
f 2096//774 2043//774 833//774
f 2076//775 2043//775 806//775
f 2520//1 2044//1 1373//1
f 1944//1 2044//1 67//1
f 2429//1 2045//1 1304//1
f 2389//1 709//1 794//1
f 1637//1 2046//1 734//1
f 2708//1 2046//1 947//1
f 2854//52 853//52 841//52
f 2292//289 2047//289 843//289
f 724//1 2048//1 444//1
f 2128//1 2048//1 1090//1
f 1137//1 2049//1 1113//1
f 1345//1 2049//1 1403//1
f 933//1 2050//1 1050//1
f 3030//1 2050//1 1023//1
f 2093//1 2051//1 664//1
f 2154//1 2051//1 818//1
f 791//1 2052//1 957//1
f 2741//1 747//1 1194//1
f 437//1 2053//1 542//1
f 314//1 2053//1 169//1
f 2107//776 2054//776 1144//776
f 1808//777 2054//777 806//777
f 2018//1 2055//1 1134//1
f 1595//1 2055//1 775//1
f 2179//778 2056//778 108//778
f 2303//779 2056//779 1144//779
f 2014//17 2057//17 580//17
f 2121//780 2057//780 824//780
f 695//1 2058//1 1241//1
f 2958//1 2058//1 1005//1
f 2318//1 2059//1 782//1
f 3060//1 2059//1 774//1
f 2334//1 2060//1 1043//1
f 2046//1 2060//1 947//1
f 2355//1 2061//1 1035//1
f 985//1 2061//1 621//1
f 1629//1 2062//1 559//1
f 2350//1 2062//1 635//1
f 1618//1 2063//1 1287//1
f 2020//1 2063//1 767//1
f 1757//781 2064//781 931//781
f 1853//782 2064//782 530//782
f 1873//783 2065//783 993//783
f 1999//255 2065//255 780//255
f 3007//1 2066//1 1168//1
f 1702//1 2066//1 479//1
f 2252//1 2067//1 1411//1
f 1960//153 2067//153 754//153
f 2986//1 753//1 439//1
f 3056//1 2068//1 1122//1
f 1730//135 2069//135 939//135
f 412//541 2069//541 532//541
f 1009//38 2070//38 54//38
f 2423//365 2070//365 1201//365
f 1445//1 2071//1 1129//1
f 2210//1 2071//1 1380//1
f 2319//784 2072//784 833//784
f 2057//785 2072//785 580//785
f 2904//1 2073//1 1417//1
f 1683//1 2073//1 878//1
f 2043//786 2074//786 806//786
f 1925//787 2074//787 540//787
f 2956//202 2075//202 1410//202
f 2974//95 2075//95 1399//95
f 2192//788 2076//788 811//788
f 2054//789 2076//789 806//789
f 2336//347 2077//347 1369//347
f 1191//520 2077//520 1239//520
f 2658//790 2078//790 847//790
f 740//791 2078//791 918//791
f 1973//1 2079//1 936//1
f 626//1 2079//1 620//1
f 2774//792 2080//792 1390//792
f 2143//793 2080//793 1365//793
f 2840//82 2081//82 1340//82
f 1822//520 2081//520 1236//520
f 1603//1 2082//1 543//1
f 2099//1 2082//1 1381//1
f 3060//1 2083//1 952//1
f 2299//1 2083//1 1003//1
f 1556//1 2084//1 802//1
f 2977//1 2084//1 800//1
f 1069//22 2085//22 964//22
f 394//22 2085//22 1067//22
f 579//68 2086//68 1178//68
f 2256//68 2086//68 1154//68
f 2351//1 2087//1 88//1
f 2599//1 2087//1 1054//1
f 2841//1 2088//1 923//1
f 2776//1 2088//1 1060//1
f 658//1 2089//1 590//1
f 2968//1 2089//1 485//1
f 1837//29 2090//29 1222//29
f 2768//29 2090//29 1114//29
f 2366//1 2091//1 479//1
f 1782//1 2091//1 1043//1
f 2489//794 886//794 475//794
f 2285//107 2092//107 714//107
f 2406//1 2093//1 803//1
f 2880//1 2093//1 664//1
f 1950//1 2094//1 375//1
f 2687//1 2094//1 809//1
f 1779//1 2095//1 1372//1
f 1928//1 2095//1 607//1
f 2121//795 2096//795 833//795
f 2074//796 2096//796 540//796
f 1762//797 2097//797 696//797
f 2942//798 2097//798 703//798
f 3071//1 2098//1 1417//1
f 2823//1 1420//1 592//1
f 2266//1 2099//1 607//1
f 1847//1 2099//1 1381//1
f 2341//1 2100//1 117//1
f 834//1 2100//1 1310//1
f 2713//1 2101//1 777//1
f 2067//1 2101//1 754//1
f 2111//1 2102//1 375//1
f 1963//1 2102//1 718//1
f 2811//1 2103//1 1277//1
f 2032//1 2103//1 1182//1
f 2022//1 2104//1 868//1
f 1933//1 2104//1 1173//1
f 2995//1 2105//1 625//1
f 2041//1 2105//1 980//1
f 2377//1 2106//1 1246//1
f 1337//1 2106//1 1082//1
f 2076//799 2107//799 811//799
f 2056//800 2107//800 1144//800
f 1862//1 2108//1 991//1
f 1915//1 2108//1 992//1
f 1807//1 2109//1 1088//1
f 2743//1 2109//1 1395//1
f 2095//1 2110//1 607//1
f 2912//1 2110//1 644//1
f 2040//1 2111//1 375//1
f 1664//1 2111//1 1296//1
f 2091//1 2112//1 479//1
f 1378//1 2112//1 1294//1
f 2064//801 2113//801 530//801
f 1925//802 2113//802 568//802
f 2124//70 2114//70 841//70
f 2516//52 2114//52 267//52
f 713//1 2115//1 1226//1
f 2025//1 2115//1 1010//1
f 693//1 2116//1 1380//1
f 2272//1 2116//1 1199//1
f 1918//1 2117//1 1024//1
f 2902//1 2117//1 974//1
f 1870//74 2118//74 824//74
f 2212//309 2118//309 837//309
f 1816//1 2119//1 577//1
f 749//1 2119//1 885//1
f 1838//1 2120//1 455//1
f 374//1 2120//1 819//1
f 1998//803 2121//803 824//803
f 2072//780 2121//780 833//780
f 1332//804 2122//804 1360//804
f 2136//695 2122//695 18//695
f 1934//96 2123//96 386//96
f 1775//157 2123//157 351//157
f 1449//70 2124//70 983//70
f 2532//1 2124//1 841//1
f 2885//1 1299//1 1074//1
f 2456//1 2125//1 490//1
f 2335//805 2126//805 106//805
f 2165//806 2126//806 832//806
f 1943//807 2127//807 942//807
f 1979//67 2127//67 982//67
f 1729//1 2128//1 1090//1
f 1434//1 2128//1 20//1
f 2780//646 2129//646 34//646
f 2929//485 2129//485 1371//485
f 1412//1 2130//1 1214//1
f 550//1 2130//1 744//1
f 2268//1 2131//1 731//1
f 2635//1 1339//1 754//1
f 1715//29 2132//29 504//29
f 1868//29 2132//29 752//29
f 2113//808 2133//808 530//808
f 2212//809 2133//809 540//809
f 1994//810 2134//810 603//810
f 2331//811 2134//811 1321//811
f 753//1 2135//1 137//1
f 2235//1 2135//1 996//1
f 1970//812 2136//812 18//812
f 2122//813 2136//813 1196//813
f 2509//1 720//1 1414//1
f 2979//1 2137//1 74//1
f 2510//814 2138//814 888//814
f 2789//815 2138//815 654//815
f 2011//1 2139//1 1372//1
f 1281//1 2139//1 767//1
f 883//237 2140//237 506//237
f 2198//816 2140//816 1244//816
f 2200//234 2141//234 24//234
f 2176//675 2141//675 712//675
f 3023//326 2142//326 1071//326
f 574//326 2142//326 6//326
f 2807//817 1365//817 5//817
f 3063//818 2143//818 1368//818
f 1915//1 2144//1 950//1
f 2050//140 2144//140 1023//140
f 3002//1 2145//1 1231//1
f 2722//1 1157//1 644//1
f 2303//819 2146//819 1073//819
f 1801//820 2146//820 861//820
f 951//1 2147//1 1415//1
f 2300//1 2147//1 1400//1
f 2501//1 2148//1 812//1
f 1087//1 2148//1 1260//1
f 2357//821 2149//821 603//821
f 2749//822 2149//822 707//822
f 2222//1 2150//1 1376//1
f 1297//1 2150//1 793//1
f 2575//1 2151//1 203//1
f 2267//1 2151//1 934//1
f 2876//1 2152//1 1419//1
f 1748//1 2152//1 1280//1
f 1493//1 2153//1 736//1
f 1301//1 2153//1 1245//1
f 1064//1 2154//1 436//1
f 1844//1 2154//1 818//1
f 2181//1 2155//1 619//1
f 2061//1 2155//1 621//1
f 1857//1 2156//1 915//1
f 1771//1 2156//1 1338//1
f 2725//152 2157//152 1265//152
f 1273//6 2157//6 508//6
f 2062//1 2158//1 559//1
f 2038//1 2158//1 1100//1
f 1691//823 2159//823 665//823
f 2750//824 2159//824 741//824
f 1943//825 2160//825 1258//825
f 2295//826 2160//826 108//826
f 2852//827 2161//827 1274//827
f 2425//828 1184//828 1233//828
f 2958//1 2162//1 72//1
f 2201//1 2162//1 7//1
f 2803//1 2163//1 868//1
f 2381//1 2163//1 974//1
f 1548//829 2164//829 1424//829
f 2699//830 750//830 977//830
f 2444//831 2165//831 595//831
f 1843//832 2165//832 832//832
f 1741//1 2166//1 793//1
f 1956//1 2166//1 378//1
f 1887//1 2167//1 773//1
f 1912//1 2167//1 819//1
f 353//1 2168//1 56//1
f 2566//1 2168//1 555//1
f 1883//1 2169//1 197//1
f 903//259 2169//259 787//259
f 1884//1 2170//1 937//1
f 2878//1 2170//1 923//1
f 2253//1 2171//1 1338//1
f 2217//1 2171//1 1385//1
f 454//1 2172//1 555//1
f 2499//1 2172//1 378//1
f 1495//1 2173//1 1408//1
f 1282//1 2173//1 1220//1
f 1986//833 2174//833 400//833
f 998//834 2174//834 178//834
f 1047//835 2175//835 23//835
f 1813//836 2175//836 1271//836
f 2795//350 2176//350 712//350
f 2220//675 2176//675 815//675
f 1889//1 2177//1 1305//1
f 2488//1 2177//1 777//1
f 2716//1 2178//1 912//1
f 2088//1 2178//1 1060//1
f 2107//837 2179//837 811//837
f 2227//469 2179//469 108//469
f 1964//140 2180//140 920//140
f 2031//1 2180//1 848//1
f 401//1 2181//1 619//1
f 2155//1 2181//1 31//1
f 2579//1 851//1 529//1
f 1541//1 2182//1 1396//1
f 2312//13 2183//13 580//13
f 2123//96 2183//96 351//96
f 3010//1 2184//1 648//1
f 2764//1 2184//1 1290//1
f 2866//1 2185//1 1366//1
f 2839//1 50//1 1377//1
f 1705//239 2186//239 743//239
f 2070//133 2186//133 1201//133
f 2149//838 2187//838 707//838
f 2528//839 2187//839 948//839
f 2788//840 2188//840 837//840
f 2133//841 2188//841 530//841
f 1623//1 2189//1 746//1
f 631//1 2189//1 1096//1
f 2435//1 2190//1 1353//1
f 3021//1 1127//1 592//1
f 2423//140 1085//140 928//140
f 2537//25 2191//25 1201//25
f 2308//286 2192//286 811//286
f 2043//288 2192//288 833//288
f 3065//1 2193//1 772//1
f 3015//1 1185//1 1292//1
f 2572//1 1151//1 855//1
f 3067//1 2194//1 1198//1
f 2773//1 2195//1 1223//1
f 1920//1 2195//1 635//1
f 2769//1 1157//1 1228//1
f 2912//1 2196//1 1308//1
f 2419//294 2197//294 1126//294
f 2483//294 2197//294 699//294
f 1015//842 2198//842 1283//842
f 2978//843 2198//843 1244//843
f 2254//844 2199//844 140//844
f 1822//467 2199//467 1259//467
f 2237//250 2200//250 24//250
f 2394//112 2200//112 1066//112
f 1053//1 2201//1 7//1
f 3037//1 2201//1 1072//1
f 513//207 2202//207 1067//207
f 1905//25 2202//25 1116//25
f 2089//1 2203//1 485//1
f 1569//1 2203//1 658//1
f 2980//1 2204//1 796//1
f 2203//1 2204//1 485//1
f 1102//1 2205//1 1171//1
f 2233//1 2205//1 1072//1
f 2570//1 2206//1 117//1
f 426//1 2206//1 514//1
f 2199//434 2207//434 1259//434
f 2951//493 2207//493 622//493
f 2627//1 76//1 509//1
f 2478//1 2208//1 1001//1
f 2262//1 2209//1 985//1
f 2061//1 2209//1 1035//1
f 2286//1 2210//1 1380//1
f 2374//1 2210//1 104//1
f 2128//1 2211//1 20//1
f 1159//1 2211//1 1039//1
f 2188//845 2212//845 837//845
f 1998//846 2212//846 540//846
f 2362//847 2213//847 1206//847
f 2030//27 2213//27 1014//27
f 3043//848 2214//848 1073//848
f 2160//849 2214//849 1258//849
f 808//1 2215//1 1427//1
f 2913//1 2215//1 926//1
f 1064//1 2216//1 685//1
f 2039//1 2216//1 1284//1
f 2249//1 2217//1 1385//1
f 2345//1 2217//1 773//1
f 2306//236 2218//236 1397//236
f 2316//360 2218//360 1369//360
f 935//1 2219//1 769//1
f 2373//1 2219//1 858//1
f 1846//11 2220//11 815//11
f 2141//675 2220//675 24//675
f 1850//1 2221//1 1229//1
f 1529//1 2221//1 746//1
f 3026//1 2222//1 1376//1
f 2150//1 2222//1 965//1
f 3025//850 2223//850 1274//850
f 2873//851 452//851 23//851
f 2090//29 2224//29 1114//29
f 2012//68 2224//68 1146//68
f 1224//852 2225//852 1155//852
f 1360//853 2225//853 1187//853
f 2658//854 2226//854 694//854
f 2938//855 2226//855 1002//855
f 1798//856 2227//856 108//856
f 2236//857 2227//857 634//857
f 2991//858 2228//858 1271//858
f 1343//859 2228//859 1350//859
f 755//1 2229//1 1310//1
f 2900//1 2229//1 1349//1
f 2269//722 2230//722 1021//722
f 2157//68 2230//68 508//68
f 1745//1 2231//1 542//1
f 1516//1 2231//1 916//1
f 624//1 2232//1 1183//1
f 2961//1 2232//1 115//1
f 1727//1 2233//1 1072//1
f 2205//1 2233//1 1193//1
f 740//37 2234//37 1055//37
f 2475//235 2234//235 836//235
f 602//1 2235//1 1061//1
f 1481//1 2235//1 996//1
f 2360//12 2236//12 634//12
f 2179//860 2236//860 811//860
f 2349//7 2237//7 654//7
f 1760//206 2237//206 24//206
f 668//1 2238//1 721//1
f 566//1 2238//1 1063//1
f 2976//1 2239//1 735//1
f 2648//1 2239//1 582//1
f 2171//1 2240//1 1385//1
f 2684//1 2240//1 987//1
f 2628//1 808//1 770//1
f 2215//1 2241//1 926//1
f 2833//1 2242//1 56//1
f 550//1 2242//1 1214//1
f 1729//1 2243//1 1039//1
f 1941//1 2243//1 52//1
f 943//861 2244//861 400//861
f 1797//862 2244//862 1270//862
f 2709//1 898//1 472//1
f 2519//1 2245//1 1212//1
f 2883//1 2246//1 1183//1
f 2032//1 2246//1 625//1
f 781//863 2247//863 1325//863
f 1917//864 2247//864 18//864
f 1908//1 2248//1 809//1
f 2677//1 2248//1 932//1
f 1887//1 2249//1 188//1
f 483//1 2249//1 1385//1
f 1348//1 2250//1 1220//1
f 1959//1 2250//1 1120//1
f 2534//865 910//865 47//865
f 1444//866 2251//866 1148//866
f 2400//1 2252//1 1411//1
f 2101//1 2252//1 777//1
f 2156//1 2253//1 1338//1
f 2240//1 2253//1 987//1
f 2207//867 2254//867 622//867
f 2760//868 2254//868 140//868
f 1174//869 2255//869 209//869
f 943//74 2255//74 1270//74
f 883//870 2256//870 1154//870
f 2086//6 2256//6 1033//6
f 1131//1 2257//1 755//1
f 2229//1 2257//1 1349//1
f 552//1 2258//1 697//1
f 60//1 2258//1 944//1
f 2756//1 2259//1 745//1
f 2625//1 925//1 493//1
f 2861//1 2260//1 995//1
f 2350//1 2260//1 1100//1
f 2260//1 2261//1 995//1
f 2809//1 2261//1 635//1
f 1856//1 2262//1 839//1
f 1850//1 2262//1 985//1
f 484//1 2263//1 728//1
f 1778//1 2263//1 206//1
f 1323//1 2264//1 1218//1
f 2696//1 2264//1 768//1
f 943//157 2265//157 699//157
f 2174//871 2265//871 400//871
f 2082//1 2266//1 543//1
f 2882//1 2266//1 607//1
f 1747//1 2267//1 1228//1
f 1898//1 2267//1 934//1
f 1158//1 2268//1 192//1
f 2403//1 2268//1 731//1
f 1436//35 2269//35 25//35
f 2448//325 2269//325 1021//325
f 2501//1 2270//1 1168//1
f 3020//1 2270//1 1108//1
f 2834//1 2271//1 528//1
f 2549//1 801//1 544//1
f 3033//1 2272//1 1199//1
f 2286//1 2272//1 1292//1
f 426//1 2273//1 755//1
f 2282//1 2273//1 290//1
f 2183//13 2274//13 351//13
f 2921//484 2274//484 587//484
f 2470//1 2275//1 1277//1
f 2374//1 2275//1 1129//1
f 790//872 2276//872 47//872
f 2244//873 2276//873 400//873
f 2042//1 2277//1 1261//1
f 929//1 2277//1 1329//1
f 3042//1 2278//1 1242//1
f 1669//1 2278//1 1199//1
f 2865//206 451//206 975//206
f 2889//250 2279//250 1101//250
f 2642//1 2280//1 474//1
f 2568//1 2280//1 4//1
f 2398//117 2281//117 725//117
f 2637//142 729//142 1377//142
f 2643//1 2282//1 290//1
f 1131//1 2282//1 997//1
f 2588//874 22//874 637//874
f 1558//875 2283//875 470//875
f 2060//1 2284//1 947//1
f 1971//1 2284//1 892//1
f 2916//456 2285//456 714//456
f 1121//456 2285//456 955//456
f 2564//1 2286//1 1292//1
f 2116//1 2286//1 1380//1
f 2540//25 2287//25 563//25
f 2845//1 2287//1 1070//1
f 1337//1 2288//1 738//1
f 2890//1 2288//1 766//1
f 2409//1 2289//1 1076//1
f 2457//1 2289//1 1142//1
f 3019//1 2290//1 795//1
f 116//1 2290//1 789//1
f 2479//876 2291//876 1058//876
f 2591//877 805//877 1186//877
f 853//431 2292//431 816//431
f 2565//132 2292//132 843//132
f 2497//1 986//1 989//1
f 1787//1 2293//1 657//1
f 2258//1 2294//1 697//1
f 734//1 2294//1 60//1
f 2056//878 2295//878 108//878
f 2214//879 2295//879 1073//879
f 2552//1 1082//1 544//1
f 2288//1 2296//1 766//1
f 2489//272 2297//272 714//272
f 1174//326 2297//326 900//326
f 2953//1 2298//1 1088//1
f 2905//1 2298//1 1407//1
f 2934//1 1003//1 1088//1
f 3068//1 2299//1 1336//1
f 1919//1 2300//1 1400//1
f 2147//1 2300//1 1264//1
f 2335//880 2301//880 1147//880
f 2847//881 2301//881 913//881
f 1036//1 2302//1 1062//1
f 2965//1 2302//1 1335//1
f 1896//882 2303//882 1144//882
f 2295//883 2303//883 1073//883
f 2085//22 2304//22 964//22
f 2541//1 1013//1 618//1
f 807//884 2305//884 1152//884
f 3040//885 2305//885 105//885
f 2820//236 2306//236 197//236
f 1180//709 2306//709 1397//709
f 2148//1 2307//1 812//1
f 496//1 2307//1 970//1
f 2236//886 2308//886 811//886
f 2319//887 2308//887 587//887
f 1450//888 2309//888 918//888
f 2234//889 2309//889 836//889
f 2010//890 2310//890 622//890
f 2827//891 2310//891 5//891
f 1792//312 2311//312 1272//312
f 2391//128 2311//128 34//128
f 2274//13 2312//13 587//13
f 2072//169 2312//169 580//169
f 2744//892 2313//892 1145//892
f 3027//893 1235//893 1258//893
f 2795//546 2314//546 874//546
f 1484//140 2314//140 726//140
f 2952//1 2315//1 870//1
f 2311//6 2315//6 1272//6
f 1252//894 2316//894 1191//894
f 2077//453 2316//453 1369//453
f 1749//1 2317//1 1171//1
f 2911//1 2317//1 1040//1
f 2799//1 782//1 1250//1
f 3057//1 2318//1 368//1
f 2312//895 2319//895 587//895
f 2192//896 2319//896 833//896
f 883//449 2320//449 988//449
f 1092//301 2320//301 1154//301
f 1215//1 2321//1 1165//1
f 2486//140 2321//140 1202//140
f 1189//897 2322//897 1249//897
f 2187//898 2322//898 707//898
f 2839//1 2323//1 1366//1
f 1069//1 2323//1 729//1
f 1790//899 2324//899 1176//899
f 2534//900 2324//900 1148//900
f 1033//68 2325//68 1178//68
f 1868//29 2325//29 504//29
f 2030//27 2326//27 1206//27
f 1894//22 2326//22 983//22
f 2460//901 2327//901 927//901
f 435//902 2327//902 1283//902
f 502//1 2328//1 1230//1
f 2412//1 2328//1 887//1
f 166//1 2329//1 906//1
f 2711//1 2329//1 1170//1
f 2557//1 2330//1 474//1
f 2180//140 2330//140 848//140
f 2357//903 2331//903 948//903
f 2348//904 2331//904 1321//904
f 2105//1 2332//1 625//1
f 2275//1 2332//1 1129//1
f 1253//1 2333//1 1197//1
f 2429//1 2333//1 1383//1
f 2091//1 2334//1 1043//1
f 2284//1 2334//1 892//1
f 2452//905 2335//905 106//905
f 1877//906 2335//906 1147//906
f 2820//36 2336//36 1369//36
f 1239//300 2336//300 909//300
f 541//1 2337//1 1230//1
f 1683//1 2337//1 1032//1
f 1583//1 2338//1 510//1
f 2772//1 2338//1 1125//1
f 2472//907 2339//907 1289//907
f 1224//908 2339//908 1187//908
f 1118//1 2340//1 1262//1
f 2153//1 2340//1 1245//1
f 2100//1 2341//1 755//1
f 2206//1 2341//1 117//1
f 2267//1 2342//1 1228//1
f 2930//1 2342//1 1139//1
f 1955//1 2343//1 969//1
f 2939//1 2343//1 1100//1
f 3005//1 2344//1 952//1
f 2059//1 2344//1 782//1
f 2824//1 2345//1 773//1
f 2171//1 2345//1 1338//1
f 2364//159 2346//159 1311//159
f 1317//270 2346//270 438//270
f 2615//1 2347//1 727//1
f 1404//1 2347//1 499//1
f 2431//909 2348//909 595//909
f 2796//910 2348//910 1321//910
f 2138//911 2349//911 654//911
f 2200//7 2349//7 1066//7
f 2158//1 2350//1 1100//1
f 2261//1 2350//1 635//1
f 2944//1 2351//1 1111//1
f 361//1 2351//1 88//1
f 823//1 2352//1 852//1
f 2496//1 2352//1 882//1
f 3025//912 2353//912 748//912
f 2452//913 2353//913 913//913
f 2608//1 2354//1 1268//1
f 1216//1 2354//1 689//1
f 2155//1 2355//1 619//1
f 3035//1 2355//1 1035//1
f 2294//1 2356//1 697//1
f 2046//1 2356//1 734//1
f 2187//914 2357//914 948//914
f 2134//915 2357//915 603//915
f 2610//916 2358//916 653//916
f 857//917 2358//917 628//917
f 2731//1 2359//1 854//1
f 2317//1 2359//1 1171//1
f 2308//918 2360//918 587//918
f 2871//919 2360//919 634//919
f 364//1 2361//1 376//1
f 958//1 2361//1 1293//1
f 2213//165 2362//165 1211//165
f 2584//7 2362//7 1206//7
f 723//1 2363//1 390//1
f 2248//1 2363//1 932//1
f 2346//259 2364//259 1328//259
f 1513//140 2364//140 1311//140
f 2923//1 2365//1 1406//1
f 2177//1 2365//1 1305//1
f 3017//1 2366//1 479//1
f 2334//1 2366//1 892//1
f 2722//1 2367//1 1231//1
f 2629//1 1281//1 1209//1
f 2487//1 2368//1 254//1
f 830//1 2368//1 66//1
f 2541//1 2369//1 964//1
f 2819//1 2369//1 873//1
f 2983//920 2370//920 106//920
f 2353//921 2370//921 748//921
f 2482//922 2371//922 642//922
f 1518//923 2371//923 1045//923
f 752//1 2372//1 779//1
f 2692//1 2372//1 891//1
f 1501//1 2373//1 78//1
f 2473//1 2373//1 858//1
f 2071//1 2374//1 1129//1
f 2620//1 2374//1 104//1
f 2170//1 2375//1 923//1
f 2818//1 2375//1 991//1
f 2402//1 2376//1 1062//1
f 2838//1 2376//1 67//1
f 1082//1 2377//1 687//1
f 2457//1 2377//1 1246//1
f 723//1 2378//1 864//1
f 2512//1 2378//1 862//1
f 2198//499 2379//499 1283//499
f 435//514 2379//514 1387//514
f 954//924 2380//924 838//924
f 2762//925 2380//925 1104//925
f 2805//1 2381//1 974//1
f 2022//1 2381//1 489//1
f 3050//926 2382//926 1368//926
f 2592//927 2382//927 1162//927
f 1856//1 2383//1 1035//1
f 2837//1 2383//1 803//1
f 761//1 2384//1 827//1
f 2787//1 2384//1 666//1
f 2225//928 2385//928 1155//928
f 1653//929 2385//929 1360//929
f 1708//1 2386//1 1113//1
f 1863//1 2386//1 497//1
f 579//68 2387//68 1154//68
f 1092//237 2387//237 1227//237
f 686//1 2388//1 1404//1
f 2347//1 2388//1 727//1
f 1595//1 2389//1 794//1
f 2045//1 2389//1 1304//1
f 2325//68 2390//68 504//68
f 2408//1 2390//1 1033//1
f 2985//87 2391//87 34//87
f 2315//6 2391//6 870//6
f 1169//930 2392//930 1237//930
f 2686//287 2392//287 988//287
f 2002//1 2393//1 1016//1
f 2906//140 2393//140 1007//140
f 2870//111 2394//111 1066//111
f 2141//234 2394//234 712//234
f 968//931 2395//931 977//931
f 2436//932 2395//932 642//932
f 2069//29 2396//29 532//29
f 2834//933 2396//933 911//933
f 2900//1 2397//1 1103//1
f 1502//1 2397//1 1329//1
f 2594//142 2398//142 725//142
f 513//934 2398//934 1130//934
f 966//1 2399//1 989//1
f 2533//1 2399//1 684//1
f 2488//1 2400//1 1406//1
f 2858//1 2400//1 1411//1
f 2015//1 2401//1 354//1
f 2393//1 2401//1 1007//1
f 2410//1 2402//1 877//1
f 2888//1 2402//1 1062//1
f 1204//1 2403//1 1346//1
f 2713//1 2403//1 731//1
f 2683//29 1264//29 560//29
f 2442//540 2404//540 138//540
f 1699//485 2405//485 1276//485
f 2392//157 2405//157 1237//157
f 2051//1 2406//1 818//1
f 172//1 2406//1 803//1
f 1892//1 2407//1 496//1
f 2307//1 2407//1 812//1
f 2432//140 2408//140 1021//140
f 506//80 2408//80 1033//80
f 2745//1 2409//1 1076//1
f 2640//1 2409//1 1111//1
f 2843//1 2410//1 877//1
f 2376//1 2410//1 67//1
f 1644//1 2411//1 368//1
f 2660//1 389//1 192//1
f 1795//1 2412//1 887//1
f 541//1 2412//1 1078//1
f 2511//1 2413//1 1042//1
f 1606//1 2413//1 1040//1
f 2063//1 2414//1 1287//1
f 2090//29 2414//29 1222//29
f 2619//1 2415//1 745//1
f 505//1 2415//1 1098//1
f 2386//1 2416//1 497//1
f 2384//1 2416//1 827//1
f 1658//1 2417//1 1245//1
f 2752//1 2417//1 1070//1
f 2540//1 2418//1 922//1
f 2124//1 2418//1 983//1
f 1661//62 2419//62 1126//62
f 2582//223 2419//223 209//223
f 2760//36 2420//36 1058//36
f 1252//935 2420//935 1140//935
f 889//1 2421//1 1373//1
f 1563//1 2421//1 1423//1
f 1903//1 2422//1 849//1
f 2170//1 2422//1 937//1
f 54//87 2423//87 928//87
f 2191//140 2423//140 1201//140
f 1498//1 2424//1 1319//1
f 1712//1 2424//1 589//1
f 3031//936 1233//936 913//936
f 2161//937 2425//937 1274//937
f 2528//938 2426//938 1249//938
f 2959//939 2426//939 917//939
f 2426//940 2427//940 917//940
f 2431//941 2427//941 948//941
f 2993//1 2428//1 1038//1
f 1995//1 2428//1 947//1
f 2609//1 2429//1 1304//1
f 1361//1 2429//1 1383//1
f 363//1 2430//1 1090//1
f 2243//1 2430//1 52//1
f 2468//942 2431//942 595//942
f 2331//943 2431//943 948//943
f 930//1 2432//1 1021//1
f 2390//140 2432//140 504//140
f 2745//1 2433//1 1054//1
f 898//1 2433//1 472//1
f 842//1 2434//1 907//1
f 2598//1 2434//1 826//1
f 572//1 2435//1 1353//1
f 1127//1 2435//1 546//1
f 2371//944 2436//944 642//944
f 1805//945 2436//945 931//945
f 394//22 2437//22 1124//22
f 2202//25 2437//25 1067//25
f 3062//1 2438//1 875//1
f 3001//1 801//1 911//1
f 2829//491 2439//491 1340//491
f 3036//467 2439//467 575//467
f 1133//1 2440//1 702//1
f 2397//1 2440//1 1103//1
f 1847//1 2441//1 1333//1
f 2421//1 2441//1 1423//1
f 956//946 2442//946 975//946
f 3052//947 2442//947 138//947
f 2627//1 2443//1 1001//1
f 938//1 2443//1 940//1
f 2969//948 2444//948 595//948
f 2126//949 2444//949 106//949
f 1975//1 2445//1 1383//1
f 2545//1 2445//1 55//1
f 2330//1 2446//1 848//1
f 2919//1 2446//1 735//1
f 2305//950 2447//950 1152//950
f 2078//951 2447//951 847//951
f 2269//545 2448//545 506//545
f 2408//441 2448//441 1021//441
f 2575//1 2449//1 882//1
f 1425//1 2449//1 537//1
f 1730//1 2450//1 911//1
f 2989//1 2450//1 892//1
f 1786//952 2451//952 213//952
f 2358//953 2451//953 653//953
f 2301//954 2452//954 913//954
f 2370//955 2452//955 106//955
f 2630//1 2453//1 1399//1
f 3018//1 2453//1 1007//1
f 2863//326 2454//326 815//326
f 2224//68 2454//68 1114//68
f 1003//1 2455//1 1156//1
f 1553//1 2455//1 774//1
f 1123//1 2456//1 490//1
f 1299//1 2456//1 1192//1
f 1025//1 2457//1 1142//1
f 2474//1 2457//1 1246//1
f 2785//1 2458//1 1402//1
f 3024//1 2458//1 1406//1
f 2737//1 2459//1 994//1
f 1478//1 2459//1 1326//1
f 2327//956 2460//956 599//956
f 2789//957 2460//957 927//957
f 2991//958 2461//958 1115//958
f 1570//959 2461//959 1041//959
f 830//1 2462//1 1125//1
f 1899//1 2462//1 1298//1
f 1036//1 2463//1 1061//1
f 2424//1 2463//1 589//1
f 609//1 2464//1 558//1
f 2666//1 2464//1 254//1
f 1865//1 2465//1 517//1
f 1747//1 2465//1 203//1
f 1818//1 2466//1 1103//1
f 1382//1 2466//1 1414//1
f 2127//960 2467//960 982//960
f 1235//961 2467//961 1258//961
f 2427//962 2468//962 917//962
f 2165//963 2468//963 595//963
f 2338//1 2469//1 1125//1
f 1614//1 2469//1 973//1
f 2103//1 2470//1 1277//1
f 2332//1 2470//1 625//1
f 863//1 2471//1 789//1
f 2469//1 2471//1 1125//1
f 2339//964 2472//964 598//964
f 2874//965 2472//965 1289//965
f 2495//1 2473//1 858//1
f 1375//22 2473//22 928//22
f 1587//1 2474//1 1246//1
f 2289//1 2474//1 1076//1
f 1055//366 2475//366 978//366
f 1487//966 2475//966 836//966
f 2956//34 2476//34 1101//34
f 2889//287 998//287 178//287
f 3009//1 2477//1 485//1
f 2964//1 2477//1 969//1
f 1668//1 2478//1 1207//1
f 2913//1 2478//1 1001//1
f 2291//967 2479//967 1191//967
f 1479//968 2479//968 1058//968
f 2419//456 2480//456 209//456
f 2285//107 2480//107 955//107
f 3003//29 2481//29 716//29
f 1837//29 2481//29 1146//29
f 2371//969 2482//969 481//969
f 1939//970 2482//970 642//970
f 1416//284 2483//284 1410//284
f 2265//157 2483//157 699//157
f 1240//1 2484//1 702//1
f 1788//1 2484//1 821//1
f 2354//1 2485//1 1268//1
f 1571//1 2485//1 515//1
f 2616//326 2486//326 1202//326
f 2321//140 2486//140 680//140
f 2464//1 2487//1 254//1
f 2368//1 2487//1 609//1
f 2252//1 2488//1 777//1
f 2365//1 2488//1 1406//1
f 2092//107 2489//107 714//107
f 1469//272 2489//272 475//272
f 535//1 2490//1 74//1
f 2747//1 2490//1 164//1
f 2604//971 2491//971 888//971
f 2539//394 2491//394 1002//394
f 3028//1 2492//1 1354//1
f 1948//1 2492//1 1242//1
f 1739//1 2493//1 1012//1
f 1367//1 2493//1 1099//1
f 2945//1 2494//1 681//1
f 1301//1 2494//1 1422//1
f 2571//1 2495//1 858//1
f 1694//287 2495//287 520//287
f 2531//1 2496//1 882//1
f 1625//1 2496//1 940//1
f 2293//1 2497//1 657//1
f 2801//1 2497//1 989//1
f 2587//972 2498//972 1115//972
f 2228//973 2498//973 1350//973
f 2166//1 2499//1 378//1
f 555//1 2499//1 492//1
f 2103//1 2500//1 1182//1
f 2387//140 2500//140 1227//140
f 2828//1 2501//1 812//1
f 597//1 2501//1 1168//1
f 2147//1 2502//1 1400//1
f 2767//1 2502//1 1213//1
f 596//974 2503//974 1161//974
f 2733//975 2503//975 1106//975
f 971//976 2504//976 733//976
f 2701//138 2504//138 825//138
f 585//1 2505//1 68//1
f 2990//1 2505//1 1394//1
f 2201//1 2506//1 1072//1
f 999//1 2506//1 1020//1
f 1891//1 2507//1 721//1
f 2596//1 2507//1 795//1
f 1135//1 2508//1 668//1
f 2975//1 2508//1 1122//1
f 2137//1 2509//1 74//1
f 1816//1 2509//1 1414//1
f 2349//58 2510//58 1066//58
f 2491//977 2510//977 888//977
f 2911//1 2511//1 854//1
f 1616//1 2511//1 1042//1
f 1772//1 2512//1 862//1
f 1626//1 2512//1 1195//1
f 2081//82 2513//82 1236//82
f 1767//453 2513//453 1418//453
f 522//1 2514//1 577//1
f 2509//1 2514//1 74//1
f 2372//1 2515//1 891//1
f 914//1 2515//1 752//1
f 1483//43 2516//43 267//43
f 2854//52 2516//52 843//52
f 2401//1 2517//1 1007//1
f 3013//1 2517//1 1402//1
f 2287//1 2518//1 1070//1
f 2822//1 2518//1 922//1
f 719//1 2519//1 1326//1
f 2776//1 2519//1 1212//1
f 1358//1 2520//1 1373//1
f 2838//1 2520//1 589//1
f 1806//1 2521//1 1093//1
f 1210//1 2521//1 1260//1
f 2535//1 2522//1 862//1
f 1151//1 2522//1 855//1
f 3003//29 2523//29 1265//29
f 1607//29 2523//29 1079//29
f 2389//1 2524//1 1304//1
f 1935//1 2524//1 775//1
f 2397//1 2525//1 1329//1
f 1936//1 2525//1 1349//1
f 2723//1 2526//1 1351//1
f 845//1 2526//1 583//1
f 2771//1 1085//1 545//1
f 1573//1 2527//1 1084//1
f 2427//978 2528//978 948//978
f 2322//979 2528//979 1249//979
f 2946//1 2529//1 1114//1
f 2638//29 2529//29 648//29
f 899//255 2530//255 780//255
f 2622//29 2530//29 901//29
f 2496//1 2531//1 1425//1
f 2449//1 2531//1 882//1
f 2418//1 2532//1 922//1
f 3076//1 2532//1 841//1
f 1568//1 2533//1 1243//1
f 711//1 2533//1 684//1
f 2251//980 2534//980 1148//980
f 902//981 2534//981 47//981
f 1604//1 2535//1 718//1
f 2556//1 2535//1 862//1
f 1579//982 2536//982 1384//982
f 1689//170 2536//170 1248//170
f 2186//239 2537//239 1201//239
f 50//25 2537//25 1377//25
f 2613//983 2538//983 1104//983
f 2740//984 1300//984 143//984
f 3006//957 2539//957 1002//957
f 2510//985 2539//985 1066//985
f 1894//1 2540//1 563//1
f 2518//25 2540//25 922//25
f 1848//1 2541//1 618//1
f 2304//1 2541//1 964//1
f 2674//1 2542//1 716//1
f 1177//1 2542//1 1099//1
f 909//847 2543//847 266//847
f 2605//43 2543//43 843//43
f 1552//1 2544//1 1351//1
f 79//1 2544//1 515//1
f 539//1 2545//1 55//1
f 2895//1 2545//1 1011//1
f 2727//106 2546//106 240//106
f 907//25 2546//25 413//25
f 1253//1 2547//1 1396//1
f 1439//1 2547//1 1197//1
f 2273//1 2548//1 290//1
f 2784//1 2548//1 480//1
f 623//1 2549//1 544//1
f 2271//1 2549//1 528//1
f 1489//142 2550//142 743//142
f 2637//117 2550//117 725//117
f 1119//1 2551//1 606//1
f 1613//1 2551//1 1006//1
f 2296//1 2552//1 766//1
f 801//1 2552//1 544//1
f 2855//1 2553//1 1324//1
f 539//1 2553//1 728//1
f 1448//1 2554//1 411//1
f 1931//1 2554//1 601//1
f 1769//159 2555//159 924//159
f 1468//541 2555//541 1202//541
f 2378//1 2556//1 862//1
f 1963//1 2556//1 390//1
f 2446//1 2557//1 735//1
f 2280//1 2557//1 474//1
f 1471//1 2558//1 716//1
f 2523//29 2558//29 1079//29
f 908//1 2559//1 1134//1
f 2914//1 2559//1 1309//1
f 1507//1 2560//1 762//1
f 2028//1 2560//1 839//1
f 1123//1 2561//1 1192//1
f 2955//1 2561//1 63//1
f 1456//986 2562//986 670//986
f 2788//350 2562//350 1424//350
f 659//1 2563//1 796//1
f 3053//1 2563//1 957//1
f 2210//1 2564//1 104//1
f 2781//1 2564//1 1292//1
f 2543//51 2565//51 843//51
f 816//987 2565//987 909//987
f 2855//1 555//1 492//1
f 2833//1 2566//1 1324//1
f 2687//1 2567//1 762//1
f 814//1 2567//1 1167//1
f 2557//1 2568//1 735//1
f 2988//1 2568//1 4//1
f 2003//1 2569//1 1394//1
f 640//1 2569//1 96//1
f 1574//1 2570//1 915//1
f 2621//1 2570//1 117//1
f 2219//1 2571//1 858//1
f 1968//22 2571//22 519//22
f 1083//1 2572//1 855//1
f 2194//1 2572//1 1198//1
f 1613//1 2573//1 1110//1
f 3044//1 2573//1 1028//1
f 822//988 2574//988 481//988
f 2618//989 2574//989 46//989
f 2449//1 2575//1 203//1
f 2612//1 2575//1 882//1
f 612//1 2576//1 578//1
f 2925//1 2576//1 1353//1
f 1990//1 2577//1 826//1
f 1953//1 2577//1 994//1
f 172//1 2578//1 814//1
f 2567//1 2578//1 762//1
f 2898//1 2579//1 529//1
f 2182//1 2579//1 1396//1
f 2749//990 2580//990 653//990
f 1534//991 2580//991 919//991
f 2142//207 2581//207 6//207
f 2943//1 2581//1 829//1
f 2197//294 2582//294 699//294
f 943//250 2582//250 209//250
f 2029//1 2583//1 1403//1
f 2595//1 2583//1 85//1
f 1119//22 2584//22 563//22
f 2326//1 2584//1 1206//1
f 2024//140 2585//140 560//140
f 2850//29 2585//29 1117//29
f 1026//1 2586//1 472//1
f 3051//1 2586//1 849//1
f 2498//992 2587//992 859//992
f 2816//993 2587//993 1115//993
f 2283//994 2588//994 470//994
f 1527//995 2588//995 637//995
f 1602//1 2589//1 817//1
f 1958//1 2589//1 1362//1
f 1435//1 2590//1 1018//1
f 1707//1 2590//1 63//1
f 2291//996 2591//996 1058//996
f 2010//997 2591//997 1186//997
f 1666//998 2592//998 1162//998
f 3063//999 2592//999 1390//999
f 2417//1 2593//1 1245//1
f 1263//1 2593//1 1234//1
f 1437//140 2594//140 1105//140
f 2606//142 2594//142 725//142
f 3044//1 2595//1 85//1
f 2867//1 2595//1 1330//1
f 1980//1 2596//1 795//1
f 2507//1 2596//1 668//1
f 2555//75 2597//75 1202//75
f 1542//29 2597//29 1211//29
f 2716//1 2598//1 826//1
f 1633//1 2598//1 538//1
f 895//1 2599//1 1054//1
f 1852//1 2599//1 629//1
f 1359//1 2600//1 1256//1
f 2636//1 2600//1 891//1
f 1358//1 2601//1 1319//1
f 1949//1 2601//1 1394//1
f 469//1000 2602//1000 528//1000
f 2396//7 2602//7 532//7
f 1845//1001 2603//1001 1325//1001
f 1585//1002 2603//1002 979//1002
f 1046//1003 2604//1003 888//1003
f 2938//1004 2604//1004 1155//1004
f 2516//43 2605//43 843//43
f 2543//52 2605//52 268//52
f 1531//140 2606//140 663//140
f 2550//142 2606//142 725//142
f 2800//1 583//1 590//1
f 1781//1 2607//1 722//1
f 689//1 2608//1 1306//1
f 2773//1 2608//1 1268//1
f 2333//1 2609//1 1197//1
f 2623//1 2609//1 1304//1
f 1504//1005 2610//1005 591//1005
f 2580//1006 2610//1006 653//1006
f 2559//1 2611//1 1309//1
f 2862//1 2611//1 1016//1
f 2151//1 2612//1 934//1
f 1673//1 2612//1 882//1
f 2538//1007 2613//1007 1208//1007
f 3050//1008 2613//1008 1104//1008
f 2872//1 1118//1 1262//1
f 3081//1 2614//1 1028//1
f 1612//1 2615//1 1173//1
f 2759//1 2615//1 727//1
f 2653//25 2616//25 1202//25
f 1565//140 2616//140 1149//140
f 2932//140 2617//140 575//140
f 2620//68 2617//68 1277//68
f 1900//1009 2618//1009 46//1009
f 1725//1010 2618//1010 879//1010
f 2625//1 2619//1 745//1
f 1663//1 2619//1 1077//1
f 2656//68 2620//68 104//68
f 2275//1 2620//1 1277//1
f 2100//1 2621//1 117//1
f 1857//1 2621//1 987//1
f 2931//29 2622//29 901//29
f 2530//29 2622//29 671//29
f 2609//1 2623//1 1128//1
f 2524//1 2623//1 1304//1
f 1477//1 2624//1 1367//1
f 2493//1 2624//1 1012//1
f 1890//1 2625//1 493//1
f 2259//1 2625//1 745//1
f 1632//1 2626//1 679//1
f 2137//1 2626//1 720//1
f 2443//1 2627//1 509//1
f 2208//1 2627//1 1001//1
f 2241//1 2628//1 926//1
f 1910//1 2628//1 770//1
f 2367//1 2629//1 1231//1
f 2664//1 2629//1 1209//1
f 1080//153 2630//153 1399//153
f 2906//1 2630//1 1117//1
f 2036//1 2631//1 701//1
f 782//1 2631//1 1250//1
f 2694//1 2632//1 252//1
f 1582//1 2632//1 896//1
f 2920//1 2633//1 1221//1
f 1345//1 2633//1 1113//1
f 2129//485 2634//485 1371//485
f 2504//885 2634//885 825//885
f 2101//1 2635//1 754//1
f 2131//140 2635//140 731//140
f 2639//1 2636//1 891//1
f 1874//1 2636//1 1079//1
f 2281//117 2637//117 725//117
f 1705//142 2637//142 1377//142
f 2768//29 2638//29 1287//29
f 2037//1 2638//1 648//1
f 1607//1 2639//1 914//1
f 2515//1 2639//1 891//1
f 372//1 2640//1 1111//1
f 2289//1 2640//1 1142//1
f 1621//1 2641//1 411//1
f 951//1 2641//1 1213//1
f 2757//1 2642//1 756//1
f 1721//1 2642//1 474//1
f 3048//1 2643//1 290//1
f 997//1 2643//1 1019//1
f 1143//1 2644//1 1320//1
f 2875//1 2644//1 1357//1
f 3057//1 2645//1 774//1
f 1204//1 2645//1 192//1
f 2394//236 2646//236 712//236
f 617//584 2646//584 105//584
f 2226//1011 2647//1011 694//1011
f 2385//1012 2647//1012 1155//1012
f 2919//1 2648//1 411//1
f 1279//1 2648//1 582//1
f 2546//25 2649//25 240//25
f 1633//1 2649//1 907//1
f 1554//1 2650//1 669//1
f 2508//1 2650//1 1122//1
f 2666//1 2651//1 573//1
f 2507//1 2651//1 795//1
f 1611//5 2652//5 710//5
f 2770//5 2652//5 240//5
f 2597//1 2653//1 1202//1
f 2616//1 2653//1 606//1
f 1992//1 2654//1 676//1
f 2494//1 2654//1 1422//1
f 3008//1013 2655//1013 979//1013
f 781//1014 2655//1014 662//1014
f 2617//68 2656//68 575//68
f 2924//22 2656//22 104//22
f 1547//1015 2657//1015 1387//1015
f 2774//1016 2657//1016 1401//1016
f 2896//1017 2658//1017 847//1017
f 831//1018 2658//1018 694//1018
f 2849//1019 2659//1019 927//1019
f 2138//1020 2659//1020 888//1020
f 2645//1 2660//1 192//1
f 2411//1 2660//1 368//1
f 1810//1021 2661//1021 865//1021
f 2802//1022 2661//1022 548//1022
f 1771//1 2662//1 79//1
f 2544//1 2662//1 1351//1
f 2805//1 2663//1 768//1
f 804//1 2663//1 547//1
f 2037//1 2664//1 1209//1
f 3054//1 2664//1 1164//1
f 1515//1 2665//1 1374//1
f 2742//1 2665//1 1170//1
f 3019//1 2666//1 254//1
f 1687//1 2666//1 573//1
f 2775//1 2667//1 904//1
f 864//1 2667//1 783//1
f 2667//1 2668//1 904//1
f 1190//1 2668//1 864//1
f 1811//1 2669//1 742//1
f 2718//1 2669//1 961//1
f 2691//1 2670//1 233//1
f 2633//1 2670//1 1221//1
f 2751//1023 2671//1023 470//1023
f 2655//1024 2671//1024 662//1024
f 2747//1 2672//1 679//1
f 2842//1 483//1 1385//1
f 1717//1 2673//1 676//1
f 2810//1 2673//1 1195//1
f 2542//1 2674//1 1222//1
f 2481//29 2674//29 716//29
f 2714//1 2675//1 675//1
f 1924//1 2675//1 1342//1
f 2628//1 2676//1 926//1
f 1181//1 2676//1 1194//1
f 713//1 2677//1 1010//1
f 1913//1 2677//1 932//1
f 1514//22 2678//22 1210//22
f 2521//1 2678//1 1093//1
f 1762//1025 2679//1025 1331//1025
f 2733//1026 2679//1026 1289//1026
f 2559//1 2680//1 1134//1
f 2909//1 2680//1 102//1
f 2843//1 2681//1 1012//1
f 1177//1 2681//1 1256//1
f 2309//298 2682//298 836//298
f 2701//1027 2682//1027 565//1027
f 2404//153 2683//153 138//153
f 2585//29 2683//29 560//29
f 834//1 2684//1 987//1
f 2842//1 2684//1 679//1
f 2759//1 2685//1 1386//1
f 2718//1 2685//1 1408//1
f 1092//1028 2686//1028 988//1028
f 2405//95 2686//95 1276//95
f 1598//1 2687//1 809//1
f 2868//1 2687//1 762//1
f 1215//894 2688//894 924//894
f 2689//1029 2688//1029 1384//1029
f 2871//1030 2689//1030 1384//1030
f 1576//1031 2689//1031 751//1031
f 451//1032 2690//1032 975//1032
f 2562//387 2690//387 1424//387
f 3079//1 2691//1 1307//1
f 1452//1 2691//1 233//1
f 1859//1 2692//1 891//1
f 1731//1 2692//1 1391//1
f 2505//1 2693//1 68//1
f 2726//1 2693//1 1423//1
f 1537//1 2694//1 252//1
f 1662//1 2694//1 354//1
f 1976//1033 2695//1033 1145//1033
f 1057//1034 2695//1034 1089//1034
f 2663//1 2696//1 768//1
f 1218//1 2696//1 804//1
f 2207//1035 2697//1035 1259//1035
f 1659//1036 2697//1036 708//1036
f 2465//1 2698//1 517//1
f 1157//1 2698//1 1228//1
f 1853//1037 2699//1037 977//1037
f 2164//1038 2699//1038 1424//1038
f 2598//1 2700//1 538//1
f 2777//1 2700//1 912//1
f 1577//1039 2701//1039 565//1039
f 3022//1040 2701//1040 825//1040
f 1735//1 2702//1 916//1
f 2264//1 2702//1 768//1
f 2337//1 2703//1 1032//1
f 2798//1 2703//1 1280//1
f 2592//1041 2704//1041 1390//1041
f 596//1042 2704//1042 1106//1042
f 1566//6 2705//6 901//6
f 1792//312 2705//312 978//312
f 2150//1 2706//1 1376//1
f 1906//1 2706//1 1074//1
f 2589//1 2707//1 1362//1
f 1434//1 2707//1 444//1
f 2428//1 2708//1 947//1
f 2356//1 2708//1 697//1
f 2245//1 2709//1 1212//1
f 2586//1 2709//1 472//1
f 1451//1 2710//1 1303//1
f 2797//1 2710//1 1316//1
f 906//1 2711//1 1302//1
f 2665//1 2711//1 1170//1
f 2643//1 2712//1 1019//1
f 2771//1 2712//1 1084//1
f 2635//140 2713//140 731//140
f 1954//1 2713//1 777//1
f 1594//1 2714//1 669//1
f 2965//1 2714//1 675//1
f 621//1 2715//1 985//1
f 2189//1 2715//1 1096//1
f 2700//1 2716//1 912//1
f 876//1 2716//1 826//1
f 1966//1 2717//1 629//1
f 945//1 2717//1 69//1
f 1740//1 2718//1 961//1
f 3064//1 2718//1 1408//1
f 3056//1 2719//1 996//1
f 1036//1 2719//1 1335//1
f 1375//1 2720//1 78//1
f 2784//1 2720//1 1084//1
f 2365//1 2721//1 1305//1
f 1840//1 2721//1 594//1
f 1648//1 2722//1 644//1
f 2145//1 2722//1 1231//1
f 583//1 2723//1 1247//1
f 2824//1 2723//1 1351//1
f 2624//1 2724//1 1012//1
f 1944//1 2724//1 1318//1
f 1544//326 2725//326 1265//326
f 2230//68 2725//68 1021//68
f 2441//1 2726//1 1423//1
f 1650//1 2726//1 1381//1
f 1624//1043 2727//1043 881//1043
f 2652//5 2727//5 240//5
f 2831//1 2728//1 1051//1
f 686//1 2728//1 1120//1
f 2632//1 2729//1 252//1
f 1893//1 2729//1 709//1
f 2909//1 2730//1 1409//1
f 1785//1 2730//1 742//1
f 2786//1 2731//1 854//1
f 1102//1 2731//1 72//1
f 2451//1044 2732//1044 653//1044
f 2149//1045 2732//1045 603//1045
f 1709//1046 2733//1046 1106//1046
f 2962//1047 2733//1047 1289//1047
f 2381//1 2734//1 489//1
f 2702//1 2734//1 768//1
f 1902//1 2735//1 904//1
f 2966//1 2735//1 432//1
f 2239//1 2736//1 582//1
f 1697//1 2736//1 860//1
f 3032//1 2737//1 994//1
f 1814//1 2737//1 1250//1
f 2754//1048 2738//1048 708//1048
f 1315//1049 2738//1049 1237//1049
f 739//1 2739//1 1302//1
f 2691//1 2739//1 1307//1
f 1796//1050 2740//1050 143//1050
f 2538//1051 2740//1051 1104//1051
f 2908//1 2741//1 1194//1
f 2052//1 2741//1 957//1
f 2801//1 2742//1 1170//1
f 1897//1 2742//1 1243//1
f 1044//1 2743//1 1395//1
f 2953//1 2743//1 765//1
f 1921//1052 2744//1052 1145//1052
f 1235//1053 2744//1053 1393//1053
f 1851//1 2745//1 1076//1
f 2944//1 2745//1 1054//1
f 1189//1054 2746//1054 1200//1054
f 2877//1055 2746//1055 430//1055
f 2672//1 2747//1 164//1
f 2979//1 2747//1 679//1
f 933//1 2748//1 538//1
f 2649//29 2748//29 240//29
f 1512//1056 2749//1056 707//1056
f 2732//1057 2749//1057 653//1057
f 1344//1058 2750//1058 741//1058
f 2765//1059 2750//1059 46//1059
f 1711//1060 2751//1060 133//1060
f 2588//1061 2751//1061 470//1061
f 2518//1 2752//1 1070//1
f 2593//1 2752//1 1234//1
f 1638//1062 2753//1062 838//1062
f 2903//1063 2753//1063 430//1063
f 2001//1064 2754//1064 708//1064
f 1800//1065 2754//1065 1401//1065
f 1751//656 2755//656 810//656
f 2461//1066 2755//1066 1115//1066
f 2277//1 2756//1 1261//1
f 2415//1 2756//1 745//1
f 2280//1 2757//1 4//1
f 2016//1 2757//1 756//1
f 2603//1067 2758//1067 979//1067
f 2301//1068 2758//1068 1147//1068
f 3029//1 2759//1 727//1
f 1933//1 2759//1 1386//1
f 1812//185 2760//185 140//185
f 2928//1069 2760//1069 1058//1069
f 2885//1 2761//1 490//1
f 135//1 2761//1 461//1
f 1638//1070 2762//1070 784//1070
f 2740//1071 2762//1071 1104//1071
f 2287//25 2763//25 563//25
f 1678//1 2763//1 1006//1
f 1017//1 2764//1 1290//1
f 2915//1 2764//1 1164//1
f 3045//1072 2765//1072 46//1072
f 2159//1073 2765//1073 665//1073
f 1600//1 2766//1 589//1
f 2376//1 2766//1 1062//1
f 2806//1 2767//1 102//1
f 2879//1 2767//1 1213//1
f 2529//29 2768//29 1114//29
f 2414//29 2768//29 1287//29
f 2196//1 2769//1 1308//1
f 2342//1 2769//1 1228//1
f 1649//5 2770//5 1050//5
f 1462//1 2770//1 240//1
f 1438//1 2771//1 545//1
f 2527//1 2771//1 1084//1
f 2462//1 2772//1 1125//1
f 1654//1 2772//1 115//1
f 2809//1 2773//1 1268//1
f 1655//1 2773//1 1223//1
f 1365//1074 2774//1074 1401//1074
f 3046//1075 2774//1075 1390//1075
f 2667//1 2775//1 844//1
f 2887//25 2775//25 904//25
f 2922//1 2776//1 1212//1
f 1478//1 2776//1 1060//1
f 2818//1 2777//1 912//1
f 1793//1 2777//1 950//1
f 3011//1 2778//1 1407//1
f 2706//1 2778//1 1376//1
f 2184//1 2779//1 1290//1
f 2314//68 2779//68 874//68
f 2634//38 2780//38 825//38
f 760//339 2780//339 34//339
f 1185//1 2781//1 1292//1
f 2924//1 2781//1 1418//1
f 2324//1076 2782//1076 1148//1076
f 2765//1077 2782//1077 665//1077
f 1789//1 2783//1 869//1
f 1680//1 2783//1 786//1
f 3048//1 2784//1 1084//1
f 1714//1 2784//1 480//1
f 828//1 2785//1 1402//1
f 2923//1 2785//1 594//1
f 2918//1 2786//1 854//1
f 2897//1 2786//1 1241//1
f 737//1 2787//1 666//1
f 2416//1 2787//1 497//1
f 2851//1078 2788//1078 1424//1078
f 1876//355 2788//355 837//355
f 1667//1079 2789//1079 654//1079
f 2659//1080 2789//1080 927//1080
f 1480//1 2790//1 1370//1
f 2948//1 2790//1 1357//1
f 2807//1081 2791//1081 1368//1081
f 2613//1082 2791//1082 1208//1082
f 1190//1 2792//1 432//1
f 2945//1 2792//1 676//1
f 2572//1 2793//1 1198//1
f 2925//1 2793//1 1293//1
f 2317//1 2794//1 1040//1
f 1166//1 2794//1 967//1
f 617//231 2795//231 712//231
f 2863//37 2795//37 874//37
f 1344//1083 2796//1083 1321//1083
f 2969//1084 2796//1084 548//1084
f 1596//1 2797//1 1163//1
f 2954//1 2797//1 1316//1
f 2152//1 2798//1 1280//1
f 3073//1 2798//1 1426//1
f 2737//1 2799//1 1250//1
f 2318//1 2799//1 368//1
f 2607//1 2800//1 722//1
f 2089//1 2800//1 590//1
f 1568//1 2801//1 989//1
f 2869//1 2801//1 1170//1
f 1756//1085 2802//1085 741//1085
f 1987//1086 2802//1086 548//1086
f 2902//1 2803//1 860//1
f 1095//1 2803//1 868//1
f 2140//456 2804//456 1244//456
f 2392//75 2804//75 988//75
f 2734//1 2805//1 768//1
f 1918//1 2805//1 974//1
f 2502//1 2806//1 1400//1
f 2914//1 2806//1 102//1
f 2143//1087 2807//1087 1368//1087
f 1977//1088 2807//1088 5//1088
f 2117//1 2808//1 1024//1
f 2988//1 2808//1 860//1
f 2195//1 2809//1 635//1
f 2817//1 2809//1 1268//1
f 1151//1 2810//1 1195//1
f 3061//1 2810//1 776//1
f 2500//22 2811//22 1227//22
f 2617//140 2811//140 1277//140
f 1087//1 2812//1 992//1
f 2941//22 2812//22 1093//22
f 1886//1089 2813//1089 1334//1089
f 1754//1090 2813//1090 614//1090
f 2686//467 2814//467 1276//467
f 2932//325 2814//325 1227//325
f 1783//1 2815//1 698//1
f 2930//1 2815//1 1308//1
f 2755//1091 2816//1091 1115//1091
f 1682//1092 2816//1092 976//1092
f 2485//1 2817//1 1268//1
f 2261//1 2817//1 995//1
f 1972//1 2818//1 991//1
f 2841//1 2818//1 912//1
f 1081//1 2819//1 873//1
f 2987//1 2819//1 1366//1
f 2169//236 2820//236 197//236
f 2218//236 2820//236 1369//236
f 1359//1 2821//1 1391//1
f 2675//1 2821//1 675//1
f 3075//1 2822//1 922//1
f 2752//1 2822//1 1234//1
f 1127//1 2823//1 592//1
f 2098//1 2823//1 1417//1
f 2835//1 2824//1 1351//1
f 1860//1 2824//1 773//1
f 2815//1 2825//1 1308//1
f 2266//1 2825//1 543//1
f 2764//1 2826//1 1164//1
f 1750//1 2826//1 1097//1
f 2951//1093 2827//1093 708//1093
f 1365//1094 2827//1094 5//1094
f 2270//1 2828//1 1108//1
f 2407//1 2828//1 812//1
f 1315//237 2829//237 1340//237
f 2856//491 2829//491 1276//491
f 1978//1 2830//1 1284//1
f 1948//1 2830//1 436//1
f 3016//1 2831//1 1027//1
f 521//1 2831//1 1051//1
f 2035//1 2832//1 675//1
f 2402//1 2832//1 877//1
f 2891//1 2833//1 1324//1
f 2168//1 2833//1 56//1
f 2602//485 2834//485 528//485
f 801//1 2834//1 911//1
f 2345//1 2835//1 1338//1
f 2662//1 2835//1 1351//1
f 1701//1 2836//1 1324//1
f 1643//1 2836//1 55//1
f 2093//1 2837//1 803//1
f 3035//1 2837//1 829//1
f 2766//1 2838//1 589//1
f 2044//1 2838//1 67//1
f 729//1 2839//1 1377//1
f 2185//140 2839//140 1366//140
f 2513//1095 2840//1095 1418//1095
f 2439//1095 2840//1095 1340//1095
f 2178//1 2841//1 912//1
f 2375//1 2841//1 923//1
f 2672//1 2842//1 679//1
f 2240//1 2842//1 1385//1
f 2933//1 2843//1 1012//1
f 2017//1 2843//1 877//1
f 449//1 2844//1 953//1
f 1470//1 2844//1 871//1
f 2763//1 2845//1 1006//1
f 1118//1 2845//1 1070//1
f 2446//1 2846//1 848//1
f 2554//1 2846//1 411//1
f 2758//1096 2847//1096 979//1096
f 1233//1097 2847//1097 913//1097
f 2927//1 2848//1 1203//1
f 1803//1 2848//1 1285//1
f 2327//1098 2849//1098 927//1098
f 1046//1099 2849//1099 1161//1099
f 2630//25 2850//25 1117//25
f 2683//29 2850//29 138//29
f 2699//1100 2851//1100 1424//1100
f 2188//149 2851//149 530//149
f 2860//1101 2852//1101 1274//1101
f 1184//1102 2852//1102 1175//1102
f 3052//240 2853//240 1101//240
f 2075//202 2853//202 1399//202
f 2047//165 2854//165 843//165
f 2114//52 2854//52 841//52
f 1506//1 2855//1 492//1
f 2566//1 2855//1 1324//1
f 2439//491 2856//491 575//491
f 2814//491 2856//491 1276//491
f 2274//170 2857//170 351//170
f 2536//484 2857//484 1384//484
f 3024//1 2858//1 208//1
f 1416//29 2858//29 1411//29
f 2935//104 2859//104 533//104
f 1776//104 2859//104 1291//104
f 2852//1103 2860//1103 1052//1103
f 2873//1104 2860//1104 1274//1104
f 845//1 2861//1 995//1
f 2939//1 2861//1 722//1
f 2393//1 2862//1 1016//1
f 3055//140 2862//140 1117//140
f 2946//326 2863//326 874//326
f 2176//350 2863//350 815//350
f 2075//95 2864//95 1410//95
f 2009//78 2864//78 208//78
f 2279//203 2865//203 1101//203
f 2442//1105 2865//1105 975//1105
f 1938//1 2866//1 1366//1
f 50//1 2866//1 545//1
f 1834//1 2867//1 1330//1
f 2583//1 2867//1 1403//1
f 2094//1 2868//1 375//1
f 2901//1 2868//1 762//1
f 2329//1 2869//1 1170//1
f 2497//1 2869//1 657//1
f 2646//236 2870//236 105//236
f 2539//1106 2870//1106 1066//1106
f 1825//202 2871//202 634//202
f 2921//289 2871//289 1384//289
f 2614//1 2872//1 1028//1
f 1029//1 2872//1 1262//1
f 2223//1107 2873//1107 1274//1107
f 2860//1108 2873//1108 23//1108
f 2679//1109 2874//1109 1289//1109
f 1794//1110 2874//1110 696//1110
f 2790//1 2875//1 1357//1
f 1320//1 2875//1 1226//1
f 2798//1 2876//1 1426//1
f 1817//1 2876//1 1419//1
f 2753//1111 2877//1111 430//1111
f 1627//1112 2877//1112 784//1112
f 2922//1 2878//1 923//1
f 2422//1 2878//1 849//1
f 3077//1 2879//1 742//1
f 1279//1 2879//1 1213//1
f 764//1 2880//1 664//1
f 2837//1 2880//1 829//1
f 1815//1 2881//1 1242//1
f 2830//1 2881//1 1284//1
f 2825//1 2882//1 1308//1
f 2110//1 2882//1 607//1
f 2995//1 2883//1 1316//1
f 2232//1 2883//1 1183//1
f 2963//1 2884//1 466//1
f 2917//1 2884//1 1336//1
f 1500//1 2885//1 1074//1
f 2125//1 2885//1 490//1
f 604//1 2886//1 936//1
f 1543//1 2886//1 453//1
f 3086//25 2887//25 904//25
f 1685//1 2887//1 890//1
f 2832//1 2888//1 675//1
f 2302//1 2888//1 1062//1
f 2476//241 2889//241 1101//241
f 451//112 2889//112 178//112
f 3062//1 2890//1 766//1
f 1589//1 2890//1 1108//1
f 2242//1 2891//1 1214//1
f 2836//1 2891//1 1324//1
f 1251//1 2892//1 770//1
f 2908//1 2892//1 835//1
f 10//1 2893//1 887//1
f 966//1 2893//1 684//1
f 1947//1 2894//1 981//1
f 2848//1 2894//1 1203//1
f 2445//1 2895//1 1383//1
f 1893//1 2895//1 1011//1
f 2226//1113 2896//1113 1002//1113
f 3040//1114 2896//1114 847//1114
f 2058//1 2897//1 1241//1
f 2731//1 2897//1 72//1
f 1396//1 2898//1 383//1
f 283//1 2898//1 529//1
f 2477//1 2899//1 969//1
f 1942//1 2899//1 835//1
f 2525//1 2900//1 1349//1
f 2466//1 2900//1 1103//1
f 2560//1 2901//1 762//1
f 2040//1 2901//1 1229//1
f 2163//1 2902//1 974//1
f 2808//1 2902//1 860//1
f 3083//1115 2903//1115 430//1115
f 838//1116 2903//1116 703//1116
f 1642//1 2904//1 1417//1
f 878//1 2904//1 491//1
f 2934//1 2905//1 1336//1
f 1299//1 2905//1 1407//1
f 2862//140 2906//140 1117//140
f 2453//1 2906//1 1007//1
f 3076//1 2907//1 1000//1
f 3066//1 853//1 890//1
f 3053//1 2908//1 835//1
f 1910//1 2908//1 1194//1
f 3077//1 2909//1 102//1
f 2018//1 2909//1 1409//1
f 2705//312 2910//312 901//312
f 2994//22 2910//22 1272//22
f 2413//1 2911//1 1040//1
f 2359//1 2911//1 854//1
f 2882//1 2912//1 1308//1
f 1157//1 2912//1 644//1
f 1181//1 2913//1 926//1
f 938//1 2913//1 1001//1
f 2680//1 2914//1 102//1
f 1379//1 2914//1 1309//1
f 2664//1 2915//1 1164//1
f 2184//1 2915//1 648//1
f 2480//456 2916//456 209//456
f 2297//272 2916//272 714//272
f 1981//1 2917//1 1336//1
f 2013//1 2917//1 1192//1
f 1567//1 2918//1 1136//1
f 2511//1 2918//1 854//1
f 2239//1 2919//1 735//1
f 2846//1 2919//1 411//1
f 1708//1 2920//1 827//1
f 2971//1 2920//1 1221//1
f 2857//170 2921//170 1384//170
f 2360//431 2921//431 587//431
f 3051//1 2922//1 1212//1
f 2088//1 2922//1 923//1
f 2721//1 2923//1 594//1
f 2458//1 2923//1 1406//1
f 3036//22 2924//22 1418//22
f 2564//1 2924//1 104//1
f 578//1 2925//1 1293//1
f 3084//1 2925//1 1353//1
f 2084//1 2926//1 802//1
f 2783//1 2926//1 869//1
f 2940//255 2927//255 1203//255
f 1706//29 2927//29 519//29
f 2254//1117 2928//1117 622//1117
f 2591//1118 2928//1118 1058//1118
f 1996//143 2929//143 1371//143
f 2985//118 2929//118 1203//118
f 1446//1 2930//1 1139//1
f 2769//1 2930//1 1308//1
f 3078//1 2931//1 901//1
f 1586//29 2931//29 800//29
f 2811//140 2932//140 1227//140
f 2856//491 2932//491 575//491
f 2410//1 2933//1 67//1
f 2724//1 2933//1 1012//1
f 2299//1 2934//1 1336//1
f 2298//1 2934//1 1088//1
f 1635//104 2935//104 1341//104
f 2992//94 2935//94 533//94
f 2710//1 2936//1 1316//1
f 2105//1 2936//1 980//1
f 3043//1119 2937//1119 1145//1119
f 1031//1120 2937//1120 181//1120
f 2491//1121 2938//1121 1002//1121
f 2647//1122 2938//1122 1155//1122
f 2964//1 2939//1 722//1
f 2260//1 2939//1 1100//1
f 2929//143 2940//143 1203//143
f 1993//326 2940//326 1030//326
f 2027//22 2941//22 1023//22
f 3082//22 2941//22 1093//22
f 2903//1123 2942//1123 703//1123
f 2999//1124 2942//1124 1334//1124
f 2880//1 2943//1 829//1
f 6//1 2943//1 764//1
f 2087//1 2944//1 1054//1
f 2409//1 2944//1 1111//1
f 1615//1 2945//1 681//1
f 2654//1 2945//1 676//1
f 3010//29 2946//29 874//29
f 2454//140 2946//140 1114//140
f 1421//1 2947//1 1422//1
f 2876//1 2947//1 1426//1
f 3085//1 2948//1 1357//1
f 1929//1 2948//1 1354//1
f 410//1125 2949//1125 1071//1125
f 3072//7 2949//7 619//7
f 3047//1 2950//1 871//1
f 960//1 2950//1 1136//1
f 2310//1126 2951//1126 622//1126
f 2697//1127 2951//1127 708//1127
f 866//1 2952//1 870//1
f 2994//1 2952//1 869//1
f 3011//1 2953//1 765//1
f 2109//1 2953//1 1088//1
f 1732//1 2954//1 1298//1
f 2961//1 2954//1 1316//1
f 2590//1 2955//1 63//1
f 2013//1 2955//1 466//1
f 998//1128 2956//1128 1410//1128
f 2853//202 2956//202 1101//202
f 2370//1129 2957//1129 748//1129
f 2661//1130 2957//1130 548//1130
f 433//1 2958//1 1005//1
f 2897//1 2958//1 72//1
f 1049//1131 2959//1131 917//1131
f 3038//1132 2959//1132 1334//1132
f 1660//1 2960//1 1307//1
f 1225//1 2960//1 467//1
f 2883//1 2961//1 1316//1
f 1899//1 2961//1 115//1
f 2339//1133 2962//1133 1289//1133
f 2503//1008 2962//1008 1161//1008
f 962//1 2963//1 466//1
f 3068//1 2963//1 952//1
f 2343//1 2964//1 969//1
f 2968//1 2964//1 722//1
f 1554//1 2965//1 1335//1
f 2888//1 2965//1 675//1
f 1075//1 2966//1 432//1
f 3086//1 2966//1 1000//1
f 1911//1134 2967//1134 430//1134
f 3038//1135 2967//1135 1249//1135
f 2477//1 2968//1 485//1
f 2800//1 2968//1 722//1
f 2983//1136 2969//1136 548//1136
f 2348//1137 2969//1137 595//1137
f 1538//1 2970//1 594//1
f 1533//1 2970//1 1094//1
f 1733//1 2971//1 1257//1
f 3080//1 2971//1 1221//1
f 1499//1 2972//1 936//1
f 1898//1 2972//1 1139//1
f 2678//22 2973//22 1093//22
f 3012//22 2973//22 1124//22
f 2453//1 2974//1 1399//1
f 2864//95 2974//95 208//95
f 1895//1 2975//1 1063//1
f 2986//1 2975//1 1122//1
f 2736//1 2976//1 860//1
f 2568//1 2976//1 735//1
f 2931//29 2977//29 800//29
f 2926//1 2977//1 869//1
f 1169//1138 2978//1138 1244//1138
f 2379//1139 2978//1139 1387//1139
f 2490//1 2979//1 74//1
f 2626//1 2979//1 679//1
f 3009//1 2980//1 835//1
f 2563//1 2980//1 796//1
f 3014//1 2981//1 1362//1
f 2971//1 2981//1 1257//1
f 2984//1 2982//1 592//1
f 3084//1 2982//1 1198//1
f 2444//1140 2983//1140 106//1140
f 2957//1141 2983//1141 548//1141
f 3067//1 2984//1 776//1
f 1420//1 2984//1 592//1
f 2129//118 2985//118 34//118
f 2998//87 2985//87 1203//87
f 2068//1 2986//1 1122//1
f 1983//1 2986//1 439//1
f 2369//1 2987//1 964//1
f 2323//1 2987//1 1366//1
f 2976//1 2988//1 860//1
f 1882//1 2988//1 4//1
f 2366//1 2989//1 892//1
f 3001//1 2989//1 875//1
f 2693//1 2990//1 1423//1
f 1645//1 2990//1 1394//1
f 1677//1142 2991//1142 1271//1142
f 2498//1143 2991//1143 1115//1143
f 3012//29 2992//29 533//29
f 1839//94 2992//94 1116//94
f 2708//1 2993//1 697//1
f 121//1 2993//1 1038//1
f 2315//29 2994//29 1272//29
f 3078//1 2994//1 869//1
f 2246//1 2995//1 625//1
f 2936//1 2995//1 1316//1
f 2719//1 2996//1 1335//1
f 2650//1 2996//1 1122//1
f 1536//1 2997//1 1094//1
f 2263//1 2997//1 206//1
f 2894//1 2998//1 1203//1
f 2391//87 2998//87 870//87
f 2813//1144 2999//1144 1334//1144
f 2097//1145 2999//1145 696//1145
f 2050//68 3000//68 1050//68
f 2859//104 3000//104 533//104
f 2450//1 3001//1 911//1
f 2438//1 3001//1 875//1
f 1490//1 3002//1 517//1
f 1710//1 3002//1 1231//1
f 1273//29 3003//29 1265//29
f 2558//29 3003//29 716//29
f 2972//1 3004//1 936//1
f 823//1 3004//1 934//1
f 1628//1 3005//1 952//1
f 1742//1 3005//1 701//1
f 2870//1146 3006//1146 105//1146
f 2896//1147 3006//1147 1002//1147
f 3017//1 3007//1 875//1
f 2270//1 3007//1 1168//1
f 2671//1148 3008//1148 470//1148
f 1828//1149 3008//1149 979//1149
f 2899//1 3009//1 835//1
f 2204//1 3009//1 485//1
f 2529//1 3010//1 648//1
f 2779//29 3010//29 874//29
f 3026//1 3011//1 765//1
f 2298//1 3011//1 1407//1
f 3082//22 3012//22 533//22
f 1905//153 3012//153 1124//153
f 3018//140 3013//140 208//140
f 2458//1 3013//1 1402//1
f 1985//1 3014//1 20//1
f 2707//1 3014//1 1362//1
f 2272//1 3015//1 1292//1
f 2193//1 3015//1 772//1
f 2728//1 3016//1 1120//1
f 1737//1 3016//1 1027//1
f 2989//1 3017//1 875//1
f 2066//1 3017//1 479//1
f 2974//1 3018//1 208//1
f 2517//140 3018//140 1007//140
f 2651//1 3019//1 795//1
f 863//1 3019//1 254//1
f 3007//1 3020//1 875//1
f 2890//1 3020//1 1108//1
f 2190//1 3021//1 1353//1
f 2982//1 3021//1 592//1
f 2682//298 3022//298 836//298
f 1696//933 3022//933 825//933
f 2581//87 3023//87 829//87
f 2949//25 3023//25 1071//25
f 3013//140 3024//140 208//140
f 2400//1 3024//1 1406//1
f 3031//1150 3025//1150 1274//1150
f 452//322 3025//322 748//322
f 2778//1 3026//1 1376//1
f 717//1 3026//1 765//1
f 2214//45 3027//45 1258//45
f 2313//1151 3027//1151 1145//1151
f 2948//1 3028//1 1354//1
f 3042//1 3028//1 772//1
f 2685//1 3029//1 1408//1
f 1348//1 3029//1 727//1
f 3000//1 3030//1 533//1
f 2941//22 3030//22 1023//22
f 2353//1152 3031//1152 913//1152
f 2425//1153 3031//1153 1274//1153
f 2799//1 3032//1 368//1
f 500//1 3032//1 994//1
f 3015//1 3033//1 772//1
f 2278//1 3033//1 1199//1
f 3073//1 3034//1 1032//1
f 2073//1 3034//1 1417//1
f 2383//1 3035//1 1035//1
f 3072//1 3035//1 829//1
f 2840//467 3036//467 1418//467
f 2656//22 3036//22 575//22
f 2205//1 3037//1 1072//1
f 2162//1 3037//1 72//1
f 2426//1154 3038//1154 1249//1154
f 3083//502 3038//502 1334//502
f 1530//1 3039//1 206//1
f 3049//1 3039//1 252//1
f 3006//324 3040//324 105//324
f 2447//1155 3040//1155 847//1155
f 717//1 3041//1 1094//1
f 2005//1 3041//1 765//1
f 3033//1 3042//1 772//1
f 2492//1 3042//1 1242//1
f 3027//1156 3043//1156 1145//1156
f 1967//1157 3043//1157 1073//1157
f 3070//1 3044//1 1028//1
f 1110//1 3044//1 85//1
f 2782//1158 3045//1158 1148//1158
f 1804//1159 3045//1159 46//1159
f 1656//1160 3046//1160 1390//1160
f 2657//1161 3046//1161 1387//1161
f 695//1 3047//1 871//1
f 1567//1 3047//1 1241//1
f 2712//1 3048//1 1084//1
f 2548//1 3048//1 290//1
f 3059//1 3049//1 1011//1
f 2729//1 3049//1 252//1
f 2380//1162 3050//1162 1104//1162
f 2791//1163 3050//1163 1368//1163
f 2878//1 3051//1 849//1
f 2709//1 3051//1 1212//1
f 1080//374 3052//374 138//374
f 2865//378 3052//378 1101//378
f 2741//1 3053//1 957//1
f 2980//1 3053//1 835//1
f 1855//1 3054//1 1164//1
f 2629//1 3054//1 1231//1
f 2611//140 3055//140 1309//140
f 2585//140 3055//140 1117//140
f 2996//1 3056//1 1122//1
f 753//1 3056//1 996//1
f 2660//1 3057//1 368//1
f 2059//1 3057//1 774//1
f 3065//25 3058//25 1311//25
f 1555//1 3058//1 1357//1
f 3039//1 3059//1 206//1
f 1752//1 3059//1 1011//1
f 2026//1 3060//1 774//1
f 2344//1 3060//1 952//1
f 2673//1 3061//1 676//1
f 1634//1 3061//1 776//1
f 1940//1 3062//1 766//1
f 3020//1 3062//1 875//1
f 2382//1164 3063//1164 1368//1164
f 2080//1165 3063//1165 1390//1165
f 2173//1 3064//1 1408//1
f 2669//1 3064//1 742//1
f 3085//1 3065//1 772//1
f 1605//29 3065//29 1311//29
f 2887//1 3066//1 890//1
f 2907//1 3066//1 1000//1
f 2982//1 3067//1 1198//1
f 1907//1 3067//1 776//1
f 2884//1 3068//1 1336//1
f 2083//1 3068//1 952//1
f 2966//1 3069//1 1000//1
f 2822//1 3069//1 1234//1
f 1820//1 3070//1 1028//1
f 2595//1 3070//1 1330//1
f 3034//1 3071//1 1417//1
f 1746//1 3071//1 1426//1
f 2355//1 3072//1 619//1
f 3023//7 3072//7 829//7
f 3071//1 3073//1 1426//1
f 2703//1 3073//1 1032//1
f 1225//1 3074//1 1307//1
f 3080//1 3074//1 1362//1
f 2532//1 3075//1 922//1
f 3069//1 3075//1 1000//1
f 853//1 3076//1 841//1
f 3075//1 3076//1 1000//1
f 2730//1 3077//1 742//1
f 2767//1 3077//1 102//1
f 2977//1 3078//1 869//1
f 2910//1 3078//1 901//1
f 2670//1 3079//1 1221//1
f 3074//1 3079//1 1307//1
f 2981//1 3080//1 1362//1
f 3079//1 3080//1 1221//1
f 2573//1 3081//1 1028//1
f 1831//1 3081//1 1006//1
f 3030//22 3082//22 533//22
f 2973//1 3082//1 1093//1
f 2942//1166 3083//1166 1334//1166
f 2967//1167 3083//1167 430//1167
f 3021//1 3084//1 1353//1
f 2793//1 3084//1 1198//1
f 3028//1 3085//1 772//1
f 3058//1 3085//1 1357//1
f 3066//1 3086//1 1000//1
f 2735//1 3086//1 904//1
