# Generated from Triangle mesh files
# Triangle 2D coordinates are written as OBJ X Y; OBJ Z is set to 0.

v 0 -10 0
v 0.251301 -9.9968419999999991 0
v 0.50244299999999997 -9.9873700000000003 0
v 0.75326800000000005 -9.9715889999999998 0
v 1.003617 -9.9495109999999993 0
v 1.2533319999999999 -9.9211469999999995 0
v 1.502256 -9.8865180000000006 0
v 1.7502310000000001 -9.8456430000000008 0
v 1.9971000000000001 -9.7985509999999998 0
v 2.2427079999999999 -9.7452690000000004 0
v 2.4868990000000002 -9.6858319999999996 0
v 2.7295199999999999 -9.6202760000000005 0
v 2.9704160000000002 -9.5486459999999997 0
v 3.2094360000000002 -9.4709839999999996 0
v 3.4464299999999999 -9.3873390000000008 0
v 3.6812450000000001 -9.2977650000000001 0
v 3.9137369999999998 -9.202318 0
v 4.1437559999999998 -9.1010589999999993 0
v 4.3711580000000003 -8.9940529999999992 0
v 4.5957980000000003 -8.8813650000000006 0
v 4.8175369999999997 -8.7630660000000002 0
v 5.036232 -8.6392349999999993 0
v 5.2517469999999999 -8.5099450000000001 0
v 5.4639430000000004 -8.3752800000000001 0
v 5.6726890000000001 -8.2353260000000006 0
v 5.8778519999999999 -8.0901700000000005 0
v 6.0793039999999996 -7.9399040000000003 0
v 6.2769139999999997 -7.7846229999999998 0
v 6.4705599999999999 -7.6244249999999996 0
v 6.6601189999999999 -7.4594120000000004 0
v 6.8454709999999999 -7.2896859999999997 0
v 7.0265000000000004 -7.1153570000000004 0
v 7.2030900000000004 -6.9365329999999998 0
v 7.3751309999999997 -6.7533279999999998 0
v 7.5425139999999997 -6.5658570000000003 0
v 7.7051319999999999 -6.3742400000000004 0
v 7.8628850000000003 -6.1785959999999998 0
v 8.0156700000000001 -5.9790510000000001 0
v 8.1633929999999992 -5.7757269999999998 0
v 8.3059589999999996 -5.5687569999999997 0
v 8.4432790000000004 -5.3582689999999999 0
v 8.5752670000000002 -5.1443950000000003 0
v 8.7018380000000004 -4.9272739999999997 0
v 8.8229120000000005 -4.707039 0
v 8.9384150000000009 -4.4838319999999996 0
v 9.0482700000000005 -4.2577930000000004 0
v 9.1524110000000007 -4.029064 0
v 9.2507719999999996 -3.7977910000000001 0
v 9.3432890000000004 -3.5641189999999998 0
v 9.4299049999999998 -3.3281960000000002 0
v 9.5105660000000007 -3.0901700000000001 0
v 9.5852170000000001 -2.850193 0
v 9.6538160000000008 -2.6084149999999999 0
v 9.7163170000000001 -2.3649900000000001 0
v 9.7726810000000004 -2.1200709999999998 0
v 9.8228720000000003 -1.873813 0
v 9.8668589999999998 -1.6263719999999999 0
v 9.9046140000000005 -1.3779030000000001 0
v 9.9361130000000006 -1.1285639999999999 0
v 9.9613359999999993 -0.87851199999999996 0
v 9.9802680000000006 -0.62790500000000005 0
v 9.9928939999999997 -0.37690200000000001 0
v 9.9992099999999997 -0.12565999999999999 0
v 9.9992099999999997 0.12565999999999999 0
v 9.9928939999999997 0.37690200000000001 0
v 9.9802680000000006 0.62790500000000005 0
v 9.9613359999999993 0.87851199999999996 0
v 9.9361130000000006 1.1285639999999999 0
v 9.9046140000000005 1.3779030000000001 0
v 9.8668589999999998 1.6263719999999999 0
v 9.8228720000000003 1.873813 0
v 9.7726810000000004 2.1200709999999998 0
v 9.7163170000000001 2.3649900000000001 0
v 9.6538160000000008 2.6084149999999999 0
v 9.5852170000000001 2.850193 0
v 9.5105660000000007 3.0901700000000001 0
v 9.4299049999999998 3.3281960000000002 0
v 9.3432890000000004 3.5641189999999998 0
v 9.2507719999999996 3.7977910000000001 0
v 9.1524110000000007 4.029064 0
v 9.0482700000000005 4.2577930000000004 0
v 8.9384150000000009 4.4838319999999996 0
v 8.8229120000000005 4.707039 0
v 8.7018380000000004 4.9272739999999997 0
v 8.5752670000000002 5.1443950000000003 0
v 8.4432790000000004 5.3582689999999999 0
v 8.3059589999999996 5.5687569999999997 0
v 8.1633929999999992 5.7757269999999998 0
v 8.0156700000000001 5.9790510000000001 0
v 7.8628850000000003 6.1785959999999998 0
v 7.7051319999999999 6.3742400000000004 0
v 7.5425139999999997 6.5658570000000003 0
v 7.3751309999999997 6.7533279999999998 0
v 7.2030900000000004 6.9365329999999998 0
v 7.0265000000000004 7.1153570000000004 0
v 6.8454709999999999 7.2896859999999997 0
v 6.6601189999999999 7.4594120000000004 0
v 6.4705599999999999 7.6244249999999996 0
v 6.2769139999999997 7.7846229999999998 0
v 6.0793039999999996 7.9399040000000003 0
v 5.8778519999999999 8.0901700000000005 0
v 5.6726890000000001 8.2353260000000006 0
v 5.4639430000000004 8.3752800000000001 0
v 5.2517469999999999 8.5099450000000001 0
v 5.036232 8.6392349999999993 0
v 4.8175369999999997 8.7630660000000002 0
v 4.5957980000000003 8.8813650000000006 0
v 4.3711580000000003 8.9940529999999992 0
v 4.1437559999999998 9.1010589999999993 0
v 3.9137369999999998 9.202318 0
v 3.6812450000000001 9.2977650000000001 0
v 3.4464299999999999 9.3873390000000008 0
v 3.2094360000000002 9.4709839999999996 0
v 2.9704160000000002 9.5486459999999997 0
v 2.7295199999999999 9.6202760000000005 0
v 2.4868990000000002 9.6858319999999996 0
v 2.2427079999999999 9.7452690000000004 0
v 1.9971000000000001 9.7985509999999998 0
v 1.7502310000000001 9.8456430000000008 0
v 1.502256 9.8865180000000006 0
v 1.2533319999999999 9.9211469999999995 0
v 1.003617 9.9495109999999993 0
v 0.75326800000000005 9.9715889999999998 0
v 0.50244299999999997 9.9873700000000003 0
v 0.251301 9.9968419999999991 0
v 0 10 0
v -0.251301 9.9968419999999991 0
v -0.50244299999999997 9.9873700000000003 0
v -0.75326800000000005 9.9715889999999998 0
v -1.003617 9.9495109999999993 0
v -1.2533319999999999 9.9211469999999995 0
v -1.502256 9.8865180000000006 0
v -1.7502310000000001 9.8456430000000008 0
v -1.9971000000000001 9.7985509999999998 0
v -2.2427079999999999 9.7452690000000004 0
v -2.4868990000000002 9.6858319999999996 0
v -2.7295199999999999 9.6202760000000005 0
v -2.9704160000000002 9.5486459999999997 0
v -3.2094360000000002 9.4709839999999996 0
v -3.4464299999999999 9.3873390000000008 0
v -3.6812450000000001 9.2977650000000001 0
v -3.9137369999999998 9.202318 0
v -4.1437559999999998 9.1010589999999993 0
v -4.3711580000000003 8.9940529999999992 0
v -4.5957980000000003 8.8813650000000006 0
v -4.8175369999999997 8.7630660000000002 0
v -5.036232 8.6392349999999993 0
v -5.2517469999999999 8.5099450000000001 0
v -5.4639430000000004 8.3752800000000001 0
v -5.6726890000000001 8.2353260000000006 0
v -5.8778519999999999 8.0901700000000005 0
v -6.0793039999999996 7.9399040000000003 0
v -6.2769139999999997 7.7846229999999998 0
v -6.4705599999999999 7.6244249999999996 0
v -6.6601189999999999 7.4594120000000004 0
v -6.8454709999999999 7.2896859999999997 0
v -7.0265000000000004 7.1153570000000004 0
v -7.2030900000000004 6.9365329999999998 0
v -7.3751309999999997 6.7533279999999998 0
v -7.5425139999999997 6.5658570000000003 0
v -7.7051319999999999 6.3742400000000004 0
v -7.8628850000000003 6.1785959999999998 0
v -8.0156700000000001 5.9790510000000001 0
v -8.1633929999999992 5.7757269999999998 0
v -8.3059589999999996 5.5687569999999997 0
v -8.4432790000000004 5.3582689999999999 0
v -8.5752670000000002 5.1443950000000003 0
v -8.7018380000000004 4.9272739999999997 0
v -8.8229120000000005 4.707039 0
v -8.9384150000000009 4.4838319999999996 0
v -9.0482700000000005 4.2577930000000004 0
v -9.1524110000000007 4.029064 0
v -9.2507719999999996 3.7977910000000001 0
v -9.3432890000000004 3.5641189999999998 0
v -9.4299049999999998 3.3281960000000002 0
v -9.5105660000000007 3.0901700000000001 0
v -9.5852170000000001 2.850193 0
v -9.6538160000000008 2.6084149999999999 0
v -9.7163170000000001 2.3649900000000001 0
v -9.7726810000000004 2.1200709999999998 0
v -9.8228720000000003 1.873813 0
v -9.8668589999999998 1.6263719999999999 0
v -9.9046140000000005 1.3779030000000001 0
v -9.9361130000000006 1.1285639999999999 0
v -9.9613359999999993 0.87851199999999996 0
v -9.9802680000000006 0.62790500000000005 0
v -9.9928939999999997 0.37690200000000001 0
v -9.9992099999999997 0.12565999999999999 0
v -9.9992099999999997 -0.12565999999999999 0
v -9.9928939999999997 -0.37690200000000001 0
v -9.9802680000000006 -0.62790500000000005 0
v -9.9613359999999993 -0.87851199999999996 0
v -9.9361130000000006 -1.1285639999999999 0
v -9.9046140000000005 -1.3779030000000001 0
v -9.8668589999999998 -1.6263719999999999 0
v -9.8228720000000003 -1.873813 0
v -9.7726810000000004 -2.1200709999999998 0
v -9.7163170000000001 -2.3649900000000001 0
v -9.6538160000000008 -2.6084149999999999 0
v -9.5852170000000001 -2.850193 0
v -9.5105660000000007 -3.0901700000000001 0
v -9.4299049999999998 -3.3281960000000002 0
v -9.3432890000000004 -3.5641189999999998 0
v -9.2507719999999996 -3.7977910000000001 0
v -9.1524110000000007 -4.029064 0
v -9.0482700000000005 -4.2577930000000004 0
v -8.9384150000000009 -4.4838319999999996 0
v -8.8229120000000005 -4.707039 0
v -8.7018380000000004 -4.9272739999999997 0
v -8.5752670000000002 -5.1443950000000003 0
v -8.4432790000000004 -5.3582689999999999 0
v -8.3059589999999996 -5.5687569999999997 0
v -8.1633929999999992 -5.7757269999999998 0
v -8.0156700000000001 -5.9790510000000001 0
v -7.8628850000000003 -6.1785959999999998 0
v -7.7051319999999999 -6.3742400000000004 0
v -7.5425139999999997 -6.5658570000000003 0
v -7.3751309999999997 -6.7533279999999998 0
v -7.2030900000000004 -6.9365329999999998 0
v -7.0265000000000004 -7.1153570000000004 0
v -6.8454709999999999 -7.2896859999999997 0
v -6.6601189999999999 -7.4594120000000004 0
v -6.4705599999999999 -7.6244249999999996 0
v -6.2769139999999997 -7.7846229999999998 0
v -6.0793039999999996 -7.9399040000000003 0
v -5.8778519999999999 -8.0901700000000005 0
v -5.6726890000000001 -8.2353260000000006 0
v -5.4639430000000004 -8.3752800000000001 0
v -5.2517469999999999 -8.5099450000000001 0
v -5.036232 -8.6392349999999993 0
v -4.8175369999999997 -8.7630660000000002 0
v -4.5957980000000003 -8.8813650000000006 0
v -4.3711580000000003 -8.9940529999999992 0
v -4.1437559999999998 -9.1010589999999993 0
v -3.9137369999999998 -9.202318 0
v -3.6812450000000001 -9.2977650000000001 0
v -3.4464299999999999 -9.3873390000000008 0
v -3.2094360000000002 -9.4709839999999996 0
v -2.9704160000000002 -9.5486459999999997 0
v -2.7295199999999999 -9.6202760000000005 0
v -2.4868990000000002 -9.6858319999999996 0
v -2.2427079999999999 -9.7452690000000004 0
v -1.9971000000000001 -9.7985509999999998 0
v -1.7502310000000001 -9.8456430000000008 0
v -1.502256 -9.8865180000000006 0
v -1.2533319999999999 -9.9211469999999995 0
v -1.003617 -9.9495109999999993 0
v -0.75326800000000005 -9.9715889999999998 0
v -0.50244299999999997 -9.9873700000000003 0
v -0.251301 -9.9968419999999991 0
v -8.1301333986514575 -5.017353687055035 0
v -8.6948670816468994 -3.95881523600326 0
v -8.3719591004376586 -4.6025256982490923 0
v -8.3347840850052055 -5.1436497061618853 0
v -8.1973448301457879 -5.3478613286250019 0
v -8.3601717759330576 -4.8735548722296222 0
v -7.5855392627617428 -5.8079778432486551 0
v -9.361229000309109 -1.9079672030107226 0
v -9.0482810653768642 -3.0661932986600746 0
v -8.8827945062545375 -3.51694788133217 0
v -8.9137321463064971 -4.0584651566460961 0
v -8.8029709368884888 -4.2782918815862967 0
v -8.9050683942721118 -3.787317735927815 0
v -8.5826964687438476 -4.7183783834730741 0
v -8.5937230407782472 -4.4487277297253094 0
v -8.1084939723905141 -4.7268382496582442 0
v -7.8703525106557528 -5.7181467175203124 0
v -7.7764788870660473 -5.9541739919836933 0
v -7.6192380292256896 -6.1435591539527925 0
v -6.964338575104688 -6.5399492673321467 0
v -9.5506692432272704 -0.24008447437221264 0
v -9.4783542372535017 -1.1973944625158839 0
v -9.5781255745098814 -1.7026747757645915 0
v -9.5968671270571075 -1.9559937167467587 0
v -9.5382282299580883 -2.1950607419059263 0
v -9.2760421970246458 -3.1433757940170599 0
v -9.1879009328940047 -3.373208874607593 0
v -9.2598056446120101 -2.8166426445988479 0
v -9.1063894040993123 -3.6054750868334926 0
v -8.6369844466632397 -3.6733008815026098 0
v -8.2101997001079248 -4.1325004249842694 0
v -7.6043099584657243 -4.9104567015265683 0
v -7.2567308789915783 -6.4791555161504837 0
v -7.1396428617100662 -6.7045710013016109 0
v -6.9641885943446287 -6.8772200795492662 0
v -6.2728169725430538 -7.205882685959824 0
v -9.4062208676590657 1.672115683535548 0
v -9.5265449230521035 0.71964728670277311 0
v -9.5506692432272704 0.24008447437221264 0
v -9.7282882096709447 0 0
v -9.7910764350359454 -0.24612809694910501 0
v -9.7751836354565942 -0.49176975010567658 0
v -9.7169404959140095 -1.2275350685243598 0
v -9.6764756669319052 -1.4703402023391807 0
v -9.6357787107032031 -0.9106256210584347 0
v -9.7697023829226168 -0.7225719900780897 0
v -9.398665486821038 -0.60004968363875166 0
v -8.4827187396967325 -3.1593709564994179 0
v -8.3902799573879907 -3.8719400323432991 0
v -8.3573651331114895 -4.344700798097473 0
v -7.8822969211615774 -4.8897504752596843 0
v -1.3164063359777332 -9.4625589177689431 0
v 8.6948670816468994 -3.95881523600326 0
v -6.5698330737089519 -7.1747424944445859 0
v -6.4307137889269574 -7.3872669563925575 0
v -6.2388178386238442 -7.5414348483011837 0
v -5.5179489556638526 -7.7990505985792051 0
v -8.8827945062545375 3.51694788133217 0
v -9.1909108044276167 2.6076968971595003 0
v -9.532312710043982 1.9428365777124701 0
v -9.6429909775464662 1.7142057446960548 0
v -9.6764759239580567 1.4703402413944446 0
v -9.7663444992280475 0.73776284443325668 0
v -9.7751876423629938 0.49176995166183407 0
v -9.6235263844026449 1.0320799392573812 0
v -9.7171951280895676 1.2430918784731801 0
v -9.3291621079754865 1.2890448682490936 0
v -9.7910764350359454 0.24612809694910501 0
v -9.3759463255127553 -1.4801061136563751 0
v -8.6323290186382984 -3.3945804602633864 0
v 5.3202161666068157 7.9352539280085335 0
v -8.0381757621148395 -4.4089340050548014 0
v -7.8560676808415586 -5.2451750097018639 0
v -3.4050475084573408 -8.9262897825698388 0
v -2.2594380956714994 -9.2826672210932504 0
v -1.5821808154383497 -9.5987668803259876 0
v -1.3495419607743131 -9.7007480732993994 0
v -1.1045860999772599 -9.7250169208969606 0
v -0.36008075700658815 -9.5469005156406297 0
v 5.1191211045494001 -8.066447529747629 0
v 7.284138919692885 -6.1817716468430133 0
v 8.1301333986514575 -5.017353687055035 0
v 8.4849790643126131 -4.3906805443973509 0
v 8.9137321463064971 -4.0584651566460961 0
v 9.0068117597074302 -3.8305871769405977 0
v 8.7035312087849501 -4.2299618328665156 0
v 9.0482810653768642 -3.0661932986600746 0
v -5.816592944140182 -7.797874012543943 0
v -5.6568451049310138 -7.9953659467019049 0
v -5.4504466312519186 -8.1294969548088147 0
v -4.7073662978127686 -8.3134645956033939 0
v -8.0014818425678111 5.2200825219747031 0
v -8.4849790643126131 4.3906805443973509 0
v -8.9522821831342885 3.8073956081828491 0
v -9.1063894040993123 3.6054750868334926 0
v -9.1879018455651646 3.3732092096827033 0
v -9.4222621311210748 2.6733375661196406 0
v -9.4800535019402261 2.4340640389063006 0
v -9.2235430382941779 2.9332047969518302 0
v -9.2731851637664899 3.1586716118562737 0
v -8.8837942816155504 3.1262073150777314 0
v -8.3256105578511477 -3.5391026257077156 0
v -8.7702578437396586 -3.1416615001089259 0
v 5.4541346520606462 8.1349977592998535 0
v 5.2444290244711373 8.2638992757522551 0
v 5.6398742859893947 7.8657035860613931 0
v 4.4969560077198185 8.4291334233407316 0
v 8.9683706042298166 3.2926112264445178 0
v 7.4371856596068966 5.996765449752953 0
v -7.7187947756309319 -4.5710678177958002 0
v -3.4907586307978349 -9.1509783885535292 0
v -3.2574876021317851 -9.2295663464058819 0
v -3.7321609049961344 -8.9301993120365584 0
v -2.3163118757700998 -9.5163274871910843 0
v -2.0750298300602554 -9.5650586218505129 0
v -2.5834816496101078 -9.327545589820021 0
v -0.61084378423344354 -9.709093364321248 0
v -0.36914427712190123 -9.7872120199480879 0
v -0.12299082664668637 -9.7867748399743864 0
v 0.59988014044773297 -9.5348359691909792 0
v 5.2479786780638413 -8.2694925798309491 0
v 5.4504458421936217 -8.1294957779023793 0
v 4.9266748220305425 -8.3309895330266883 0
v 5.9028386238112001 -7.5119554839602491 0
v 2.9522526983367281 -9.0860984775880702 0
v 7.4674924389006723 -6.33737674757276 0
v 7.6192369878877368 -6.1435583142940962 0
v 7.1789570393900428 -6.4915378297885917 0
v 8.3347840850052055 -5.1436497061618853 0
v 8.4556912010601017 -4.929235242129403 0
v 8.0726798350206721 -5.3394082177663034 0
v 8.6985602651549847 -4.5012024789285103 0
v 8.4807300122095555 -4.6605231911083012 0
v 8.4415177568091355 -4.1026223988318353 0
v 9.1322725290105264 -3.3527856440163779 0
v 9.2760421970246458 -3.1433757940170599 0
v 9.3457839812939447 -2.9073107733098356 0
v 9.3103251779239926 -2.1426126769340388 0
v -5.00461760454077 -8.3422693715685963 0
v -4.8258570874453159 -8.5227283763908339 0
v -4.6070355765631765 -8.6354659664370992 0
v -6.7977893795339686 6.7128996452484202 0
v -7.4371856596068966 5.996765449752953 0
v -8.0115638120526445 5.5185568659858779 0
v -8.202892550130338 5.351480598646468 0
v -8.3291488805658158 5.1401720540697831 0
v -8.6985602651549847 4.5012024789285103 0
v -8.8029733389400473 4.2782930489838424 0
v -8.4519458069808753 4.7161480328568119 0
v -8.4555588733205749 4.9469873164727476 0
v -8.0804935570207768 4.8374098724233203 0
v -8.5950943109819189 -2.6407887192149309 0
v -8.9596140486085041 -3.2893957948298649 0
v 5.9215627422493116 7.5357837246629442 0
v 4.7933938893202299 8.4653958900670094 0
v 4.6101533647850168 8.64130993166523 0
v 4.3885715869517137 8.7485160368879793 0
v 3.6282897996207373 8.837897320732182 0
v 9.194119427726994 3.3754919124989993 0
v 9.1002311566583849 3.6030368718206014 0
v 9.1860989836340625 3.0484523428712946 0
v 8.5926377095662723 4.1760698903038982 0
v 9.5265449230521035 0.71964728670277311 0
v 7.6243925144887097 6.147715353548473 0
v 7.4624415288918398 6.3330902339345325 0
v 7.7217577747752948 5.8354025732622992 0
v 6.7977893795339686 6.7128996452484202 0
v -4.080666003228183 -8.6718515885847065 0
v 0.3666612772141406 -9.7213773954933895 0
v 0.61498058501485486 -9.7748441441195784 0
v 0.85984824875244381 -9.7497042619089438 0
v 1.5537834010392959 -9.4264892329717274 0
v 4.5112213151809248 -8.4558722377949387 0
v 5.8165942064617679 -7.7978757048576277 0
v 6.051423132576625 -7.701043555115997 0
v 6.2388179603505689 -7.5414349954434279 0
v 3.0265655255322024 -9.3148107429979525 0
v 3.2574874640698712 -9.2295659552307345 0
v 2.700062316888828 -9.2944687128653243 0
v 6.8193510405024576 -6.7341919422019929 0
v 7.7536156891685195 -5.6333327581227088 0
v 8.0044979661633739 -4.5180694705448321 0
v 8.3132619910979457 -3.5816003550475894 0
v 9.4226563573401858 -2.4193269373980448 0
v 9.5446820490306905 -2.1965459801202267 0
v 9.5903778560857411 -1.9546711079408565 0
v 9.4783542372535017 -1.1973944625158839 0
v -5.3202161666068157 7.9352539280085335 0
v -6.0897501392463127 7.36124306242582 0
v -6.7480611228083065 7.0073746106205199 0
v -6.9689015967110119 6.8818742036482661 0
v -7.13481459878256 6.7000369592049918 0
v -7.6243925144887097 6.147715353548473 0
v -7.7712196682192562 5.9501471822339767 0
v -7.3398197616213112 6.3090790209082899 0
v -7.297259603730752 6.5359897761715668 0
v -6.9516338283124846 6.3537162807095733 0
v -8.8368926983684855 -2.837292995208724 0
v 6.2728169725430538 7.205882685959824 0
v 6.2082675256429134 7.5045058859701603 0
v 6.0615843317981843 7.713974657943595 0
v 5.8697413349798895 7.8426804785661046 0
v 3.9195898137294742 8.9037291895262651 0
v 3.7196206489077301 9.0603631060625904 0
v 3.4883975411582169 9.1447888774930988 0
v 2.7229877703105734 9.1574188471134459 0
v 9.2200667914964409 2.6159692443413545 0
v 8.8537731743676353 4.0311656568157943 0
v 8.8089287804431198 4.2811873947662962 0
v 8.6926805269750762 4.4981598888708785 0
v 8.1301333986514575 5.017353687055035 0
v 9.7663444992280475 0.73776284443325668 0
v 9.7381294339376154 0.98229506112612075 0
v 9.6693628387099224 0.42533282830325631 0
v 9.4062208676590657 1.672115683535548 0
v 7.8927333321169373 5.4367035239434855 0
v 7.0916169815264185 6.6594716838557169 0
v 6.9689015967110111 6.8818742036482661 0
v 6.7891661959842562 7.0500594782671486 0
v -4.1771574201316355 -8.8769086992764343 0
v -3.9613364980847119 -8.9593122505566551 0
v -4.3451616244274929 -8.6726218561254154 0
v 1.3404643957579288 -9.6354957185060606 0
v 1.592895667161917 -9.663770314115629 0
v 1.8340041608297799 -9.6141815336869776 0
v 3.8492422269562807 -8.743928267514562 0
v 4.3670812147201756 -8.7056756526581331 0
v 4.6178948594846467 -8.6558205470821079 0
v 4.8129855822452869 -8.5320946136737934 0
v 2.2666049145402272 -9.3121113832544182 0
v 6.4519176237014166 -7.0459710363898598 0
v 6.7559201260507278 -7.0155356595450957 0
v 6.9806026685770846 -6.8934290971795029 0
v 7.1301371096885866 -6.7173374042926728 0
v 7.9369571548555342 -5.7665376495063256 0
v 8.0583383911801008 -5.5699791692650154 0
v 7.7048086865606678 -5.8932869167022366 0
v 8.2627036520200381 -4.5221352823276746 0
v 8.4508674717802776 -3.8240239933360551 0
v 9.6178894504559924 -1.4614379948080678 0
v 9.7169404959140095 -1.2275350685243598 0
v 9.7381305396037572 -0.98229517265579103 0
v -3.6282897996207373 8.837897320732182 0
v -4.7073662978127686 8.3134645956033939 0
v -5.212676528227064 8.2138658394992756 0
v -5.4541346520606462 8.1349977592998535 0
v -5.653020137776255 7.9899597510477687 0
v -6.2430396024465988 7.5465380810333089 0
v -6.4263647465668887 7.3822709856464206 0
v -5.9319750596233369 7.6478196222564083 0
v -5.8449539017449421 7.8616585485451314 0
v -5.5426935590176711 7.6140285679738842 0
v 6.4307137889269574 7.3872669563925575 0
v 6.5339994597834945 7.1379382379170044 0
v 3.0062073761548707 9.2521545551046476 0
v 2.7915287274326133 9.3879262100461673 0
v 2.5529978405289211 9.4487171272113493 0
v 1.7901843751007323 9.3844663658634833 0
v 9.4336315031226068 2.4221448796247969 0
v 9.4380844996543463 2.6778268027706753 0
v 9.3585311821359465 2.8947133989874931 0
v 8.4044956925412766 4.8993907466235047 0
v 8.3347840850052055 5.1436497061618853 0
v 8.1973448301457879 5.3478613286250019 0
v 9.5839923459018959 2.7755575615628914e-17 0
v 9.6178898749751927 1.4614380593139917 0
v 9.6429909775464662 1.7142057446960548 0
v 9.5903774538094169 1.9546710259510285 0
v 8.0793639362093668 5.5652592503919633 0
v 7.9344105288714273 5.7451399103775262 0
v -4.2142792856865778 -8.2033589514247858 0
v -4.4410639320557044 -8.4071202832101406 0
v 3.6946003877003557 -8.9994181777921902 0
v 3.9461344338140307 -8.9640277009398641 0
v 4.1673357004684153 -8.8560362370326757 0
v 4.082312568857617 -8.3748729749324085 0
v 2.3202011622828302 -9.5323062338107025 0
v 2.5399331893177273 -9.4609847282164452 0
v 2.061186764866815 -9.4787311154590128 0
v 6.6143241920176994 -7.2233297336463753 0
v 6.3549324308619246 -7.2978167789437327 0
v 7.2683851773222266 -5.6767884860010893 0
v 7.4260378544714367 -5.9377356651324362 0
v 8.1383067144916268 -4.2212465522461349 0
v 8.1299500290156512 -4.7519508297825981 0
v 8.7314721542212563 -3.604312474257263 0
v -1.7901843751007323 9.3844663658634833 0
v -2.7229877703105734 9.1574188471134459 0
v -3.4672766794523309 9.0894213027340438 0
v -3.7196206489077301 9.0603631060625904 0
v -3.9434657804134603 8.957965612764534 0
v -4.8258570874453159 8.5227283763908339 0
v -5.0351025632664843 8.3930851027138687 0
v -4.5018669076375879 8.5680021147050276 0
v 6.2829614533739617 6.7089059635348605 0
v 2.0624667578373272 9.507148050878536 0
v 1.8352455331740418 9.6206891432439203 0
v 1.5918183239987453 9.6572344322590542 0
v 0.83930429657848393 9.5167502858785706 0
v 8.9832520182977209 2.1404657435990684 0
v 9.5416219242951996 -0.48002108508922836 0
v 9.7365433743105676 -0.2447571843965004 0
v 9.8106158215866124 0 0
v 9.7932841878473003 0.23036563020322748 0
v 9.5350567992298423 2.1961374929649033 0
v 9.255314718804085 2.2063596872521973 0
v -4.4909442668025124 -8.1235185239859824 0
v 4.1406021086740896 -8.6126665860596585 0
v 1.8685250192912641 -9.0312715379521826 0
v 1.8198779360355992 -9.3322436207506581 0
v 5.9569720015132122 -6.9999659157188425 0
v 7.1381134434606244 -5.9335898290072961 0
v 8.095125472929471 -3.8656857902822939 0
v 7.6526168676706723 -4.8574020495912507 0
v -1.0781929526747054 9.4926531929792706 0
v -1.5821805419764552 9.598765221323827 0
v -1.8352455331740418 9.6206891432439203 0
v -2.0750300771375119 9.565059760774556 0
v -2.7915287274326133 9.3879262100461673 0
v -3.0245192503090705 9.3085129306336949 0
v -2.4656378326011992 9.3593853441410797 0
v -2.3018675073421027 9.5221096806421954 0
v -2.1206336267243331 9.1759371452331884 0
v -4.9300032087538845 8.1113690814586814 0
v 6.3479757979221052 6.95882495919275 0
v 1.0978985191392205 9.6661398496456918 0
v 0.86043018309726682 9.7563029883013748 0
v 0.61456464988201942 9.7682332240452201 0
v 9.7818004229759659 -0.49210258899293924 0
v 9.6495731300760355 -0.72736433566117797 0
v 9.0652927072547218 2.3963291824030364 0
v 9.185911068982028 1.8983204823178021 0
v -4.2110767236872206 -7.6729880487605016 0
v -4.8997834666155935 -7.8759597997385944 0
v 1.6030352410684126 -9.1427771068736821 0
v 6.197956899485475 -7.0927686232978511 0
v 6.9179589260676435 -6.2301747927868236 0
v 7.9089852422177165 -4.8848049886686313 0
v -0.59988014044773297 9.5348359691909792 0
v -0.85464272345307679 9.6906772643017689 0
v -1.1053337555200149 9.7315992366443549 0
v -1.3486292331473646 9.6941871038284191 0
v 5.8724311906014144 6.9491179589741741 0
v 6.5398744075386084 6.7754881668167322 0
v 0.12005223718610475 9.5529336525033877 0
v 9.1571261776148329 -0.7950604181135944 0
v 8.7533185108731768 2.7805209677625902 0
v -4.2874740336647204 -7.9377218559339919 0
v -4.7344676580532141 -8.0643184361795548 0
v 1.5381115171224313 -8.6163841853344412 0
v 1.1293683989208414 -9.2066805918373422 0
v 6.2419780498876305 -6.6191675250409387 0
v 5.9941352762179214 -7.2627518242932938 0
v 7.7456018574639227 -5.2004098398094776 0
v -0.3666612772141406 9.7213773954933895 0
v -0.61498058501485486 9.7748441441195784 0
v -1.3621700238086987 9.3938020702871246 0
v 6.1115724326141265 6.88690735724317 0
v 5.8817195765537402 6.494081207054804 0
v 6.0520446623254065 6.658079078380899 0
v 6.2576051037975837 6.2741407526137447 0
v 0.12307404847455178 9.7933972999377819 0
v -0.1229908246109922 9.7867746779819935 0
v 0.36315229395039844 9.6701295211736991 0
v 9.3938027535170789 -0.69176460676783547 0
v 8.6593082980878755 2.3854204478070979 0
v 8.9634865978143505 2.6324215140195415 0
v -3.7799753697209817 -7.9407863074861158 0
v -4.5739415958906928 -7.7116622506080974 0
v 1.6448084097416844 -8.8704247201035642 0
v 1.3762956626103473 -9.2495466556088299 0
v 6.1531774579431664 -6.849759952221949 0
v 5.7888009932273246 -6.5770447862139516 0
v 5.9325293263770549 -6.7647888847240125 0
v 5.5278466654333283 -6.925707520324921 0
v 6.5895276636848186 6.4173967919813775 0
v -0.17407472859923595 9.4904564171707069 0
v 0.44935821031776824 9.1805822493341118 0
v 9.0923494878940314 -0.32385023448212508 0
v 9.3682151865349823 -0.95592764510117523 0
v 8.8642124349796898 2.3197194760726272 0
v 8.6680443834676844 2.0602943362347439 0
v 9.1046190434382446 2.8244773100319005 0
v 8.9105462053173365 3.0218874440011203 0
v -4.0332925346830431 -7.8676836305713174 0
v 2.0418037503287128 -8.5542602961932364 0
v 1.2799070746130448 -8.8742565041593409 0
v 6.7480113721046591 -5.5742533109624368 0
v 5.6327294989758991 -7.2716747821116687 0
v 0.33721641205709596 9.4131986191100001 0
v 9.19119066863305 -0.55032013592993856 0
v 8.7403014184340737 -0.61230333169513584 0
v 8.9744872789280805 -0.64489879195290079 0
v 8.799611589636493 -1.0437479884685033 0
v 8.4595398220979838 3.2597560426856096 0
v -3.7770430726047368 -7.4551735172465508 0
v 1.798718710528765 -8.6563558866172361 0
v 6.9937381603200794 -5.6989070778872142 0
v 0.042605649406645407 9.193956363015019 0
v 0.60215887251423161 9.3975851209943944 0
v 9.1173324342341768 -1.2162135347143213 0
v 8.6285419900141775 3.03369401616493 0
v -3.9633424098202279 -7.6252907652643067 0
v 1.739273913350466 -8.174385374835925 0
v 7.0918515071834758 -5.2009743866845097 0
v 6.7214645437745268 -5.9311087513384546 0
v 0.91044476906764849 9.0182102636592525 0
v 8.7141050175307981 3.2738636027023671 0
v 8.143295295953429 2.8471308077303217 0
v -4.1717636923143617 -7.2099748101007339 0
v 1.7010259911988681 -8.4237538861992949 0
v 6.9725734324397663 -5.4361042101496713 0
v 0.81998505562495949 9.2596476772471039 0
v 8.8224679160026209 3.5378050546644784 0
v 8.4452723314098002 2.7860348080744517 0
v -4.1261233535882633 -7.447025584698185 0
v -4.4625826919645437 -7.3888864076358285 0
v 1.2780883740221176 -8.2312666158596031 0
v 6.6153921572269461 -5.1070921767101423 0
v 1.2318625203652103 9.276301372944431 0
v 8.9121808202408737 3.7797860018900429 0
v 1.4624114938521808 -8.3871554052248474 0
v 1.1639952402521681 -8.5530868451959634 0
v 6.7475835797490173 -5.3219700009271671 0
v 1.021646030048565 9.3737715883907242 0
v 8.5733340074526012 3.8335307942476393 0
v 6.3005687637240309 -5.448870013777813 0
v 6.5419723590853822 -5.4484606699623033 0
v 6.4218117920756272 -5.7678469807020543 0
v -8.0552035009575391 -5.5518620871105249 0
v -7.0027641771566165 -5.9912214981635179 0
v -7.4573386770406804 -6.3322635336592343 0
v -7.2039087710604335 -6.196588029242128 0
v -6.9317555746134527 -6.2619582930161135 0
v -7.2959337023054269 -5.9052669606041386 0
v -6.4552457657673905 -6.4587144514898878 0
v -6.7212483827003675 -6.4275365924981642 0
v -6.7388658205837491 -6.7084844414409099 0
v -6.5362118576378467 -5.9991725298757039 0
v -6.7218108366460045 -6.9660702765740554 0
v -6.7708493147978785 -6.0750755106495973 0
v -6.7643636427740201 -5.694507876674316 0
v -6.564564564535659 -6.2410715722042269 0
v -6.1466635978835562 -6.167442145883653 0
v -6.3891549683181079 -6.8834736213840877 0
v -9.5612487541946471 -0.45662810226548239 0
v -9.3308870372977388 -0.35935246173381302 0
v -9.2781315861040365 0 0
v -8.9380864878991808 -0.59985356589389993 0
v -9.1684036450397688 -0.53499806118114335 0
v -9.1802332169616783 -0.93317745603161706 0
v -8.9531898393942626 -0.21210616011593564 0
v -8.4853275709473692 -4.1160836828023086 0
v -8.9893533262756176 2.0310021826692344 0
v -9.535384732057512 0.47970378075155362 0
v -9.2211937141916458 0.33936546341880924 0
v -9.2972064775161076 0.59106359334740732 0
v -8.8130087465486664 0.59996418838964316 0
v -9.2506477351835539 0.94291733786934229 0
v -9.0538523976883223 0.52722947455815261 0
v -8.8512463456431565 0.17829428187044019 0
v -9.0061104642210754 0.8042589535381417 0
v -8.5474013448389599 1.044427646120462 0
v -8.9468067347122897 1.1938083100380299 0
v -8.7428859007275594 0.85965343767181301 0
v -9.0508287884440914 1.010355507943296 0
v -8.3175899242003872 0.6055003519272758 0
v -8.7629699523546929 1.0766966175554007 0
v -8.6472816199433531 1.4611443645245186 0
v -8.4943957471591691 0.79255463872305043 0
v -8.0743971871844664 1.0124554446443592 0
v -8.3154081742042223 0.96173571271920832 0
v -8.271466155203484 1.350911353345992 0
v -9.4598314365050591 1.4620453474147239 0
v -9.2146848786405524 1.5113591790508183 0
v -9.1444157886627764 1.78956505446096 0
v -9.2695215342415782 2.0404267693811944 0
v -8.9222032511108456 1.5854615294321328 0
v -9.1202503221311684 2.3088230694434415 0
v -9.4726842935117723 2.1848865388727505 0
v -8.0542832494774945 -5.2048662529989915 0
v -7.6413047159348784 -5.4883629147762942 0
v -1.690752718120748 -9.0595180652139238 0
v -5.6651851874420567 -7.2690488998364531 0
v -6.0424956020831537 -7.6940063860652215 0
v -5.8212676151833076 -7.5104482982336611 0
v -5.5415417275929464 -7.5201525425468834 0
v -5.969615030769936 -7.2433717350771749 0
v -5.1830838043546965 -7.630276494935627 0
v -5.2539717797799943 -7.2225602226483296 0
v -5.4512257687851324 -7.3196881073989264 0
v -5.48774486074233 -6.9966601970182047 0
v -8.4026546497583432 3.7853542265497104 0
v -8.9772791157036487 3.3218180738996979 0
v -8.7272242420463382 3.3211782665104108 0
v -8.6028073378853875 3.5797449255652749 0
v -8.459879550876213 2.9461373030517706 0
v -8.6752964526977312 3.8505353641833713 0
v -8.6464423824019772 3.0959552615706789 0
v -8.8131592630939668 2.7341612147694279 0
v -8.3207626104639818 3.3104434667248022 0
v -8.4754367256529974 4.0837170814962054 0
v -8.8455144950858369 4.0326620803758813 0
v -8.3640029685554804 3.5475032185110247 0
v -7.9221412464142027 3.5056265689520121 0
v -8.1258513543544879 3.7082697749690823 0
v -8.1489777992906625 3.4642509507767918 0
v -7.9622119659707993 3.0828201281987568 0
v -8.5222515167473887 3.3817663939435083 0
v -7.6647657985687774 3.9680699965635773 0
v -8.1954259274963075 3.9939638019409518 0
v -7.8586700187933847 3.7731448845482056 0
v -7.4161694583676825 3.52686874975777 0
v -7.9274392460353802 4.035460836621815 0
v -7.6026884273004516 3.7124108528458231 0
v -7.6766371537475857 4.4674129761713983 0
v -8.1144494035855761 4.3570934294115018 0
v -7.1805139788918657 3.950286478902211 0
v -7.7411217646487422 4.2160673179289487 0
v -8.2825000565743032 4.2039745430426487 0
v -7.4251478251492413 3.8908861935140884 0
v -7.378428146114909 4.2569603879926481 0
v -7.8894487471376165 4.3880665501195386 0
v -7.8702112435646638 4.6615300455240494 0
v -8.1023774886609008 4.5975984799078908 0
v -7.4293081850719034 4.9076249715051867 0
v -7.7858303127547774 4.9760629896874073 0
v -7.615053958171945 4.7223987619548566 0
v -7.4044430733554387 4.5366032611236697 0
v -6.8957059397479066 4.4428991139111691 0
v -7.163289217379587 4.4180060800911765 0
v -7.0060155970550593 4.1780371773774396 0
v -7.0629105648895347 4.7896196017612027 0
v -6.6895256283432571 3.7548243353844053 0
v -7.2089216324857555 4.6296957992019214 0
v -6.9074545807194285 3.921797476628881 0
v -7.0774147949045183 3.6156195127767319 0
v -6.5411216256953386 4.1742214755110965 0
v -6.7730737365418507 4.2364234308213637 0
v -6.5806602104998184 4.4903590339192938 0
v -6.6833467763892376 3.9885929495023356 0
v -6.3261107502203711 3.8621847051411997 0
v -7.9778102516283314 -3.7793805230051762 0
v -7.9337028127835829 -4.598771767715399 0
v -1.8305492768748002 -9.6103353370820876 0
v -1.7184243815731532 -9.3456437499690601 0
v -1.4655326682276564 -9.2257003766043777 0
v -1.9729226166218161 -9.1766298994009343 0
v -0.97108464993211352 -9.0797697990526824 0
v -1.1977286693925249 -9.2224650600398252 0
v -1.0350983044925344 -9.4522306911837557 0
v -1.3225666764370654 -8.7728459781807384 0
v -0.86013412389279964 -9.6420434822265459 0
v -1.457580664316052 -8.9792164631152875 0
v -1.6914277010428356 -8.6788760438475876 0
v -1.1927995585046385 -8.9789561250667553 0
v -0.91368293344061979 -8.6593182529393395 0
v -0.65301793866542512 -9.3689425680411365 0
v -2.8578339811668645 -8.8475778753205105 0
v 9.0970996910081361 -3.5989224504751562 0
v -5.2398029520830685 -8.2615946447130124 0
v -5.048632239959046 -8.0874351366177333 0
v -8.133031787687063 5.047750850910723 0
v -9.0189966865402145 -2.3170693027511362 0
v 5.3580727726302833 7.3398850336343298 0
v 4.7094582984293902 7.9217620698789792 0
v 5.0305338408291327 8.3906634220641827 0
v 4.8340582731395152 8.1808207950779082 0
v 4.5553211079395837 8.1553916393527448 0
v 5.0147061856051263 7.9344403125237353 0
v 4.0408698909807885 8.1887973096274571 0
v 4.2740751778179131 7.8021787206977402 0
v 4.302806563866886 8.244645415610794 0
v 4.4722739431016931 7.9329404256831237 0
v 4.5737220269619936 7.5635847952080901 0
v 4.229313911896039 8.5163892210568761 0
v 4.211995765284918 8.0283759984671654 0
v 3.8420500982960166 7.8052276867857993 0
v 4.1305016135180939 8.7548776074778232 0
v 3.841950716153717 8.5698711847675799 0
v 0.15258422050938036 -9.2146739750783535 0
v 0.12560683575047504 -9.7823154016178826 0
v 0.18261012713830696 -9.5005627369879697 0
v 0.406454188906757 -9.3325320309022324 0
v -0.10051458303685029 -9.3857772053836719 0
v 0.75462110273500549 -9.193264966937484 0
v 0.44351677708364906 -8.9203470611270497 0
v 0.35093054658085004 -9.1197807209432469 0
v 0.11971496010456645 -8.8912316535463933 0
v 4.5589704330539638 -7.8612253263557674 0
v 5.3664496312637011 -7.6688079715664861 0
v 5.6526447659838448 -7.9848017516689982 0
v 5.5840785001556741 -7.7593019636940221 0
v 5.5598461197680162 -7.5106437099267414 0
v 5.2025443691858726 -7.2710710290108986 0
v 5.3448451616252886 -7.4450703464537256 0
v 4.9870002128276552 -7.5925363317329424 0
v 8.8759527199975921 -2.4801019998723417 0
v 9.4123618230601664 -2.6677520263524439 0
v 9.1585417549751309 -2.5328080854567094 0
v 9.061282448161057 -2.2703557848345017 0
v 8.9678187044888702 -2.7714711463127037 0
v 8.9593505227669166 -1.7650001735370824 0
v 9.0815847106943437 -2.0033029386108923 0
v 9.3247498555817341 -1.8614822244004663 0
v 8.6227450206989946 -2.0881579952408065 0
v 9.5292028402397939 -1.7038750547448653 0
v 8.8164536279018026 -2.2407782915186467 0
v 8.4967439996854157 -2.447320395614319 0
v 8.8394542510451721 -1.9769999195905379 0
v 8.5455790087664223 -1.6708955432488066 0
v 9.297608984697824 -1.4817151447039767 0
v -6.2509023733164 6.7719826471152702 0
v -7.9162825835716539 5.7482132444145231 0
v -7.556805793337614 5.4644777219933482 0
v -7.7765582432424107 5.5556499486560709 0
v -7.7547258561343551 5.2978517420861699 0
v -7.5685081085959016 5.7466924442959773 0
v -7.4917539228999024 5.1863496982203436 0
v -7.0623681018850153 5.626330059821969 0
v -7.1605785408640985 5.1141889650015777 0
v -7.29708767299533 5.7636772864499157 0
v -7.275315473886919 5.3836444437342941 0
v -7.0070881203957143 5.9900364384281586 0
v -7.3745548365051565 5.5685990793223228 0
v -6.9611055351622451 6.5703119783134492 0
v -6.7312451553549408 6.4718588011378388 0
v -6.5155591665177415 6.6611091670347298 0
v -6.6885225473807006 6.1275290045512349 0
v -6.4762857502224973 6.9386696526375848 0
v -6.1926431799779982 6.2616102422017912 0
v -6.2011068735961912 7.0750308056755413 0
v -6.5616478572374239 7.1728855554127753 0
v -6.2959994939900259 6.508323438212809 0
v -6.4668566877277831 6.2917394248840326 0
v -5.820230080898706 6.5626326876058751 0
v -6.3681889339770033 5.9268315215090892 0
v -6.0660133283235176 6.6046722462270679 0
v -5.8871977971032061 6.9106102192523551 0
v -8.5782007149542547 -2.908594797855204 0
v -8.0859027787665934 -2.86471967531496 0
v -8.3433980107010264 -2.7593472269766561 0
v -8.2921687968744333 -3.0014626544447762 0
v -8.2258205142858838 -3.2754496277346004 0
v -8.0278541125484839 -2.3555654392099408 0
v -8.0394252122987044 -3.4967096696139426 0
v -8.3438339303171514 -2.4338214166159693 0
v -8.1286823753350248 -2.6019561924020049 0
v -7.5075202882929224 -3.5288187685386689 0
v -7.8722196263077198 -3.1667090854948268 0
v -7.6414854094634794 -2.6575015105961546 0
v -7.7780009645729562 -3.5877765847802463 0
v -8.0872205571829046 -3.0968595779939725 0
v -7.8772505644237514 -2.5610214654147776 0
v -7.5382446827174228 -4.0377852991722287 0
v -7.6888708867421611 -3.3467577115294169 0
v -7.5883354824402325 -2.1913149079465772 0
v -7.5946599438513482 -3.7789690987638802 0
v -7.2754515579693857 -3.1163036575211418 0
v -7.7849312200162526 -2.3354236798919112 0
v -7.9420984491185056 -1.914859285356282 0
v -7.9228253029258555 -2.1473061311054575 0
v -8.2897570977571267 -2.0607075586788883 0
v -7.1076425886550938 -3.8083685040528694 0
v -7.5812452761352978 -3.0537804462754221 0
v -7.4496612341115656 -3.2898335136200592 0
v -7.1773209430078753 -3.4822644767103719 0
v -7.3470051889347259 -3.7249867450795442 0
v -9.0496155406365055 -2.8529026777080597 0
v -8.9620381956842099 -2.5891155591171797 0
v -8.7486417393805471 -2.4024507675295501 0
v -9.2588568848312125 -2.5092748241622012 0
v -9.485047192901888 -2.429080046825145 0
v -9.2991284028412853 -2.2637775177639901 0
v -8.7468144286665623 -1.9259431486005667 0
v -8.8219680434015029 -2.1639122627783767 0
v -8.537499295555957 -2.2070065241299748 0
v -9.0552630270593912 -1.9593830151710523 0
v -8.5110693151221533 -1.968850564631238 0
v -8.2532982849981895 -1.6603332210389441 0
v -8.5753895150992818 -1.6531655185133836 0
v 7.2964850311276885 5.4170217639266367 0
v 7.0141811909013665 6.1976410867567395 0
v 7.2958530209221744 6.5176679415252297 0
v 7.0795347634590495 6.4240903435600369 0
v 6.8351977232879246 6.3719511607703501 0
v 6.637483047982025 5.9898894792986477 0
v 6.7943101922462388 6.1509212857227036 0
v 6.9812247552646012 5.8120051654813683 0
v 1.1067429825312478 -9.7203181905206577 0
v 1.1462412106252815 -9.4647409457799725 0
v -5.5087193381325914 7.8281538317841255 0
v -5.303151177621765 7.6857794304970923 0
v -5.037532603317846 7.8292696380358509 0
v -5.2957278827185545 7.2252614387160952 0
v -5.3643844901689599 7.4544735578305446 0
v -5.7023775832698336 7.2561640780347112 0
v -4.9761955556706443 7.4458604558577814 0
v 3.0325378491019546 8.7027164707215352 0
v 3.2534946827035895 9.226281623537437 0
v 3.1028802076030884 8.9814374096378611 0
v 2.8348405567204518 8.9008472556746234 0
v 3.3290972980288807 8.7761089241237347 0
v 2.3240835113769798 8.8308489175153717 0
v 2.5695904560585623 8.9378780538730442 0
v 2.443321582890734 9.1894657117315468 0
v 2.6254683099579821 8.4746130885397655 0
v 2.2988550116320199 9.403407231571375 0
v 2.7899504001153437 8.6583575481446236 0
v 2.9760182990148722 8.3263038401721534 0
v 2.5281366703917403 8.697875596899193 0
v 2.2041779944050077 8.4237981112302389 0
v 2.0530620548647898 9.1645255073915006 0
v 8.0581987942235376 4.4720035571122434 0
v 8.5717283316262805 4.7153958265614273 0
v 8.2963072690820567 4.6330623140287841 0
v 8.0426912368051369 4.7514684318999949 0
v 8.3282953863714688 4.3292326605054399 0
v 7.6561664218491758 5.0259068007108523 0
v 7.8918284875310478 4.9484041935189769 0
v 7.9503461851428341 5.192446260693047 0
v 7.6485855410253532 4.6058156724792871 0
v 7.8739842380488252 4.6019441534358583 0
v 7.7549953792764832 4.2377064803194351 0
v 9.0818118012811162 0.32202891334921391 0
v 9.1385820624510714 1.191546113821329 0
v 9.7056434975115629 1.2288011937510803 0
v 9.4192569855670527 1.2536418434087633 0
v 9.2270394147409753 1.4570939317811551 0
v 9.3371542544948785 0.9593709098084916 0
v 8.7120677130750899 1.4811305059994888 0
v 8.9661637846182369 1.3964878759501878 0
v 9.0418737504238891 1.6623640980637417 0
v 8.6890677158272975 0.98836695269856811 0
v 8.8851713669593551 1.1533496943989194 0
v 9.0058197867790746 0.81090436605228655 0
v -4.1962459051293104 -8.4515153188244696 0
v -3.7741180325722405 -8.3705658438623072 0
v -4.0040186380188452 -8.3128128524335327 0
v -3.9591853031286406 -8.0863371818816763 0
v 3.3190081774890898 -8.5975359021408462 0
v 3.4893169190514541 -9.1397010731455399 0
v 3.4457219076963086 -8.8555635689901369 0
v 3.5979434727360813 -8.6206822238786938 0
v 3.1403820586417508 -8.8453841493999104 0
v 3.8268875866231964 -8.4716872176951767 0
v 3.7829751331191011 -7.9704820659837052 0
v 3.4892441741315068 -8.2383210555216593 0
v 3.875614262841363 -8.2148918489688665 0
v 3.4716834438956465 -8.4499446356554735 0
v 3.1991531002134015 -8.3207894097267641 0
v 4.2014432003241691 -8.0074347877586618 0
v 7.5155243390366806 -5.705574955380718 0
v 7.559001436710691 -5.4203996294207837 0
v 7.4186502788868465 -5.1122162473548407 0
v 8.8083741124757911 -3.7913944342065435 0
v 8.8138593746783904 -3.2904989758385677 0
v -3.1019006064638646 8.6782274677851117 0
v -4.1533917997082588 8.0764396267515686 0
v 2.0383272953499278 -9.2131347580161673 0
v 2.3161291104565138 -8.8851541363515949 0
v 2.100908787395213 -8.9845013836748375 0
v 1.9936549183390915 -8.7800551835436949 0
v 7.5452171896552382 -4.1324520139478214 0
v 8.237810780271543 -4.0287597709195788 0
v -3.2585339123082875 9.2245028236000195 0
v -3.2220900838185766 8.9393589681374355 0
v -3.3801663142041529 8.7083769345551509 0
v -2.9171040842174065 8.9215078947408184 0
v -3.7278394469254241 8.3447625751386116 0
v -3.6066561379060298 8.5769146393480948 0
v -3.8663178706502719 8.6867784564117496 0
v -3.2802668482167774 8.2588346685527121 0
v -4.1768022121555957 8.7450183787106042 0
v -3.2621138479455953 8.4987399217467683 0
v -2.9170640463438438 8.3519914881972728 0
v -3.491165987889111 8.3689239572345251 0
v -3.569227415576691 7.9623254790775979 0
v -2.0055669623583361 9.3596853922906256 0
v -1.872119253612905 9.1482152906304197 0
v -1.5715349839320898 9.1763024085716935 0
v -2.0455196408509648 8.7215287911718899 0
v -2.0189932908904487 8.9593259849683555 0
v -2.4138034256779899 8.9062213417610891 0
v -1.6651445860748284 8.7994759451928637 0
v 1.3453720110529532 9.6901722760883349 0
v 1.4376752802411816 9.4423557208100366 0
v 1.2272104979430025 9.4926396701458504 0
v 1.5593392367212788 9.0809893084377311 0
v 9.3944741638140954 1.8810617160152188 0
v 7.1130021922908817 -6.2964022204766055 0
v 6.948435808955856 -6.4607388308077818 0
v 6.5625760347468187 -6.3944470318311977 0
v 7.9588455837549326 -5.1529484911212471 0
v 0.00078847765947628878 9.3908209934396254 0
v -0.1976645048012852 9.2457927998413432 0
v -0.3998894887745893 9.3887598011845839 0
v -0.1694211302589288 8.7939418804811389 0
v -0.75883756297920768 9.1072696304733647 0
v -0.11982013913967146 9.0238503872139546 0
v -0.45755456481836643 9.0926874733808507 0
v -0.61906092793972478 9.2986356877278347 0
v 0.24090600015781977 8.8257217291091958 0
v -0.83207547402728443 9.4348125979669035 0
v -1.0117868960359693 9.2226701018061643 0
v -1.0898854300675054 8.7165604788532285 0
v -0.97946160265602211 8.9586013750013773 0
v -1.2797628857636474 9.0558536387060329 0
v -0.62179855131339012 8.6492192301704112 0
v -0.75239549977017761 8.8596721697621525 0
v 8.0873174363314959 2.2073707226349852 0
v 8.336729854289171 3.0263793507485319 0
v 7.9844223441781033 3.3607758904978051 0
v 8.0803496058530051 3.1090540303101086 0
v 8.2212640104949202 3.30689342393732 0
v 8.3971726827907052 3.5702965612437914 0
v 8.1507529157584688 3.5444230546125022 0
v 8.24166918494603 3.8649248022242171 0
v 7.7420318700758415 3.7474576909503545 0
v 7.9177592524738527 3.5883001232444469 0
v 7.9842903909979546 3.8383477052456727 0
v 7.5477530999582712 3.3563627353869299 0
v 8.6036605032551332 3.4734226003899518 0
v 8.0837585876561437 4.1346211599148699 0
v 7.7886439830395497 3.9915209299907608 0
v 7.3326811325873491 3.9521197280391895 0
v 7.566219147415417 3.9075177618795753 0
v 7.494823253795861 4.1673945254577118 0
v 7.3936056218018056 3.6374141932701738 0
v 7.6475048330869972 2.8665070750733879 0
v 7.5755309402381101 4.3852630606536609 0
v 7.2210793029209857 4.625045020452184 0
v 7.3019534764926597 4.3627246501686656 0
v 7.8981326198817419 2.9267382330545457 0
v 6.7964947385715959 4.3505172360353495 0
v 7.7154298832243127 3.1354232890688261 0
v 7.860385018071443 2.5322506812528665 0
v 7.0475025460801834 4.4279037118563256 0
v 7.4019064403290358 3.071578958301532 0
v 6.7848137690241641 4.8341780720371332 0
v 7.0156481564676074 4.0854524985427858 0
v 6.8588629540174795 4.5939949731715295 0
v 6.3960599856800799 4.5828177452936245 0
v 6.6290377483664127 4.5231391583795588 0
v 6.4067551957418223 4.1399731493315102 0
v 6.5719327997864774 4.3002085588727503 0
v 6.7012563623990333 4.0016424052976944 0
v 8.5961791037497246 2.6091760619256821 0
v 8.277296945570793 2.4898970175286212 0
v -4.4034263849575082 -7.5898931064526369 0
v 1.3362156997504706 -8.6724329949554804 0
v 6.6286754337970644 -5.7447909353242324 0
v 5.7957321105722235 -5.823288939628978 0
v -7.484731132524578 -5.9875835578506136 0
v -7.073669504347051 -5.6901205192804296 0
v -9.5032098978874906 0.019228019395078705 0
v -9.4105646325102761 -0.97358646740121735 0
v -9.1696098649375806 -1.2454602657943905 0
v -9.3550890907230073 0.18737091102257206 0
v -9.4548612984409353 0.91316664292026895 0
v -9.0869217392050334 0.14237847673655224 0
v -9.0297327779941075 1.3956170874606644 0
v -8.6339679069847808 1.8567338079231348 0
v -7.8570922406652084 -5.4625039990867368 0
v -7.5634769657297891 -5.2032078512469777 0
v -7.3002633469119766 -5.4282454411845311 0
v -7.1599727006609122 -4.9977037182619135 0
v -7.3972040882097554 -5.030792802741237 0
v -7.3265033211610513 -4.670723357038443 0
v -6.0881313034450883 -6.9570465442477936 0
v -6.1381689390486587 -7.3617382778056975 0
v -4.8472235114334055 -7.4367813955053697 0
v -4.6343340988699895 -6.7838887496803846 0
v -9.0409342174017127 2.7871217248112004 0
v -8.9473210365120366 2.5074972106514415 0
v -8.4784273994857209 2.3829973991662889 0
v -8.6953165211855765 2.5113734477390195 0
v -8.8174195651587084 2.2559370436345851 0
v -8.4584135954011312 2.6642136172271536 0
v -8.7654750878225371 2.0380541236995398 0
v -8.8707620676567007 1.8233424324431893 0
v -8.4892156943963997 2.1000686651958791 0
v -7.9699017209285561 2.4881265546909228 0
v -8.1539970717698171 2.8067621859264129 0
v -8.2164941976478012 1.7731135841480834 0
v -8.2389904930091333 2.507277263718017 0
v -8.4104905013547597 1.8885158512555638 0
v -8.4911241315835237 1.6539075856790129 0
v -8.1498288028526513 2.1059403620865647 0
v -8.1168191815383643 2.3238464431711878 0
v -7.7677622539072138 2.1595160837040184 0
v -8.3174458216463893 4.5380868877390421 0
v -7.2837356458986209 3.7122546308867985 0
v -6.7755282222250797 4.7145314955873721 0
v -6.8461233196473081 5.0318338490261318 0
v -6.2806982834759983 4.9478924920044189 0
v -6.495203310463765 4.7614281609124438 0
v -6.0574009771884487 4.4744020883397244 0
v -6.5549603587565839 5.0467849561314431 0
v -6.23582403627214 4.6796565886500749 0
v -6.2569936297968836 5.4433902090808735 0
v -6.7198005503290892 5.4143601138887361 0
v -6.3207607230969236 4.4256462630879252 0
v -5.7827529005011096 4.8933242013224447 0
v -6.3450121822562471 5.1992851493698451 0
v -6.9945198156092649 5.3440543161831666 0
v -6.708720321429559 5.1985799558703176 0
v -6.5270933908825848 5.3160809913273184 0
v -6.499632734345183 5.6079973412786641 0
v -6.132074532593629 4.1420985231920566 0
v -6.0394211337888599 4.8503851554829431 0
v -6.778211879564827 5.7027598036203244 0
v -5.9681502585936723 5.2129503194901163 0
v -6.5802847405500406 5.8277590986958412 0
v -8.2043058451411035 -3.735373047468483 0
v -2.0682301857017893 -9.3592111127169648 0
v -1.9349521047903901 -8.8696294886955993 0
v -3.1188352400126487 -8.9745686352361265 0
v -2.9430473160815325 -9.2353457445346301 0
v -3.1865750832051938 -8.5036340609527343 0
v -3.2281240943194964 -8.7499497057104278 0
v -3.5116819009464626 -8.5754565057764189 0
v -2.4713268469202099 -8.9450427037645373 0
v -5.2692302173266352 -7.9203610181221586 0
v 5.4240163176121694 7.6429660679497449 0
v 5.1670932446823619 8.0730041788976052 0
v 4.8734330485214725 7.6548133389149022 0
v -0.37249739703623169 -9.2372581705621108 0
v -0.1574372868238848 -9.5837153646968645 0
v 0.89461740927136635 -8.8318081615427371 0
v 0.65054331991342929 -8.1899210788162868 0
v 4.8097901796932883 -8.0436890834330939 0
v 5.319532205848426 -7.9153636510915364 0
v 5.089899374740753 -7.8192217281472818 0
v 4.8409280357746578 -7.7955399594939241 0
v 4.6192494336524614 -7.4819748591225999 0
v 4.6662823855698257 -7.6838660718091392 0
v 4.3947261799459323 -7.6407042616187653 0
v 4.3452905795131773 -7.848949086940423 0
v 4.4392790187082571 -8.0787798123365864 0
v 4.0100257319576533 -7.6593697688775562 0
v 4.2256043642830958 -7.1633217699717964 0
v 4.3774885632290204 -7.3781624610956271 0
v 4.6823997417895473 -7.0014933305504954 0
v 4.1084308864186578 -7.4072674851666216 0
v 4.4768240528549148 -7.1468275252659481 0
v 3.7345691687378646 -7.077578375541635 0
v 4.3219744629135235 -6.7097314428533377 0
v 3.76593232687779 -7.4188339979374227 0
v 3.9679947279347618 -7.1896987485996648 0
v 4.3377573935172364 -6.9501172854138993 0
v 4.0109497637694265 -6.8508633330772017 0
v 9.1413274922686938 -2.8824459825843944 0
v 8.665345080023874 -2.7066714506739928 0
v 9.0106201505456909 -1.4826265789715662 0
v 8.8794721337253399 -1.2755165429365067 0
v 8.4856169439789095 -1.2815842559505377 0
v 8.7484622207611267 -1.5035541399762067 0
v -7.2236951965023861 4.9182165912874778 0
v -7.220460759563669 6.1005340044806156 0
v -6.8907873387790888 6.1583705566977534 0
v -5.9632592506371056 7.1472602579313564 0
v -6.0919917264491463 6.9014863346295314 0
v -7.8703317860267905 -4.1127432838304747 0
v -8.2188404164174287 -2.2614614982909607 0
v -7.3740691545789394 -2.8195685235823245 0
v -7.8098802126107794 -2.8960044632854509 0
v -9.4303349349573917 -2.6624308931626053 0
v -9.1668098235314179 -1.6870960176561769 0
v -9.2309104181468431 -2.0685467814063738 0
v -8.4172053067912813 -1.785330880272693 0
v -8.4016375407992427 -1.0857704729565874 0
v 7.4494797888865074 5.6868362514467918 0
v 7.2644543332165643 6.1788471528418603 0
v 7.1948400624147384 5.9398363491687114 0
v 7.1994136410926233 5.6897945285585978 0
v 6.9129210921482009 5.4341819566841627 0
v 7.1081959262728285 5.503674230272841 0
v 7.0959111448402181 5.2290852893224216 0
v 6.7958063463121228 5.1455091301253031 0
v 7.3769862464502642 5.1301086306712147 0
v 0.86964336571920953 -9.4731519723535822 0
v -5.8647624889237955 7.4240957457158006 0
v -5.0976891172622567 7.6230350358566072 0
v -4.8499609641228387 7.6626660990626227 0
v -4.5287416638878852 7.3304841705288721 0
v -4.7361975663689577 7.4512748968529863 0
v -4.8465982507976744 7.0231174487059569 0
v -4.4256797208336378 7.7460374622042334 0
v -4.731016623075754 7.2216268179181462 0
v -4.4369050873895013 6.917477792449187 0
v 3.5332267313804446 8.5429419037499628 0
v 3.4507525832903632 8.9422991947328967 0
v 8.5297294002306803 4.3721914433834339 0
v 9.3608608343136037 0.45743918670360983 0
v 9.5402534587145578 0.92515222819145471 0
v 8.8803763191188239 1.8852070589872629 0
v 8.6020980431635827 1.7640265680849996 0
v 8.8215372239664944 1.6726243267046772 0
v 9.1282255936799555 0.98168465459003895 0
v 3.1551706100058179 -9.0508151392462359 0
v 3.0133905134135159 -8.5655676503145557 0
v 7.3074794409419663 -5.3488957125969083 0
v 7.6099756605907283 -5.053068942174133 0
v 7.0999421682068107 -4.5847638107258506 0
v 8.912553960912307 -3.4841313590291811 0
v 8.5336790415641559 -3.3846631982798683 0
v 8.5739962051348488 -3.0407121437620979 0
v 8.138317539852288 -3.1639813479752439 0
v 8.297895535578407 -3.3425850798182224 0
v 7.9594992409454983 -3.48434240662941 0
v -4.3969523913974307 8.2730768582272383 0
v 2.6405163102269253 -8.9656021558700196 0
v 7.8292396232158916 -4.2604902616334348 0
v -2.9267286372396755 9.1272458761893791 0
v -4.4006473580919172 8.7691023081575175 0
v -4.0782324701630372 8.4137705810095422 0
v -2.7947725342680561 8.6367582901565605 0
v -2.4911289612750616 9.1269230868116775 0
v -2.6655013274791388 8.912298320967702 0
v -2.5450023954270966 8.6876713623258919 0
v -2.6145457984398663 8.3907188211215384 0
v -2.2939752136271925 8.6856312063618173 0
v -2.1061109123084818 8.263136808780212 0
v -2.1404604142106449 8.500877738005217 0
v -2.3802827794183314 8.4577610187010013 0
v -1.7667012724833011 8.4335276247650217 0
v -2.4113619809558777 8.1235505900950145 0
v -1.7076057903955997 9.0100642523127679 0
v -1.4843251862749807 8.9455097130912353 0
v -1.3933811948050097 8.6479402061636979 0
v 1.8042608566439788 9.1342221163556339 0
v 1.7761671299777335 8.6734272459204771 0
v 1.9598282663853832 8.8934836436565625 0
v 1.7214426124885498 8.9057716958114934 0
v 1.3369222576044324 8.6925879980135559 0
v 1.559246855922511 8.7449525213522463 0
v 1.4023339544849975 8.9130140649512768 0
v 1.5409124110301784 8.3246500787525797 0
v 1.1363735100819112 8.8720196095711348 0
v 2.0422966270850971 8.6379839216408403 0
v 2.1614744065181664 8.9756771532559636 0
v 1.2435181935519557 9.0601305132743519 0
v 0.76425343896670328 8.5446056049464261 0
v 1.869422789170496 8.3567953334797203 0
v 1.0594600219890928 8.5842628707451265 0
v 6.7381418498891721 -6.5286627014887539 0
v 6.5043929381451981 -6.6524911453452749 0
v 6.4388924540481813 -6.0931210550190755 0
v -1.2151088236129506 9.2506407407538145 0
v 8.4230804282497065 4.0138117714166492 0
v 7.9533144105103792 4.2943982162015795 0
v 7.6061175882966658 3.5711718761973068 0
v 7.7655424543772886 3.4125220122017899 0
v 7.2059306230196647 3.3516824917509696 0
v 7.1611697601876649 2.5336648186732247 0
v 7.0548495306244252 3.7350837232942951 0
v 7.2297128649090991 4.1508663030239807 0
v 6.8289491365416124 4.1542207536361166 0
v 8.0606495008331418 2.4304403025503487 0
v 7.8652499510260236 2.2939514512426262 0
v 7.5105204373353445 2.4059088419391901 0
v 7.8227999465717364 1.8569966964509939 0
v 7.9056468823122259 2.0694875241561661 0
v 7.6197008847745895 2.1338927169359749 0
v 8.2143826913819993 1.8267203440283957 0
v 7.2107315427126233 2.1276618930359583 0
v 7.4140205418733309 2.2092569965893967 0
v 7.4186770965337061 1.9036171444144285 0
v 8.3957349456757804 2.2051183784851851 0
v 6.1009531996811521 -5.7072745153990043 0
v -8.7221679766084783 1.6616834540315146 0
v -7.442569891797401 -5.618360617963309 0
v -6.9137751542561201 -5.3227975235261891 0
v -5.7890921386747127 -6.994344308147955 0
v -6.1680807567505838 -6.6315540597111333 0
v -4.6431544994231571 -7.5071859874150126 0
v -4.6734352130130521 -7.2640039968266832 0
v -4.8113686997217897 -7.6638067595769552 0
v -4.4368203817622041 -7.1049453073202979 0
v -4.9572125107618179 -7.1523576080478497 0
v -4.1181037027198979 -6.6875876685554729 0
v -4.6635693173028088 -7.0231576437733194 0
v -4.9052297680783115 -6.8722097027944038 0
v -4.2186038094715803 -6.9412137914977352 0
v -4.9263506185615036 -6.3478259357453748 0
v -3.7685836152748746 -7.0012457199094094 0
v -4.3769651562477394 -6.7317378412765096 0
v -4.8418385054752884 -6.6070392325170317 0
v -3.9824972634389599 -6.88804691889632 0
v -3.6748701929069711 -6.5654364327969947 0
v -3.8831877421871326 -6.6747690621658657 0
v -3.9728455582186708 -6.250813200421077 0
v -4.011597904103251 -6.4804668220010901 0
v -4.3993342485033935 -6.2969427924280588 0
v -4.2522942394757743 -6.4876399757900591 0
v -5.2821920703121386 -6.6072255463722511 0
v -4.6550815564892396 -6.4027667654307701 0
v -5.0619782907524309 -6.6945752853761888 0
v -5.2584798945160909 -6.8687065217344365 0
v -4.471468328407239 -6.529584906737127 0
v -4.70066305307805 -5.9306615984161359 0
v -4.7498794551637875 -6.1736664330504158 0
v -5.1235783577721694 -5.9714938406052456 0
v -4.9675649855539161 -6.1295780155995798 0
v -5.2704774427617851 -6.2724955757503755 0
v -8.2234561757940714 3.0596655372602082 0
v -8.1084690288108767 3.2476459590242266 0
v -7.8261768956890361 2.7836646073846443 0
v -8.2906896505589529 1.5680941780374564 0
v -7.89607266814828 1.4935807198404194 0
v -7.9244367610328972 1.8877042592418694 0
v -5.5056552052740377 4.1758746919577678 0
v -6.3322567170315383 4.2134420149884022 0
v -6.7910696965829924 5.9273281903965112 0
v -2.7949105182540253 -9.4048604926307533 0
v -3.4253785323430672 -8.1943967994222557 0
v -3.7831340729118494 -8.652631348803121 0
v -3.570317395208618 -8.7849007234518641 0
v -2.4413447579536465 -9.1615279045163476 0
v -2.2157864633224049 -9.0199704555450957 0
v -2.696885141551451 -9.0866001527357891 0
v -2.2415051723789672 -8.6344609700243815 0
v -5.0945740246434292 -7.8143949614381052 0
v 5.6400194325395674 7.4372542737112521 0
v 4.8718651976549348 7.1220330526605498 0
v 5.1464814059736916 7.5446369317143525 0
v 4.9246340869663383 7.3882702158957025 0
v 4.6622482960518417 7.3019277070350048 0
v 5.124194756582364 7.2103687325202435 0
v 4.1541393265762379 7.2758235974488299 0
v 5.154624768663469 6.7188901938603065 0
v 4.4481531515390209 6.8403874395665198 0
v 4.4045124560073301 7.3605321722619159 0
v 5.4040078028070573 6.9810121145699142 0
v 5.0700985639223068 6.9603380436309061 0
v 4.6202898511336548 7.0409646148399023 0
v 4.3442157007045425 7.5828090910914669 0
v 4.0567081657928679 7.6117804434662588 0
v 4.3550108627508974 7.0944758193096567 0
v 4.7911613946453899 6.7201684586419592 0
v 3.6064505352344267 7.3279745284034501 0
v 3.9330955117823843 6.8290598884500797 0
v 3.7915553685408812 7.5333754693527943 0
v 4.1894161929651776 6.8896570788849383 0
v 3.3348837468035866 7.7588148041255938 0
v 3.8772604978388565 7.2700314634765366 0
v 4.2314431935788068 6.4063530085088516 0
v 3.5314267746750856 7.5816926145019732 0
v 3.682446993064834 7.0213438828075114 0
v 4.0130639297829784 7.0632059943744903 0
v 4.2785880803014384 6.653931938894118 0
v 3.1191664805983157 7.3218371405160996 0
v 4.0212702643460556 6.5746531236818289 0
v 4.5627227171602858 6.4715477644580259 0
v 3.3619429773226597 7.3936255023146744 0
v 3.52618987640966 6.5455469942225477 0
v 3.3331162563355115 7.0447033767101654 0
v 3.7696253525444843 6.6299192116553689 0
v 3.8280070531084398 6.1179244422160428 0
v 3.5769619156817494 6.7924296309128556 0
v 3.989049227863505 6.319033666434323 0
v 3.7249323470155633 6.3654970042540482 0
v 3.2590686695466822 6.7291431642424584 0
v 4.2650393157463284 5.9329957046102209 0
v 3.3375918445212305 6.0589877041809697 0
v 4.181485619235719 6.164936433505007 0
v 4.5065854558362677 6.1510295707784177 0
v 3.5744878428353495 6.1576173148284443 0
v 3.3643911099427979 6.3284313139272976 0
v 3.6308829347601681 5.6883512561411367 0
v 2.873342287591687 6.2412172136295698 0
v 3.6688640527243912 5.9309374535575978 0
v 3.9675457065095756 5.7599072060933034 0
v 3.1311661449479704 6.2155736662030474 0
v 3.1447572379919584 6.4849004232889831 0
v 2.9567952808758391 5.7713448657642141 0
v 2.7689379524256497 6.8096644272285971 0
v 3.1066284751920268 5.9688684595564494 0
v 3.2872427715201811 5.6762715400684138 0
v 3.0026477281489714 6.7002826747680189 0
v 3.0101046413460146 7.020583513278468 0
v 2.7743433986423334 6.5168458612748834 0
v 2.2525541369031004 6.6536727792905737 0
v 2.5327449057648979 6.6588451157049704 0
v 2.3834803957451256 7.1529598854696799 0
v 2.4010037486970539 6.2037018822641086 0
v 2.3884296752146197 6.8848523401039436 0
v 2.6302597517973614 6.3095013520968646 0
v 2.3964263427021102 6.4516646600807226 0
v 1.9982118190168194 6.3202899604224942 0
v 2.6134309288185369 7.0231053298106003 0
v 1.9106743194110574 7.0101324056273322 0
v 2.6543641969862262 5.9559834166357177 0
v 2.7026189911444658 7.4495714544501128 0
v 2.1318842644787801 6.8801164982513168 0
v 2.5902133585699993 7.2505200234105018 0
v 2.8126355136252639 7.1583353590204881 0
v 2.3334583231310919 7.5267750651586756 0
v 1.8488880258135383 6.6518167845875933 0
v -0.11629462340126323 -9.0786070161458365 0
v -0.63904924115610029 -9.0340678853853671 0
v 1.0976744892267567 -8.7585237837669503 0
v 0.9214550518073823 -8.5882116940750794 0
v 1.0650303336186493 -8.9860315072904484 0
v 1.0058290633217062 -8.3158785549290428 0
v 0.63047042571962919 -8.6794297969580256 0
v 0.99196509229322793 -7.7909319347197048 0
v 0.77797742875836473 -8.3945226739555814 0
v 0.4951164569267118 -8.4287135288816781 0
v 1.0729281425203825 -8.0514500659607062 0
v 0.14951674926882064 -8.0337883528234304 0
v 1.4609346116845685 -7.8157034622246435 0
v 0.81816652895900566 -7.9877843291079031 0
v 0.37801127783225347 -8.1825124342360471 0
v 1.2233575640865597 -7.8618602639675892 0
v 1.2333976892032059 -7.4162010802633569 0
v 1.1655281432906395 -7.6376147545276245 0
v 1.3971264108350143 -7.5874973623146555 0
v 0.80695755237066646 -7.406593935420136 0
v 1.8335769720038684 -7.5884860747023541 0
v 1.6161984423838844 -7.2142076553172636 0
v 0.52171755697128919 -7.9125217896236792 0
v 0.035361400666680282 -8.4590602586830617 0
v 0.7256028865527191 -7.7309125185259031 0
v 0.26160495403113759 -8.3888319246400052 0
v 0.21795093977176475 -8.6477394313296667 0
v 0.30171708400233999 -7.460284709839776 0
v 0.47549445749497588 -7.6553774870651514 0
v 0.55208195849502617 -7.4122159560613392 0
v 0.18753779584830627 -7.7369308327870758 0
v 0.66955346376261493 -6.9575808294129766 0
v 0.36652203247149717 -7.1217757270650015 0
v 0.67493303483210998 -7.2014649164056417 0
v 1.0267404743833137 -7.1200867978105622 0
v 4.6800157945427125 -8.2639129524101769 0
v 3.1980049954151863 -7.7653037849490323 0
v 3.7334415158881673 -7.6959250774903056 0
v 3.4385492467687806 -7.5208965322199566 0
v 3.4853936948650404 -7.8824228449875999 0
v -7.8050677659394205 -4.3453786755346746 0
v -7.4859085747842808 -4.3527095159716449 0
v -7.7861036595752804 -3.9015802701399482 0
v -8.0482030004165335 -3.9860829150036192 0
v -7.3366294096214926 -2.4561350257196501 0
v -8.8718464777532997 -1.6571136393106691 0
v -8.7284007992537802 -1.2960079129848674 0
v -9.0403323950780941 -1.4654673782147596 0
v -8.7256020096831275 -1.5061637561885461 0
v -8.4724159921428672 -1.3976953459569588 0
v 7.5946295057263953 5.4262469361671615 0
v 6.3426264328761253 5.4974576797482184 0
v 6.3996047847296529 5.003638748715904 0
v 7.146659519420079 4.9246125811049577 0
v 0.93909287415039611 -9.2810327707695208 0
v -4.6260486729887269 8.0002008374282916 0
v -4.8196992534022858 7.8856275585129003 0
v 3.7134155132457844 8.2603217970815379 0
v 9.1291397924642403 0.57972961392154387 0
v 8.736342994360399 0.51867230410404286 0
v 9.332572963336224 0.16050123329500765 0
v 7.1676280977271789 -5.4984983719078757 0
v 7.1839371332706214 -4.8940250415203241 0
v 8.811161373328245 -3.0530294937895777 0
v 8.2712275118038594 -2.7784043408758441 0
v 2.4313293640068179 -9.1148674600388979 0
v 2.8654255339702956 -8.8014449643929691 0
v 2.5291538186165443 -8.4261553397219586 0
v 2.6119298326550822 -8.6902853495039825 0
v 2.7714456671494831 -8.4952588537196956 0
v 2.772801209863037 -8.0311904894530901 0
v 2.706677784065171 -8.2630335049677601 0
v 2.9495702782031508 -8.320435132526276 0
v 2.3287457881557594 -8.0298934045025554 0
v 3.0747524979338974 -8.04529355326253 0
v 2.4848329957720638 -8.1997616511024258 0
v 2.2032097755073248 -8.3018911756374898 0
v 7.961107634909391 -4.0623641126779271 0
v 7.7491579124300767 -3.773940789819334 0
v 7.5493748067626081 -4.5022665978343115 0
v -4.273659165223294 8.5359069095508264 0
v -3.9372918764714231 8.2053297356048365 0
v -3.8888342231342463 7.8784806543774542 0
v -3.7293645591301914 8.1200201103093193 0
v -3.8830039916117629 8.4809803048551622 0
v -2.7300471201574648 8.0920333717212696 0
v -1.2761875173288506 8.835077698444838 0
v -1.6060443227632579 8.5860086618738016 0
v -1.4160659832249174 8.2249676913208969 0
v 1.6918764269270352 8.4765526555799919 0
v 1.4830726438988504 8.5330993865738503 0
v 1.261356768785509 8.4766340100329192 0
v 0.96961211653141288 8.1725412048486525 0
v 0.88467137370884885 8.7668005916123697 0
v 0.61716709812250359 8.9212498564009426 0
v 6.5872016203108732 -6.8637737424198866 0
v 6.6725667505356583 -6.1732529200735007 0
v 6.2811034252879807 -6.3339346717467615 0
v 6.1038235352286163 -6.0456739395932395 0
v 6.0296447029696356 -6.4447419315902952 0
v 5.7382584170463948 -6.1996702343089716 0
v 7.3573979209481859 2.7686717837334678 0
v 6.3087835307034998 3.5487384518094172 0
v 7.1897847771519077 3.5667878737832996 0
v 6.8507237473729736 3.4331792503538585 0
v 7.2491527750281728 3.7726992864482725 0
v 6.8980731259145251 3.8949200633412748 0
v 6.6575974964827918 3.6862815876085264 0
v 8.3617344602061383 1.507768285576168 0
v 7.6259577370260265 1.9255489617294641 0
v 7.5611964786278314 1.547131659244136 0
v 8.2403627013245444 2.0469258296595818 0
v 8.427298747520668 1.9132356599358231 0
v 5.7426810854490595 -5.2242089367683775 0
v -7.0817492432984883 -5.4681412292510805 0
v -7.1362026024800755 -5.2354734509878682 0
v -6.3838883134976632 -6.665132836891031 0
v -6.2222066380837449 -6.3965062167782509 0
v -5.7784687137005459 -6.418079882153287 0
v -5.9972462567282845 -6.3437071960967133 0
v -5.7594856188838559 -5.9906989443466028 0
v -5.1394947979839509 -7.0441462126210395 0
v -6.5643892864988445 -3.5217959900312454 0
v -5.1279425269667875 -6.4450538806124475 0
v -7.9978908110397162 2.6844549447105814 0
v -7.5983972524068193 2.4901749141849328 0
v -7.5239228469648287 3.1016160645142348 0
v -8.0127335045654533 1.6832673453871956 0
v -7.7720239709907757 1.7005906130582762 0
v -7.6823795352550732 1.9292406715287465 0
v -7.4670768859692647 1.3771815472571953 0
v -7.383079235793871 2.1711838290007752 0
v -7.6651594800622851 1.4958806458599785 0
v -7.777441488270644 1.1760014151715967 0
v -7.3940495576282892 1.7236756501396715 0
v -5.823628183220249 4.2473279511951922 0
v -3.5582634142871212 -8.3646036504478261 0
v -3.6602102798012068 -8.1480343469270711 0
v -3.4917022624563834 -7.9124273356905528 0
v -3.6582586396867001 -7.6987060267528911 0
v -2.958686324105634 -7.9358383905544727 0
v -3.2284958581466654 -7.9993019106140917 0
v -3.2859348992288222 -7.3663677410704951 0
v -3.1762956870548749 -8.2488712924385226 0
v -3.5189650722275201 -7.480029596765049 0
v -3.2703763665123264 -7.6840291910017591 0
v -2.7298112770433596 -8.3944752103300839 0
v -3.5223683041273999 -7.1773414610486572 0
v -2.9735874042669339 -8.3846391130136038 0
v -2.975630937606593 -8.6310909800241777 0
v -2.8426120779488615 -8.1643400213442696 0
v -2.3782454739914614 -8.0794429137831241 0
v -2.6471029213071007 -7.9212927803718065 0
v -2.5984560857539787 -8.1873791815228376 0
v -2.4443173218285339 -8.4303505355538224 0
v -2.6194692211044752 -8.6702895388084738 0
v -2.1190094715602705 -8.3099281490284884 0
v -3.9414851161915228 -8.5138631535359028 0
v -2.1414312651010947 -8.8213973197440705 0
v -1.9848922124040478 -8.6173414066786851 0
v 5.7230515326220921 7.6515070834071555 0
v 5.8652759719237304 7.2451073828523622 0
v 5.6038834458310376 7.1667823697323563 0
v 5.1679027064923577 7.7690538893394852 0
v 4.9715062833940165 6.3252054099179871 0
v 4.5847197014224355 6.6805942304045223 0
v 3.5151091313122809 7.1426031991563521 0
v 4.4181921608861137 6.3316864287478873 0
v 4.4231306696966515 5.3190773546674253 0
v 3.1804656171803365 6.9140556165653004 0
v 2.902619629642635 7.3587253164760638 0
v 3.0590921637008646 7.6232273192239655 0
v 2.1240428316958373 7.9544213473767442 0
v -0.78596926912469722 -9.195668060528579 0
v -0.82872166183625584 -8.8850616318028806 0
v -0.46973846971389538 -8.6233278809769871 0
v -0.68672991520824234 -8.7027615132138134 0
v -0.71904810934641794 -8.2783787248838596 0
v 0.4206739099789587 -8.7096234544891811 0
v 0.31304307608073784 -7.9038689507508275 0
v 0.22696549043611486 -6.5024871467513234 0
v 3.539185365286178 -7.2676041879311777 0
v 3.3000139233830419 -6.8262296980439769 0
v 3.0790804197974593 -7.2314370631900422 0
v 3.4818448749267015 -7.0131875773504548 0
v 3.3035440998548773 -7.3206192039789304 0
v 3.0995191728725691 -7.5070633377091527 0
v 3.6866820442794075 -6.7373801998555045 0
v 3.2466919011997408 -7.0599907247573963 0
v 2.8589590987425164 -6.8485849758242496 0
v 3.0230118159174793 -7.0089682141315963 0
v 2.6566702201584116 -7.2195968058958497 0
v 2.8845414671715961 -7.7369500565600315 0
v 2.8633768505198334 -7.3860032596837879 0
v 2.53533950107078 -7.5818978596013036 0
v 3.5948998662292952 -8.0592080271585402 0
v -7.6424532491029327 -4.216914222985662 0
v -7.5078576450426624 -4.5626696104245115 0
v -7.205114942507449 -4.1442345635745941 0
v -7.5708142341863089 -2.4330436562308773 0
v -7.4413868421818226 -2.6289884631368858 0
v -7.206469449425513 -2.653188894089423 0
v -7.125979821753516 -2.9018729375068681 0
v -6.9222272814461112 -2.3239242572373309 0
v -6.907191111010115 -3.2136934418702836 0
v -6.8486644165481971 -2.6747486727445873 0
v -8.9272560377925316 -1.0808936843038213 0
v -8.9350045052947387 -1.2875261895717087 0
v -8.6640171048306573 -1.0370208441527371 0
v -8.9567453289688554 -0.84091564428194077 0
v -8.6779214391364352 -0.74124418825174565 0
v -8.6581338199933793 -0.39478113132069925 0
v -8.1080036894564635 -1.3163910911638121 0
v 7.7375537605386038 5.6061668646381744 0
v 7.568582390877733 5.2173436567647675 0
v 6.6188502473040005 5.3853935059005407 0
v 6.6259676975004282 4.9956462540735753 0
v 6.5054660876302597 4.7923215911036641 0
v 6.2459860554960427 4.7945073293719833 0
v 5.9520631059488576 5.1713966677285939 0
v 5.9457557860616213 4.4226228594720771 0
v 6.1521757353795836 5.0244027443229946 0
v 6.2950024146957739 5.2417660390621768 0
v 5.8318233983763061 4.7979960416306096 0
v 6.1483162594037557 4.5662248532439609 0
v 6.1863992697705461 4.2978424263583168 0
v 6.0809904200151426 5.4139079288774568 0
v 5.8448762427348573 3.9336381317519584 0
v 6.0820787266529912 5.8619313095406049 0
v 6.1394718455957085 3.9996181089738045 0
v 6.1536696393569468 5.637744393819994 0
v 6.4130856126504554 5.7897608884770317 0
v 5.7697737880814568 5.6386769264091798 0
v 5.8287426379948748 5.3924847875003676 0
v 5.362827466893088 5.4110453535829031 0
v 5.5842078232136494 5.1111485713600651 0
v 5.5984025728086548 5.4674711725617051 0
v 5.3805876087892743 5.8568679386030791 0
v 5.4345800650115557 5.6314520062621778 0
v 5.0079835735428322 5.6484462422553072 0
v 7.4291463749021585 4.8357614948890149 0
v 6.9394488635123759 4.9845777600824306 0
v 7.0290964323916807 4.7363794721950159 0
v -4.381438599055798 7.9869766467162187 0
v -4.1870075573511505 7.8267439671860108 0
v -4.1991168043417906 7.4692903689536712 0
v 3.907029474485483 8.3613875796430932 0
v 3.3381399178183018 8.219810201366915 0
v 3.8390368048975834 8.0501026183248978 0
v 3.5495598233374692 8.019762540183228 0
v 9.2981890075710769 0.73391221754058955 0
v 9.5523394352019118 0.22758716487694949 0
v 9.0508138570017795 -0.0015023626570394577 0
v 9.320656375304166 -0.1353359770490167 0
v 7.4183898487830229 -4.8771577125745322 0
v 6.8332143982112115 -4.8232438201572112 0
v 8.485478272339769 -2.8369947052357665 0
v 8.3225414909682698 -3.0117882885660028 0
v 2.0220399751776084 -8.0533068837493662 0
v 1.9494579344583474 -8.3174000577579736 0
v 2.2987812498878819 -8.540814426843756 0
v 7.7778495342605698 -4.4838693530417197 0
v 7.6331668267577326 -4.3163939085234277 0
v 7.3911492143049893 -4.3191147762492044 0
v 7.1372816184049048 -3.9526633769809734 0
v 7.3158945513545142 -4.1000871727699 0
v 7.4679598474417768 -3.851241916351102 0
v 7.0308457490199174 -4.2635290703209279 0
v 7.4842336847287037 -3.3603339812965105 0
v 7.552404179759221 -3.6083175767748772 0
v 7.7201708019209168 -3.4288368590844795 0
v 7.8909909331990145 -3.2360159235375408 0
v 7.1770033097739327 -3.5781531747573632 0
v 7.9193595691379688 -2.8728098304754468 0
v -3.0377509684314674 8.0679177508515281 0
v -2.5148332169217431 7.5428511436273373 0
v -1.1833747387768512 8.4245826056681317 0
v 1.276042013103321 8.1705497224345489 0
v 0.93450152819482701 8.3958675648133934 0
v 0.64462258834916031 8.2358706510400719 0
v 0.65408783268832016 9.1290996480143924 0
v 0.40505230426035521 8.9679536585886481 0
v 0.19855864008633781 9.0404282877067139 0
v 0.46460493543005144 8.7333909279474113 0
v 0.18907842830025889 8.3829998273116644 0
v 0.277427464785997 8.5970517487236418 0
v 0.046003778895941427 8.6773419410118731 0
v 0.4467201210284269 8.401918103383462 0
v -0.26840820235440277 8.3537529753101101 0
v -0.15683663385523572 8.5598876878803072 0
v -0.37763089798037286 8.6653815584009344 0
v -0.51320829048773065 8.8611504992620436 0
v 0.34119578006710438 8.0751916274654363 0
v 6.289984955799536 -5.9378549223542221 0
v 5.990966113535789 -5.8774193214689152 0
v 5.8453579400196878 -6.0234456238045944 0
v 5.5802034635599123 -5.9829563451596304 0
v 5.9592188191983002 -6.2133008110786854 0
v 5.4292247380968091 -5.55385574547915 0
v 5.275056998922838 -6.3715011202140577 0
v 5.5709123810677355 -5.7451142298667142 0
v 5.7740360039171792 -5.5233212742258289 0
v 5.190131767992221 -5.8790916041374768 0
v 5.482425104240936 -6.2202622846724847 0
v 5.3586853331113202 -6.0304801404260928 0
v 5.1008553458976884 -6.1480172232112933 0
v 5.5237520766784831 -6.4947106699953938 0
v 4.6687626218707656 -5.8552919456663739 0
v 4.8254637472021376 -6.542315456649705 0
v 5.2608740027110787 -6.712725959107698 0
v 5.6023485933980117 -6.7094818564697718 0
v 4.9260908268959831 -5.9407183231449503 0
v 5.0239327514931116 -6.3876124597652559 0
v 4.9515103826624989 -5.453171158662224 0
v 4.6935105600613154 -6.21102976248154 0
v 5.0459230333497729 -6.6204836485872676 0
v 4.8567838857403522 -6.8039495772381953 0
v 4.8654433229190746 -5.6931200657686123 0
v 4.5990203062996375 -6.7021146522331358 0
v 4.9712564233581542 -7.0807433337028556 0
v 4.4796169671096528 -5.4255453803567297 0
v 4.452617624164354 -6.4193121918362293 0
v 4.6347951866611394 -5.6137442285667642 0
v 4.2235814367486446 -5.7947329792690043 0
v 4.4547124114889884 -5.7622303892892672 0
v 4.3827369388833892 -6.0884570618648208 0
v 6.9727354234575287 2.9799168315506246 0
v 7.3687498620428515 2.559765409998441 0
v 7.5994761207668065 2.6301220076663632 0
v 6.8644312873868865 3.6438709308162727 0
v 6.5633766419638366 3.4141553319234603 0
v 6.1975013417372944 3.0301235392881471 0
v 6.7247567927269296 3.1562176741012991 0
v 6.3262805662166137 3.2737373257248548 0
v 5.8300309154840919 3.3802204716466666 0
v 6.4738757881489191 3.0398709183659278 0
v 6.0631388603465242 3.2569948496552308 0
v 6.3529679790735898 2.5450615777641321 0
v 6.7062005063249996 2.8675675692651947 0
v 5.7281398539338095 2.9053715810605323 0
v 6.3436409555998718 2.8095173795388986 0
v 6.9335799834429945 2.7004729189227077 0
v 5.9452273418032942 3.0339396820770839 0
v 6.0059538476408711 2.6652152029324117 0
v 7.1325371832578952 2.8150603772424363 0
v 6.6587903981189012 2.5647983908140528 0
v 6.9018821539203508 2.4185613914382373 0
v 6.53615683525262 2.0857770810300287 0
v 7.1007133392790642 2.3202582260831637 0
v 6.864362237969563 2.0924395870970831 0
v 6.6691940682109268 2.3069266853356378 0
v 6.4206214675371438 2.3058703170156107 0
v 6.0879857015647021 2.3409500138148909 0
v 6.2269274535875745 2.0638218244880275 0
v 8.5178032360400611 1.2432793572176914 0
v 7.9946085167827814 1.5316741433266907 0
v -5.6362161773745791 -6.7089324395887298 0
v -5.4996090158314006 -6.4320465765998796 0
v -5.5257240541551722 -6.1502390078775289 0
v -5.4474679039128784 -5.7845501059992905 0
v -5.7350332600609075 -6.2058971089224384 0
v -5.9345811085235507 -6.119582858110574 0
v -6.0755089880652999 -5.7447449010606304 0
v -6.8764300816322592 -3.5884694662008432 0
v -7.7846545627777939 2.5807547875334045 0
v -7.7947496126009694 2.3693919052965469 0
v -7.5996881925295883 2.7243086322187553 0
v -7.183988230021269 2.6095302539125029 0
v -7.7392709308789023 3.0036907725103572 0
v -7.7386979556403883 3.2881800024113153 0
v -7.5172519823542867 3.3262037380974099 0
v -7.1224554255906583 3.2020842986187681 0
v -7.6976269347449522 3.5089304566827884 0
v -8.0205879907730342 1.2661213597045475 0
v -7.6359974488216693 0.56780789583480984 0
v -5.8139839012816008 3.7143882963825794 0
v -5.5871034018282586 4.5566532059611111 0
v -2.8682801355443961 -7.5051234417100119 0
v -3.7451982172677361 -7.2287242576617983 0
v -3.9547878933132479 -7.1353293237644619 0
v -3.0690601531996715 -6.852723398207778 0
v -3.465986817750637 -6.838333660119388 0
v -2.422070051808551 -8.7411697077149046 0
v -2.3178087885828047 -8.2724965362349376 0
v -1.774057115141159 -8.3423962038717434 0
v 6.0781512029379376 7.3200923507821916 0
v 6.039136319712366 7.0992005022406115 0
v 4.7979937910893264 6.4846328638527089 0
v 4.7368570147999618 6.2439601158070737 0
v 4.7463066805972156 5.8887859607637747 0
v 4.9280174468440947 6.0713332925145673 0
v 5.241581997420937 6.1482799385724052 0
v 4.2575066105710588 5.6037415556275958 0
v 3.4804768573492684 5.0731321874566504 0
v 3.2567660866192916 7.5694294155386572 0
v 3.0552980892015356 7.9792251868275068 0
v 2.0739892890227498 8.2044958146269327 0
v 1.7734011020831451 8.0142852652759871 0
v 2.4246310186354414 8.1446318967276898 0
v -0.17647096637155574 -8.7604903874582085 0
v -0.35771921744910806 -7.8179587659492507 0
v 0.38407948512584089 -6.792450351257183 0
v 3.8142491990819494 -6.8928929782206234 0
v 3.9898594570463604 -6.3911026570287692 0
v 2.7501146667342491 -7.5689453719648681 0
v 2.6552246105071826 -7.7826527224432933 0
v 2.4073447049294168 -7.7945061458869205 0
v 2.1838001642873559 -7.5150955238264103 0
v 2.1602170082152656 -7.8428031795439148 0
v 1.9090175351141179 -7.8285153220763286 0
v 1.6865643247413613 -7.7665617735602952 0
v -7.3272382464164441 -3.9519313996004271 0
v -7.2195361995126346 -4.4181477462328314 0
v -6.9461066847138113 -4.6828849871020717 0
v -6.840987119871194 -4.3007417555276426 0
v -7.0519124263163873 -4.2896367476429402 0
v -6.9325909426241372 -4.0319586358006401 0
v -6.4263015420468719 -4.0094117153624724 0
v -6.6761561249285553 -4.094564514197276 0
v -6.4053424453332575 -4.4800466537735337 0
v -6.6353216635349908 -3.8052436828609193 0
v -6.4844985212642428 -4.2477876017527576 0
v -6.0470071477521055 -4.2283045093164624 0
v -6.2685958685154857 -4.174205940990821 0
v -6.0651181806877315 -3.8216226285709989 0
v -6.3530036821928135 -3.7252941421948673 0
v -6.097950398863345 -3.2488167038651463 0
v -6.2926726956923416 -3.4510863065589343 0
v -6.0072834023234014 -3.5309637372351217 0
v -6.4951925050009738 -3.0612600355821322 0
v -5.5209427601904268 -3.7788182902706389 0
v -6.4771974196820059 -3.2994303258324709 0
v -6.6799157612371225 -3.1949818606245213 0
v -6.7344576657099564 -2.9251884882435872 0
v -5.7990669903759899 -3.7234776360191773 0
v -5.5524480453161225 -3.2291626476631818 0
v -6.4045505454041178 -2.6234822212106095 0
v -5.842487166053326 -4.0154522701505622 0
v -5.8224274913069376 -3.3159196310811403 0
v -5.6116811440111078 -3.5082885184647425 0
v -6.6183136744739546 -2.7209634957892477 0
v -6.6290351911685228 -2.4143353540480916 0
v -5.5674188556435436 -4.4844358970933911 0
v -5.8412339665744648 -2.7939420598895763 0
v -5.0872514271829079 -3.47372952662819 0
v -5.7710918445867243 -4.2887358371155004 0
v -5.9054430808711951 -3.05758304541189 0
v -5.3543399982042912 -3.4170508545933092 0
v -6.0003905139086582 -4.675561888479419 0
v -5.4314138604421069 -4.1390545832516104 0
v -5.6496522838575407 -2.9802407868056444 0
v -6.1669344885286526 -2.8542579767444942 0
v -5.2695902712988216 -3.6753262223418304 0
v -5.1203200629172381 -2.9719158349536841 0
v -5.8063155344303476 -4.5292299593328114 0
v -5.6439468818557659 -4.9464373237543127 0
v -5.6491017349773998 -4.7082445111336035 0
v -5.2242741610349279 -4.818202784910099 0
v -5.4120302541742031 -4.6679577995333572 0
v -5.0518092960755547 -4.4102405346841831 0
v -5.3126465724225707 -4.4262643351706448 0
v -5.6468933952922713 -4.1103212009749894 0
v -5.4151868759538235 -2.5474699508405374 0
v -5.3842944864722071 -3.020058405602096 0
v -5.1745544679106334 -3.227486214601365 0
v -4.8210455214962433 -3.8977643439411467 0
v -5.1710462556756154 -4.6002690911226836 0
v -4.7745595678047943 -4.7166290488029787 0
v -5.0017502823875164 -4.7570847805571574 0
v -5.0046668603975855 -5.1821172327131082 0
v -4.8465188448125049 -4.970676213501406 0
v -5.5934514725396784 -2.7307896758226513 0
v -5.2922925798470875 -2.7767404590360245 0
v -4.6943814855804025 -3.1958436633804927 0
v -5.0139483621615151 -3.7232888602578984 0
v -5.0663467974929759 -4.9711193405407714 0
v -5.3619685939778972 -5.1184186846887689 0
v -4.5507662550164909 -5.356749527015122 0
v -5.8292944748865834 -2.323115860798235 0
v -4.9389303957171462 -3.1439481164421763 0
v -4.7246594521650982 -2.7363781350675245 0
v -4.8892728436087571 -2.9099453750778892 0
v -5.0179698642512944 -2.623043130406669 0
v -5.1912011640187838 -3.9627803685275773 0
v -4.6900161257130843 -3.5590202316958952 0
v -4.753088882848818 -5.2054216426768196 0
v -5.7688655366137134 -2.56021273779433 0
v -6.0941701235770918 -2.5168739888587139 0
v -4.9148062281814644 -5.5816266412737523 0
v -4.4006040012964265 -4.9450705479431711 0
v -4.7598500979133718 -5.4253760423592432 0
v -4.6686315993476182 -5.6708003274334953 0
v -4.6271372447509549 -4.8956015382425511 0
v -4.4424470150075459 -4.593266193078879 0
v -4.5376555489127037 -5.128305973347147 0
v -4.1648145391436993 -5.2643018564315573 0
v -4.2365795026514066 -5.8559614468835504 0
v -4.4794520468349042 -5.8260240859525112 0
v -4.4986587235880249 -6.0715663418105823 0
v -4.3236622448672106 -5.562293210305727 0
v -8.6663870251259265 -0.078487434324825051 0
v -8.8672537219111227 -0.40292666972074032 0
v -8.1461178430323677 -0.59782060576008389 0
v -8.3094796284851178 -1.2706744581480358 0
v -8.1605190625458501 -1.0810129048360739 0
v -7.7170007845761033 -1.1056067287396307 0
v -8.2859702406098403 -0.83546315852322262 0
v -7.9422282894840039 -1.1558573770038711 0
v -7.7405340001232306 -1.5299982863714203 0
v -7.8981631788355617 -0.82349144818353781 0
v -8.4338896892721866 -0.58843994295352764 0
v -8.5042879451352622 -0.8812968981952376 0
v -8.2774871597677144 -0.2091566679901733 0
v -8.4369275772970109 -0.36529825464477372 0
v 6.7238000807293892 5.6634572886004371 0
v 6.3786937337672258 4.3759814006217699 0
v 5.94720169179352 4.1674262687842392 0
v 5.4940855838040195 4.2924613721423173 0
v 5.6953718463804277 4.138361093198216 0
v 5.3215514316142603 3.8585862172398837 0
v 5.5827735892823078 3.8991819515503288 0
v 5.4225113367380535 4.0696810660371794 0
v 5.0633704351487285 4.3079526142074931 0
v 5.1608760315841842 4.0651224837894713 0
v 5.504297634079979 3.5434091948115043 0
v 5.2770211695708982 4.2527503850782198 0
v 5.3151567515500453 4.6574012042660318 0
v 4.6816524008103553 4.013687025036754 0
v 5.7453261972122798 3.6767848324048367 0
v 4.9140104848103672 4.106987693812985 0
v 6.0484730916697096 3.7070107526129608 0
v 4.6324350955901634 4.472244142567634 0
v 4.9436716147108566 3.697133715147622 0
v 6.0325584009383943 3.4812451755568028 0
v 4.721712174161282 4.2499064981113452 0
v 4.2829303267413472 4.2028116885795912 0
v 4.5089628379153837 4.164479492466727 0
v 4.3279941731853864 3.7829523029878165 0
v 5.1007024331626765 3.8525432379328253 0
v 5.2133915952125411 3.5816391810204578 0
v 4.8737916570161381 3.1612473293358723 0
v 5.305887740425927 3.1595558366841354 0
v 4.9843054907651245 3.4193356389620519 0
v 5.3358159937003178 3.3872909334923946 0
v 5.5808561538916877 3.2392544130778407 0
v 4.6031335098896564 3.505451953408969 0
v 5.0900782429789464 3.221338318063848 0
v 5.0884596959272228 2.8078763729906737 0
v 5.4999671553243115 3.0041457450627278 0
v 5.2822344249517439 2.9311267868727842 0
v 5.4038360436038992 2.5259924413090866 0
v 5.525530362011267 2.7502662783926342 0
v 5.7831778564367413 3.1723325146373265 0
v 4.8102932928762723 3.5357534769504211 0
v 4.7003383775594783 3.7624372487621418 0
v 4.7345528344270802 3.3302752915437193 0
v 4.3583032760271916 3.1848934142480707 0
v 4.6121250044104691 3.0875600790437852 0
v 5.7281131966334859 2.4951883286383878 0
v 4.3126689878988804 2.6862708431100417 0
v 4.811378002582388 2.881442453235346 0
v 4.4058048242074381 2.9291465125468719 0
v 4.8195064833910726 2.3534700083431921 0
v 3.928685345379396 2.9728128225552108 0
v 4.5868470226414502 2.7204267421372723 0
v 4.8899000273208033 2.6186025570357843 0
v 4.1610870045285848 2.8836934680536035 0
v 3.8869021444585639 2.5162691154430705 0
v 4.0758109211049005 2.6613141276259147 0
v 4.2384813263358723 2.2539084741255837 0
v 4.2146008689031689 2.4805520396726344 0
v 4.5129350144761746 2.3974063517905422 0
v 5.1186938348426114 2.415945935254717 0
v 6.3947102447903497 3.8382344418438228 0
v 6.3844674071374996 6.0477184478281112 0
v 6.5516356147745682 6.1967029334005996 0
v -4.0012939456861494 7.6415207474546927 0
v -3.7948884265069704 7.2047202024885308 0
v -3.650245228380987 7.6200814749901378 0
v -3.9596913720319056 7.3940119527729866 0
v -4.1738502657171495 7.1312620449322379 0
v 3.5157407711947952 8.3330423482420848 0
v 3.3126820901521272 8.4556365436076213 0
v 8.7768216045931506 0.18799979887072973 0
v 8.7048154575508274 -0.20993538559088459 0
v 9.5111447804575366 -0.25638972372493007 0
v 9.3133574799747603 -0.36219708185696331 0
v 6.9800184727998174 -5.0001365368113921 0
v 7.0263017919217052 -4.770801524537708 0
v 6.8774066867872463 -4.6042699169179713 0
v 6.4671302195994844 -4.6354161320600502 0
v 2.1919819848737614 -8.7188018298970427 0
v 2.4113468235454847 -8.7077502127589064 0
v 7.1948002278687637 -4.3963116247291447 0
v 7.3319920281135733 -4.5834672511343122 0
v 7.2642249925894387 -3.7767657746044185 0
v 7.0469573325232062 -3.7537217056140926 0
v 6.7685900375674777 -4.0000826585813298 0
v 6.8007457493989882 -3.4354017978363904 0
v -3.2978932640082239 7.9869556906999062 0
v -3.024298718283478 7.5662761952379407 0
v -3.1017692905767111 7.8151998574849788 0
v -3.3715208627988771 7.7050294473716239 0
v -2.7846557642924394 7.7773755174813051 0
v -3.4004558099332174 7.3002306129410419 0
v -3.4638378813690691 7.5081947014881152 0
v -3.6609893181953046 7.3909574147611732 0
v -3.2344522622787713 7.4644648492797119 0
v -2.9488920602271604 7.1428262630578052 0
v -3.1704206449071619 7.2337303349644362 0
v -3.4033248750801093 6.8591915853354921 0
v -3.1522125802562235 6.9627234949937851 0
v -3.347197996107798 7.0793553122463297 0
v -3.5709825243017881 7.1422544766705984 0
v -3.7794294217315429 6.827608638470811 0
v -3.0942352128197106 6.4658047148878586 0
v -3.1933023101344098 6.706087795054561 0
v -3.5565302481164673 6.4284268767680404 0
v -2.7536338462768568 6.7467962556586754 0
v -3.3303866412505641 6.50900495871615 0
v -3.2888930418467472 6.0687735004396464 0
v -3.2475558080076219 6.2947409013943787 0
v -3.4643279295879372 6.2176312977760437 0
v -2.8676465598489442 6.1084776888743262 0
v -3.8841114989864916 6.1595798120430834 0
v -3.6271140704995855 5.8479738718730614 0
v -2.9234086503329841 6.9092406215453499 0
v -2.615594427902034 7.0610050186300262 0
v -2.9672000194382053 6.658744359349436 0
v -2.7934346838903505 6.406042865462048 0
v -2.0613114092552531 7.7616090754560716 0
v -0.88365387947626517 8.4895702997270917 0
v 1.1192967158802549 7.6283297907334928 0
v 1.127442006173994 8.3168146506395413 0
v 0.56573915171607325 8.5617152656421229 0
v 0.68013420886999776 8.7287975895336558 0
v -0.021698579686711933 8.0873428934991551 0
v 5.5886103168564913 -5.3915592288985454 0
v 5.3689797995294173 -5.0347591130678522 0
v 5.334852140722079 -5.3017641238041726 0
v 5.045060925980775 -5.1290404659152751 0
v 5.1912713712341434 -5.4992251748533212 0
v 6.0318586323436305 -5.4475964504136165 0
v 6.1682853540492699 -5.0111329073428044 0
v 6.1671516596709672 -5.2503319718755579 0
v 6.4083999010065016 -5.232310726100911 0
v 5.9615331430483707 -5.1297552151024792 0
v 5.8546246208004851 -4.7039294271071768 0
v 5.7562820913092834 -4.9549526728593252 0
v 5.9742133648085378 -4.8955555888502138 0
v 6.2030318253718137 -4.7320613385589505 0
v 5.5042293020291542 -4.711431519321164 0
v 5.5803896859708537 -5.0810394252292754 0
v 6.1637557325287551 -4.2155651382183645 0
v 6.2562331156739708 -4.4682742924101593 0
v 6.5665166874077032 -4.2933874105098599 0
v 5.9647985095136784 -4.4316476739688877 0
v 5.6812223950478131 -3.9709101353017138 0
v 5.8879863740747309 -4.161287330496414 0
v 6.1220906329690843 -3.6995632373198712 0
v 5.5424064688085339 -4.3291439191770067 0
v 5.9399234519994621 -3.8974105222684434 0
v 5.7261515197003057 -4.4935142968017852 0
v 5.6822109326435104 -4.1773057370949482 0
v 5.4191401271773403 -4.0753655539769529 0
v 6.1988706056932541 -3.953046656064247 0
v 5.6802783856896504 -3.4755547217403016 0
v 5.0308942654184614 -4.4207719552465896 0
v 6.3925571272554507 -4.1125622116534934 0
v 6.5047448935635588 -3.7220275082844414 0
v 5.4308408786373334 -3.7237086863983007 0
v 5.7506083288056606 -3.7230992987603932 0
v 5.2737284417088164 -4.3028214730975698 0
v 4.9432176872888798 -3.9313187094004527 0
v 5.2586201093747462 -4.5806631289547459 0
v 5.0560815563311783 -4.1636806647946027 0
v 4.9510222986634469 -4.7766454749399303 0
v 4.5877359757534455 -4.2475761915597392 0
v 4.8337402074345759 -4.2716772808584809 0
v 4.6799887501938402 -4.573490894467076 0
v 5.2546858853416429 -6.9942988420295142 0
v 5.4177815628293517 -7.1683222763373902 0
v 5.0794298310314243 -6.8495928063924465 0
v 4.7675776224229098 -7.2570790970456365 0
v 4.6603734358204036 -6.4161502301958127 0
v 4.5813677591115969 -6.0401015636847095 0
v 7.1679397459651568 3.1164924976075472 0
v 6.5409635286108028 2.7383452220728053 0
v 7.295402215736793 2.3721143110306602 0
v 6.7120703219063831 1.5072906958908938 0
v 7.0702224730144652 1.7887254164976638 0
v 6.1534511842242132 2.5300200279080767 0
v 8.7205005613131803 1.2759848461611634 0
v 8.1515461044898423 0.81221847841166539 0
v 8.184667331913511 1.6194788834059208 0
v 8.011493691349024 1.7500605232630992 0
v 8.1704221847876504 1.4007139625918241 0
v 7.8503590778565266 1.154524920671129 0
v -5.9003535210442397 -6.657905588787064 0
v -6.9820925243493068 -3.4084916533548051 0
v -6.7615571947758415 -3.4000238364325228 0
v -7.2073107522368351 3.4205468387287192 0
v -6.9545421967985019 3.3930162808347588 0
v -6.8511910811188823 3.59527730295062 0
v -6.5443136437682687 3.3109337748934364 0
v -6.6268451416859557 3.5296320782965287 0
v -6.2935539388290724 3.5304863335957011 0
v -6.801943628763496 3.0895141922196054 0
v -7.7924905013609642 0.85195738384817776 0
v -5.7160753669040387 3.9827171777884263 0
v -5.976452713005358 3.925697335465911 0
v -5.268450299135786 3.7062790361565878 0
v -6.0761880980002072 3.6809008889819035 0
v -5.4532778978581167 3.9076248308779964 0
v -5.8857220643701904 3.2328288852292202 0
v -5.5422560393877704 3.64044119556609 0
v -5.0039335489964021 4.1346002783268201 0
v -5.9177653277343953 3.4837255291564682 0
v -5.2886408403432084 3.1879780721997424 0
v -5.2606151380828408 4.0844817416555586 0
v -6.1277709966532177 3.3294101318613945 0
v -5.6579483689240551 3.3894135259249425 0
v -5.3516394248597647 3.4499759432367316 0
v -5.2032617153145662 4.4731021313339587 0
v -6.1779584372692709 2.8520335247762305 0
v -5.5985502865034311 3.0590546636187788 0
v -4.8556901836636488 3.4306561188730758 0
v -5.3227100694551979 4.2921882083854133 0
v -6.0855422557223084 3.083644099801309 0
v -6.3293045161854007 3.1682706489522139 0
v -5.8528910337581435 2.856569657720879 0
v -5.1009402088216262 3.5102577145629708 0
v -4.8731175976793981 3.794567425692009 0
v -5.81737447754388 4.487637739067261 0
v -5.8819128502798605 4.6974660370038501 0
v -5.6341032687828605 4.3474998682669943 0
v -3.1039921063281994 -7.5166682244020979 0
v -2.9765190266922716 -7.7072498310422581 0
v -3.0010322424155182 -7.2067589562910257 0
v -2.7400525078970972 -7.7038336832299938 0
v -2.308082725028981 -7.6477892564451153 0
v -2.5542463017086137 -7.4432052882663751 0
v -3.9490235521605914 -7.3414364979922917 0
v -3.6866902418014331 -6.7908751184872091 0
v -3.2747307749593877 -7.044334466968535 0
v -3.25352215950989 -6.4593158281021816 0
v -1.9555125447199271 -8.4215609902577988 0
v -1.9363477732191685 -8.2179475270757294 0
v -1.6345892714298786 -7.9924752992417991 0
v -2.1298329202678454 -8.0610725263471625 0
v -1.8908890098516147 -7.9641229576993977 0
v -2.268422156287663 -7.8757649459198698 0
v -2.0322133539146066 -7.7172343877745 0
v -1.7330458291876494 -7.7098772788352701 0
v -2.047040979203504 -7.1934715302156205 0
v -2.1134912900897493 -7.4574440380591822 0
v -1.7989360814701214 -7.396277543543186 0
v -2.3278217320955203 -7.2631401339150603 0
v -2.3109345707813902 -6.7305590151646282 0
v -2.652100360527585 -7.0877654134523542 0
v -2.2442704247683278 -6.9992311015064628 0
v -1.8013210062933109 -6.7467179178526742 0
v -2.47625727727939 -6.9141861901661645 0
v -2.719116248739526 -6.5293010510251133 0
v -2.7468852392861591 -6.8158864824708543 0
v -2.5434079934244131 -6.6874942178180614 0
v -2.3508292765382568 -6.2969153697525764 0
v -2.0584066121825271 -6.8105071733805076 0
v -2.8726300764094064 -7.0121866228496454 0
v -2.0127704358697427 -6.4444794668793204 0
v -1.4334427335807738 -8.4371370496017342 0
v 4.5055342351104235 5.9093802577081949 0
v 4.5999365127445246 5.5952991041668296 0
v 5.1320685407731483 5.9171818991626406 0
v 4.9437410916294935 5.8411244043268482 0
v 4.8020221624597497 5.6868237781679145 0
v 4.8420228010017521 5.3296387537851819 0
v 5.6471617647548715 6.1628850566125877 0
v 5.2396416256397034 6.4399152196446563 0
v 5.4393362749605538 6.2954197762709008 0
v 5.5396519295586248 6.6442954317996152 0
v 5.3355101132250526 6.6215726917689022 0
v 3.9429110142717918 5.2301887259489375 0
v 3.4689180788851206 5.4019528728404635 0
v 1.7175019409435737 8.2146711626171935 0
v 1.5084500373669918 8.0757648532786934 0
v 1.2901072201948609 7.8727177599923692 0
v 1.5795254235683727 7.780416355373406 0
v -0.23171858383617058 -8.4965162086550023 0
v -0.13935142278357274 -8.1842049945105249 0
v -0.46042422658546911 -8.3540280803876854 0
v -0.51638416832890621 -8.0654335338369449 0
v -0.34591245656309344 -8.182100938098305 0
v -0.24072993651746488 -7.9964280591934216 0
v -0.086528716003523021 -7.7677681065097737 0
v -0.87575618637939756 -7.6604269623127799 0
v 0.022909557117309659 -7.507098843733548 0
v -0.82353044136453168 -7.9760287889856372 0
v -0.26934717175004941 -7.5377067040152861 0
v -0.57318084212794118 -7.595957891262346 0
v -0.17747809991551755 -7.0043122174056558 0
v -0.14819020323580256 -7.2839653783986078 0
v 0.08256082259634373 -7.1184387392160362 0
v -0.54822375062921602 -7.1845004041090501 0
v 0.13575332627282011 -7.3255103536710786 0
v 0.066678756324524691 -6.8013117811161461 0
v -0.37266033106576885 -7.3325806972977716 0
v -0.41412427577858996 -8.8865182816975281 0
v 0.81954725826312047 -6.3689489788922256 0
v 3.9079241656583474 -6.6252252912024021 0
v 4.1342268601518359 -6.5730252007176029 0
v 3.6579103480348394 -6.4063299456817981 0
v 4.2244078570206218 -6.3532169515177461 0
v 4.0590739093064281 -6.0746244467947097 0
v -6.8625678976604165 -3.8155254170999107 0
v -6.9354176143346544 -3.0008318043412148 0
v -6.3969133812977006 -2.8533361197288776 0
v -5.4265321720793338 -4.9071216914451936 0
v -5.7328566802258321 -5.4093671666109522 0
v -5.3938248718481097 -3.9384692798416117 0
v -5.1950040945126528 -4.2094066662511951 0
v -4.9170817254896351 -4.1627136399106659 0
v -4.7488370553551178 -4.4147175148206204 0
v -4.5947393243241779 -4.1296733544853987 0
v -6.2716398559787816 -1.9963380390548098 0
v -6.3342626035485363 -2.322992671950197 0
v -6.0255451222282641 -2.7082131187674525 0
v -3.9004693243235313 -5.5965475739823791 0
v -4.3461911305271332 -5.3589504578718268 0
v -8.4744976633300571 0.25458708274153075 0
v -7.3074694154080611 -0.6433981400579506 0
v 5.7935532875909832 2.7002757028454063 0
v 5.722049151838994 1.9840888533689007 0
v 5.9320224279742551 2.4740034957707064 0
v 5.804520429895657 2.2386960676240109 0
v 5.4765067775695098 2.2042843659533213 0
v 5.9713217988139631 2.0440060041517727 0
v 5.9529020545355396 1.5721557916226483 0
v 6.1186565840396545 1.8019698217866842 0
v 5.8780227753637968 1.800845510465704 0
v 5.4751960673162348 1.6159689752905897 0
v 5.7165538328637115 1.6213725319358074 0
v 5.7474802403695993 1.1777839652892661 0
v 5.7945745093559289 1.4039396727788518 0
v 5.5236348131271056 1.342378413405805 0
v 6.1719390554798528 1.2073766718479677 0
v 5.0144148484446367 1.3933051606481823 0
v 6.2728142032328114 1.5161001999553849 0
v 5.2762068206788912 1.4396549861356633 0
v 5.343776976316378 0.86326499827983472 0
v 5.0631453803321795 1.8805650205530748 0
v 5.5012732908617004 1.0774570941976394 0
v 5.1074963701597857 1.6300628239343096 0
v 5.1946266387641966 1.1379357313434237 0
v 5.802228631247873 0.69116352849194129 0
v 4.6412495857812832 1.6766918522274579 0
v 5.706228355250671 0.92675280629968948 0
v 4.8677970777205362 1.5876244700030797 0
v 4.5966314337656051 1.230551954749088 0
v 4.7825707252702587 1.3708468358956685 0
v 4.8755054324267109 1.0543117624665945 0
v 6.0275094204304542 0.92031741378551646 0
v 4.687987428229933 2.5273179752816337 0
v 5.2038841103217992 2.6196490226551177 0
v -3.7007916411446322 7.8127585743179813 0
v -4.3178478204660786 7.290457145769631 0
v 8.8794966933789148 0.3683823700171025 0
v 8.9236121834876858 -0.18174267565458999 0
v 8.8406118774784677 -0.40070789377287341 0
v 6.9646174914408983 -4.0671995933970555 0
v 6.7984919573861413 -4.2325742889044307 0
v -2.7711343591648321 7.5204531194598507 0
v -2.9300700806223721 7.3646170817922876 0
v -2.6996653285706427 7.2885959728349228 0
v -2.4044739270501574 7.2683149717369986 0
v -2.2162892264244292 7.5034117560693545 0
v -2.1425308204688731 6.7904015882266808 0
v -2.340900534371944 6.992417520049548 0
v -2.442758956741947 6.6939949371755407 0
v -1.9582204175995159 7.1697879625938254 0
v -2.1917211384221122 7.1720651756085045 0
v -3.599024003397735 6.9344624482444575 0
v -3.5788951383442376 6.6947584808474287 0
v -3.8257418951688851 6.5399249732537434 0
v -3.7532708458510622 6.3341517951728132 0
v -3.9819813526326007 6.3692508131996748 0
v -3.6665026070602655 6.1328013876904519 0
v -4.1573237255866466 6.6866135334435608 0
v -4.3047352696749064 6.0909190611114896 0
v -3.9498570444886587 6.7074751458851276 0
v -3.9961459585114096 6.9540985001134459 0
v -2.1723604536864163 8.004454248884926 0
v -2.4114566653426137 7.8239992889052603 0
v -1.7780455664035189 8.0379548412973527 0
v -0.88274675558777138 8.6975752217345619 0
v -0.94585818491199902 7.9122777637851236 0
v -0.5990582742764714 8.3173494237245791 0
v 0.73112929752792322 7.8142558557644781 0
v 0.16300853221227127 8.178624271736032 0
v -0.014406943998885535 8.3051056728794439 0
v 0.15571689652444473 7.9608614923557441 0
v 0.40992362664515236 7.756076616940879 0
v -0.157207473838996 7.7095934965746444 0
v 4.7287961605006048 -5.2133258021580611 0
v 5.2147150723868316 -3.8925405824330692 0
v 5.0102234583071557 -3.4306396791456271 0
v 5.0473292790211639 -3.6904287428164988 0
v 5.2545998319125058 -3.5282797164234112 0
v 4.5682420258507017 -3.6263125948576436 0
v 5.3055004955972951 -3.0462478026138338 0
v 4.7987436155583696 -3.7259343754639502 0
v 5.2120711837384244 -3.280085448082545 0
v 4.5706678784784414 -3.9371741146869277 0
v 5.4507198561477272 -3.366933283426897 0
v 4.8442562022023941 -2.9975422294307759 0
v 5.7458685082127756 -3.0400546907449764 0
v 4.9883177838837609 -3.1906852741601592 0
v 4.6546389448262904 -3.2892718623179871 0
v 5.6475071104709595 -3.2479298411747686 0
v 6.0418711736838615 -3.3073245263272235 0
v 5.1571019004556842 -4.9103968189786835 0
v 4.8897648756567573 -4.5759969482905207 0
v 4.0561055036362914 -4.5740722626550117 0
v 6.9537727278262418 3.219184005090733 0
v 6.70569513633236 1.8213422446113134 0
v 7.2181279037664909 1.9260027992531561 0
v 7.2939748522530161 1.6959669180006567 0
v 7.0560124339516763 1.4382005189909777 0
v 8.3954654146674379 0.97609717959308862 0
v 8.2837661777216098 1.188841424330898 0
v 8.4367701996915834 0.65115279343772603 0
v -6.4605877955338471 3.6815385917807579 0
v -6.7596488163051234 3.3008934564916639 0
v -7.0502452189681 2.8951138389510884 0
v -8.0524417597653866 0.72319262423515474 0
v -8.0030074889563547 0.25430103844814045 0
v -8.103524601779041 0.48075539638186049 0
v -8.2387339147071899 0.28520392514928306 0
v -7.856810592932935 0.45472960782850097 0
v -8.3272077640309767 0.043440204658014153 0
v -7.5459474107428877 0.11982796225057601 0
v -7.6541491989555643 0.33111854221027115 0
v -7.7921150993583153 0.12711595383063465 0
v -7.2254883945533441 0.41728517349319405 0
v -8.0361437338652539 -0.03908245736921856 0
v -7.6814961823895649 -0.29755793998888241 0
v -7.6747310760115992 -0.069051830725817581 0
v -7.2872909975901301 -0.19487550238062346 0
v -8.0083943377598192 -0.33473620352838773 0
v -7.865230838710068 -0.17217007822659833 0
v -7.3237364788965253 0.9249515127304182 0
v -4.6704029602647719 -2.1597521865971383 0
v -5.495429031006652 3.2481150068075366 0
v -6.5242566501130694 2.8806351651724613 0
v -5.7997264443478143 3.0507705818401392 0
v -5.3667706034844107 2.5069361798547587 0
v -2.5261470410423201 -7.6597840316865593 0
v -3.441350295110535 -6.603084877346622 0
v -3.227966461172143 -6.6872825105482727 0
v -3.5143903751590289 -6.313081873913843 0
v -2.9750599046872059 -6.6034006096598388 0
v -2.9494510521911019 -6.2127838906714397 0
v -2.7790174755174983 -7.2866924507996798 0
v -1.7402159521048233 -7.0712777554690227 0
v -1.5581177437076512 -8.2257088027568077 0
v -1.1764609745129608 -8.1431267401995875 0
v -1.6303774045465556 -8.4854983317478414 0
v -1.4888925854417201 -8.6364915819969692 0
v -1.1682081101409785 -8.5357010742845372 0
v -0.94623154276280408 -8.402495568399388 0
v -1.246778299478142 -8.3409788955201201 0
v -0.74871143295341891 -8.4940596523852818 0
v 4.4315915366629746 5.7159279000007821 0
v 4.6311582686557307 5.380618075250843 0
v 4.6462182613522556 4.9813237691089514 0
v 5.4475379019280306 6.0676630441392678 0
v 5.6529042027266057 5.886407444884302 0
v 5.8652666893905474 5.8351592611752823 0
v 5.939989554158946 6.1213265500101608 0
v 6.1589716429362689 6.0726647933375482 0
v 5.8149498622419129 6.2927118058726297 0
v 6.037985090142989 6.3241283995313129 0
v 5.6607963189462849 6.4555801617119055 0
v 4.1671030482493219 5.3606287130134742 0
v 3.9383969903132261 5.4958307131544384 0
v 4.237108768682921 4.982423722914449 0
v 3.7215750814968489 5.3592869364642262 0
v 2.9960946353042628 5.2861312974623367 0
v 1.9019542859090979 7.7104203409541281 0
v 0.074075970241670883 -8.2414951143523094 0
v -1.3174554170023405 -7.45883587826681 0
v -0.61719127016538589 -7.8394556494438419 0
v -0.77797885005763245 -7.3770501656523111 0
v 0.22963578223515926 -6.949347145254082 0
v -0.41526344433626866 -6.4699892478214398 0
v 0.54208871342150022 -6.5192874344736973 0
v 3.4495534892146327 -6.5912137212639923 0
v 3.2259839877399781 -6.1294126014422234 0
v 3.0629055050637612 -6.5102750702210743 0
v 3.402894652751006 -6.3287840732623906 0
v 3.2409816567492813 -6.6235840919006641 0
v 3.0472500143660359 -6.731465706776266 0
v 2.8383465082771986 -6.6055305253668841 0
v 2.7842155390508143 -6.1656001458749543 0
v 2.4177843134063624 -6.7635981871693502 0
v 2.8742364511836698 -6.3778190228665324 0
v 2.6503570436467525 -6.7438745144169072 0
v 2.5772993278097367 -6.4477024130640563 0
v 2.5535190337895397 -6.9830626602978629 0
v 3.6468705355078934 -5.9845427235208444 0
v 2.1376625735283108 -7.0885552504265679 0
v 3.4532693775440704 -6.1059086074677618 0
v 3.2979605852876195 -5.7147463087356822 0
v 2.386404703748318 -7.1966991562751232 0
v 2.3289581880777726 -6.9702424484442869 0
v 2.0457102426047165 -6.7260750913556615 0
v 2.1944036460265219 -7.2981831572164166 0
v 1.9041297946115168 -7.2642599321644887 0
v 2.3794685879294479 -7.4159451706871655 0
v 1.8622310107870255 -6.9655223805682684 0
v -5.6018253666475459 -5.194530016466091 0
v -5.9545281541735315 -5.1267903055630564 0
v -5.4092616763022576 -5.4593537509332029 0
v -4.5111654079271082 -4.3590297210158351 0
v -4.0615695644729675 -4.3543292034969703 0
v -4.2857045915299388 -4.4200841165584697 0
v -4.1144103541789931 -4.7326406146123192 0
v -4.2621747357418771 -4.0854133887834765 0
v -4.512024361291088 -3.8225828684747007 0
v -6.6677892550225817 -2.0194114964098455 0
v -6.0817490251172419 -2.2020718865247715 0
v -5.7409441755810651 -1.8150615998316888 0
v -5.9968842601112176 -1.9332414862865304 0
v -5.7783595152321841 -2.0702642567946672 0
v -6.0784145546701813 -1.4204403784581083 0
v -5.5235586512643637 -2.2531479042582632 0
v -6.1946558519582755 -1.7018034012083523 0
v -5.5190581864427468 -1.9779364382960496 0
v -5.1061894467808866 -2.122330508834485 0
v -5.3365560544174748 -2.1185633808548463 0
v -5.2253002519178278 -2.3606206687413023 0
v -5.2156905516795016 -1.7729703270823147 0
v -4.9446412651484994 -2.3519955781283102 0
v -5.4858425111453437 -1.7001102498851017 0
v -5.2216057141893124 -1.257635390200573 0
v -5.7412923789200034 -1.4737505730732841 0
v -5.2913237014444103 -1.51613704970334 0
v -4.7982125774418929 -1.5104769785047523 0
v -5.4999434701227274 -1.3212199132830598 0
v -5.0455663560256587 -1.4437655786012684 0
v -5.473492410747486 -0.79601159450791625 0
v -5.8456918560142181 -1.0413512840172978 0
v -4.8036285581389482 -1.0386312657216008 0
v -5.4126499694488395 -1.0623460381052479 0
v -5.7202338013939453 -1.2398632725189858 0
v -4.9817318844308538 -1.2070789287075878 0
v -5.1144519841689009 -0.88837105661056415 0
v -5.6252412380972787 -0.97079442674754757 0
v -5.8592085692717006 -0.61439420213998042 0
v -4.1046425569349143 -5.4877106928151287 0
v -3.8769994347714296 -5.3065906155595508 0
v -3.980951766292284 -5.0135130735400413 0
v -3.3747206816474677 -5.4931747343927899 0
v -3.6521732497683113 -5.4707169835418954 0
v -3.5938813377485284 -5.8936331584689041 0
v -3.4741009520993646 -4.9958485381143944 0
v -3.6959496336884068 -5.6922261943141956 0
v -3.92406846209829 -5.9134191945685624 0
v -3.4671006017664054 -5.7028172898913834 0
v -3.2407316473841075 -5.990745376838472 0
v -3.1751956890699837 -5.7062713937440943 0
v -3.6322449463182132 -5.2073678091545981 0
v -2.9477370637814593 -5.9084583312078278 0
v -2.8971965945381495 -5.24602029447093 0
v -3.7287225918677391 -4.970357146069726 0
v -3.1011034630492147 -5.4369407741725713 0
v -3.556222566107031 -4.531728916339075 0
v -2.7673234595392513 -5.5890759198362163 0
v -3.1919799573696288 -5.1355343364461765 0
v -3.5806146421801111 -4.7753700009922584 0
v -3.1547501940885492 -4.7056016766548909 0
v -3.8373162401578469 -4.6266288282520067 0
v -3.3788151997673608 -4.672531563715161 0
v -3.2179146318595109 -4.2876359202392171 0
v -2.9806682712263335 -5.6149288240549273 0
v -8.6456461113688512 0.13137587331114153 0
v -8.6935826957427409 0.37843674430083368 0
v -8.5489994568200025 0.56385602306236771 0
v -7.5774184779247058 -0.81674790827048072 0
v 5.554613375869411 2.3909897336121633 0
v 5.4343011892718014 1.9102192405555449 0
v 5.6148447389430167 1.8043132604751453 0
v 5.2332436363863177 2.0891372848474101 0
v 5.295869022957171 1.741013033236023 0
v 4.9687863508603414 2.1311650205373627 0
v 4.6208402419873522 2.0587898752007026 0
v 6.0885609250957859 1.4054626023806629 0
v 5.9568611747856242 1.2334369915159962 0
v 6.4876961282847967 1.2750455174181925 0
v 5.0861452836707457 0.90119792021280776 0
v 4.7093967546979494 0.60434849354249409 0
v 5.1489609934210208 0.43397369175685807 0
v 4.8559075643685832 0.80590450376600575 0
v 4.6144151384501946 0.94993353975763184 0
v 4.9532061322432082 0.58115103095885945 0
v 4.790178741710398 0.16054299467936956 0
v 4.9310090599510819 0.34785592985205149 0
v 5.1926480615459081 0.0045461583785568749 0
v 5.1846862578983473 0.67661148205863375 0
v 5.497635484483018 0.50658483559662171 0
v 4.1080642495213073 1.0587171447742578 0
v 4.3765809987825675 1.0757339274108271 0
v 4.2491853215094864 1.4906008719503949 0
v 4.2689802495576163 0.64658086607280807 0
v 4.2302458395179476 1.2577914627253763 0
v 3.8270087222524816 1.4077706441420783 0
v 4.4044403716773237 0.8406830000640837 0
v 6.3210956486061942 0.40637977931939079 0
v -2.5751933020415536 6.8558294494242435 0
v -2.6255854671542145 6.5591387755383801 0
v -2.4381132609752454 6.1850404631870113 0
v -2.3964971871851142 6.4399187711470391 0
v -1.9654762964295245 6.23870579881378 0
v -2.2093629804617207 6.2785271799283553 0
v -2.1580119617805229 5.826272678724683 0
v -2.0451676645558674 6.5173893776377598 0
v -2.1199078772417197 6.0596417524771207 0
v -1.7252609304354158 5.8754091853504136 0
v -1.5112928746747418 6.5193183997425583 0
v -1.7791255607171612 6.7661340192015045 0
v -1.7779582275546928 6.4430637208964843 0
v -1.6809090189668314 6.1657998260642159 0
v -1.1883024777375883 5.9419808018758768 0
v -1.4661700256058876 5.9844200377023284 0
v -1.4024693092326272 5.4706179117400451 0
v -1.2804639759196104 6.2694382046684227 0
v -1.3618602649345268 5.7365024249893439 0
v -1.6077545484377154 5.6380149190384898 0
v -0.91082489369732766 5.5315715354952149 0
v -1.9168771823082151 5.6327831643923716 0
v -1.1074420180821674 5.6976446452322156 0
v -1.7557417128073429 5.2469596950691857 0
v -0.71473164631775976 5.9631560118388132 0
v -1.6164511484129516 5.4177769473736719 0
v -1.4303457948328555 5.1238200046957463 0
v -0.94853080918076449 5.8857826585216193 0
v -0.93399406912412819 6.2337792667739915 0
v -1.8943747662933246 7.4857988289459838 0
v -4.2137967384984147 6.9029450710189737 0
v -2.6116397156411968 7.9094162793256269 0
v -2.2527578815768683 7.7009111819667568 0
v -0.97948576187117087 8.2078987761446403 0
v -0.44806657232031033 8.4657395386539598 0
v 1.0058015187685208 7.8895416089783721 0
v 0.77572077434561526 8.0430872112152869 0
v 0.551722799403778 7.9679764643491984 0
v 0.67366220282333167 7.2157571917311483 0
v 0.13146054541220298 7.67058086982858 0
v -0.08203208916108716 7.1783584188778828 0
v 0.366746958733352 7.4004741661196283 0
v -0.044701881468498517 7.4545776333131819 0
v -0.55302745290695976 7.3826441861843062 0
v 0.1427559395494134 7.2886111240653264 0
v -0.28872018873142963 7.3469238432439941 0
v 0.22580955647410295 6.8349976080332056 0
v -0.39056688965981012 7.589035558818253 0
v -0.48419613480978307 6.8962401488256608 0
v 0.37822006191675672 7.097312997973118 0
v 0.12031149785562723 7.0500916557421851 0
v -0.14995354260203608 6.8474767909866383 0
v -0.4391136831702982 7.9691371836513687 0
v -0.71220758296956177 7.6750784554641767 0
v -0.32290009231730787 7.0940148266182987 0
v 4.7391828199638777 -5.4270070418479381 0
v 4.8399812451920301 -4.9950222872137076 0
v 4.4140512957061979 -4.9155559366001169 0
v 4.6153054742101434 -5.0180575517810189 0
v 4.7069184208093358 -4.8043980421835508 0
v 4.4083915343965154 -5.1754929464304631 0
v 3.9576201864599705 -5.0356479153319595 0
v 4.203040472843349 -5.0409915954888964 0
v 4.1948389930262184 -4.7869933526430168 0
v 4.0719824663631163 -5.4217137720422057 0
v 4.4234117229878001 -4.6484245086107645 0
v 4.2765084533028759 -5.3482289995415657 0
v 4.2408661516385573 -5.5703929674130759 0
v 4.007472619189083 -5.6652465795823526 0
v 3.6350155223752423 -5.4362752745537515 0
v 3.8556895665599478 -5.4947300224352436 0
v 3.8980250414465392 -5.2632728749560913 0
v 3.6807066097310366 -5.7095492037433253 0
v 3.5737877393411943 -5.0567695069077034 0
v 3.4878290168822819 -5.6013414026439001 0
v 3.3094304347871568 -5.2941117396524993 0
v 3.4908764177423319 -5.8257703040774897 0
v 4.1411413282387954 -4.1164628170633053 0
v 6.4119151719379612 1.8195556156682713 0
v 6.8756707796488659 1.6677022353523663 0
v 6.8957482676424791 1.8920892664909319 0
v 7.3217767013876811 1.4315778820119347 0
v 7.1771544592688894 0.96376246977039703 0
v 7.5601220410005832 1.2435499693500009 0
v 7.1834914951088367 1.2180656564086967 0
v 6.8284603834470712 1.15944750630725 0
v 8.6587168518709099 0.74808562668319556 0
v 8.0086331252433656 0.2260619988777095 0
v 8.4685538210017661 0.31807762409592194 0
v -7.2856196654306604 3.0017239380050054 0
v -7.818495158354998 -0.54871547701338552 0
v -7.551050059935104 -0.53165562943661149 0
v -7.3509061757265908 -0.41672876133456138 0
v -6.9273655175573392 -0.4530620573944073 0
v -7.5761500523544125 1.0042817240466642 0
v -7.5101976457420871 0.77289869466972694 0
v -7.4036555134312678 0.56641994176736488 0
v -7.1432353360518572 0.69654360271653948 0
v -7.3908951213660412 1.1524965301054382 0
v -6.9539412563512419 1.1577777677031316 0
v -7.1747858239477624 1.3510282225397046 0
v -6.6893137083084842 0.41110240623726169 0
v -7.0733276243954633 0.93731389743559179 0
v -6.721783795032457 1.6458994898731703 0
v -7.3065974448748179 1.5243014888308792 0
v -7.0186550051682861 1.6065715118137602 0
v -6.956529121171326 0.48980830259223873 0
v -6.6440140101155194 0.84738768116852303 0
v -7.172978629654188 1.1321735821442578 0
v -6.9914871111361911 0.084460763378142512 0
v -6.8452614653543229 0.95636790876747702 0
v -6.8482548331720601 0.71053412432805607 0
v -6.5619260826875907 1.2392807939419004 0
v -6.873577220299218 0.27847316980964881 0
v -6.5886016906196891 -0.027554742482384154 0
v -6.3427519827575169 2.9675004242112846 0
v -6.5814777468347874 3.093584737904457 0
v -6.7891894933302197 2.8174495599025899 0
v -6.5447124243639223 2.3793895175844852 0
v -6.6051731511757659 2.6328971351632466 0
v -6.8909767287947812 2.5319408723241934 0
v -6.3035474454442708 2.5708702162680335 0
v -5.3288064911242667 2.8475834073010646 0
v -3.7514402054345606 -6.3395390305291706 0
v -3.6556518690087692 -6.122596114997628 0
v -3.0476139040162096 -6.402496147327124 0
v -3.1803233167610614 -6.2135759481117763 0
v -1.9468065811203037 -6.998845936058431 0
v -1.0950386622268433 -7.8588358627008823 0
v -1.1199934345635481 -7.6108752513096158 0
v -1.0610400535527502 -7.3300621082180895 0
v -1.3949945851997547 -7.7637874159702474 0
v -0.86703393288209174 -7.0374378645167859 0
v -1.3514213128560968 -7.0715276652344885 0
v -1.2575529383577306 -7.2584391251871985 0
v -1.0888602413551345 -7.100993773709174 0
v -1.539532025411039 -7.2830247538537369 0
v -1.0906141811765455 -6.6759789686164801 0
v -1.5565007842949963 -7.5326230105237846 0
v -1.1979955437729739 -6.88893312877717 0
v -1.4544562986884477 -6.6260633123129278 0
v -0.94706651910911022 -8.1713704388716604 0
v 3.2604391399798835 5.2300108733546811 0
v 3.170991801795942 5.4593186071244437 0
v 2.9325738817164373 5.5251847906663691 0
v 2.6894103688376663 5.6733830306394699 0
v 2.6405501225145112 5.3196228556946741 0
v 3.0923553661264331 4.7615053585237535 0
v 2.2127592819545816 5.7577453013250119 0
v 3.2424686606049868 4.9720539520103708 0
v 2.4640663960090805 5.7889106950862237 0
v 2.9670191971465751 5.009652259326522 0
v 3.5406565863339652 4.6006701953714444 0
v 2.3130140778553208 5.9781349519751856 0
v 2.1710822642447569 6.1634451151955902 0
v 1.8066043992670489 5.9354159275681271 0
v 2.373899802224066 5.4871732206566941 0
v 2.589791281906578 4.6633923573621754 0
v 3.4439373485607594 4.8284142915286932 0
v 3.831035238200128 4.8583989137419739 0
v 2.8272368506332222 4.7833234055806466 0
v 2.677799503575351 5.0319467221154941 0
v 2.921118729814157 4.3024323913744471 0
v 2.8081678309055875 5.1950769617685255 0
v 2.3380788086602275 5.1342080780544883 0
v 2.9419958738573393 4.556117674114625 0
v 3.2544009472657738 4.4027064702474679 0
v 1.6564540372937195 7.357165096093321 0
v 2.1540633296625047 7.7040243662927885 0
v 2.0199320294598686 7.3888613581262259 0
v 2.4509464722392789 7.8250934484788681 0
v -0.22101739939037213 -6.7036168426085494 0
v 0.60582108859205774 -6.738434131943337 0
v 0.98029670276486158 -6.7483695999144251 0
v 0.4143093774256032 -5.9522607481700112 0
v 3.8143654942981198 -6.1911968173281897 0
v 2.1806679362422283 -5.9398459181703611 0
v 1.9878322041530594 -7.45226324033864 0
v 2.0305417377777748 -7.656075162016009 0
v -5.596976881137083 -5.6021422601614859 0
v -5.8477998506620406 -5.6346620029535881 0
v -6.01880478913092 -5.4054481493097519 0
v -6.4474242863647815 -5.1598384873652066 0
v -6.1959794872856468 -5.2178380230862782 0
v -6.170112249345987 -4.9207571273181312 0
v -6.4032695439188174 -5.5424576919035013 0
v -5.1939351128906637 -5.6494942839290356 0
v -5.1033365549877292 -5.4141715211110437 0
v -4.1337963965703075 -3.3752712537132306 0
v -6.7311849492186404 -2.2249959517654307 0
v -6.5096973320924265 -2.180728840694516 0
v -6.9447073877819481 -2.0465856029920153 0
v -7.1881728763451456 -2.2059004751001829 0
v -6.8544205159493661 -1.5420990927282774 0
v -7.3152124894378385 -1.7460683401766324 0
v -7.3903143928538642 -2.2551307172688788 0
v -7.3449577279649167 -2.0017511045291552 0
v -6.8284182923827288 -1.8070751343836582 0
v -7.1306007593319372 -1.8971170338407808 0
v -7.0823073405443457 -1.6497522267451703 0
v -7.6262340838646159 -1.8394567863949782 0
v -6.5145111956105293 -1.7365342929977259 0
v -7.1592032369757623 -1.1919451860488233 0
v -7.3008285227362357 -1.4510948396343557 0
v -7.0561926430527553 -1.4100043941074887 0
v -6.7211391193360024 -1.1183654242148651 0
v -6.9297945267018388 -1.2169336875290158 0
v -6.9805937269498441 -0.8392673135071107 0
v -7.4465256171360306 -1.2031974413545736 0
v -7.5030009580844039 -1.5890736431786265 0
v -7.312852489947911 -0.94252964202389222 0
v -7.6424471142194985 -1.3225891101040326 0
v -5.5958795942224713 -2.44688977319682 0
v -4.6710475221766963 -2.4505570913330716 0
v -4.1911716250534585 -2.6885067753393552 0
v -4.3004232998823317 -2.3059754041014946 0
v -4.4646666397565111 -2.6372068591790199 0
v -4.5141210735715287 -2.3055017482472091 0
v -4.4066690480607251 -2.0336224626973078 0
v -4.4935489331262586 -2.9518787565721154 0
v -4.6697132524437315 -1.8223991726428594 0
v -3.8707395418886823 -1.9814545315116832 0
v -4.131347266010498 -2.0831184330933423 0
v -3.9342059905730955 -2.4082499827773733 0
v -4.1812654557988465 -1.5703008803504457 0
v -3.9397908029196262 -2.1893028932666212 0
v -3.5368073653929466 -2.2077875492738896 0
v -3.742669272630482 -2.2938195706159128 0
v -3.6355840783459201 -2.6905765390631342 0
v -3.554088435594092 -2.4557510676284355 0
v -3.1785554765748416 -2.7176330960348047 0
v -3.4032541024127356 -2.6396519518845034 0
v -3.4291438456943952 -3.0769712007681704 0
v -3.1702620970189725 -2.3310168573725347 0
v -3.354525637436216 -2.8619627004340051 0
v -3.0106839840948161 -3.101744449185996 0
v -4.2286269130741267 -1.8337494139015844 0
v -3.9814232304794994 -1.7422089837607455 0
v -4.444816871908988 -1.6589023968750034 0
v -3.5019650298307967 -1.6656201116759353 0
v -4.4385238564777438 -1.2413445812218744 0
v -3.7308931162476031 -1.7715305675437609 0
v -4.3679624788070193 -1.4512343408700366 0
v -4.105984912615571 -1.2463562769123051 0
v -4.5928399419750292 -1.4100286812025888 0
v -4.762311117142481 -1.2606971466788985 0
v -3.6321063166139314 -1.9888832064380912 0
v -3.2525714134207173 -1.9538506556050204 0
v -3.9139802518269935 -1.4616950958240917 0
v -3.6282462610364679 -1.0136543904255237 0
v -3.8342985960042659 -1.1973788525551008 0
v -3.6287149840145809 -1.403523443991149 0
v -4.0569652164692691 -0.7402426745092513 0
v -3.1007149187829826 -1.3098790751198597 0
v -4.0100999429412072 -1.0002125220242628 0
v -3.3515086708646851 -1.4311629390725502 0
v -4.3347665697610323 -0.92453163958100637 0
v -3.2249113151902171 -1.67790744006778 0
v -3.3443780473164106 -1.1259671460910423 0
v -2.7495701666207344 -1.8649127715072222 0
v -3.0136133343473248 -1.8384455146761722 0
v -3.032957102161729 -2.1034883473305084 0
v -2.8503578643987586 -1.5400830349264036 0
v -2.698264318757889 -2.4606564803981246 0
v -2.9159806645743349 -2.3292727617725184 0
v -2.9317803320776048 -2.6015354943690863 0
v -2.6638908917110347 -2.1576151163378983 0
v -2.9642990607886932 -2.8527336081295034 0
v -2.5460639949740673 -3.059466701637477 0
v -2.6754654201592905 -2.7624205206026504 0
v -2.7843362465415114 -3.0150821275842303 0
v -2.743881726341324 -3.4596653853305321 0
v -2.7014112365037759 -3.2316686217111554 0
v -2.3184711161728773 -3.4209554658214758 0
v -5.9406801443358876 -1.6420367375397376 0
v -4.1840205529542569 -4.937859543814282 0
v -4.054528338942009 -5.7443885564604757 0
v -4.1122681979452596 -6.0584339923765631 0
v -2.6231005497865514 -6.06245431910477 0
v -3.2575753497427544 -4.9132758678958766 0
v -2.9520648360725548 -4.9439190609204937 0
v -3.685158595459392 -3.8642536677078252 0
v 4.4467358962910932 2.1898099589985676 0
v 4.2349658219613016 1.8721303225167498 0
v 6.4921131578712972 1.4952857554643642 0
v 6.4002299962046436 0.91265199937113306 0
v 4.2322914128103104 -2.8072679575776265 0
v 6.1018240218261353 0.62194533721109102 0
v -2.6652275032043535 6.2160316737496002 0
v -2.5997115893903029 5.84847359030889 0
v -1.5012430565370181 6.2970468518693909 0
v -1.1285015721260487 5.2740763534326156 0
v -1.811336454748538 4.6085526531157228 0
v -1.1188999195966489 6.1382117906498275 0
v -1.060665035305961 6.7040344461695609 0
v -2.0629482472190466 7.3554017821143667 0
v -1.771930651860993 7.7483343139458425 0
v -1.3677497188927841 7.4000069347750248 0
v -1.4771805359808061 7.8994323496817866 0
v -1.6189633642981887 7.5171706482631233 0
v -1.6226334954957005 7.1814028446987885 0
v -1.4021375619422345 7.6541736848843955 0
v -1.0544065420902691 7.5718107850862371 0
v -1.2100975035529358 7.8470430681558385 0
v -0.73834319321197461 8.085606189883487 0
v 0.61293967185375986 7.5510042952025271 0
v 0.86516284792942544 7.5959230150979646 0
v 1.0356359151849071 7.2717355949157154 0
v -0.45852273285234568 6.3948759880925659 0
v 0.69344191132898125 6.7387283018889939 0
v -0.4176884947468924 8.1898182865501639 0
v -0.51549406987138102 7.7662308133464455 0
v 3.6895655159869789 -5.2327824259514211 0
v 4.3876648128593745 -4.102907215701137 0
v 4.2655051857738284 -3.7841152705369154 0
v 4.2792022214132164 -4.3788238131775632 0
v 7.5851019875280539 0.80736494791052638 0
v 6.8622248101939363 1.3641391930260911 0
v 8.1627528545136538 0.49898580844625628 0
v 8.5275690167168765 0.027619585909069627 0
v 8.2678044223259963 0.12606504273645164 0
v 7.9609517563470105 -0.28337569226647474 0
v 8.3380226557139441 -0.29870804262947087 0
v 8.0566363449720608 -0.035381154215324118 0
v 8.5024662420353234 -0.17601206110823983 0
v 8.3070412283064989 -0.085639161399977709 0
v 8.5615657604291719 -0.42676628186545895 0
v 7.5691681480564634 0.010243956227857787 0
v 8.2227822768722127 -0.75901741887495211 0
v 7.8064679246732984 -0.081314235677622526 0
v 8.4808864177612691 -0.68334841246322853 0
v 7.5255106199456936 -0.45620218063029905 0
v 8.296643416041114 -0.53292872049367424 0
v 8.0121300897799568 -0.56509001547750981 0
v 8.428562213939923 -0.98289878899868199 0
v 8.6639360723840824 -0.8426001596229975 0
v 7.718858178679092 -0.30838046231679583 0
v 7.7578385133337218 -0.55972392121197223 0
v 7.8773784738404835 -0.92283632803600302 0
v 8.0169984039510549 -0.77117522638559177 0
v 8.1349414292644013 -1.0198520714025947 0
v 7.4895956707025908 -0.84926497767894804 0
v 7.8341778019478054 -1.4279322667193872 0
v 7.9270097425628041 -1.1814767106124977 0
v 7.6425190895777995 -1.1019863274207562 0
v 8.1734325723313219 -1.4150075166351479 0
v 7.1180521443781348 -1.246716687781825 0
v 7.3598748889890127 -1.1003880894838862 0
v 6.9795632790456583 -0.74486737320892016 0
v 7.4354067776178443 -1.4981946600138241 0
v 7.1195814583234345 -0.97626151490245694 0
v 7.5001868886551168 -1.279820863686578 0
v 7.2458987683137215 -0.74176599557705103 0
v 6.6393743893318629 -1.108778049603464 0
v 7.1078826190960216 -0.32695261647310209 0
v 6.8981661861733885 -1.1102414119034913 0
v 7.1105548035603796 -0.55643049411560552 0
v 6.7504743964213434 -0.44586899930254831 0
v 6.7661761500871735 -1.5682761945909207 0
v 6.8967659313547349 -1.3578728156568145 0
v 7.1116549799264499 -1.6369745609161672 0
v -6.840669297259832 1.4031735682758422 0
v -6.9283172121777374 2.0647926967307546 0
v -6.3595181749104697 2.7645014948376976 0
v -6.0846874792300962 2.0476108886174114 0
v -5.4043007959922296 3.0290585828909857 0
v -5.528133043921315 2.8711034019914097 0
v -5.2049742431951804 3.0055385882006411 0
v -4.9868794059526458 2.7070405833296154 0
v -5.0130979326245457 3.2039373645260327 0
v -4.9570559815162616 2.9577542971539978 0
v -4.5275214426146864 2.7795287359969749 0
v -4.6904348311081181 3.1479191669304529 0
v -4.7674231305826362 2.8080660256176171 0
v -4.6980610286165696 2.3685178688562831 0
v -4.6707544092633988 2.5980737994512304 0
v -4.2774683807644145 2.4348887310194929 0
v -3.8508200382377029 -6.0962315874592887 0
v -1.3871349103770239 -8.0118767170904164 0
v -1.5639973604334929 -6.8700689275586697 0
v 2.573653536937293 5.509116701868308 0
v 2.4433980894509064 5.3018198881628082 0
v 2.2215302649823045 5.3243363492890268 0
v 2.1544903000663211 5.5397728742869967 0
v 1.9427595619250626 5.0226637975585273 0
v 1.9504168368663077 5.7111008722274503 0
v 1.8995031247756686 5.342276382522285 0
v 1.5061130643202554 5.5845075952362953 0
v 1.7092014674632576 5.7147112423333599 0
v 1.3914991502709877 5.9867674593356908 0
v 1.7146818030348263 5.4826752135601335 0
v 1.4298767130987295 5.1638565677653796 0
v 1.671793723840618 5.2343682469756709 0
v 1.6354963987035436 4.9086501764686572 0
v 3.2655181181321997 3.7617520006363474 0
v 1.7058630587845172 7.5847622631722906 0
v 1.4070970399007721 7.5304596352248616 0
v 2.2357998803275225 7.3234524608230576 0
v 2.0711453772103279 7.1689629693638786 0
v 1.8503627513969305 7.2334565605667178 0
v 1.5932081078304505 7.0442025969955289 0
v 2.3213252397961477 7.9752713699101676 0
v 2.5447419134249198 7.6158588931396753 0
v 2.8007525266275017 7.7008314299792859 0
v -0.013768858159683442 -6.565759966052191 0
v -0.002986773172638707 -6.117184728915384 0
v 0.056372370925578438 -6.3430287018184925 0
v 0.32341585896548369 -6.2283199597694869 0
v -0.21017279074632331 -6.2923626989364472 0
v 0.20649410280288449 -6.036829918559258 0
v 0.16048393080709994 -5.6261461807112232 0
v 0.014823255368136935 -5.8503841976399649 0
v 0.60820019849945905 -6.1690931392400215 0
v -0.31133469843856298 -5.9626065297826552 0
v 1.0681629985726879 -5.8943610256586902 0
v -0.47540502526929446 -6.1933348851750321 0
v -0.29070340389027521 -5.4924918074284168 0
v 0.73563331346865257 -5.8600383936847091 0
v -0.80283999076371249 -6.4093798409460128 0
v -0.084912721459388316 -5.6261694514447464 0
v 0.037746339945359142 -5.2120998356710215 0
v -0.084934077785126488 -5.4009607859925195 0
v -0.3422591112759153 -5.0995315374915187 0
v -0.80238758576272939 -5.7871192794991506 0
v -0.59732613233218879 -6.364703414261518 0
v -0.75781603760763894 -6.1214669711400438 0
v -0.64235008548826211 -6.6526162840674878 0
v -1.2362543160117618 -6.1941254315208285 0
v -0.8684149893378208 -6.6272115651255596 0
v -0.9855644052397512 -6.2333284404273277 0
v -0.96890846111423645 -5.9794627462783296 0
v -1.1446315858767324 -6.4293690990377224 0
v -1.2266199289373034 -5.5880954384057224 0
v -1.0425712718213449 -5.7474351030349577 0
v -0.85213033145211126 -5.3414977744950907 0
v -1.3266457371531366 -5.8895968520431934 0
v -1.0045984749840466 -5.5176093355135718 0
v -1.2405616176406657 -5.1592695973608116 0
v 1.4374280507337165 -6.7912974769229315 0
v 2.4506045465931754 -6.137838870320711 0
v -6.2531463940404235 -4.6819442297678346 0
v -6.1322102979872852 -4.4632431058283428 0
v -6.5994876607550585 -4.7847123708947921 0
v -6.1830888315275176 -5.552379207988281 0
v -6.3020911784497295 -5.7451955285931104 0
v -6.5348604926118066 -5.7347454452312485 0
v -6.1884060858906906 -5.9430779200738071 0
v -5.2758911396948731 -5.304106670217684 0
v -4.3859928978466964 -3.5455871254614393 0
v -7.8182146562978199 -1.7345278421523402 0
v -7.9976161435789885 -1.5493744697121759 0
v -7.8822443849607096 -1.3649566501838519 0
v -7.737169186629985 -2.0293756826673501 0
v -6.4735697753144077 -1.9416842966256589 0
v -6.3827917343183778 -1.4593843610357891 0
v -4.6975249791944824 -2.98861053527538 0
v -4.3979719968907673 -3.2352033375695184 0
v -4.9384461501233581 -1.7506768959845986 0
v -3.4513420588992414 -1.8738283208676689 0
v -4.2704030230012746 -1.1210078123088065 0
v -4.5225593890531366 -0.33992199371940918 0
v -4.558205198446565 -1.0267516475173417 0
v -4.5811798604973433 -0.68121946549261003 0
v -3.5412613619325284 -1.208693777215049 0
v -3.2872126216975914 -0.56659073503617263 0
v -3.0682455735912928 -1.5258064176255037 0
v -2.2241305021635522 -1.5238291189962083 0
v -2.8365003805172955 -2.0492499285423977 0
v -2.1519204727368293 -2.5711223427352619 0
v -2.6309365365376327 -4.4654551431063521 0
v -3.9424774189372065 -4.0562077434079749 0
v 6.3568947706404382 1.1148632807693828 0
v 6.5889720983270417 1.0588498445864281 0
v 6.7537694957586139 0.6511632425209124 0
v 6.6138764308383839 0.83176584378706997 0
v 6.4228480252970295 0.64979585086358926 0
v 6.8787223051655593 0.89243172797619508 0
v 6.5891896886166057 0.43728677419728956 0
v 7.1004816630473648 0.62459194780782301 0
v 6.5076818962830094 -0.033903486429238405 0
v 6.9061111861242175 0.3636739510960908 0
v 6.4791395940800642 0.21367869161866784 0
v 6.0725423795807885 0.041368148677026872 0
v 6.7519877291239014 0.11969743170519695 0
v 6.3011820572273507 0.067726680726572952 0
v 6.2316694512622473 -0.33412033271567038 0
v 6.7593547631804496 -0.1631075210532561 0
v 7.1270494134666293 0.053434856873357861 0
v 6.903473688824783 -0.30915388642128694 0
v 7.0218835673521918 -0.13194271398887233 0
v 7.2589023010247811 -0.14388550824105492 0
v 6.9530810836852766 0.16333313914008077 0
v 7.1742981794515126 0.32087393237531137 0
v 7.35967444509469 0.15023001205406555 0
v 7.6621804969806311 0.37619008420578959 0
v 4.511440208830841 -2.9887079730378283 0
v 6.2116331667547628 0.80773584918318186 0
v -2.3804481036988752 5.3020624785388071 0
v -1.1817763599957654 5.4890328229189462 0
v -1.3246716037197268 5.2898449926021103 0
v -1.6935071620233233 4.9199158760890018 0
v -1.0130606278477046 4.6638616408855356 0
v -1.2515554481342321 6.5276978470925942 0
v -1.0157674806588284 6.4639402972233109 0
v -0.73663737638893745 6.4335047604867173 0
v -1.3926651601223927 6.871944954245274 0
v -0.62692308846667433 6.2029300392444844 0
v -0.56611816991527442 6.6407057489057744 0
v -0.20245569479068282 6.0003756391649876 0
v -0.29324035272335836 6.6136784408141915 0
v -0.79020428069168902 6.8534446793192245 0
v -0.38612397693148293 6.1615137314935913 0
v -0.45268242207687437 5.9004057836103385 0
v -0.073268213005764138 6.3328693618547183 0
v -0.6460117189015756 5.671592293567195 0
v -0.015798236467446242 6.6044508026337834 0
v -0.15035008286002424 5.5068077530568829 0
v 0.39484473231988593 6.3756822969763958 0
v -0.24600873961093417 5.746243455775172 0
v 0.15417254395171498 6.4266114951545452 0
v 0.17904012285022297 6.0434930142255476 0
v 0.31834262111372946 6.6082897725601866 0
v -0.41450435456673795 5.5401000911535716 0
v 0.0096196918017205924 5.8332321257982809 0
v -0.65994417057940757 5.3775186224650415 0
v 0.46706445859215884 5.6380268831681297 0
v -0.33000192650198645 5.1459778118043795 0
v 0.26587106841855568 5.800141060190227 0
v -0.30330236403230687 5.3578224548145261 0
v -0.01392642625879642 5.2137464933070712 0
v 0.10754644153695686 5.5828313381226335 0
v 0.61267844886770284 6.0246461587435736 0
v 0.39363517149744237 5.9828959978971357 0
v -1.5735871193118727 8.0860356491099239 0
v -1.794774942133196 7.301221052433192 0
v -1.7845326695653152 7.0052927171008248 0
v -0.82342151801202745 7.4250013812111462 0
v -1.088708069548153 7.2627251328368754 0
v -0.72896527431517799 7.1437473111057539 0
v -0.96236965761200599 7.0413732325031262 0
v -0.51923995610224838 7.1735271120312216 0
v -1.2124471169553315 7.0453697646320972 0
v -0.91047108997447801 7.7134582894422934 0
v 0.59922214737691015 6.9737460591509421 0
v 0.46730782049069197 6.7844655029360172 0
v 0.92352243036790582 6.9673641628283729 0
v 4.2380066668058607 -3.362066317006156 0
v 4.4876940336451714 -4.4406706764064721 0
v 7.6534174378521813 1.0300851167595892 0
v 7.4079080486745879 1.0499044979697243 0
v 7.868044518434222 0.84241471824883274 0
v 7.7525946442534996 0.61482973187967316 0
v 7.9816280064409124 0.64172046392842974 0
v 7.8907302419935128 0.42710839552794144 0
v 8.5990316921502838 -1.1051278197828962 0
v 8.2688220763951445 -1.2062634665684029 0
v 8.0258474486962381 -2.0000452865130773 0
v 8.3923211201095711 -1.4952271087642124 0
v 8.1826939459768084 -1.7284780836103832 0
v 7.2203728787097106 -1.4435753125047424 0
v 6.8171323130834827 -2.2150640370558645 0
v -6.8959405348277576 1.8203940813087733 0
v -6.5510875606413217 1.9904222937635352 0
v -7.1714423307096347 1.9082408697880202 0
v -7.1054610328815722 2.3140187599070905 0
v -6.2679105751140449 2.2783756307571483 0
v -6.4593826514160648 2.1834551147646981 0
v -6.7106637989655331 2.1905695719162006 0
v -6.3151426252493428 1.9966306747598015 0
v -6.4257540959138586 1.7137772275623488 0
v -6.1433442740019721 1.7663935892602765 0
v -5.8537168206132018 2.4191177872678464 0
v -6.2208490978020379 1.3981854805382756 0
v -5.6154951832611708 1.8030199232473976 0
v -6.0945126678681287 2.4479202846846606 0
v -5.9496529442496069 2.638025602507144 0
v -5.6700602865005365 2.630080934510417 0
v -5.8845849900071299 1.8591471444588372 0
v -5.9108841346820338 1.5252014901312545 0
v -5.6878710569319173 2.1291394829466395 0
v -5.2054861815963056 2.6614006214914294 0
v -5.0525806827797251 2.3403089923010629 0
v -4.2718478892180451 3.5822397945827396 0
v 2.0531087303014659 5.2003319384542879 0
v 2.1593845917786632 5.0112214632252643 0
v 2.0307879746346225 4.6329262120296333 0
v 2.3941184485483609 4.8614741313746404 0
v 2.184467642818849 4.7916897911834697 0
v 2.3178857565352509 4.5087829121337357 0
v 3.6825421760455783 4.0895588098095228 0
v 3.169568357689819 4.080661426517814 0
v 1.208732923348915 7.4192361469377817 0
v 1.3039142254686749 7.1322196470617403 0
v 1.7335912986524755 6.8561829029318773 0
v 1.3310778365634577 6.7020676572359363 0
v 1.5862371777761615 6.6383440995040139 0
v 1.5017572656161058 6.8427842208700591 0
v 1.3776399940880266 6.3457987673984624 0
v 1.7301873352243484 6.3989604651493606 0
v 1.8097148299117132 6.1739997830785498 0
v 2.7127184258925361 8.0075043900240956 0
v 0.87913364532357174 -6.0977502659166891 0
v 1.2981223756859439 -6.3319536796634255 0
v 1.1298047604788755 -6.1411869739922125 0
v 1.5365381949341428 -5.908500160857022 0
v 1.3003566126175903 -5.9674836225314456 0
v 1.4715874228577794 -6.1507751606786005 0
v 1.3138859977826267 -5.519307100810976 0
v 1.2439168120097983 -5.7414873680769682 0
v 0.9239690050117435 -5.5186216419041507 0
v 1.634781202505863 -6.4806503919456233 0
v 1.8489710516346636 -6.1221030685807438 0
v 0.49502536876004255 -5.6275993642744364 0
v -0.5754997135240274 -5.9270178292765268 0
v -0.41348229166080525 -5.7226136451466738 0
v -0.58871332030202583 -5.4813065658683495 0
v -0.62096901726404541 -6.9231032473455665 0
v -0.40665310314836933 -7.004281274058652 0
v -0.44221856796073 -6.774682857041209 0
v -0.81283071280006214 -6.8321399110540932 0
v -1.1661415448246886 -6.0076348056081885 0
v -1.8111116653134389 -5.5615279810178837 0
v -1.6761858591175147 -6.1590282495111843 0
v 1.6139373165755708 -6.9659239322522888 0
v 1.7376999585761792 -6.7281554691582324 0
v 1.3292944216104139 -7.0771164114577712 0
v 2.6666231259763888 -5.5603192505355254 0
v 2.2203498888234856 -6.4128165398146795 0
v -4.2151132570387322 -3.7905060407435909 0
v -6.282517342619645 -1.0341629788730813 0
v -6.615459873503033 -1.51868124978194 0
v -6.550506234608676 -1.2874271317590984 0
v -4.5674771991091578 -3.3759328015489798 0
v -4.1190279335483542 -3.02825850881365 0
v -4.3129055472293585 -0.65595893580536446 0
v -4.0355235641793001 -0.2443892040585558 0
v -4.1161725676776708 -0.48929211117048976 0
v -3.7013132354498635 -0.52387312799637697 0
v -4.2774118363037443 -0.30046367004079338 0
v -4.2558722593666989 0.15637474057897494 0
v -4.4412520584196749 -0.063811738082859282 0
v -4.2022160040472825 -0.075082102754903596 0
v -3.8187349996432571 0.1357640576351119 0
v -4.0402102694261686 0.08442172767312224 0
v -4.020488421933341 0.50270744839279535 0
v -3.9143743085944509 -0.57414112348791013 0
v -3.8026540338002528 -0.81430288775664683 0
v -3.8515129027445791 -0.36391536379636164 0
v -3.4928520801439209 -0.1776316708250546 0
v -3.8206678289635612 -0.11502394383138276 0
v -4.7388920435083683 0.37490874491030013 0
v -3.5257614379741198 -0.74802460869905973 0
v -4.9247032316413666 -0.071474449669074014 0
v -4.5282011040582271 0.19752344743462924 0
v -4.6817831073371234 -0.1430081448546873 0
v -4.3474856977461354 0.47179476281434035 0
v -4.7688460499420424 0.12551295930224232 0
v -4.9082548232581216 -0.46384868236534121 0
v -5.1959789746895479 0.30331104220911098 0
v -5.0074866453319515 0.1541751995731305 0
v -5.3661095174356106 -0.10540178035866843 0
v -5.1501910065698677 -0.02618840037566645 0
v -5.1648862796199815 -0.32001249906523094 0
v -5.5051738748231864 -0.43743205684306075 0
v -5.1563687474230671 -0.60567364757014486 0
v -4.8588800126024001 -0.75631287825862903 0
v -2.968802270420777 -0.88173986777335611 0
v -2.3490980588940804 -1.9065784459133841 0
v -2.5349519603088715 -1.6202703485345669 0
v -2.3899650786258242 -2.3421561592248175 0
v -2.3637872114317915 -2.8033534718454391 0
v -2.8589764865081095 -4.6593996975254433 0
v -2.3890885678016085 -4.9977034217597405 0
v -3.7594485540759335 -4.3021711579047608 0
v 7.3295617849832357 0.75105773430544276 0
v 7.503369629347703 0.570277290899742 0
v 7.3936908722735195 0.37319542372835512 0
v 6.034643744554038 0.33430659138646329 0
v 5.6758376586945376 0.13896562063143891 0
v 5.893111026746972 0.16707515791405375 0
v 5.7691411876265182 0.41550165686661134 0
v 5.8207226735871531 -0.12716198635434622 0
v 7.4888918073437898 -0.21750864836994252 0
v 4.6935089050267633 -2.4031341577380863 0
v -2.1953028223165605 5.5327983235819991 0
v -2.3854615161513051 5.7060675825254252 0
v -2.070849160263879 5.2432858251218457 0
v -2.369023903630739 5.9502548570523848 0
v -2.6766006345838189 5.5004210972762708 0
v -1.1568371733745504 4.9526888351628289 0
v -1.4121470498226354 4.6354639694117932 0
v -0.84496437653070366 6.6330731475926941 0
v -0.051828999178642143 4.6195474852364411 0
v -1.3967859603879051 7.175967773481192 0
v 0.86746959966579518 7.1608448021063973 0
v 0.84474173775443595 7.3782695223110375 0
v 4.3448425169487335 -3.5670257547340434 0
v 4.059106178459694 -3.5856428513007947 0
v 3.9854759816283254 -3.8687709829548749 0
v 3.7522169045830926 -3.1567133709502557 0
v 3.6382902465070139 -4.2597255760043833 0
v 3.9661517035581451 -3.3278987779144678 0
v 3.8688431529069542 -4.1148314247055282 0
v 4.1346663016806975 -3.0857022599825168 0
v 3.5624821363184345 -3.6131023925250356 0
v 3.8748098411676843 -4.3801983552576464 0
v 4.3548858963184323 -3.1608588792820669 0
v 3.8920260247367215 -2.8442954183685263 0
v 3.5962147832241436 -3.9369030273112329 0
v 3.8148799926631392 -3.6732676667268174 0
v 3.723179120706273 -3.4122752445772173 0
v 3.5851050209994222 -4.6565534144177123 0
v 4.0767963712354822 -4.3178287756878548 0
v 3.2947527683939204 -3.2341654066280636 0
v 3.8201955241968659 -4.6129730694058741 0
v 3.7446510883442583 -4.861333107427428 0
v 3.4832753628763542 -3.3850165875160685 0
v 3.1275556085669787 -3.6363423448951755 0
v 3.3416667392796335 -3.561988520810778 0
v 3.3215500051938234 -3.8495166648896522 0
v 3.9645235913513872 -4.7925430916338199 0
v 2.8466535451634427 -4.0868280535750641 0
v 3.0506347252033885 -3.9011996629410217 0
v 2.6195762072260083 -3.6324114976019999 0
v 3.2171764825429632 -4.2890955798966504 0
v 2.7971993757738383 -3.8275959917360347 0
v 3.3934800765545345 -4.0987763963427417 0
v 3.0668703886505009 -4.1239289569751421 0
v 2.9030913368640494 -4.423946940349631 0
v 2.3623795282449458 -4.0448806222394067 0
v 2.6104322105731148 -3.9975591633026633 0
v 2.5496788413952096 -4.352888247312408 0
v 7.4785024945087049 -2.0457513236486031 0
v 8.0097196889742985 -1.5767164495447643 0
v 7.7012602107710144 -1.7627020480782498 0
v 8.3314729546982438 -1.9954847409408059 0
v 6.8828680631973018 -1.8844839775474718 0
v -7.180113305268697 2.1179041809559997 0
v -6.8884674924117624 2.3149597996606661 0
v -6.5294977879099374 1.4867621322665414 0
v -6.1089770147645899 1.5668984365133825 0
v -5.9082872966561988 2.195492783391737 0
v -5.5943734944300569 2.3750278502725415 0
v -5.3376379835700849 2.1366856025264553 0
v -4.5423918135502444 3.4241110770943113 0
v 1.8516112880690287 4.7972664157315226 0
v 1.5461011626369723 4.469846216092634 0
v 1.7891425743325031 4.5493116852144242 0
v 1.8084922233844007 4.0787335746778108 0
v 2.0029422908507035 4.3224160187042617 0
v 1.7324537016510575 4.3112938284528113 0
v 1.3582077881357577 4.0602183790057094 0
v 1.580738883797951 4.1329777404150114 0
v 1.5984556118821016 3.7021118159546047 0
v 2.5958229979727947 4.336385139324328 0
v 3.5228478430543442 4.3204768899645911 0
v 3.4260938252325288 4.0828870565074489 0
v 3.9290632987438152 4.4307219879835769 0
v 3.5613865188083338 3.8145237642697816 0
v 3.7058979097857976 4.4495050556010804 0
v 3.8337958890547243 4.633958688633439 0
v 4.1606883926264704 4.6632431836241368 0
v 1.4386411801489294 7.3097994643110429 0
v 1.0083240039486798 6.6519416790463595 0
v 2.8753280680188857 7.8882113162667729 0
v 2.8948891856250456 8.1251784272875831 0
v 2.7572385595464119 8.2976288159658367 0
v 0.916360960413381 -5.737078992994868 0
v 0.72164794893887974 -5.620936718804538 0
v 0.5965256264313834 -5.2225287244388454 0
v 0.3271840346714362 -5.7582356677001325 0
v -0.43311811092149222 -5.3113142257742298 0
v -0.65974705947202383 -5.0887043780348371 0
v -0.7906960763224955 -5.5677337664480779 0
v -0.61908547555189264 -5.6876397331738362 0
v -1.5226124964685395 -5.6572401774721452 0
v -1.4494509434306841 -6.0917278625115214 0
v -1.6300896439128707 -5.8987413276382084 0
v -1.4936206248291719 -6.3585052742550667 0
v -2.0692600284492566 -5.9551904904095352 0
v -1.7515706657559509 -6.4113040142818605 0
v -1.8408475156826807 -5.9956418210724713 0
v -1.9190661940561031 -5.7722086719103611 0
v -1.9938331272958683 -6.1943876908268676 0
v -2.23856767491238 -5.4754947280311033 0
v -2.1685944449724608 -5.7205240948489742 0
v -2.4723409404891767 -5.6747593829408087 0
v -2.3567621585190497 -5.9385329480856894 0
v -2.2227850068712485 -6.115555327420827 0
v 1.1999429924789002 -6.8648144794460446 0
v 1.2474997644757619 -6.5981016397476608 0
v 1.0646309568112977 -6.4254308093956594 0
v 1.4074465802300005 -7.2823213086298386 0
v 1.57462447674914 -7.440737306369277 0
v 2.4771686174771137 -5.8186148478513546 0
v 2.4080291253971859 -6.3360796006895397 0
v 2.2414796868006324 -6.1966181525786608 0
v 2.3861516654951007 -6.5504493950615812 0
v 2.0215155813421246 -6.2842520551006071 0
v -3.9442852295716557 -3.7853364135712448 0
v -3.6933651535936858 -3.426317308358517 0
v -4.0832721005806629 -3.600745274989547 0
v -3.7604584343091663 -3.6466196515351146 0
v -3.3881369766658631 -3.6396426613365054 0
v -6.2529084637121013 -1.2655791427553091 0
v -6.0294448537814329 -1.1895241154019125 0
v -6.7580408125379146 -1.3484394508597863 0
v -4.2850603660380218 -2.8859787822977978 0
v -3.9138159771848513 -2.8071478654146307 0
v -3.2582908850479759 -0.85215560297434789 0
v -4.171199434321311 0.35198240829069621 0
v -3.9635591742239979 0.29507248594757463 0
v -3.62394428917389 0.49980981849195766 0
v -4.2387867235989063 1.0669270680567999 0
v -4.6879982426776552 -0.4871895902233227 0
v -5.8407022706836003 0.91221111464298232 0
v -3.112336627515595 -1.0719071434168923 0
v -2.7781947031821481 -1.1748585793315098 0
v -2.5578593737525614 -1.9676866618267799 0
v -2.3994946078500412 -2.1215560932893407 0
v -2.0399927223704752 -2.2165321156051068 0
v -2.3405918452925074 -1.6975801214516197 0
v -1.9743485784389605 -1.8171584538195262 0
v -2.21406536671351 -3.1028312555197064 0
v -2.3829622621312194 -2.5731002676027672 0
v -2.9188104359730715 -4.3580100271462747 0
v -2.5757074931027084 -4.7614303663315196 0
v -2.6781616893330291 -5.0502054710459525 0
v -2.6189877397598855 -5.3368080215543587 0
v -3.4894079435799452 -4.2678421655332572 0
v -3.3313027885940296 -3.9710674152487306 0
v -3.6484895278582052 -4.0957345034123502 0
v 6.04598405479324 -0.1913491384907659 0
v 5.8857328114430452 -0.59190371918002349 0
v 5.8772425239606108 -0.3561735584708462 0
v 5.4481172098425699 -0.34060099047185644 0
v 5.6578277642665435 -0.48209419214430704 0
v 5.3021440737101484 -0.78310655220509318 0
v 5.4375353827830439 -0.58243976288759092 0
v 5.0141128680123934 -0.44276171647377116 0
v 5.6555450176099402 -0.87554054704570516 0
v 5.2061259044835397 -0.57231427699118165 0
v 4.8804584356496985 -0.84792414044977615 0
v 4.5198934880243931 -2.6702446653286493 0
v -1.91518197622298 5.4069310750149739 0
v -2.3209648754215189 4.7706073183902129 0
v -1.9109968379243067 5.0479721936581585 0
v -2.1743243233585492 4.995526185618191 0
v -2.4633851595425691 5.0237233151153591 0
v -2.0463553860038242 4.7518320461786736 0
v -2.8408798534757187 4.6446934419779122 0
v -2.216943508876887 4.2744128130794357 0
v -2.5986794810278546 4.7809718530800982 0
v -2.0487571093683412 4.4835039153926894 0
v -2.9064513443949984 5.1115824192404471 0
v -2.5537334519544945 4.4177275398065001 0
v -2.3025574598283218 4.5154655342316836 0
v -1.7621894659318824 4.0808102748847768 0
v -2.8172498147723153 4.886061157027247 0
v -3.2569432076627063 4.8072668393898921 0
v -3.0259844723864107 4.7846558458178956 0
v -3.1210261320396682 5.0047211732193215 0
v -3.1815468940142031 4.3865352187149753 0
v -3.2031742479850385 5.4385337007486596 0
v -3.5390167327135833 5.1469374864292528 0
v -3.1009213918976215 5.2332124482088851 0
v -3.3500776146266955 5.0168818330377736 0
v -2.8854131324758598 5.3615004204968706 0
v -3.3311189861801411 5.2466931285923817 0
v -3.6750999691477086 4.746972725320691 0
v -3.5337663323052384 5.5204308037576721 0
v -1.82225705122056 4.3413760108861723 0
v -2.6554424530892131 5.2162968794871496 0
v -2.9684790524791111 5.712751294255896 0
v -1.9952366070324323 4.1642929695001749 0
v -2.3013021622553453 3.8263277158055145 0
v -2.1959312355898173 4.0384735102070355 0
v -2.4762560566024447 4.1324136597124479 0
v -1.9522735001083822 3.7852095854482237 0
v -1.4713722289417108 4.2850581502701282 0
v -2.8567168389250877 4.1822754751620828 0
v -2.6560786714788498 4.236759058704596 0
v -2.7801773119866997 4.426366497262018 0
v -2.6911424520213858 3.9692117731494254 0
v -3.1516328120242143 3.78222591258633 0
v -2.9477574795669685 3.9406599060705485 0
v -3.220855219919744 4.0816943607251011 0
v -2.7688353819642497 3.5000281872367314 0
v -2.7961559501229463 3.7455766948434985 0
v -2.5267493861013843 3.651257648284477 0
v -2.5094510198819528 3.8616769479467892 0
v -2.3797042687228807 3.1464912304890706 0
v -2.2059925711168158 3.4708970402478068 0
v -2.5244119611040428 3.3781372707275583 0
v -2.8627026408959964 3.0057874320073563 0
v -2.6410463333226843 3.144254606916284 0
v -2.5064103844375358 2.6820855336630083 0
v -2.5085505536459749 2.9321572249085799 0
v -2.0641723468417612 2.8109153088915715 0
v -2.2692632010409421 2.9342050993459599 0
v -1.9861656365337983 3.1729061772275635 0
v -0.7471005642107551 4.9764542311455928 0
v -1.2191370435112745 4.7414771386100281 0
v -1.3781158946471013 4.9031641551318286 0
v -1.200441035064147 4.4787329511763438 0
v -0.77856873538758109 4.2391235259954527 0
v -0.95571375260686131 4.4184231554318965 0
v -1.1563951547602564 4.1307773948427853 0
v -0.5921070664266106 4.6005024807836854 0
v -1.6178979495684651 4.7133263539385233 0
v -1.6141302891840581 4.4754154828684349 0
v -0.11667515711656101 4.9219922333796164 0
v 3.9299931768508256 -3.048777706248079 0
v 3.996519245423737 -2.2225850227078832 0
v 3.4632939247363002 -2.8399266742401821 0
v 3.1975788467443591 -4.6766471596935615 0
v 2.7488921374882804 -4.2764781282134647 0
v 7.3642712427497834 -1.7792676839498482 0
v 7.1651953980615852 -2.0223288998641591 0
v 8.1832573369668609 -2.3058425826651594 0
v 8.420744393911642 -2.2189753032324351 0
v 8.5252812868497418 -1.89041581744151 0
v 6.9214174070887831 -1.6906222755726668 0
v 6.263972938564522 -1.9332426566349166 0
v -5.2598150563314396 2.329080401884748 0
v -5.509838202621121 1.9975594151311769 0
v -5.2178018407414193 1.7129889897258683 0
v -5.3030036037840746 1.9176861884947358 0
v -4.9009475218168443 1.9649547651002059 0
v -5.115871840101085 2.0595191450597374 0
v -4.2835936895753921 3.1076187935097024 0
v -4.5509773543378165 3.7493026037045731 0
v 1.2006495174236702 4.7687312653469318 0
v 2.7332192878687662 4.5024786795797471 0
v 2.3030301839836809 4.1745908454970575 0
v 2.7053720180851522 3.810677397489342 0
v 3.5026743618757603 3.2879085652976432 0
v 3.9451409236547561 3.8096788094880272 0
v 4.0532217959484589 4.8577123800819937 0
v 4.1724319879749947 4.4199180257244901 0
v 4.4073554921881186 4.4028118217075161 0
v 4.4437632410675887 4.684326188548984 0
v 1.1417578216969644 6.8569261874973284 0
v 0.76316299893163131 6.3770665378246818 0
v 1.196674638750258 6.5033248450572776 0
v 1.0603557652636966 6.1640130519771761 0
v 0.32886736084418733 -5.3707124582228589 0
v -0.95774347318724995 -5.0615216553480531 0
v -1.4312785261482359 -5.3801096051691335 0
v -1.7274084833996193 -4.9316011348689317 0
v -1.5160921982394764 -5.1140933790189429 0
v -1.2982419354208738 -4.648241778418865 0
v -1.8102485325413009 -5.2411181090536969 0
v -1.4728642037636159 -4.8504450513540869 0
v -1.213993667620936 -4.8975017087304717 0
v -1.7440036914164514 -4.4397863055321585 0
v -0.87008868937906025 -4.6423963640074781 0
v -1.6663474630151724 -4.6833533662077365 0
v -1.0832217128481478 -4.7144339675476328 0
v -1.0882199122995044 -4.3483358316662777 0
v -2.094992053162037 -4.685854610694169 0
v -1.8802159047843918 -4.762381976419098 0
v -2.0829775876535663 -4.9917869390823482 0
v -1.6591902791929787 -6.596402922155459 0
v -2.674287231154624 -5.8193900256218027 0
v 2.630692078263964 -5.992107496863154 0
v 2.9637552316055902 -5.8520529645043595 0
v 2.1140090327635903 -5.3536164697583555 0
v -3.891671112878218 -3.2117551902645531 0
v -3.6483382794711381 -3.1857800880453899 0
v -3.4296163745036403 -3.3512062557944922 0
v -3.6345501457521574 -2.9383691882109892 0
v -3.0938159283055646 -3.450116273369864 0
v -3.2273187228240432 -3.2144368961211951 0
v -3.8357340133439015 -2.6031865697079981 0
v -4.2092071472096846 0.75403154578249565 0
v -5.9622407164092026 1.2088088425020178 0
v -2.8982111952289409 -1.3408864616585212 0
v -2.6575944220228642 -1.3884289159774905 0
v -2.3392932726101212 -1.067852718725069 0
v -2.5436533910882964 -1.1832521142275731 0
v -2.4191496923920615 -1.3866187652432802 0
v -2.6102523858473221 -0.8266625711569815 0
v -2.1938982128267197 -1.2736624332209807 0
v -1.8334181942294232 -1.4441360399899159 0
v -1.9017518949031764 -0.91301224458946961 0
v -2.0986860679670247 -1.0521371441897833 0
v -1.8622402207129201 -1.1778864841645744 0
v -2.2300858051281356 -0.65719345085341052 0
v -1.3758421943005816 -1.2599177601508298 0
v -1.6306097412723359 -1.2874968370931115 0
v -1.4543358725085966 -1.7253398775956523 0
v -1.5397499464208799 -0.93630933342486466 0
v -1.4807256020934962 -1.4815591779854589 0
v -1.035374807797331 -1.5566678172763524 0
v -1.2474579421861529 -1.4563075051676337 0
v -0.96350522766146851 -1.1305227705624115 0
v -2.1838426684293486 -2.366085657493862 0
v -1.9610683518746526 -2.4364052156305185 0
v -1.6107561863791213 -2.1865575293110573 0
v -1.8176781098785479 -2.8420919397831019 0
v -2.3980248569930045 -3.2186519230583492 0
v -2.5357889748062017 -3.3896198210838246 0
v -2.5156638883823303 -3.7935336458797231 0
v -3.1064120105617299 -4.484540949467049 0
v -2.4499600288244023 -5.4642548536257181 0
v -2.3321676222027787 -5.242376656040614 0
v -2.07113291390651 -5.2729176510496121 0
v -2.0184810569104621 -5.486918600191248 0
v -2.9996722151732405 -4.0308752182497143 0
v -3.4805870585695531 -3.8260818781800281 0
v 5.5567847816018903 -0.098351972819725811 0
v 4.6820748451133936 -2.8338934473797126 0
v 5.053269669033277 -2.6282150326743499 0
v -3.302451118114667 5.7459802709223435 0
v -4.1237015305016138 5.5293762362841932 0
v -3.0161703102522623 5.5160255775202343 0
v -3.0620394439987928 4.2161703118302807 0
v -3.6307927493541263 4.289509366293589 0
v -2.1417676752869879 3.6786131865590721 0
v -1.9132903322901966 3.4941819250748765 0
v -1.4927570585738947 3.6986371041593777 0
v -1.7368298039899126 3.6659435492505699 0
v -1.5653617833568885 3.3132598540889138 0
v -1.641275706899018 3.8799929544174301 0
v -1.370372578915831 3.95035351745073 0
v -0.98534105808125472 3.6075413901377114 0
v -1.1084862503291841 3.8568614283457054 0
v -1.2421592793679088 3.6357648764261294 0
v -0.74844421075295842 3.8796226805452143 0
v -1.4133823877846268 3.4841550308698261 0
v -1.1864220813762132 3.1292899001392076 0
v -1.1745365838775848 3.3869022973128007 0
v -0.77949643549554937 3.2395958973648251 0
v -0.94997176498494962 3.385776563651576 0
v -0.66568112404955637 3.544821043982024 0
v -0.95966430337090602 5.0972476843288916 0
v -0.87555595592142577 5.3076976642945315 0
v -1.2722703434316824 4.2928749060349594 0
v -0.41523278468154329 4.8512224573255294 0
v 0.45189902596493237 4.885724208455505 0
v 4.0319498974188104 -2.5481764700632641 0
v 3.6767090484947422 -2.9354313673398531 0
v 3.679693371454146 -2.6425611483761386 0
v 3.4832237728141413 -3.0815928058546795 0
v 3.2446749724456643 -2.9796107139007271 0
v 2.8184586233021278 -3.1956621776991256 0
v 3.1063631804066625 -2.5222176012835429 0
v 3.0620356480046027 -3.1477439860914802 0
v 2.9329563935600707 -2.8242630525001275 0
v 2.9864521646934614 -3.4065717846216059 0
v 3.2400233475573907 -2.7314086139181604 0
v 3.4163090617796237 -2.4714770931069281 0
v 2.7455309561904522 -3.4261103013925212 0
v 2.3734738393332719 -3.1816056040501577 0
v 2.4890238052291571 -3.4111035894019026 0
v 2.8972883125592892 -3.6195393321942704 0
v 2.5951705792237503 -3.2138216132870991 0
v 2.6862229070065768 -2.9515468491774581 0
v 2.0244122050366946 -3.5011928099057701 0
v 2.5839505920977932 -2.4505145446593235 0
v 2.2986791090797603 -3.6725516221892107 0
v 2.2440130925641046 -3.3906259348824141 0
v 1.9382080810702909 -3.0566175793153239 0
v 2.0440067609543298 -3.2667481812415837 0
v 1.6186038317707403 -3.349234753411404 0
v 2.7057452765929946 -2.6866076526089855 0
v 2.8482794545794445 -2.4636157317894427 0
v 2.2774187243940509 -2.7581088795456004 0
v 3.0812062658190422 -2.0354054172744123 0
v 2.5053829528191054 -2.8050325722387695 0
v 3.025131601233443 -2.2823592855672996 0
v 3.2991306449789146 -2.2147317315741195 0
v 2.6943805713820863 -2.0774139492309009 0
v 3.6479150202418196 -2.2106595260408897 0
v 2.724434976254384 -2.2892022057830008 0
v 2.4777351875570806 -2.2161842237988121 0
v 3.4685499520964211 -1.7867684477847632 0
v 2.2751041715183042 -2.4492686187616628 0
v 2.3400564647174127 -1.7627465861762699 0
v 3.3149195196353305 -1.9734661822744779 0
v 3.1019100385802001 -1.6416254356096485 0
v 2.4728422728840025 -1.9700491404613107 0
v 2.7364674360972558 -1.7083259511799047 0
v 2.0677930275739018 -2.0833211719371194 0
v 2.2899256904436736 -2.0968015104969586 0
v 3.1123180376641288 -4.478064412358183 0
v 2.9525463817932365 -4.6642564038373662 0
v 3.3573505026152524 -4.4904551682143783 0
v 2.685036580356611 -4.5940656158363344 0
v 3.0573405110169918 -5.0209139080720728 0
v 3.4363441660082268 -4.3002360366907535 0
v 2.1898167692165584 -4.7134288621001286 0
v 2.7425638593541319 -4.9196782775759651 0
v 2.4205933666590367 -4.583908423983563 0
v 2.2389941308596022 -4.3308633639556406 0
v 2.4395293856629765 -4.8880046848988137 0
v 7.0805267641898313 -1.8376960302982543 0
v 6.965743524626105 -2.0727895365985018 0
v 7.1549222498793963 -2.4011323677611851 0
v 7.7771093713107327 -2.3214960116714254 0
v 8.2687806470062206 -2.5343908751976665 0
v 7.9877227237590454 -2.5092877544639878 0
v 7.682137720292741 -2.6400092666435286 0
v 6.5802967370311691 -1.9961435533253586 0
v -4.3151691197006885 3.345856055842416 0
v -3.877052460179184 3.2827119516878214 0
v -4.0801611342608188 3.4249484903424392 0
v -3.7264606524679116 3.7138858693021697 0
v -4.0124069024681921 3.7029662246729007 0
v -3.8622158677214227 3.5194149303293125 0
v -3.4495949332945606 3.3759938534744283 0
v -3.881923434514118 4.035485279898789 0
v -4.2659796560303453 3.9087614023689663 0
v -4.7335539332893504 3.6188780694228422 0
v -4.6704884446570665 4.067701923410354 0
v 1.391187252371495 4.9222474408500503 0
v 1.0961857057376108 5.0933890428704567 0
v 1.4276375834399915 4.6820050970768605 0
v 1.1947181754093834 4.4127966073680867 0
v 2.2012797096386154 4.3465400926813933 0
v 2.0662669910197189 4.0724617243123609 0
v 1.9298031238318192 3.7642021080747536 0
v 2.326064166392483 3.7956863543869681 0
v 2.9912900930456177 3.8531342977519101 0
v 2.8150925303995624 4.0557444950763779 0
v 2.9235954272984843 3.3250519759071224 0
v 2.5397419757591182 4.0319280272298297 0
v 3.05161933964607 3.5770206780385632 0
v 2.7843360682463505 3.5543173647490627 0
v 3.2149963638517227 3.3355012361196978 0
v 2.4475414599742185 3.192816243707373 0
v 3.087819551332152 2.8137031332332358 0
v 3.394996824531983 3.5302859704124119 0
v 2.6669197817134771 3.3260700445957578 0
v 3.3130904178703111 3.0351956406036154 0
v 3.7212522026742434 3.5301198921603811 0
v 2.4942254231273151 3.559233097746989 0
v 2.7406104095898418 2.9575414345733693 0
v 2.1507345451018587 3.4929718733206232 0
v 3.7542945295087038 3.8937485332890334 0
v 3.9485028303095389 4.0759653994710536 0
v 4.1466188970985733 3.9402996382465316 0
v 1.325076775691477 6.9343499366570116 0
v 0.81775588048820969 6.5751422345578643 0
v 0.59025356270696294 6.5312843800543074 0
v 0.98508342839366714 6.4224628514774356 0
v 0.32045113602086062 -5.0396885736569663 0
v 0.12440135050576484 -5.4191437881990332 0
v -1.6541867551614691 -5.4017446129881064 0
v -0.79073940081959859 -4.8777198633397081 0
v -0.49228855802551741 -4.8385793357978777 0
v -2.3598183590144357 -4.5680049176036759 0
v -2.2990776068518484 -4.7879886233453171 0
v -2.0903972737049754 -4.3190519610419313 0
v -2.3972311573595384 -4.2572536588191872 0
v -1.8895609017136268 -5.0540464428310914 0
v 2.230012014650983 -5.6373305627246504 0
v -3.8367142188430821 -3.0058376276976602 0
v -2.9156280695351842 -3.3085324326044789 0
v -3.8196678882330004 0.85001944766055149 0
v -4.6901636915106559 0.86641023532623773 0
v -6.2704610495034174 1.0591733923882556 0
v -5.4454191340647027 1.2473890060721398 0
v -2.7728387605235634 -0.96284278973165938 0
v -2.0918640330285347 -2.8386720394671876 0
v -1.7041320543726244 -3.446381834068013 0
v -2.9261088648040543 -3.7209402203796476 0
v -3.11849408420251 5.8999349923570543 0
v -3.4283495457914048 5.912949651885496 0
v -3.8273855865745139 5.6138244382127818 0
v -3.3889572890494097 4.2583253998402144 0
v -3.4314124378314665 4.558880024522165 0
v -3.5477810827950718 3.9799512402052244 0
v -1.7941665780110045 3.298257899314379 0
v -1.6829287450545414 2.9181601650475688 0
v -1.5447218100913804 4.0803333404683642 0
v -0.80349592134491521 3.6883835267072045 0
v -0.60998172939762463 3.7362203055559529 0
v -0.29853333657918313 3.5417810136428645 0
v -0.42500011911695657 4.0533772753466613 0
v -0.53181101611096238 5.0446322493225839 0
v -0.62089393812606464 4.808559960147762 0
v -0.83324989682899475 4.780313435129937 0
v -0.32152169979915812 4.5973631885189672 0
v -0.45979723677533468 4.3418313978334888 0
v -0.091891797820644772 4.2398870713371055 0
v -0.17284936056868205 4.4403739080124875 0
v 0.05605821993862381 4.4162189580367874 0
v 0.29467100213389313 4.06577844763925 0
v 0.25357675481187419 4.6513103990704083 0
v -0.2968186143196343 4.215166112303498 0
v -0.16431623089489056 3.9785155585028922 0
v 0.058454716823442526 4.0575070419124426 0
v 0.071515696732766532 3.6670487248822301 0
v 0.17272666494496855 4.9840419015459139 0
v 0.427697271905781 5.2625162789372375 0
v 0.35953314202753761 5.0689647372276294 0
v 0.62076489820586278 5.0857439298135692 0
v 0.20764712923575127 5.2312339270016981 0
v 0.28956307147205007 5.4446037737947455 0
v 0.81436457446631605 4.7510061168988642 0
v 0.74819147650116236 5.4187356740583574 0
v 4.2891602811849756 -2.5562919153367196 0
v 3.1939985324382318 -3.4158525303962795 0
v 1.9511475224408708 -3.923623178714585 0
v 2.4790288700500862 -3.8115802476321257 0
v 3.6311489164023745 -2.4290130393181943 0
v 3.8336584892648511 -1.8821703596736832 0
v 1.8434314285599254 -2.6069325230177003 0
v 2.4289132710005616 -2.6021204783789496 0
v 2.93435505901255 -4.863325638076315 0
v 2.8092239784353268 -5.2524015234146129 0
v 2.1519165598145555 -5.0335230991884909 0
v 7.3082645576317624 -2.2157499725790379 0
v 7.4374810292748617 -2.4787447397391711 0
v 7.1600851036592728 -2.9354899879390168 0
v 7.4156447536431553 -2.7780911857036328 0
v 7.9765286906164281 -2.2188444409547841 0
v 7.7669013145472832 -2.0566350993360278 0
v 7.8787028414065254 -2.6769748669593367 0
v 8.0720496465051372 -2.7389724928784438 0
v 8.1193471881495256 -2.9469504168528138 0
v 6.6732364435591718 -1.7822098739581398 0
v 6.3404609004200836 -1.5104865735430852 0
v 6.3106289002099194 -2.5254479365524727 0
v -4.0538072922082646 3.9110730807739613 0
v -4.1635290625195385 4.2436017986858827 0
v -4.8584278694394731 3.9953986902010454 0
v -5.0789162584220913 3.9105733618963945 0
v -4.4803291357604431 3.9574492776413619 0
v -4.445254890632115 4.2370597879217051 0
v -4.3159891569397244 4.7397529678560559 0
v -4.7702626624215743 4.4348453206883116 0
v -4.3097292703101076 4.4701765626510426 0
v -3.9603853494947296 4.5351389677488445 0
v -4.5512672119703472 4.5994286463187288 0
v -4.682384495774631 5.0866738933455213 0
v -4.5481116588952615 4.8615422015737675 0
v -4.2526593852388084 5.142555417956193 0
v -4.9274907698830033 4.7878805474869344 0
v -4.3526902921487212 4.9519028974006449 0
v -4.0218507494478946 4.8998873431167276 0
v -4.4701884067101414 5.1351195987781022 0
v -4.370237058955059 5.3966596357371319 0
v -4.6299741051931758 5.3460529915469595 0
v -4.7609940879127821 4.6505024257529 0
v -4.9795037879832122 4.5552602346692721 0
v -5.1666734771725675 4.7192357790369526 0
v -5.1687703612041238 5.1775631208127946 0
v -5.1030858975578512 4.9486951648632296 0
v -4.9272793621455362 5.1230107558382025 0
v -5.4472192505079509 4.9737894611676898 0
v -4.9710524034034886 5.4910266268174492 0
v -4.4013601282187498 5.7498157108634764 0
v 1.2009547462564443 5.4225788873108609 0
v 1.6383817518178105 4.6973665882429936 0
v 1.738299123264696 3.8710011722196751 0
v 1.5201974927982924 3.9092521716777457 0
v 1.1715812013794049 3.6975722164924907 0
v 2.1212729698248025 3.8637755577726969 0
v 3.0454181197512105 3.0821309685880109 0
v 3.4786297707947598 2.6415293194233413 0
v 3.6206761926188125 3.0019152801276321 0
v 2.3484209830292766 3.3916272087606436 0
v 2.0952690590332463 3.1412995982071519 0
v 1.81769709304617 3.4472904947108329 0
v -0.037960760394670279 -4.7699791646120362 0
v -2.1764923421156341 -3.9538939204084964 0
v -2.6926173457705942 -4.1285380206870173 0
v 2.4127277950628452 -5.3970507661514722 0
v 1.829541404836148 -5.6354998313887013 0
v -4.0453241832270148 0.92737013451374528 0
v -3.8946595093106438 1.3401043155491636 0
v -4.0281980517936509 1.1549848448755544 0
v -3.7687931306706579 1.1085841357932176 0
v -4.2895945338136263 1.4842715772371156 0
v -3.3378409754774596 0.88950334684788657 0
v -3.4213049099229824 1.447470592694527 0
v -3.5843467720162385 0.93800541697661155 0
v -3.6428407847455309 1.3270322001010657 0
v -3.5012608931182769 0.7096104540662006 0
v -3.1906839412200076 0.38722631929987356 0
v -3.2475125269225589 0.64327222500602643 0
v -3.4120887114876837 1.1628170822288972 0
v -3.7455768924961008 1.779973388152857 0
v -3.3990532285443087 0.47530882554511061 0
v -3.5405346344567357 0.22104323127775849 0
v -2.7651994777177409 0.61599067750594672 0
v -3.7580852731246428 1.539014343018918 0
v -4.040611779855511 1.6744847071822608 0
v -3.010203406857475 0.56161282386997424 0
v -2.9120846629903125 1.3214816148479687 0
v -2.7913045088140112 0.15447737267630138 0
v -2.9645171880861825 0.93490146375202454 0
v -3.1844624942825464 1.3126628648579921 0
v -2.8433373181739401 0.38891551035461613 0
v -2.4017267689965087 0.36393625840656441 0
v -2.6190093223289015 0.43870440544435724 0
v -2.3778247469846145 0.7865023580269821 0
v -3.0426162905902636 1.1423400101422494 0
v -2.811381186024315 1.110977198604129 0
v -2.7127147899353661 0.87053505456835334 0
v -2.4885666656034862 1.3947488906806229 0
v -3.0639067895718033 1.7999229948410491 0
v -2.5103580697844605 1.0940380918167854 0
v -3.1929009357865668 1.5732944054917355 0
v -3.4063474347981 1.8448106899696244 0
v -4.4734524706582821 0.70850303900285372 0
v -4.4594565742574579 0.95537136831655856 0
v -4.4701350638383355 1.2505275041737285 0
v -4.7040986625347161 0.61962551976217073 0
v -5.1346123981055385 0.76772073697950571 0
v -4.9745422859280026 0.53324487986154523 0
v -4.6886251195302275 1.6058815317992758 0
v -4.8989843350030045 0.75670180423894817 0
v -4.9972648385586229 1.1799148246233857 0
v -4.5121257424149031 1.4695559742105262 0
v -4.4202984676098493 1.7708626508073879 0
v -4.7591358474704908 1.3321731816676172 0
v -4.9784776345898694 1.5346147984253182 0
v -4.7733615557886413 1.092078260222384 0
v -6.35702559928255 1.2449777023117061 0
v -6.4955348508989452 1.0208303143063144 0
v -6.3299882628984774 0.72883508143318765 0
v -6.0509417101009459 0.99926076424627808 0
v -6.0456552889440465 0.71462185319201121 0
v -6.2106218328970284 0.2656175897380596 0
v -5.6304610101154884 0.48904434803979691 0
v -6.1981142641009646 0.5158291653477185 0
v -5.8024256264035836 0.66741774183371971 0
v -5.9199696544950706 0.38201720625350261 0
v -5.4815966883435019 0.8046398704969242 0
v -6.4526858819748583 0.50554662791164207 0
v -6.4815904061418026 0.23431134826673314 0
v -6.6877925989910292 0.16577757715255947 0
v -6.3189661918966191 0.015057079284243019 0
v -6.3782449364359959 -0.4842381874594392 0
v -5.9346442273509377 -0.0024220602947684911 0
v -6.4190191239077032 -0.22623071633619973 0
v -6.6952224861661831 -0.29027510026327746 0
v -6.0881874929918194 -0.30617337741250078 0
v -6.8218370241083859 -0.085895304824378391 0
v -6.6595822809886487 -0.58801772253009998 0
v -5.7114717117803764 1.3304686357615463 0
v -5.6435641723088041 1.0803938142418468 0
v -5.5019382228784846 1.5339339787591029 0
v -5.7080318511379886 1.6054644648403076 0
v -2.0077042615701868 -3.3467519323468249 0
v -3.1564052164630056 -3.676212603146976 0
v -2.7071339197908535 -3.6794802110974558 0
v -2.7775592926346482 -3.9065203751874815 0
v -3.9035940987053186 5.8817290493785448 0
v -4.0794743678487508 6.033670017543769 0
v -4.1407629724111512 5.784958822909001 0
v -3.885447080060386 5.2554654468076416 0
v -3.6575592987713441 4.517794263521318 0
v -3.4346335876552399 3.7109356572891361 0
v -0.48409466414050956 3.3032764729349129 0
v -0.80351670089363125 4.568585650844792 0
v 0.35648875856723533 4.364325017812523 0
v 0.085154415104809256 4.7865742176442136 0
v 1.0018162331701514 4.8838888252589472 0
v 0.8587199765088086 5.07435109774912 0
v 0.96037351681136363 5.296905362543205 0
v 0.97334631472845401 5.5651843798184304 0
v 1.2326686533159217 5.7261388286582351 0
v 0.73274823814728585 5.6887830051426169 0
v 0.97149315420199489 5.8575513892835396 0
v 0.76878307587887418 5.8910591428105326 0
v 0.57397453920101826 5.8214158380955272 0
v 0.82878256769575143 6.119174658215889 0
v 0.55195998193963058 4.5999684551949347 0
v 2.1197425313970757 -4.1098047503033968 0
v 2.1850117235244459 -3.8812752186730686 0
v 1.705396461732801 -4.3155864056893574 0
v 1.9719373606401958 -4.3322341301467553 0
v 1.8505549131942383 -4.1335756219149609 0
v 1.528663454848969 -3.8502764542419543 0
v 1.6057409300623389 -4.0872192039481838 0
v 1.1471680617710098 -4.1053849295623968 0
v 1.3852901394003458 -4.3193477331687848 0
v 1.3738926582807514 -4.031631419529246 0
v 1.1297857328527579 -3.666588010633367 0
v 1.2003586236636203 -3.8835351116788197 0
v 0.78048481652139812 -3.9001678278740886 0
v 1.816815788648489 -4.6737609552189543 0
v 2.106372775093881 -4.5082589173691954 0
v 3.8571542070579974 -2.4024741306566288 0
v 3.8263840456408533 -2.0948157407412813 0
v 4.0340338688870583 -1.9954721727271785 0
v 3.6260086660186457 -1.981513927687786 0
v 4.3821180968164404 -2.1696236817572858 0
v 4.1346990374559791 -1.5836109949658408 0
v 2.0873925598319829 -2.6051041961780492 0
v 2.0308051415936981 -2.3459701503878256 0
v 1.966983588267744 -2.8157225871677523 0
v 1.5970239273901459 -2.8936961327210251 0
v 1.583694901820103 -2.1490763430346971 0
v 1.8350171462726688 -2.1844691268823033 0
v 1.7720976661281562 -1.7212477269081206 0
v 1.6766609582899266 -2.3989386291085117 0
v 1.7382311956530987 -1.9617317026283216 0
v 1.3288526833885026 -1.7814538052373969 0
v 1.5081180884581273 -1.9293257232802032 0
v 1.1563492681278187 -2.1731778741444456 0
v 1.381604412924031 -2.3664940313346814 0
v 0.92628062326090732 -2.669151184136294 0
v 1.5025243105103496 -2.6246973000132412 0
v 1.1112600235257877 -2.4536101647171127 0
v 1.2316841559160161 -2.8709421069974983 0
v 0.63667555648924989 -2.2334632273591808 0
v 1.145176702390303 -2.6698638589245824 0
v 0.8429213720700226 -2.4104653932396181 0
v 0.88997598260201505 -2.1469750123197486 0
v 0.42602245312476172 -2.687581245032463 0
v 1.0495052523631307 -1.8922823316636701 0
v 0.67355242243831626 -2.6078168605343515 0
v 0.63307706526603991 -1.8087561392517113 0
v 0.6911876871827094 -3.0865014031736284 0
v 0.70538019452120193 -2.0205123125207387 0
v 0.35033007037402775 -2.0235206088061539 0
v 0.74987696882601584 -2.844672102934743 0
v 0.98145142533201213 -3.0289089161421696 0
v 0.90100441934112485 -3.3837141779889417 0
v 1.2811898625876472 -3.2265415812638034 0
v 2.9934017584463968 -5.5246757900381587 0
v 3.0594419863370219 -5.2718801447858947 0
v 7.1716962897189394 -2.6681740517333465 0
v 6.8504049436805383 -2.5543080799316016 0
v 7.4208088303862665 -3.0726441798117801 0
v 7.1573296998182423 -3.2571168049475379 0
v 7.6493819262079512 -3.1730886570060295 0
v 7.6234657069985889 -2.9217694524601034 0
v 6.5201084407447336 -2.2988258918341269 0
v -4.812092881216576 4.2263486889243032 0
v -3.9141898563137389 4.2864057829331754 0
v -4.1029613594142758 4.6986659329583986 0
v -5.5585948960642728 5.418111701432645 0
v -5.5796417313961957 4.7861737642159916 0
v 1.2419920817889123 5.2282512185916197 0
v 1.3926611261857198 5.3615657855225241 0
v 3.3174973662267337 2.8054104223796514 0
v 3.1922435553768502 2.5211019771893768 0
v 3.7987112282749487 3.2416931362161843 0
v 3.7530753734748017 2.7587009030853817 0
v 2.0025967694946116 3.3361259267154217 0
v 1.7257367091005633 3.0849792679586892 0
v 1.9702987658969806 3.571592656310469 0
v -0.25438508808859883 -4.8754056863462081 0
v -0.05923419144959681 -5.0011641846302179 0
v -0.31452874955054344 -4.4770839798385698 0
v -2.2172442693961689 -4.1562307430096341 0
v -1.9764464904513666 -4.0994566919291087 0
v -2.4113917173640149 -4.011855947634035 0
v -1.8798281357777267 -3.7564326334016158 0
v 2.6210036874629798 -5.3522132206601816 0
v 2.617280423843471 -5.1178176455138287 0
v 2.0301558711422309 -5.5534740283771526 0
v 1.8308359164554733 -5.3523267368860639 0
v 2.0076407849381392 -5.7847469391725737 0
v 1.779753913411986 -5.8758004045743082 0
v 1.5907731782896821 -5.4928188082504672 0
v 1.4697737851871371 -5.68841047860428 0
v 1.4753493397785153 -5.0202438631751125 0
v 1.4308465558330752 -5.2814967163760844 0
v 1.6541783395539467 -5.1851230725490316 0
v 1.9006934889110672 -5.1015944813061376 0
v 1.7102036808646703 -4.9449385258055472 0
v 1.5045871856850457 -4.7075556332431141 0
v 1.0268674462297656 -5.078264598813047 0
v 1.9715713810976856 -4.8655597487259241 0
v 1.168387392197328 -5.3000804519370126 0
v 1.2561272745896406 -5.088048594633455 0
v 1.3014433556631144 -4.84627176718912 0
v 1.2615858402137108 -4.569796363794941 0
v 0.98541597390434832 -4.7507205227214966 0
v -3.627192184812408 0.00848983330680321 0
v -3.3921425854511043 0.036602376204876941 0
v -3.1127616063185322 -0.22552044053597775 0
v -4.0744244699700918 1.4606827125759192 0
v -4.2025666375959192 1.2849615410224893 0
v -4.025093485203735 2.0964094536283491 0
v -1.9663850773153513 1.2057633431521633 0
v -3.5451310810843828 1.6510834848041556 0
v -3.1555536117290619 2.4294196385219107 0
v -4.6622987176030346 1.8637589534675003 0
v -4.4253642449456265 2.1193264939714416 0
v -4.6965522469407635 2.1149784238746503 0
v -4.8748199661537939 1.738093719068277 0
v -5.2389428647389584 1.4348866907898326 0
v -5.3480103815522559 0.54872117312286506 0
v -5.2841455766507677 1.0113585302940058 0
v -6.0129327806597104 0.19306602844918136 0
v -5.7543649699216326 0.18319614129918718 0
v -5.6571921106672436 -0.091537770471684543 0
v -6.1313527251709345 -0.093670828088174535 0
v -6.1244927984877995 -0.5723100409626779 0
v -6.3315915573904125 -0.7594112854137447 0
v -6.0299459871939778 -0.83349194835911333 0
v -6.5286832339653103 -0.93637290650756833 0
v -6.7550522722611879 -0.88974581636661942 0
v -6.863098056500009 -0.65869031252414789 0
v -7.0840394384643277 -0.61488650131055345 0
v -1.7739073417225091 -3.1466800111675104 0
v -1.9863240245623981 -3.0478404315729324 0
v -3.144170324355851 -3.8827688840811061 0
v -3.7292682792258462 5.4140443545762125 0
v -3.9403895722842881 5.4482503264525626 0
v -4.1110665078004356 5.3102576720775216 0
v 0.031488754925182327 3.093579699658958 0
v 0.79121213531640688 4.1186368206125765 0
v 1.1677776110433558 5.9667503916413942 0
v 0.99271056438916694 -1.3416621358140315 0
v 2.844599514473217 -5.6762315477618763 0
v 3.0961888474199206 -5.6990149013179909 0
v 3.181498674783195 -5.9066596135636145 0
v 3.2121784561817477 -5.5131593598466102 0
v 6.9501258852010883 -2.3732738845595662 0
v 7.2887468808248741 -3.4101843545936683 0
v 6.8527541543512616 -3.0936822693840718 0
v 7.0192560844746206 -3.4266991713329182 0
v 6.2230911573539363 -2.2344039617158664 0
v 6.579247543605744 -2.5636194016493179 0
v 6.382044760216556 -2.987124916649682 0
v 6.7239462938313501 -2.8245510733472474 0
v 6.4163873818043671 -2.7454504512297984 0
v 6.0370323174868776 -2.7923909789586436 0
v 6.9641333578086853 -2.793068449530963 0
v -5.6679880293049401 5.154570707912133 0
v -5.4125827153765966 5.2185916574381377 0
v -5.2487695194718782 5.4471101296247468 0
v -5.1877627958741535 5.9613842121879959 0
v -5.1457401970882373 5.6956436433690669 0
v -4.7813466107074989 5.8298609129690808 0
v -5.4994068109883942 5.7759098377155507 0
v -4.9976167693233151 5.8552598657875823 0
v -4.8444563533860032 6.225947718933055 0
v -5.0005293422641337 6.0734485356795194 0
v -5.192831830332171 6.4263724812928871 0
v -5.1997020040885786 6.1937758222127499 0
v -5.5443527315126655 6.3203555119230579 0
v -5.4426435750449835 6.0647921099877795 0
v -5.8468379760901552 6.051951581589095 0
v -5.6470625978674907 6.1314582130088207 0
v -5.7824500145026576 6.3274450099263975 0
v -5.6751726889732685 5.9113501704866174 0
v -5.9879534467794269 5.7045618135065093 0
v -5.7314569264044852 5.6565389816392946 0
v -5.9768046367571239 6.2275982675153045 0
v -6.1215485635258258 6.0109165611202355 0
v -5.90064708729951 5.4618741000554829 0
v 3.5366790749703414 2.1027444895306733 0
v 2.7689505004064765 2.5349705105199072 0
v 4.0782720267036572 3.2109758292087989 0
v 4.2444590609106703 3.4789213525410472 0
v 1.4456314824935312 3.3489005757916415 0
v -1.9025767519519938 -3.5387355706669368 0
v -2.126606929769344 -3.5366363258518945 0
v -2.3283086004808631 -3.654221579305998 0
v 2.3708080375383327 -5.1518031635599328 0
v 1.6434501671135786 -4.5312735663862629 0
v 0.95273135211541604 -4.3995889702685345 0
v 0.63779535974974744 -4.860368975561121 0
v -3.9485560948261225 1.8823466732326373 0
v -3.7189656738443273 2.0851501434840807 0
v -4.2045015468317102 1.9115485085596251 0
v -2.2541277266391053 1.2266149932931263 0
v -2.1292506318383739 0.95407801705895445 0
v -2.0732921785470593 1.7262775069434879 0
v -2.2341753036566185 1.5019487443678352 0
v -1.9634019636099278 1.4776118102693689 0
v -2.5514067523792487 1.8993145242255951 0
v -1.4829811821231031 1.3363993390519033 0
v -2.4488298910772235 1.6558937866656707 0
v -1.6132750936358371 1.7809538555384767 0
v -1.7431061874054223 1.3392538060150974 0
v -2.7715114296270369 1.6632398105409281 0
v -1.8348924531214446 1.6830168276596829 0
v -1.8836214421376334 2.0929960609831122 0
v -1.6181038672384671 0.8766966979179498 0
v -1.6108218345553573 1.5403017823643852 0
v -1.1854387261801633 1.6649767705293592 0
v -1.4157126816283732 1.6626293082168584 0
v -1.3047371069983438 2.0720152375345791 0
v -1.6153724991283098 1.125603815514288 0
v -1.1754945287967371 0.99630829454951098 0
v -1.377199497948064 1.1229902376206291 0
v -1.1054474692581646 1.3317581905131226 0
v -3.1985055255516901 2.1017467419520504 0
v -4.2190900092309889 2.2150896942190115 0
v -3.9739891468757054 2.3978403341267693 0
v -4.4774222927431087 2.3361633583980148 0
v -5.2125361336173937 1.2178920293240889 0
v -5.4763169468840678 0.24857630995709712 0
v -5.5047904993746481 0.045566344205359599 0
v -5.3059303882713396 0.12117662680580216 0
v -1.207731043709366 -3.17283858680408 0
v -0.19673028036834556 3.2711386972282668 0
v -0.39738388284966908 2.7777898068329581 0
v 0.070367741359833938 3.3789974386366044 0
v -0.22748211488889475 2.9961668990078407 0
v -0.086168307907603992 3.523649203940415 0
v -0.14574809946521561 3.7475593947168138 0
v 0.5568951621843623 3.1673668516053533 0
v -0.49771508057801123 3.0311315373970746 0
v 0.074689342653478707 2.5857893885158409 0
v 0.42169967682036275 3.5216252248448598 0
v 0.28378605972538856 3.2045691822233318 0
v -0.89221649030032513 2.7283587189846772 0
v -0.018522532155483704 2.8335921427219537 0
v 0.21675132478413908 3.5224419945422292 0
v 0.32022007532665248 3.7715977284528899 0
v 0.3718633571176122 2.8300876442268161 0
v -0.65184082434288459 2.823554952216984 0
v 0.68247977911906677 3.7730770485103036 0
v 0.22611784680222774 2.993407165877084 0
v -0.85618641683204777 2.9884597551065109 0
v -0.60493962636782728 2.3540479456588792 0
v 0.50068375856468672 3.9354704843766073 0
v -0.56151674741760949 2.5954817458967177 0
v -0.24610267593129387 2.4141314123517938 0
v 0.82209414500715072 4.434114641062596 0
v 1.098759611962558 -1.6089627122772712 0
v 1.4923754502371576 -1.3236130341493879 0
v 0.8064489589996634 -1.5702469970735893 0
v 1.2448433001483843 -1.3963180704864078 0
v 0.85401397426345604 -1.7870883664194714 0
v 0.49436186156508261 -1.1257641234076485 0
v 1.4268763195369416 -1.5583416585584446 0
v 1.6661166305810879 -1.4985969245994275 0
v 2.0782169913060344 -1.4389872442876435 0
v 1.8280840510504857 -1.1640341800449709 0
v 1.2397234026442185 -0.92115933601481603 0
v 0.44671524569188104 -1.4910236066250002 0
v 0.71308900346566439 -1.3039931993323193 0
v 1.1641716121757639 -1.1595803674559979 0
v 0.83999372117793669 -0.9249243582755432 0
v 0.70505368020857007 -1.0905261229486183 0
v 0.9234374319772185 -1.1306967869751323 0
v 0.5529947302611512 -0.82884279740531974 0
v 5.7096561343371972 -2.0113511889990265 0
v 6.5753224495387279 -3.226275729612698 0
v 5.9844864328526146 -2.4648558888233749 0
v -5.4173405522376372 5.5785395738296684 0
v 3.4270496133740305 2.363452448557736 0
v 3.0462033265091715 2.0499000619716408 0
v 3.6957919047248415 2.3230564564087768 0
v 3.2835354194692794 2.1496998136471981 0
v 3.8940255785865512 2.01227602336157 0
v 3.6705647759968074 2.5391307576412321 0
v 3.3316416554302695 1.7032016079043446 0
v 3.3743868228190341 1.9336476357273888 0
v 3.6663851490078034 1.7602978138848977 0
v 2.9833308975226429 2.6114789555248441 0
v 2.96469762558276 2.3250839023654204 0
v 2.4947530074007167 2.0830215535607821 0
v 2.773623471163654 2.118827984676654 0
v 2.6054127109126495 2.3250366029808478 0
v 2.6976631638592061 1.6065643678592685 0
v 2.3213041170665796 2.715020857726004 0
v 2.8495871833805877 1.8458001665129615 0
v 2.5192998978399883 2.5607828277843034 0
v 2.5906053992110016 1.8424069289489864 0
v 3.0284511360723192 1.5643578884265734 0
v 2.6640069422470334 2.7401681670477762 0
v 2.4779559324830358 2.9279178716778302 0
v 2.1869501212952964 2.3383473884337249 0
v 2.2352217666742149 2.9424426541945676 0
v 1.9449902764056883 2.8868586730486894 0
v 2.3943851355860972 2.2752207829564965 0
v 2.215397789004411 2.0594462144267984 0
v 1.4841503327939274 2.5972428803650507 0
v 2.2260504817624565 1.5347017653234984 0
v 1.6737269794603971 2.8070411402493836 0
v 1.7183525800372217 2.1496494574885658 0
v 2.4517223352763797 1.6371426651745939 0
v 2.3484557357994258 1.8566301815322519 0
v 2.5204858639526657 1.1858682742517503 0
v 2.0306938445285398 1.7932162371982816 0
v 2.5497454725685347 1.4212029075960801 0
v 2.8576846160485418 1.2634299718325752 0
v 1.3857652343622251 3.0047618357440351 0
v 1.8998727071325612 2.5393339395486079 0
v 1.9799016326473571 2.176327224496108 0
v 1.8691461989657319 1.9667209881702044 0
v 1.469467677219185 1.7908697353626546 0
v 1.7504895027239529 1.6942818771851236 0
v 1.4387549627679876 1.2444016341346031 0
v 1.5311774707374943 1.5133043968356994 0
v 1.0082757997220799 1.5426926258500919 0
v 1.8873422382503899 1.2405554365385842 0
v 1.2655821340553728 1.4542558374115984 0
v 1.7664332659850757 1.45158888070107 0
v 2.0044417851848171 1.4477995210523595 0
v 2.2026931337821054 1.199076618056516 0
v 1.2119631753687825 1.7167858355967776 0
v 0.98015493772615458 1.0423410830312978 0
v 1.2126782782307868 2.198865670020802 0
v 1.1809591810416404 1.2080458356139252 0
v 1.2820550864619353 1.9577223109375197 0
v 0.82921562505917423 1.9583940395014503 0
v 1.3743058733385451 0.76922293106892403 0
v 1.5118669144571246 2.0271728390828478 0
v 1.4828036037265873 2.3114685976242053 0
v 0.98315457522919014 1.778286953098926 0
v 0.61557769331177248 1.6199560489529523 0
v 1.0557319270240391 2.0231607795918225 0
v 0.83053921648510332 2.3822592481790266 0
v 1.3395179181864678 1.0159012728467849 0
v 1.6907655620022211 0.93964400742551213 0
v 1.6724657401504381 1.8903230479292481 0
v 1.7104281683304907 2.3904602174491294 0
v 4.4319134868569154 3.3824479865103512 0
v 4.4161741317216547 3.5952326331351343 0
v 4.1280564573356093 3.6743954362734361 0
v 3.9829629909311786 3.4555986617874961 0
v 1.6077813203309517 3.4884099796534209 0
v 1.3862312280016076 3.5857961819931847 0
v 1.1539107736967258 3.401648176698707 0
v 0.90077577456087976 3.5652531491136008 0
v 1.2685190089779863 3.202434471046117 0
v 0.91532311109829356 3.1318139057520535 0
v 1.1282147866031969 2.9856077237804861 0
v 0.81879549944921592 2.7631599896000361 0
v 1.2743157218073398 2.7622194134798854 0
v 1.0465763702934412 2.7727435898842465 0
v 1.1476706721694194 2.4910270551569891 0
v -2.0969654045284334 -3.7517909645461893 0
v 1.0620764538485421 -4.5664977032226544 0
v 1.1649446659839386 -4.379835371214523 0
v 0.84986313998001861 -4.5862513022766658 0
v 0.5703964252637399 -4.3105631740403885 0
v 0.88506158644902533 -4.1435139272022665 0
v 0.52483650263973392 -5.0309281157753762 0
v 0.74857921532913796 -5.0564246048612924 0
v 0.41405264706034384 -4.8348724864752048 0
v 0.83486376707181043 -5.2880583059123021 0
v 0.55511345510223364 -4.5914706751168302 0
v 0.18091125956886955 -4.852122352500043 0
v 0.27902508629265105 -4.5940427524166809 0
v -3.5966703420166724 1.920737450134574 0
v -3.4256408267734808 2.0729498397521793 0
v -3.3373344329219563 2.286596221183538 0
v -3.4996305410837838 2.6802551786061253 0
v -2.0413292154731648 0.55550978363186077 0
v -1.8665285663934663 0.96260839612227111 0
v -1.9919490656271142 0.77538425289823953 0
v -1.7449711200676812 0.60443489801041783 0
v -1.2926290289295648 1.4630345538933767 0
v -2.8514784600557137 2.075579839139456 0
v -4.0821838214578516 2.7730597435987541 0
v -1.4810891192406976 -2.9491615563508455 0
v -0.55473847916205232 1.6401699121434836 0
v 0.54402821313224703 4.1887131333292471 0
v 0.99891490763589619 4.2575552959879168 0
v 1.0443158913575465 3.96494265184469 0
v 0.83983230187733093 3.9134516929360497 0
v 1.0149639936064219 4.5973591014023665 0
v 1.5599456823275373 -1.7235884064777014 0
v -0.0026813044703044575 -0.87336355904704377 0
v 5.9978298618029351 -2.0504699438926095 0
v 5.9868462933567042 -1.6648055746943426 0
v 5.823694024918364 -2.2522704901755088 0
v 5.8768176787427429 -1.8609277344866748 0
v 5.5841615002530389 -1.5678162740782922 0
v 5.6584240740941922 -1.7863255823157438 0
v 5.2339360630458884 -1.8087179850681274 0
v 5.4542840605751435 -1.9511474345806679 0
v 5.5539953052190159 -2.6233631529020789 0
v 5.4394402138997453 -1.7324505129268277 0
v 5.2199497686535139 -1.393582476539132 0
v 5.1275716624180854 -2.2149322682556831 0
v 5.5188166640096474 -2.2491333236798838 0
v 5.7451785878908481 -2.4787585818774311 0
v 5.7868734715776302 -2.7325688815172908 0
v 5.2475513417251713 -2.0293155845571977 0
v 4.9053646689998116 -1.9397163709065781 0
v 6.6013614527142019 -3.0075541372282628 0
v 6.305533429986073 -3.2466374000498783 0
v 6.2193603085007929 -3.4753474668314634 0
v 6.553326583412181 -3.476044060430997 0
v 6.1262015494479698 -2.6101032467286296 0
v 3.6921448936903833 1.9658419058804668 0
v 3.5402528527514381 1.4899711634875339 0
v 3.9707510775820496 1.7141454138857257 0
v 3.1686694285093737 2.3183863789961152 0
v 3.1017409622425838 1.8047739072340396 0
v 2.848046301643488 1.4678154930540732 0
v 2.8265807331447457 0.62688875738361227 0
v 1.5292763691486924 3.1570732169661944 0
v 2.1347280797715462 2.5692720389902814 0
v 2.1170123384111217 2.7741594594622443 0
v 2.3457494582458942 1.357746153619287 0
v 0.866820327467687 -0.36811354032477128 0
v 2.0090521889292252 0.94638124468581952 0
v 0.6621714869748444 3.5331856000904467 0
v 0.80889234593559756 3.3452055600632766 0
v 0.94131798946601142 2.5759743285937264 0
v -1.8064194367726485 0.054611192909524542 0
v -1.2951987860597092 0.56054153267758933 0
v -3.0320504578105649 1.99505349592158 0
v -2.8671333247280737 1.8679640663866037 0
v -3.0163955931382054 2.2026692686744322 0
v -2.7277939534806439 2.4066253582425325 0
v -4.1078964279275256 2.5624368080020106 0
v -3.847483837243157 2.6375268880856546 0
v -4.3060551774067504 2.6935087514781229 0
v -3.6661308704986642 2.3885820433198321 0
v -3.8164665294122244 2.9622184932957669 0
v -1.4976981655324784 -3.2403474829843466 0
v -1.2356730434369063 -3.7093149952650188 0
v -1.432822165638397 -3.5117835653679328 0
v -1.5508827733658568 -3.8267651675537828 0
v -1.1672861856152936 -3.4439110030600024 0
v -0.7309915523917504 -3.6978440324436281 0
v -0.98495000066401206 -3.6324063570330161 0
v -1.011178369320582 -3.9940358910985698 0
v -0.74665226716114763 -3.2331068547626893 0
v -0.98705964409036029 -3.2784671773224643 0
v -0.93611495485726415 -2.8887178817336618 0
v -0.8071198971402137 -3.4677769493806072 0
v -0.37767989149830605 -3.4533056788175633 0
v -1.5450743421873363 -2.5677153029022972 0
v -0.87358701197176503 1.5636282772024148 0
v 0.61094723393983352 4.3931266343543474 0
v 0.97452481084490006 3.757593668503497 0
v 0.28143529296295938 -0.92946788599440389 0
v 0.23883448862502915 -0.39775537349582019 0
v 0.060764012511727278 -1.2995178672175844 0
v 0.18514966009424755 -0.66961944612367241 0
v 0.25931206825590603 -1.1670964374002246 0
v 0.44265519390499219 -0.57923631188228475 0
v -0.269947928245238 -0.43851901866530874 0
v 0.72042160282965206 -0.60563982723708176 0
v 0.54688233869838077 -0.2569834288506101 0
v -0.074990277711261419 -0.6182497751697098 0
v 1.0515088201540799 -0.64582520928189013 0
v -0.49108215258292681 -0.87399052904811181 0
v -0.24697014752949184 -0.8047998793978659 0
v -0.27640321484030517 -1.1661788165142837 0
v 3.2431398255962085 1.2436131427604529 0
v 4.0280584810197251 1.5003511013568502 0
v 4.0084107099059265 1.278426364165014 0
v 3.6884179894213656 1.0215228227581425 0
v 4.1712696255172048 1.6787266787470341 0
v 4.4062081849331056 1.6658327217646607 0
v 4.4821882612488411 1.4397790699783626 0
v 4.4649709544324203 1.8888309476879541 0
v 2.7523638828278409 0.9495458174004856 0
v 1.8618521385508271 0.37877824110154823 0
v 2.3488731532925948 0.88651719258577399 0
v -1.8532346561892554 0.33818884905857538 0
v -2.1304252321051451 0.28833602048585594 0
v -1.4954187107624888 0.25160676690331801 0
v -2.391159030737267 -0.12274099721309767 0
v -1.6466404488427067 0.40931612611297175 0
v -1.5187565791356807 0.59609997278178561 0
v -1.3706990424377941 0.80640648163621598 0
v -2.3229059135534711 0.12219441699831723 0
v -2.5541990930725493 0.18050122983703376 0
v -2.6472376241665621 -0.064972376294849477 0
v -2.0861434981834472 -0.075758564228112377 0
v -2.9037566430019965 -0.076360706062356565 0
v -2.5982630604527905 -0.44433736804597668 0
v -3.0644850910010999 0.14474712770886589 0
v -2.8635184507173901 -0.35375347957442616 0
v -3.0756190056435262 -0.45966752683447476 0
v -3.0927666006227561 -0.68855977751438846 0
v -2.8208301920161447 -0.65042146044905536 0
v -2.5951303485102195 2.1684317431247373 0
v -2.2439708539897127 2.0873742791817804 0
v -2.4465061798980132 2.4072497867948517 0
v -2.2414188124808678 2.5958977226477744 0
v -2.1966324269050972 2.3414048352242625 0
v -1.9297665276042975 2.5195559205577802 0
v -2.8134019374003927 2.7021188804439293 0
v -4.4630902228460556 2.5490530866140708 0
v -3.4620712900421018 2.465455086094964 0
v -3.2901475722406595 2.6062009035864557 0
v -3.0507105798550791 2.6488705730980819 0
v -3.2657538732428155 3.0085225713258201 0
v -4.0337847531765254 3.0871100567021945 0
v -3.6891992041347788 2.7862335130020126 0
v -3.4896702462948439 2.9206062144859244 0
v -3.627231846363248 3.1639646246202839 0
v -3.4127540855277698 3.1647025701888021 0
v -3.0866370419391482 3.3243814509065346 0
v -2.8589482569593341 3.2464232054204358 0
v -3.2401185889120669 3.5361287960963441 0
v -2.9990886766990741 3.5884213335963207 0
v -1.6873653486899947 -3.6606891353992195 0
v -1.7549385181548616 -3.9767289452381274 0
v -1.77112837211993 -4.2087690489931759 0
v -1.4311872592956005 -4.2859562110469236 0
v -1.5315259113314406 -4.0669152908348396 0
v -1.2648028590790004 -4.0772364371201055 0
v -1.2109375813395182 -2.8978819109890974 0
v -1.0886431247673152 -2.439956270090732 0
v -1.381537614799994 -2.7363727270328702 0
v -1.1546885906116355 -2.667610958286895 0
v -0.88722336308008887 -2.6217983073755384 0
v -1.3188937975724275 -2.4965653277116155 0
v -1.2781319789813042 -2.1657959509097666 0
v -0.44212604826978524 -2.841264188882004 0
v -0.66557747592680438 -2.1738156162071918 0
v -0.69586446138801905 -2.7947869871173991 0
v -0.83957757756748852 -2.3665491531237848 0
v -0.74996727186050671 -3.0106204405998636 0
v -0.49037647193745865 -3.1180204912494811 0
v -0.63630176954479201 -2.5365648442152504 0
v -0.97059202486226737 -2.0733585965585419 0
v 0.024361316227779872 -3.0651770305576211 0
v -0.24045987396939178 -3.019007405823205 0
v -0.15061163027872673 -3.2862226962324801 0
v -0.031545448980153677 -2.6032791370179713 0
v 0.032046274653130091 -3.772293574162473 0
v -0.20559342244563925 -2.7761720777257874 0
v -0.32429358594886742 -2.4826270914064952 0
v -0.12783125634207637 -3.5550176289436091 0
v -0.38274986050502952 -3.823483965969583 0
v 0.28880689948595817 -3.415903061991441 0
v 0.086011221710348862 -3.2937516312912853 0
v 0.33917303421006928 -3.1028689560262221 0
v 0.10293087455651989 -3.5526756803638402 0
v 0.40781714099613575 -3.7723302042654638 0
v -1.6109668543686357 -2.7748580468166111 0
v -1.7798230291406218 -2.607092926709953 0
v -1.7370049079744279 -2.3800545253639611 0
v -0.59112989539684591 1.0493224333880871 0
v -0.80523052539057138 1.9812590078152406 0
v 0.90385436366240612 0.25461330935757409 0
v 0.87325704183568953 -0.73043508209373331 0
v 1.0392545526112706 -0.85891461806264968 0
v 3.3063156830955069 1.4697630452957193 0
v 3.0553805601618227 1.3501602412262594 0
v 3.0430161597036212 1.1096614938130371 0
v 3.3405851450663531 0.88156177653585632 0
v 3.6296599237663356 1.2605939673493576 0
v 1.8554054445653496 0.6833387611172167 0
v 1.4514707515521739 -0.17956762662083831 0
v 2.5417489786497658 0.97481168920126826 0
v 2.5536499479193475 0.69400245090536017 0
v 2.2093319870827672 0.53292077273926775 0
v 2.5762124212962867 0.19723740392216954 0
v 2.6381069586337205 0.44894348341538559 0
v 2.400786067237985 0.37383772765594547 0
v 2.1300953284477817 0.24281303944881427 0
v 3.034346091714375 0.21804528645066171 0
v 2.8702388905501706 0.39186222993060194 0
v 3.2036954143809471 0.54231283995126922 0
v -2.0065156343268398 0.11866599505017955 0
v -2.1990506404315595 -0.35634173318435647 0
v -3.1893929186434313 -0.027248039623796558 0
v -1.9753280625533975 2.2988511820138524 0
v -1.6096280578000925 2.338412471234379 0
v -1.8381020079063537 2.7385221050264583 0
v -1.5439041488125214 2.6412300575536625 0
v -2.7050504438368477 2.8755460558074533 0
v -1.2814177880573911 -4.4365321648959686 0
v -1.5058881330644551 -4.5100286190190468 0
v -1.3495435215050655 -3.8854132960548666 0
v -1.4358253198402566 -2.3142591682851372 0
v -1.4565821150670262 -1.9817115928082267 0
v -1.1898542934939274 -1.9016837988872064 0
v -1.7001932773599067 -1.8513814558971395 0
v -0.93886050867510795 -1.80697346521056 0
v -1.8159974273790964 -1.6638511550425918 0
v -1.8630196474519767 -2.0405390584664365 0
v -0.57316627138113674 -1.5222068718270669 0
v -0.79906113001058665 -1.6093087176538365 0
v -0.64036291243123655 -1.8698181013455739 0
v -0.77562084530376174 -1.3336248980652219 0
v -0.52139612538030411 -1.263663546911312 0
v -0.30908805016810625 -1.4406304808034185 0
v -0.36010781148536963 -1.7436936479788021 0
v -1.088897428632146 -2.2375682452293537 0
v -0.45822107576925686 -2.6373002217759103 0
v -0.031493407357880143 -2.1876672115154081 0
v -0.50897094923086705 -2.3437326367001416 0
v -0.28098088685879075 -2.2328145688949084 0
v -0.19993865564057317 -1.9687432733580166 0
v 0.082183394133151344 -1.9259367506206986 0
v -0.44670093581729137 -2.0374844834950627 0
v 0.30176692416210399 -1.7397587351821167 0
v 0.1960437535237497 -1.5115481623272515 0
v -0.06383626286014947 -1.5281862287059413 0
v -0.12960986654387588 -1.7491683734593009 0
v 0.52441263061211008 -3.2932423078279971 0
v 0.50711691948823334 -2.921265885694635 0
v 0.20872523476240482 -2.8588630171739147 0
v -0.0055068147105965248 -2.8529550480127881 0
v -0.65362458795058176 1.3497160475009047 0
v -0.89140535642936958 1.1120245339104231 0
v 0.14330859005601101 0.21871445695393649 0
v -0.75165506757898992 1.7580803922685042 0
v -0.51290912925114673 1.9334127596158348 0
v -0.99151090792506313 1.81852133357541 0
v -1.0470838560028253 2.0701171363595123 0
v -0.63114773889665721 2.1279286507236002 0
v -0.86279054172748959 2.2693554184145794 0
v -0.35708352904794682 2.1613273141280827 0
v -0.013985131488181257 1.7126394377999978 0
v -0.79703175539022186 2.5040159812537146 0
v -1.1645315545932469 2.480456172035689 0
v -0.29458188473329017 1.7526648975052355 0
v 0.06353415559747666 2.1274387078139667 0
v -1.1745509624517083 2.255610882105862 0
v -1.3768151803903184 2.3772699311878682 0
v -0.29150964829599035 1.3884926624920571 0
v -0.14090880135955333 2.2171890478448635 0
v -0.1941804276354579 1.9771312677413093 0
v 0.042504621924422142 2.3572616036141421 0
v 0.4394419272111289 2.2777090600393692 0
v 0.26599153943894904 2.4423170744042717 0
v 0.55393397135439304 2.5720392440595385 0
v -0.17726298364354084 1.5715555488188604 0
v 0.090133680587356602 1.2774962860433019 0
v 0.032560225918681344 1.4937484887662664 0
v 0.34479959865314941 1.4610868119293603 0
v 0.20621705782821992 1.6450694016961964 0
v 0.16224136740916545 1.8943487367930576 0
v 0.4218860883996618 1.8116344265601168 0
v 0.29695334998561429 2.088840452272152 0
v 0.55828796434373817 2.0398644754320561 0
v 0.64525903288546338 1.8378679315591766 0
v 0.74531182957832554 2.1705907143257166 0
v 0.79751673689264579 -0.051527357541051227 0
v 3.0035406397738096 0.83745680298495973 0
v 1.6115427836304521 0.70772302690944811 0
v 1.3839019641672028 0.31791738273515902 0
v 1.4427496857085147 0.54492345415890187 0
v 1.0874663409160754 0.55910297366375339 0
v 1.6190911611832184 0.3780790204206389 0
v 1.5676110094024489 0.089537756763741705 0
v 1.9592947547375055 -0.23911930500385986 0
v 1.714290779378532 -0.13338071102014656 0
v 1.6600726223144344 -0.59572337395122044 0
v 1.9347830360071812 0.040800537437254814 0
v 1.7563411381986196 -0.37266225496975569 0
v 2.0810073095788804 -0.64508568640394948 0
v 2.2538807758563997 -0.072290185074421476 0
v 2.3464849839476507 0.14446736056287646 0
v 2.5132107490268809 -0.054922209889935347 0
v 2.8145401493136921 0.0037413660398805948 0
v 2.4081739335081966 -0.43134180707891634 0
v 1.1857353949379077 -0.35629143030856875 0
v 2.1514207985964546 0.7601065497066406 0
v 2.0008934148141062 0.534069845097906 0
v -2.4127709802580162 -0.33630755710621096 0
v -1.8762484016091177 -0.54166787928166016 0
v -1.717937015962764 2.5204611764542881 0
v -1.380605618756398 2.8965709240498971 0
v -1.2337036297935067 -1.6809418525874467 0
v -0.1171333069982306 -2.3954624539652016 0
v 0.1778717499735249 -2.3954993935735276 0
v 0.19954330644426763 -2.6267653887962017 0
v 0.18915420749411171 -2.1747629054064781 0
v 0.40083095621086096 -2.2962388773953641 0
v -0.88154690173692896 0.68123682888464865 0
v -1.1248145994666439 0.74893466192130975 0
v -0.95308364577691496 0.8951063872316608 0
v -0.72158649766051197 0.85364048294192907 0
v -0.49594258143137848 0.4838729871873817 0
v -0.41219985424362199 0.78870677365162045 0
v -0.87930507928357782 1.3377004982594671 0
v 0.27800974630218506 -0.076048833335244037 0
v -0.48157241905765075 1.453200246429061 0
v -0.46573872935644456 1.2321067363480069 0
v -0.35352266981078528 1.0207241127092626 0
v 0.02844147433282268 0.80069698224493424 0
v -0.19357011980258865 0.85684371381345381 0
v -0.22516810451393679 0.57340652620268728 0
v -0.0265635608230399 1.0502047588581362 0
v -0.24620381508234393 0.18280873638970757 0
v 0.34736748571951853 1.0018224918025773 0
v -0.31214231131942793 0.38222520114340075 0
v -0.5338661947565535 0.19830084289431216 0
v -0.06549685285953788 0.353170553007704 0
v 0.19713405841659867 0.53166514773505247 0
v -0.79340547450453947 0.37807150097734044 0
v -0.40687678160637686 -0.12216869688084719 0
v 0.62273095615810703 2.3758444490471518 0
v 0.59497420263225753 2.7942516769935706 0
v 0.73512938950781015 2.9820312156628774 0
v 0.6556836879536837 1.24140617076413 0
v 1.146856513361131 -0.0013316851143257424 0
v 1.3628033853848591 0.018313900422121304 0
v 3.1868714812831822 0.74634396835544625 0
v 3.3982221094739193 0.66106225497855664 0
v 3.5663119906620517 0.82278242373005428 0
v 3.51146871579662 0.25684538044508265 0
v 3.9196282745461768 0.74258621183696516 0
v 3.6857191835474805 0.53045678618270276 0
v 1.3572751605028142 -0.63880508828072746 0
v 1.7666212993154176 0.1813711582182935 0
v 2.7814800828813975 0.20654283534955173 0
v 2.7203318036250455 -0.31558228076747086 0
v 2.1942929292583262 -0.31057408256180569 0
v -2.0788499517174093 -0.52076797375973394 0
v -2.0249659801191169 -0.73254136186775476 0
v -1.9540463947830504 -0.30338435876639741 0
v -1.4927364507406466 -0.28461173897932218 0
v -1.7207439973346046 -0.35905469464475898 0
v -1.5838575997719171 -0.63313695919641177 0
v -1.6685437964518752 -0.13253819499364033 0
v -1.4141513883148882 -0.01610268105492324 0
v -0.97745143245626931 -0.28966684671935145 0
v -1.1268416061083515 0.21730432157962551 0
v -1.2343810405265669 -0.21447076415399197 0
v -1.2890340323383458 -0.52404360803420147 0
v -1.0418434551602445 -0.03314523875906461 0
v -0.72612371418606236 -0.090235950753138588 0
v -1.4212457153332054 3.1278555516638913 0
v -1.3078840202621791 2.6701754592680804 0
v -1.1218235964503598 2.8548182044620174 0
v 0.53408043390818982 0.014235117993652624 0
v -0.03291974398518549 -0.20142445198605893 0
v -0.20348444209966038 1.1845372955272511 0
v 0.31695169351170099 1.2312917668035925 0
v -0.01042020344118192 0.58892526050193617 0
v 0.27285690073791091 0.76655013825217477 0
v 0.60418168193338095 0.53008842202649475 0
v 0.55214829439122703 0.80753365604667326 0
v 0.8354694896509588 0.71706713862172289 0
v 0.57088952320553177 1.0323510495524104 0
v 0.54995885391341282 1.4216044876684433 0
v 0.78991584978661766 1.441276295110373 0
v 0.95628705772298894 1.2757862652705871 0
v 0.99346410102540805 -0.1745113840630283 0
v 1.2530192615413525 -0.16931271948068283 0
v 1.1493976048452421 0.2444103083937233 0
v 0.95921528547212553 0.063845290751111616 0
v 3.3043448521502938 -0.27876197255605961 0
v 3.4834643756448069 0.46697179182793153 0
v 3.2979825390827648 0.33532259944415721 0
v 3.306300937224643 0.028333538587464957 0
v 4.0767776942878893 0.089117940970874526 0
v 1.5465164401182221 -0.88323850526180769 0
v 1.4813141804049659 -0.42496800575121024 0
v 2.5222964630675384 -0.26032213573874224 0
v 2.7694625745524712 -0.92683183377101275 0
v -1.7762522931359213 -0.73508345172577938 0
v -1.0431372176800557 0.46986086074093358 0
v -0.64254136488842661 -0.45364861509434656 0
v -0.7639836211332528 0.14331162727465932 0
v 0.018057418544490444 -0.41710538921028401 0
v 0.06472919302276911 0.0046456189596249531 0
v -0.19398238988167416 -0.039516204390149384 0
v 0.39990178688442174 0.33568626763602488 0
v 0.64916546920744811 0.27828812653508955 0
v 0.83528551761819969 0.48075684862912171 0
v 1.0682045993919005 0.80835980369037808 0
v 3.0079056663194059 -0.22686494235742075 0
v 4.001973853137553 0.41675891436036189 0
v 3.7059661832863324 -0.1241429843226653 0
v 1.4164268508326747 -1.0907602875339126 0
v 1.8453643710741952 -0.8350881750024608 0
v 2.6586951764039246 -0.62813576800267457 0
v -0.46082322582751389 -0.3333280940367262 0
v -0.77092396907601735 -0.29185770090459762 0
v -0.87648638136560986 -0.50745431864373669 0
v -0.7058418113323266 -0.71391541441779316 0
v -1.0253810494637956 -0.80427025417456954 0
v -0.73843368344354565 -0.98174152909310641 0
v 3.0875380868170552 -0.64458781279368593 0
v 3.0789163437139777 -0.0078442386983458776 0
v 3.7747652120364732 0.28145574266826906 0
v 3.6596426414882277 0.092348897153958276 0
v 4.3202042085340615 0.31705447948768606 0
v 4.0703328031529269 0.60735426600551357 0
v 4.1303810350461596 0.82586260260771938 0
v 3.4762238664046006 -0.12630279310422443 0
v 3.5939806832284016 -0.43217498942029919 0
v 2.1872513888248175 -1.0179752081423901 0
v 2.3727184910938011 -0.73433240353941365 0
v -1.0797239321073451 -0.59125599586599453 0
v -1.2451489383284335 -0.74689714182034439 0
v -1.1952841487065216 -1.0054872608839425 0
v 3.1267402106731828 -0.4206627512964905 0
v 2.890795258677358 -0.49475037908761366 0
v 3.3566673190320451 -0.57630969223024953 0
v 2.8726054085235493 -0.72271891939055233 0
v 3.0787034159715145 -0.95498151637568984 0
v 3.7308350672899966 -0.9249334687608266 0
v 3.5929161717839979 -0.69785424050633282 0
v 3.3563005218636697 -0.86739600365396596 0
v 4.0644244477019154 -0.5669017000912987 0
v 3.3370109996040158 -1.2899655692793073 0
v 3.8102026110845291 -0.5658830956899753 0
v 3.2692327997799473 -1.0751465709191483 0
v 3.0100048136663675 -1.2750383392660565 0
v 3.5355623034474677 -1.109218086712334 0
v 3.9383709966959843 -0.302471213648971 0
v 3.6782807087416849 -1.4654225599109325 0
v 4.3991502757127776 -0.24507865978364274 0
v 3.9260877491473121 -0.077875300640634859 0
v 4.15681770107751 -0.17789042441499053 0
v 3.8110511524112596 -1.2055328675450494 0
v 4.225786542902469 -0.39974877148739307 0
v 4.4414215258394538 -0.76937571619885636 0
v 4.4735241683143627 -0.50293487298416717 0
v 4.3431234286799834 0.023458497971807157 0
v 3.9308155146813064 -1.430576379032926 0
v 4.1124939459334806 -0.96759264910988318 0
v 4.6868564389429883 -0.66379302216525948 0
v 4.7235939207145572 -0.29115284328817215 0
v 4.5377223363830144 0.18634220116854197 0
v 3.8318035240696524 -1.645522988470125 0
v 3.9129028969961284 -1.02465054959139 0
v 4.0516380744378493 -1.2218866071175087 0
v 3.9519507634708781 -0.78362361612349241 0
v 4.9027419379214106 -0.63064890837102805 0
v 5.0825949875721408 -0.75887473534679883 0
v 5.1060321184891171 -1.0860188850799521 0
v 4.5838333497437302 -0.066433674184026681 0
v 4.6840870241501165 0.37048682280229739 0
v 4.4782187279964729 0.51106737518966794 0
v 4.4691215933281576 -1.1873670936419165 0
v 4.2547100385793568 -1.1360556030929347 0
v 4.2340805370645525 -1.3703918871989424 0
v 4.5623684453422859 -1.6531774238713932 0
v 2.0550788910017159 -0.85405358792428654 0
v 2.484192524825537 -1.0096801580411625 0
v 2.3432412485435306 -1.2829986944203498 0
v 2.7028529834973898 -1.2300329174562554 0
v -1.3857353361652378 -1.0616147662164641 0
v 3.1667495234709011 -1.4305557525794004 0
v 3.3317315041663282 -1.5967313543459649 0
v 2.9108433025031779 -1.0863524971937513 0
v 4.9731376632655113 -0.16712361985465451 0
v 5.2033584948584535 -0.27376460491786475 0
v 4.9792691616918381 0.051212633503767417 0
v 5.1268357147870853 0.21478683387924624 0
v 5.402551735065658 0.18567408030607421 0
v 5.3516026376074919 -0.12869814862678031 0
v 5.44061460127699 -1.1369724020596734 0
v 4.7910519479926403 -1.1585317841024469 0
v 4.4689906851724421 -1.4296316357299994 0
v 4.7543047210018292 -1.4417279367015472 0
v 4.819593838331655 -1.6938286180703834 0
v 4.9777267098473947 -1.3267367161941237 0
v 5.0405422927934396 -1.5714014521542745 0
v 2.305868803858524 -1.52263511610003 0
v 2.5497683614715401 -1.4379400007217542 0
v 2.8257779423226586 -1.4617214760404791 0
v 3.4726672791012079 -1.4457285618116589 0
v 5.3425143787408222 0.37800447764908862 0
v 5.4530098470813355 -0.92809680808756523 0
v 5.4541530841468946 -1.3717968395617826 0
v 5.8564823476161321 -1.2460782501052285 0
v 4.6363946192451886 -0.9458432554424 0
v 5.0308080388060397 -1.7767924843933407 0
v 2.5269761009183203 -1.6533278460993055 0
v 5.6707057493109776 -1.1070706783440962 0
v 5.9145399932148885 -0.97484283343229339 0
v 6.2071735978544851 -1.1793120341135332 0
v 7.8474559946186906 -5.4150600500552351 0
v 6.3629931076689532 6.4861163411917442 0
v 6.1600487569336204 6.4862607269440069 0
v 5.7265745063723337 -7.0543432132189521 0
v 5.7482433006957381 -6.8517326834886205 0
v 9.0313965743803255 -0.99563709657373423 0
v 6.9293348347659611 -6.0086164655960266 0
v -9.1760302710187513 -0.19853785137012392 0
v -8.497288230866717 1.2767671556963522 0
v 9.1769166417788437 -1.6811940626848429 0
v -8.1652568746569152 -1.8701976030174809 0
v -5.4559339595346721 6.8131735706037171 0
v 1.5943079640042137 9.2939264609466612 0
v -5.0897602667646229 -7.4040300711770959 0
v 0.68525609212401917 -8.9585596355473509 0
v 4.3190995286885805 -8.2971166937543614 0
v 4.0008521157791535 -7.8910820590875614 0
v -5.0391460559769587 7.195325806788782 0
v -5.1978048567475525 6.9500068834498556 0
v -5.2242030550159146 6.6879153603776684 0
v -5.4447770282300763 6.5568310136707719 0
v -4.8618325752496858 6.5987276523766667 0
v 8.1049177179059875 -3.6474134552007049 0
v -1.8324500522164517 8.6488399808979679 0
v 4.0250813512995762 5.9885334472765219 0
v 3.4471567527352862 5.8499036759165248 0
v 2.8791382595349111 6.010094348385369 0
v 2.0512231009974844 6.5435589555426796 0
v 1.0217010997907088 -7.3437736086050576 0
v 3.3190748502267491 -8.0621921908150451 0
v 7.7375188708506712 -4.0045817795537868 0
v -7.5786357751512279 2.271348804282094 0
v -7.3899797135129104 2.3986910746484322 0
v -7.4049646329532743 2.6193786685759495 0
v -7.4508786962324338 1.9489573271159424 0
v -7.0193386054662907 -2.5274118620259887 0
v 5.788314478029271 5.0180661259842205 0
v 5.5955095489898969 4.8656116545497232 0
v 5.2968562512855017 4.9748936148222151 0
v 5.6366903200908283 4.5627752852919503 0
v 5.3724890073298548 5.1865187837660063 0
v 5.115307956799537 5.2879232538827292 0
v 5.1647550195908964 5.4988794263435086 0
v 5.2175160923987196 5.7111269683173091 0
v 4.9385787680927677 5.0461669705452943 0
v 5.4414634969770672 4.4929949644020004 0
v 5.2300543619782811 4.4612991055571642 0
v 4.9634677292251794 4.693506637701967 0
v 4.7029786986385789 4.7249648461149469 0
v 5.7308338027608583 4.3595281216891362 0
v 5.837496170138297 4.5947409914073098 0
v 5.1528499347163388 4.8073193503646108 0
v -4.4157834595630021 7.52302616392749 0
v 3.6116652180635884 7.7977815548105713 0
v 7.7810232289988308 1.6269048335288754 0
v 7.7408993812765488 1.3947029076812036 0
v -5.3535417506039549 -5.9958676980069976 0
v 3.290181085121286 7.9896397529465641 0
v 3.1293396695519462 8.1787316636960163 0
v 2.4242601857128125 8.3709662491110048 0
v -7.1396508418314371 -4.7814567437004651 0
v -6.9533053202252351 -4.9080469696018216 0
v -6.2580746271019789 -3.07350269351896 0
v -4.8592323117570384 -3.3794396799407922 0
v -4.9240513131143393 -5.8275078072166684 0
v 3.1025602991888692 8.4997527676890972 0
v 6.5842951996198122 -4.857727273048341 0
v 6.3611789298961492 -4.8934507015628421 0
v 5.0835002609266571 -5.6888367844534695 0
v 6.6637082900219333 -4.5070834648280602 0
v 6.54747955379709 -3.9456850476641687 0
v 6.7764012919151071 -3.7284623531919219 0
v 4.9820958158635591 -7.3562535181288764 0
v -2.2406122787514349 -6.5054324912125479 0
v 5.7767154205585634 6.7195509966821767 0
v 5.6347083088411409 6.9134968894644242 0
v -4.2935393436961542 6.4042350876679119 0
v -4.4282361317544909 6.6432545591617425 0
v -4.6606604395907372 6.7731556247754687 0
v -4.5940075703386274 6.3923727118062557 0
v -4.5867610169339459 6.1098080244897446 0
v -4.5701190636288587 5.890640720677867 0
v -4.6184536867457213 5.6611890741398891 0
v -4.7622057367622403 5.5086655956087771 0
v -4.8513259532284936 5.3186561005006885 0
v -1.8814534671529692 8.2388694465326342 0
v 4.7589164961014019 -4.0598237966893791 0
v 4.7808356865075838 -3.489734715698237 0
v 5.9278501925542777 -3.5349662225076219 0
v 8.0766960089479038 1.0500164715066318 0
v 4.441951423804313 5.0889566226591638 0
v -5.88343495073567 -4.8916195621759879 0
v -4.3183424822501477 -4.7568959562902551 0
v -3.3983867819598745 -5.2555752515706438 0
v 4.8046545054046526 1.8770140282588508 0
v 5.5518894514734782 0.74151246175448593 0
v -0.20543927952043917 7.9400755913054599 0
v 3.8837422382928821 -5.8887836104351736 0
v -7.2663081204471638 0.13991305249812774 0
v 2.0533289428175996 5.9463578485977564 0
v 3.7323573678772402 5.090819457158136 0
v 3.2979475206613476 4.6383656064735144 0
v 0.79680127817712532 -6.6023485216137976 0
v 0.88924241576888163 -6.9485063019506343 0
v -6.6338148066478881 -5.3752055492404702 0
v -6.7281586807940803 -5.1052153196416388 0
v -4.1487044924736507 -2.4695111559592933 0
v -3.3187217294102682 -2.165851016653475 0
v -2.7177992606619341 -6.2862748424499992 0
v 7.7038480675113865 -0.77873110835452619 0
v 6.6396319981466974 -0.76805681517561974 0
v 6.8194544881955252 -0.90095248403201633 0
v 6.8019068552162008 -0.64372381229543008 0
v 6.4616347448993663 -0.52665986724434977 0
v 6.5376554129284745 -0.28523415483355008 0
v 6.3896853067188522 -0.93822855279150963 0
v 6.1814370819147939 -0.62771954610588687 0
v 6.1514142697822098 -0.94747277924392637 0
v 6.0613583819207939 -0.45607830925185677 0
v 6.3742932142317539 -0.72346438875382735 0
v -6.6769781807022408 -4.5211408854741766 0
v -6.407824163533582 -4.9254022244997717 0
v -4.8763881082483804 -2.0023680623098303 0
v 7.774268099189066 0.16003540291801061 0
v -1.5622651345441745 6.732733222118009 0
v -0.023017475617573953 6.12200069885309 0
v -4.8868952856360988 2.4998769654594675 0
v 1.5591336167760623 6.1730215517808373 0
v 1.6695268383277562 -6.2581565408195621 0
v -3.4813865426747808 -0.4204094128134489 0
v -5.6305639196783375 -0.62919994367869947 0
v -5.3716600941477228 -0.60632509615944152 0
v -2.4602977099654453 5.5031052608303401 0
v 7.6498491327944134 -1.5485178925339358 0
v 7.9290805705894698 -1.7917602282741831 0
v -2.1295433609575349 -1.9967311595371526 0
v -2.7544797092751532 5.7001446466649899 0
v -2.8504666289414557 5.8933907452234129 0
v -2.1892108183771777 3.2531986320259207 0
v 3.400935115609717 -4.8516135320608633 0
v -4.4984209763472993 3.0126156710339682 0
v 0.57948950078508843 6.2471568030586893 0
v 1.2722576165829558 6.161947700552453 0
v 2.999633336217149 -6.0807736043518554 0
v -2.3774013351605645 -0.8378680452690852 0
v -2.1771134930143603 -0.86574627899583034 0
v -0.92752980554521602 4.0456286990990273 0
v 2.8719719063601277 -1.9107210058718631 0
v 1.3947569865707352 4.291360117304194 0
v -1.9606601074591155 -4.50410722611627 0
v -3.8213539507489456 0.61927976694067643 0
v -1.9019090302193489 2.965349011955583 0
v -0.64207975600024003 4.0695481061276881 0
v 0.53919107456892568 5.4406465275673987 0
v 7.5473809909553928 -2.2707166989207948 0
v -3.8874823973713335 4.7349772683278948 0
v -3.7930472714677852 4.9491193436033845 0
v -7.0351418848393532 -0.2233372235430689 0
v -7.1383679056616405 -0.40927398318116393 0
v 4.2080218432864136 -2.3322776736645712 0
v 4.4582780159554867 -2.3924410518253705 0
v 1.6998326408924662 -3.1171063042794205 0
v 1.4686353806717822 -3.0881381725682124 0
v 0.86421857515068601 -3.6474188846374949 0
v 0.6770538206996628 -3.4868919856151912 0
v 1.0615211129336726 -3.2335863032917116 0
v 1.1779952622441441 -3.4371056045311668 0
v 1.4005016683145395 -3.6036547378163482 0
v 1.4118030339186003 -3.3926485587154849 0
v -0.67794819989984068 -4.2719343621125336 0
v -0.59049523329334808 -4.5658346957746874 0
v -5.8049352305463868 -0.33490898917281309 0
v 6.0053924113974482 -3.0501778099030257 0
v -6.2453677708719626 5.7005728015490877 0
v -2.9662587788689008 1.5435543572748738 0
v -2.7144908157941638 1.4399962361449914 0
v -2.652958235454971 1.2431001828700776 0
v -0.37963587928255282 3.8143949190762942 0
v -0.18541522552268047 2.6526728231393188 0
v 2.0574238966698917 -1.7235642484936475 0
v 2.1769759819967649 -1.9001463406183829 0
v 1.9457040479216476 -1.9068121997098351 0
v 1.8602011215716714 -1.3860695319875107 0
v 4.1146201685794521 2.0641437556334421 0
v 3.9865435178329047 2.2830455618579406 0
v 1.662451222864707 1.1728055652714133 0
v -0.0028171892914571894 -4.4597715802618607 0
v 0.25617322252626651 -4.2790735298712086 0
v -0.17733567967640543 -4.1324037351684257 0
v 0.43710204957283477 -4.0571553001727541 0
v 0.66091736499502596 -4.1011876644987177 0
v 0.57251747753798499 -3.899314226340767 0
v 0.60422237236642884 -3.6878909482841187 0
v 0.21991579366296837 -3.9355677314730224 0
v 0.0024838279050250073 -3.9960312835604634 0
v 0.033397820905882114 -4.2235346324052641 0
v -0.16599685098911607 -4.3365605284520345 0
v -0.39174662235331514 -4.2467053521378872 0
v -0.55492734358027418 -4.0315301677536954 0
v -0.78728684285483075 -4.0643045098309321 0
v -2.2796089798951931 0.56898783636567041 0
v 6.2153699673005347 -1.7061516623197968 0
v 6.4388397782504461 -1.7770703154612937 0
v 6.5470309891531713 -1.5856993898310712 0
v 6.6390429786967102 -1.3561144982499611 0
v 6.4376567587996307 -1.2321762108126137 0
v 5.3020223243470772 -2.4596164298710654 0
v 4.94825368182501 -2.3960141759193396 0
v 4.8146996716256023 -2.1784028343937849 0
v 4.6027254150985106 -1.9613216918150671 0
v 4.3120511970926945 -1.8426757826887237 0
v 4.2341950250916423 -2.0303426566536413 0
v -0.054859819743534016 -1.0989318142723894 0
v -2.2898692526662892 1.8447940923416226 0
v -2.0616507157844266 1.9526655566723856 0
v -3.0650612460546802 2.8844054090664168 0
v -0.51210626281025706 -3.6365884353995712 0
v 3.4429394180378718 1.1032494798627965 0
v -1.6068493746181014 2.0596530546180603 0
v 3.9048438276769497 0.96562469376423821 0
v -1.3008552135687621 0.34485902695813997 0
v 0.77796032683206073 0.93746366629088795 0
v -0.44912514609479659 -0.62141427995598519 0
v 2.0554327249459003 -1.2084615641792293 0
v 4.2073552833012879 -0.75298362501714899 0
v 5.8163533306367903 -1.4882287771693929 0
v 6.0729012843015999 -1.4111177806494213 0
v 8.8805652502050823 -0.84012425976907801 0
v -5.5118659097469749 7.0721033902270349 0
v -5.6620153562017119 6.9041634105864942 0
v -4.9722593277992271 6.40678543857977 0
v -4.986628188785498 6.8156757731800148 0
v 4.8765605744777556 4.4652675780557436 0
v 3.2897805869025349 -5.0593380469149869 0
v -0.8644368102947636 -4.4102697868711971 0
v 1.4932783242413104 -8.077941983236391 0
v -1.2024732168482932 8.0962868979404305 0
v 1.8943395125258187 -6.5127903206949167 0
v 4.8070681045936778 -2.6216798667330425 0
v 5.0885933840771136 -2.892012924594086 0
v 5.3329895312667706 -2.7779484777805736 0
v 5.5241366655032902 -2.9330906415225977 0
v 2.1898696775883506 -3.0006079549751048 0
v 1.7765669982100349 -3.6757760551890541 0
v 1.8090035675106275 -3.458607278473262 0
v 1.6042737683578898 -3.5576445737942324 0
v 1.8424461320526899 -3.2597160184501015 0

f 210 211 254
f 795 243 244
f 364 325 366
f 211 255 254
f 209 264 208
f 801 803 808
f 254 251 256
f 1371 1173 1370
f 1169 1168 362
f 265 208 264
f 255 731 254
f 796 1166 795
f 284 218 219
f 361 324 363
f 217 218 283
f 504 594 469
f 362 237 238
f 1104 268 269
f 215 268 214
f 470 472 233
f 269 268 215
f 1366 240 366
f 472 522 391
f 256 210 254
f 213 214 267
f 239 1169 238
f 365 242 243
f 284 219 285
f 196 274 273
f 523 16 17
f 197 275 274
f 26 842 25
f 27 425 424
f 275 258 274
f 193 194 293
f 481 482 1546
f 194 294 293
f 374 425 426
f 1044 381 332
f 195 196 273
f 278 200 201
f 21 478 20
f 205 261 263
f 2 832 1
f 261 205 206
f 369 250 1
f 367 368 329
f 252 263 261
f 276 201 202
f 372 24 25
f 203 204 279
f 13 427 429
f 647 1013 636
f 202 277 276
f 278 201 276
f 3 420 419
f 371 330 373
f 295 193 293
f 284 285 270
f 248 367 803
f 327 326 245
f 175 350 346
f 309 1124 349
f 1121 735 736
f 242 365 364
f 745 308 744
f 244 326 795
f 350 349 351
f 697 4833 698
f 241 242 364
f 246 327 245
f 176 350 175
f 420 3 4
f 350 176 349
f 420 4 421
f 346 174 175
f 344 345 308
f 3 419 2
f 327 328 302
f 730 179 180
f 369 1179 368
f 348 178 179
f 347 309 349
f 368 250 369
f 246 328 327
f 351 744 350
f 310 287 727
f 346 345 174
f 227 339 226
f 117 118 546
f 1104 682 683
f 100 451 99
f 506 507 456
f 340 339 227
f 222 223 305
f 1073 658 664
f 323 282 301
f 849 850 1203
f 323 1115 282
f 306 305 223
f 206 262 261
f 687 693 691
f 361 237 362
f 403 353 259
f 364 366 241
f 322 1214 281
f 890 448 353
f 240 241 366
f 688 686 687
f 106 406 405
f 361 236 237
f 354 321 356
f 105 817 104
f 361 363 236
f 341 390 391
f 355 103 104
f 1224 934 935
f 230 231 390
f 304 221 222
f 322 266 794
f 1100 1327 619
f 326 244 245
f 190 292 291
f 185 186 313
f 371 373 23
f 362 324 361
f 197 274 196
f 290 188 189
f 262 252 261
f 318 187 188
f 314 313 186
f 253 256 266
f 730 180 310
f 320 260 280
f 251 266 256
f 311 310 181
f 214 268 267
f 311 182 312
f 315 185 313
f 213 680 212
f 210 256 209
f 180 181 310
f 225 226 338
f 348 347 178
f 312 724 311
f 306 1121 305
f 347 177 178
f 264 256 253
f 290 189 291
f 255 211 212
f 190 291 189
f 176 177 349
f 919 920 278
f 173 345 344
f 344 753 172
f 300 253 322
f 259 276 277
f 173 344 172
f 252 280 263
f 397 170 398
f 169 170 397
f 262 206 207
f 177 347 349
f 703 262 265
f 265 300 703
f 169 399 168
f 205 263 204
f 395 394 165
f 166 396 395
f 279 263 260
f 265 264 253
f 164 165 394
f 265 262 207
f 162 443 161
f 399 169 397
f 265 253 300
f 444 443 162
f 256 264 209
f 394 864 164
f 265 207 208
f 291 292 696
f 260 263 280
f 685 1104 683
f 445 160 161
f 212 680 255
f 440 157 441
f 153 154 498
f 323 1114 732
f 267 268 257
f 883 156 440
f 218 284 283
f 499 498 154
f 157 440 156
f 217 682 216
f 161 443 445
f 269 215 216
f 229 230 389
f 152 153 500
f 182 311 181
f 290 1106 289
f 663 549 650
f 259 353 448
f 297 696 296
f 149 496 495
f 272 293 294
f 495 148 149
f 498 500 153
f 273 258 1219
f 150 497 496
f 252 299 280
f 158 442 441
f 339 340 307
f 273 274 258
f 544 146 542
f 1218 200 278
f 129 606 128
f 600 647 661
f 923 199 1218
f 276 259 278
f 544 145 146
f 277 260 403
f 540 142 541
f 539 141 540
f 279 277 203
f 146 147 542
f 202 203 277
f 1218 922 923
f 570 569 138
f 277 279 260
f 539 1016 140
f 140 141 539
f 263 279 204
f 403 320 353
f 138 569 137
f 86 514 513
f 915 1217 900
f 319 272 294
f 301 266 251
f 816 824 825
f 299 252 703
f 493 540 541
f 353 298 890
f 147 543 542
f 275 197 198
f 569 571 137
f 251 731 301
f 370 420 421
f 941 1232 940
f 7 8 474
f 308 746 748
f 395 396 813
f 422 474 475
f 13 429 12
f 158 441 157
f 14 427 13
f 341 391 522
f 398 753 752
f 801 799 800
f 308 345 744
f 427 14 428
f 281 300 322
f 230 390 389
f 18 524 17
f 338 339 307
f 229 811 228
f 524 18 525
f 20 478 477
f 224 735 306
f 423 478 479
f 61 62 579
f 736 338 737
f 20 477 19
f 340 227 228
f 427 428 1251
f 231 391 390
f 373 479 22
f 50 51 386
f 46 336 45
f 371 23 24
f 50 386 385
f 382 336 333
f 371 24 372
f 27 424 26
f 303 384 336
f 27 28 425
f 380 332 379
f 335 47 48
f 330 371 372
f 49 810 48
f 426 425 28
f 530 30 31
f 38 485 487
f 430 483 484
f 842 843 1183
f 534 488 333
f 484 34 378
f 35 376 378
f 832 833 1179
f 376 35 36
f 429 528 12
f 586 603 531
f 35 378 34
f 332 535 588
f 483 482 32
f 336 384 333
f 23 373 22
f 553 552 63
f 376 36 377
f 40 381 486
f 249 368 367
f 248 803 247
f 41 381 40
f 379 41 42
f 328 246 247
f 380 379 42
f 797 796 326
f 1166 364 365
f 381 41 379
f 326 327 302
f 382 383 44
f 46 334 336
f 1453 637 1101
f 336 334 303
f 598 635 583
f 812 1174 811
f 475 560 422
f 421 1232 370
f 731 680 1114
f 49 50 385
f 794 301 360
f 298 320 352
f 46 47 334
f 732 267 257
f 45 382 44
f 1168 1169 809
f 466 519 520
f 386 387 1203
f 352 299 1165
f 53 54 434
f 352 280 299
f 353 320 298
f 54 55 435
f 388 435 436
f 1220 275 924
f 490 57 58
f 290 318 188
f 314 318 289
f 55 436 435
f 1660 700 701
f 58 59 491
f 536 433 489
f 814 926 928
f 554 515 553
f 184 316 183
f 316 315 317
f 65 464 554
f 462 66 67
f 288 1110 315
f 462 67 463
f 318 314 187
f 314 289 705
f 462 464 66
f 183 316 312
f 492 491 59
f 1112 317 714
f 386 51 387
f 631 617 616
f 331 376 377
f 480 527 528
f 462 463 1246
f 453 109 110
f 357 406 407
f 194 195 294
f 192 193 295
f 318 290 289
f 406 107 407
f 290 291 271
f 454 455 1243
f 455 454 111
f 292 190 191
f 295 296 192
f 111 454 110
f 192 296 191
f 102 103 354
f 926 814 921
f 354 356 102
f 354 103 355
f 296 295 297
f 195 273 294
f 107 406 106
f 272 1107 295
f 106 405 105
f 355 1176 354
f 294 273 319
f 191 296 292
f 102 356 101
f 114 115 506
f 293 272 295
f 283 284 270
f 131 592 591
f 222 305 304
f 131 591 130
f 566 132 133
f 221 690 220
f 340 1174 307
f 134 568 567
f 216 682 269
f 954 955 956
f 133 567 566
f 683 283 684
f 285 219 220
f 568 1029 567
f 317 724 316
f 118 119 547
f 314 288 313
f 1176 817 818
f 547 119 548
f 271 291 696
f 363 471 235
f 1243 950 951
f 174 345 173
f 123 577 122
f 578 577 123
f 675 576 549
f 271 697 698
f 826 821 823
f 506 115 507
f 470 471 418
f 1106 271 698
f 129 130 590
f 348 730 729
f 410 409 78
f 311 724 287
f 77 409 411
f 409 77 78
f 166 395 165
f 225 735 224
f 409 410 358
f 236 363 235
f 82 459 81
f 81 458 80
f 226 339 338
f 557 341 522
f 459 82 460
f 315 316 184
f 509 555 73
f 314 186 187
f 411 76 77
f 509 73 74
f 184 185 315
f 287 726 727
f 411 511 76
f 312 182 183
f 457 510 511
f 510 509 74
f 348 309 347
f 310 311 287
f 114 505 113
f 513 85 86
f 345 346 744
f 322 253 266
f 504 97 503
f 251 254 731
f 94 95 468
f 94 467 93
f 281 299 703
f 1491 1647 1214
f 452 404 451
f 1165 299 1494
f 99 451 450
f 99 450 98
f 1203 850 852
f 352 320 280
f 452 101 356
f 688 690 695
f 89 90 416
f 306 223 224
f 416 520 89
f 415 414 91
f 221 304 690
f 248 249 367
f 415 359 414
f 334 47 335
f 90 91 414
f 459 460 1244
f 368 249 250
f 334 335 1006
f 416 90 414
f 97 98 503
f 301 282 360
f 304 305 286
f 71 517 70
f 69 70 516
f 696 697 271
f 313 288 315
f 6 7 473
f 398 343 397
f 667 1100 666
f 377 36 37
f 376 331 378
f 38 487 37
f 486 431 485
f 30 530 531
f 33 483 32
f 380 42 43
f 379 332 381
f 383 43 44
f 383 488 535
f 533 377 487
f 485 38 39
f 336 382 45
f 383 382 333
f 383 333 488
f 383 380 43
f 1006 489 303
f 422 560 585
f 536 1256 1007
f 48 810 335
f 387 51 52
f 385 386 337
f 53 849 52
f 54 435 434
f 66 464 65
f 534 432 488
f 341 557 599
f 228 811 340
f 391 231 232
f 389 390 341
f 233 472 232
f 233 234 470
f 761 764 767
f 150 496 149
f 342 395 813
f 441 442 876
f 867 865 866
f 444 393 443
f 396 166 167
f 394 395 342
f 400 168 399
f 401 813 400
f 398 170 171
f 397 343 399
f 753 171 172
f 344 308 748
f 775 1142 767
f 167 400 396
f 168 400 167
f 400 399 401
f 726 704 727
f 773 775 767
f 894 903 893
f 314 705 288
f 277 403 259
f 320 403 260
f 321 1175 356
f 823 827 824
f 818 405 819
f 104 817 355
f 407 107 108
f 405 406 357
f 109 829 108
f 110 454 453
f 547 548 508
f 121 122 576
f 410 78 79
f 409 358 411
f 80 671 79
f 81 459 458
f 1246 977 978
f 75 510 74
f 85 512 84
f 4827 594 545
f 967 964 966
f 854 855 4835
f 415 91 92
f 414 359 416
f 93 934 92
f 94 468 467
f 965 966 1244
f 519 87 88
f 95 469 468
f 469 417 468
f 1168 1171 324
f 618 635 990
f 833 419 834
f 1 832 369
f 421 4 5
f 419 420 370
f 6 940 5
f 7 474 473
f 8 475 474
f 525 558 476
f 330 1182 373
f 603 561 4829
f 603 639 374
f 25 842 372
f 426 28 29
f 424 425 374
f 30 531 29
f 31 32 482
f 428 14 15
f 427 375 429
f 16 992 15
f 17 524 523
f 529 560 475
f 10 527 529
f 1041 562 4832
f 331 377 533
f 1044 588 604
f 383 535 380
f 384 303 489
f 1253 1004 1005
f 4831 630 596
f 1040 582 465
f 850 434 851
f 52 849 387
f 436 55 56
f 434 435 388
f 57 857 56
f 58 491 490
f 437 491 492
f 580 615 630
f 1144 780 790
f 142 540 141
f 392 441 876
f 496 497 942
f 392 878 880
f 499 439 498
f 442 158 159
f 440 441 392
f 446 160 445
f 447 876 446
f 444 162 163
f 443 393 445
f 864 163 164
f 866 868 864
f 393 1210 445
f 159 446 442
f 160 446 159
f 446 445 447
f 709 716 317
f 877 392 876
f 402 921 920
f 278 259 919
f 1611 1175 1375
f 582 1040 556
f 1836 404 1612
f 503 450 449
f 452 451 100
f 450 451 404
f 101 452 100
f 452 356 1611
f 826 829 830
f 109 453 829
f 455 111 112
f 453 454 408
f 113 950 112
f 114 506 505
f 577 578 549
f 612 126 613
f 411 634 633
f 658 358 664
f 676 664 671
f 80 458 671
f 460 82 83
f 458 459 412
f 84 965 83
f 85 513 512
f 514 461 513
f 936 2026 938
f 463 67 68
f 462 413 464
f 69 977 68
f 70 517 516
f 61 579 580
f 64 553 63
f 71 518 517
f 556 581 550
f 359 1223 416
f 4828 610 609
f 594 626 417
f 92 934 415
f 469 95 96
f 467 468 417
f 504 96 97
f 504 575 594
f 471 470 234
f 472 470 418
f 235 471 234
f 471 363 1368
f 987 522 472
f 472 391 232
f 422 585 621
f 5 940 421
f 475 8 9
f 473 474 422
f 10 529 9
f 10 11 527
f 423 479 1486
f 992 993 1251
f 423 4841 558
f 476 524 525
f 479 478 21
f 477 478 423
f 22 479 21
f 479 373 1486
f 995 1252 1517
f 1251 993 995
f 331 533 562
f 331 1041 378
f 1546 430 1298
f 530 482 481
f 484 483 33
f 482 483 430
f 34 484 33
f 484 378 1042
f 486 485 39
f 487 485 431
f 40 486 39
f 486 381 4826
f 1003 533 487
f 487 377 37
f 534 333 384
f 535 488 432
f 303 334 1006
f 489 433 563
f 630 651 437
f 57 490 857
f 492 59 60
f 490 491 437
f 61 580 60
f 62 63 552
f 543 574 494
f 134 567 133
f 438 496 942
f 1267 1532 1535
f 495 438 944
f 494 542 543
f 497 150 151
f 495 496 438
f 501 152 500
f 502 942 501
f 499 154 155
f 498 439 500
f 883 155 156
f 440 392 880
f 439 1233 500
f 151 501 497
f 152 501 151
f 501 500 502
f 772 766 769
f 943 438 942
f 450 503 98
f 504 503 449
f 504 449 575
f 504 469 96
f 951 505 952
f 112 950 455
f 507 115 116
f 505 506 456
f 117 958 116
f 118 547 546
f 591 590 130
f 545 575 608
f 581 556 509
f 1040 517 518
f 511 510 75
f 509 510 457
f 76 511 75
f 511 411 633
f 966 512 967
f 83 965 460
f 86 87 514
f 512 513 461
f 519 514 87
f 514 466 971
f 413 1245 464
f 1247 550 632
f 978 516 979
f 68 977 463
f 518 71 72
f 516 517 465
f 555 72 73
f 556 1040 555
f 520 519 88
f 514 519 466
f 89 520 88
f 520 416 1664
f 1167 798 733
f 286 1120 695
f 987 472 418
f 557 522 521
f 993 523 994
f 15 992 428
f 18 19 525
f 523 524 476
f 19 477 525
f 525 477 558
f 615 641 596
f 994 991 993
f 528 527 11
f 529 527 480
f 12 528 11
f 528 429 1516
f 1010 560 529
f 529 475 9
f 482 530 31
f 531 530 481
f 531 481 586
f 531 426 29
f 1528 1264 534
f 603 426 531
f 1003 487 431
f 562 533 532
f 1015 489 563
f 384 1015 534
f 432 1712 588
f 380 535 332
f 1006 810 1256
f 1007 385 337
f 1265 1017 1019
f 576 1038 1036
f 1213 882 863
f 573 1029 572
f 1018 1017 539
f 1265 569 570
f 541 142 143
f 539 540 493
f 144 1024 143
f 1266 145 544
f 147 148 543
f 542 494 544
f 148 495 543
f 543 495 574
f 544 494 1262
f 1024 1022 541
f 450 1836 449
f 815 1377 1380
f 956 958 963
f 117 546 958
f 548 119 120
f 546 547 508
f 121 1036 120
f 122 577 576
f 606 605 128
f 595 613 627
f 1062 652 645
f 630 492 580
f 1245 1511 1702
f 4831 596 5053
f 2036 515 1704
f 579 552 551
f 554 553 64
f 552 553 515
f 65 554 64
f 554 464 1702
f 556 555 509
f 72 555 518
f 581 509 457
f 550 582 556
f 521 598 557
f 389 341 599
f 423 558 477
f 558 526 996
f 846 639 2132
f 673 1101 672
f 1010 529 480
f 585 560 559
f 1004 1003 431
f 623 4830 624
f 656 4832 648
f 378 1041 1042
f 641 643 596
f 651 862 437
f 1264 432 534
f 647 600 620
f 567 1029 537
f 127 128 605
f 566 537 1031
f 565 591 592
f 568 134 135
f 566 567 537
f 571 572 136
f 136 137 571
f 570 138 139
f 569 538 571
f 1016 139 140
f 1017 1265 1016
f 538 1269 571
f 135 572 568
f 136 572 135
f 572 571 573
f 752 743 761
f 1030 537 1029
f 779 785 776
f 1235 1507 944
f 1837 449 1836
f 594 575 545
f 663 675 549
f 120 1036 548
f 578 123 124
f 576 577 549
f 125 614 124
f 612 125 126
f 552 579 62
f 580 579 551
f 580 551 615
f 580 492 60
f 633 597 617
f 457 617 581
f 550 631 632
f 983 982 979
f 987 989 521
f 324 362 1168
f 557 619 599
f 599 619 584
f 559 620 585
f 473 422 621
f 1546 622 481
f 603 586 561
f 532 648 562
f 1297 430 1042
f 432 588 535
f 564 1254 588
f 592 607 565
f 125 612 614
f 1054 590 565
f 606 590 589
f 131 132 592
f 590 591 565
f 132 566 592
f 592 566 607
f 650 578 614
f 1271 1034 1270
f 594 4827 626
f 469 594 417
f 1047 589 1052
f 640 650 614
f 2036 551 552
f 581 631 550
f 1224 359 415
f 545 608 610
f 989 990 521
f 583 1100 598
f 619 557 598
f 599 584 812
f 559 1010 1012
f 586 622 561
f 585 637 621
f 621 637 601
f 656 1102 679
f 622 624 561
f 603 4829 639
f 426 603 374
f 655 1253 1005
f 4826 604 1004
f 605 589 1047
f 595 612 613
f 590 606 129
f 605 606 589
f 1733 640 649
f 1054 1055 1049
f 1837 575 449
f 593 4900 610
f 1611 1375 404
f 674 638 662
f 593 610 608
f 609 2432 4828
f 1071 1069 1070
f 1223 1501 1664
f 126 127 613
f 614 612 595
f 127 605 613
f 613 605 627
f 614 595 640
f 614 578 124
f 2037 551 2036
f 630 615 596
f 597 634 652
f 653 583 635
f 633 617 457
f 617 597 1098
f 1166 796 798
f 808 329 1178
f 583 653 666
f 1327 1100 667
f 1012 1013 559
f 600 1101 620
f 637 585 620
f 621 601 941
f 481 622 586
f 602 1550 624
f 4832 656 1547
f 1338 1330 1335
f 602 624 622
f 623 1761 4830
f 1001 991 1000
f 330 372 1183
f 938 933 936
f 417 626 936
f 955 952 456
f 595 1045 640
f 627 605 1047
f 4834 722 723
f 1509 1701 986
f 515 1702 1511
f 630 4831 651
f 492 630 437
f 617 631 581
f 632 631 616
f 652 665 597
f 1257 433 536
f 511 633 457
f 411 358 634
f 634 658 652
f 597 633 634
f 990 598 521
f 618 1590 653
f 840 1189 1190
f 1548 602 1298
f 600 661 672
f 1453 1101 673
f 638 648 662
f 1712 564 588
f 846 841 844
f 374 639 844
f 1045 595 627
f 650 640 628
f 2037 615 551
f 629 2319 643
f 1704 1703 629
f 1098 1099 616
f 629 643 641
f 642 2904 5053
f 861 3126 3127
f 852 848 1204
f 466 1664 1501
f 1070 1303 1304
f 789 786 791
f 874 1210 872
f 1013 620 559
f 636 1710 661
f 1253 655 1512
f 638 1102 648
f 1031 537 1030
f 1357 1134 758
f 1731 663 650
f 578 650 549
f 860 858 854
f 854 4835 853
f 658 634 358
f 1062 665 652
f 618 653 635
f 1830 2193 1829
f 638 674 678
f 800 806 804
f 1264 1712 432
f 1257 1260 433
f 679 1102 678
f 1298 1297 1043
f 1050 1053 1733
f 819 824 816
f 664 358 410
f 645 652 658
f 1026 1008 1025
f 1509 1510 2317
f 1340 1332 1335
f 685 681 1105
f 636 661 647
f 654 5061 672
f 1512 648 532
f 655 2038 674
f 1731 650 628
f 657 670 675
f 410 671 664
f 676 671 458
f 1087 1310 659
f 617 1098 616
f 2193 653 646
f 666 660 667
f 1334 1350 1572
f 741 739 4839
f 4855 998 1646
f 805 733 804
f 1061 1310 1311
f 624 1550 623
f 954 1292 1291
f 1036 1037 548
f 671 410 79
f 676 458 412
f 654 672 661
f 672 668 673
f 1460 1477 1629
f 838 836 4840
f 655 674 662
f 669 2096 678
f 657 675 663
f 675 670 1038
f 966 968 1244
f 676 1066 1073
f 655 1513 2038
f 1002 1190 1189
f 669 678 674
f 678 677 679
f 679 677 1321
f 1299 1043 1547
f 213 267 680
f 267 732 1114
f 681 683 684
f 691 681 684
f 217 283 682
f 683 682 283
f 684 283 270
f 683 681 685
f 687 270 688
f 684 270 687
f 681 692 1105
f 1104 685 257
f 738 1121 736
f 681 691 692
f 688 270 285
f 687 686 693
f 285 690 688
f 304 695 690
f 1326 695 1120
f 908 899 902
f 690 285 220
f 695 304 286
f 687 691 684
f 692 691 689
f 694 689 693
f 1461 1464 1456
f 693 686 1568
f 691 693 689
f 713 715 720
f 1813 3015 1812
f 738 1120 286
f 695 1567 688
f 296 696 292
f 697 696 297
f 700 297 701
f 711 1111 702
f 697 297 700
f 702 4833 700
f 702 1952 1662
f 705 706 707
f 295 1107 297
f 699 1952 700
f 319 1108 272
f 1215 897 895
f 711 2537 710
f 749 750 747
f 262 703 252
f 281 703 300
f 317 315 1110
f 715 718 716
f 706 705 1109
f 289 1109 705
f 706 1111 710
f 288 705 707
f 707 706 710
f 707 709 1110
f 1661 699 1660
f 1360 4834 723
f 712 707 710
f 709 707 712
f 1109 1111 706
f 710 708 712
f 897 892 898
f 893 298 894
f 712 708 715
f 709 712 716
f 711 2536 2537
f 746 754 743
f 714 718 719
f 287 724 725
f 2537 2538 708
f 718 715 713
f 715 716 712
f 317 716 714
f 1954 1222 1500
f 1651 901 1216
f 718 713 4834
f 716 718 714
f 720 722 713
f 719 4834 1138
f 2538 715 708
f 717 2385 722
f 402 890 892
f 885 877 879
f 717 722 720
f 722 721 723
f 754 757 756
f 1131 1113 1130
f 316 724 312
f 725 724 317
f 728 1112 719
f 1131 726 728
f 287 725 726
f 728 726 725
f 729 727 704
f 730 727 729
f 1112 728 725
f 728 719 1322
f 1127 1125 1128
f 348 729 309
f 730 348 179
f 310 727 730
f 680 731 255
f 301 731 323
f 1323 1105 1116
f 323 732 1115
f 733 796 797
f 804 733 797
f 734 736 737
f 734 737 741
f 225 338 735
f 736 735 338
f 737 338 307
f 736 734 738
f 811 1174 340
f 737 307 739
f 742 1325 734
f 1121 738 286
f 619 1327 1329
f 1374 1329 739
f 667 1330 1328
f 734 741 742
f 739 741 737
f 742 741 740
f 1331 1122 1328
f 1326 1568 1567
f 748 746 743
f 774 401 775
f 350 744 346
f 745 744 351
f 351 750 749
f 749 745 351
f 308 745 746
f 749 751 759
f 1358 755 757
f 746 745 759
f 752 748 743
f 753 748 752
f 349 1124 351
f 749 747 751
f 729 1125 309
f 1124 1125 750
f 1127 1129 750
f 761 770 752
f 743 754 756
f 398 752 343
f 753 398 171
f 344 748 753
f 759 754 746
f 754 751 757
f 747 1134 1357
f 944 438 943
f 756 755 762
f 743 756 761
f 751 1357 1358
f 756 757 755
f 1139 1135 1362
f 760 762 765
f 749 759 745
f 754 759 751
f 1819 1820 758
f 772 769 760
f 764 756 762
f 764 761 756
f 1823 765 762
f 762 760 764
f 1079 1072 1303
f 1008 1017 1018
f 769 764 760
f 752 770 343
f 1823 762 755
f 1143 771 765
f 765 771 760
f 342 813 777
f 773 764 769
f 774 775 773
f 787 2154 786
f 789 780 782
f 760 771 772
f 773 769 766
f 761 767 770
f 770 767 1142
f 1143 765 763
f 771 768 772
f 779 781 785
f 864 394 866
f 773 766 774
f 764 773 767
f 778 774 766
f 401 774 777
f 401 399 775
f 343 1142 399
f 779 778 766
f 781 779 772
f 778 777 774
f 867 777 869
f 779 766 772
f 777 778 776
f 782 781 772
f 776 778 779
f 782 780 781
f 1213 1212 882
f 782 772 768
f 780 783 785
f 787 786 768
f 768 786 782
f 780 789 790
f 393 868 872
f 895 904 910
f 1087 659 1084
f 780 785 781
f 785 783 1209
f 771 1143 768
f 786 784 791
f 1359 758 1134
f 1821 763 1823
f 791 792 788
f 878 884 863
f 786 789 782
f 790 789 788
f 1364 1153 788
f 882 499 883
f 791 784 2382
f 789 791 788
f 1821 1822 2152
f 1387 1379 1390
f 1119 282 1118
f 895 910 912
f 301 794 266
f 1491 794 360
f 796 795 326
f 243 795 365
f 797 326 302
f 796 733 798
f 800 302 801
f 797 302 800
f 733 805 1167
f 1166 798 325
f 835 1179 833
f 988 1172 1587
f 801 302 328
f 800 799 806
f 328 803 801
f 367 808 803
f 1452 808 1178
f 1181 1456 1464
f 803 328 247
f 808 367 329
f 800 804 797
f 804 802 2418
f 806 807 802
f 1172 1171 1170
f 806 799 1625
f 804 806 802
f 1476 1460 1465
f 2248 1628 2242
f 835 1178 329
f 808 1624 801
f 1370 366 325
f 1590 1596 1595
f 49 385 810
f 385 1007 1256
f 229 389 811
f 812 811 389
f 599 812 389
f 1374 1174 812
f 400 813 396
f 777 813 401
f 920 922 278
f 892 897 402
f 820 1176 818
f 1614 1177 1377
f 819 816 818
f 1243 951 953
f 105 405 817
f 818 817 405
f 819 405 357
f 818 816 820
f 823 357 826
f 819 357 823
f 816 825 1177
f 820 1614 1176
f 830 408 1242
f 1177 820 816
f 1508 830 1242
f 822 1389 1388
f 826 357 407
f 827 823 821
f 823 824 819
f 824 822 1388
f 828 822 827
f 1377 1378 1380
f 407 829 826
f 453 830 829
f 827 821 1699
f 824 827 822
f 2971 2972 2739
f 1556 1091 1307
f 829 407 108
f 830 453 408
f 953 1242 408
f 830 1697 826
f 831 833 834
f 831 834 838
f 2 419 832
f 833 832 419
f 834 419 370
f 833 831 835
f 940 1232 421
f 834 370 836
f 839 1451 831
f 1179 835 329
f 637 1453 1455
f 1505 1455 836
f 673 1456 1454
f 831 838 839
f 836 838 834
f 839 838 837
f 1457 1180 1454
f 1452 1625 1624
f 1192 1193 1196
f 996 998 1000
f 625 2131 2132
f 841 1184 1183
f 26 424 842
f 843 842 424
f 844 424 374
f 843 841 1183
f 841 843 844
f 844 843 424
f 623 1550 1551
f 841 846 847
f 639 846 844
f 846 845 4898
f 1770 2134 4898
f 1185 1182 1184
f 848 850 851
f 851 858 848
f 53 434 849
f 850 849 434
f 851 434 388
f 850 848 852
f 854 388 855
f 851 388 854
f 848 859 1204
f 1203 852 337
f 1205 651 1206
f 4835 1205 853
f 855 388 436
f 854 853 860
f 436 857 855
f 857 490 862
f 4831 5053 644
f 858 859 848
f 857 436 56
f 490 437 862
f 854 858 851
f 859 858 856
f 3490 860 861
f 1005 1513 655
f 861 860 853
f 858 860 856
f 1314 1061 1311
f 1715 1716 2046
f 862 651 1205
f 857 862 4835
f 863 880 878
f 1149 1145 1144
f 867 866 394
f 163 864 444
f 865 867 869
f 444 864 868
f 867 394 342
f 866 865 868
f 342 777 867
f 869 777 776
f 873 870 875
f 444 868 393
f 1209 871 776
f 869 776 871
f 873 869 871
f 1144 1145 783
f 783 780 1144
f 869 873 865
f 875 868 865
f 874 872 870
f 1156 873 871
f 875 870 872
f 1159 1162 1152
f 447 445 1210
f 868 875 872
f 865 873 875
f 446 876 442
f 877 876 447
f 879 877 1211
f 447 1211 877
f 392 877 878
f 879 887 885
f 885 887 881
f 1152 1162 870
f 882 880 863
f 883 880 882
f 944 574 495
f 884 888 863
f 889 1213 888
f 499 882 439
f 883 499 155
f 440 880 883
f 885 878 877
f 4118 888 881
f 881 884 885
f 885 884 878
f 4111 4115 4104
f 1018 1025 1008
f 871 783 1145
f 1150 1153 1148
f 881 888 884
f 888 886 889
f 4837 5055 886
f 882 1212 439
f 890 893 892
f 402 448 890
f 1493 1494 1214
f 1219 928 1496
f 893 890 298
f 892 891 898
f 894 298 352
f 891 892 893
f 896 352 1165
f 896 894 352
f 891 893 903
f 904 895 898
f 896 793 902
f 894 896 900
f 1215 912 913
f 920 921 814
f 891 1217 904
f 897 898 895
f 916 899 917
f 917 909 916
f 906 896 902
f 906 900 896
f 901 915 1216
f 1657 701 1108
f 1493 908 902
f 902 899 906
f 894 900 903
f 903 900 1217
f 891 904 898
f 1650 910 904
f 1115 1118 282
f 282 1119 1648
f 916 906 899
f 916 915 906
f 915 900 906
f 1581 1583 1584
f 1493 902 793
f 1862 918 908
f 918 899 908
f 1467 1468 1469
f 1650 904 901
f 3021 912 910
f 2780 1956 3020
f 931 929 1221
f 3021 910 907
f 911 4836 912
f 925 929 931
f 926 927 925
f 1336 1353 1355
f 1339 1349 1334
f 1216 915 909
f 1217 891 903
f 899 918 917
f 915 916 909
f 1347 1350 1349
f 1338 1332 1346
f 1862 908 905
f 917 918 914
f 259 448 919
f 920 919 448
f 402 920 448
f 920 814 922
f 402 897 921
f 897 1215 927
f 275 923 924
f 923 275 198
f 199 923 198
f 924 923 922
f 922 814 924
f 814 928 1220
f 927 929 925
f 928 1219 258
f 927 926 921
f 928 926 925
f 897 927 921
f 927 913 929
f 931 1496 925
f 928 258 1220
f 4836 913 912
f 4836 1221 913
f 1892 2758 1654
f 1108 1498 1658
f 1500 1222 1497
f 701 1107 1108
f 1077 1079 1303
f 1074 1301 968
f 611 2025 2026
f 933 1225 1224
f 93 467 934
f 935 934 467
f 936 467 417
f 935 933 1224
f 933 935 936
f 936 935 467
f 1076 1308 1091
f 933 938 939
f 2026 936 626
f 939 938 937
f 1088 1092 1085
f 1226 1223 1225
f 6 473 940
f 941 940 473
f 621 941 473
f 1505 1232 941
f 501 942 497
f 943 942 502
f 947 945 946
f 944 1234 1235
f 943 502 946
f 946 948 1234
f 1163 1155 1146
f 1234 944 943
f 947 946 502
f 946 945 948
f 502 500 1233
f 5055 5054 947
f 1237 1240 1236
f 1034 1273 1033
f 949 951 952
f 959 949 952
f 113 505 950
f 951 950 505
f 952 505 456
f 951 949 953
f 955 456 956
f 963 508 1282
f 4884 2033 4891
f 1243 953 408
f 960 4891 959
f 959 955 961
f 956 456 507
f 955 954 961
f 507 958 956
f 546 963 958
f 1039 1285 1282
f 962 4885 961
f 958 507 116
f 963 546 508
f 955 959 952
f 959 957 3335
f 1847 962 1295
f 1508 1699 1697
f 962 961 954
f 959 961 957
f 1031 607 566
f 1094 1085 1092
f 4838 508 548
f 963 1292 956
f 967 973 964
f 1302 973 974
f 84 512 965
f 966 965 512
f 967 512 461
f 966 964 968
f 971 969 970
f 967 461 970
f 964 1302 1074
f 1244 968 412
f 1063 1065 1067
f 972 973 970
f 971 970 461
f 972 970 969
f 514 971 461
f 466 1501 1665
f 971 466 1665
f 1083 1078 1081
f 970 973 967
f 973 972 1081
f 1082 1083 1081
f 1062 1065 1064
f 1246 978 980
f 982 985 976
f 976 978 979
f 976 979 982
f 69 516 977
f 978 977 516
f 979 516 465
f 978 976 980
f 582 983 465
f 981 982 1249
f 986 1250 985
f 1246 980 413
f 1099 1320 616
f 980 976 1250
f 979 465 983
f 2143 985 982
f 582 550 1247
f 982 983 1249
f 1249 1248 981
f 1563 1559 1248
f 2143 982 981
f 985 984 986
f 986 984 2655
f 1510 1509 986
f 989 987 1608
f 521 522 987
f 1369 1368 363
f 1369 363 324
f 1608 987 418
f 988 1588 990
f 990 635 598
f 988 990 989
f 999 996 526
f 1252 995 991
f 16 523 992
f 993 992 523
f 994 523 476
f 993 991 995
f 996 476 558
f 996 994 476
f 991 1001 1252
f 1251 995 375
f 526 1002 999
f 999 998 996
f 1185 1187 840
f 991 994 1000
f 1200 1199 1195
f 1711 1518 1527
f 4841 526 558
f 999 997 1646
f 996 1000 994
f 1001 1000 998
f 1488 997 4842
f 1263 1519 2043
f 840 1187 1188
f 999 1002 4842
f 431 4826 1004
f 532 533 1003
f 604 1254 1004
f 532 1003 1004
f 1254 1005 1004
f 1530 1714 2045
f 810 1006 335
f 489 1006 536
f 1514 1204 1258
f 536 1007 1257
f 1022 1535 1021
f 1020 1535 1532
f 1239 1506 1507
f 1023 1027 1028
f 1516 1012 480
f 559 560 1010
f 1263 1516 429
f 1263 429 375
f 480 1012 1010
f 2042 1013 1012
f 1013 647 620
f 2042 1012 1011
f 1260 1261 4848
f 1723 2046 1720
f 489 1015 384
f 1528 1015 563
f 1017 1016 539
f 139 1016 570
f 1018 539 493
f 1017 1008 1019
f 1022 1021 493
f 1021 1018 493
f 1008 1026 1268
f 1265 1019 538
f 1237 1239 1235
f 1025 1021 1027
f 1022 493 541
f 1021 1020 1027
f 541 143 1024
f 1531 1267 1024
f 1048 1742 1741
f 649 1050 1733
f 1266 144 145
f 1262 1267 1531
f 1021 1025 1018
f 1026 1025 1023
f 1272 1536 1278
f 1046 649 1045
f 1027 1020 1534
f 1025 1027 1023
f 1155 1163 1151
f 657 1544 1290
f 572 1029 568
f 1030 1029 573
f 1033 573 1034
f 1279 1033 1035
f 1030 573 1033
f 1057 1055 1058
f 1277 1538 4849
f 1279 1031 1030
f 571 1269 573
f 1032 4849 1033
f 1019 1270 538
f 1268 1019 1008
f 1033 1273 1032
f 1046 1050 649
f 121 576 1036
f 1036 1038 1037
f 4838 670 1039
f 548 1037 4838
f 675 1038 576
f 670 1037 1038
f 1293 1290 1288
f 963 1282 1284
f 517 1040 465
f 1040 518 555
f 562 1041 331
f 1042 1041 587
f 1547 1297 587
f 484 1042 430
f 656 1299 1547
f 1299 656 679
f 588 1044 332
f 4826 1044 604
f 1046 1045 627
f 640 1045 649
f 1046 627 1047
f 1051 1047 1052
f 1052 1054 1049
f 1050 1051 1048
f 1742 1049 1060
f 1545 1544 657
f 607 1300 565
f 1049 1055 1057
f 1051 1046 1047
f 1048 1737 1050
f 1057 1060 1049
f 1050 1046 1051
f 1054 1052 589
f 1051 1052 1049
f 1740 1737 1048
f 1283 1285 1287
f 590 1054 589
f 1054 565 1055
f 1058 1300 1031
f 1537 1280 1281
f 1275 1277 4849
f 1278 1274 1276
f 1055 1300 1058
f 1060 1057 2345
f 1031 1279 1280
f 1057 1058 1537
f 1275 1032 1273
f 1407 1411 1414
f 2345 1057 1056
f 1060 1059 1742
f 1064 659 1062
f 1311 1310 1087
f 1066 1065 645
f 659 665 1062
f 1063 1067 1070
f 1086 1063 1304
f 1065 1062 645
f 1089 1086 1072
f 1073 645 658
f 1063 1064 1065
f 1068 1067 1066
f 1065 1066 1067
f 1066 676 1068
f 1070 1067 1071
f 1301 1068 676
f 1068 1074 1071
f 1077 1078 1076
f 1064 1084 659
f 1071 1067 1068
f 1070 1069 1303
f 1068 1301 1074
f 1075 1071 1074
f 1069 1075 1077
f 1089 1072 1305
f 676 1073 664
f 645 1073 1066
f 964 1074 968
f 1074 1302 1075
f 1078 1077 1075
f 1069 1071 1075
f 1090 1692 1230
f 1691 1231 1504
f 1078 1075 974
f 1077 1076 1079
f 974 1081 1078
f 1082 1081 972
f 1088 1091 1308
f 1086 1089 1080
f 1079 1305 1072
f 1208 1207 3126
f 973 1081 974
f 969 1691 972
f 1226 1228 932
f 1683 1677 1681
f 1088 1083 1082
f 1078 1083 1308
f 1086 1064 1063
f 1084 1080 1087
f 815 1380 1385
f 1295 962 1291
f 1080 1084 1086
f 1086 1084 1064
f 1552 1080 1089
f 1779 1552 1778
f 1693 1092 1088
f 1085 1309 1088
f 1096 1097 1309
f 1718 2044 1716
f 2025 1679 1682
f 1666 1230 1227
f 1085 1094 1096
f 1097 1557 1309
f 1693 1088 1082
f 1090 1668 1094
f 1291 1283 1295
f 4860 4857 1580
f 1090 1094 1092
f 1966 1096 1094
f 1386 1376 1391
f 674 2038 669
f 1966 1094 1093
f 1096 1095 1097
f 1555 1305 1554
f 1554 1305 1079
f 597 665 1098
f 1099 1098 665
f 659 1099 665
f 1099 1061 1320
f 598 1100 619
f 666 1100 583
f 620 1101 637
f 672 1101 600
f 648 1102 656
f 678 1102 638
f 669 4893 2096
f 1191 1488 4842
f 268 1104 257
f 1104 269 682
f 1116 1566 1118
f 732 1323 1116
f 271 1106 290
f 1109 1106 698
f 1108 1107 272
f 297 1107 701
f 319 273 1219
f 931 1499 1496
f 1106 1109 289
f 1111 1109 698
f 707 1110 288
f 317 1110 709
f 1111 698 4833
f 710 1111 711
f 317 1112 725
f 719 1112 714
f 1140 1126 1139
f 1127 750 1125
f 731 1114 323
f 267 1114 680
f 732 257 1323
f 1115 732 1116
f 1324 1565 692
f 905 1492 1649
f 1565 1116 1105
f 1566 1565 1324
f 1116 1118 1115
f 1118 1117 4886
f 1864 1865 1866
f 1647 1492 905
f 1325 738 734
f 1347 1808 1807
f 305 1121 286
f 1121 306 735
f 1122 1327 1328
f 741 4839 740
f 1830 1340 1335
f 1338 1123 1330
f 1125 1124 309
f 351 1124 750
f 704 1128 729
f 1132 1128 1130
f 1128 1132 1126
f 750 1129 747
f 1125 729 1128
f 1127 1126 1129
f 1130 1128 704
f 1126 1127 1128
f 1136 1129 1126
f 747 1129 1134
f 1131 1130 704
f 1130 1113 1132
f 726 1131 704
f 1322 1131 728
f 1113 1138 1137
f 1113 1137 1132
f 1816 1140 1141
f 1815 1359 1575
f 1136 1134 1129
f 1359 1134 1575
f 1824 721 1584
f 1132 1137 1139
f 1139 1126 1132
f 1136 1133 1575
f 1113 1322 1138
f 1139 1137 1135
f 4834 1360 1138
f 1135 1137 1138
f 1578 1360 1361
f 1136 1140 1133
f 1126 1140 1136
f 1141 1140 1139
f 1141 1139 1362
f 2152 787 1143
f 1142 343 770
f 775 399 1142
f 2152 1143 763
f 768 1143 787
f 1149 1144 1147
f 1156 1145 1157
f 1147 1144 790
f 1145 1149 1157
f 1150 1146 1147
f 879 1211 1365
f 1153 1150 1147
f 1147 1146 1149
f 1586 1148 1160
f 5054 945 947
f 1155 1149 1146
f 1156 870 873
f 1153 1147 790
f 2184 2185 1148
f 1146 1150 1161
f 4120 4007 4117
f 1149 1158 1157
f 1152 1158 1159
f 790 788 1153
f 1364 792 1160
f 1160 1148 1153
f 1694 1695 1009
f 1146 1161 1163
f 1157 1158 1152
f 1145 1156 871
f 870 1156 1152
f 1158 1149 1155
f 1156 1157 1152
f 1155 1151 1158
f 1159 1158 1151
f 4999 1159 1151
f 1159 1164 1162
f 1853 1200 1202
f 1586 2184 1148
f 2185 1150 1148
f 1154 1163 1161
f 1159 887 1164
f 874 870 1162
f 3802 3805 3815
f 1154 4098 1163
f 887 879 1164
f 1365 1164 879
f 1494 299 281
f 896 1165 793
f 364 1166 325
f 1166 365 795
f 1371 1609 1833
f 1372 366 1370
f 238 1169 362
f 1600 1171 1168
f 1366 239 240
f 1366 1372 1169
f 1833 1605 1606
f 1587 1588 988
f 1600 1168 809
f 1367 1587 1170
f 1172 988 1368
f 1171 1172 1369
f 1371 325 798
f 805 1610 1167
f 1374 812 584
f 739 307 1174
f 321 1176 1614
f 1175 815 1375
f 354 1176 321
f 1176 355 817
f 825 1379 1378
f 1175 1377 815
f 1451 835 831
f 1474 2239 1850
f 368 1179 329
f 1179 369 832
f 1180 1453 1454
f 838 4840 837
f 5061 1466 668
f 1590 1595 646
f 1182 330 1184
f 1182 840 1190
f 1183 372 842
f 1184 841 847
f 1184 847 1185
f 330 1183 1184
f 1187 847 1186
f 840 1182 1185
f 845 2132 2131
f 1199 1191 1195
f 847 1187 1185
f 1188 1187 1186
f 4898 847 846
f 1191 4842 1189
f 840 1188 1189
f 1189 1188 1191
f 4841 1002 526
f 4841 1486 1190
f 1193 1188 1186
f 1193 1195 1188
f 1458 1461 1466
f 1188 1195 1191
f 1186 2134 1196
f 1193 1192 1195
f 1551 1754 1757
f 1551 1747 1754
f 1200 1195 1192
f 1490 997 1488
f 1186 1196 1193
f 1194 1769 1201
f 1192 1196 1201
f 1192 1202 1200
f 1564 2088 1752
f 2266 909 1655
f 1636 1489 1632
f 1191 1199 1488
f 1192 1201 1202
f 1199 1200 1197
f 1194 1201 1196
f 1201 1198 1202
f 1747 1103 1751
f 914 1814 917
f 386 1203 337
f 1203 387 849
f 1258 1708 1260
f 1007 1514 1258
f 651 4831 1206
f 853 1205 1208
f 1206 644 3123
f 853 1208 861
f 1248 1559 981
f 1313 1314 1560
f 1205 1206 1208
f 1207 1208 1206
f 785 1209 776
f 783 871 1209
f 872 1210 393
f 1210 874 1211
f 1210 1211 447
f 1365 1211 874
f 889 947 1212
f 1233 1212 947
f 888 1213 863
f 1212 1213 889
f 1491 1214 322
f 905 908 1493
f 912 1215 895
f 927 1215 913
f 1866 1867 1649
f 1363 1586 2160
f 915 901 1217
f 904 1217 901
f 200 1218 199
f 278 922 1218
f 928 925 1496
f 319 1219 1498
f 275 1220 258
f 814 1220 924
f 913 1221 929
f 930 931 1221
f 3018 3019 911
f 702 1662 1951
f 1223 359 1225
f 1223 932 1501
f 1224 415 934
f 1225 933 939
f 1225 939 1226
f 359 1224 1225
f 1228 939 1227
f 932 1223 1226
f 937 1682 1965
f 932 1228 1229
f 939 1228 1226
f 1229 1228 1227
f 1230 1229 1227
f 1504 1082 1691
f 1666 1227 1965
f 1090 1230 1667
f 932 1229 1231
f 1231 1229 1504
f 1505 941 601
f 836 370 1232
f 1212 1233 439
f 502 1233 947
f 946 1234 943
f 1235 1234 948
f 1235 948 1237
f 494 574 1506
f 4843 948 945
f 1236 1240 1241
f 948 4843 1240
f 1237 1236 4878
f 3817 3809 3819
f 3821 3817 3819
f 1534 1533 2315
f 1506 1694 1262
f 948 1240 1237
f 1241 1240 1238
f 1739 2603 2879
f 2027 1533 1695
f 2033 1698 2032
f 2032 1508 1242
f 454 1243 408
f 1243 455 950
f 459 1244 412
f 1244 460 965
f 413 980 1701
f 1245 975 1511
f 462 1246 413
f 1246 463 977
f 1247 632 1248
f 582 1247 983
f 1316 1563 1562
f 1316 1562 1314
f 983 1247 1249
f 1248 1249 1247
f 985 1250 976
f 1701 1250 986
f 427 1251 375
f 1251 428 992
f 1521 1522 1523
f 1011 1516 1263
f 1512 655 662
f 532 1004 1253
f 588 1254 604
f 1705 1254 564
f 4856 1529 1717
f 2035 2319 2318
f 1006 1256 536
f 385 1256 810
f 1007 337 1514
f 1257 1007 1258
f 1707 859 3670
f 1707 1258 1204
f 1515 1708 1707
f 433 4848 563
f 1258 1260 1257
f 1261 1260 1259
f 1722 4001 1721
f 1529 1528 563
f 1262 494 1506
f 1262 1009 1267
f 1517 375 995
f 1263 1517 1519
f 534 1015 1528
f 1264 1014 1713
f 569 1265 538
f 1265 570 1016
f 1531 1266 544
f 144 1266 1024
f 1267 1009 1532
f 1022 1024 1267
f 1272 1271 1268
f 1270 1034 1269
f 1270 1269 538
f 573 1269 1034
f 1019 1268 1270
f 1271 1270 1268
f 1272 1268 1026
f 1034 1271 1273
f 1026 1023 1725
f 1727 1281 1539
f 1272 1276 1271
f 1276 1274 1275
f 1026 1536 1272
f 1410 1413 1419
f 1276 1275 1273
f 1274 4911 1275
f 1271 1276 1273
f 1276 1272 1278
f 1536 2054 2600
f 1281 1056 1537
f 2054 1725 2052
f 2185 1154 1161
f 1033 1279 1030
f 1280 1279 1035
f 1280 1035 1281
f 1031 1280 1058
f 1035 1538 1281
f 1538 1539 1281
f 4838 1282 508
f 1285 1284 1282
f 1287 1288 1286
f 1290 1544 1296
f 1291 1284 1283
f 1292 1284 1291
f 1288 1287 1285
f 1283 1284 1285
f 1290 1296 1286
f 1287 1286 1541
f 1288 1285 1039
f 1287 1541 1540
f 670 1293 1039
f 1293 657 1290
f 1429 1430 4851
f 1391 1382 1386
f 2086 1544 1545
f 1286 1288 1290
f 1295 1283 1540
f 954 1291 962
f 956 1292 954
f 963 1284 1292
f 1039 1293 1288
f 657 1293 670
f 1737 1736 1053
f 1420 1425 1416
f 2238 1848 2236
f 1848 2238 2439
f 1296 1729 2084
f 1286 1542 1541
f 587 1297 1042
f 1043 1548 1298
f 1298 602 622
f 430 1297 1298
f 1745 1744 1321
f 1043 1299 1548
f 565 1300 1055
f 1031 1300 607
f 676 412 1301
f 968 1301 412
f 973 1302 964
f 1075 1302 974
f 1303 1072 1304
f 1077 1303 1069
f 1086 1304 1072
f 1070 1304 1063
f 1079 1076 1556
f 1680 2024 1095
f 1783 2374 1555
f 1415 1424 1843
f 1309 1557 1091
f 1558 1555 1780
f 1078 1308 1076
f 1088 1308 1083
f 1088 1309 1091
f 1096 1309 1085
f 1061 1099 1310
f 659 1310 1099
f 1080 1552 1779
f 1311 1087 1312
f 1315 1560 1314
f 1314 1311 1315
f 1319 1315 1318
f 1316 2145 1559
f 1315 1311 1312
f 1314 1313 2146
f 1799 1317 2139
f 1315 1312 1318
f 1805 981 1559
f 1320 1562 1563
f 1795 1089 2137
f 2040 1706 2039
f 1312 1778 2139
f 1319 1318 1317
f 2095 2093 677
f 2379 984 1805
f 1562 1320 1061
f 616 1320 632
f 1321 2093 1752
f 1549 1548 1299
f 1138 1322 719
f 1131 1322 1113
f 257 685 1323
f 1105 1323 685
f 1811 1812 1570
f 1119 4886 1863
f 1325 742 1807
f 738 1325 1120
f 2149 1325 1807
f 693 1568 694
f 1328 1327 667
f 1329 1327 1122
f 1330 667 660
f 1331 740 4839
f 1329 1122 4839
f 619 1329 584
f 1335 1330 660
f 1333 1330 1123
f 1330 1333 1328
f 1331 1333 1334
f 1340 1342 1332
f 1336 1348 1353
f 1334 1333 1123
f 1331 1328 1333
f 1334 1123 1339
f 1349 1350 1334
f 666 653 2193
f 1335 1332 1338
f 1342 1344 1332
f 1574 1356 1347
f 653 1590 646
f 1630 1481 1462
f 1332 1344 1346
f 1338 1351 1123
f 1338 1346 1351
f 1349 1339 1574
f 1830 1335 660
f 2194 1342 1340
f 1676 1680 1095
f 4850 1415 1417
f 2194 1340 1337
f 1341 2692 1344
f 1630 1465 1473
f 1650 907 910
f 1341 1344 1342
f 1343 1345 1346
f 2749 2750 3012
f 1339 1348 1336
f 1343 1346 1344
f 1345 1348 1351
f 1336 1355 1356
f 1356 1808 1347
f 1123 1348 1339
f 1949 1353 1348
f 1574 1339 1336
f 1347 1807 1350
f 740 1572 742
f 1572 740 1331
f 1345 1351 1346
f 1123 1351 1348
f 1343 2946 2846
f 2408 1341 2194
f 1949 1348 1345
f 1352 4890 1355
f 1872 1874 1868
f 1813 3012 3013
f 1352 1355 1353
f 1355 1354 1356
f 1808 1809 1811
f 1570 694 1568
f 1358 1357 758
f 751 747 1357
f 1358 758 1820
f 751 1358 757
f 1816 1576 1815
f 758 1359 1819
f 1361 1360 723
f 1135 1138 1360
f 1654 2760 2761
f 1141 1362 1580
f 1135 1578 1362
f 1362 1578 1579
f 2160 1586 2161
f 1395 1383 1390
f 792 1364 788
f 1160 1153 1364
f 874 1162 1365
f 1164 1365 1162
f 1372 1366 366
f 239 1366 1169
f 1606 1605 1597
f 1588 1589 618
f 1608 988 989
f 471 1368 418
f 1171 1369 324
f 1368 1369 1172
f 1371 1370 325
f 1372 1370 1173
f 798 1167 1371
f 1609 1371 1167
f 1173 809 1372
f 1169 1372 809
f 1603 1601 1604
f 1170 1599 1594
f 1329 1374 584
f 739 1174 1374
f 1613 815 1385
f 1612 1375 1613
f 1376 1378 1379
f 4901 2231 4900
f 1175 321 1614
f 1378 1377 1177
f 825 1378 1177
f 1378 1376 1380
f 1388 1381 1384
f 825 1384 1379
f 1380 1376 1386
f 1386 1385 1380
f 1399 1392 1394
f 1405 1616 1402
f 1376 1379 1387
f 1616 1838 1391
f 1397 1389 1394
f 1382 1391 1838
f 1388 1384 825
f 1390 1384 1381
f 1382 2229 2232
f 593 1612 1613
f 1376 1387 1391
f 1385 1386 1382
f 1390 1379 1384
f 1616 1387 1383
f 824 1388 825
f 822 828 1389
f 1394 1389 828
f 1381 1388 1389
f 1397 1401 1381
f 1387 1390 1383
f 1395 1402 1383
f 1838 1616 1405
f 1400 1392 1617
f 1397 1381 1389
f 1401 1400 1393
f 1618 1417 1418
f 4879 1399 1394
f 1394 1392 1397
f 1401 1390 1381
f 1404 1402 1395
f 1700 4879 1699
f 1849 962 1847
f 1400 1397 1392
f 1395 1401 1393
f 1393 1411 1409
f 1404 1412 1398
f 4879 1394 828
f 1845 1406 1399
f 1399 1406 1392
f 1408 1617 1406
f 1401 1395 1390
f 1400 1401 1397
f 1404 1395 1393
f 1398 1618 1402
f 1426 1433 1422
f 1398 1402 1404
f 1404 1393 1409
f 1404 1413 1412
f 1412 1417 1398
f 1418 1839 1618
f 1845 1399 1396
f 1406 1403 1408
f 1431 1433 1426
f 1423 1424 4850
f 1442 1448 1447
f 1409 1411 1407
f 1411 1393 1400
f 1413 1409 1407
f 1419 1420 1416
f 2189 1593 2187
f 1617 1411 1400
f 1414 1411 1408
f 1413 1404 1409
f 4850 1417 1412
f 1420 1419 1413
f 1412 1413 1410
f 1428 1435 1433
f 2059 2077 2078
f 1423 1410 1419
f 4869 1689 1688
f 1414 1431 1426
f 1483 1478 1480
f 4850 1412 1410
f 1417 1415 1418
f 1669 1503 1672
f 1839 1838 1405
f 1420 1413 1407
f 4851 1423 1419
f 1414 1426 1407
f 1420 1426 1425
f 1429 1416 1425
f 1421 1423 4851
f 1441 2723 1440
f 1422 1439 1444
f 4851 1419 1416
f 1423 1421 1424
f 1967 1676 1671
f 1668 1669 1093
f 1420 1407 1426
f 4852 1429 1425
f 1432 1408 1403
f 1422 1425 1426
f 1440 1439 1435
f 1883 2151 1882
f 1438 1434 1435
f 2966 1436 1447
f 4852 1425 1422
f 1429 1427 1430
f 2447 1638 2262
f 1789 1777 1783
f 1620 1414 1408
f 1431 1428 1433
f 1428 1431 1432
f 1431 1414 1620
f 1436 1438 1442
f 1450 3167 4853
f 2606 2605 1730
f 1422 1433 1439
f 1442 1438 1435
f 1435 1434 1440
f 1442 1447 1436
f 1449 2966 1447
f 1446 1434 1438
f 1429 4852 1427
f 1442 1435 1428
f 2966 2967 1436
f 1435 1439 1433
f 1439 1437 1444
f 1440 1434 4853
f 1439 1440 1437
f 1274 1278 2342
f 2573 2577 2578
f 1432 1448 1428
f 1448 1403 1621
f 2084 1728 1542
f 1450 4853 1446
f 4925 2722 2723
f 2017 2010 2012
f 1621 1403 1622
f 1849 3335 4885
f 1436 1446 1438
f 1446 1443 1450
f 1442 1428 1448
f 1447 1445 2971
f 1403 1448 1432
f 1445 1447 1448
f 2739 1849 2970
f 2236 2235 1289
f 1542 1728 1289
f 1281 1727 1056
f 1451 839 1850
f 835 1451 1178
f 2258 1451 1850
f 806 1625 807
f 1454 1453 673
f 1455 1453 1180
f 1456 673 668
f 1457 837 4840
f 1455 1180 4840
f 637 1455 601
f 1461 1456 668
f 1459 1456 1181
f 1456 1459 1454
f 1457 1459 1460
f 1468 1458 1466
f 1477 1476 1474
f 1460 1459 1181
f 1457 1454 1459
f 1460 1181 1465
f 1476 1477 1460
f 1466 5061 1463
f 1461 1458 1464
f 1458 1468 1470
f 2198 1607 2197
f 1463 1861 1469
f 1853 1635 1197
f 1464 1475 1473
f 1473 1465 1181
f 1473 1181 1464
f 1476 1465 2440
f 668 1466 1461
f 1469 1468 1466
f 1469 3362 3361
f 1479 1480 1478
f 1469 1466 1463
f 1468 1467 4854
f 654 1860 1861
f 3362 1472 3361
f 1485 4929 1484
f 1481 1630 1479
f 1526 1527 1518
f 1639 1636 1635
f 1633 1635 1638
f 1771 2629 2635
f 1475 1464 1458
f 1473 1475 1479
f 1462 2245 2244
f 1627 807 1625
f 1458 1470 1475
f 1480 1479 1475
f 2440 1465 1462
f 1474 1850 1477
f 837 1629 839
f 1629 837 1457
f 1485 1484 1470
f 1851 2249 2250
f 1480 1475 1470
f 1479 1478 1481
f 1480 1470 1484
f 1484 1483 1480
f 2422 2241 1628
f 1850 2239 1626
f 2261 2263 1854
f 2493 2489 2491
f 1483 1482 1852
f 1593 1596 2187
f 1485 1470 4854
f 1483 1484 1482
f 3361 3194 1467
f 3192 1472 2470
f 373 1182 1486
f 1190 1486 1182
f 1490 1489 1487
f 1522 1526 1518
f 1489 1488 1199
f 1488 1489 1490
f 1197 1632 1199
f 1489 1199 1632
f 1487 1525 4855
f 1646 1490 4855
f 794 1491 322
f 1491 360 1492
f 360 1648 1492
f 914 918 1862
f 1494 1493 793
f 905 1493 1214
f 1165 1494 793
f 281 1214 1494
f 1652 1216 1653
f 1579 1361 1583
f 1500 1497 1499
f 319 1498 1108
f 1659 1657 1497
f 1658 1498 1499
f 1219 1496 1498
f 1498 1496 1499
f 1500 1499 931
f 1499 1497 1658
f 931 930 1500
f 1954 930 1663
f 1231 1665 932
f 969 1665 1231
f 1502 1681 1677
f 1668 1090 1667
f 1503 1667 1666
f 1686 4862 1684
f 1692 1229 1230
f 1693 1090 1092
f 1455 1505 601
f 836 1232 1505
f 574 944 1507
f 1506 1239 1694
f 1239 1507 1235
f 574 1507 1506
f 1242 953 2033
f 827 1699 828
f 975 1245 1509
f 1245 413 1701
f 984 985 2143
f 2318 629 1703
f 1703 1511 975
f 1704 1511 1703
f 648 1512 662
f 532 1253 1512
f 1705 1513 1005
f 1513 1255 2039
f 337 852 1514
f 1204 1514 852
f 3127 3304 3490
f 2906 4935 2908
f 1012 1516 1011
f 1516 480 528
f 1517 1520 1519
f 375 1517 1263
f 1518 1519 1520
f 1518 1520 1522
f 1520 1517 1252
f 1518 1711 2043
f 1001 1523 1252
f 1523 1525 1521
f 1487 1489 1637
f 1710 1527 1709
f 1523 1522 1520
f 1521 1856 1526
f 1252 1523 1520
f 1523 1001 1525
f 1643 1521 1525
f 1710 1709 654
f 1001 998 4855
f 1643 1525 1487
f 1521 1526 1522
f 1527 1526 1524
f 1527 1524 1709
f 1527 636 1711
f 563 4848 1529
f 1264 1528 4856
f 1720 1717 1529
f 1716 1714 1014
f 1714 1530 1713
f 2045 1513 1705
f 1266 1531 1024
f 1262 1531 544
f 1533 1532 1009
f 1027 1534 1028
f 1695 1239 1696
f 1695 1696 2027
f 1020 1532 1534
f 1533 1534 1532
f 1021 1535 1020
f 1022 1267 1535
f 1725 1536 1026
f 1534 2315 1028
f 1057 1537 1056
f 1280 1537 1058
f 4849 1538 1035
f 1539 1538 1277
f 4911 2342 2344
f 2601 2342 2343
f 1287 1540 1283
f 2235 1540 1289
f 1542 1286 1296
f 1289 1540 1541
f 1729 1296 1294
f 1289 1541 1542
f 2085 1736 1738
f 1730 1543 1729
f 1731 657 663
f 1294 1296 1544
f 1732 1545 1731
f 1545 1732 1734
f 430 1546 482
f 622 1546 1298
f 1297 1547 1043
f 4832 1547 587
f 679 1744 1299
f 602 1548 1550
f 1321 1103 1745
f 1748 1549 1746
f 1549 1748 1548
f 1745 1746 1549
f 1747 1551 1746
f 1551 1757 623
f 2137 1089 1305
f 1778 1552 1306
f 1675 1093 1669
f 1794 1791 1782
f 1556 1554 1079
f 1554 1307 1780
f 1557 1558 1780
f 1792 1306 1795
f 1091 1556 1076
f 1554 1556 1307
f 1557 1097 1558
f 1307 1091 1557
f 2024 1097 1095
f 1781 1558 1553
f 2145 2146 1806
f 1560 1561 4880
f 1315 1319 1560
f 1561 1560 1319
f 1800 1317 1799
f 2890 2894 2892
f 1314 1562 1061
f 1316 1559 1563
f 1248 632 1563
f 1320 1563 632
f 1984 1979 1785
f 1642 1634 1641
f 692 1565 1105
f 1324 4887 1566
f 1118 1566 1117
f 1116 1565 1566
f 688 1567 686
f 695 1326 1567
f 1567 1568 686
f 1326 2149 1570
f 2149 1120 1325
f 4882 1810 1809
f 1326 1570 1568
f 1570 1569 1811
f 1810 1571 1809
f 1812 3015 694
f 1334 1572 1331
f 742 1572 1350
f 1889 1879 1890
f 1495 1651 1652
f 1349 1574 1347
f 1336 1356 1574
f 1136 1575 1134
f 1815 1575 1133
f 1579 1580 1362
f 2658 1818 2384
f 1815 1817 1359
f 4858 4859 1576
f 1360 1578 1135
f 1579 1578 1361
f 1583 1361 1584
f 4857 1576 1816
f 1583 1585 1579
f 1580 1579 1585
f 1652 4861 1495
f 2156 784 2154
f 4857 4860 1582
f 787 2152 2153
f 1361 1824 1584
f 1583 1581 1585
f 2159 721 2385
f 1962 1961 1661
f 2485 2496 2505
f 2162 2164 2166
f 2160 2161 1826
f 1586 1363 2186
f 1170 1587 1172
f 1588 1587 1367
f 1589 1588 1367
f 1588 618 990
f 1367 1594 1592
f 1592 1589 1367
f 618 1589 1590
f 1592 1596 1589
f 1604 1601 1597
f 1829 1595 1598
f 1594 1367 1170
f 1603 2190 1591
f 1591 1601 1603
f 1829 1598 1337
f 1600 1597 1599
f 1591 1592 1594
f 1596 1590 1589
f 1595 1593 1598
f 2188 1592 1591
f 1595 1596 1593
f 1594 1601 1591
f 1599 1601 1594
f 1593 2189 2195
f 1337 1598 1832
f 1600 1599 1170
f 1599 1597 1601
f 1171 1600 1170
f 1600 809 1606
f 1605 1834 1604
f 1607 2200 1834
f 807 2422 2420
f 2199 2198 1835
f 2202 2407 1603
f 2188 1591 2190
f 1605 1604 1597
f 1603 1604 1602
f 1600 1606 1597
f 1373 1607 1834
f 809 1173 1606
f 1833 1606 1173
f 1610 1373 1609
f 1835 2415 2199
f 418 1368 1608
f 988 1608 1368
f 1610 1609 1167
f 1609 1373 1833
f 805 2417 2197
f 1373 1610 2197
f 452 1611 404
f 1175 1611 356
f 593 608 1837
f 404 1375 1612
f 815 1613 1375
f 1613 1385 4901
f 1177 1614 820
f 1175 1614 1377
f 2223 1840 2222
f 1615 1842 2229
f 1387 1616 1391
f 1402 1616 1383
f 1406 1617 1392
f 1411 1617 1408
f 1402 1618 1405
f 1417 1618 1398
f 2233 2434 2435
f 2234 1421 1430
f 1408 1432 1620
f 1431 1620 1432
f 1406 1845 1403
f 1445 1448 1621
f 1846 1622 1396
f 1621 1622 2972
f 1295 1540 2235
f 2972 3169 2739
f 801 1624 799
f 808 1452 1624
f 1624 1625 799
f 1452 2258 1627
f 1451 2258 1178
f 2240 2239 1474
f 1452 1627 1625
f 1626 2241 2422
f 2245 1851 2244
f 1607 1373 2197
f 1460 1629 1457
f 839 1629 1477
f 1465 1630 1462
f 1479 1630 1473
f 1482 4929 2741
f 1889 1877 1879
f 1635 1632 1197
f 1489 1636 1637
f 2260 1202 2261
f 2468 2746 2467
f 1639 1641 1634
f 1856 1643 1855
f 1635 1853 1638
f 1639 1635 1633
f 1635 1636 1632
f 1636 1634 1637
f 1634 1642 1644
f 1487 1637 1643
f 1763 1765 2135
f 2261 1772 2263
f 1633 2452 1641
f 1636 1639 1634
f 2136 1776 1765
f 2457 2459 1640
f 1633 1641 1639
f 1642 1641 1640
f 1640 2453 2457
f 1857 1524 1856
f 1634 1644 1637
f 1637 1855 1643
f 1855 1642 1645
f 1637 1644 1855
f 1858 2747 1859
f 1524 1526 1856
f 999 1646 998
f 997 1490 1646
f 1214 1647 905
f 1491 1492 1647
f 282 1648 360
f 1863 1648 1119
f 1863 1492 1648
f 1649 1492 1863
f 1651 1650 901
f 1650 1495 2764
f 1652 1651 1216
f 1650 1651 1495
f 1653 1216 909
f 721 2159 1584
f 909 917 2150
f 1653 909 2266
f 1656 1652 1653
f 1878 1573 1876
f 2150 1814 2151
f 1656 1654 4861
f 1882 1573 1878
f 1871 1876 1573
f 1659 1497 1222
f 700 1660 699
f 1497 1657 1658
f 1108 1658 1657
f 1222 1957 1962
f 1659 1661 1660
f 701 1657 1660
f 1659 1660 1657
f 2385 717 2387
f 699 1661 1662
f 1957 1222 1955
f 711 702 1951
f 2663 1584 2159
f 1951 1662 1964
f 520 1664 466
f 1223 1664 416
f 971 1665 969
f 932 1665 1501
f 1227 939 1965
f 1666 1502 1673
f 1666 1667 1230
f 1668 1667 1503
f 1669 1668 1503
f 1668 1093 1094
f 1673 1670 1672
f 1966 1675 1676
f 1673 1677 1670
f 1675 1674 4876
f 1669 1672 1674
f 4876 4865 4875
f 1673 1672 1503
f 1670 4862 1672
f 1666 1673 1503
f 1673 1502 1677
f 1684 1670 1677
f 1674 4862 4863
f 1674 1675 1669
f 1676 1675 1671
f 1967 1680 1676
f 1095 1096 1966
f 1679 1681 1682
f 1684 1677 1683
f 2434 1619 1843
f 1971 1975 1979
f 2432 2429 2430
f 1615 1841 1842
f 1981 1680 1678
f 1680 1981 2024
f 1682 1681 1502
f 1681 1679 2428
f 1965 1502 1666
f 1682 937 2025
f 2232 2230 2231
f 2227 1690 2226
f 1687 1689 1685
f 1687 1686 1684
f 4862 1674 1672
f 1684 1683 1687
f 4873 4877 4870
f 1678 1967 1969
f 1683 2427 1689
f 1687 1685 4866
f 2427 2428 2429
f 1840 1841 1839
f 1683 1689 1687
f 1689 4869 4868
f 1841 1615 1839
f 1688 1842 2224
f 972 1691 1082
f 1231 1691 969
f 1693 1692 1090
f 1229 1692 1504
f 1082 1504 1693
f 1693 1504 1692
f 1695 1694 1239
f 1262 1694 1009
f 1696 1239 4878
f 1533 1009 1695
f 2031 2316 1241
f 2030 2027 1696
f 826 1697 821
f 830 1508 1697
f 4883 4884 1846
f 1508 1700 1699
f 1697 1699 821
f 2032 1700 1508
f 4883 1700 1698
f 1396 1399 4879
f 1701 980 1250
f 1245 1701 1509
f 554 1702 515
f 1245 1702 464
f 2317 2034 975
f 1703 975 2034
f 629 641 2037
f 515 1511 1704
f 1254 1705 1005
f 1530 1705 564
f 1255 2044 1718
f 4892 1706 4895
f 859 1707 1204
f 3791 1515 3790
f 1260 1708 1259
f 1258 1707 1708
f 1859 1524 1857
f 1860 1709 1859
f 661 1710 654
f 636 1527 1710
f 2042 636 1013
f 1711 2042 2043
f 1713 1712 1264
f 564 1712 1530
f 1714 1713 1014
f 1712 1713 1530
f 1717 1716 1014
f 1714 2044 2045
f 1717 2046 1716
f 1792 1796 1797
f 1014 4856 1717
f 1716 1715 1718
f 1720 1529 1721
f 1722 1721 1261
f 2047 1715 2046
f 1255 1718 2040
f 3999 4001 4002
f 2289 2647 1804
f 1721 1529 1261
f 1719 4088 1720
f 1722 1261 1259
f 1719 1720 1721
f 1708 1515 3791
f 1259 3791 1722
f 3787 3488 3125
f 1758 1762 1768
f 859 3489 3488
f 2909 2903 2897
f 1028 2050 1023
f 2027 2030 2029
f 2323 2058 2060
f 2059 2062 2077
f 1737 1740 2350
f 1056 1727 2082
f 2875 2604 2348
f 1623 1847 1848
f 1730 1729 1294
f 1543 1728 2084
f 1738 1730 2085
f 2349 2350 2087
f 1732 1731 628
f 657 1731 1545
f 628 640 1733
f 1734 1732 1053
f 1053 1732 1733
f 628 1733 1732
f 1734 1053 1736
f 1734 2085 2086
f 2345 1059 1060
f 1730 1738 1743
f 1053 1050 1737
f 1738 1736 1735
f 2603 1740 1741
f 1735 1736 1737
f 1738 1735 2349
f 2085 1730 1294
f 1727 2602 2082
f 1726 2322 2324
f 1741 1740 1048
f 1740 1739 2350
f 1742 1048 1051
f 1059 2347 2603
f 1742 1051 1049
f 1059 1741 1742
f 1740 2603 1739
f 1443 3162 1450
f 1321 1744 679
f 1549 1299 1744
f 1746 1745 1103
f 1744 1745 1549
f 1747 1746 1103
f 1746 1551 1748
f 1752 1749 1751
f 1763 1750 1756
f 1551 1550 1748
f 1548 1748 1550
f 2102 2111 2125
f 1750 1754 1755
f 1753 1755 1751
f 1760 625 1761
f 1751 1103 1752
f 1753 1751 1749
f 1103 1321 1752
f 2093 1321 677
f 1768 1762 4894
f 1750 1755 1756
f 1755 1754 1747
f 1754 1750 1757
f 1751 1755 1747
f 1755 1753 1756
f 1762 1756 1753
f 2131 2133 1770
f 1760 1757 1750
f 1761 1757 1760
f 2090 2088 2103
f 1768 1773 1758
f 1765 1763 1756
f 1767 1769 1194
f 1766 1750 1763
f 2133 1766 1767
f 625 4829 4830
f 623 1757 1761
f 1749 2092 4894
f 1758 2136 1762
f 1765 1756 1762
f 1766 1763 1759
f 1799 1797 1800
f 1789 1792 1777
f 1198 1769 1772
f 1769 1759 2135
f 1767 1766 1759
f 1750 1766 1760
f 1769 1767 1759
f 1767 1194 1770
f 4894 1762 1753
f 2624 1773 1768
f 1759 1763 2135
f 1769 1198 1201
f 2134 1770 1194
f 1770 845 2131
f 1749 2088 2090
f 1802 1804 1798
f 2136 1775 1776
f 1773 1775 1758
f 2624 1768 1764
f 1771 2636 1775
f 2625 2627 2354
f 2262 1638 2260
f 1771 1775 1773
f 1775 1774 1776
f 1853 2260 1638
f 1772 1765 1776
f 1558 1781 1555
f 1777 2137 2374
f 1306 1799 2139
f 1778 1312 1779
f 1312 1087 1779
f 1087 1080 1779
f 1554 1780 1555
f 1557 1780 1307
f 1784 1781 1553
f 1555 1781 1783
f 1787 1782 1784
f 1791 1794 2142
f 1786 1781 1784
f 1783 1781 1786
f 1981 1984 1553
f 1784 1782 1786
f 1971 1979 1678
f 2712 2711 2234
f 1782 1791 1786
f 1783 1786 1789
f 1984 1784 1553
f 2003 1793 1787
f 1787 1793 1782
f 1802 1798 1801
f 2138 1786 1791
f 1306 1552 1795
f 1969 1971 1678
f 2005 1988 4283
f 1782 1793 1794
f 1788 1796 2138
f 1796 1789 2138
f 1792 1789 1796
f 2003 1787 1785
f 1790 2282 1793
f 1970 1990 1975
f 2376 1319 1317
f 1089 1795 1552
f 1777 1792 1795
f 1796 1801 1797
f 1792 1797 1306
f 1802 1801 1796
f 2139 1317 1318
f 1802 1803 1804
f 2377 1319 2376
f 1306 1797 1799
f 1797 1801 1800
f 1800 1798 2375
f 2649 2376 1800
f 1802 1796 1788
f 1800 1801 1798
f 1803 1802 2142
f 1788 2142 1802
f 2002 2009 2282
f 2023 2314 2016
f 1993 1983 2004
f 2293 2548 2294
f 1559 2145 2147
f 2380 1559 2147
f 4880 1806 2146
f 4880 4881 1806
f 1807 742 1350
f 2149 1807 1569
f 1809 1808 1356
f 1807 1808 1569
f 4882 1356 1354
f 1811 1809 1571
f 1939 1942 1941
f 1911 1893 1909
f 1811 1571 1812
f 1808 1811 1569
f 1812 1571 1813
f 1570 1812 694
f 2473 2748 1810
f 1868 1871 1869
f 914 1649 1867
f 1883 1655 2151
f 1816 1815 1133
f 1817 1815 1576
f 1140 1816 1133
f 1816 1141 4857
f 1576 4857 4858
f 1819 1817 1577
f 3130 3132 2674
f 784 786 2154
f 1817 1819 1359
f 1820 1819 1577
f 1821 1820 1577
f 1820 755 1358
f 1577 2658 1821
f 1823 763 765
f 4859 2658 1817
f 2382 2157 792
f 755 1820 1823
f 1821 1823 1820
f 1361 723 1824
f 723 721 1824
f 1955 1958 1960
f 1891 1892 1656
f 4888 1897 1902
f 1891 1656 1884
f 2062 2061 2067
f 2337 2073 2335
f 1828 2188 2190
f 2194 1832 2408
f 1830 1829 1337
f 1595 1829 646
f 1340 1830 1337
f 2193 660 666
f 2210 2413 2192
f 2476 2478 2474
f 2195 1832 1598
f 2411 1831 2215
f 1833 1173 1371
f 1605 1833 1373
f 1604 1834 1602
f 1373 1834 1605
f 2417 2418 2221
f 1851 2250 2442
f 404 1836 450
f 1612 593 1837
f 1837 608 575
f 1612 1837 1836
f 1405 1618 1839
f 1382 1838 1615
f 1839 1418 1840
f 1615 1838 1839
f 1415 2222 1418
f 1418 2222 1840
f 1840 2226 2225
f 1841 2224 1842
f 2426 1842 1688
f 2229 1382 1615
f 2437 2435 1421
f 2223 2222 2423
f 2438 2712 2713
f 1826 2163 2168
f 1396 1622 1845
f 1403 1845 1622
f 4883 1846 1396
f 3169 3335 1849
f 1847 1295 2235
f 1847 1623 2970
f 1848 2235 2236
f 2439 1623 1848
f 2737 2739 2970
f 960 3335 3334
f 1850 839 1477
f 2258 1850 1626
f 1481 2247 2245
f 2208 2191 2206
f 1852 2741 2446
f 2253 2256 2251
f 1200 1853 1197
f 2260 1853 1202
f 1774 2264 1776
f 2264 1854 2263
f 1642 1855 1644
f 1856 1855 1645
f 1856 1645 1857
f 1521 1643 1856
f 1858 1857 1645
f 1859 1709 1524
f 2464 2469 1642
f 2464 2459 2465
f 1857 1858 1859
f 1858 2746 2747
f 1861 1860 1471
f 654 1709 1860
f 1861 1471 3362
f 1861 1463 5061
f 905 1649 1862
f 914 1862 1649
f 4886 1119 1118
f 1324 4930 4931
f 1813 2749 3012
f 1863 1866 1649
f 1868 1869 1872
f 1871 2265 1869
f 1864 1866 1863
f 1866 1865 1867
f 1867 1865 1869
f 914 1867 2265
f 3011 4946 1864
f 1905 1893 1896
f 1865 4946 1872
f 1876 1871 1868
f 4931 3011 4887
f 1893 1905 1907
f 1573 1814 1871
f 2265 1871 1814
f 1865 1872 1869
f 1870 3010 1874
f 1925 1903 1934
f 1874 1875 1868
f 1870 1874 1872
f 1875 1874 1873
f 1873 1896 1888
f 1914 1923 1922
f 1868 1875 1876
f 1879 1878 1876
f 1878 1879 1877
f 1894 2277 1902
f 1879 1876 1875
f 1882 1878 4888
f 1888 1885 1875
f 1885 1879 1875
f 1897 1877 1889
f 1884 2266 1883
f 1925 1895 1903
f 1890 1898 1886
f 4888 1878 1877
f 1883 1882 1880
f 1884 1883 1880
f 2150 2151 1655
f 2267 1891 1884
f 1656 1653 2266
f 1888 1875 1873
f 1890 1885 1881
f 1881 1888 1912
f 2276 1887 1938
f 1894 1902 1897
f 1656 1892 1654
f 1905 1873 3010
f 1881 1885 1888
f 1890 1879 1885
f 1901 1897 1889
f 1903 1898 1890
f 1889 1890 1886
f 2267 1884 1880
f 1891 1887 1892
f 1894 1922 1937
f 1892 1887 2276
f 1926 1927 1920
f 1896 1912 1888
f 1901 1894 1897
f 1922 1894 1901
f 1904 1915 1930
f 1933 2782 2493
f 1870 3009 3010
f 1893 1900 1912
f 1901 1889 1886
f 1937 1938 2277
f 1903 1890 1881
f 1915 1898 1895
f 4930 692 3014
f 2473 2471 2269
f 1893 1907 1909
f 1898 1903 1895
f 1915 1914 1886
f 1886 1914 1901
f 1887 2267 1902
f 1902 2267 4888
f 2270 1881 1912
f 2272 1934 2271
f 1925 1935 4889
f 1904 1933 1923
f 1873 1905 1896
f 1899 4917 1907
f 2472 2269 2471
f 1354 4890 2755
f 1899 1907 1905
f 2268 1909 1907
f 1920 1936 1921
f 1909 1908 1917
f 2268 1907 1906
f 1917 1911 1909
f 1908 1926 1919
f 1910 1917 1919
f 2271 1911 1910
f 1900 1893 1911
f 1893 1912 1896
f 1912 1900 2270
f 1933 1904 1932
f 2934 2403 2176
f 1915 1886 1898
f 1923 1914 1904
f 4889 1930 1915
f 1914 1915 1904
f 1921 1943 1918
f 1935 3201 4889
f 1919 1917 1908
f 1910 1911 1917
f 2272 1916 1934
f 2273 2272 1910
f 1919 1926 1921
f 1910 1919 1918
f 1926 1908 1927
f 1919 1921 1918
f 1936 1941 1928
f 1942 1352 1948
f 1914 1922 1901
f 2781 1937 1922
f 1904 1930 1932
f 1922 1923 1913
f 1999 1790 2003
f 2016 1998 2011
f 1881 2270 1903
f 1925 1916 1935
f 1927 1908 2268
f 1920 1921 1926
f 2471 1927 1906
f 1939 2756 2755
f 1341 2408 2410
f 1943 1936 1945
f 1933 1913 1923
f 2768 2772 2763
f 4889 1915 1895
f 3024 1932 1930
f 2848 2533 2516
f 2477 2512 2532
f 3024 1930 1924
f 1932 1931 1933
f 2162 2166 2173
f 2691 2935 2406
f 2271 1934 1900
f 1916 1925 1934
f 1943 1944 1918
f 2274 1916 2272
f 2756 1941 1920
f 1936 1928 1945
f 2781 1922 1913
f 1937 1929 1938
f 2481 2276 1938
f 1902 1938 1887
f 2471 3016 1927
f 1355 4890 1354
f 1950 1942 1948
f 1946 1940 1945
f 1920 1941 1936
f 1939 4890 1942
f 1947 1948 1949
f 1928 1941 1942
f 1936 1943 1921
f 1943 1940 4918
f 2476 2477 2475
f 2274 2474 2478
f 1945 1928 2279
f 1943 1945 1940
f 2692 1343 1344
f 2217 2214 2216
f 2515 2517 2518
f 1950 1928 1942
f 1949 1948 1352
f 1948 1947 1950
f 1353 1949 1352
f 1949 1345 2846
f 2845 2510 1950
f 2279 1950 2510
f 1961 1964 1662
f 711 1951 2536
f 700 1952 702
f 699 1662 1952
f 1954 1955 1222
f 1663 1958 1955
f 930 1954 1500
f 1955 1954 1663
f 3018 1959 3019
f 1955 1960 1957
f 2758 1892 2759
f 1960 1953 1957
f 1961 1957 1953
f 1659 1962 1661
f 1663 3019 3020
f 1958 1956 1960
f 2769 907 2765
f 1654 2758 2760
f 2539 1960 1956
f 2397 2393 2400
f 1953 1963 1964
f 1662 1661 1961
f 1222 1962 1659
f 1961 1962 1957
f 2281 2660 2539
f 720 2538 717
f 1953 1964 1961
f 1951 1964 1963
f 937 1965 939
f 1502 1965 1682
f 1675 1966 1093
f 1095 1966 1676
f 4875 1969 1967
f 1678 1680 1967
f 4867 4868 2227
f 1974 1970 1972
f 4875 1967 1671
f 1972 1971 1969
f 1976 1974 1972
f 1974 1989 1970
f 1972 1969 1968
f 1971 1970 1975
f 1976 1968 4871
f 1970 1971 1972
f 4916 2425 2424
f 1976 1972 1968
f 1980 1985 1978
f 1974 1973 1980
f 1980 1983 1989
f 1994 1995 1975
f 4863 1977 4865
f 1973 1974 1976
f 4864 1686 4866
f 1976 4871 4872
f 1985 1987 1978
f 1970 1989 1990
f 1975 1785 1979
f 1785 1787 1984
f 1973 5058 1985
f 1978 2005 1980
f 1981 1553 2024
f 1678 1979 1981
f 4872 4873 5058
f 3507 3330 2436
f 1988 1978 1987
f 1994 1975 1990
f 1984 1787 1784
f 1979 1984 1981
f 1973 1985 1980
f 1982 3509 1987
f 1844 2234 2711
f 1804 2287 2289
f 1982 1987 1985
f 1988 1987 1986
f 2727 1844 2718
f 1790 1999 2002
f 1980 1989 1974
f 1989 1983 1990
f 1993 1990 1983
f 1994 1993 1997
f 1991 2006 2008
f 2282 2009 2284
f 1997 1998 2000
f 1995 1785 1975
f 2005 2004 1983
f 1997 1993 1991
f 1993 1994 1990
f 1994 1992 1995
f 1999 1995 1992
f 2003 1790 1793
f 2006 1996 4282
f 2004 2006 1993
f 1998 1997 1991
f 1994 1997 1992
f 1991 1993 2006
f 1803 2284 2285
f 1992 2000 1999
f 2314 2002 2000
f 1997 2000 1992
f 1998 2314 2000
f 1991 2011 1998
f 2001 2314 2023
f 2000 2002 1999
f 2002 2001 2009
f 1785 1995 2003
f 2003 1995 1999
f 1983 1980 2005
f 2004 1996 2006
f 1988 2005 1978
f 1996 2004 2005
f 4283 4124 4282
f 4282 2008 2006
f 2735 3325 3324
f 2019 2010 2017
f 2008 2007 2012
f 1991 2008 2011
f 2286 2283 2285
f 2142 2284 1803
f 4124 4285 4123
f 2010 2022 2015
f 2015 2008 2012
f 2008 2015 2011
f 2007 4123 2017
f 2012 2010 2015
f 2019 2021 2010
f 2288 2290 2292
f 2079 2066 2080
f 3798 2182 2183
f 2010 2021 2022
f 2015 2313 2016
f 2015 2016 2011
f 2016 2013 2023
f 2007 2017 2012
f 2014 4014 2019
f 2718 1844 2711
f 2089 2371 2091
f 2014 2019 2017
f 2018 5010 2021
f 2126 2118 2123
f 2091 1764 2092
f 2018 2021 2019
f 2021 2020 2022
f 2851 4417 2546
f 2313 2022 2013
f 2301 2544 2543
f 2285 2009 2540
f 1553 1558 2024
f 1097 2024 1558
f 2026 2025 937
f 2025 611 2430
f 938 2026 937
f 2026 626 4827
f 2031 2030 1696
f 2027 2029 2315
f 2063 2060 2055
f 2050 2052 1725
f 1725 2054 1536
f 1023 2050 1725
f 1696 2316 2031
f 2030 2028 2057
f 2599 1241 4903
f 2028 2030 2031
f 2033 2032 1242
f 1700 2032 1698
f 949 4891 953
f 2033 953 4891
f 2379 2381 2655
f 2034 2035 2318
f 1510 2655 2381
f 2289 2288 2298
f 515 2036 552
f 1704 629 2037
f 2037 641 615
f 1704 2037 2036
f 2039 2038 1513
f 669 2038 1706
f 2040 2039 1255
f 2038 2039 1706
f 2320 2321 1718
f 4892 669 1706
f 2320 2047 2048
f 2320 1718 1715
f 2043 2042 1011
f 636 2042 1711
f 1263 2043 1011
f 1518 2043 1519
f 2044 1255 2045
f 1716 2044 1714
f 1513 2045 1255
f 1705 1530 2045
f 1720 2046 1717
f 2047 2046 1723
f 4896 4897 2120
f 2040 1718 2321
f 1723 4090 2047
f 2097 2099 1564
f 3999 4000 4088
f 2113 2102 2098
f 2053 1028 2315
f 2053 2052 2050
f 2053 2029 2056
f 2056 2058 2053
f 2050 1028 2053
f 2052 2051 2054
f 2057 2055 2056
f 2051 2052 2053
f 2322 2054 2051
f 1726 2343 2600
f 2028 2031 2341
f 2054 2322 1726
f 2057 2056 2029
f 2058 2056 2055
f 2030 2057 2029
f 2057 2028 2064
f 2060 2058 2055
f 2053 2058 2051
f 2062 2060 2063
f 2060 2062 2059
f 2332 2063 2064
f 2060 2059 2323
f 2332 2061 2063
f 2066 2067 2070
f 2333 2070 2061
f 2077 2067 2079
f 2064 2063 2055
f 2061 2062 2063
f 2057 2064 2055
f 2028 2065 2332
f 2073 2068 2335
f 2073 2071 2072
f 2070 2072 2066
f 2083 2604 2875
f 2061 2332 2333
f 2067 2066 2079
f 2334 2336 2335
f 2073 2337 3738
f 2074 2066 2072
f 1743 1738 2349
f 2061 2070 2067
f 2073 2072 2070
f 2160 2164 1363
f 2862 2586 2583
f 2073 2070 2068
f 2074 2072 2071
f 2334 2068 2333
f 1363 2170 2178
f 3439 3583 2076
f 2591 2596 2583
f 4111 4110 4113
f 2174 3816 3817
f 3811 3924 4078
f 1363 2164 2170
f 2067 2077 2062
f 2077 2069 2569
f 2069 2079 2080
f 1275 4911 1277
f 2080 2066 2074
f 2077 2079 2069
f 2610 2874 2352
f 2327 2328 2329
f 2325 1726 2324
f 2325 2326 1726
f 2872 2346 5062
f 1059 2082 2347
f 2605 1543 1730
f 2604 2083 2237
f 1296 2084 1542
f 1543 2084 1729
f 2086 2085 1294
f 1736 2085 1734
f 1544 2086 1294
f 1734 2086 1545
f 2325 2331 2326
f 2601 2326 2081
f 1564 2103 2088
f 1749 1752 2088
f 2097 2094 2100
f 1764 2091 2354
f 2091 2090 2089
f 2092 2090 2091
f 2103 2102 2089
f 2123 2125 2111
f 1764 1768 4894
f 1749 2090 2092
f 2096 2094 2095
f 1564 1752 2093
f 2101 2100 2094
f 2095 2097 2093
f 2096 2095 677
f 2097 2095 2094
f 678 2096 677
f 669 4892 4893
f 2100 2099 2097
f 2093 2097 1564
f 2101 2041 2105
f 2120 2110 2116
f 2102 2099 2098
f 2103 2099 2102
f 2094 4893 2101
f 2098 2099 2100
f 2119 2105 2106
f 2098 2100 2101
f 2101 2105 2107
f 2109 2114 2113
f 2103 2089 2090
f 1564 2099 2103
f 2112 2108 2109
f 2101 2107 2098
f 2106 2105 2041
f 2105 2104 2107
f 4895 2106 2041
f 2119 2116 2104
f 2109 2107 2104
f 2098 2107 2113
f 2116 2110 2112
f 2371 2125 2127
f 2116 2112 2109
f 2109 2108 2114
f 4921 2305 2307
f 2121 2108 2122
f 2114 2115 2111
f 2111 2115 2123
f 2116 2109 2104
f 4914 2122 2112
f 2109 2113 2107
f 2102 2113 2111
f 2115 2114 2108
f 2113 2114 2111
f 2108 2112 2122
f 2121 2355 2115
f 2104 2105 2119
f 2119 4896 2116
f 2366 2369 2370
f 2372 2130 2628
f 2115 2108 2121
f 2129 2130 2372
f 2048 4896 2106
f 2119 2106 4896
f 4897 2048 2047
f 2049 4089 4211
f 2297 2304 2299
f 2303 2308 2297
f 4914 2112 2110
f 2121 2122 2117
f 2115 2355 2126
f 2123 2118 2125
f 2358 2356 2357
f 2841 2840 3571
f 2118 2372 2125
f 2102 2125 2371
f 2115 2126 2123
f 4912 2129 2126
f 2118 2126 2129
f 1771 1773 2624
f 2550 2304 2311
f 1631 1852 2446
f 4912 2126 2124
f 2129 2128 2130
f 2884 2128 2882
f 2626 2634 2632
f 625 1760 2131
f 2131 1760 2133
f 846 2132 845
f 2132 639 4829
f 1766 2133 1760
f 1770 2133 1767
f 1196 2134 1194
f 4898 1186 847
f 1765 1772 2135
f 1769 2135 1772
f 1762 2136 1765
f 1775 2136 1758
f 2374 1305 1555
f 1795 2137 1777
f 1786 2138 1789
f 1788 2138 1791
f 1312 2139 1318
f 1306 2139 1778
f 2285 2287 1803
f 3119 2148 3117
f 2648 2649 2375
f 2378 2377 2141
f 1791 2142 1788
f 2284 2142 1794
f 981 1805 2143
f 984 2143 1805
f 2379 2380 4915
f 2034 1510 2657
f 2146 2145 1316
f 2147 2145 1806
f 1314 2146 1316
f 2146 1313 4880
f 2148 2147 1806
f 2380 2147 4915
f 2378 2650 2377
f 2654 2886 2549
f 1570 2149 1569
f 1120 2149 1326
f 909 2150 1655
f 917 1814 2150
f 1814 1573 2151
f 1882 2151 1573
f 1821 2152 763
f 2153 2152 1822
f 2158 2685 2383
f 2156 2382 784
f 787 2153 2154
f 2156 2154 2383
f 2158 2153 1822
f 2932 2684 2404
f 2383 2154 2153
f 2156 2155 2157
f 2168 2171 2165
f 792 2163 2161
f 1822 2384 2158
f 2674 2673 2669
f 721 722 2385
f 2664 2663 2159
f 2161 1586 1160
f 2166 2164 2160
f 1160 792 2161
f 2163 792 2157
f 3416 3417 3414
f 3798 2167 2170
f 2171 2168 2163
f 1826 2161 2163
f 2166 2160 1826
f 3797 3798 2183
f 2179 2171 2180
f 2666 2664 2665
f 2172 1826 2168
f 1826 2172 2166
f 2182 2162 2173
f 2186 2178 1827
f 2171 2163 2157
f 2168 2165 2172
f 2171 2179 2165
f 2169 2934 2936
f 3798 2164 2162
f 2167 2174 2178
f 2155 2180 2157
f 2180 2155 2685
f 2176 2172 2165
f 2172 2403 2173
f 2172 2173 2166
f 2169 2938 2182
f 3682 3500 3151
f 3923 3739 3921
f 1584 2663 2667
f 2405 2179 2181
f 2181 2176 2405
f 4069 3198 4067
f 2169 2403 2934
f 2574 2577 2573
f 2167 2178 2170
f 1827 2178 2174
f 2171 2157 2180
f 2179 2175 2181
f 2155 2383 2685
f 2179 2180 2684
f 2401 2671 2677
f 2394 2665 2392
f 2169 2182 2173
f 2182 2177 2183
f 2941 2177 2938
f 3683 3500 2183
f 2186 2184 1586
f 1827 4008 2185
f 2185 1161 1150
f 1827 2185 2184
f 2178 2186 1363
f 2184 2186 1827
f 1596 1592 2188
f 2189 2187 1828
f 1828 2187 2188
f 1596 2188 2187
f 1828 2190 2192
f 1831 2409 2195
f 2202 1603 1602
f 2200 1607 2198
f 2191 2202 2203
f 2190 2407 2192
f 2191 2203 2206
f 2192 2208 2210
f 1829 2193 646
f 660 2193 1830
f 1342 2194 1341
f 1337 1832 2194
f 1593 2195 1598
f 2189 1831 2195
f 2189 2413 2219
f 1831 2411 2409
f 805 2197 1610
f 2198 2197 1835
f 2197 2417 1835
f 2200 1602 1834
f 2204 2203 2201
f 2198 2201 2200
f 2201 2198 2199
f 2202 2191 2407
f 2201 2199 2204
f 2203 2202 2200
f 1602 2200 2202
f 2203 2200 2201
f 2421 2947 2415
f 2203 2207 2206
f 2209 2211 2218
f 2192 2191 2208
f 2205 2206 2207
f 2210 2213 2215
f 2207 2203 2204
f 2206 2205 2208
f 2947 2697 2700
f 2257 2250 2249
f 2211 2208 2205
f 2189 1828 2413
f 2205 2207 2414
f 1946 2279 2510
f 2213 2208 2211
f 2215 2213 2216
f 2696 2218 2211
f 2213 2211 2209
f 2199 2700 2204
f 1946 2511 2512
f 2213 2209 2216
f 2208 2213 2210
f 2220 4899 2218
f 2847 4934 2217
f 2411 2215 2214
f 2219 1831 2189
f 2216 2209 4899
f 2215 2216 2214
f 2217 4899 2220
f 2475 3039 2478
f 2696 2211 2205
f 2218 2212 2220
f 2210 2215 2219
f 1831 2219 2215
f 2701 2699 2443
f 2212 2414 2948
f 807 2419 802
f 807 2420 2419
f 1843 2423 1415
f 2223 1843 1619
f 2424 2223 1619
f 2225 2226 1690
f 2225 1841 1840
f 4869 2224 1690
f 1690 2224 2225
f 1841 2225 2224
f 1840 2223 2226
f 2226 2223 2424
f 2227 2424 2425
f 4864 1977 4863
f 2426 1688 2427
f 2427 2429 2228
f 1842 2230 2229
f 1382 2232 1385
f 2426 2230 1842
f 2228 2431 2433
f 609 2433 2431
f 2231 2433 4900
f 2230 2232 2229
f 1385 2232 2231
f 1843 2435 2434
f 2233 4926 2728
f 1427 2713 2712
f 1844 4926 2437
f 2236 1289 1728
f 1847 2235 1848
f 1728 2237 2236
f 2236 2237 2238
f 2604 1728 1543
f 2738 1449 2737
f 2965 2237 2083
f 2439 2964 2738
f 1474 2440 2240
f 1626 2239 2241
f 2242 2244 1851
f 2243 2242 2241
f 2240 2243 2239
f 2244 2242 2243
f 2242 2442 2248
f 1628 2241 2242
f 2239 2243 2241
f 2243 2240 2244
f 2240 1462 2244
f 2245 1462 1481
f 1478 2247 1481
f 2253 2255 1483
f 2249 1851 2245
f 2441 2698 2699
f 2253 1483 2444
f 2245 2247 2249
f 2416 2710 2697
f 2697 2710 2248
f 2252 2247 2255
f 2442 2246 2248
f 2249 2247 2252
f 2252 2257 2249
f 2251 2256 2740
f 2254 2443 2250
f 2247 1478 2255
f 2257 2252 3186
f 2444 1483 1852
f 2251 2252 2253
f 3187 3185 3186
f 2218 2696 2212
f 1483 2255 1478
f 2252 2255 2253
f 1852 1631 2256
f 2256 2973 2740
f 3186 2252 2251
f 2250 2257 2254
f 1627 2258 1626
f 1178 2258 1452
f 2462 2262 2744
f 2363 4912 2361
f 2261 1202 1198
f 2262 2260 1854
f 1772 2261 1198
f 1854 2260 2261
f 2637 4923 1774
f 1633 1638 2447
f 1772 1776 2263
f 2264 2263 1776
f 2462 2448 2450
f 4923 2744 2264
f 914 2265 1814
f 1869 2265 1867
f 1883 2266 1655
f 1656 2266 1884
f 1891 2267 1887
f 4888 2267 1880
f 1909 2268 1908
f 1906 1927 2268
f 2472 1906 4917
f 2749 1571 2748
f 1900 1934 2270
f 1903 2270 1934
f 1911 2271 1900
f 2271 1910 2272
f 2273 1910 1918
f 2272 2273 2274
f 1918 1944 2273
f 1944 2474 2273
f 2274 2273 2474
f 1916 2274 2479
f 2484 2486 2488
f 2389 2392 1825
f 2481 1938 1929
f 2275 3022 2759
f 1937 2277 1894
f 1938 1902 2277
f 2694 2412 2695
f 2512 2477 2844
f 1945 2279 1946
f 1928 1950 2279
f 1963 2390 1951
f 2389 2385 2387
f 3018 2769 1959
f 2484 2482 2483
f 1793 2282 1794
f 2002 2282 1790
f 2546 4920 2545
f 2287 2283 2290
f 2282 2284 1794
f 2285 2284 2009
f 2540 2009 2001
f 2285 2283 2287
f 2001 2023 2286
f 2023 2545 2543
f 2290 2289 2287
f 1803 2287 1804
f 2541 2283 2286
f 2650 2378 2653
f 2298 2288 2547
f 2298 2853 2647
f 2542 2292 2290
f 2288 2289 2290
f 2295 2302 2293
f 2288 2292 2294
f 2542 2290 2283
f 2295 2294 2292
f 2294 2295 2293
f 2293 2307 2312
f 2295 2292 2291
f 2294 2548 2547
f 2299 2303 2297
f 2295 2291 2299
f 2307 2293 2302
f 2296 2548 2312
f 4414 4415 2852
f 3673 4003 3129
f 2549 2298 2296
f 2375 2647 2853
f 2544 2303 2299
f 2304 2302 2295
f 2310 2311 2297
f 2360 2364 2369
f 2292 2542 2291
f 2546 2545 2013
f 2304 2295 2299
f 4921 2307 2302
f 2544 2299 2291
f 2301 4920 2308
f 2297 2308 2310
f 2300 2302 2304
f 2304 2550 2300
f 3117 2148 2652
f 2124 2357 2361
f 2297 2311 2304
f 4921 2302 2300
f 2307 2305 2312
f 2301 2308 2303
f 2306 4416 2310
f 2562 2565 2561
f 2567 2551 2554
f 2306 2310 2308
f 2310 2309 2311
f 2128 2129 4912
f 2124 2355 2357
f 2312 2305 2856
f 3045 3041 3043
f 2016 2313 2013
f 2015 2022 2313
f 2314 2001 2002
f 2016 2314 1998
f 2027 2315 1533
f 2053 2315 2029
f 4878 2316 1696
f 1241 2316 1236
f 1509 2317 975
f 1510 2034 2317
f 2034 2318 1703
f 2035 2895 2319
f 643 2319 642
f 629 2318 2319
f 2047 2320 1715
f 2321 2320 2048
f 2048 2106 2321
f 2321 2106 4895
f 2051 2323 2322
f 2323 2059 2324
f 2323 2051 2058
f 2324 2059 2078
f 2324 2078 2325
f 2322 2323 2324
f 2328 2078 2569
f 2328 2325 2078
f 2325 2328 2331
f 2598 2326 2864
f 2857 2570 2080
f 2572 2329 2570
f 2078 2077 2569
f 2327 2330 2331
f 2570 2329 2569
f 2857 2572 2570
f 2606 2352 2348
f 2344 2081 2865
f 2327 2331 2328
f 2331 2330 2864
f 2028 2332 2064
f 2333 2332 2065
f 2334 2333 2065
f 2070 2333 2068
f 2341 2338 2340
f 2075 2335 2336
f 2335 2075 2337
f 2068 2334 2335
f 2340 2336 2334
f 4903 4902 2338
f 3921 2337 2075
f 3738 2337 2076
f 2065 2340 2334
f 4905 4904 4847
f 2336 2339 3922
f 2338 4902 2336
f 2341 2340 2065
f 2336 2340 2338
f 2028 2341 2065
f 2031 1241 2599
f 2343 2342 1278
f 2342 2081 2344
f 1278 1536 2600
f 1726 2326 2601
f 2598 2081 2326
f 4911 3102 1277
f 1056 2082 2345
f 1059 2345 2082
f 2867 2344 2865
f 2576 2327 2329
f 2602 2347 2082
f 2622 2880 2873
f 2351 1743 2349
f 1743 2351 2352
f 2350 2349 1735
f 2351 2349 2087
f 2350 1735 1737
f 1739 2087 2350
f 2879 2087 1739
f 2353 2608 2351
f 2087 4922 2351
f 2586 3071 2859
f 2576 2580 2327
f 2576 2572 2574
f 2091 2625 2354
f 2626 2627 2628
f 2358 2357 2355
f 2126 2355 2124
f 2358 2362 2356
f 2367 2368 4913
f 2358 2355 2121
f 4913 2361 2357
f 2117 2364 2121
f 2358 2364 2362
f 2362 2367 2356
f 2361 4913 2359
f 4914 2370 2117
f 2555 2550 2553
f 4913 2357 2356
f 2361 2359 2363
f 2358 2121 2364
f 2360 5065 2367
f 3064 3275 2368
f 2363 2883 2882
f 2369 2364 2117
f 2360 2362 2364
f 4921 2559 2560
f 2784 2786 2785
f 2920 2911 2913
f 3999 4002 3786
f 2360 2367 2362
f 2367 2365 2368
f 4341 5033 5032
f 2527 2533 2534
f 2370 2369 2117
f 2369 2366 5067
f 2370 4349 4348
f 4090 4089 2049
f 2371 2089 2102
f 2625 2371 2127
f 2125 2372 2127
f 2129 2372 2118
f 2882 2128 2363
f 2452 1633 2451
f 1777 2374 1783
f 1305 2374 2137
f 2375 1798 2647
f 2648 2375 2140
f 1800 2376 1317
f 2377 2376 2141
f 2141 2648 2378
f 1561 1319 2377
f 2853 2549 2140
f 1561 2377 2650
f 2380 2379 1805
f 2379 2144 2381
f 1559 2380 1805
f 4915 2147 2148
f 2381 2144 2887
f 1510 2381 2657
f 2382 792 791
f 2156 2157 2382
f 2156 2383 2155
f 2153 2158 2383
f 2658 2384 1822
f 3307 2689 3133
f 717 2388 2387
f 2159 2385 2389
f 2388 2390 2395
f 2397 2391 2393
f 2388 717 2280
f 2389 2387 2386
f 2390 2388 2280
f 2386 2387 2388
f 2393 2392 2389
f 2389 1825 2159
f 2390 2280 2536
f 2390 1963 2395
f 2392 2393 2391
f 2688 2686 2689
f 2393 2389 2386
f 2394 2392 2391
f 2386 2395 2393
f 2399 1953 2659
f 2398 2391 2397
f 2481 2483 2275
f 2395 2386 2388
f 2399 1963 1953
f 2395 1963 2399
f 2660 2661 2396
f 2400 2393 2395
f 2398 2397 2396
f 2843 2483 2482
f 2398 2678 4924
f 2659 1953 1960
f 2400 2396 2397
f 2395 2399 2400
f 2396 2400 2399
f 2666 2401 2664
f 1584 2667 1581
f 3242 3400 3039
f 2814 2503 2506
f 2173 2403 2169
f 2172 2176 2403
f 2384 2686 2158
f 2685 2686 2404
f 2176 2165 2405
f 2179 2405 2165
f 2690 2175 2932
f 2504 2495 2507
f 1603 2407 2190
f 2191 2192 2407
f 1832 2195 2409
f 2410 2408 2196
f 2196 2408 2409
f 1832 2409 2408
f 2411 2694 2196
f 2693 2515 2946
f 2214 4934 2694
f 2196 2409 2411
f 2511 2522 2525
f 2514 2519 2513
f 2192 2413 1828
f 2219 2413 2210
f 2207 2707 2705
f 2207 2705 2414
f 2417 2415 1835
f 2415 2221 2421
f 2418 2419 2221
f 2248 2246 2697
f 2418 2417 805
f 2415 2417 2221
f 804 2418 805
f 2419 2418 802
f 1627 2422 807
f 2421 2416 2947
f 2710 1628 2248
f 2421 2420 2416
f 2221 2419 2421
f 2420 2421 2419
f 1626 2422 1627
f 1628 2420 2422
f 1415 2423 2222
f 1843 2223 2423
f 2424 1619 4916
f 2226 2424 2227
f 2434 2436 4916
f 4872 1977 4873
f 1688 1689 2427
f 2230 2426 2228
f 2428 2427 1683
f 2228 2426 2427
f 1681 2428 1683
f 2428 1679 2429
f 1679 2430 2429
f 2429 2432 2431
f 2025 2430 1679
f 2432 2430 611
f 4900 2433 609
f 2228 2429 2431
f 611 4827 4828
f 609 2431 2432
f 2231 2230 2433
f 2228 2433 2230
f 2435 1843 1424
f 2436 2434 2233
f 1424 1421 2435
f 2437 1421 2234
f 2728 4926 2727
f 2436 3330 3510
f 1844 2437 2234
f 2233 2435 2437
f 2714 2949 2713
f 2720 2716 2718
f 2439 2238 2964
f 2737 2439 2738
f 1476 2440 1474
f 1462 2240 2440
f 2443 2246 2250
f 2703 2705 2441
f 1851 2442 2242
f 2246 2442 2250
f 3186 2251 3187
f 2699 2698 2246
f 1852 2256 2444
f 2253 2444 2256
f 2978 2976 2743
f 2974 2980 2982
f 2741 1852 1482
f 2446 2981 2976
f 2450 2447 2262
f 1633 2447 2451
f 2468 2461 2470
f 2452 2453 1640
f 2449 2451 2450
f 2456 2453 2449
f 2262 1854 2744
f 2449 2450 2448
f 2450 2451 2447
f 2452 2451 2449
f 2453 2452 2449
f 2452 1640 1641
f 2448 4969 2456
f 2459 2464 1642
f 2462 2645 4085
f 2644 4086 2643
f 2456 2454 2458
f 2457 2458 3366
f 2448 2456 2449
f 2457 2453 2458
f 2458 2453 2456
f 2459 2457 2455
f 3364 2458 3008
f 2454 3008 2458
f 2459 2455 2465
f 1640 2459 1642
f 2354 2629 1771
f 1771 2635 2636
f 2461 2465 2466
f 2461 2468 2467
f 2262 2462 2450
f 2462 2460 2645
f 2644 2643 2638
f 2463 4084 4085
f 2461 2467 2464
f 2464 2467 2469
f 2466 2465 2455
f 2464 2465 2461
f 2458 3364 3366
f 4928 2742 3360
f 2470 2461 2466
f 2469 2467 1858
f 3362 2468 1472
f 2746 2468 1471
f 1858 1645 2469
f 1642 2469 1645
f 3172 3170 3360
f 1472 2468 2470
f 2472 2471 1906
f 2269 2748 2473
f 3009 3011 4947
f 2750 2749 2269
f 2755 2473 1810
f 2471 2473 3016
f 4918 2476 1944
f 1944 2476 2474
f 2530 2532 2525
f 2479 1935 1916
f 1944 1943 4918
f 2476 2475 2478
f 2512 2844 1946
f 1946 2510 2511
f 3242 2527 3398
f 2479 3017 1935
f 2274 2478 2479
f 3017 2479 3197
f 2275 2483 2487
f 1495 4861 2761
f 2484 2483 2481
f 2275 2276 2481
f 2482 2488 2494
f 2539 1956 2777
f 2484 2481 1929
f 2485 2843 2496
f 1929 1937 2781
f 2484 1929 2486
f 2494 2488 2492
f 2504 2508 2505
f 2490 2491 2489
f 2482 2484 2488
f 3023 2770 2487
f 2487 2770 3022
f 2486 2490 2488
f 2490 2492 2488
f 2491 2490 2486
f 2789 3026 4948
f 2491 2486 1913
f 2492 2490 2489
f 1913 1933 2491
f 2493 2491 1933
f 2281 4984 2661
f 2487 2843 2485
f 2782 1933 1931
f 4948 2493 2402
f 2494 2492 2497
f 2482 2494 2496
f 3026 2492 4948
f 2497 2500 2495
f 2499 2494 2497
f 2496 2494 2499
f 2492 3026 2500
f 2497 2495 2499
f 2402 2493 2782
f 2507 2501 2504
f 2495 2504 2499
f 2496 2499 2505
f 2492 2500 2497
f 2813 2814 2498
f 2495 2500 2506
f 2668 2679 2681
f 2508 2509 2502
f 2774 2775 3375
f 2782 2786 2402
f 2860 3067 3068
f 2495 2506 2507
f 2508 2504 2501
f 2504 2505 2499
f 2505 2502 3374
f 2814 2500 2498
f 2506 2503 2507
f 3028 2809 2812
f 3234 2503 3030
f 2508 2501 4956
f 2505 2508 2502
f 3031 3029 3383
f 2670 2675 2682
f 2845 1950 1947
f 2511 2510 2278
f 2514 2517 2519
f 2513 2519 2521
f 2511 2278 2514
f 2511 2525 2512
f 2995 3188 3185
f 2514 2522 2511
f 2517 2514 2278
f 2522 2514 4919
f 2518 2517 2278
f 2695 2410 2196
f 2513 2521 2526
f 2526 2529 4919
f 2518 2278 2845
f 2517 2515 2519
f 2518 2845 2846
f 2692 2693 2946
f 2515 2520 2519
f 2519 2520 2521
f 2520 2515 2693
f 2412 2523 2520
f 2523 2521 2520
f 2521 2535 2526
f 4919 2514 2513
f 2522 2516 2525
f 2847 2412 4934
f 2524 2526 2535
f 2973 1631 2975
f 4776 4786 4738
f 2525 2516 2530
f 2512 2525 2532
f 2535 2523 2528
f 2529 2526 2524
f 2533 2527 2530
f 3017 3025 3201
f 2412 2847 2523
f 3189 3004 3345
f 2848 2529 2849
f 2516 2522 4919
f 2848 2516 2529
f 2530 2527 2532
f 2977 2973 2975
f 3266 3115 3270
f 3242 2532 2527
f 2475 2477 2532
f 2516 2533 2530
f 2533 2531 3573
f 2994 2998 2987
f 2794 2796 2790
f 2523 2535 2521
f 2524 2535 2528
f 2390 2536 1951
f 2537 2536 2280
f 2538 2280 717
f 2537 708 710
f 2538 720 715
f 2280 2538 2537
f 2780 2778 2772
f 2281 2661 2660
f 2001 2286 2540
f 2285 2540 2286
f 2543 2541 2286
f 2544 2301 2303
f 2283 2541 2542
f 2291 2542 2541
f 2286 2023 2543
f 2545 2023 2013
f 2291 2541 2544
f 2544 2541 2543
f 2013 2022 2546
f 2301 2543 2545
f 2020 2851 2022
f 2546 4417 4920
f 2294 2547 2288
f 2296 2298 2547
f 2312 2548 2293
f 2296 2547 2548
f 3040 2312 3065
f 3040 2549 2296
f 2553 2550 2311
f 2300 2550 2559
f 2553 2311 2554
f 2551 2553 2554
f 2552 2555 2557
f 4802 2557 4801
f 2554 2311 2309
f 2555 2553 2551
f 4416 2565 2309
f 2554 2309 2562
f 2551 4785 2557
f 2555 2552 2559
f 2554 2562 2567
f 4212 4096 4351
f 2551 2557 2555
f 2557 2556 4801
f 3610 3276 2855
f 3124 2912 2914
f 2555 2559 2550
f 2552 4816 2559
f 4816 4802 4803
f 3248 3051 3246
f 2565 4411 4412
f 2817 2806 2810
f 2306 4415 4416
f 2567 2562 4740
f 4417 2851 2852
f 5009 2020 5010
f 4356 4233 4220
f 3412 2855 3064
f 2309 2565 2562
f 2565 2563 4411
f 3263 3112 3114
f 2805 2787 2791
f 4740 2562 2561
f 2567 2564 4786
f 3246 3051 3053
f 2893 2035 2888
f 2570 2569 2069
f 2328 2569 2329
f 2069 2080 2570
f 2857 2080 2074
f 3256 2858 3254
f 2573 2582 2581
f 2574 2572 2571
f 2329 2572 2576
f 2858 2571 2857
f 2609 2614 2623
f 2571 3256 2577
f 2574 2573 2576
f 2587 2583 2584
f 2735 4927 2734
f 2581 2576 2573
f 2581 2580 2576
f 2571 2577 2574
f 2578 2577 2575
f 3413 2594 2590
f 2591 2583 2587
f 2584 2586 2859
f 3111 2872 2871
f 4950 3071 3074
f 2327 2580 3104
f 2582 2573 2578
f 2581 2579 4950
f 2584 2582 2578
f 2581 2582 2859
f 2588 2585 2587
f 2968 2969 1443
f 2588 2587 2584
f 2584 2583 2586
f 2588 2594 2585
f 2720 2729 2716
f 2596 2597 2862
f 3072 3071 2586
f 2588 2584 2578
f 3067 2591 2587
f 2575 2590 2578
f 2588 2578 2590
f 3068 2594 2595
f 2732 2713 2715
f 2575 3253 2590
f 3253 3254 4958
f 3067 2587 2585
f 2589 3083 2596
f 2823 2825 3028
f 2807 2811 2813
f 2725 2950 2949
f 2874 2348 2352
f 2590 2594 2588
f 2595 2594 2592
f 3253 3255 3413
f 3154 3316 3318
f 2589 2596 2591
f 2596 2593 2597
f 2610 2613 2618
f 2609 2611 2614
f 3074 3110 3262
f 2081 2598 2865
f 2338 2341 2599
f 2031 2599 2341
f 1726 2600 2054
f 1278 2600 2343
f 2342 2601 2081
f 1726 2601 2343
f 5062 1727 1539
f 2602 2346 2873
f 1059 2603 1741
f 2879 2603 2347
f 1728 2604 2237
f 2605 2604 1543
f 2606 1730 1743
f 2604 2605 2348
f 2352 2606 1743
f 2348 2605 2606
f 2608 2352 2351
f 2969 3165 3162
f 2611 2608 2353
f 2352 2608 2610
f 2614 2616 2612
f 2620 2615 2619
f 2613 2608 2611
f 2610 2608 2613
f 2616 2614 2611
f 2611 2609 2613
f 2869 2866 2868
f 3072 2597 3073
f 2619 2613 2609
f 2619 2618 2613
f 2616 2611 2353
f 3109 2623 2614
f 2620 2619 2609
f 2722 4925 2717
f 2353 4922 2880
f 2622 2616 2880
f 2579 2859 3071
f 3075 3073 2597
f 3090 3113 2615
f 2607 2610 2618
f 2609 2623 2620
f 2618 2619 2615
f 3072 3073 3260
f 3078 2620 2617
f 2880 4922 2621
f 2873 2347 2602
f 5062 2867 2872
f 2612 2616 2622
f 3109 2614 2612
f 2620 2623 2617
f 1764 2354 2624
f 1771 2624 2354
f 2371 2625 2091
f 2127 2372 2628
f 2626 2631 2629
f 2627 2629 2354
f 2628 2627 2625
f 2627 2626 2629
f 2127 2628 2625
f 2628 2130 2634
f 2630 2631 2632
f 2633 2635 2631
f 2638 2639 2881
f 2641 2637 2639
f 2632 2631 2626
f 2640 2631 2630
f 2626 2628 2634
f 2373 3283 3289
f 2645 2641 2643
f 1774 2636 2637
f 3116 2130 2128
f 2373 2632 2634
f 2631 2635 2629
f 2636 2635 2633
f 2637 2636 2633
f 2636 1774 1775
f 2637 2633 2639
f 4923 2460 2744
f 2640 2639 2633
f 2632 2373 3289
f 2633 2631 2640
f 2641 2639 2638
f 2881 2630 2642
f 2639 2640 2881
f 2643 2641 2638
f 2641 2460 4923
f 2882 2646 2884
f 3995 4086 3996
f 2638 2881 2644
f 2645 2643 2463
f 2646 3267 3271
f 2986 2981 3170
f 2463 4085 2645
f 2460 2641 2645
f 3393 2838 3239
f 3266 3278 3267
f 1804 2647 1798
f 2298 2647 2289
f 2648 2140 2886
f 2649 2648 2141
f 2376 2649 2141
f 1800 2375 2649
f 2653 2378 2886
f 1561 2650 2652
f 2888 2034 2657
f 4881 4880 1561
f 2653 2652 2650
f 3118 2885 3117
f 2648 2886 2378
f 2653 2651 3118
f 2549 3040 3041
f 2651 2653 2654
f 986 2655 1510
f 2379 2655 984
f 2898 2890 2892
f 2895 2899 642
f 2887 2657 2381
f 2034 2888 2035
f 1821 2658 1822
f 1817 2658 1577
f 2539 2659 1960
f 2396 2399 2659
f 2396 2659 2660
f 2539 2660 2659
f 2281 4072 4984
f 2396 2661 2398
f 2771 2775 2776
f 3904 3903 2670
f 2664 2159 1825
f 2663 2401 2667
f 2665 2664 1825
f 2401 2663 2664
f 2392 2665 1825
f 2665 2394 2666
f 2678 2682 2394
f 2669 1581 2667
f 2671 2401 2666
f 2677 2669 2667
f 2675 2666 2394
f 2686 2688 2404
f 2674 2669 2930
f 1585 1581 2673
f 3223 3222 3225
f 2680 2666 2675
f 2670 2680 2675
f 2668 2669 2677
f 2668 2671 2679
f 3134 3143 2690
f 1581 2669 2673
f 2668 2930 2669
f 2674 2672 3130
f 1585 2673 2674
f 2394 4924 2678
f 2670 2676 2680
f 4164 4064 3229
f 2681 3308 2930
f 2401 2677 2667
f 2668 2677 2671
f 2398 2661 4984
f 3909 3911 4983
f 2680 2671 2666
f 2679 2676 3892
f 2676 2679 2680
f 2680 2679 2671
f 3209 3029 3207
f 2175 2690 3144
f 2394 2682 2675
f 2678 3911 3904
f 3912 3906 3909
f 3221 3228 3230
f 2179 2684 2175
f 2685 2684 2180
f 2686 2685 2158
f 2685 2404 2684
f 1818 2689 2384
f 2674 3132 1585
f 3134 2690 2687
f 2690 2932 2688
f 2686 2384 2689
f 2688 2687 2690
f 2931 3136 3307
f 2687 2688 2689
f 3135 3136 3131
f 3143 3144 2690
f 2691 2934 2935
f 2936 2691 3149
f 1341 2410 2692
f 2693 2692 2410
f 2520 2693 2410
f 2946 2515 2518
f 2214 2694 2411
f 2695 2412 2520
f 2410 2695 2520
f 2196 2694 2695
f 2205 2414 2696
f 2212 2696 2414
f 2246 2698 2697
f 2697 2698 2700
f 2699 2246 2443
f 2700 2698 2441
f 2443 2254 2701
f 2441 2699 2703
f 2700 2441 2707
f 2947 2700 2199
f 2704 2708 2702
f 2948 2709 3532
f 2704 2703 2699
f 2993 2995 2445
f 2704 2699 2701
f 2705 2703 2702
f 2701 3188 2708
f 2702 2703 2704
f 2414 2705 2702
f 2207 2204 2707
f 2740 2977 2445
f 2709 2948 2708
f 2700 2707 2204
f 2441 2705 2707
f 2701 2708 2704
f 2708 2706 2709
f 2977 2974 2982
f 3349 3532 3347
f 2416 2420 2710
f 1628 2710 2420
f 2712 2234 1430
f 2720 2718 2711
f 1427 2712 1430
f 2438 2711 2712
f 1444 2714 1427
f 2713 1427 2714
f 1444 2722 2719
f 2949 2719 2725
f 1444 2719 2714
f 3067 2589 2591
f 2730 2715 2950
f 2721 2727 4927
f 1450 3164 3167
f 2950 2951 2733
f 2720 2711 2438
f 4927 2727 2718
f 2722 1444 1437
f 2719 2717 2725
f 2732 2438 2713
f 2720 2730 2729
f 2734 2716 2729
f 3329 3330 3507
f 2723 2722 1437
f 2717 2719 2722
f 1440 2723 1437
f 1441 3168 2723
f 3089 3101 3086
f 4010 2959 2956
f 2959 2961 2955
f 2730 2733 3155
f 2962 3314 2953
f 3711 3710 3506
f 4927 2718 2716
f 2727 2721 2728
f 3328 2721 3324
f 2233 2728 3507
f 2438 2732 2720
f 3502 2734 2729
f 2715 2949 2950
f 2726 2729 2730
f 3155 3156 3157
f 3709 3710 3158
f 2715 2730 2732
f 2720 2732 2730
f 2725 2717 2952
f 2951 2952 2955
f 3502 2729 2726
f 2734 2731 2735
f 2735 2731 3159
f 3324 2721 2735
f 2965 2736 2964
f 2083 2875 3264
f 2737 1449 2739
f 1623 2439 2737
f 2967 2738 2968
f 1436 2967 1446
f 1449 2971 2739
f 2972 2971 1445
f 2973 2256 1631
f 2995 3187 2445
f 4929 2742 4928
f 2446 2741 4928
f 3194 3192 3007
f 3358 1485 3194
f 3170 3172 2983
f 2831 3546 3034
f 2264 2744 1854
f 2462 2744 2460
f 2454 3535 3534
f 3177 2983 3174
f 2747 2746 1471
f 2467 2746 1858
f 1471 1860 2747
f 1859 2747 1860
f 2749 2748 2269
f 1571 1810 2748
f 2750 2269 2472
f 1571 2749 1813
f 2750 2472 2752
f 2754 3012 2752
f 2752 2472 2753
f 3009 1870 3011
f 2472 4917 2753
f 2752 2751 2754
f 3009 2753 1899
f 2752 2753 4947
f 4930 2754 2751
f 2754 3014 3013
f 2755 1810 4882
f 1939 1941 2756
f 3016 1920 1927
f 2473 2755 2756
f 2796 2792 3543
f 3025 3202 3376
f 2759 1892 2276
f 2760 2758 2480
f 2275 2759 2276
f 2480 2758 2759
f 2480 2766 2760
f 907 2764 2765
f 2767 2765 2761
f 1650 2764 907
f 2766 2480 2770
f 2779 2776 2281
f 2766 2762 2768
f 2772 2768 2773
f 1495 2761 2764
f 2765 2764 2761
f 2767 2761 2760
f 2765 2763 2769
f 2480 3022 2770
f 2766 2768 2767
f 2766 2767 2760
f 2763 2765 2767
f 2762 2773 2768
f 2763 2767 2768
f 2769 2763 2778
f 911 912 3021
f 3023 2487 2485
f 2766 2770 3199
f 2773 2775 2771
f 2539 2777 2779
f 2777 2772 2771
f 2772 2777 2780
f 3200 3375 3199
f 2772 2773 2771
f 2762 2766 3199
f 2485 3373 3023
f 3375 2773 2762
f 2774 4070 2775
f 3198 3374 4068
f 2776 4071 4072
f 2777 2771 2779
f 2780 2777 1956
f 2769 2778 1959
f 2763 2772 2778
f 2776 2779 2771
f 2281 2539 2779
f 3020 1956 1958
f 2778 2780 1959
f 1913 2486 2781
f 1929 2781 2486
f 1931 2788 2785
f 2782 1931 2785
f 2798 2797 2800
f 2402 2786 2787
f 2791 2794 2790
f 2787 2805 2807
f 1932 3024 1931
f 2785 2783 4932
f 2785 2786 2782
f 2787 2786 2784
f 2784 4932 2794
f 2789 2787 2807
f 3025 2788 1924
f 2785 2788 3376
f 2789 2498 3026
f 2402 2787 2789
f 2806 2793 2805
f 2787 2784 2791
f 2794 4932 2792
f 2806 2805 2791
f 3376 3202 2783
f 2798 2796 3543
f 2815 2810 2790
f 2825 3031 3030
f 2784 2794 2791
f 2796 2794 2792
f 3548 3552 3555
f 4933 2798 2802
f 3377 3543 2783
f 2796 2795 2815
f 2800 2803 2799
f 2795 2796 2798
f 3727 3540 3377
f 2836 2803 2804
f 3034 2829 2831
f 2800 2802 2798
f 2797 3540 2803
f 2800 2799 2802
f 3371 3368 2850
f 2803 3542 2804
f 2834 2832 2833
f 3032 2827 2818
f 2797 2803 2800
f 2803 2801 3542
f 2837 2839 2841
f 2835 3387 3036
f 2806 2791 2790
f 2805 2793 2807
f 3027 4933 2816
f 2790 2810 2806
f 2807 2793 2811
f 2498 2789 2807
f 3027 2808 2810
f 2938 2177 2182
f 2806 2817 2793
f 2811 2812 2809
f 2790 2796 2815
f 2812 2793 2817
f 2812 2811 2793
f 2813 2811 2809
f 2817 2819 2812
f 2823 2812 2819
f 2809 3030 2814
f 2807 2813 2498
f 2814 2506 2500
f 2809 2814 2813
f 2795 4933 3027
f 2810 2815 3027
f 2830 2802 2833
f 2824 2827 3032
f 2808 2820 2810
f 2817 2820 2819
f 2826 2824 2808
f 3313 3500 3683
f 2817 2810 2820
f 2818 3215 2823
f 2824 2820 2808
f 2819 2820 3032
f 3220 2818 3378
f 3137 3139 2933
f 2829 2826 2816
f 3461 3462 4964
f 2818 2823 2819
f 2823 2821 2825
f 2808 3027 2826
f 2824 2822 2827
f 3203 3031 2825
f 2814 3030 2503
f 2816 2830 2829
f 2824 2826 3034
f 3378 3033 3220
f 3069 2595 2592
f 3036 2833 2835
f 2365 3064 2368
f 2816 4933 2830
f 2829 2828 2831
f 2834 2833 2802
f 2829 2830 3036
f 3036 3387 2828
f 2962 2953 2961
f 2832 2834 2838
f 3239 2837 3392
f 2834 2802 2799
f 2833 2832 2835
f 2836 2799 2803
f 2836 2834 2799
f 3037 3393 3239
f 2882 2883 2646
f 2839 2836 2804
f 2834 2836 2838
f 2801 3538 3539
f 2217 3357 3356
f 2839 2838 2836
f 3239 2838 2837
f 3728 2841 2839
f 2838 2839 2837
f 3240 2531 2849
f 2531 2848 2849
f 3728 2839 2804
f 2841 3571 3570
f 3394 2534 3573
f 3267 2883 3266
f 2483 2843 2487
f 2482 2496 2843
f 4918 2844 2477
f 1946 2844 1940
f 2510 2845 2278
f 2846 2845 1947
f 1949 2846 1947
f 1345 1343 2846
f 3191 3352 3349
f 2523 2847 3533
f 2849 2529 2524
f 2533 2848 2531
f 3191 3349 3347
f 3240 3394 3573
f 4075 3399 3578
f 3017 3197 3370
f 2020 5009 2851
f 2546 2022 2851
f 4216 4218 5010
f 4414 4354 4411
f 2853 2140 2375
f 2298 2549 2853
f 2854 3040 3065
f 3041 2854 3043
f 3276 3610 3612
f 3237 3236 3390
f 3248 3249 3247
f 2856 2568 3044
f 2858 2857 2074
f 2572 2857 2571
f 3442 3737 3583
f 3415 3069 2592
f 2581 2859 2579
f 2584 2859 2582
f 3471 3258 3472
f 2733 2951 3152
f 2941 2939 2942
f 3205 3207 3203
f 2596 2862 2583
f 3072 2862 2597
f 2863 3260 3079
f 3105 2622 3111
f 2331 2864 2326
f 3103 2864 2330
f 2865 2598 2868
f 2867 1539 3102
f 3103 2868 2598
f 2871 3106 3105
f 2870 2865 2868
f 2865 2870 2867
f 2598 2864 3103
f 2868 2866 2870
f 3104 2869 3103
f 2581 4950 2580
f 2871 2870 2866
f 2872 2870 2871
f 2863 3108 3110
f 2622 2346 3111
f 2346 2602 5062
f 2867 2870 2872
f 2622 2873 2346
f 2879 2873 2621
f 2610 2607 2874
f 2876 3264 3263
f 2348 2874 2875
f 3264 2874 2607
f 2618 3112 2607
f 3331 2736 2965
f 2954 2957 2959
f 3076 3078 2617
f 3082 3084 3078
f 3162 3165 3164
f 2873 2879 2347
f 2879 2621 4922
f 2353 2880 2616
f 2873 2880 2621
f 2630 2881 2640
f 2644 2881 2642
f 2883 2363 2359
f 3281 2884 2646
f 3265 2368 3115
f 2359 3265 2883
f 2373 2634 2884
f 3116 2884 2634
f 2654 3041 3045
f 3121 3120 3122
f 2549 2886 2140
f 2653 2886 2654
f 2144 3119 3121
f 2887 2656 2889
f 2889 2657 2887
f 2888 2657 2889
f 2889 2656 2892
f 2894 2893 2888
f 3063 3062 2896
f 2897 2901 2902
f 3123 2904 2903
f 2893 2895 2035
f 4949 2898 2892
f 2894 2890 2891
f 2894 2888 2889
f 2895 2893 2891
f 2892 2894 2889
f 2891 2893 2894
f 2901 2899 2895
f 2895 642 2319
f 2651 3045 3047
f 2926 4938 2925
f 2902 2901 2890
f 2905 2890 2898
f 4949 2892 2656
f 3251 2905 2898
f 2901 2895 2891
f 2899 2897 2903
f 2925 2917 2921
f 3489 859 856
f 2890 2901 2891
f 2897 2899 2901
f 2906 2890 2905
f 2890 2906 2902
f 2897 2908 2909
f 3123 2903 1207
f 642 2899 2904
f 2903 2904 2899
f 3251 2898 2896
f 2905 2900 2906
f 2908 4935 2907
f 2902 2908 2897
f 4935 2900 2910
f 3124 2914 3126
f 2906 2908 2902
f 2909 2908 2907
f 2909 2907 2912
f 2903 2909 3124
f 2915 2916 2919
f 2918 3128 2929
f 2913 2912 2907
f 2913 2916 2920
f 2907 4935 2913
f 2912 2911 2914
f 2913 2910 2916
f 2911 2912 2913
f 3127 3302 4960
f 1208 3126 861
f 2921 2917 2919
f 2915 2919 2924
f 2921 2919 2916
f 2920 2916 3128
f 3251 3059 2923
f 3048 3053 3054
f 3128 2928 2929
f 2929 3486 2918
f 2921 2916 2910
f 4937 2924 2919
f 3128 2916 2915
f 2920 2918 4959
f 2910 2900 2921
f 2925 2900 2923
f 4943 4825 4941
f 2915 2924 2928
f 3118 3243 2885
f 3049 3046 3052
f 4937 2919 2917
f 5030 2928 2924
f 2900 2925 2921
f 2925 2923 3057
f 3048 3055 3052
f 4938 4936 4937
f 3402 3405 3409
f 4089 4094 4347
f 5030 2924 2922
f 2927 3491 2928
f 3666 3491 3305
f 3788 4960 3303
f 2681 2930 2668
f 2672 2674 2930
f 3130 3131 2931
f 3133 2689 1818
f 2684 2932 2175
f 2688 2932 2404
f 3137 3138 3139
f 3309 3138 3141
f 2935 2934 2176
f 2936 2934 2691
f 2176 2181 2935
f 3144 3145 2181
f 3149 2691 2406
f 2169 2936 2938
f 2942 2944 2940
f 3913 3147 3545
f 2937 2939 2936
f 2939 2938 2936
f 2939 2937 2942
f 2938 2939 2941
f 4952 3149 3150
f 4446 2944 2943
f 3674 3151 3313
f 2177 2941 3313
f 4952 2944 2942
f 2942 2940 4966
f 3146 2933 3139
f 3206 3215 3220
f 4952 2942 2937
f 2943 4161 4446
f 2827 2822 3385
f 3418 3422 2861
f 2846 2946 2518
f 2692 2946 1343
f 2415 2947 2199
f 2697 2947 2416
f 2414 2702 2948
f 2708 2948 2702
f 2713 2949 2715
f 2719 2949 2714
f 2951 2950 2725
f 2730 2950 2733
f 2952 2951 2725
f 3093 3091 3083
f 2954 2717 4925
f 2952 2717 2954
f 3098 3480 3764
f 2733 3152 3153
f 3152 2955 2953
f 2952 2954 2955
f 2724 2957 2954
f 2958 2956 2957
f 2877 3075 3080
f 3087 3081 3091
f 2958 2957 2724
f 2959 2957 2956
f 2724 4925 3168
f 3084 3088 3090
f 2961 2959 4010
f 2954 2959 2955
f 3096 3101 3089
f 3258 2860 3068
f 2962 2961 2960
f 2953 2955 2961
f 3081 3087 3077
f 3696 3694 3323
f 3155 3157 2726
f 4013 4123 4285
f 2965 2964 2238
f 2738 2964 2736
f 2237 2965 2238
f 3160 2965 2083
f 1449 2738 2966
f 2967 2966 2738
f 2968 2738 2736
f 1446 2967 1443
f 2969 2968 2736
f 1443 2967 2968
f 3331 3160 3161
f 2876 3263 3114
f 1847 2970 1849
f 2737 2970 1623
f 1447 2971 1449
f 1445 1621 2972
f 1846 3333 1622
f 3169 1849 2739
f 2978 2975 2976
f 2740 2973 2977
f 3339 2980 2978
f 3351 3577 3354
f 2975 1631 2976
f 2975 2974 2977
f 1631 2446 2976
f 2981 2446 2259
f 2978 2980 2974
f 2977 2982 2984
f 2743 3339 2978
f 2975 2978 2974
f 2259 3170 2981
f 2988 2990 2985
f 2982 2980 2988
f 2984 2445 2977
f 3358 3007 3359
f 2743 2976 2981
f 2980 2979 2988
f 2993 2994 2987
f 3172 3174 2983
f 2743 2981 2986
f 3183 3343 3182
f 2445 2984 2993
f 2979 3339 3181
f 3351 3354 3348
f 3178 3336 3177
f 2743 2986 3181
f 3182 2994 2984
f 2998 3000 2987
f 3717 2990 2988
f 2988 2985 3183
f 4961 3391 3390
f 2990 2991 3340
f 3717 2988 2979
f 2991 2990 2989
f 4040 3661 3955
f 3240 3395 3038
f 3341 3184 3340
f 2706 3000 2709
f 2994 2993 2984
f 2995 2993 2987
f 3182 2984 2982
f 2999 2998 2994
f 2997 2995 2987
f 3185 2701 2254
f 3189 3002 3004
f 3345 3347 2996
f 3000 2997 2987
f 2706 2708 3188
f 2999 2994 2992
f 3000 2998 2996
f 2999 2992 3002
f 2998 2999 3189
f 3000 2996 3347
f 3000 2706 2997
f 3184 3342 3343
f 3002 3005 3001
f 3342 3005 3002
f 3002 3001 3004
f 3003 3341 3516
f 3001 3005 3006
f 3001 3344 3004
f 3189 3345 2996
f 3342 3002 2992
f 3006 3005 3003
f 3184 3341 3003
f 3572 4128 3571
f 3193 2466 5063
f 4954 3173 3175
f 3008 3534 3363
f 3365 2745 3367
f 3010 3009 1899
f 4946 3011 1870
f 1905 3010 1899
f 3010 1873 1874
f 1864 4886 4887
f 4947 2751 2752
f 2752 3012 2750
f 3013 3012 2754
f 2754 4930 3014
f 3015 689 694
f 692 689 3014
f 689 3013 3014
f 1813 3013 3015
f 689 3015 3013
f 2473 2756 3016
f 1920 3016 2756
f 3197 2479 2478
f 3017 2757 3025
f 3020 3019 1959
f 3021 3018 911
f 1663 930 3019
f 3019 930 4836
f 2780 3020 1959
f 1663 3020 1958
f 907 2769 3021
f 3021 2769 3018
f 2759 3022 2480
f 2487 3022 2275
f 3374 3198 3373
f 3375 2775 2773
f 1924 2788 3024
f 1931 3024 2788
f 3025 1924 3201
f 3025 2757 3202
f 2500 3026 2498
f 4948 2492 2489
f 2795 3027 2815
f 2826 3027 2816
f 2823 3028 2812
f 3030 3028 2825
f 3214 3205 2821
f 3140 3310 3148
f 3028 3030 2809
f 2821 3203 2825
f 3226 3383 3223
f 3030 3031 3234
f 2819 3032 2818
f 2824 3032 2820
f 3547 2831 3237
f 3381 4976 3380
f 2824 3034 2822
f 2829 3034 2826
f 3321 3320 3827
f 2831 2828 3237
f 2829 3036 2828
f 2833 3036 2830
f 3569 4496 3734
f 3515 2979 3181
f 3396 2849 2524
f 3522 3526 3518
f 3242 3039 2475
f 3039 3368 3197
f 2312 3040 2296
f 3041 3040 2854
f 3042 3043 3044
f 2654 2549 3041
f 3046 3042 3044
f 3047 3042 3049
f 3044 3043 2854
f 3043 3042 3045
f 3044 2854 3065
f 3044 2568 3046
f 3047 3045 3042
f 2651 2654 3045
f 3046 2568 3050
f 3049 3060 3061
f 3049 3042 3046
f 3245 3061 3062
f 3053 3048 3050
f 3054 4939 4940
f 3046 3050 3052
f 3049 3052 3060
f 2568 3246 3053
f 3050 3048 3052
f 2568 2856 3246
f 2924 4937 2922
f 3048 4940 3055
f 3055 3058 3052
f 2568 3053 3050
f 3053 3051 3401
f 3051 3248 3250
f 4944 3401 3403
f 2926 3057 3055
f 3057 3058 3055
f 3059 3056 3058
f 3049 3061 3047
f 2925 3057 2926
f 3058 3057 2923
f 3059 3058 2923
f 3056 3060 3058
f 3251 2923 2900
f 3062 3059 2896
f 3058 3060 3052
f 3061 3060 3056
f 3056 3062 3061
f 3244 3245 3063
f 3059 3062 3056
f 4949 2896 2898
f 2887 3121 3122
f 3244 3063 3120
f 3581 5064 3412
f 3272 3275 2855
f 2312 2856 3065
f 3044 3065 2856
f 3441 4958 3257
f 3438 3428 3435
f 3068 3067 2585
f 2589 3067 2860
f 2594 3068 2585
f 3258 3068 2595
f 2592 3413 3255
f 3069 2861 3478
f 3382 3544 3841
f 2962 2960 3685
f 2586 2862 3072
f 3074 3071 2863
f 2593 3075 2597
f 2863 3071 3072
f 2877 3076 3073
f 3079 3260 3076
f 3079 3107 3108
f 3074 2869 3104
f 3081 3080 3075
f 2877 3073 3075
f 3076 2877 3078
f 3076 2617 3079
f 3080 3081 3077
f 3084 3090 2615
f 3082 2877 3080
f 2877 3082 3078
f 2617 2623 3109
f 3105 2612 2622
f 3081 3075 2593
f 3077 4951 3080
f 3083 2593 2596
f 3081 2593 3083
f 3086 3088 3089
f 3078 3084 2620
f 3095 3097 3093
f 3771 3933 3934
f 3084 3082 3088
f 2615 2620 3084
f 3085 3087 3091
f 3085 3091 3097
f 4951 3088 3082
f 3713 3332 2878
f 3091 3081 3083
f 3092 3089 4951
f 3082 3080 4951
f 3088 3086 3090
f 3092 3077 3087
f 3936 4979 3771
f 3714 3090 3086
f 3090 3714 3113
f 2589 3093 3083
f 3605 3606 2860
f 3087 3085 3092
f 3098 3085 3097
f 3605 2860 3258
f 2589 3606 3093
f 3089 3092 3096
f 3096 3092 3099
f 3480 3098 3095
f 3764 3766 3768
f 3099 3092 3085
f 3101 3096 3939
f 3093 3097 3091
f 3098 3097 3095
f 3750 3751 3608
f 3768 3099 3098
f 3098 3099 3085
f 3096 3099 3769
f 4979 3936 3094
f 4968 3513 3514
f 3939 3096 3094
f 3101 3100 4967
f 1277 3102 1539
f 2344 2867 3102
f 3104 3103 2330
f 2868 3103 2869
f 2327 3104 2330
f 3104 2580 4950
f 3106 2871 2866
f 3107 3105 3106
f 2866 2869 3262
f 3106 3108 3107
f 2617 3107 3079
f 2612 3105 3107
f 3110 3108 3106
f 2863 3079 3108
f 2612 3107 3109
f 2617 3109 3107
f 3262 3106 2866
f 2863 3110 3074
f 2872 3111 2346
f 3105 3111 2871
f 3113 2618 2615
f 3112 2878 3114
f 2878 3112 3113
f 3113 3112 2618
f 3332 3715 3513
f 2969 2736 3331
f 3277 3269 3271
f 3265 3266 2883
f 2130 3116 2634
f 2128 2884 3116
f 3118 3117 2652
f 3119 3117 2885
f 2653 3118 2652
f 3118 2651 3243
f 3119 2885 3120
f 3119 2144 4915
f 3244 3120 2885
f 4949 3122 3063
f 2144 3121 2887
f 3119 3120 3121
f 3063 3122 3120
f 2887 3122 2656
f 1206 3123 1207
f 2904 3123 644
f 2903 3124 1207
f 2912 3124 2909
f 3486 3303 4959
f 3670 3671 3790
f 3124 3126 1207
f 3127 3126 2914
f 3302 3127 2914
f 3127 3125 3304
f 2920 3128 2918
f 2928 3128 2915
f 3673 3129 3305
f 4002 1724 3789
f 3131 3130 2672
f 3130 2931 3132
f 3134 3137 2933
f 3137 3134 3135
f 3306 2931 3133
f 3132 3306 4860
f 4858 3133 1818
f 3306 3133 1582
f 3135 3134 2687
f 3143 3134 3310
f 3136 3135 2687
f 3135 3131 3137
f 3307 2687 2689
f 3131 3136 2931
f 2672 3138 3131
f 3137 3131 3138
f 2672 3308 3138
f 3141 3138 3308
f 3384 3545 3894
f 4952 3150 2943
f 3146 3148 3310
f 3145 2935 2181
f 3898 3895 3893
f 3207 3210 3209
f 3146 3139 3147
f 3146 3147 3916
f 3310 3134 2933
f 3143 3140 3144
f 3144 3140 3145
f 2175 3144 2181
f 3311 3145 3140
f 2406 2935 3145
f 3147 3139 3309
f 3146 3142 3148
f 3884 3880 3730
f 3231 3226 3221
f 3498 3493 3312
f 3145 3311 2406
f 2406 3493 3149
f 2936 3149 2937
f 3311 3312 3493
f 3498 3496 3495
f 3313 4966 3674
f 3415 3418 3069
f 3152 2953 3153
f 2951 2955 3152
f 2953 3314 3156
f 2730 3155 2726
f 3687 2962 3685
f 2726 3157 3323
f 2733 3153 3155
f 3156 3155 3153
f 2953 3156 3153
f 3156 3154 3157
f 3154 3314 3316
f 2734 3502 2731
f 3325 3327 3158
f 3326 3328 3158
f 3503 3696 3323
f 3324 3325 3158
f 2083 2876 3160
f 3160 2876 3161
f 2876 3114 3161
f 3114 3332 3511
f 1443 2969 3162
f 3165 2969 3712
f 3332 3114 2878
f 3162 3164 1450
f 3163 3166 3164
f 1441 4853 3167
f 3712 2969 3161
f 3163 3164 3165
f 3511 3332 3163
f 3168 4953 2724
f 3164 3166 3167
f 4968 4953 3166
f 1441 3167 3168
f 3167 3166 4953
f 2972 3333 3169
f 3169 3333 3334
f 3359 3360 2742
f 2983 2986 3170
f 3171 3179 3175
f 3175 3173 3174
f 3360 3170 2259
f 3175 3174 3172
f 3008 3363 2745
f 2986 2983 3336
f 3175 3172 3171
f 4032 3177 3174
f 3171 3359 3179
f 4029 3180 2745
f 4027 4029 3726
f 2883 3267 2646
f 4032 3174 3173
f 3177 3176 3178
f 3290 3294 3299
f 3515 3181 3338
f 3007 3192 3193
f 2466 2455 3366
f 3175 3179 4954
f 5063 3196 3367
f 3337 2986 3336
f 3337 3338 3181
f 3183 3182 2982
f 2992 2994 3182
f 2988 3183 2982
f 3183 2985 3184
f 3340 3184 2985
f 3003 3005 3342
f 3186 3185 2254
f 3188 2995 2997
f 2257 3186 2254
f 3187 2251 2740
f 2445 3187 2740
f 2995 3185 3187
f 2706 3188 2997
f 2701 3185 3188
f 2998 3189 2996
f 3002 3189 2999
f 3517 3344 3001
f 3576 3531 3575
f 3004 3346 3345
f 3346 3350 3191
f 3193 3192 2470
f 3007 3358 3194
f 2466 3193 2470
f 3007 3193 3179
f 1467 3194 1485
f 1472 3192 3194
f 3280 3284 3283
f 3363 3726 2745
f 3196 3364 3365
f 3196 3365 3367
f 2478 3039 3197
f 3039 2850 3368
f 4066 4068 2509
f 3910 3907 4065
f 2770 3023 3199
f 3199 3023 3200
f 3373 3200 3023
f 4069 3200 3198
f 4889 3201 1924
f 3017 3201 1935
f 2757 3369 3537
f 3543 3377 2797
f 3205 3203 2821
f 3029 3031 3203
f 3210 3212 3208
f 3877 3224 3544
f 3206 3214 3215
f 3207 3205 3204
f 3216 3206 4955
f 3214 3216 3205
f 3216 3204 3205
f 3203 3207 3029
f 3219 3222 3224
f 3207 3204 3210
f 3222 3208 3224
f 3223 3029 3209
f 3204 3218 3212
f 3209 3210 3208
f 3211 3212 3218
f 3380 3212 3211
f 3204 3212 3210
f 3212 3380 3379
f 3855 3856 3851
f 3496 3498 3312
f 3215 3214 2821
f 3214 3206 3216
f 2823 3215 2821
f 3215 2818 3220
f 3216 4955 3217
f 3204 3216 3218
f 3235 3385 3733
f 3070 3258 3471
f 3216 3217 3218
f 4046 3218 3217
f 3147 3141 3545
f 3209 3208 3222
f 3378 2818 2827
f 4955 3220 3033
f 3228 3221 3225
f 3233 3226 3231
f 3224 3208 3379
f 3225 3222 3219
f 3222 3223 3209
f 3223 3221 3226
f 4976 3841 3544
f 3494 3496 3312
f 3219 3882 3228
f 3223 3225 3221
f 3230 3231 3221
f 2503 3234 2507
f 3877 3880 3224
f 3895 3384 3894
f 3219 3228 3225
f 4164 4165 4163
f 3895 3899 3384
f 4956 4957 3232
f 4165 3228 3227
f 3230 3229 3231
f 3232 3231 3229
f 3233 2507 3234
f 3900 3896 4062
f 4956 3232 4997
f 4957 3231 3232
f 2507 3233 4957
f 3383 3234 3031
f 3233 3234 3226
f 2822 3034 3546
f 3752 3477 3751
f 2832 3238 2835
f 3388 3389 4961
f 3237 2828 3387
f 3385 3386 3733
f 3566 3388 3238
f 2835 3388 3387
f 3392 2837 3570
f 3037 3566 3393
f 2849 3396 3395
f 3240 3038 3394
f 2524 3397 3396
f 3521 3718 3519
f 2532 3242 2475
f 2527 2534 3398
f 2651 3047 3243
f 3061 3245 3047
f 2885 3243 3244
f 3243 3047 3245
f 3063 3245 3062
f 3245 3244 3243
f 2305 3249 2856
f 3246 3249 3248
f 2558 4803 4802
f 3401 3054 3053
f 2856 3249 3246
f 3250 3248 3247
f 2305 2560 3249
f 3247 3249 2560
f 3405 3580 3404
f 3403 3250 3405
f 2905 3251 2900
f 2896 3059 3251
f 5065 3582 5064
f 3406 3407 3410
f 3254 3253 2575
f 3253 3066 3255
f 3256 3254 2575
f 2858 4962 3254
f 3417 3416 3066
f 2592 3255 3415
f 2577 3256 2575
f 2858 3256 2571
f 3737 4963 2074
f 3459 3446 3452
f 3069 3478 3472
f 3605 3258 3752
f 3422 3440 2861
f 3440 3448 3479
f 3072 3260 2863
f 3076 3260 3073
f 3259 3448 3473
f 3314 2962 3825
f 3074 3262 2869
f 3106 3262 3110
f 2876 2083 3264
f 3112 3263 2607
f 2874 3264 2875
f 2607 3263 3264
f 2368 3265 2359
f 3266 3265 3115
f 3481 3270 3272
f 3274 3283 2373
f 3270 3279 3278
f 3271 3274 3281
f 3611 3481 3276
f 3295 3269 3277
f 3277 3271 3267
f 3293 3297 3655
f 3272 3270 3115
f 3270 3268 3279
f 3267 3278 3277
f 3274 3271 3269
f 3275 3272 3115
f 3272 2855 3276
f 3279 3285 3273
f 3287 3288 3273
f 3269 3280 3283
f 2373 2884 3281
f 2368 3275 3115
f 2855 3275 3064
f 3610 2855 3772
f 3604 3595 3603
f 3285 3287 3273
f 3273 3288 3277
f 3270 3278 3266
f 3277 3278 3273
f 3268 3613 3285
f 3278 3279 3273
f 3296 3295 3288
f 3284 4965 2642
f 3271 3281 2646
f 2373 3281 3274
f 3481 3611 3268
f 2989 3515 3716
f 3269 3283 3274
f 4965 3284 3280
f 2642 2630 3284
f 3289 2630 2632
f 3268 3285 3279
f 3773 3287 3285
f 3613 3268 3611
f 3655 3657 3293
f 3773 3285 3282
f 3287 3286 3288
f 3286 3291 3288
f 3277 3288 3295
f 3283 3284 3289
f 2630 3289 3284
f 3290 3291 3294
f 3485 3297 3290
f 3625 3294 3291
f 3291 3290 3296
f 3617 3619 3773
f 3564 3558 3562
f 3296 3297 3293
f 3295 3660 3269
f 3625 3291 3286
f 3775 3299 3294
f 3296 3288 3291
f 3293 3657 3660
f 3297 3296 3290
f 3295 3296 3293
f 3300 3485 3299
f 3484 3656 3780
f 3292 3622 3624
f 3840 4031 4032
f 3775 3294 3292
f 3299 3298 3300
f 3536 4129 3782
f 3658 3656 3297
f 3666 3486 2929
f 3301 3487 3783
f 2914 2911 3302
f 2911 4959 3302
f 3303 3302 4959
f 3303 3301 3788
f 3304 3125 3488
f 3490 3304 856
f 5028 3673 3792
f 3486 3487 3301
f 4860 3306 1582
f 2931 3306 3132
f 2931 3307 3133
f 2687 3307 3136
f 2930 3308 2672
f 3308 2681 3891
f 3138 3309 3139
f 3141 3147 3309
f 3143 3310 3140
f 3146 3310 2933
f 3140 3148 3311
f 3311 3148 3312
f 3148 3142 3494
f 3880 3882 3219
f 2941 2942 4966
f 3313 3151 3500
f 3687 3315 3825
f 3156 3314 3154
f 3697 3698 3695
f 3694 3693 3159
f 3319 3316 3315
f 3319 3318 3316
f 3687 3688 3315
f 3319 3321 3317
f 3157 3503 3323
f 3154 3318 3689
f 4974 3321 3319
f 3318 3319 3317
f 3478 3479 3259
f 3695 3703 3707
f 4974 3319 3315
f 3321 3827 3826
f 3598 4978 4972
f 3552 3548 3550
f 3689 3503 3157
f 3318 3317 3690
f 3325 2735 3159
f 3158 3710 3326
f 3159 2963 3325
f 3327 3325 2963
f 3330 3508 3509
f 3328 3329 2721
f 2963 3697 3702
f 3705 3506 3709
f 3158 3328 3324
f 3329 3328 3326
f 3329 3326 3330
f 2721 3329 2728
f 3508 3330 3326
f 3330 3509 3510
f 3160 3331 2965
f 2969 3331 3161
f 3714 3512 3713
f 3166 3163 3513
f 1622 3333 2972
f 3334 3333 1846
f 4884 3334 1846
f 960 959 3335
f 3335 957 4885
f 3169 3334 3335
f 3177 3336 2983
f 3337 3336 3178
f 3337 3178 4306
f 2986 3337 3181
f 4042 4034 4033
f 3624 3630 3292
f 3339 2979 2980
f 2743 3181 3339
f 2990 3340 2985
f 3340 2991 3341
f 4528 3520 3527
f 3006 3003 3516
f 3343 3342 2992
f 3003 3342 3184
f 3182 3343 2992
f 3183 3184 3343
f 3517 3001 3006
f 3345 3346 3191
f 3346 3004 3344
f 3347 3345 3191
f 3344 3190 3346
f 2217 2220 3352
f 3352 3191 3350
f 3347 2709 3000
f 3351 3350 3346
f 3190 3577 3351
f 2220 2212 3349
f 3532 3349 2212
f 3351 3346 3190
f 3352 3350 3348
f 3190 3718 3521
f 3348 3350 3351
f 3352 3348 3357
f 3349 3352 2220
f 3575 3396 3397
f 3355 3354 3353
f 3353 3574 3355
f 3354 3355 3356
f 2528 3533 3355
f 3354 3356 3348
f 3533 3356 3355
f 2217 3356 2847
f 3352 3357 2217
f 3348 3356 3357
f 3007 3179 3359
f 3358 2742 4929
f 3360 3359 3171
f 2742 3358 3359
f 3172 3360 3171
f 3360 2259 4928
f 1469 3361 1467
f 1472 3194 3361
f 1861 3362 1469
f 2468 3362 1471
f 3534 3008 2454
f 3839 3726 3363
f 3365 3364 3008
f 3366 3364 3196
f 3008 2745 3365
f 3367 2745 3180
f 2466 3366 3196
f 3366 2455 2457
f 4954 3367 3180
f 3367 4954 5063
f 3372 3369 3371
f 3017 3370 2757
f 3538 3540 3727
f 3370 3369 2757
f 3197 3368 3370
f 3370 3368 3371
f 3371 2850 3579
f 3370 3371 3369
f 3399 3579 3400
f 3542 3541 3728
f 3374 3373 2485
f 3200 3373 3198
f 2505 3374 2485
f 3374 2502 4068
f 3199 3375 2762
f 2774 3375 3200
f 2785 3376 2783
f 3025 3376 2788
f 2783 3202 3377
f 3202 2757 3537
f 3385 3378 2827
f 4437 3378 3235
f 3212 3379 3208
f 3213 3224 3379
f 3381 3380 3211
f 3213 3379 3380
f 4438 4433 4435
f 4964 3589 3461
f 3497 4058 4055
f 3224 3213 3544
f 3223 3383 3029
f 3234 3383 3226
f 3141 3731 3545
f 3892 3893 3731
f 3385 2822 3546
f 3378 3385 3235
f 3386 3546 3547
f 3386 3547 3549
f 3388 2835 3238
f 3237 3387 3236
f 3238 3393 3566
f 3236 3387 3388
f 3917 4073 4074
f 3390 3391 3035
f 3390 3236 4961
f 3550 3390 3035
f 3559 3562 3558
f 3617 3614 3618
f 3241 3722 3395
f 3523 3527 3520
f 3238 2832 3393
f 2838 3393 2832
f 3394 3038 3838
f 3578 3399 2534
f 2849 3395 3240
f 3518 3526 3530
f 3397 2524 2528
f 3395 3396 3241
f 3574 2528 3355
f 3574 3575 3397
f 3399 3398 2534
f 3039 3400 2850
f 2534 3394 3578
f 3579 3399 3372
f 3242 3398 3400
f 3399 3400 3398
f 3051 3250 3401
f 3403 3401 3250
f 3405 3250 3580
f 3409 4823 4824
f 3247 3580 3250
f 3402 4942 4944
f 4801 4784 4799
f 3402 3403 3405
f 3404 3407 3405
f 3407 3409 3405
f 4799 4800 2558
f 5033 5064 3582
f 3404 4800 3410
f 3406 4817 3407
f 4660 4736 4662
f 4782 3410 4781
f 4783 4806 4810
f 3793 5027 5028
f 3404 3410 3407
f 3410 3408 4781
f 4706 4765 4766
f 3958 3959 3777
f 3581 3412 3064
f 4985 3610 3772
f 2594 3413 2592
f 3253 3413 2590
f 4958 3441 3066
f 3425 3421 3424
f 3255 3416 3415
f 3416 3418 3415
f 3066 3416 3255
f 3418 3416 3414
f 3419 3421 3427
f 3419 3427 3429
f 3425 3422 3418
f 3418 2861 3069
f 3414 3417 3421
f 3417 3441 3427
f 3425 3420 3422
f 3426 3443 3447
f 3441 3436 3423
f 3421 3419 3424
f 3425 3418 3414
f 3443 3440 3422
f 3439 3437 3432
f 3428 3430 3435
f 3431 3419 3429
f 3446 3444 3445
f 3421 3425 3414
f 3424 3420 3425
f 3426 3440 3443
f 4964 3468 3469
f 3417 3427 3421
f 3430 3429 3427
f 3428 3429 3430
f 3431 3741 3740
f 3430 3427 3423
f 3431 3429 3428
f 3434 3430 3423
f 3430 3437 3435
f 3454 3457 3452
f 3586 3451 3431
f 3434 3436 3585
f 3585 3432 3434
f 2076 3739 3439
f 3800 3802 4004
f 3436 3434 3423
f 3437 3434 3432
f 3437 3430 3434
f 3438 3435 3433
f 3423 3427 3441
f 4962 3585 3257
f 3432 3583 3439
f 3435 3437 3433
f 3439 3739 4076
f 3431 3740 3455
f 3739 2076 3921
f 3433 3437 3439
f 3443 3422 3420
f 3440 3426 3448
f 3066 3441 3417
f 3257 3436 3441
f 3257 4958 4962
f 3737 2071 3738
f 3445 3420 3446
f 3445 3443 3420
f 3458 3461 3588
f 3445 3447 3443
f 3446 3420 3424
f 3445 3444 3447
f 3424 3451 3450
f 3450 3446 3424
f 3444 3459 3458
f 3556 3555 3552
f 4972 3475 3476
f 3471 3473 3070
f 3454 3455 3453
f 3450 3452 3446
f 3451 3424 3419
f 3452 3450 3449
f 3431 3451 3419
f 3449 3450 3451
f 3454 3449 3586
f 3452 3449 3454
f 3676 3678 3151
f 3459 3457 3458
f 3454 3586 3455
f 4459 3457 3454
f 3741 3587 3740
f 3587 3742 3740
f 3674 3676 3151
f 3849 3858 3842
f 4459 3454 3453
f 3457 3456 3458
f 3462 3458 3456
f 3462 3461 3458
f 3446 3459 3444
f 3457 3459 3452
f 3460 3462 3464
f 3464 3466 3460
f 3460 3466 3468
f 3447 3444 3588
f 4456 3463 4457
f 3462 3460 4964
f 3453 3926 4458
f 3843 3382 3841
f 4457 3462 3456
f 4527 3466 3464
f 4521 4618 3557
f 3551 3733 3549
f 4527 3464 3463
f 3465 4442 3468
f 3844 3849 3842
f 3598 3746 3747
f 3465 3468 3466
f 3467 4977 3468
f 3597 3595 3596
f 3448 3745 3594
f 3752 3070 3928
f 3093 3470 3750
f 3472 3258 2595
f 3473 3471 3259
f 3069 3472 2595
f 3259 3471 3472
f 3475 3473 3607
f 3070 3473 3475
f 3745 3593 3594
f 3592 3599 3591
f 3607 3473 3448
f 3474 3477 3928
f 3589 3591 3447
f 3447 3588 3589
f 3474 4978 3754
f 3480 3608 3753
f 3479 3478 2861
f 3472 3478 3259
f 3440 3479 2861
f 3259 3479 3448
f 3608 3480 3095
f 3261 3759 3930
f 3270 3481 3268
f 3272 3276 3481
f 3652 3651 3642
f 4732 4746 4747
f 3644 3629 3636
f 3613 3614 3282
f 3484 3655 3656
f 5059 3659 3996
f 3299 3485 3290
f 3658 3485 3300
f 2929 3491 3666
f 3303 3486 3301
f 3667 3487 3666
f 3487 3667 3668
f 3788 3669 3787
f 1707 3670 1515
f 856 3304 3489
f 3488 3489 3304
f 860 3490 856
f 3127 3490 861
f 2928 3491 2929
f 3792 3491 2927
f 5030 3793 5029
f 4337 4210 4335
f 3149 3493 3150
f 3311 3493 2406
f 3496 3142 3495
f 3312 3148 3494
f 3915 3916 3913
f 3497 4057 3150
f 3142 3496 3494
f 3495 3497 3498
f 3890 3878 3879
f 3843 4049 4050
f 3497 3150 3498
f 3493 3498 3150
f 4376 2945 4374
f 4051 4134 4160
f 3678 3682 3151
f 2183 3500 3684
f 3932 3770 3931
f 3688 3320 4974
f 2726 3323 3502
f 2731 3502 3323
f 3503 3689 3690
f 3159 3693 2963
f 3503 3690 3829
f 3697 3699 3702
f 2963 3693 3697
f 3505 3699 3704
f 3158 3327 3709
f 3327 3702 3705
f 2233 3507 2436
f 3329 3507 2728
f 3710 3508 3326
f 3509 3508 1986
f 1987 3509 1986
f 3509 1982 3510
f 1982 5058 4874
f 3510 2425 4916
f 3712 3163 3165
f 3161 3114 3511
f 4967 3512 3714
f 2958 4953 4968
f 3163 3332 3513
f 3332 3713 3715
f 3100 3938 3940
f 3936 3771 3934
f 3716 3515 3338
f 3717 2989 2990
f 3341 3720 3719
f 3518 3519 3522
f 3517 3006 3519
f 3344 3517 3718
f 3523 3520 3522
f 3529 3531 3530
f 3523 3522 3519
f 3519 3518 3521
f 3719 3516 3341
f 4382 4380 4381
f 3531 3725 3530
f 3521 3576 3577
f 3523 3519 3006
f 4529 3520 4528
f 3006 3516 3523
f 3516 3719 3527
f 3528 4528 3527
f 4021 3837 4023
f 4019 3716 4308
f 4497 3389 3567
f 4529 3522 3520
f 3530 3526 4975
f 3516 3527 3523
f 3528 3527 3525
f 3946 3942 3774
f 3569 4495 4496
f 3723 3721 3529
f 3531 3722 3241
f 4975 3526 3524
f 3722 3531 3529
f 3531 3241 3575
f 3518 3725 3521
f 2948 3532 2212
f 3347 3532 2709
f 2523 3533 2528
f 3356 3533 2847
f 2454 4969 3535
f 3363 3534 4083
f 3195 3995 3781
f 3534 3535 4083
f 3659 3780 3662
f 3664 3663 3300
f 3538 3537 3369
f 3202 3537 3727
f 3539 3538 3369
f 3538 2801 3540
f 3369 3372 3539
f 3539 3372 3541
f 2803 3540 2801
f 3377 3540 2797
f 4075 3736 3918
f 2840 2841 3728
f 2801 3539 3542
f 3541 3542 3539
f 2798 3543 2797
f 3543 2792 4932
f 3213 3380 4976
f 3878 3877 3544
f 3731 3141 3891
f 3914 3913 3545
f 3547 3546 2831
f 3385 3546 3386
f 3550 3237 3390
f 3550 3548 3549
f 4536 3035 3391
f 3551 3548 4970
f 3550 3549 3547
f 3549 3548 3551
f 3237 3550 3547
f 3550 3035 3552
f 3555 3554 4971
f 4970 4433 3551
f 3553 3552 3035
f 3556 3561 3554
f 4534 3391 4537
f 4144 4152 4153
f 3556 3554 3555
f 3847 3853 3864
f 3556 3552 3553
f 4669 4971 3554
f 4536 3553 3035
f 3559 3556 3553
f 4672 4619 4673
f 3855 3850 3381
f 3979 3992 3994
f 3559 3561 3556
f 4536 3562 3553
f 3558 4795 3559
f 3389 3566 3567
f 5071 3634 4994
f 3565 3558 3564
f 3867 3857 3865
f 3553 3562 3559
f 4622 3564 3562
f 3568 4532 4534
f 3282 3614 3617
f 4622 3562 3560
f 3565 3564 3563
f 3615 3626 3622
f 4121 4214 4217
f 3567 3566 3037
f 3388 3566 3389
f 3239 3734 3037
f 4472 4532 4531
f 3734 4496 3037
f 3986 3976 3982
f 3917 3392 2842
f 4321 3569 4073
f 2841 3570 2837
f 2842 3392 3570
f 3571 2840 3919
f 2842 3570 3571
f 3541 3736 2840
f 3038 3395 3721
f 2533 3573 2534
f 3240 3573 2531
f 3575 3574 3353
f 2528 3574 3397
f 3575 3353 3576
f 3575 3241 3396
f 3577 3576 3353
f 3576 3521 3725
f 3354 3577 3353
f 3521 3577 3190
f 3838 3038 3724
f 3571 3919 3572
f 3371 3579 3372
f 3400 3579 2850
f 4803 3580 3247
f 3580 4803 4804
f 2365 5065 5064
f 3064 2365 3581
f 5067 4338 5066
f 4212 4332 4343
f 3583 3432 3585
f 3583 3737 3738
f 3812 3814 3806
f 3800 3684 3799
f 3257 3585 3436
f 3583 3585 3442
f 3451 3586 3449
f 3431 3455 3586
f 4004 3797 3684
f 3676 3675 3679
f 3458 3588 3444
f 3589 3588 3461
f 3589 3469 3743
f 3447 3591 3593
f 3743 3469 4977
f 3594 3596 3476
f 3591 3589 3743
f 3593 3591 3590
f 3597 3599 3601
f 3596 3598 4972
f 3593 3590 3594
f 3447 3593 3426
f 3597 3596 3594
f 3594 3476 3607
f 3744 3592 3743
f 3747 3746 3604
f 3597 3594 3590
f 3595 3746 3596
f 3590 3599 3597
f 4682 3599 3592
f 3603 3595 3601
f 3747 3749 4978
f 3591 3599 3590
f 3601 3599 4682
f 3744 4621 4682
f 3700 3833 3834
f 3603 3600 3602
f 3595 3597 3601
f 4145 4150 4147
f 3757 3929 3759
f 3600 3603 3601
f 3604 3603 3602
f 4184 4188 4181
f 3749 3747 5003
f 3752 3258 3070
f 3606 3470 3093
f 2860 3606 2589
f 3470 3606 3605
f 3594 3607 3448
f 3475 3607 3476
f 3750 3608 3095
f 3608 3477 3753
f 3261 3753 3756
f 3685 3686 3501
f 3772 2855 3412
f 3612 3483 3611
f 3612 3611 3276
f 3613 3611 3483
f 3776 3957 3643
f 3621 3616 3620
f 3614 3613 3483
f 3613 3282 3285
f 3620 3483 3621
f 3622 3292 3625
f 3483 3620 3614
f 3617 3618 3615
f 3640 3636 3616
f 3633 3628 3631
f 3614 3620 3618
f 3619 3617 3615
f 3627 3635 3639
f 3623 3626 3627
f 3622 3619 3615
f 3286 3287 3773
f 3621 3483 3612
f 3618 3620 3616
f 3610 3482 3957
f 3640 3642 3644
f 3622 3626 3624
f 3625 3292 3294
f 3615 3627 3626
f 4020 3720 4018
f 3631 3624 3623
f 3631 3630 3624
f 3286 3619 3625
f 3622 3625 3619
f 3627 3615 3618
f 3623 3624 3626
f 3618 3636 3635
f 3627 3618 3635
f 3623 3627 3639
f 3628 5072 5070
f 3636 3629 3635
f 3637 3647 3963
f 3943 3628 3774
f 3775 3298 3299
f 3623 5068 3633
f 3630 3631 3628
f 3639 3779 3637
f 4390 4388 4385
f 3623 3633 3631
f 3632 4987 5072
f 3963 3965 3637
f 4996 3719 3720
f 3636 3618 3616
f 3639 3635 3779
f 3616 3641 3640
f 3640 3641 3638
f 3644 3645 3629
f 5068 3637 3965
f 3641 3649 3638
f 4201 4193 5008
f 3779 3635 3629
f 3639 3637 5068
f 3641 3616 3621
f 3640 3638 3642
f 3776 3621 3612
f 3643 3641 3621
f 3638 3649 3650
f 3645 3647 3629
f 3958 3960 3643
f 3649 3641 3960
f 3640 3644 3636
f 3645 3644 3642
f 3651 3645 3642
f 3963 3647 3964
f 3643 3957 3958
f 4518 4519 4358
f 3651 3654 3645
f 3647 3645 3654
f 3652 4973 3650
f 4234 4235 4229
f 3960 3641 3643
f 3649 3646 4797
f 4742 4724 4741
f 4199 5008 4193
f 3642 4973 3652
f 3654 3651 5006
f 4412 4413 5045
f 3651 3652 4822
f 3971 3967 3968
f 3966 3632 3965
f 5006 3651 3648
f 3654 3653 3964
f 3656 3655 3297
f 3657 3655 3484
f 3297 3485 3658
f 2642 4965 5059
f 4965 3657 3484
f 3660 3280 3269
f 3663 3658 3300
f 3658 3665 3662
f 3662 3656 3658
f 5059 3996 2644
f 3293 3660 3295
f 3280 3660 3657
f 3664 3956 3663
f 4037 4035 4036
f 3658 3663 3665
f 4026 4025 3781
f 3664 3300 3298
f 3663 3661 3665
f 3628 3943 3630
f 3298 3942 3664
f 3661 3782 3665
f 3536 3726 3839
f 3667 3666 3305
f 3486 3666 3487
f 3305 3129 3667
f 3667 3129 4087
f 4097 3998 4094
f 4002 3789 3672
f 3783 3784 4980
f 3488 3671 3670
f 859 3488 3670
f 3787 3671 3488
f 3672 3671 3669
f 3789 3790 3671
f 3669 4980 3784
f 3784 3786 3672
f 3792 3305 3491
f 4091 4003 3673
f 4966 3313 2941
f 4451 3676 3499
f 4374 2945 4160
f 3926 3453 3455
f 3499 3676 3674
f 3679 3678 3676
f 3677 3679 3680
f 3926 3455 3742
f 3681 3677 3742
f 3677 3681 3795
f 3680 3679 3675
f 3677 3678 3679
f 4160 2945 4159
f 4456 3680 4455
f 3925 3587 3741
f 3678 3795 3682
f 3799 3682 3800
f 3500 3682 3799
f 2183 2177 3683
f 3313 3683 2177
f 3682 3795 3796
f 2167 4004 3816
f 3685 2960 4009
f 3687 3685 3501
f 4009 4010 3824
f 4979 3767 3771
f 3688 3687 3501
f 3315 3316 3825
f 3931 3501 3686
f 3757 3261 3756
f 3154 3689 3157
f 3690 3689 3318
f 3826 3691 3317
f 3690 3317 3691
f 3703 3695 3698
f 3692 3504 3696
f 3690 3691 3829
f 3700 3703 3833
f 3694 3159 2731
f 3697 3693 3698
f 3323 3694 2731
f 3504 3693 3694
f 3708 3706 3692
f 3699 3695 3830
f 3692 3696 3503
f 3504 3694 3696
f 3698 3693 3504
f 3699 3697 3695
f 3692 3706 3504
f 3698 3706 3703
f 3830 3704 3699
f 3699 3505 3702
f 3834 3833 4015
f 4013 3832 2014
f 3830 3707 3701
f 4014 2014 3832
f 3705 3702 3505
f 3327 2963 3702
f 3698 3504 3706
f 3703 3700 3707
f 3704 3701 4011
f 3505 3704 3832
f 4013 3505 3832
f 4124 4284 4285
f 3692 3829 3708
f 3703 3706 3833
f 4235 3700 4237
f 4214 4216 4219
f 3322 3835 3691
f 3835 4015 4017
f 3705 3709 3327
f 3710 3709 3506
f 3506 4284 3711
f 3710 1986 3508
f 1988 1986 3711
f 1986 3710 3711
f 3161 3511 3712
f 3163 3712 3511
f 3714 3713 2878
f 3713 3512 3715
f 3714 2878 3113
f 4967 3714 3086
f 3940 3715 3512
f 3514 3513 3715
f 3951 3950 3948
f 3525 3719 4996
f 2979 3515 3717
f 2989 3717 3515
f 3344 3718 3190
f 3519 3718 3517
f 3720 3341 2991
f 3527 3719 3525
f 2991 4019 4018
f 2991 4018 3720
f 3723 3529 4975
f 3721 3723 3724
f 3529 3721 3722
f 3395 3722 3721
f 3837 4021 4022
f 3721 3724 3038
f 4021 3724 3723
f 3394 3838 3578
f 3530 3725 3518
f 3576 3725 3531
f 3839 3363 3195
f 4027 3726 3536
f 3202 3727 3377
f 3538 3727 3537
f 3542 3728 2804
f 2840 3728 3541
f 3843 3844 3842
f 3883 3886 3887
f 3879 3878 3382
f 3142 3916 3915
f 3892 3731 3891
f 2670 3902 2676
f 3897 3901 3899
f 3886 3888 3879
f 3549 3733 3386
f 4438 3733 3551
f 3239 3392 3734
f 4074 3734 3392
f 4128 3837 4297
f 3716 3338 4303
f 3918 3736 3541
f 3578 3838 3920
f 4963 3737 3442
f 2074 2071 3737
f 2073 3738 2071
f 2076 3583 3738
f 2076 2337 3921
f 3739 3584 4077
f 3431 3428 3741
f 3587 3681 3742
f 3428 3438 3741
f 3741 3438 3925
f 3742 3677 3926
f 3455 3740 3742
f 3469 3468 4977
f 3591 3743 3592
f 5002 3870 3874
f 4148 5040 4147
f 3448 3426 3745
f 3593 3745 3426
f 3596 3746 3598
f 3595 3604 3746
f 3747 3604 3748
f 4978 3474 4972
f 3602 3927 3604
f 4015 4016 3834
f 3748 4172 5003
f 3261 3480 3753
f 3093 3750 3095
f 3751 3750 3470
f 3752 3751 3470
f 3477 3608 3751
f 3605 3752 3470
f 3070 3475 3928
f 3477 3754 3753
f 3760 3756 3754
f 3474 3754 3477
f 3754 3749 3760
f 4191 3770 3941
f 3929 4323 4394
f 3754 3756 3753
f 3757 3756 3755
f 3762 3757 3755
f 3759 3609 3764
f 3761 3755 3760
f 3762 3763 4181
f 3261 3757 3759
f 3929 3757 3758
f 3761 3760 3749
f 3756 3760 3755
f 4172 3762 3761
f 3757 3762 3758
f 3755 3761 3762
f 4172 4171 3763
f 3604 3927 3748
f 4287 3827 3828
f 3480 3261 3930
f 3766 3764 3609
f 3765 3766 3767
f 3768 3769 3099
f 3767 3766 3609
f 3768 3766 3765
f 3767 3609 3770
f 3932 3771 3767
f 3768 3765 3769
f 3764 3768 3098
f 4979 3769 3765
f 3096 3769 3094
f 3941 3609 3759
f 3770 4191 4327
f 4009 3686 3685
f 3937 3936 3934
f 3252 4986 3412
f 4986 3961 4985
f 3617 3773 3282
f 3286 3773 3619
f 3946 3774 3948
f 3945 3664 3942
f 3292 3630 3775
f 3775 3630 3943
f 3957 3612 3610
f 3643 3621 3776
f 5037 4985 3961
f 3962 3777 3959
f 3964 3970 3778
f 3977 3979 3966
f 3629 3647 3779
f 3637 3779 3647
f 3484 3780 3659
f 3656 3662 3780
f 4083 3995 3195
f 3659 3662 3781
f 3955 3661 3956
f 4129 3536 3839
f 3487 3668 3783
f 3783 3668 3784
f 3997 3786 3784
f 3669 3784 3672
f 3668 3998 3997
f 4090 4088 4000
f 3997 3784 3668
f 3999 3786 3785
f 3788 3787 3125
f 3671 3787 3669
f 3788 3125 4960
f 4980 3788 3301
f 3790 3789 1724
f 3671 3672 3789
f 3790 1724 3791
f 3790 1515 3670
f 1722 3791 1724
f 1259 1708 3791
f 5029 5028 3792
f 3673 3305 3792
f 4824 3402 3409
f 4330 4333 4210
f 3794 4003 4091
f 4998 4093 4096
f 3677 3795 3678
f 3796 3795 3681
f 3796 4005 3804
f 3796 3803 3800
f 3798 3797 2167
f 2183 3684 3797
f 2164 3798 2170
f 2182 3798 2162
f 3800 3682 3796
f 3684 3500 3799
f 3803 3804 4006
f 2167 3797 4004
f 3433 3439 4076
f 3807 3805 3801
f 3805 3800 3803
f 3802 3800 3805
f 3804 3803 3796
f 3803 3801 3805
f 3796 3681 4005
f 3925 4981 3804
f 3807 3810 3812
f 3809 3815 3807
f 3814 3812 3813
f 1827 2174 3817
f 3810 3807 3801
f 3807 3806 3809
f 3810 3811 3808
f 3812 3806 3807
f 4909 4910 3814
f 3815 3809 3816
f 3811 3810 3801
f 3810 3808 3812
f 4006 3811 3801
f 3811 4981 4982
f 3813 3808 4078
f 3812 3808 3813
f 3921 3922 3923
f 3584 3823 3813
f 4910 3818 3820
f 3818 4100 4099
f 3807 3815 3805
f 3809 3817 3816
f 2167 3816 2174
f 3802 3815 3816
f 3809 3820 3819
f 3817 3821 4008
f 4908 3823 4907
f 4098 1154 3821
f 3820 3809 3806
f 3821 3819 3818
f 4910 3806 3814
f 3818 3819 3820
f 3821 3818 4099
f 3821 1154 4008
f 4107 4101 4105
f 4100 4213 4007
f 2339 2336 4902
f 3813 3823 4908
f 3935 2956 2958
f 3932 3933 3771
f 3314 3825 3316
f 2962 3687 3825
f 3321 3826 3317
f 3322 3691 3826
f 3828 3827 3320
f 3322 3826 3827
f 4327 4324 3688
f 3927 4167 3748
f 3829 3691 4017
f 3503 3829 3692
f 3707 3830 3695
f 3701 3704 3830
f 3831 4011 4012
f 3831 4012 4214
f 4011 3832 3704
f 4014 2018 2019
f 3706 3708 3833
f 3833 3708 4015
f 4167 4169 4171
f 4196 4192 4194
f 3322 4287 4286
f 3322 4286 3835
f 3948 3944 3946
f 3954 3949 3953
f 4975 4462 3723
f 4126 3917 4127
f 4023 3838 3724
f 3572 3919 3920
f 3195 4025 3839
f 4026 4129 4025
f 4027 4028 3840
f 4030 4029 3840
f 4976 3544 3213
f 3844 3843 3841
f 3850 3848 3729
f 4158 3876 3873
f 3844 3841 3729
f 3843 3842 4049
f 3844 3729 3848
f 3848 3846 3853
f 3859 4049 3858
f 3886 3879 3845
f 3852 3850 3855
f 3850 3852 3846
f 3846 3863 3869
f 4053 3876 4310
f 3729 4976 3850
f 3853 3849 3844
f 3853 3844 3848
f 4053 3858 3849
f 3855 3381 3856
f 3846 3848 3850
f 4048 4522 3217
f 3851 3860 3852
f 3860 3865 3857
f 3860 3863 3852
f 3852 3863 3846
f 3847 3849 3853
f 4053 3875 3876
f 3859 3845 4049
f 3856 3381 3211
f 3851 3852 3855
f 4046 3211 3218
f 3856 4046 4047
f 4317 4149 4315
f 4143 3872 4139
f 4053 3849 3847
f 3858 3854 3859
f 3854 4133 3859
f 2943 3150 4057
f 3851 4434 3865
f 3860 3857 3863
f 3868 3857 3867
f 3847 3864 3875
f 3862 4434 4432
f 4428 4422 3866
f 3863 3871 3870
f 3870 3869 3863
f 3853 3846 3869
f 5000 3875 3864
f 3851 3865 3860
f 3862 4429 3867
f 4400 4203 4197
f 3861 3869 3870
f 3862 3867 3865
f 3867 3866 5026
f 4145 4154 4142
f 4139 3872 4136
f 3861 3864 3869
f 3869 3864 3853
f 3871 3863 3857
f 3871 3874 3870
f 3857 3868 3871
f 3872 5001 5002
f 4136 3872 3874
f 4143 4141 4146
f 4143 4146 5001
f 4445 4373 3465
f 3871 3868 3874
f 4137 4136 3874
f 5000 3864 3861
f 3875 3873 3876
f 4370 4158 3873
f 4378 4454 3675
f 3878 3544 3382
f 3880 3877 3730
f 3382 4050 3879
f 3730 3877 3878
f 3859 3887 3845
f 4061 3732 3914
f 3884 3882 3880
f 3224 3880 3219
f 3881 3884 3885
f 3914 3901 4061
f 4060 3882 3881
f 3228 3882 3227
f 3889 4058 3495
f 4059 3885 3889
f 3884 3730 3890
f 3881 3882 3884
f 3890 3879 3888
f 3888 3889 3885
f 3887 3886 3845
f 3888 3886 3883
f 3859 4133 4135
f 4057 4056 4161
f 3889 3888 3883
f 3888 3885 3890
f 4058 3889 3883
f 3889 3495 4059
f 3884 3890 3885
f 3890 3730 3878
f 3308 3891 3141
f 3892 3891 2681
f 2679 3892 2681
f 3893 3892 2676
f 3902 3903 3896
f 3893 3895 3894
f 3545 3731 3894
f 3893 3894 3731
f 3896 3898 3902
f 3901 4060 3881
f 3896 3903 3905
f 3227 4060 4163
f 3895 3900 3899
f 4063 3900 4062
f 3902 3898 3893
f 3899 3900 3897
f 3900 3895 3898
f 3897 4060 3901
f 3898 3896 3900
f 3905 4065 4062
f 3901 3881 4061
f 3384 3899 3901
f 2676 3902 3893
f 3902 2670 3903
f 3904 2670 2682
f 3905 3903 2683
f 2678 3904 2682
f 2683 3903 3904
f 3908 3905 2683
f 3910 2509 4997
f 3908 3909 3906
f 2509 3910 4066
f 4065 3908 3910
f 3900 4063 3897
f 3909 3908 2683
f 3908 3906 3910
f 3911 3909 2683
f 3909 2662 3912
f 4066 3910 3906
f 4997 3232 4064
f 3904 3911 2683
f 2678 2398 4983
f 2662 4071 3912
f 2776 2775 4070
f 3914 3545 3384
f 3913 3732 3915
f 3901 3914 3384
f 3732 3913 3914
f 4059 3915 3732
f 3495 3142 3915
f 3146 3916 3142
f 3913 3916 3147
f 4297 4126 4127
f 4073 3917 3735
f 3541 3372 3918
f 4075 3372 3399
f 2840 3736 3919
f 3920 3919 3736
f 3578 3920 3736
f 3572 3920 3838
f 2075 3922 3921
f 3739 3923 3584
f 2336 3922 2075
f 3923 2339 3823
f 2339 3923 3922
f 3823 3584 3923
f 4077 4078 3924
f 4982 3924 3811
f 4981 3925 3438
f 4005 3925 3804
f 3677 3680 3926
f 4458 3680 4456
f 4147 4138 4140
f 4171 4169 3763
f 3474 3928 3475
f 3477 3752 3928
f 4188 4323 3758
f 3609 3941 3770
f 3759 3764 3930
f 3480 3930 3764
f 3932 3931 3686
f 4327 3931 3770
f 3932 3686 3933
f 3770 3932 3767
f 4009 3933 3686
f 3934 3933 3824
f 3935 3934 3824
f 3100 3939 3938
f 2956 3935 3824
f 2958 4968 4081
f 3934 3935 3937
f 3939 3936 3938
f 4081 3935 2958
f 3940 3938 3937
f 3936 3937 3938
f 3940 3937 3514
f 3101 3939 3100
f 3094 3936 3939
f 3715 3940 3514
f 4967 3940 3512
f 3759 3929 3941
f 4191 3941 4394
f 3298 3775 3943
f 3946 3945 3942
f 3774 3942 3943
f 3298 3943 3942
f 3948 3774 3947
f 3948 3950 3944
f 3945 3944 4130
f 3663 3956 3661
f 3774 3628 5069
f 3944 3945 3946
f 3951 3953 3949
f 4045 4132 4304
f 3951 3948 3947
f 4041 3176 4034
f 4993 4992 3952
f 3716 4303 4305
f 4039 4043 4045
f 4031 3176 4032
f 3947 4993 3953
f 3950 3951 3949
f 3634 5070 5072
f 3992 3979 3976
f 3947 3953 3951
f 3954 3953 3952
f 3975 3970 3967
f 5060 4996 4995
f 4130 3950 4044
f 4031 4034 3176
f 3664 3945 3956
f 3955 3956 3945
f 3957 3482 3958
f 3612 3957 3776
f 3959 3958 3482
f 3960 3958 3777
f 3482 4985 5037
f 5036 3961 5035
f 3777 3646 3960
f 3649 3960 3646
f 4339 4335 4334
f 3252 5034 3961
f 4739 4738 2564
f 4772 4777 3962
f 3647 3654 3964
f 3965 3963 3778
f 3968 3964 3653
f 3778 3963 3964
f 3966 3965 3778
f 3965 3632 5068
f 3968 3970 3964
f 3973 3974 3967
f 5005 5007 5006
f 3977 3975 3981
f 5007 3971 3968
f 3968 3967 3970
f 4082 4192 4195
f 3967 3971 3973
f 3975 3967 3974
f 3778 3970 3977
f 5007 3968 3653
f 4328 3973 3971
f 4207 4204 4208
f 3980 3989 3990
f 4328 3971 3969
f 3974 3973 3972
f 3983 4196 3989
f 3986 3991 3976
f 3975 3974 3978
f 3778 3977 3966
f 3982 3976 3978
f 3735 4379 4073
f 3970 3975 3977
f 3975 3978 3981
f 3983 3982 3978
f 3978 3976 3981
f 3991 3992 3976
f 3979 3994 4988
f 3982 3983 3980
f 4466 4166 4389
f 3976 3979 3981
f 3977 3981 3979
f 3983 3978 3974
f 3980 4627 3986
f 3972 3985 3974
f 3983 3974 3985
f 3990 4626 4627
f 4166 4379 4383
f 4193 4198 4199
f 3980 3983 3989
f 3980 3986 3982
f 4558 3991 3986
f 4192 3985 3972
f 4398 4555 4554
f 4388 4166 4383
f 4994 4992 4993
f 4196 3983 3985
f 3990 3989 3987
f 3987 4194 4203
f 3568 4537 4497
f 4558 3986 3984
f 3991 3988 3992
f 3993 3992 3988
f 4988 3634 4987
f 3988 4492 4557
f 3954 3952 4989
f 3992 4991 3994
f 4991 3993 4992
f 4084 3995 4083
f 3995 4084 4086
f 3659 3781 3996
f 3995 3996 3781
f 3998 3668 4087
f 3785 3786 3997
f 4092 3129 4003
f 4092 3794 4095
f 3999 3785 4000
f 4001 3999 1719
f 4089 4000 3785
f 4090 4000 4089
f 1721 4001 1719
f 1724 4001 1722
f 1724 4002 4001
f 3672 3786 4002
f 4091 3673 3492
f 4003 3794 4092
f 3800 4004 3684
f 3816 4004 3802
f 3681 3587 4005
f 3925 4005 3587
f 3803 4006 3801
f 4981 4006 3804
f 4213 4102 4104
f 4104 4115 4117
f 2185 4008 1154
f 3817 4008 1827
f 4010 4009 2960
f 3933 4009 3824
f 2961 4010 2960
f 2956 3824 4010
f 4012 4011 3701
f 3832 4011 3831
f 4223 3707 4234
f 4236 4239 4231
f 4123 4013 2014
f 3505 4013 3705
f 3832 3831 4014
f 4219 4014 3831
f 4017 4015 3708
f 4016 4015 3835
f 4286 4359 3835
f 4168 4174 4183
f 3829 4017 3708
f 3691 3835 4017
f 4019 2991 2989
f 4020 4018 3836
f 3716 4019 2989
f 3836 4018 4019
f 3836 4309 5012
f 4488 4493 4491
f 4022 4021 3723
f 3837 4128 4023
f 4382 4530 4380
f 3917 4126 3735
f 3838 4023 3572
f 3724 4021 4023
f 3837 4022 4024
f 4463 4464 4462
f 3195 3781 4025
f 3781 3662 4026
f 3662 3665 4026
f 3665 3782 4129
f 4028 4027 3536
f 4029 4027 3840
f 4036 3536 3782
f 4031 4035 4034
f 4032 4030 3840
f 3726 4029 2745
f 3173 3180 4030
f 3180 4029 4030
f 3840 4028 4031
f 4035 4033 4034
f 3177 4032 3176
f 4032 3173 4030
f 4038 4033 4037
f 4306 4039 4304
f 4035 4031 4028
f 4042 4041 4034
f 4036 4028 3536
f 4035 4028 4036
f 3782 4040 4036
f 4035 4037 4033
f 4040 4037 4036
f 4038 4037 3955
f 4130 4038 3955
f 4043 4044 4045
f 4042 4033 4043
f 4039 4042 4043
f 3661 4040 3782
f 4037 4040 3955
f 4306 4041 4039
f 3178 3176 4041
f 4043 4033 4038
f 4039 4041 4042
f 4044 4038 4130
f 4043 4038 4044
f 4131 4299 3949
f 4045 4044 4298
f 4131 4298 4299
f 4303 4304 4132
f 4047 4046 3217
f 3211 4046 3856
f 4955 4048 3217
f 3851 3856 4047
f 4437 3235 4438
f 4432 4434 4522
f 4049 3845 4050
f 3858 4049 3842
f 3879 4050 3845
f 3382 3843 4050
f 4134 3854 4310
f 4159 4056 4135
f 4136 4137 4052
f 4194 3987 4196
f 3858 4053 3854
f 3875 4053 3847
f 4450 4453 4448
f 4134 4051 4133
f 3883 3887 4055
f 4055 3887 4056
f 4056 3887 4135
f 4056 4159 4161
f 3497 4055 4057
f 4056 4057 4055
f 4055 4058 3883
f 3495 4058 3497
f 3915 4059 3495
f 3732 4061 4162
f 4163 4060 3897
f 4060 3227 3882
f 3881 3885 4061
f 4162 4061 3885
f 3905 4062 3896
f 4063 4062 3907
f 4064 4063 3907
f 4163 4165 3227
f 4997 3907 3910
f 3232 3229 4064
f 4062 4065 3907
f 3908 4065 3905
f 4067 4066 3906
f 4068 2502 2509
f 3906 3912 4067
f 4069 2774 3200
f 4066 4067 4068
f 3198 4068 4067
f 4067 3912 4069
f 3912 4071 4070
f 2774 4069 4070
f 3912 4070 4069
f 4072 4071 2662
f 4070 4071 2776
f 2662 4983 4984
f 2776 4072 2281
f 4383 4379 4381
f 3569 3734 4074
f 3917 4074 3392
f 3569 4074 4073
f 3736 4075 3578
f 3372 4075 3918
f 4077 4076 3739
f 3433 4076 3924
f 4078 4077 3584
f 4076 4077 3924
f 3813 4078 3584
f 4078 3808 3811
f 4170 4174 4168
f 4157 4318 4156
f 4180 3763 4169
f 4325 3320 4324
f 3514 3937 4081
f 3935 4081 3937
f 4192 4198 4195
f 4151 4318 4157
f 4083 3195 3363
f 4084 4083 3535
f 4085 4084 3535
f 4086 4084 2463
f 4969 4085 3535
f 4085 2448 2462
f 2643 4086 2463
f 3996 4086 2644
f 3667 4087 3668
f 3129 3998 4087
f 1720 4088 1723
f 3999 4088 1719
f 4097 3785 3997
f 3998 3129 4092
f 4090 2049 4897
f 4088 4090 1723
f 4330 4091 3492
f 4212 4343 4344
f 4093 4095 4096
f 4097 4089 3785
f 4348 4349 4350
f 4347 4094 4095
f 3998 4092 4094
f 4094 4092 4095
f 4095 3794 4351
f 4095 4093 4347
f 4212 3794 4091
f 4096 2366 4998
f 3998 4097 3997
f 4089 4097 4094
f 4099 4098 3821
f 4098 4007 4120
f 4100 3818 3822
f 4098 4099 4007
f 4100 3822 4102
f 4007 4099 4100
f 4103 4105 3822
f 4107 4106 5056
f 4909 3822 4910
f 4102 4101 4104
f 4907 2339 4906
f 4101 4102 4105
f 4101 4107 4109
f 4999 4116 4119
f 3822 4105 4102
f 4107 4103 4106
f 4906 2339 4902
f 4109 4108 4110
f 4103 4107 4105
f 4109 4107 5056
f 4108 5056 4845
f 4843 945 4844
f 4846 4108 4845
f 4109 4110 4111
f 887 4119 881
f 4109 4111 4101
f 4114 4113 4110
f 4104 4101 4111
f 4118 881 4119
f 4113 4115 4111
f 4114 4110 886
f 4113 4112 4115
f 886 888 4118
f 4112 4113 4114
f 4116 4115 4112
f 4115 4116 4117
f 4116 4112 4119
f 1151 1163 4120
f 4120 4117 4116
f 4213 4117 4007
f 4112 4114 4118
f 4118 4114 886
f 4119 887 4999
f 4112 4118 4119
f 1151 4120 4116
f 4120 1163 4098
f 4012 3701 4223
f 4354 4218 4222
f 4227 4239 4225
f 4224 4012 4223
f 2017 4123 2014
f 4123 2007 4124
f 4282 4124 2007
f 4124 4283 4284
f 3758 4181 4188
f 4125 4287 4288
f 4127 3917 2842
f 4460 4126 4024
f 4128 4127 2842
f 4024 4297 3837
f 3571 4128 2842
f 4128 3572 4023
f 4025 4129 3839
f 3665 4129 4026
f 3945 4130 3955
f 3950 4130 3944
f 3949 4302 4131
f 4131 4301 4300
f 4298 4300 4045
f 4301 4307 4300
f 4134 4133 3854
f 4135 4133 4051
f 4310 3876 4311
f 4377 4375 4160
f 4135 4051 4159
f 3859 4135 3887
f 4137 3874 3868
f 4140 4139 4136
f 4314 4316 5026
f 4316 4317 4315
f 4140 4138 4139
f 4439 4441 4373
f 4140 4136 4052
f 5039 4143 4139
f 4145 4140 4052
f 4620 4523 4524
f 5039 5040 4440
f 4054 4372 4373
f 4137 4315 4052
f 4167 4170 4079
f 5039 4139 4138
f 4371 4141 4319
f 4144 4150 4152
f 3467 4442 4444
f 4052 4315 4154
f 4150 4145 4142
f 5000 3873 3875
f 4146 5000 5001
f 4145 4147 4140
f 4148 4147 4144
f 5044 4524 4148
f 3465 4441 4442
f 5026 4316 3868
f 4421 4425 4317
f 4318 4152 4150
f 4147 4150 4144
f 4142 4154 4156
f 4168 4183 4189
f 4318 4150 4142
f 4153 4152 4151
f 5004 4175 4179
f 4526 3744 4525
f 4052 4154 4145
f 4149 4427 4156
f 4425 4426 4317
f 4205 4082 4195
f 4149 4156 4154
f 4156 4155 4157
f 4244 4272 4280
f 4079 4185 4177
f 4371 4319 4370
f 4158 4312 4311
f 4160 4159 4051
f 4161 4159 2945
f 4312 4447 4377
f 4966 4376 3499
f 2945 4376 4446
f 4057 4161 2943
f 3885 4059 4162
f 3732 4162 4059
f 3897 4063 4163
f 4063 4064 4164
f 4165 3229 3230
f 4063 4164 4163
f 3229 4165 4164
f 3228 4165 3230
f 4467 4470 4476
f 4379 4321 4073
f 4174 4170 4167
f 4167 4079 4169
f 4174 4186 4183
f 4564 4566 4393
f 4177 4169 4079
f 4176 4180 4177
f 4174 4167 3927
f 5004 4179 4170
f 3763 3762 4172
f 4167 4171 3748
f 3761 3749 5003
f 3748 4171 4172
f 4079 4170 4179
f 4294 4243 4251
f 3927 3602 4174
f 4183 4186 4178
f 4207 4197 4204
f 4177 4185 4173
f 3828 4289 4288
f 3763 4180 4181
f 4179 4182 4185
f 4176 4177 4173
f 3600 4682 4621
f 4569 4573 4576
f 5004 4170 4168
f 4179 4175 4182
f 4177 4180 4169
f 4181 4180 4176
f 4181 4176 4184
f 3762 4181 3758
f 4248 4242 4246
f 4251 4290 4292
f 4186 4174 3602
f 4572 4189 4183
f 4184 4365 4289
f 3828 4395 4289
f 4179 4185 4079
f 4173 4185 4182
f 3602 3600 4186
f 4684 4186 3600
f 4393 4151 4157
f 4190 5004 4189
f 4326 4188 4184
f 4323 4188 4080
f 4572 4183 4178
f 4189 4187 4190
f 4393 4322 4564
f 4268 4257 4261
f 4324 4191 4080
f 4327 3501 3931
f 4195 4198 4193
f 4192 4082 4194
f 3969 5005 5008
f 4226 4215 4224
f 4204 4194 4082
f 4204 4203 4194
f 4198 4192 3972
f 4725 4205 4195
f 3989 4196 3987
f 4192 4196 3985
f 4725 4201 4707
f 4197 4209 4396
f 4328 3972 3973
f 4198 4328 4199
f 4200 5008 5005
f 4813 4814 4794
f 4515 4611 4513
f 4228 4357 4233
f 4518 4665 4517
f 4217 4221 4121
f 4222 4218 4352
f 4256 4248 4254
f 4396 4400 4197
f 3987 4203 4553
f 4208 4206 4207
f 4203 4204 4197
f 4725 4195 4193
f 4208 4205 4502
f 4232 4245 4228
f 4197 4207 4209
f 4208 4204 4082
f 4209 4207 4206
f 4082 4205 4208
f 4502 4205 4202
f 4406 4615 4363
f 4409 4398 5038
f 4333 3492 5027
f 4333 4335 4210
f 4348 4211 4093
f 4897 4350 2120
f 4332 4091 4330
f 4091 4332 4212
f 4102 4213 4100
f 4117 4213 4104
f 4224 4215 4355
f 4216 4214 4121
f 4225 4226 4227
f 4233 4356 4230
f 4121 4352 4216
f 4219 4216 2018
f 4355 4214 4012
f 4215 4356 4221
f 4222 4352 4221
f 4218 4354 5009
f 4014 4219 2018
f 4214 4219 3831
f 4226 4230 4215
f 4506 5043 4410
f 4215 4221 4217
f 4221 4220 4222
f 4353 4222 4220
f 4354 2852 5009
f 3707 4223 3701
f 4224 4223 4122
f 4227 4226 4224
f 4215 4217 4355
f 4225 4240 4246
f 4357 4249 4250
f 4227 4224 4122
f 4230 4226 4232
f 4234 4229 4231
f 4227 4122 4231
f 4232 4228 4230
f 4507 2566 4353
f 4237 3834 4238
f 4238 4361 4237
f 4232 4226 4225
f 4230 4228 4233
f 4234 4231 4122
f 4229 4360 4231
f 4225 4239 4240
f 4246 4242 4245
f 4228 4245 4249
f 4222 4353 2566
f 4223 4234 4122
f 4234 3707 4235
f 3707 3700 4235
f 4237 3700 3834
f 4243 4238 4016
f 4261 4257 4258
f 4238 3834 4016
f 4229 4235 4237
f 4016 4251 4243
f 4252 4360 4361
f 4231 4239 4227
f 4240 4239 4236
f 4360 4252 4236
f 4248 4256 4263
f 4276 4274 4265
f 4243 4252 4238
f 4236 4253 4240
f 4362 4247 4249
f 4251 4016 4359
f 4281 4241 4273
f 4274 4259 4265
f 4187 4569 4568
f 4246 4245 4232
f 4362 4249 4245
f 4225 4246 4232
f 4246 4240 4248
f 4256 4262 4263
f 4666 4722 4613
f 4254 4240 4253
f 4240 4254 4248
f 4362 4245 4242
f 4249 4247 4250
f 4364 4420 4264
f 4220 4503 4353
f 4290 4125 4288
f 4273 4296 4267
f 4281 4243 4241
f 4252 4281 4253
f 4252 4253 4236
f 4253 4244 4254
f 4273 4272 4244
f 4280 4256 4254
f 4562 4630 4631
f 4278 4279 5011
f 4258 4256 4255
f 4258 4262 4256
f 4261 4265 4259
f 4600 4598 4271
f 4265 4261 4258
f 4262 4258 5011
f 4696 4275 4695
f 4585 4571 4574
f 4268 4278 4257
f 4263 4264 4242
f 4265 4258 4255
f 4696 4697 4259
f 5011 4258 4257
f 4263 4262 4260
f 4263 4260 4264
f 4248 4263 4242
f 5011 4279 4260
f 4364 4264 4260
f 4272 4267 4269
f 4265 4255 4269
f 4696 4274 4275
f 4363 4404 4403
f 4251 4292 4294
f 4575 4592 4581
f 4697 4261 4259
f 4266 4721 4278
f 4272 4269 4255
f 4276 4269 4267
f 4276 4277 4595
f 4579 4570 4580
f 4640 4642 4687
f 4279 4508 4364
f 4255 4256 4280
f 4281 4273 4244
f 4296 4273 4241
f 4267 4272 4273
f 4276 4265 4269
f 4274 4270 4594
f 4579 4581 4190
f 4322 4393 4561
f 4277 4276 4267
f 4274 4276 4270
f 4241 4294 4296
f 4583 4175 4581
f 4266 4278 4268
f 4278 4271 4279
f 4358 4418 4511
f 4260 4279 4364
f 4244 4280 4254
f 4255 4280 4272
f 4253 4281 4244
f 4281 4252 4243
f 4282 2007 2008
f 4283 4282 1996
f 2005 4283 1996
f 4284 4283 1988
f 3711 4284 1988
f 4285 3506 3705
f 3506 4285 4284
f 4013 4285 3705
f 3322 3827 4287
f 4286 4125 4359
f 4288 4287 3828
f 4125 4286 4287
f 4326 4395 4325
f 4290 4251 4359
f 4365 4184 4176
f 4366 4291 4288
f 4288 4289 4366
f 4291 4290 4288
f 4182 4652 4173
f 4290 4291 4292
f 4291 4653 4295
f 4241 4243 4294
f 4293 4653 4652
f 4584 4182 4583
f 4292 4295 4294
f 4277 4267 4296
f 4291 4295 4292
f 4293 4584 4367
f 4294 4295 4296
f 4367 4296 4295
f 4126 4297 4024
f 4128 4297 4127
f 4299 4298 4044
f 4300 4298 4131
f 4044 3950 4299
f 3949 4299 3950
f 4302 4301 4131
f 4132 4045 4300
f 4990 4989 3993
f 4309 4308 4305
f 3949 3954 4302
f 5017 5016 3954
f 4304 4303 3338
f 4305 4303 4132
f 4306 4304 3338
f 4045 4304 4039
f 4307 4305 4132
f 4019 4308 3836
f 3337 4306 3338
f 4306 3178 4041
f 4300 4307 4132
f 4308 4309 3836
f 3716 4305 4308
f 4309 4305 4307
f 4307 4301 4309
f 5013 5012 4309
f 4053 4310 3854
f 4311 3876 4158
f 4312 4158 4054
f 4134 4310 4311
f 4448 4447 4054
f 4311 4312 4377
f 4448 4313 4447
f 4378 4320 4375
f 4520 4428 4431
f 4314 4421 4317
f 4316 4315 4137
f 4154 4315 4149
f 3868 4316 4137
f 4316 4314 4317
f 4422 4421 4314
f 4399 4405 4329
f 4152 4318 4151
f 4156 4318 4142
f 4439 4373 4319
f 4158 4370 4372
f 4320 4374 4375
f 4320 4378 4451
f 4166 4388 4389
f 3569 4321 4495
f 4393 4634 4561
f 4570 4190 4187
f 4394 4080 4191
f 3758 4323 3929
f 4325 4324 4080
f 3320 3688 4324
f 4326 4325 4080
f 3320 4325 3828
f 4188 4326 4080
f 4395 4184 4289
f 4324 4327 4191
f 3688 3501 4327
f 4199 4328 3969
f 3972 4328 4198
f 4401 4397 4399
f 4149 4426 4427
f 4333 5027 4331
f 4330 4210 4332
f 3409 4817 4823
f 4335 4331 5051
f 4342 4210 4337
f 4096 4212 4344
f 3492 4333 4330
f 5051 4334 4335
f 4817 4783 4805
f 4782 4783 3406
f 4331 4335 4333
f 4339 4337 4335
f 4339 4340 4336
f 5034 5033 4341
f 4345 4337 4336
f 4342 4341 5032
f 4342 4332 4210
f 5066 5032 3582
f 4339 4334 4818
f 4336 4337 4339
f 4817 4805 4823
f 4806 4783 3411
f 4345 4346 4341
f 5064 5033 3252
f 4342 4337 4345
f 4343 4342 4338
f 4342 4343 4332
f 4343 4338 4344
f 5067 4344 4338
f 2366 4096 4344
f 4345 4336 4821
f 4342 4345 4341
f 4808 4811 4810
f 5034 5035 3961
f 4093 4211 4347
f 4089 4347 4211
f 4998 4348 4093
f 4914 4349 2370
f 2110 2120 4349
f 4349 2120 4350
f 2049 4211 4350
f 4350 4211 4348
f 4095 4351 4096
f 3794 4212 4351
f 4216 4352 4218
f 4221 4352 4121
f 4503 4233 4504
f 4233 4357 4504
f 4222 2566 4354
f 4411 4354 2566
f 4214 4355 4217
f 4012 4224 4355
f 4221 4356 4220
f 4230 4356 4215
f 4249 4357 4228
f 4504 4357 4250
f 4657 4597 4358
f 4250 4247 4418
f 4359 4016 3835
f 4290 4359 4125
f 4231 4360 4236
f 4229 4237 4361
f 4252 4361 4238
f 4229 4361 4360
f 4242 4264 4362
f 4247 4362 4264
f 4501 4406 4363
f 4363 4596 4404
f 4279 4598 4508
f 4510 4418 4247
f 4176 4173 4365
f 4366 4173 4291
f 4289 4365 4366
f 4173 4366 4365
f 4293 4367 4295
f 4277 4296 4367
f 4670 4521 4668
f 4714 4646 4649
f 4713 4730 4731
f 4329 4396 4399
f 4371 4370 3873
f 4372 4370 4319
f 3873 4146 4371
f 4141 4371 4146
f 4373 4372 4319
f 4054 4158 4372
f 4439 4319 4141
f 4527 3465 3466
f 4375 4374 4160
f 4376 4374 4320
f 4377 4160 4134
f 4378 3675 4451
f 3499 4376 4320
f 2940 2944 4446
f 4377 4134 4311
f 4313 4375 4377
f 4375 4452 4378
f 4313 4453 4452
f 4381 4379 3735
f 4166 4321 4379
f 4460 4381 3735
f 4995 5023 5024
f 3735 4126 4460
f 4381 4380 4383
f 4022 4461 4024
f 4460 4461 4382
f 4380 4386 4385
f 4383 4380 4385
f 4020 3836 5012
f 4478 4482 4473
f 4465 4530 4464
f 4385 4384 4390
f 5060 3528 3525
f 4384 4385 4386
f 4387 4390 4391
f 4546 4487 4548
f 4385 4388 4383
f 4388 4387 4477
f 4475 4470 4389
f 4468 4471 4392
f 4390 4384 5042
f 4388 4390 4387
f 4485 4488 4489
f 4559 4492 4558
f 4166 4466 4321
f 4471 4468 4469
f 4562 4157 4155
f 4565 4499 4564
f 3929 4394 3941
f 4080 4394 4323
f 4325 4395 3828
f 4184 4395 4326
f 4401 4399 4396
f 4400 4396 5038
f 4397 4401 4404
f 4405 4408 4329
f 4409 5038 4408
f 4409 4542 4543
f 4401 4396 4209
f 4715 4405 4399
f 5038 4396 4329
f 4400 4398 4554
f 4403 4401 4209
f 4401 4403 4404
f 4635 4397 4404
f 4426 4425 4423
f 4206 4501 4209
f 4502 4406 4501
f 4363 4698 4596
f 4571 4585 4587
f 4715 4399 4397
f 4402 5048 4408
f 4516 4607 4610
f 4403 4501 4363
f 4715 4402 4405
f 4541 3563 4539
f 4402 4408 4405
f 4408 4407 4409
f 4541 4542 4733
f 4535 4539 3563
f 4505 4250 4418
f 4657 4658 4506
f 4411 2566 4412
f 4414 4411 2563
f 4412 2566 4507
f 2561 2565 4412
f 4410 4505 4506
f 5045 4661 4740
f 4415 4414 2563
f 2852 4354 4414
f 4416 4415 2563
f 4920 4417 2306
f 2565 4416 2563
f 4416 2309 2310
f 2852 4415 4417
f 2306 4417 4415
f 4247 4264 4420
f 4505 4410 4504
f 4602 4598 4600
f 4514 4358 4511
f 4617 4616 4508
f 4510 4511 4418
f 4314 5026 4422
f 4368 4423 4425
f 4424 4428 4429
f 4421 4422 4520
f 4674 4670 4672
f 4645 4646 4643
f 4429 4430 4424
f 4431 4368 4520
f 4368 4425 4421
f 4423 5046 4426
f 4427 4426 4369
f 4149 4317 4426
f 4369 4712 4629
f 4156 4427 4155
f 4429 4428 3866
f 4428 4424 4431
f 3867 4429 3866
f 4429 3862 4430
f 3862 4432 4430
f 4435 4432 4048
f 4424 4521 4431
f 3557 4668 4521
f 3865 4434 3862
f 4430 4435 4433
f 4430 4433 4618
f 4435 4430 4432
f 3851 4047 4434
f 4522 4434 4047
f 4048 4436 4435
f 4437 4438 4436
f 4048 3033 4436
f 4437 4436 3033
f 3378 4437 3033
f 3733 4438 3235
f 4433 4438 3551
f 4436 4438 4435
f 4141 4440 4439
f 4441 3465 4373
f 4141 4143 5039
f 3468 4442 3467
f 4439 4440 4441
f 4443 4442 4441
f 4443 4441 4440
f 4442 4443 4444
f 4523 4440 5040
f 4443 4523 4444
f 4144 5044 4148
f 4977 4525 3744
f 4448 4449 5041
f 4373 4445 4449
f 2945 4446 4161
f 2940 4446 4376
f 4054 4447 4312
f 4313 4377 4447
f 4054 4449 4448
f 4445 5041 4449
f 4373 4449 4054
f 5041 4445 3463
f 3464 4457 3463
f 3680 3675 4454
f 3676 4451 3675
f 4320 4451 3499
f 4375 4313 4452
f 4313 4448 4453
f 4453 4455 4454
f 4378 4452 4453
f 4378 4453 4454
f 4455 4453 4450
f 4456 4455 4450
f 3680 4454 4455
f 4456 4450 5041
f 4459 4458 4456
f 3462 4457 3464
f 3456 4456 4457
f 3680 4458 3926
f 4459 4456 3456
f 3457 4459 3456
f 3453 4458 4459
f 4461 4460 4024
f 4381 4460 4382
f 4022 4462 4461
f 4382 4461 4464
f 3723 4462 4022
f 4463 4462 3524
f 3524 3526 4529
f 3528 4386 4465
f 4462 4464 4461
f 4465 4464 4463
f 4465 4463 4528
f 4530 4386 4380
f 4389 4470 4469
f 4495 4468 4392
f 4467 4469 4470
f 4472 4533 4532
f 4321 4466 4468
f 4469 4468 4466
f 4389 4469 4466
f 4469 4467 4471
f 4473 4475 4477
f 4472 4545 4480
f 4471 4467 4545
f 4392 4471 4531
f 4480 4545 4476
f 4472 4480 4533
f 4473 4477 4478
f 4473 4482 4486
f 4546 4475 4473
f 4409 4543 4398
f 4477 4475 4389
f 4479 4476 4470
f 4479 4470 4475
f 4476 4474 4480
f 4388 4477 4389
f 4477 4387 4478
f 4387 4391 4478
f 4560 4486 4482
f 4487 4546 4486
f 4476 4479 4548
f 4622 4535 3563
f 4532 4533 3560
f 4482 4478 4483
f 4482 4483 4481
f 4483 4478 4391
f 4481 4492 4559
f 4488 4483 4391
f 4481 4483 4491
f 4623 4624 4547
f 4484 4623 4487
f 4489 4488 4391
f 5016 5017 5015
f 4560 4482 4481
f 4486 4484 4487
f 4560 4625 4484
f 4476 4548 4474
f 4489 4391 5042
f 4488 4485 4493
f 4386 3528 5025
f 5022 4020 5012
f 4493 4494 4490
f 4481 4491 4492
f 4488 4491 4483
f 4492 4491 4490
f 4557 4492 4490
f 4558 4492 3988
f 4494 4493 4485
f 4491 4493 4490
f 5019 5015 4494
f 4990 5018 4989
f 4468 4495 4321
f 4496 4495 4392
f 4392 4531 4497
f 3037 4496 3567
f 3567 4496 4497
f 4392 4497 4496
f 4630 4155 4629
f 4397 4635 4686
f 4153 4566 4567
f 4566 4153 4151
f 4700 4601 4500
f 4588 4589 4587
f 4209 4501 4403
f 4502 4501 4206
f 4208 4502 4206
f 4406 4502 4202
f 4233 4503 4220
f 4507 4503 4410
f 4505 4504 4250
f 4503 4504 4410
f 4358 4597 4418
f 4413 4507 5043
f 4418 4597 4505
f 4514 4518 4358
f 4507 4353 4503
f 4412 4507 4413
f 4598 4279 4271
f 4508 4419 4617
f 4202 4663 4406
f 4608 4604 4605
f 4247 4420 4510
f 4510 4420 4511
f 4420 4364 4616
f 4512 4511 4420
f 4611 4516 4610
f 4515 4514 4511
f 4512 4516 4515
f 4608 4609 4604
f 4515 4511 4512
f 4665 4518 4514
f 4512 4617 4516
f 4513 4514 4515
f 4664 4605 4607
f 4419 4664 4607
f 4612 4513 4611
f 4764 4784 4771
f 4665 4514 4513
f 4518 4517 4519
f 4703 4519 4704
f 4658 4659 4506
f 4421 4520 4368
f 4428 4520 4422
f 4618 4521 4424
f 4669 4619 4668
f 3217 4522 4047
f 4432 4522 4048
f 4440 4523 4443
f 4524 4523 4148
f 4576 4153 4567
f 4525 4444 4620
f 3467 4444 4525
f 4444 4523 4620
f 4153 4576 4577
f 4573 4684 4683
f 3463 4445 4527
f 3465 4527 4445
f 4465 4528 3528
f 4529 4528 4463
f 3524 4529 4463
f 4529 3526 3522
f 4464 4530 4382
f 4386 4530 4465
f 4531 3568 4497
f 4471 4472 4531
f 4534 4532 3560
f 4531 4532 3568
f 4535 4533 4480
f 4622 3563 3564
f 3560 3562 4536
f 4961 4537 3391
f 4474 4540 4480
f 4407 4733 4542
f 3391 4534 4536
f 4536 4534 3560
f 4497 4537 3389
f 3568 4534 4537
f 4540 4539 4535
f 4555 4556 4554
f 4535 4480 4540
f 4541 4539 4538
f 4548 4487 4549
f 4538 4539 4540
f 4541 4538 4542
f 3563 4541 3565
f 4543 4542 4538
f 4407 4542 4409
f 4540 4544 4538
f 4543 4538 4544
f 4548 4552 4474
f 4543 4556 4555
f 4471 4545 4472
f 4476 4545 4467
f 4475 4546 4479
f 4486 4546 4473
f 4551 4550 4547
f 4552 4548 4549
f 4546 4548 4479
f 4487 4623 4549
f 4547 4550 4549
f 4544 4552 4550
f 4547 4626 4551
f 4552 4544 4540
f 3990 4553 4551
f 4554 4556 4553
f 4474 4552 4540
f 4549 4550 4552
f 3987 4553 3990
f 4554 4553 4203
f 4400 4554 4203
f 4398 4543 4555
f 4544 4556 4543
f 4544 4550 4556
f 4550 4551 4556
f 4556 4551 4553
f 4490 4494 5018
f 3993 3988 4557
f 3991 4558 3988
f 4559 4558 3984
f 4484 4625 4624
f 4560 4484 4486
f 4481 4559 4560
f 4560 4559 4625
f 4634 4157 4562
f 4637 4636 4561
f 4155 4427 4629
f 4561 4562 4498
f 4404 4685 4635
f 4639 4690 4644
f 4565 4564 4322
f 4566 4564 4499
f 4574 4565 4322
f 4568 4570 4187
f 4566 4499 4567
f 4393 4566 4151
f 4569 4499 4568
f 4499 4569 4567
f 4499 4565 4568
f 4568 4565 4570
f 4187 4572 4569
f 4572 4573 4569
f 4565 4574 4580
f 4190 4570 4579
f 4636 4585 4574
f 4592 4591 4593
f 4189 4572 4187
f 4573 4572 4178
f 4683 4684 4621
f 4526 4524 4577
f 4636 4322 4561
f 4590 4580 4571
f 4571 4589 4590
f 4595 4582 4593
f 4569 4576 4567
f 4577 4576 4573
f 4577 4573 4683
f 4577 4524 5044
f 4498 4631 4633
f 4275 4588 4695
f 4570 4565 4580
f 4581 4579 4575
f 4571 4580 4574
f 4575 4579 4580
f 4592 4583 4581
f 4190 4581 4175
f 4590 4575 4580
f 4584 4277 4367
f 4584 4583 4582
f 4182 4175 4583
f 4651 4584 4582
f 4293 4652 4584
f 4636 4574 4322
f 4687 4587 4578
f 4498 4638 4637
f 4586 4642 4644
f 4578 4587 4585
f 4588 4587 4586
f 4588 4586 4688
f 4587 4589 4571
f 4275 4591 4588
f 4590 4589 4591
f 4589 4588 4591
f 4583 4592 4582
f 4594 4275 4274
f 4592 4593 4582
f 4575 4590 4592
f 4591 4592 4590
f 4594 4591 4275
f 4595 4593 4270
f 4270 4593 4594
f 4591 4594 4593
f 4276 4595 4270
f 4595 4277 4651
f 4699 4698 4615
f 4718 4635 4685
f 4657 4358 4519
f 4506 4505 4597
f 4599 4600 4601
f 4508 4598 4602
f 4656 4700 4655
f 4599 4603 4602
f 4600 4271 4601
f 4602 4600 4599
f 5047 4721 4266
f 4690 4691 4692
f 4656 4599 4700
f 4602 4419 4508
f 4603 4509 4605
f 4602 4603 4664
f 4708 4615 4663
f 5049 4201 5008
f 4509 4708 4608
f 4607 4605 4604
f 4707 4606 4663
f 4707 4726 4606
f 4610 4607 4604
f 4419 4607 4516
f 4509 4608 4605
f 4609 4608 4606
f 4710 4727 4792
f 4814 3650 4796
f 4614 4667 4609
f 4612 4613 4513
f 4516 4611 4515
f 4612 4611 4610
f 4667 4610 4604
f 4709 4666 4612
f 4667 4709 4610
f 4741 4705 4702
f 4791 4609 4726
f 4613 4612 4666
f 4615 4406 4663
f 4615 4509 4699
f 4508 4616 4364
f 4512 4420 4616
f 4516 4617 4419
f 4616 4617 4512
f 4430 4618 4424
f 3557 4618 4433
f 4711 3561 4673
f 4521 4670 4431
f 4524 4526 4620
f 4525 4620 4526
f 3744 4526 4621
f 4683 4621 4526
f 3560 4533 4622
f 4622 4533 4535
f 4624 4623 4484
f 4549 4623 4547
f 3984 3986 4627
f 4626 4624 4627
f 4559 3984 4625
f 4627 4625 3984
f 4551 4626 3990
f 4547 4624 4626
f 4627 4624 4625
f 3990 4627 3980
f 4368 4675 4423
f 4562 4631 4498
f 4369 4629 4427
f 4630 4629 4628
f 4630 4628 4631
f 4155 4630 4562
f 4632 4631 4628
f 4631 4632 4633
f 4649 4646 4632
f 4645 4643 4647
f 4641 4689 4640
f 4687 4637 4638
f 4157 4634 4393
f 4562 4561 4634
f 4685 4404 4596
f 4717 4716 4643
f 4637 4561 4498
f 4585 4636 4578
f 4638 4498 4633
f 4578 4636 4637
f 4640 4638 4633
f 4687 4578 4637
f 4633 4641 4640
f 4648 4691 4690
f 4641 4633 4632
f 4642 4640 4639
f 4645 4641 4632
f 4647 4648 4689
f 4644 4642 4639
f 4587 4687 4586
f 4628 4649 4632
f 4650 4717 4643
f 4648 4639 4689
f 4697 4266 4268
f 4646 4645 4632
f 4643 4716 4647
f 4368 4674 4675
f 4643 4646 4650
f 4647 4563 4648
f 4641 4645 4647
f 4718 4691 4648
f 4639 4648 4690
f 4677 4649 4712
f 4369 4426 5046
f 4675 4680 4677
f 4728 4681 4729
f 4595 4651 4582
f 4277 4584 4651
f 4295 4653 4293
f 4182 4584 4652
f 4291 4173 4653
f 4173 4652 4653
f 4654 4695 4688
f 4654 4688 4694
f 4656 4509 4603
f 4500 4596 4701
f 4599 4656 4603
f 4699 4656 4655
f 4658 4657 4519
f 4506 4597 4657
f 4703 4704 4660
f 5043 4659 4413
f 4659 4662 4661
f 4661 4739 4740
f 4517 4735 4705
f 4723 4661 4662
f 4413 4659 4661
f 4659 4658 4662
f 4658 4703 4662
f 4736 4723 4662
f 4707 4663 4202
f 4663 4606 4708
f 4602 4664 4419
f 4605 4664 4603
f 4513 4613 4665
f 4517 4665 4613
f 4614 4727 4666
f 4774 4770 4769
f 4609 4667 4604
f 4709 4667 4614
f 4669 4668 3557
f 4670 4668 4619
f 3557 4970 4971
f 4669 3554 4711
f 4672 4670 4619
f 4368 4431 4670
f 4679 4676 4678
f 4714 4677 4680
f 4619 4711 4673
f 4674 4672 4671
f 4747 3565 4732
f 4671 4672 4673
f 4674 4671 4675
f 4670 4674 4368
f 4671 4678 4675
f 4649 4628 4712
f 4679 4678 4671
f 4728 4402 4650
f 4675 4677 5046
f 4675 4678 4680
f 4679 4671 4673
f 4678 4676 4680
f 4746 4673 3561
f 4730 4713 4729
f 4681 4680 4676
f 4681 4646 4714
f 4681 4676 4729
f 4646 4681 4650
f 3601 4682 3600
f 3744 4682 3592
f 4577 4683 4526
f 4684 4573 4178
f 4186 4684 4178
f 3600 4621 4684
f 4500 4719 4596
f 4718 4719 4691
f 4716 4635 4563
f 4402 4686 4717
f 4640 4687 4638
f 4586 4687 4642
f 4586 4644 4688
f 4688 4644 4694
f 4640 4689 4639
f 4647 4689 4641
f 4718 4648 4563
f 4692 4644 4690
f 4693 4720 4601
f 4691 4693 4692
f 4691 4720 4693
f 5047 4654 4694
f 4721 4693 4601
f 4693 4721 5047
f 4644 4692 4694
f 4692 4693 5047
f 4688 4695 4588
f 4696 4695 4654
f 4697 4654 4266
f 4696 4259 4274
f 4697 4268 4261
f 4654 4697 4696
f 4615 4698 4363
f 4701 4698 4655
f 4656 4699 4509
f 4698 4699 4655
f 4601 4700 4599
f 4701 4700 4500
f 4698 4701 4596
f 4700 4701 4655
f 4748 4722 4749
f 4742 4758 4762
f 4519 4703 4658
f 4660 4662 4703
f 4519 4517 4704
f 4722 4735 4613
f 4660 4704 4705
f 4517 4705 4704
f 4705 4741 4737
f 4737 4765 4736
f 4725 4707 4202
f 4606 4726 4609
f 4608 4708 4606
f 4615 4708 4509
f 4610 4709 4612
f 4614 4666 4709
f 4727 4614 4744
f 4722 4748 4702
f 4669 4711 4619
f 3561 4711 3554
f 4629 4712 4628
f 5046 4712 4369
f 4679 4745 4676
f 5048 4713 4731
f 4677 4714 4649
f 4680 4681 4714
f 4397 4686 4715
f 4402 4715 4686
f 4716 4563 4647
f 4686 4635 4716
f 4402 4717 4650
f 4716 4717 4686
f 4635 4718 4563
f 4719 4500 4720
f 4718 4685 4719
f 4596 4719 4685
f 4719 4720 4691
f 4601 4720 4500
f 4601 4271 4721
f 4278 4721 4271
f 4749 4734 4748
f 4735 4702 4705
f 4738 4723 4706
f 4739 4723 4738
f 4748 4750 4702
f 4742 4754 4758
f 4205 4725 4202
f 4201 4725 4193
f 4707 4201 4726
f 4201 5049 4791
f 4744 4614 4609
f 4752 4751 4710
f 4681 4728 4650
f 5048 4728 4713
f 4730 4729 4676
f 4728 4729 4713
f 4733 4732 3565
f 4731 4407 5048
f 4732 4731 4730
f 4733 4731 4732
f 4730 4745 4732
f 4732 4745 4746
f 4733 3565 4541
f 4407 4731 4733
f 4752 4734 4751
f 4761 4753 4755
f 4613 4735 4517
f 4702 4735 4722
f 4737 4736 4660
f 4706 4723 4736
f 4705 4737 4660
f 4737 4724 4765
f 4771 4706 4766
f 4785 4786 4776
f 4740 4739 2564
f 4661 4723 4739
f 2567 4740 2564
f 5045 4740 2561
f 4742 4741 4702
f 4737 4741 4724
f 4702 4750 4742
f 4742 4762 4724
f 4793 4792 4743
f 4792 4727 4744
f 4791 4744 4609
f 4744 4743 4792
f 4676 4745 4730
f 4746 4745 4679
f 4673 4746 4679
f 4746 4795 4747
f 4795 4746 3561
f 3558 3565 4747
f 4749 4722 4666
f 4748 4734 4750
f 4666 4727 4749
f 4751 4727 4710
f 4734 4752 4755
f 4759 4755 4752
f 4734 4749 4751
f 4727 4751 4749
f 4796 4760 4814
f 4759 4761 4755
f 4742 4750 4754
f 4754 4750 4755
f 4750 4734 4755
f 4778 4780 4753
f 4760 4757 4759
f 4753 4754 4755
f 4753 4767 4778
f 4770 4764 4768
f 4797 4796 3650
f 4761 4757 4815
f 4753 4758 4754
f 4758 4756 4762
f 4760 4759 4752
f 4759 4757 4761
f 4752 4710 4798
f 4710 4792 4794
f 4797 3646 4815
f 4761 4763 4767
f 4762 4768 4766
f 4765 4762 4766
f 4777 3646 3777
f 4761 4767 4753
f 4770 4768 5050
f 4775 4764 4770
f 4765 4706 4736
f 4724 4762 4765
f 4768 4762 4756
f 4766 4764 4771
f 4763 4772 4767
f 4788 4769 4773
f 4756 5050 4768
f 4764 4766 4768
f 4778 4773 4780
f 4779 4773 4778
f 4769 4820 4774
f 4770 4774 4775
f 4784 4776 4771
f 4738 4706 4771
f 4777 4772 4763
f 4788 4773 4779
f 4767 4779 4778
f 5050 4773 4769
f 3411 4781 4774
f 4774 4781 4775
f 4799 4775 3408
f 2556 4776 4784
f 4785 4776 2556
f 4738 4771 4776
f 3646 4777 4763
f 3962 4777 3777
f 4779 4767 4772
f 4773 5050 4780
f 3962 4789 4772
f 4820 4787 4806
f 4756 4758 4780
f 4753 4780 4758
f 4781 3411 4782
f 4775 4781 3408
f 4783 4782 3411
f 3410 4782 3406
f 4820 4806 3411
f 4340 4805 4783
f 4764 4775 4784
f 4784 4775 4799
f 2557 4785 2556
f 4785 2551 4786
f 2567 4786 2551
f 4738 4786 2564
f 4789 4788 4779
f 4787 4789 4807
f 4779 4772 4789
f 4769 4788 4787
f 5035 4790 5036
f 4787 4788 4789
f 4811 4340 4810
f 3962 4790 4807
f 4201 4791 4726
f 4744 4791 4743
f 4743 5049 4793
f 4760 4798 4794
f 4200 4812 4793
f 4813 4794 4793
f 4792 4793 4794
f 4793 4812 4813
f 3559 4795 3561
f 3558 4747 4795
f 3650 3649 4797
f 4757 4760 4796
f 4815 3646 4763
f 4796 4797 4815
f 4794 4798 4710
f 4760 4752 4798
f 4800 4799 3408
f 4801 4799 2558
f 3410 4800 3408
f 3404 3580 4804
f 4801 2558 4802
f 4784 4801 2556
f 4803 2558 4804
f 2557 4802 2552
f 3247 2560 4803
f 4816 4803 2560
f 2558 4800 4804
f 3404 4804 4800
f 4340 4818 4805
f 4818 4819 4823
f 4808 4787 4807
f 4787 4808 4806
f 3962 4807 4789
f 4807 4790 4808
f 4809 4808 4790
f 4808 4809 4811
f 5035 4809 4790
f 4346 4345 4821
f 4783 4810 4340
f 4806 4808 4810
f 4821 4809 4346
f 4336 4340 4811
f 5005 4812 4200
f 4812 4822 4813
f 4822 4812 3648
f 4814 4813 3652
f 3650 4814 3652
f 4760 4794 4814
f 4761 4815 4763
f 4796 4815 4757
f 2559 4816 2560
f 4802 4816 2552
f 3407 4817 3409
f 4783 4817 3406
f 4339 4818 4340
f 4334 5051 4818
f 4825 5052 3793
f 4819 4825 4824
f 4774 4820 3411
f 4787 4820 4769
f 4336 4811 4821
f 4809 4821 4811
f 3651 4822 3648
f 3652 4813 4822
f 4818 4823 4805
f 4824 4823 4819
f 5052 4819 5051
f 4825 5031 4941
f 5031 3793 5030
f 2922 4936 4941
f 486 4826 431
f 1044 4826 381
f 4828 545 610
f 2026 4827 611
f 611 4828 2432
f 545 4828 4827
f 4830 561 624
f 2132 4829 625
f 625 4830 1761
f 561 4830 4829
f 5053 596 643
f 1206 4831 644
f 1041 4832 587
f 648 4832 562
f 700 4833 697
f 1111 4833 702
f 718 4834 719
f 722 4834 713
f 857 4835 855
f 1205 4835 862
f 3019 4836 911
f 1221 4836 930
f 4846 886 4110
f 5057 4845 4847
f 670 4838 1037
f 1282 4838 1039
f 1329 4839 739
f 1331 4839 1122
f 1455 4840 836
f 1457 4840 1180
f 1486 4841 423
f 1002 4841 1190
f 999 4842 997
f 1189 4842 1002
f 945 5054 4844
f 1240 4843 1238
f 4845 4844 4837
f 1238 4843 4844
f 4846 4845 4837
f 5056 4847 4845
f 886 4846 4837
f 4108 4846 4110
f 4905 4906 4902
f 4844 5057 1238
f 1260 4848 433
f 1529 4848 1261
f 1033 4849 1035
f 1275 4849 1032
f 1423 4850 1410
f 1415 4850 1424
f 1429 4851 1416
f 1421 4851 1430
f 1422 1444 4852
f 1427 4852 1444
f 1440 4853 1441
f 1446 4853 1434
f 1468 4854 1470
f 1467 1485 4854
f 1487 4855 1490
f 1001 4855 1525
f 1264 4856 1014
f 1528 1529 4856
f 1580 4857 1141
f 4858 4857 1582
f 3133 4858 1582
f 4859 4858 1818
f 2658 4859 1818
f 1576 4859 1817
f 1580 1585 4860
f 3132 4860 1585
f 4861 1654 2761
f 1652 1656 4861
f 1684 4862 1670
f 4863 4862 1686
f 4864 4863 1686
f 4865 1977 4871
f 4864 4866 4867
f 4867 2227 4870
f 1968 1969 4875
f 1674 4863 4865
f 1687 4866 1686
f 4867 4866 1685
f 4868 4867 1685
f 2227 2425 4870
f 1689 4868 1685
f 2227 4868 1690
f 2224 4869 1688
f 1690 4868 4869
f 1982 4874 3510
f 4864 4867 4870
f 4871 1977 4872
f 1968 4865 4871
f 4864 4877 1977
f 1973 1976 4872
f 4874 4870 2425
f 4873 4874 5058
f 4870 4874 4873
f 2425 3510 4874
f 4876 4875 1671
f 1968 4875 4865
f 1675 4876 1671
f 1674 4865 4876
f 4870 4877 4864
f 4873 1977 4877
f 1237 4878 1239
f 2316 4878 1236
f 1699 4879 828
f 1396 4879 1700
f 1560 4880 1313
f 1561 2652 4881
f 2652 2148 4881
f 1806 4881 2148
f 1356 4882 1809
f 2755 4882 1354
f 1700 4883 1396
f 4884 4883 1698
f 2033 4884 1698
f 3334 4884 960
f 961 4885 957
f 962 1849 4885
f 4887 4886 1117
f 1863 4886 1864
f 4887 1117 1566
f 3011 1864 4887
f 1882 4888 1880
f 1897 4888 1877
f 1930 4889 1924
f 1925 4889 1895
f 1942 4890 1352
f 2755 4890 1939
f 959 4891 949
f 4884 4891 960
f 4895 1706 2040
f 2041 2101 4893
f 2096 4893 2094
f 2041 4893 4892
f 1749 4894 1753
f 1764 4894 2092
f 4892 4895 2041
f 2321 4895 2040
f 4897 4896 2048
f 2116 4896 2120
f 4090 4897 2047
f 4350 4897 2049
f 1770 4898 845
f 1186 4898 2134
f 2216 4899 2217
f 2218 4899 2209
f 610 4900 609
f 4901 4900 593
f 1613 4901 593
f 2231 4901 1385
f 2338 2599 4903
f 4106 4906 4905
f 4904 4903 1241
f 4847 5056 4905
f 1241 1238 4904
f 5057 4904 1238
f 4902 4903 4905
f 4905 4903 4904
f 4106 4103 4906
f 4907 4906 4103
f 4908 4907 4103
f 2339 4907 3823
f 4909 4103 3822
f 3813 4908 3814
f 3814 4908 4909
f 4103 4909 4908
f 3818 4910 3822
f 4910 3820 3806
f 2342 4911 1274
f 3102 4911 2344
f 2361 4912 2124
f 2128 4912 2363
f 2367 4913 2356
f 2359 4913 2368
f 2122 4914 2117
f 4349 4914 2110
f 3119 4915 2148
f 2379 4915 2144
f 2434 4916 1619
f 3510 4916 2436
f 1907 4917 1906
f 2753 4917 1899
f 2844 4918 1940
f 2476 4918 2477
f 2526 4919 2513
f 2516 4919 2529
f 2308 4920 2306
f 2545 4920 2301
f 2559 4921 2300
f 2305 4921 2560
f 2351 4922 2353
f 2879 4922 2087
f 1774 4923 2264
f 2641 4923 2637
f 2394 2391 4924
f 2398 4924 2391
f 3168 4925 2723
f 2954 4925 2724
f 2437 4926 2233
f 2727 4926 1844
f 2734 4927 2716
f 2721 4927 2735
f 2446 4928 2259
f 4929 4928 2741
f 1484 4929 1482
f 3358 4929 1485
f 4931 4930 2751
f 692 4930 1324
f 4931 2751 4947
f 4887 1324 4931
f 2785 4932 2784
f 3543 4932 2783
f 2798 4933 2795
f 2830 4933 2802
f 2694 4934 2412
f 2217 4934 2214
f 2900 4935 2906
f 2913 4935 2910
f 4939 4936 4938
f 4824 4825 4943
f 4938 4937 2917
f 2922 4937 4936
f 2925 4938 2917
f 4939 4938 2926
f 2926 3055 4940
f 3054 4944 4942
f 3054 4940 3048
f 2926 4940 4939
f 4939 4945 4936
f 4939 3054 4942
f 4943 3402 4824
f 4945 4942 4943
f 4945 4943 4941
f 3402 4943 4942
f 3401 4944 3054
f 3402 4944 3403
f 4936 4945 4941
f 4939 4942 4945
f 1872 4946 1870
f 1864 4946 1865
f 3009 4947 2753
f 4931 4947 3011
f 2493 4948 2489
f 2789 4948 2402
f 3122 4949 2656
f 2896 4949 3063
f 3071 4950 2579
f 3104 4950 3074
f 3092 4951 3077
f 3088 4951 3089
f 2944 4952 2943
f 3149 4952 2937
f 2724 4953 2958
f 3167 4953 3168
f 4954 3179 5063
f 3173 4954 3180
f 3220 4955 3206
f 4048 4955 3033
f 2508 4956 2509
f 4957 4956 2501
f 2507 4957 2501
f 3231 4957 3233
f 3253 4958 3066
f 4962 4958 3254
f 2920 4959 2911
f 3486 4959 2918
f 3127 4960 3125
f 3302 3303 4960
f 3388 4961 3236
f 4537 4961 3389
f 4963 2858 2074
f 3585 4962 3442
f 3442 4962 4963
f 2858 4963 4962
f 3468 4964 3460
f 3589 4964 3469
f 3657 4965 3280
f 5059 3484 3659
f 4376 4966 2940
f 3674 4966 3499
f 3101 4967 3086
f 3940 4967 3100
f 3513 4968 3166
f 4081 4968 3514
f 2456 4969 2454
f 4085 4969 2448
f 4971 3548 3555
f 4433 4970 3557
f 3557 4971 4669
f 3548 4971 4970
f 3475 4972 3474
f 3596 4972 3476
f 3642 3638 4973
f 3650 4973 3638
f 3321 4974 3320
f 3315 3688 4974
f 3530 4975 3529
f 4462 4975 3524
f 3850 4976 3381
f 3841 4976 3729
f 4525 4977 3467
f 3743 4977 3744
f 3747 4978 3598
f 3754 4978 3749
f 3769 4979 3094
f 3767 4979 3765
f 3788 4980 3669
f 3783 4980 3301
f 4982 4981 3438
f 4006 4981 3811
f 3438 3433 4982
f 3924 4982 3433
f 3909 4983 2662
f 2678 4983 3911
f 2662 4984 4072
f 2398 4984 4983
f 3610 4985 3482
f 4986 4985 3772
f 3412 4986 3772
f 3252 3961 4986
f 3632 3966 4987
f 4988 4987 3966
f 3979 4988 3966
f 4988 3994 4994
f 3952 3993 4989
f 3993 4557 4990
f 4490 4990 4557
f 4490 5018 4990
f 3992 3993 4991
f 4992 3993 3952
f 3953 4993 3952
f 3994 4991 4992
f 5071 3947 5069
f 4993 5071 4994
f 4988 4994 3634
f 4992 4994 3994
f 4020 5022 5023
f 5060 5025 3528
f 3720 4020 4996
f 4996 4020 5023
f 4997 2509 4956
f 3907 4997 4064
f 2366 2370 4998
f 4998 2370 4348
f 1159 4999 887
f 1151 4116 4999
f 5001 5000 3861
f 3873 5000 4146
f 5002 3861 3870
f 4143 5001 3872
f 3872 5002 3874
f 3861 5002 5001
f 3748 5003 3747
f 3761 5003 4172
f 4189 5004 4168
f 4175 5004 4190
f 3969 3971 5007
f 4812 5005 3648
f 3654 5006 3653
f 3648 5005 5006
f 5006 5007 3653
f 3969 5007 5005
f 3969 5008 4199
f 5049 5008 4200
f 2851 5009 2852
f 2020 2021 5010
f 4216 5010 2018
f 4218 5009 5010
f 4262 5011 4260
f 4278 5011 4257
f 5013 4309 4301
f 5023 5014 5024
f 5015 5013 4301
f 5020 5021 5019
f 5021 5013 5019
f 4489 5014 5020
f 5015 4301 5016
f 5019 4494 4485
f 4301 4302 5016
f 3954 5016 4302
f 3954 4989 5018
f 4494 5015 5017
f 4494 5017 5018
f 5018 5017 3954
f 5020 5019 4485
f 5013 5015 5019
f 4489 5020 4485
f 5020 5014 5021
f 5022 5021 5014
f 5012 5013 5021
f 5021 5022 5012
f 5023 5022 5014
f 5024 5014 4489
f 4996 5023 4995
f 4489 4384 5024
f 5025 4384 4386
f 4995 5024 5025
f 4384 5025 5024
f 3867 5026 3868
f 4422 5026 3866
f 5028 5027 3492
f 5052 5027 3793
f 3673 5028 3492
f 3792 2927 5029
f 5030 5029 2927
f 3793 5028 5029
f 2928 5030 2927
f 5030 2922 5031
f 4941 5031 2922
f 3793 5031 4825
f 5066 3582 5065
f 4342 5032 4338
f 5032 5033 3582
f 5034 4341 4346
f 5034 4346 5035
f 3252 5033 5034
f 4809 5035 4346
f 4790 3962 5036
f 3962 3959 5036
f 5037 5036 3959
f 5037 3959 3482
f 3961 5036 5037
f 4400 5038 4398
f 4408 5038 4329
f 5040 5039 4138
f 4141 5039 4440
f 4147 5040 4138
f 4523 5040 4148
f 4456 5041 3463
f 4448 5041 4450
f 4390 5042 4391
f 4384 4489 5042
f 5043 4506 4659
f 4507 4410 5043
f 4144 4153 5044
f 4577 5044 4153
f 4412 5045 2561
f 4413 4661 5045
f 4675 5046 4423
f 4712 5046 4677
f 4654 5047 4266
f 4692 5047 4694
f 4408 5048 4407
f 4728 5048 4402
f 4793 5049 4200
f 4791 5049 4743
f 5050 4769 4770
f 4780 5050 4756
f 5052 5051 4331
f 4818 5051 4819
f 5052 4331 5027
f 4819 5052 4825
f 642 5053 643
f 644 5053 2904
f 5055 947 889
f 4844 5054 4837
f 886 5055 889
f 4837 5054 5055
f 4109 5056 4108
f 4905 5056 4106
f 4845 5057 4844
f 4904 5057 4847
f 1985 5058 1982
f 4872 5058 1973
f 2642 5059 2644
f 3484 5059 4965
f 4996 5060 3525
f 5025 5060 4995
f 672 5061 668
f 1861 5061 654
f 1727 5062 2602
f 2867 5062 1539
f 3193 5063 3179
f 3196 5063 2466
f 3412 5064 3252
f 2365 5064 3581
f 2367 5065 2365
f 5066 5065 2360
f 5067 5066 2360
f 5032 5066 4338
f 2369 5067 2360
f 5067 2366 4344
f 3633 5068 3632
f 3639 5068 3623
f 5070 5069 3628
f 3947 3774 5069
f 5072 3628 3633
f 5071 5070 3634
f 3947 5071 4993
f 5070 5071 5069
f 3632 5072 3633
f 3634 5072 4987
