# Blender v2.91.2 OBJ File: ''
# www.blender.org
mtllib OpenShortCil.mtl
o membrane_sequence.009_membrane_0.020
v 0.375100 0.167846 -0.327579
v 0.387192 0.188591 -0.312700
v 0.390914 0.158357 -0.308843
v 0.431697 0.170261 -0.248205
v 0.445195 0.197011 -0.221828
v 0.447602 0.160576 -0.218431
v 0.473787 0.169268 -0.153235
v 0.479843 0.184917 -0.131983
v 0.481720 0.161321 -0.126612
v 0.494615 0.172338 -0.057313
v 0.496670 0.202971 -0.025384
v 0.497567 0.158239 -0.017812
v 0.440252 0.177486 0.232391
v 0.424164 0.197523 0.259802
v 0.424482 0.160298 0.260444
v 0.230768 0.173950 0.441148
v 0.207081 0.184899 0.452487
v 0.204136 0.158730 0.454221
v -0.040293 0.180223 0.496120
v -0.068324 0.190362 0.492823
v -0.069825 0.162539 0.493100
v -0.223386 0.183003 0.444839
v -0.250336 0.205948 0.429642
v -0.250854 0.168730 0.430325
v -0.314961 0.175780 0.385626
v -0.336989 0.205960 0.365600
v -0.344193 0.163470 0.359985
v -0.384609 0.179868 0.316016
v -0.403255 0.204281 0.290982
v -0.404224 0.165270 0.290733
v -0.473558 0.168267 0.154127
v -0.478644 0.188752 0.136605
v -0.480915 0.159791 0.130058
v -0.496991 0.165399 0.030330
v -0.497092 0.194802 0.017037
v -0.497937 0.164406 0.006740
v -0.475617 0.159786 -0.147345
v -0.465833 0.193611 -0.174290
v -0.463347 0.161587 -0.182327
v -0.149558 0.184962 -0.474621
v -0.182070 0.168279 -0.463484
v -0.175578 0.200604 -0.465290
v -0.245439 0.148446 -0.433377
v -0.263567 0.174243 -0.422242
v -0.236637 0.187178 -0.437739
v -0.402332 0.183726 -0.292667
v -0.386577 0.168398 -0.313638
v -0.406471 0.155450 -0.287589
v -0.465185 0.159337 0.177829
v -0.467135 0.189955 0.171139
v -0.194268 0.193274 0.457945
v -0.198877 0.164395 0.456591
v -0.011680 0.201425 0.497182
v -0.007196 0.167556 0.497922
v 0.078089 0.187118 0.491412
v 0.053525 0.172662 0.494967
v 0.084512 0.161442 0.490736
v 0.254746 0.199836 0.427238
v 0.260027 0.160649 0.424834
v 0.340017 0.186107 0.363407
v 0.317542 0.153651 0.383644
v 0.347695 0.157548 0.356615
v 0.453809 0.196804 0.203617
v 0.454518 0.159557 0.203662
v 0.486183 0.182610 0.106608
v 0.478944 0.150108 0.136563
v 0.488225 0.151989 0.097845
v 0.358571 0.157574 -0.345702
v 0.361899 0.191472 -0.341294
v 0.009411 0.179557 -0.497517
v 0.033866 0.163203 -0.496753
v -0.001435 0.148869 -0.498022
v -0.034973 0.150566 -0.496685
v -0.029925 0.118427 -0.497061
v -0.015922 -0.232203 -0.496875
v -0.003431 -0.210521 -0.497092
v -0.000757 -0.230545 -0.497112
v 0.060114 -0.102443 -0.494195
v 0.043399 -0.129227 -0.496109
v 0.025764 -0.093716 -0.497136
v 0.064311 0.144974 -0.493843
v 0.102992 0.162998 -0.487089
v 0.093979 0.120646 -0.489003
v 0.079471 -0.230310 -0.490596
v 0.086787 -0.204058 -0.489628
v 0.099735 -0.225873 -0.487023
v 0.145190 -0.111419 -0.476236
v 0.134157 -0.148926 -0.479593
v 0.110559 -0.119177 -0.485551
v 0.168596 -0.229925 -0.467357
v 0.171934 -0.204540 -0.466589
v 0.187378 -0.222431 -0.459877
v 0.243401 -0.108882 -0.434287
v 0.224552 -0.134894 -0.444495
v 0.214242 -0.095773 -0.449340
v 0.262085 0.151945 -0.423452
v 0.285942 0.167339 -0.407530
v 0.282647 0.132075 -0.410076
v 0.259196 -0.231144 -0.424010
v 0.260060 -0.203551 -0.423649
v 0.274096 -0.224379 -0.414156
v 0.325027 -0.110408 -0.377106
v 0.309141 -0.136059 -0.390435
v 0.300003 -0.097530 -0.397254
v 0.341348 0.141065 -0.362959
v 0.357799 0.129701 -0.346408
v 0.335710 -0.230894 -0.366345
v 0.336676 -0.203103 -0.365716
v 0.348466 -0.224183 -0.353851
v 0.392069 -0.111283 -0.306815
v 0.379799 -0.137141 -0.322120
v 0.371933 -0.099446 -0.330889
v 0.409813 0.174919 -0.282988
v 0.403991 0.145129 -0.291280
v 0.404366 -0.230416 -0.288996
v 0.411545 -0.204104 -0.278890
v 0.413410 -0.227853 -0.275721
v 0.441956 -0.110066 -0.229315
v 0.432665 -0.130459 -0.246620
v 0.427337 -0.097675 -0.255407
v 0.461420 0.175914 -0.187073
v 0.457675 0.146036 -0.196252
v 0.454522 -0.230423 -0.201475
v 0.457577 -0.208271 -0.194726
v 0.461522 -0.225743 -0.183985
v 0.478128 -0.110340 -0.138996
v 0.471907 -0.133353 -0.159241
v 0.467860 -0.097824 -0.170375
v 0.487863 0.181408 -0.099395
v 0.486291 0.154169 -0.108157
v 0.483939 -0.231251 -0.113371
v 0.483833 -0.205244 -0.114089
v 0.487341 -0.223089 -0.095422
v 0.496502 -0.105767 -0.036489
v 0.494736 -0.134349 -0.056858
v 0.492791 -0.094180 -0.070579
v 0.497099 -0.230385 -0.009822
v 0.497133 -0.203521 0.002574
v 0.496879 -0.227698 0.006138
v 0.494139 -0.102234 0.060469
v 0.496365 -0.124258 0.040197
v 0.496906 -0.089765 0.029443
v 0.489740 -0.229593 0.085183
v 0.490259 -0.203926 0.082522
v 0.485079 -0.217952 0.108363
v 0.472457 -0.103860 0.156904
v 0.478929 -0.127558 0.136481
v 0.481509 -0.090565 0.126236
v 0.462882 -0.231315 0.181683
v 0.458574 -0.205546 0.191947
v 0.456807 -0.228513 0.195695
v 0.433141 -0.105201 0.245431
v 0.443366 -0.126870 0.226780
v 0.447401 -0.091789 0.218235
v 0.407810 0.178604 0.285461
v 0.406642 0.145711 0.287295
v 0.417314 -0.230044 0.270468
v 0.413159 -0.207344 0.276855
v 0.406201 -0.225232 0.286071
v 0.376947 -0.107340 0.325226
v 0.390768 -0.129778 0.308724
v 0.396696 -0.094122 0.300746
v 0.358456 -0.230936 0.344622
v 0.360509 -0.207026 0.342323
v 0.342611 -0.219498 0.360140
v 0.302049 -0.107906 0.395748
v 0.318511 -0.136200 0.382832
v 0.328183 -0.095815 0.374303
v 0.282016 -0.230814 0.409591
v 0.271457 -0.204385 0.416480
v 0.268508 -0.228127 0.418146
v 0.219718 -0.106860 0.446730
v 0.238511 -0.127485 0.437160
v 0.246630 -0.093452 0.432395
v 0.172966 0.142184 0.466974
v 0.202666 0.131515 0.454935
v 0.198380 -0.229863 0.455908
v 0.201088 -0.204758 0.454695
v 0.175832 -0.218029 0.464907
v 0.152373 -0.134975 0.474126
v 0.159370 -0.101116 0.471618
v 0.132187 -0.115664 0.480054
v 0.115414 0.150449 0.484427
v 0.089970 0.131375 0.489771
v 0.106137 -0.231158 0.485764
v 0.104940 -0.203538 0.486004
v 0.088136 -0.224274 0.488764
v 0.036974 -0.111159 0.496510
v 0.057395 -0.133018 0.494693
v 0.068369 -0.099809 0.493139
v 0.008229 -0.230482 0.497187
v 0.011585 -0.206180 0.497023
v -0.014989 -0.218473 0.496823
v -0.059815 -0.111897 0.494295
v -0.038639 -0.133650 0.496530
v -0.028897 -0.100007 0.497023
v -0.105389 0.144210 0.486716
v -0.066428 0.128172 0.493681
v -0.094168 -0.231249 0.488506
v -0.100761 -0.209461 0.487049
v -0.112181 -0.226254 0.484075
v -0.155560 -0.110442 0.472967
v -0.135756 -0.132844 0.479162
v -0.125198 -0.098572 0.481862
v -0.183802 0.150096 0.462950
v -0.165260 0.168754 0.469677
v -0.184695 -0.230796 0.461787
v -0.181349 -0.206793 0.462934
v -0.205801 -0.218817 0.452464
v -0.245529 -0.112193 0.433147
v -0.226305 -0.134062 0.443646
v -0.217273 -0.098571 0.447948
v -0.282095 0.182158 0.410241
v -0.271598 0.152343 0.417472
v -0.268348 -0.231258 0.418577
v -0.269304 -0.203747 0.417940
v -0.282844 -0.224416 0.408221
v -0.331304 -0.110085 0.371606
v -0.310663 -0.134490 0.389234
v -0.301924 -0.098394 0.395843
v -0.368394 0.163364 0.335079
v -0.362463 0.135921 0.341262
v -0.343650 -0.230751 0.359219
v -0.344793 -0.202952 0.358185
v -0.356069 -0.223870 0.346132
v -0.380774 -0.104265 0.320886
v -0.397352 -0.113004 0.300022
v -0.381184 -0.133233 0.320485
v -0.422888 0.151809 0.262902
v -0.405607 0.126120 0.288796
v -0.410446 -0.230774 0.280881
v -0.414401 -0.208732 0.274953
v -0.420114 -0.225997 0.265194
v -0.444308 -0.111724 0.224673
v -0.434975 -0.132789 0.242515
v -0.428290 -0.100038 0.253854
v -0.453210 0.149205 0.206358
v -0.463576 0.129501 0.181763
v -0.453917 -0.233080 0.202977
v -0.454541 -0.209877 0.201563
v -0.459882 -0.226999 0.188124
v -0.472553 -0.141522 0.157370
v -0.470927 -0.104364 0.161395
v -0.480800 -0.124177 0.129672
v -0.487783 0.178971 0.100370
v -0.486467 0.148696 0.106594
v -0.484260 -0.230001 0.111861
v -0.485409 -0.205517 0.107938
v -0.487873 -0.222745 0.092618
v -0.494559 -0.139513 0.058590
v -0.493775 -0.104737 0.063501
v -0.497026 -0.122737 0.031105
v -0.497187 -0.229118 0.006418
v -0.497342 -0.201908 -0.000039
v -0.496465 -0.223182 -0.013956
v -0.492857 -0.108565 -0.070286
v -0.495829 -0.131515 -0.046430
v -0.496620 -0.098388 -0.034307
v -0.490678 0.158219 -0.085077
v -0.485395 0.175211 -0.110568
v -0.485768 0.141682 -0.109999
v -0.488946 -0.231847 -0.091938
v -0.488138 -0.206462 -0.094984
v -0.484664 -0.225941 -0.110568
v -0.479252 -0.110410 -0.135230
v -0.470354 -0.115819 -0.163212
v -0.477279 -0.137172 -0.142191
v -0.453418 0.146682 -0.205916
v -0.465787 0.128865 -0.176291
v -0.463748 -0.230127 -0.179106
v -0.462036 -0.203107 -0.183858
v -0.455486 -0.223918 -0.198901
v -0.433852 -0.109110 -0.244203
v -0.440951 -0.129341 -0.231482
v -0.449792 -0.101218 -0.213443
v -0.425164 0.142908 -0.259219
v -0.409655 0.121994 -0.283042
v -0.421350 -0.231929 -0.263900
v -0.418251 -0.210831 -0.268871
v -0.411129 -0.226627 -0.278989
v -0.377737 -0.108220 -0.324307
v -0.390506 -0.134606 -0.309057
v -0.398001 -0.097044 -0.299041
v -0.366591 0.148186 -0.336986
v -0.338857 0.165527 -0.364709
v -0.344029 0.122768 -0.360056
v -0.362949 -0.230470 -0.339520
v -0.362695 -0.201786 -0.340239
v -0.349501 -0.223386 -0.352805
v -0.307224 -0.107869 -0.391750
v -0.323977 -0.128920 -0.378213
v -0.331372 -0.094606 -0.371487
v -0.298369 0.148160 -0.398686
v -0.276619 0.150155 -0.414308
v -0.287082 0.134413 -0.406837
v -0.286840 -0.230708 -0.406051
v -0.289145 -0.206535 -0.404384
v -0.267352 -0.219559 -0.419060
v -0.221200 -0.111038 -0.446012
v -0.239635 -0.137920 -0.436565
v -0.250277 -0.099300 -0.430330
v -0.213301 0.162713 -0.449955
v -0.197445 0.149846 -0.457153
v -0.205890 -0.231955 -0.452437
v -0.207263 -0.206607 -0.451782
v -0.188828 -0.223564 -0.459318
v -0.122914 -0.105284 -0.482464
v -0.147397 -0.134305 -0.475693
v -0.159806 -0.095969 -0.471450
v -0.118939 0.168369 -0.483430
v -0.088474 0.152110 -0.490038
v -0.118561 0.129838 -0.483633
v -0.108393 -0.233289 -0.485389
v -0.097023 -0.213101 -0.487529
v -0.094264 -0.231611 -0.488174
v -0.056862 -0.098719 -0.494680
v -0.033845 -0.104627 -0.496726
v -0.053451 -0.128346 -0.495128
v 0.193437 0.202273 -0.458172
v 0.188545 0.226869 -0.459764
v 0.209871 0.221477 -0.450209
v 0.345625 0.230789 -0.357479
v 0.357242 0.221486 -0.345563
v 0.335155 0.210061 -0.367056
v 0.484874 0.229416 -0.109784
v 0.487927 0.216405 -0.095489
v 0.481613 0.210995 -0.123186
v 0.496941 0.226303 -0.008276
v 0.497081 0.212669 0.009936
v 0.488199 0.228660 0.093753
v 0.484237 0.216372 0.112182
v 0.490532 0.208011 0.080462
v 0.349793 0.229488 0.353290
v 0.336066 0.217989 0.366229
v 0.358503 0.209489 0.344324
v 0.185164 0.221879 0.461239
v 0.169461 0.213490 0.467367
v 0.197373 0.208763 0.456328
v -0.097544 0.230046 0.487507
v -0.114292 0.215215 0.483797
v -0.081996 0.213950 0.490283
v -0.192205 0.221840 0.458123
v -0.218965 0.213202 0.446180
v -0.347883 0.229194 0.355129
v -0.361468 0.219634 0.341202
v -0.413747 0.226290 0.275305
v -0.425565 0.210877 0.256994
v -0.454509 0.200939 0.201291
v -0.454614 0.226442 0.200849
v -0.463565 0.217751 0.179280
v -0.100662 0.228361 -0.486766
v -0.081611 0.215208 -0.490357
v -0.117754 0.207483 -0.482972
v 0.043221 -0.167624 -0.496077
v 0.007565 -0.178333 -0.497856
v 0.014018 -0.146901 -0.497812
v 0.110405 -0.178512 -0.485397
v 0.077494 -0.173445 -0.491620
v 0.096525 -0.148773 -0.488679
v 0.059970 -0.193028 -0.494054
v 0.216592 -0.171908 -0.448157
v 0.180404 -0.172885 -0.464060
v 0.198175 -0.148434 -0.456997
v 0.284270 -0.184859 -0.408444
v 0.262123 -0.169896 -0.423382
v 0.284528 -0.153665 -0.408863
v 0.241066 -0.158996 -0.435742
v 0.242104 -0.181978 -0.435075
v 0.357655 -0.185265 -0.346004
v 0.340030 -0.169993 -0.363784
v 0.359123 -0.154588 -0.345192
v 0.323097 -0.181011 -0.378900
v 0.305633 -0.169639 -0.393074
v 0.323411 -0.158777 -0.378687
v 0.421999 -0.177020 -0.263997
v 0.407656 -0.169198 -0.285926
v 0.420521 -0.149936 -0.266993
v 0.392500 -0.160302 -0.306482
v 0.393253 -0.187317 -0.305129
v 0.376605 -0.171380 -0.325684
v 0.464737 -0.187864 -0.178024
v 0.450581 -0.180876 -0.211391
v 0.462749 -0.155674 -0.184295
v 0.493609 -0.173498 -0.064009
v 0.487859 -0.175477 -0.099443
v 0.490624 -0.150277 -0.086041
v 0.497405 -0.174571 0.020811
v 0.497900 -0.167178 -0.007268
v 0.497887 -0.145746 0.016051
v 0.496724 -0.159036 -0.035212
v 0.496736 -0.187494 -0.031286
v 0.485361 -0.186290 0.110435
v 0.485922 -0.150657 0.109173
v 0.476252 -0.167011 0.144875
v 0.452486 -0.176862 0.207465
v 0.463801 -0.170797 0.181137
v 0.454517 -0.148138 0.203814
v 0.402766 -0.186233 0.292423
v 0.423375 -0.179272 0.261746
v 0.406886 -0.152929 0.287349
v 0.342761 -0.189965 0.360878
v 0.343336 -0.156450 0.360703
v 0.321469 -0.173057 0.380186
v 0.256065 -0.176120 0.426930
v 0.279426 -0.168561 0.412164
v 0.259822 -0.147908 0.425072
v 0.301338 -0.160124 0.396459
v 0.299156 -0.188313 0.397768
v 0.148496 -0.167662 0.475273
v 0.175818 -0.187246 0.465690
v 0.178197 -0.154225 0.465019
v 0.076847 -0.184711 0.491686
v 0.100649 -0.173522 0.487608
v 0.081368 -0.154986 0.491464
v 0.123025 -0.179051 0.482473
v 0.116260 -0.145396 0.484139
v -0.014813 -0.188085 0.497528
v -0.011670 -0.155132 0.497851
v -0.044956 -0.167678 0.495895
v -0.118143 -0.188475 0.483481
v -0.081921 -0.183408 0.490924
v -0.110666 -0.156392 0.485673
v -0.230897 -0.167779 0.441159
v -0.205453 -0.188451 0.453374
v -0.201838 -0.155309 0.455251
v -0.292757 -0.185359 0.402405
v -0.273530 -0.173604 0.416007
v -0.290084 -0.155509 0.404965
v -0.364754 -0.184506 0.338532
v -0.348806 -0.173600 0.355271
v -0.362947 -0.153794 0.341031
v -0.424242 -0.187439 0.260038
v -0.404287 -0.182296 0.290264
v -0.420794 -0.151721 0.266525
v -0.463472 -0.189913 0.181239
v -0.452141 -0.178408 0.208097
v -0.463232 -0.159149 0.183078
v -0.493838 -0.173404 0.062210
v -0.487790 -0.174161 0.099713
v -0.491432 -0.151591 0.081247
v -0.480777 -0.157265 0.129811
v -0.480312 -0.188789 0.130557
v -0.472600 -0.173746 0.156716
v -0.497032 -0.182749 -0.025973
v -0.497936 -0.169574 0.002733
v -0.497683 -0.152060 -0.022959
v -0.497009 -0.155132 0.031453
v -0.496854 -0.186700 0.029459
v -0.484604 -0.181904 -0.113668
v -0.490586 -0.174059 -0.085062
v -0.485123 -0.149850 -0.113220
v -0.467178 -0.177960 -0.171601
v -0.471860 -0.195559 -0.158133
v -0.476789 -0.171154 -0.143531
v -0.423019 -0.165502 -0.262350
v -0.428690 -0.191174 -0.252809
v -0.439974 -0.162396 -0.233382
v -0.392796 -0.168970 -0.306019
v -0.410194 -0.186286 -0.281984
v -0.409037 -0.152500 -0.284068
v -0.341423 -0.181645 -0.362116
v -0.361752 -0.167275 -0.342215
v -0.343331 -0.149349 -0.360894
v -0.377336 -0.179751 -0.324923
v -0.377863 -0.156948 -0.324386
v -0.243093 -0.173031 -0.434499
v -0.267182 -0.189979 -0.419917
v -0.268049 -0.156923 -0.419681
v -0.156280 -0.173040 -0.472609
v -0.195071 -0.173161 -0.458085
v -0.176081 -0.148260 -0.466002
v -0.221471 -0.184368 -0.445851
v -0.220846 -0.161091 -0.446327
v -0.064852 -0.165299 -0.493591
v -0.099561 -0.162393 -0.487954
v -0.083242 -0.140231 -0.491024
v -0.127197 -0.158659 -0.481479
v -0.120480 -0.188408 -0.482946
v -0.034533 -0.152392 -0.496810
v -0.029197 -0.183443 -0.496947
v 0.494240 0.086473 0.059506
v 0.496087 0.067740 0.039469
v 0.496029 0.107822 0.043251
v 0.233901 -0.199609 0.438955
v 0.205380 -0.173653 0.453490
v 0.297376 -0.216414 0.398304
v 0.320901 -0.207274 0.379820
v 0.233878 -0.160119 0.439711
v 0.177301 0.233443 0.464397
v 0.177489 0.181532 0.465033
v 0.143606 -0.205143 0.476112
v 0.364325 -0.176435 0.339188
v 0.370469 -0.222003 0.331113
v 0.340531 0.236817 0.362247
v 0.364071 0.176936 0.339597
v 0.367926 0.144639 0.335444
v 0.427029 -0.213137 0.254531
v 0.417841 0.220530 0.269044
v 0.409569 0.232571 0.282021
v 0.405941 0.208892 0.287010
v 0.441947 -0.198817 0.228087
v 0.437318 -0.228901 0.235786
v 0.449261 -0.226990 0.211824
v 0.468970 -0.217497 0.164728
v 0.440950 -0.160913 0.231443
v 0.466835 0.175638 0.173049
v 0.465916 0.140819 0.175639
v -0.235540 -0.205489 0.437961
v -0.075942 -0.216032 0.491372
v -0.149107 -0.204064 0.474468
v -0.175598 -0.176596 0.465776
v -0.152591 -0.232019 0.473015
v -0.131243 -0.228976 0.479027
v -0.209141 0.233736 0.450660
v -0.143570 -0.166184 0.476806
v -0.167226 -0.222122 0.467943
v -0.240434 -0.232692 0.434972
v -0.222870 -0.231420 0.443861
v -0.046319 -0.205130 0.495111
v 0.138177 -0.232554 0.477390
v 0.157362 -0.231170 0.471090
v 0.046307 -0.202650 0.495180
v 0.017210 -0.175986 0.497481
v 0.021912 0.185686 0.497234
v 0.025875 0.154439 0.497231
v 0.215864 -0.220166 0.447487
v 0.027062 -0.221478 0.496128
v -0.111995 0.235739 0.484282
v -0.101099 0.183845 0.487386
v 0.268822 0.227057 -0.417962
v 0.282382 0.232844 -0.409063
v 0.284173 0.206311 -0.407942
v 0.257653 0.181544 -0.425701
v 0.244669 -0.221796 -0.432346
v 0.355125 0.237773 -0.348307
v 0.337832 0.172062 -0.365845
v 0.374748 -0.203730 -0.326887
v 0.322699 -0.221165 -0.377653
v 0.404832 0.235528 -0.289366
v 0.402822 0.216298 -0.291092
v 0.393036 -0.215174 -0.304211
v 0.446622 -0.213738 -0.218198
v 0.432851 -0.199173 -0.244886
v 0.436607 -0.229049 -0.237004
v 0.423087 -0.226715 -0.260331
v 0.228995 -0.205502 -0.441397
v 0.230063 -0.231839 -0.440363
v 0.208506 -0.226759 -0.450883
v 0.199183 -0.200672 -0.455669
v 0.148631 -0.216497 -0.474252
v 0.202096 0.237211 -0.454364
v 0.143720 0.158268 -0.476585
v 0.169148 0.182426 -0.468147
v 0.176096 0.150848 -0.465793
v 0.120027 -0.210949 -0.482371
v 0.133159 -0.232886 -0.478730
v 0.114537 -0.233964 -0.483746
v 0.146388 -0.184810 -0.475491
v 0.059946 -0.216231 -0.493383
v 0.079160 0.227017 -0.490626
v 0.096731 0.231814 -0.487788
v 0.094007 0.205488 -0.488216
v 0.064945 0.180632 -0.493356
v 0.497072 0.234042 0.007351
v 0.497703 0.184311 0.007431
v 0.495880 -0.157772 0.046388
v 0.495210 -0.198488 0.046387
v 0.496242 -0.215569 -0.028452
v 0.491605 -0.171530 0.078581
v 0.494352 -0.230117 0.049470
v 0.496065 -0.226668 0.024409
v 0.485620 0.236181 0.106756
v 0.477659 -0.206511 0.138214
v 0.492368 -0.219609 0.066171
v 0.469722 -0.193494 0.164354
v 0.494225 -0.205990 -0.054868
v 0.494529 -0.230644 -0.048145
v 0.491295 -0.226932 -0.073164
v 0.490241 -0.201718 -0.083627
v 0.479475 -0.221940 -0.130017
v 0.487933 0.235585 -0.096053
v 0.474542 -0.204143 -0.148649
v 0.475261 -0.232000 -0.144928
v 0.468305 -0.228833 -0.165684
v 0.481220 -0.179024 -0.127353
v 0.473767 -0.167185 -0.153245
v -0.211561 0.088777 0.450857
v -0.222859 0.121810 0.445643
v -0.250378 0.098874 0.430254
v -0.494486 0.089041 0.057163
v -0.494413 0.120742 0.059468
v -0.496997 0.099689 0.028249
v -0.495330 0.228781 0.036948
v -0.494586 0.211836 0.048643
v -0.440559 0.061642 0.231348
v -0.435558 0.099097 0.241195
v -0.449997 0.086473 0.212623
v -0.307532 0.083957 0.391382
v -0.308309 0.116654 0.391199
v -0.330495 0.092637 0.372126
v -0.122116 0.082599 0.482655
v -0.132058 0.116466 0.480171
v -0.156240 0.092284 0.472748
v -0.023655 0.081773 0.497344
v -0.030871 0.114865 0.497292
v -0.059250 0.092928 0.494363
v 0.071240 0.080579 0.492664
v 0.064164 0.111540 0.493841
v 0.037741 0.090571 0.496478
v -0.164270 0.083523 -0.469882
v -0.155974 0.116879 -0.472961
v -0.130356 0.093075 -0.480340
v -0.151748 0.222304 -0.473154
v -0.136404 0.230929 -0.477782
v -0.250173 0.088574 -0.430352
v -0.240287 0.116284 -0.436133
v -0.219699 0.095904 -0.446568
v -0.481035 0.085607 -0.128152
v -0.478435 0.119708 -0.138186
v -0.470600 0.093760 -0.162207
v -0.493787 0.080385 -0.062535
v -0.496807 0.071920 -0.030162
v -0.495383 0.103254 -0.049287
v 0.316238 0.078640 -0.384394
v 0.291921 0.067773 -0.403136
v 0.305770 0.105196 -0.392757
v 0.469780 0.086912 -0.164419
v 0.473678 0.121132 -0.153603
v 0.480042 0.098819 -0.131501
v 0.434837 0.083233 -0.242215
v 0.434958 0.116256 -0.242412
v 0.448171 0.100875 -0.216515
v 0.426906 0.228630 -0.254615
v 0.436389 0.226707 -0.237569
v 0.424890 0.206465 -0.258235
v 0.373790 0.080853 -0.328596
v 0.374252 0.113878 -0.328442
v 0.394390 0.098991 -0.303739
v 0.207824 0.071561 -0.452280
v 0.214841 0.115289 -0.449225
v 0.242077 0.088921 -0.434931
v 0.113133 0.081076 -0.484677
v 0.122760 0.106651 -0.482537
v 0.146985 0.082709 -0.475455
v 0.049370 0.083412 -0.495302
v 0.022646 0.068729 -0.497238
v 0.026723 0.100284 -0.497203
v 0.389120 0.056498 0.310246
v 0.393025 0.094720 0.305762
v 0.373950 0.080643 0.328386
v 0.160380 0.082113 0.471257
v 0.151948 0.113413 0.473999
v 0.128361 0.090766 0.480967
v 0.215870 0.085418 0.448456
v 0.244885 0.071425 0.433313
v 0.240214 0.103978 0.436071
v 0.304283 0.075655 0.393930
v 0.326673 0.067277 0.375424
v 0.319048 0.104572 0.382250
v -0.078012 0.082686 -0.491526
v -0.066280 0.107231 -0.493580
v -0.044866 0.077957 -0.495686
v 0.445156 0.068441 0.222561
v 0.442059 0.104326 0.229084
v 0.426461 0.079636 0.256512
v 0.479688 0.075060 0.132601
v 0.479733 0.108233 0.133262
v 0.470524 0.090844 0.162398
v 0.492611 0.076052 -0.071608
v 0.494186 0.110534 -0.061125
v 0.496397 0.084446 -0.036438
v -0.496904 0.220388 0.004159
v -0.497218 0.233164 -0.011149
v -0.496706 0.210016 -0.019498
v -0.497418 0.178390 -0.018568
v -0.487529 0.232616 0.097508
v -0.483858 0.216446 0.113241
v -0.494440 -0.205504 0.052872
v -0.490626 -0.201321 0.081180
v -0.479450 -0.216134 0.130953
v -0.496368 -0.214713 0.026865
v -0.494761 -0.230280 0.045909
v -0.491586 -0.226656 0.070935
v -0.495281 -0.163785 -0.052664
v -0.493917 -0.201829 -0.056825
v -0.493557 -0.231288 -0.058720
v -0.495270 -0.227302 -0.035562
v 0.059287 0.212998 -0.493544
v 0.034207 0.193899 -0.496231
v -0.399858 -0.214762 0.295405
v -0.382440 -0.201926 0.317879
v -0.437815 -0.165978 0.237239
v -0.439317 -0.204763 0.232630
v -0.440328 -0.232553 0.230356
v -0.429886 -0.229105 0.248691
v -0.471864 -0.205934 0.156934
v -0.239486 -0.207874 -0.435752
v -0.234436 -0.233587 -0.438148
v -0.251271 -0.232231 -0.428564
v -0.204047 0.191343 -0.453938
v -0.148320 -0.206704 -0.474636
v -0.177437 -0.201729 -0.464590
v -0.143339 -0.231478 -0.475775
v -0.167222 -0.227267 -0.467721
v -0.063819 -0.203629 -0.493030
v -0.089305 -0.186579 -0.489670
v -0.123948 -0.218267 -0.481363
v -0.053842 -0.230920 -0.493890
v -0.078350 -0.229898 -0.490696
v -0.445679 -0.204298 -0.220289
v -0.456596 -0.172381 -0.198523
v -0.488919 0.228247 -0.090213
v -0.485669 0.232730 -0.107305
v -0.486328 0.208606 -0.103702
v -0.491365 0.185189 -0.078492
v -0.491177 -0.221670 -0.075491
v -0.470704 -0.217552 -0.159670
v -0.479472 -0.208040 -0.131260
v -0.475597 -0.232489 -0.143933
v -0.480752 -0.233314 -0.125498
v -0.460022 0.235182 -0.188849
v -0.452179 0.235900 -0.206804
v -0.452051 0.213666 -0.206580
v -0.452868 0.178766 -0.206322
v -0.439453 -0.231716 -0.231835
v -0.448528 -0.232008 -0.213779
v 0.236102 0.213932 0.437378
v 0.224643 0.201312 0.443774
v -0.494307 0.180102 0.057631
v 0.390539 0.210764 0.307289
v 0.379142 0.197011 0.321986
v 0.394572 0.192400 0.303156
v 0.387641 0.166521 0.312505
v -0.171215 0.228244 -0.466514
v -0.195307 0.216817 -0.457116
v 0.434470 0.227946 0.240893
v 0.439660 0.209177 0.232168
v -0.341641 0.208009 -0.361111
v -0.319131 0.214855 -0.380805
v -0.317330 0.190542 -0.383110
v -0.440229 0.178099 0.232253
v -0.442607 0.217671 0.225516
v -0.419961 0.182109 0.267190
v 0.225991 0.196186 -0.443096
v 0.199853 0.171792 -0.455849
v -0.492005 0.214508 -0.071363
v -0.495149 0.194214 -0.047695
v -0.495271 0.160161 -0.051589
v -0.056342 0.219155 -0.493723
v -0.056493 0.197153 -0.494150
v -0.087078 0.184615 -0.490022
v 0.471900 0.227301 0.155491
v 0.476635 0.197995 0.141982
v 0.478594 0.225463 0.133876
v 0.119428 0.226387 -0.482320
v 0.134251 0.196426 -0.478895
v 0.145766 0.218710 0.475071
v 0.145056 0.196657 0.475767
v -0.389853 0.228983 0.308097
v -0.380091 0.208669 0.320601
v -0.371615 0.233032 0.330150
v -0.490869 0.208204 0.079062
v -0.136177 0.193280 0.478483
v -0.130040 0.167064 0.480756
v -0.047789 0.211062 0.494792
v 0.495874 0.213075 0.033648
v 0.496846 0.196937 0.027290
v 0.052205 0.204565 0.494399
v 0.492806 0.209144 -0.066425
v 0.448476 0.227209 0.214013
v 0.457725 0.220044 0.193542
v -0.494815 0.216828 -0.045905
v -0.474095 0.218847 0.149818
v -0.467994 0.234484 0.167781
v 0.471788 0.201516 -0.157163
v 0.459368 0.210915 -0.189751
v -0.462860 0.222543 -0.180927
v -0.471408 0.221142 -0.157046
v -0.467510 0.236403 -0.169373
v -0.478011 0.197536 -0.137311
v 0.032017 -0.203698 -0.496115
v -0.426549 0.214611 -0.255080
v -0.421746 0.180639 -0.263961
v -0.439228 0.194675 -0.233278
v -0.439691 0.162126 -0.233559
v 0.088644 0.212409 0.489197
v 0.311827 0.185823 -0.387787
v 0.314406 0.146039 -0.386272
v -0.139885 0.216340 0.476854
v -0.290960 0.178144 -0.403897
v -0.313471 0.164454 -0.386912
v -0.011190 -0.157658 -0.497890
v -0.033499 -0.216098 -0.495906
v -0.024775 0.229044 0.496299
v -0.001928 0.222990 0.497021
v 0.156923 0.234924 -0.471628
v 0.165547 0.214701 -0.468583
v 0.143064 0.224499 -0.475850
v 0.040869 -0.230789 -0.495129
v 0.015960 -0.229279 -0.496699
v -0.012718 0.229191 -0.496908
v 0.002525 0.234409 -0.497408
v 0.004168 0.210328 -0.497115
v -0.024134 0.181312 -0.497018
v 0.495005 0.198555 0.049993
v 0.496661 0.176008 0.035072
v 0.032891 0.216476 -0.495856
v 0.382971 -0.203307 0.317294
v 0.380646 -0.231785 0.319472
v 0.394305 -0.228430 0.302020
v -0.305711 0.206729 0.392208
v -0.280526 0.215579 0.410346
v -0.316007 -0.202990 0.384003
v -0.318316 -0.231415 0.381565
v -0.300152 -0.227964 0.395709
v -0.254139 -0.179007 0.428028
v -0.053442 0.231140 0.494003
v -0.313625 -0.167509 0.386756
v -0.253588 -0.222068 0.427287
v 0.386375 -0.164362 0.314149
v -0.332453 -0.178970 0.370495
v -0.031137 0.215294 -0.496065
v -0.058683 0.167146 -0.494415
v -0.363188 0.190201 0.340224
v -0.365110 0.214943 -0.337132
v -0.364736 0.184753 -0.338340
v -0.386216 0.203268 -0.313022
v -0.330765 -0.220936 0.370705
v -0.317230 -0.201701 -0.383006
v -0.293200 -0.175887 -0.402266
v -0.472313 0.076567 0.157091
v -0.473232 0.112068 0.154781
v -0.482603 0.095643 0.121524
v -0.422471 0.234165 0.261619
v 0.043213 -0.231438 0.495052
v 0.066514 -0.227841 0.492178
v 0.103594 0.229832 0.486223
v 0.087655 0.234564 0.489352
v 0.111175 0.184297 0.485031
v 0.050180 -0.165028 0.495432
v -0.387239 -0.229840 0.311392
v -0.370820 -0.227303 0.330388
v 0.123066 -0.221898 0.481401
v -0.357522 0.237248 0.345672
v -0.474261 -0.231159 0.148139
v -0.466850 -0.229431 0.170138
v 0.312133 -0.231880 0.386701
v 0.328346 -0.231757 0.372752
v -0.378364 0.084067 -0.323444
v -0.395451 0.069375 -0.302330
v -0.393308 0.101934 -0.305290
v 0.286699 0.179311 0.407061
v 0.285821 0.148674 0.407730
v -0.329945 0.093463 -0.372766
v -0.321502 0.115566 -0.380222
v -0.311394 0.099824 -0.388362
v 0.312952 0.200727 0.386481
v -0.056855 -0.231307 0.493763
v -0.034897 -0.231003 0.495443
v -0.383296 -0.166745 0.317851
v -0.447010 -0.223618 0.216802
v -0.372964 0.078380 0.329690
v -0.380934 0.112263 0.320690
v -0.399040 0.083038 0.297388
v 0.230954 -0.230504 0.439936
v 0.252786 -0.227126 0.427503
v -0.461842 0.235768 0.184669
v -0.456888 0.175559 0.198110
v -0.282055 0.227387 -0.409183
v -0.268828 0.233161 -0.418038
v -0.266823 0.207146 -0.419482
v 0.380176 -0.230325 -0.319831
v 0.363560 -0.227857 -0.338643
v 0.492923 0.230000 -0.063076
v 0.494756 0.228975 -0.046078
v 0.435281 -0.162690 -0.241887
v -0.430885 -0.217700 -0.247772
v -0.389003 -0.203694 -0.309628
v -0.301790 -0.221354 -0.394649
v -0.416919 0.228982 -0.270678
v -0.408140 0.233915 -0.284216
v -0.408505 0.210714 -0.283311
v 0.310208 0.212839 -0.388144
v 0.378891 0.222412 -0.321785
v 0.365867 0.236341 -0.336873
v -0.221466 -0.223571 -0.444706
v -0.439296 0.218039 -0.232104
v -0.374905 -0.220848 -0.325888
v -0.319605 -0.162524 -0.381896
v -0.314790 -0.231165 -0.384409
v -0.332978 -0.227257 -0.368540
v -0.353804 0.228301 -0.349039
v -0.343066 0.233599 -0.359708
v 0.254234 0.212272 -0.427022
v 0.230943 0.154931 -0.441140
v 0.307604 -0.203538 -0.390726
v 0.310136 -0.231587 -0.388147
v 0.291793 -0.228079 -0.402092
v -0.385580 -0.231679 -0.313331
v -0.399532 -0.228901 -0.295219
v -0.241144 0.213860 -0.434442
v 0.121183 0.216011 0.482031
v 0.144138 0.165671 0.476624
v 0.417777 0.231319 -0.269695
v -0.479760 0.226681 -0.129404
v 0.302687 0.228953 0.394067
v 0.319721 0.226814 0.380470
v 0.474602 -0.231919 0.147324
v 0.480257 -0.231309 0.126885
v -0.085769 0.235563 -0.489702
v 0.251381 0.123582 -0.429859
v 0.254182 0.233682 -0.426794
v 0.246150 0.250000 -0.432754
v 0.270112 0.250000 -0.420736
v 0.429929 -0.250000 -0.250861
v 0.416833 -0.250000 -0.276081
v -0.246132 -0.250000 -0.432421
v 0.418422 -0.002210 -0.269564
v 0.419102 0.031189 -0.268324
v 0.433814 0.013247 -0.243980
v 0.405814 0.122777 -0.288600
v 0.420612 0.139016 -0.266589
v 0.417125 0.100167 -0.271860
v -0.441570 0.128824 -0.230148
v -0.427972 0.108162 -0.254382
v -0.424578 0.235508 -0.258420
v -0.429671 0.250000 -0.252131
v -0.418712 0.250000 -0.273289
v -0.272034 0.117340 -0.417049
v -0.251720 0.230980 -0.428458
v -0.261748 0.250000 -0.424024
v -0.241480 0.250000 -0.435086
v 0.268989 -0.019420 -0.418853
v 0.272224 -0.048706 -0.416770
v 0.246237 -0.036815 -0.432524
v 0.408786 -0.104413 -0.284252
v 0.418874 -0.123788 -0.269286
v 0.403239 -0.136559 -0.291970
v 0.427505 -0.058196 -0.254903
v 0.418317 -0.031045 -0.269705
v 0.434393 -0.021655 -0.242939
v 0.415561 0.250000 -0.276424
v -0.430636 -0.236272 -0.248462
v -0.425994 -0.250000 -0.258949
v -0.425537 -0.135189 -0.258667
v 0.269297 0.010326 -0.418709
v 0.290154 -0.005177 -0.404628
v 0.245147 -0.236957 -0.432456
v 0.255048 -0.250000 -0.428113
v 0.258765 -0.136359 -0.425305
v -0.086447 -0.109973 -0.490435
v -0.111265 -0.135137 -0.485273
v -0.064381 -0.049983 -0.493597
v -0.080672 -0.031337 -0.491202
v -0.057542 -0.023375 -0.494392
v 0.026878 -0.250000 -0.497180
v -0.496601 -0.234821 0.026063
v -0.498625 -0.250000 0.013846
v -0.496466 -0.250000 0.036940
v -0.067198 0.234005 -0.492476
v -0.077901 0.250000 -0.492091
v -0.495606 0.150734 0.049371
v -0.497306 0.236277 0.007587
v -0.498204 0.250000 0.019970
v -0.495432 -0.250000 -0.043604
v -0.034457 -0.235850 -0.495928
v -0.023845 -0.250000 -0.497845
v -0.045055 -0.250000 -0.495613
v 0.031048 0.131051 -0.497045
v 0.004249 0.117673 -0.497879
v 0.021645 0.232337 -0.496667
v 0.011518 0.250000 -0.498482
v 0.033616 0.250000 -0.496583
v -0.496381 0.129669 -0.040535
v -0.497615 0.146522 -0.015836
v -0.495887 0.232200 -0.033746
v -0.497519 0.250000 -0.023175
v -0.495500 0.250000 -0.045507
v -0.027283 0.235770 -0.496161
v -0.045554 0.234045 -0.494889
v -0.035357 0.250000 -0.496605
v -0.067759 -0.250000 -0.493149
v -0.093505 -0.250000 -0.491122
v 0.496408 -0.235326 -0.028827
v 0.498367 -0.250000 -0.017817
v 0.496178 -0.250000 -0.039710
v 0.496181 0.231709 -0.024682
v 0.496626 0.250000 -0.035382
v -0.079399 -0.007031 -0.491434
v -0.077523 0.022870 -0.491686
v -0.051045 0.004905 -0.495032
v 0.371062 -0.250000 -0.331941
v 0.352489 -0.250000 -0.354613
v 0.389020 0.129997 0.310997
v 0.370627 0.110372 0.332624
v 0.361573 0.232988 0.341211
v 0.370481 0.250000 0.333266
v 0.353494 0.250000 0.353600
v 0.331296 0.118344 -0.371754
v 0.334684 0.234488 -0.367514
v 0.327986 0.250000 -0.374686
v 0.346824 0.250000 -0.360118
v 0.322898 -0.250000 0.378408
v 0.345084 -0.250000 0.361565
v 0.323487 -0.236729 -0.377400
v 0.332487 -0.250000 -0.371097
v 0.337875 -0.137280 -0.365640
v 0.361633 0.250000 -0.343202
v -0.403508 0.231970 0.290085
v -0.397702 0.250000 0.300092
v 0.367097 -0.005530 -0.336518
v 0.374732 0.036682 -0.327511
v 0.385184 -0.000314 -0.315381
v 0.345376 0.122341 -0.358702
v 0.350745 0.100033 -0.353374
v 0.358007 -0.017066 0.345763
v 0.354049 -0.046306 0.349877
v 0.374714 -0.035931 0.327503
v 0.369873 -0.236948 0.332476
v 0.363287 -0.250000 0.341749
v 0.366470 -0.137450 0.337132
v 0.356369 -0.102210 0.347717
v 0.343045 -0.125613 0.360960
v 0.327738 -0.052263 0.374581
v 0.340597 -0.025633 0.362969
v 0.321130 -0.016839 0.380208
v -0.301006 -0.236648 -0.395755
v -0.292474 -0.250000 -0.403835
v -0.295076 -0.137590 -0.401116
v 0.329724 0.236335 0.372048
v 0.335450 0.250000 0.368131
v 0.347531 -0.020719 -0.356413
v 0.347876 0.011421 -0.356135
v 0.328223 0.095060 -0.374267
v 0.340528 0.004100 0.362969
v 0.331807 0.036208 0.371008
v 0.314669 0.013847 0.385534
v 0.346096 0.126140 0.358020
v 0.350195 0.085737 0.353819
v 0.349683 -0.051084 -0.354295
v 0.327448 -0.038977 -0.374828
v 0.346827 -0.104727 -0.357204
v 0.359479 -0.126607 -0.344583
v 0.372820 -0.059414 -0.329743
v 0.363775 -0.032849 -0.339824
v 0.380572 -0.027750 -0.320872
v 0.361147 0.007268 0.342676
v -0.281247 -0.014247 -0.410641
v -0.282656 0.016635 -0.409711
v -0.263279 0.003159 -0.422417
v -0.294632 0.098000 -0.401298
v -0.300876 0.121891 -0.396567
v -0.307371 -0.250000 0.391171
v -0.286343 -0.250000 0.409687
v -0.271413 -0.106400 0.417470
v -0.287164 -0.127813 0.406863
v -0.260233 -0.144505 0.424543
v -0.301845 -0.057194 0.395778
v -0.289488 -0.032419 0.404875
v -0.308576 -0.024552 0.390449
v -0.328481 0.231441 -0.372903
v -0.337244 0.250000 -0.366639
v -0.399583 -0.235074 0.296122
v -0.407420 -0.250000 0.287873
v -0.393440 -0.250000 0.305130
v -0.400654 -0.144838 0.295687
v -0.340515 0.012398 -0.363061
v -0.332168 0.039746 -0.370563
v -0.323503 0.013548 -0.378246
v -0.326975 -0.250000 -0.375131
v -0.350254 -0.250000 -0.356739
v -0.319883 0.139753 -0.381649
v -0.294762 0.234383 -0.400081
v -0.302441 0.250000 -0.395703
v -0.283591 0.250000 -0.411788
v -0.277367 0.124493 0.413928
v -0.296192 0.149685 0.400318
v -0.297992 0.231264 0.397810
v -0.281573 0.235718 0.409970
v -0.291351 0.250000 0.404274
v -0.357953 -0.101002 -0.346085
v -0.344720 -0.121599 -0.359351
v -0.365189 -0.134139 -0.338336
v -0.331870 -0.015488 -0.370836
v -0.330256 -0.055406 -0.372360
v -0.357855 -0.040391 -0.345913
v -0.291528 -0.007390 0.403502
v -0.297630 0.025609 0.398919
v -0.310661 0.000626 0.388862
v 0.057994 0.111058 -0.494532
v 0.064160 0.234621 -0.492559
v 0.056112 0.250000 -0.494428
v 0.081624 0.250000 -0.493174
v -0.060793 0.136882 -0.494223
v -0.012292 0.250000 -0.499786
v -0.492323 0.005033 0.073876
v -0.493158 0.033391 0.066588
v -0.494996 0.008567 0.052125
v -0.005187 -0.012940 -0.497757
v -0.015519 0.014790 -0.497530
v 0.016109 0.001496 -0.497508
v -0.005437 0.089539 -0.497849
v -0.488661 0.123506 0.096552
v -0.491749 0.150495 0.078377
v -0.492684 0.230253 0.064450
v -0.492285 0.250000 0.075966
v -0.013631 -0.127170 -0.497711
v -0.010013 -0.040971 -0.497694
v -0.029846 -0.016343 -0.496798
v -0.491755 -0.236959 -0.075484
v -0.491486 -0.250000 -0.085853
v -0.491697 -0.140586 -0.078754
v -0.491289 -0.129664 0.081361
v -0.487145 -0.141329 0.103667
v -0.487781 -0.111317 0.099271
v -0.494077 -0.020432 0.059811
v -0.494860 -0.061976 0.054137
v -0.489633 -0.044513 0.089349
v -0.493753 -0.250000 0.061443
v -0.491444 -0.250000 0.091668
v -0.488814 -0.025885 -0.094056
v -0.488102 -0.058919 -0.097757
v -0.493347 -0.042615 -0.065563
v 0.497529 0.003552 0.014983
v 0.497101 0.032873 0.024599
v 0.496135 0.011220 0.039861
v -0.488389 0.005620 -0.096460
v -0.482998 -0.012333 -0.120972
v 0.492575 -0.235871 0.067594
v 0.492258 -0.250000 0.079601
v 0.492119 -0.131868 0.076108
v 0.497838 -0.097642 -0.006614
v 0.497781 -0.118017 0.012554
v 0.497573 -0.132555 -0.016301
v 0.496838 -0.048203 0.029584
v 0.497582 -0.022602 0.013186
v 0.496280 -0.014335 0.037092
v 0.496373 -0.250000 0.034801
v 0.499831 -0.250000 0.007591
v 0.058250 0.142441 0.494573
v 0.066045 0.230328 0.492525
v 0.077317 0.250000 0.492157
v 0.052245 0.250000 0.494843
v 0.496259 0.231000 0.027102
v 0.498076 0.250000 0.016756
v 0.025626 -0.236677 0.496679
v 0.013902 -0.250000 0.498616
v 0.021139 -0.138929 0.497501
v -0.492331 0.128661 -0.073898
v -0.491303 0.235239 -0.075813
v -0.493533 0.250000 -0.067882
v -0.491303 0.250000 -0.092901
v 0.490649 0.004945 -0.083636
v 0.490864 0.039916 -0.083613
v 0.494723 0.017516 -0.054081
v 0.482879 0.132142 -0.121328
v 0.490658 0.141816 -0.085125
v 0.490873 0.231865 -0.078200
v 0.491051 0.250000 -0.086799
v 0.489924 -0.011105 0.087724
v 0.490719 0.014463 0.083620
v 0.484780 0.010358 0.112716
v 0.493551 -0.250000 -0.063682
v 0.491138 -0.250000 -0.093449
v 0.485881 -0.103155 -0.109032
v 0.490025 -0.125003 -0.088696
v 0.483164 -0.142985 -0.120451
v 0.492655 -0.048885 -0.070985
v 0.490184 -0.021316 -0.086464
v 0.493892 -0.013680 -0.061056
v 0.488999 -0.041149 0.093019
v 0.493688 -0.030431 0.062739
v -0.082125 0.235196 0.490481
v -0.071592 0.250000 0.493158
v 0.060486 -0.235472 -0.493373
v 0.072135 -0.250000 -0.493091
v 0.067773 -0.148608 -0.493478
v 0.031197 0.122866 0.496968
v 0.013538 0.233992 0.497061
v 0.027192 0.250000 0.497530
v 0.004473 0.250000 0.499985
v 0.496303 0.146212 0.040878
v 0.493046 0.171009 0.069161
v 0.492763 0.133535 0.072169
v 0.491003 0.232616 0.077243
v 0.493645 0.250000 0.066144
v 0.491417 0.250000 0.092294
v 0.006895 -0.020198 0.497649
v 0.009838 0.008979 0.497709
v -0.013622 -0.002456 0.497524
v 0.003618 0.102702 0.498073
v 0.087207 -0.016111 -0.490047
v 0.090746 -0.044823 -0.489427
v 0.062082 -0.034095 -0.493795
v 0.083657 0.017771 -0.490667
v 0.113175 -0.001417 -0.484773
v 0.103005 0.098568 -0.487087
v 0.081819 0.085740 -0.490996
v -0.075927 -0.235715 0.491661
v -0.087393 -0.250000 0.491251
v -0.065724 -0.250000 0.493661
v -0.076179 -0.140800 0.492085
v 0.058015 -0.250000 0.494058
v -0.470176 -0.236034 -0.161719
v -0.467546 -0.250000 -0.173301
v -0.473651 -0.250000 -0.153058
v -0.466744 -0.147675 -0.173579
v 0.151361 -0.250000 0.473799
v 0.178527 -0.250000 0.466795
v 0.193029 -0.103572 0.458932
v 0.178237 -0.125945 0.464983
v 0.207051 -0.135962 0.452885
v 0.157222 -0.023023 0.472178
v 0.150707 -0.062235 0.474433
v 0.184131 -0.048153 0.462400
v 0.469200 -0.236152 0.164847
v 0.466882 -0.250000 0.175394
v 0.472919 -0.250000 0.155532
v 0.187218 0.105468 0.461278
v 0.157114 0.233287 0.471503
v 0.167612 0.250000 0.468898
v 0.171264 0.002204 0.467385
v 0.162911 0.028937 0.470239
v 0.150230 0.004976 0.474508
v 0.481501 0.043550 0.125948
v 0.475463 0.019130 0.146950
v 0.486982 0.122571 0.103916
v 0.486596 0.089927 0.105525
v 0.491884 0.101531 0.077144
v 0.461973 -0.012913 0.185245
v 0.463286 0.021695 0.181945
v 0.451568 0.002530 0.209428
v 0.457926 0.090415 0.195394
v 0.464699 0.113609 0.178916
v 0.460564 -0.043122 0.188841
v 0.470910 -0.031397 0.160982
v -0.125629 -0.236611 -0.481151
v -0.116199 -0.250000 -0.484902
v -0.136138 -0.250000 -0.478777
v 0.466952 -0.133620 0.173022
v 0.489731 -0.096918 0.089749
v 0.486193 -0.119534 0.107646
v 0.481023 -0.047713 0.127786
v 0.485050 -0.020366 0.111797
v 0.478375 -0.012182 0.137260
v 0.482151 0.235611 0.121205
v 0.484881 0.250000 0.114855
v 0.467039 0.229242 -0.169873
v 0.464785 0.250000 -0.180619
v 0.472169 0.250000 -0.157295
v -0.112180 -0.008799 0.484984
v -0.119339 0.023406 0.483230
v -0.135557 -0.000322 0.478904
v -0.130459 0.233175 0.479562
v -0.120788 0.250000 0.483122
v 0.151231 -0.235866 -0.473457
v 0.163329 -0.250000 -0.470639
v 0.170491 -0.138498 -0.467746
v 0.461242 0.117014 -0.187731
v 0.467864 0.145899 -0.170632
v 0.459177 0.233683 -0.190811
v -0.139279 -0.250000 0.477430
v -0.113448 -0.250000 0.486634
v -0.089171 -0.105994 0.489908
v -0.107501 -0.126870 0.486268
v -0.125910 -0.058084 0.481567
v -0.110118 -0.033633 0.485377
v -0.133472 -0.025250 0.479423
v 0.142585 -0.250000 -0.476731
v 0.459610 -0.004125 -0.190819
v 0.464013 0.029728 -0.179952
v 0.470342 0.004716 -0.162993
v 0.471729 -0.250000 -0.158403
v -0.467024 0.250000 -0.175120
v 0.186044 -0.014535 -0.461772
v 0.180520 -0.042293 -0.463892
v 0.162558 -0.016214 -0.470432
v 0.472386 0.120753 0.157522
v 0.463795 0.231964 0.178842
v 0.470005 0.250000 0.165483
v 0.463226 0.250000 0.188212
v 0.178949 0.013653 -0.464492
v 0.205331 -0.001864 -0.453544
v 0.181238 0.097784 -0.463724
v 0.154625 0.122412 -0.473349
v 0.172587 0.235364 -0.466080
v 0.164421 0.250000 -0.470326
v 0.123845 0.134242 -0.482451
v 0.188308 0.250000 -0.463189
v 0.146753 0.250000 0.475464
v -0.483776 0.236994 0.114951
v -0.479692 0.234466 0.130382
v -0.482415 0.250000 0.124530
v -0.174700 -0.007051 -0.466157
v -0.167476 0.024859 -0.468632
v -0.152093 0.000775 -0.473897
v 0.464496 -0.250000 -0.184787
v 0.454399 -0.104948 -0.203791
v 0.461706 -0.126093 -0.186766
v 0.449069 -0.138681 -0.215153
v 0.467148 -0.057260 -0.172082
v 0.460432 -0.032917 -0.189121
v 0.469299 -0.023146 -0.165739
v -0.116646 0.233412 -0.483091
v -0.127360 0.250000 -0.481534
v -0.212549 0.131009 -0.450247
v -0.181508 0.137262 -0.463791
v -0.191352 0.235592 -0.459184
v -0.179688 0.250000 -0.465107
v -0.158669 -0.250000 -0.471668
v -0.187477 -0.250000 -0.463468
v 0.122149 -0.237122 0.482130
v 0.111873 -0.250000 0.486088
v -0.194174 -0.103630 -0.458452
v -0.176424 -0.123821 -0.465652
v -0.203607 -0.136982 -0.454346
v -0.161443 -0.055794 -0.470811
v -0.176656 -0.031685 -0.465342
v -0.154170 -0.023834 -0.473196
v 0.100346 -0.016919 0.487493
v 0.103205 0.011078 0.486967
v 0.080918 -0.000133 0.491105
v 0.479026 -0.250000 0.134255
v 0.488154 -0.250000 0.107492
v 0.141188 0.138594 0.477565
v 0.120660 0.120997 0.483097
v 0.117778 0.236027 0.482958
v 0.126009 0.250000 0.481952
v 0.103058 0.250000 0.489263
v -0.479847 -0.235460 0.129836
v -0.484199 -0.250000 0.118554
v -0.477686 -0.250000 0.139647
v 0.427577 -0.234422 0.253882
v 0.422756 -0.250000 0.264702
v 0.433663 -0.250000 0.244452
v 0.425447 -0.135430 0.258759
v 0.231939 0.137994 0.440770
v 0.267054 0.123821 0.420270
v 0.244465 0.228200 0.432676
v 0.255747 0.250000 0.427260
v 0.232880 0.250000 0.439779
v -0.228949 -0.250000 0.441526
v -0.447630 -0.237850 0.216635
v -0.453033 -0.250000 0.208301
v -0.451034 -0.140841 0.211005
v 0.244271 -0.250000 0.433396
v -0.457617 -0.019891 0.195800
v -0.456260 0.005035 0.199282
v -0.466871 0.001410 0.172639
v -0.462022 0.096610 0.185300
v -0.451090 0.116236 0.210776
v 0.419892 0.236153 0.266486
v 0.427327 0.250000 0.256568
v -0.459871 -0.050486 0.190561
v -0.446543 -0.038986 0.219736
v -0.438545 0.136245 0.235908
v -0.448229 0.236381 0.214779
v -0.446638 0.250000 0.220274
v -0.458074 0.250000 0.200367
v -0.224673 0.152234 0.444593
v -0.199975 0.138764 0.456176
v -0.226763 0.233355 0.442304
v -0.216311 0.250000 0.448360
v -0.235933 0.250000 0.438145
v -0.462025 -0.021428 -0.185173
v -0.463600 -0.049194 -0.181172
v -0.470280 -0.025760 -0.162834
v 0.122228 -0.250000 -0.482729
v -0.103862 -0.022436 -0.486795
v -0.097842 -0.053978 -0.488101
v -0.129542 -0.039677 -0.480527
v -0.459896 0.250000 -0.195976
v 0.480150 -0.237043 -0.129000
v 0.484161 -0.250000 -0.118701
v 0.478228 -0.250000 -0.137915
v -0.105250 0.006982 -0.486548
v -0.104939 0.071114 -0.486587
v -0.097505 0.101628 -0.488386
v -0.168916 -0.236984 0.467889
v -0.180175 -0.250000 0.465223
v -0.171071 -0.138887 0.467642
v -0.140848 0.145008 0.477689
v -0.170196 0.128328 0.467835
v -0.173582 0.232412 0.465654
v -0.165739 0.250000 0.469920
v -0.192660 0.250000 0.461361
v 0.109522 0.250000 -0.486348
v 0.138884 0.250000 -0.477817
v -0.142632 0.250000 0.476718
v 0.481211 0.233984 -0.124178
v 0.475538 0.229291 -0.144235
v 0.479319 0.250000 -0.134117
v -0.182783 -0.022546 0.462945
v -0.186695 -0.051366 0.461408
v -0.158262 -0.040753 0.471837
v -0.483232 0.250000 -0.120241
v -0.474402 0.250000 -0.150498
v -0.470841 -0.250000 0.161405
v -0.182543 0.007122 0.463140
v -0.205993 -0.007729 0.453170
v -0.183704 0.099398 0.463069
v -0.479386 -0.250000 -0.133022
v -0.473476 0.143291 0.154454
v -0.466332 0.250000 0.175817
v -0.474528 0.250000 0.149738
v -0.102193 0.250000 -0.489448
v 0.446337 -0.234645 -0.218961
v 0.452633 -0.250000 -0.209067
v 0.441774 -0.250000 -0.229209
v 0.417278 -0.016587 0.271318
v 0.415285 -0.046061 0.274421
v 0.430330 -0.034783 0.249983
v 0.444956 -0.250000 0.222689
v -0.212196 0.024830 0.450244
v -0.227414 0.000787 0.442726
v -0.197947 0.115470 0.457158
v -0.254795 -0.237202 0.427141
v -0.264659 -0.250000 0.422797
v -0.247399 -0.250000 0.432133
v 0.440567 0.141307 0.232222
v 0.454825 0.125044 0.202759
v 0.452715 0.250000 0.208088
v 0.439999 0.250000 0.232386
v 0.196429 0.231756 0.456885
v 0.220266 0.226296 0.445484
v 0.210089 0.250000 0.452157
v 0.449512 0.228097 -0.211340
v 0.443146 0.250000 -0.226519
v 0.216613 -0.250000 -0.448236
v -0.183466 -0.104841 0.462922
v -0.200202 -0.126286 0.455988
v -0.218415 -0.057483 0.447266
v -0.204058 -0.032633 0.453963
v -0.225537 -0.024412 0.443617
v -0.209679 0.232766 -0.450595
v -0.221007 0.250000 -0.446213
v -0.201446 0.250000 -0.457577
v -0.205615 -0.250000 0.455449
v -0.414129 -0.122236 0.276626
v -0.424697 -0.126656 0.260002
v -0.430032 -0.056307 0.250625
v -0.422073 -0.030398 0.263826
v -0.434458 -0.022195 0.242758
v -0.434272 -0.250000 0.242597
v -0.422785 -0.250000 0.266497
v 0.214791 -0.236108 0.448496
v 0.204493 -0.250000 0.454923
v 0.223966 -0.250000 0.444623
v -0.432877 0.233374 0.244134
v -0.427451 0.250000 0.255410
v -0.445823 -0.250000 -0.221089
v -0.458847 -0.250000 -0.198369
v -0.423395 -0.004530 0.261788
v -0.426935 0.030210 0.255844
v -0.436094 0.004319 0.239911
v -0.461138 -0.120502 -0.188039
v -0.453102 -0.138897 -0.206619
v -0.448981 -0.058634 -0.214815
v -0.454587 -0.032263 -0.202728
v -0.443861 -0.027830 -0.225151
v 0.277644 -0.100340 0.413265
v 0.262049 -0.120723 0.423412
v 0.286206 -0.134523 0.407400
v 0.244983 -0.052181 0.433263
v 0.259086 -0.025777 0.425081
v 0.236365 -0.017933 0.438069
v 0.416910 0.250000 0.276017
v 0.268880 -0.250000 0.421344
v 0.257197 0.001689 0.426190
v 0.252145 0.036123 0.429056
v 0.228773 0.012669 0.441992
v 0.201790 0.143832 -0.455330
v 0.216000 0.237491 -0.447838
v 0.208393 0.250000 -0.452567
v 0.226146 0.250000 -0.443267
v 0.418582 0.018901 0.269322
v 0.403349 -0.002825 0.291719
v 0.408080 0.070682 0.285048
v 0.411558 0.096769 0.280241
v -0.198450 -0.021394 -0.456458
v -0.198245 0.008758 -0.456606
v -0.188551 0.106406 -0.460817
v -0.193834 -0.050489 -0.458479
v -0.222540 -0.040150 -0.445143
v -0.220179 -0.237825 -0.445807
v -0.210845 -0.250000 -0.451715
v -0.441619 0.237489 0.228351
v -0.264295 0.231581 0.421057
v -0.244631 0.232014 0.432721
v -0.255213 0.250000 0.428052
v -0.444219 -0.250000 0.224733
v 0.295925 0.125689 0.400358
v 0.267006 0.229059 0.419125
v -0.453007 -0.004474 -0.206826
v -0.441971 0.020595 -0.228750
v -0.439523 -0.004867 -0.233741
v -0.459787 0.100541 -0.190676
v -0.453729 0.119658 -0.204988
v -0.446053 0.093145 -0.220814
v -0.444305 0.233547 -0.222691
v -0.449127 0.250000 -0.214832
v -0.309590 0.250000 0.389571
v -0.347874 -0.023430 0.355985
v -0.347569 0.006482 0.356393
v -0.364938 -0.007913 0.338578
v -0.356192 0.102637 0.347880
v -0.337539 0.126339 0.366028
v 0.279944 -0.015142 0.411560
v 0.275631 -0.045542 0.414528
v 0.300810 -0.034808 0.396483
v -0.409436 -0.019906 0.283014
v -0.408920 0.010371 0.283848
v -0.421679 0.069761 0.264517
v -0.417873 0.100206 0.270743
v 0.297337 -0.235824 0.398672
v 0.289225 -0.250000 0.406404
v -0.368849 0.022852 0.334207
v -0.379813 0.000941 0.321667
v -0.377912 -0.250000 0.323535
v -0.359226 -0.116998 0.344839
v -0.337471 -0.147883 0.366161
v -0.376126 -0.051106 0.326010
v -0.364298 -0.032155 0.339175
v -0.379212 -0.022621 0.322309
v -0.352079 -0.056055 0.351885
v -0.328119 -0.041036 0.374190
v -0.411561 -0.049369 0.279976
v -0.394570 -0.037831 0.303301
v 0.392833 0.235533 -0.304027
v 0.389167 0.250000 -0.309969
v 0.403192 0.250000 -0.295147
v 0.296127 0.027460 -0.399958
v 0.309258 0.002849 -0.390020
v 0.299497 0.230568 -0.396545
v 0.290980 0.250000 -0.404572
v 0.400917 -0.020826 -0.295009
v 0.400434 0.015595 -0.295086
v 0.299311 -0.250000 -0.397844
v 0.277631 -0.250000 -0.415828
v 0.392915 -0.235183 -0.304501
v 0.400804 -0.250000 -0.296280
v 0.408249 -0.052507 -0.284757
v 0.284743 0.019862 0.408234
v 0.264055 0.091934 0.421964
v 0.288509 0.097453 0.405743
v 0.397566 0.024333 0.299399
v 0.388882 0.004004 0.310643
v 0.395472 0.229671 0.300970
v 0.402637 0.250000 0.293379
v 0.389984 -0.250000 0.308778
v 0.408439 -0.250000 0.288038
v 0.417893 -0.100303 0.270692
v 0.407993 -0.122507 0.285525
v 0.395658 -0.052855 0.301969
v 0.404735 -0.027673 0.289726
v 0.390687 -0.020201 0.308280
v -0.374452 -0.236603 -0.326999
v -0.367871 -0.250000 -0.336389
v -0.389618 0.134805 -0.310104
v -0.395163 0.229737 -0.301353
v -0.402772 0.250000 -0.293181
v -0.387413 0.250000 -0.312259
v -0.408745 0.008017 -0.284175
v -0.398057 0.033605 -0.298703
v -0.396149 0.008706 -0.301394
v -0.415498 0.250000 0.278114
v 0.269359 -0.103036 -0.418725
v 0.284654 -0.125301 -0.408574
v 0.300858 -0.055713 -0.396500
v 0.288109 -0.030233 -0.405954
v 0.307429 -0.022422 -0.391439
v -0.359980 -0.250000 0.346810
v 0.405146 0.117671 0.289744
v 0.386843 0.250000 0.312972
v -0.363791 0.250000 0.340652
v -0.357284 -0.003749 -0.346507
v -0.356228 0.027809 -0.347609
v -0.355537 0.084025 -0.348485
v 0.305803 -0.250000 0.392894
v -0.419107 -0.103086 -0.268827
v -0.408902 -0.124473 -0.284232
v -0.397034 -0.018586 -0.300002
v -0.397575 -0.058715 -0.299430
v -0.417955 -0.044347 -0.270212
v -0.335939 0.232979 0.366351
v -0.319187 0.229497 0.380921
v -0.328692 0.250000 0.374151
v -0.331518 -0.236619 0.370625
v -0.340582 -0.250000 0.364313
v -0.324719 -0.250000 0.377360
v -0.319856 0.250000 -0.381172
v 0.384472 0.239486 -0.315435
v -0.371751 0.112663 -0.331203
v -0.364638 0.234802 -0.337692
v -0.372159 0.250000 -0.331201
v -0.356191 0.250000 -0.350897
v -0.384969 0.147177 0.315865
v -0.379299 0.250000 0.322098
v -0.395032 -0.250000 -0.302730
v -0.413055 -0.250000 -0.281646
v -0.348700 0.250000 0.358339
v 0.285528 0.234049 0.407018
v 0.296335 0.250000 0.400794
v 0.277654 0.250000 0.415809
v 0.386552 -0.250000 -0.313412
v 0.309799 0.250000 -0.389404
v -0.378344 0.230469 -0.322077
v -0.381081 -0.250000 -0.320115
v 0.035328 -0.250000 0.496637
v 0.497719 0.158942 0.015154
v 0.497916 0.129893 0.009919
v 0.495912 0.250000 0.041002
v -0.036283 0.148135 0.496787
v -0.002353 0.135146 0.498192
v -0.017548 0.250000 0.498011
v -0.044245 0.250000 0.495622
v -0.042822 -0.250000 0.495512
v 0.038301 0.230357 0.495477
v -0.086825 -0.023740 0.490093
v -0.086807 0.006248 0.490205
v -0.005269 0.237239 0.497393
v -0.021448 0.025014 0.497302
v -0.035716 0.000720 0.496468
v 0.499903 0.250000 -0.008871
v 0.019265 0.033940 -0.497368
v 0.046407 0.013448 -0.495503
v -0.097414 0.250000 0.490405
v -0.499968 0.250000 -0.001813
v 0.493932 0.226186 0.053685
v 0.493800 0.250000 -0.061907
v 0.494392 -0.250000 0.057856
v -0.014186 -0.250000 0.499555
v -0.495414 0.250000 0.046851
v -0.498125 -0.138995 0.003987
v -0.493656 -0.250000 -0.065880
v 0.050115 -0.250000 -0.495095
v 0.007538 -0.105786 0.497885
v -0.010100 -0.126655 0.497896
v -0.027409 -0.027199 0.496931
v -0.030931 -0.063381 0.496789
v 0.001540 -0.051553 0.497712
v 0.044698 0.232746 -0.494944
v 0.000463 -0.250000 -0.499985
v 0.004472 -0.109658 -0.497939
v 0.014796 -0.121340 -0.497779
v 0.027725 -0.049978 -0.496957
v 0.013376 -0.023790 -0.497612
v 0.038232 -0.016648 -0.496228
v -0.086355 0.125578 -0.490404
v -0.056469 0.250000 -0.494392
v -0.497883 -0.108774 0.000821
v -0.497564 -0.125910 -0.019725
v -0.496500 -0.023928 -0.034054
v -0.496516 -0.060620 -0.034720
v -0.497677 -0.045451 -0.004522
v -0.497741 0.109518 -0.011642
v -0.497755 -0.014875 -0.000678
v -0.497774 0.015140 0.001384
v -0.497306 0.002223 -0.021849
v -0.091610 -0.052673 0.489242
v -0.060401 -0.042844 0.494005
v -0.499530 -0.250000 -0.014646
v -0.493743 0.233141 -0.056772
v 0.497609 -0.011640 -0.010462
v 0.497734 -0.042289 -0.005392
v 0.496365 -0.031553 -0.035846
v 0.104659 -0.109102 0.486812
v 0.085732 -0.128426 0.490556
v 0.067769 -0.024371 0.493031
v 0.065800 -0.061156 0.493372
v 0.096091 -0.046290 0.488333
v 0.086662 -0.250000 0.492256
v 0.497539 0.025861 -0.014580
v 0.073462 0.026356 0.492258
v 0.059626 0.002825 0.494143
v -0.496614 0.030651 -0.031773
v -0.495755 0.003830 -0.044200
v -0.274521 0.250000 0.417899
v 0.462274 -0.098156 0.184899
v 0.455361 -0.119722 0.201517
v 0.446309 -0.050402 0.220286
v 0.452794 -0.024141 0.206779
v 0.441714 -0.016868 0.229325
v 0.189382 -0.016161 0.460321
v 0.195741 0.015982 0.457643
v 0.458752 -0.250000 0.198566
v -0.424560 0.122745 0.260162
v -0.437445 0.250000 0.237154
v 0.456928 0.235875 0.196449
v 0.448877 0.034517 0.215013
v 0.437658 0.012726 0.236872
v 0.454176 -0.053569 -0.203747
v 0.450038 -0.026534 -0.212593
v 0.188799 0.250000 0.462930
v 0.428618 0.250000 -0.253261
v 0.178943 -0.102577 -0.464624
v 0.197475 -0.124020 -0.457129
v 0.215319 -0.052592 -0.448743
v 0.202341 -0.026161 -0.454825
v 0.223919 -0.019720 -0.444510
v -0.439549 0.250000 -0.233218
v -0.433890 0.233629 -0.242290
v 0.446454 0.000652 -0.219823
v 0.453838 0.018539 -0.204547
v 0.456669 0.250000 -0.203418
v 0.236894 -0.250000 -0.437638
v -0.228143 -0.250000 -0.442364
v 0.190143 -0.250000 -0.462429
v 0.185887 0.126078 -0.461860
v 0.212955 0.030215 -0.449813
v 0.226758 0.005074 -0.443116
v -0.435878 -0.250000 -0.240253
v -0.270518 -0.022076 0.417792
v -0.273908 -0.051240 0.415604
v -0.248199 -0.040334 0.431362
v -0.270454 0.008010 0.417935
v -0.284005 0.092694 0.408873
v -0.255468 0.031119 -0.427063
v -0.244061 0.005264 -0.433758
v 0.233239 0.228742 -0.438675
v -0.270376 -0.250000 -0.420442
v -0.230743 0.231656 -0.440105
v -0.282696 -0.103886 -0.409858
v -0.267500 -0.127119 -0.420019
v -0.251851 -0.023111 -0.429217
v -0.248895 -0.060716 -0.431028
v -0.277178 -0.047330 -0.413362
v 0.487495 0.250000 -0.110763
v 0.098202 -0.250000 -0.490245
v 0.077857 -0.123929 -0.491645
v 0.088593 -0.095335 -0.490023
v 0.122832 -0.051922 -0.482357
v 0.109652 -0.027143 -0.485543
v 0.133986 -0.021549 -0.479353
v 0.486441 -0.009540 -0.105420
v 0.485293 0.016815 -0.110973
v 0.488028 0.101758 -0.098761
v -0.487527 -0.250000 -0.109923
v -0.160332 -0.250000 0.471489
v -0.488911 -0.012946 0.093713
v -0.488331 0.016308 0.096654
v -0.490411 0.094708 0.085216
v -0.489365 0.250000 0.102586
v -0.152927 0.231707 0.472854
v -0.479261 0.022802 -0.133988
v -0.475965 -0.008434 -0.145732
v 0.119889 0.030193 -0.483014
v 0.143930 0.008134 -0.476418
v -0.463553 -0.250000 0.187249
v -0.457240 -0.107433 0.197102
v -0.463503 -0.130627 0.182214
v -0.473873 -0.058030 0.152395
v -0.467162 -0.029027 0.171965
v -0.475412 -0.018409 0.147487
v 0.485261 -0.039358 -0.111015
v 0.479104 -0.008751 -0.134810
v -0.471711 0.036960 0.158685
v -0.476134 0.009251 0.145170
v -0.486798 -0.115935 -0.104711
v -0.482327 -0.128308 -0.123830
v -0.480247 -0.056875 -0.130700
v -0.483976 -0.037037 -0.116438
v -0.478090 -0.031458 -0.138524
v -0.309135 -0.250000 -0.390117
v -0.310320 0.232137 -0.388121
v 0.319591 0.231335 -0.380563
v 0.374961 0.143004 -0.327832
v 0.376332 0.250000 -0.325666
v 0.377416 0.225722 0.323087
v 0.317101 0.250000 0.383472
v 0.376414 -0.250000 0.325889
v 0.316590 -0.250000 -0.383925
v -0.151315 0.150969 -0.474472
v -0.153643 0.250000 -0.473306
v 0.135770 0.234016 0.478124
v 0.477976 0.250000 0.138349
v 0.131135 -0.250000 0.480341
v -0.292389 -0.208880 0.402011
v -0.341030 -0.207157 -0.361583
v 0.356423 -0.208818 -0.346431
v 0.076697 -0.208591 0.491176
v 0.283749 -0.208874 -0.408100
v -0.363995 -0.208097 0.338506
v 0.285169 0.212011 0.407139
v -0.425725 -0.211195 0.256429
v -0.496340 -0.207383 -0.026401
v -0.235259 0.221140 0.437764
v -0.165116 0.208251 0.468957
v -0.219687 0.212285 -0.445918
v 0.465434 0.208307 0.174571
v -0.297579 0.212098 -0.398178
v 0.018706 0.213189 0.496615
v -0.204795 0.056416 0.453708
v -0.180503 0.039057 0.463813
v -0.482923 0.056519 -0.120407
v -0.488272 0.038829 -0.095713
v 0.126428 0.058439 -0.481557
v 0.097155 0.054085 -0.488112
v 0.479146 -0.074364 -0.135169
v 0.476539 -0.040578 -0.143895
v -0.259403 0.061704 -0.424785
v -0.282180 0.048634 -0.409864
v -0.472281 -0.080308 -0.157248
v -0.473278 -0.048665 -0.154179
v -0.251122 -0.077700 0.429807
v -0.374996 -0.074358 -0.327367
v -0.380928 -0.042111 -0.320356
v -0.161520 -0.077350 0.470861
v -0.112559 0.054177 0.484888
v -0.085708 0.038276 0.490283
v -0.484124 -0.060639 0.115905
v -0.483034 -0.032659 0.120243
v -0.444743 0.054091 -0.223626
v -0.456431 0.029797 -0.198177
v -0.065900 -0.079314 0.493417
v -0.216977 -0.077407 -0.448008
v 0.079766 0.054582 0.491317
v 0.104680 0.040278 0.486528
v -0.291451 0.061568 0.403545
v -0.268389 0.040581 0.419160
v -0.413808 0.055776 -0.276628
v -0.327715 -0.075065 0.374703
v 0.155634 -0.072693 -0.472791
v 0.151234 -0.040908 -0.474239
v 0.461206 0.061957 -0.187403
v 0.470881 0.055069 -0.161830
v 0.394704 -0.079001 -0.303299
v 0.391813 -0.047859 -0.307041
v 0.267726 0.042230 -0.419463
v 0.167346 0.056335 0.468771
v 0.186477 0.043983 0.461361
v 0.470244 -0.069345 0.163224
v 0.486014 0.063278 0.107462
v 0.488650 0.038997 0.094801
v -0.364789 0.051894 0.338650
v -0.346766 0.037825 0.356949
v 0.406913 0.044469 0.286906
v 0.297795 -0.072754 0.398879
v 0.119484 -0.061974 0.483240
v 0.125464 -0.036040 0.481620
v -0.011673 0.053919 -0.497631
v 0.496749 -0.070008 -0.031880
v -0.497397 -0.061716 0.019950
v -0.497030 -0.034528 0.026272
v -0.497628 0.047908 0.002411
v -0.394875 -0.076303 0.302905
v 0.493286 -0.068254 0.066637
v -0.493403 -0.076290 -0.065746
v 0.487222 0.068850 -0.103322
v 0.484165 0.044458 -0.114910
v 0.064727 -0.070011 -0.493544
v -0.492119 0.066538 0.074620
v -0.487720 0.046013 0.098659
v 0.444274 -0.078641 -0.224590
v 0.442484 -0.047699 -0.227952
v 0.212138 -0.073968 0.450341
v 0.213612 -0.036059 0.449558
v -0.129144 -0.072425 -0.480722
v -0.301388 -0.074378 -0.396170
v -0.304996 -0.034528 -0.393259
v -0.335957 0.068378 -0.367298
v -0.351076 0.054455 -0.352758
v 0.329684 -0.076620 -0.372964
v 0.356033 0.066855 -0.347855
v 0.343165 0.043643 -0.360326
v 0.345876 0.055135 0.358030
v 0.353849 0.030549 0.350132
v 0.372393 -0.073218 0.330309
v -0.036063 -0.072514 -0.496354
v -0.039614 -0.040619 -0.496197
v -0.431843 -0.076842 -0.247606
v -0.435047 -0.045747 -0.241837
v -0.014799 0.054336 0.497554
v 0.011512 0.039121 0.497553
v 0.429467 -0.071632 0.251662
v 0.248843 -0.074485 -0.431120
v 0.436865 0.047022 -0.238644
v 0.419562 0.064467 -0.267455
v -0.173465 0.055670 -0.466502
v -0.198498 0.040895 -0.456286
v -0.406053 0.044003 0.288240
v 0.497905 0.055387 0.007077
v -0.076412 0.055289 -0.491948
v -0.106445 0.038530 -0.486155
v 0.030169 -0.078500 0.496882
v 0.034787 -0.040682 0.496466
v -0.447695 -0.077740 0.217610
v -0.180899 0.071839 0.463830
v -0.489031 0.074558 -0.093015
v -0.486961 0.108267 -0.103444
v -0.278335 0.080745 -0.412787
v -0.463266 -0.099060 -0.182557
v -0.087775 0.071539 0.490050
v -0.481853 -0.089498 0.125238
v -0.095760 0.106044 0.488770
v 0.103015 0.070616 0.487056
v 0.096319 0.101041 0.488476
v -0.412161 0.088478 -0.279245
v -0.348206 -0.087995 0.355787
v 0.458290 0.087458 -0.194283
v 0.158019 -0.161282 -0.472243
v 0.391032 0.130398 -0.308338
v 0.263305 0.070333 -0.422495
v 0.273200 0.098036 -0.416090
v 0.189230 0.070292 0.460490
v -0.349358 0.069950 0.354623
v 0.127419 -0.087912 0.481256
v 0.497283 0.118799 -0.025286
v 0.497858 0.089321 0.002997
v -0.497094 -0.089505 0.027657
v -0.497786 0.078518 0.005386
v -0.410487 -0.097432 0.281852
v -0.489297 -0.088930 -0.091653
v 0.175480 0.068365 -0.465878
v 0.458999 0.057148 0.192338
v 0.215760 0.112931 0.448651
v -0.102191 -0.083954 -0.487211
v -0.458590 0.058518 0.193551
v -0.008968 -0.096394 -0.497835
v 0.010059 0.070608 0.497725
v -0.429496 0.073373 -0.251452
v 0.278398 0.062695 0.412600
v 0.423039 0.120865 0.262621
v -0.195943 0.073653 -0.457617
v -0.247963 -0.009530 0.431473
v -0.157948 -0.010378 0.471919
v -0.379607 0.011650 -0.321831
v -0.375035 -0.018617 -0.327349
v 0.470351 -0.003122 0.162595
v 0.128045 -0.006157 0.480897
v -0.223594 -0.007921 -0.444578
v 0.327493 -0.007631 -0.374741
v 0.300510 -0.006565 0.396693
v 0.375171 -0.006167 0.326957
v -0.328375 -0.010340 0.373930
v -0.430188 -0.021276 -0.250192
v -0.305407 -0.000426 -0.392912
v -0.129864 -0.009753 -0.480397
v -0.394053 -0.008086 0.303942
v -0.493143 -0.010388 -0.066830
v -0.496854 -0.003033 0.028470
v 0.063558 -0.007101 -0.493611
v 0.496411 -0.002712 -0.035202
v -0.482675 -0.001731 0.121473
v 0.246709 -0.006251 -0.432236
v 0.493787 0.000545 0.061963
v -0.059072 -0.011214 0.494160
v 0.036403 -0.008728 0.496325
v -0.446636 -0.007651 0.219498
v 0.429422 -0.007289 0.251538
v 0.212970 -0.008244 0.449867
v 0.476384 0.145959 -0.145144
v -0.249973 0.136456 0.430819
v -0.122281 -0.211433 0.481912
v -0.320655 0.146428 0.381052
v -0.481322 0.130538 0.127404
v 0.495567 0.140351 -0.049351
v -0.405854 -0.211269 -0.287075
v 0.465571 -0.210974 -0.174325
v 0.437085 0.143387 -0.238698
v 0.400166 -0.210114 0.295047
v -0.497571 0.136752 0.020950
v 0.448183 0.130708 -0.216807
v -0.463529 -0.212422 0.179713
v -0.193684 -0.077855 0.458524
v -0.460025 -0.077640 -0.189994
v 0.097472 -0.069748 -0.488064
v 0.487720 -0.071998 -0.099450
v -0.280329 -0.078122 0.411301
v -0.489275 -0.078735 0.091393
v -0.272388 -0.077109 -0.416575
v 0.487386 -0.068935 0.100774
v -0.099678 -0.078860 0.487678
v 0.097080 -0.077656 0.488196
v -0.185449 -0.076639 -0.461887
v -0.350864 -0.073140 -0.353004
v -0.413323 -0.075982 -0.277288
v 0.413695 -0.078328 -0.276778
v 0.278515 -0.075851 -0.412508
v 0.189117 -0.073159 -0.460386
v 0.458001 -0.078439 -0.195079
v 0.180140 -0.077767 0.464098
v 0.457796 -0.070562 0.195263
v 0.348133 -0.073934 0.355704
v 0.354515 -0.078215 -0.349371
v -0.497699 -0.077362 -0.004142
v -0.000323 -0.070706 -0.497694
v 0.497692 -0.069602 0.003037
v -0.004128 -0.079783 0.497717
v 0.411393 -0.072976 0.280136
v 0.268842 -0.072820 0.418861
v -0.415428 -0.075833 0.274107
v -0.462481 -0.079561 0.184070
v -0.046209 0.038326 -0.495705
v -0.429140 0.040300 -0.252128
v 0.239995 0.054388 -0.436087
v -0.416476 -0.013521 -0.272511
v -0.426550 0.008406 -0.256824
v -0.415541 0.029265 -0.273874
v 0.244137 0.022724 -0.433702
v 0.465052 0.073236 0.177750
v 0.471229 0.054403 0.160206
v 0.154139 0.043914 -0.473198
v 0.186027 0.045592 -0.461553
v -0.140312 0.055220 -0.477628
v -0.133697 0.019475 -0.479365
v 0.491655 0.068787 0.077882
v 0.494004 0.033517 0.060406
v 0.365297 0.055594 0.338135
v 0.335766 0.072778 -0.367514
v 0.318301 0.052064 -0.382726
v 0.376260 0.024640 0.325801
v 0.324028 0.021700 -0.377736
v 0.046206 0.054709 0.495679
v 0.039505 0.020623 0.496147
v -0.460633 0.025536 0.188764
v -0.447105 0.025438 0.218595
v 0.057301 0.051054 -0.494399
v -0.493718 0.052831 -0.063368
v -0.493185 0.020292 -0.066447
v -0.460925 0.067025 -0.188201
v -0.474533 0.060499 -0.150525
v -0.467400 0.004274 -0.171947
v -0.384431 0.050116 0.316590
v -0.390707 0.020105 0.308327
v 0.419017 0.051662 0.268854
v 0.433214 0.044358 0.245212
v -0.309345 0.070050 -0.390029
v -0.306188 0.031392 -0.392287
v 0.405192 0.076197 -0.289299
v 0.390404 0.068350 -0.308733
v 0.402250 0.048782 -0.293234
v -0.374040 0.052174 -0.328374
v 0.137023 0.056015 0.478560
v 0.131132 0.022592 0.480079
v 0.497629 0.061163 -0.017412
v 0.495779 0.050820 -0.046298
v 0.307216 0.045985 0.391704
v -0.321905 0.055922 0.379726
v -0.325870 0.019429 0.376173
v -0.229564 0.059289 -0.441676
v -0.225140 0.022935 -0.443806
v -0.146861 0.054695 0.475702
v -0.154036 0.019009 0.473288
v -0.050066 0.054779 0.495381
v -0.056605 0.019052 0.494520
v -0.496316 0.063290 0.038053
v -0.496632 0.027601 0.031553
v -0.487334 0.072491 0.101556
v -0.481292 0.059289 0.127250
v -0.481771 0.027740 0.124783
v 0.449055 0.070450 -0.214740
v 0.216503 0.048046 0.448143
v 0.452086 0.042023 -0.208237
v -0.266753 0.070257 0.420427
v -0.237414 0.057230 0.437651
v -0.244292 0.020393 0.433632
v 0.483953 0.084076 -0.116837
v 0.479664 0.066865 -0.133792
v -0.074060 -0.078173 -0.492234
v -0.368991 -0.082059 0.334128
v -0.483227 -0.085179 -0.119638
v 0.120139 -0.086705 -0.482940
v -0.468183 0.036936 -0.168738
v 0.476803 0.029846 -0.142878
v 0.444869 0.024321 -0.223145
v -0.491944 0.099079 -0.076528
vn 0.7660 0.0074 -0.6428
vn 0.7673 0.0127 -0.6412
vn 0.7614 0.0032 -0.6483
vn 0.8835 0.0120 -0.4683
vn 0.8839 0.0148 -0.4674
vn 0.8836 0.0120 -0.4681
vn 0.9570 0.0183 -0.2895
vn 0.9583 0.0175 -0.2852
vn 0.9592 0.0104 -0.2827
vn 0.9975 0.0120 -0.0701
vn 0.9974 0.0079 -0.0717
vn 0.9978 0.0098 -0.0663
vn 0.8683 0.0181 0.4957
vn 0.8689 0.0099 0.4949
vn 0.8707 0.0128 0.4916
vn 0.4355 0.0113 0.9001
vn 0.4358 0.0109 0.9000
vn 0.4343 0.0087 0.9007
vn -0.1115 0.0167 0.9936
vn -0.1111 0.0158 0.9937
vn -0.1079 0.0098 0.9941
vn -0.4716 0.0242 0.8815
vn -0.4767 0.0244 0.8787
vn -0.4727 0.0034 0.8812
vn -0.6624 0.0126 0.7491
vn -0.6625 0.0134 0.7489
vn -0.6649 0.0041 0.7469
vn -0.7907 0.0212 0.6118
vn -0.7948 0.0117 0.6068
vn -0.7893 0.0043 0.6140
vn -0.9571 0.0097 0.2897
vn -0.9572 0.0097 0.2892
vn -0.9578 -0.0067 0.2874
vn -0.9992 0.0108 0.0396
vn -0.9991 0.0144 0.0395
vn -0.9991 0.0076 0.0409
vn -0.9437 0.0095 -0.3305
vn -0.9437 0.0097 -0.3305
vn -0.3283 0.0168 -0.9444
vn -0.3299 0.0144 -0.9439
vn -0.3251 0.0235 -0.9454
vn -0.5050 0.0176 -0.8629
vn -0.5058 0.0199 -0.8624
vn -0.5063 0.0201 -0.8621
vn -0.7916 0.0126 -0.6109
vn -0.7962 0.0063 -0.6049
vn -0.8019 0.0009 -0.5975
vn -0.9428 0.0043 0.3333
vn -0.9422 0.0066 0.3351
vn -0.9412 0.0138 0.3377
vn -0.4159 0.0230 0.9091
vn -0.4249 0.0197 0.9050
vn -0.4208 0.0185 0.9070
vn -0.0474 0.0185 0.9987
vn -0.0572 0.0228 0.9981
vn -0.0416 0.0077 0.9991
vn 0.1346 0.0151 0.9908
vn 0.1311 0.0170 0.9912
vn 0.1469 0.0009 0.9892
vn 0.4882 0.0086 0.8727
vn 0.4834 0.0171 0.8752
vn 0.4904 0.0099 0.8715
vn 0.6673 0.0023 0.7448
vn 0.6675 0.0002 0.7446
vn 0.6674 0.0008 0.7447
vn 0.8978 0.0117 0.4402
vn 0.8975 0.0114 0.4408
vn 0.8990 0.0116 0.4378
vn 0.9725 -0.0018 0.2330
vn 0.9726 0.0054 0.2325
vn 0.9724 0.0026 0.2332
vn 0.7382 0.0064 -0.6745
vn 0.7369 0.0094 -0.6759
vn 0.7342 0.0162 -0.6788
vn 0.0347 0.0105 -0.9993
vn 0.0407 0.0117 -0.9991
vn 0.0327 0.0038 -0.9995
vn -0.0396 0.0044 -0.9992
vn -0.0396 0.0043 -0.9992
vn -0.0396 0.0055 -0.9992
vn -0.0155 -0.0011 -0.9999
vn 0.0889 0.0152 -0.9959
vn 0.0892 0.0155 -0.9959
vn 0.0867 0.0132 -0.9961
vn 0.1676 0.0096 -0.9858
vn 0.1673 0.0094 -0.9859
vn 0.1680 0.0088 -0.9857
vn 0.1764 -0.0129 -0.9842
vn 0.2668 0.0025 -0.9638
vn 0.2575 0.0107 -0.9662
vn 0.2585 0.0060 -0.9660
vn 0.3773 -0.0216 -0.9258
vn 0.3763 -0.0222 -0.9262
vn 0.3753 -0.0230 -0.9266
vn 0.4624 0.0104 -0.8866
vn 0.4630 0.0123 -0.8863
vn 0.4616 0.0115 -0.8870
vn 0.5512 0.0089 -0.8343
vn 0.5479 0.0143 -0.8364
vn 0.5512 0.0087 -0.8343
vn 0.5536 -0.0064 -0.8327
vn 0.5491 -0.0093 -0.8357
vn 0.5525 -0.0054 -0.8335
vn 0.6303 0.0103 -0.7763
vn 0.6309 0.0123 -0.7757
vn 0.6298 0.0116 -0.7767
vn 0.7013 -0.0026 -0.7129
vn 0.7053 0.0058 -0.7089
vn 0.7034 -0.0058 -0.7107
vn 0.7019 -0.0083 -0.7122
vn 0.6981 -0.0117 -0.7159
vn 0.6992 -0.0113 -0.7148
vn 0.7693 0.0095 -0.6388
vn 0.7700 0.0123 -0.6380
vn 0.7686 0.0109 -0.6397
vn 0.8049 0.0079 -0.5934
vn 0.8043 0.0015 -0.5942
vn 0.7990 -0.0036 -0.6013
vn 0.8273 -0.0100 -0.5617
vn 0.8744 0.0104 -0.4850
vn 0.8748 0.0124 -0.4843
vn 0.8742 0.0114 -0.4854
vn 0.9127 0.0133 -0.4085
vn 0.9119 0.0045 -0.4105
vn 0.9111 0.0035 -0.4122
vn 0.9298 -0.0162 -0.3678
vn 0.9301 -0.0146 -0.3671
vn 0.9300 -0.0157 -0.3672
vn 0.9516 0.0123 -0.3070
vn 0.9518 0.0124 -0.3065
vn 0.9515 0.0109 -0.3075
vn 0.9732 0.0218 -0.2288
vn 0.9722 0.0190 -0.2334
vn 0.9721 0.0193 -0.2339
vn 0.9826 -0.0011 -0.1857
vn 0.9944 0.0096 -0.1050
vn 0.9945 0.0126 -0.1040
vn 0.9943 0.0112 -0.1056
vn 0.9999 -0.0083 0.0152
vn 0.9955 0.0136 0.0939
vn 0.9954 0.0138 0.0943
vn 0.9956 0.0125 0.0926
vn 0.9804 0.0006 0.1969
vn 0.9575 0.0130 0.2881
vn 0.9575 0.0131 0.2883
vn 0.9579 0.0125 0.2869
vn 0.9171 -0.0055 0.3987
vn 0.8834 0.0127 0.4685
vn 0.8830 0.0127 0.4693
vn 0.8838 0.0125 0.4677
vn 0.8330 0.0097 0.5532
vn 0.8333 0.0016 0.5528
vn 0.8368 0.0098 0.5474
vn 0.8122 -0.0154 0.5832
vn 0.8132 -0.0155 0.5818
vn 0.8135 -0.0170 0.5813
vn 0.7754 0.0110 0.6314
vn 0.7749 0.0126 0.6319
vn 0.7756 0.0124 0.6312
vn 0.7026 0.0081 0.7115
vn 0.6315 0.0101 0.7753
vn 0.6307 0.0128 0.7759
vn 0.6318 0.0117 0.7751
vn 0.5340 -0.0070 0.8454
vn 0.4650 0.0127 0.8852
vn 0.4650 0.0130 0.8852
vn 0.4656 0.0131 0.8849
vn 0.3773 0.0031 0.9261
vn 0.3770 0.0028 0.9262
vn 0.3766 0.0032 0.9264
vn 0.3728 0.0046 0.9279
vn 0.2912 0.0107 0.9566
vn 0.2871 0.0011 0.9579
vn 0.2916 0.0097 0.9565
vn 0.2076 -0.0024 0.9782
vn 0.1925 0.0150 0.9812
vn 0.2057 -0.0057 0.9786
vn 0.1638 -0.0015 0.9865
vn 0.1021 0.0126 0.9947
vn 0.1022 0.0128 0.9947
vn 0.1036 0.0125 0.9945
vn -0.0114 0.0083 0.9999
vn -0.0920 0.0109 0.9957
vn -0.0925 0.0122 0.9956
vn -0.0914 0.0120 0.9957
vn -0.1691 0.0106 0.9855
vn -0.1740 -0.0009 0.9847
vn -0.1718 0.0093 0.9851
vn -0.2410 -0.0080 0.9705
vn -0.2341 -0.0076 0.9722
vn -0.2359 -0.0117 0.9717
vn -0.2854 0.0121 0.9583
vn -0.2856 0.0125 0.9583
vn -0.2849 0.0123 0.9585
vn -0.3655 0.0268 0.9304
vn -0.3658 0.0281 0.9303
vn -0.3657 0.0254 0.9304
vn -0.3985 0.0117 0.9171
vn -0.4686 0.0119 0.8833
vn -0.4686 0.0122 0.8833
vn -0.4683 0.0123 0.8835
vn -0.5351 0.0178 0.8446
vn -0.5358 0.0161 0.8442
vn -0.5356 0.0167 0.8443
vn -0.5817 -0.0014 0.8134
vn -0.6345 0.0017 0.7730
vn -0.6396 0.0141 0.7685
vn -0.6382 0.0082 0.7698
vn -0.7172 0.0037 0.6969
vn -0.7172 0.0038 0.6969
vn -0.7172 0.0020 0.6969
vn -0.7265 -0.0043 0.6871
vn -0.7836 0.0033 0.6213
vn -0.7844 0.0013 0.6203
vn -0.7836 0.0010 0.6213
vn -0.8266 0.0106 0.5627
vn -0.8318 -0.0002 0.5551
vn -0.8349 -0.0013 0.5504
vn -0.8530 -0.0127 0.5218
vn -0.8530 -0.0116 0.5217
vn -0.8519 -0.0132 0.5235
vn -0.8788 0.0142 0.4769
vn -0.8789 0.0144 0.4767
vn -0.8782 0.0143 0.4781
vn -0.9236 -0.0031 0.3834
vn -0.9228 -0.0083 0.3851
vn -0.9201 -0.0020 0.3917
vn -0.9283 -0.0023 0.3719
vn -0.9266 -0.0029 0.3761
vn -0.9263 -0.0068 0.3767
vn -0.9567 0.0049 0.2910
vn -0.9577 0.0011 0.2878
vn -0.9579 0.0044 0.2870
vn -0.9736 0.0046 0.2282
vn -0.9722 -0.0094 0.2341
vn -0.9736 0.0044 0.2283
vn -0.9839 -0.0176 0.1781
vn -0.9834 -0.0192 0.1805
vn -0.9836 -0.0177 0.1797
vn -0.9956 0.0047 0.0931
vn -0.9959 0.0005 0.0906
vn -0.9958 0.0037 0.0910
vn -0.9991 -0.0151 -0.0398
vn -0.9990 -0.0208 -0.0393
vn -0.9992 -0.0170 -0.0370
vn -0.9948 0.0026 -0.1019
vn -0.9940 0.0160 -0.1085
vn -0.9942 0.0092 -0.1072
vn -0.9820 0.0174 -0.1883
vn -0.9806 0.0188 -0.1951
vn -0.9802 0.0075 -0.1981
vn -0.9749 0.0043 -0.2227
vn -0.9736 0.0087 -0.2279
vn -0.9747 0.0048 -0.2234
vn -0.9527 0.0041 -0.3038
vn -0.9524 0.0085 -0.3047
vn -0.9524 0.0090 -0.3046
vn -0.9242 0.0114 -0.3816
vn -0.9197 0.0051 -0.3925
vn -0.9221 -0.0012 -0.3870
vn -0.9217 -0.0098 -0.3878
vn -0.8858 0.0184 -0.4637
vn -0.8857 0.0191 -0.4639
vn -0.8864 0.0158 -0.4626
vn -0.8404 -0.0016 -0.5420
vn -0.8362 0.0060 -0.5484
vn -0.8371 0.0019 -0.5470
vn -0.8260 -0.0114 -0.5635
vn -0.8259 -0.0142 -0.5637
vn -0.8263 -0.0119 -0.5631
vn -0.7780 0.0094 -0.6281
vn -0.7773 0.0126 -0.6290
vn -0.7784 0.0112 -0.6277
vn -0.7099 0.0096 -0.7042
vn -0.7095 0.0108 -0.7046
vn -0.7098 0.0092 -0.7043
vn -0.6996 -0.0117 -0.7144
vn -0.7004 -0.0152 -0.7136
vn -0.6999 -0.0124 -0.7142
vn -0.6386 0.0131 -0.7694
vn -0.6385 0.0132 -0.7695
vn -0.6395 0.0129 -0.7687
vn -0.5907 -0.0029 -0.8069
vn -0.5835 0.0028 -0.8121
vn -0.5825 -0.0018 -0.8128
vn -0.5569 0.0042 -0.8306
vn -0.4716 0.0098 -0.8818
vn -0.4707 0.0127 -0.8822
vn -0.4733 0.0108 -0.8808
vn -0.3964 0.0046 -0.9181
vn -0.4015 0.0125 -0.9158
vn -0.4003 0.0192 -0.9162
vn -0.3755 0.0036 -0.9268
vn -0.2882 0.0016 -0.9576
vn -0.2826 0.0147 -0.9591
vn -0.2835 -0.0002 -0.9590
vn -0.2096 0.0135 -0.9777
vn -0.2067 -0.0019 -0.9784
vn -0.2032 0.0007 -0.9791
vn -0.1940 0.0053 -0.9810
vn -0.0872 0.0053 -0.9962
vn -0.0873 0.0050 -0.9962
vn 0.4146 0.0189 -0.9098
vn 0.4137 0.0234 -0.9101
vn 0.4143 0.0228 -0.9099
vn 0.7047 -0.0281 -0.7090
vn 0.7047 -0.0281 -0.7089
vn 0.7046 -0.0283 -0.7090
vn 0.9766 -0.0070 -0.2150
vn 0.9766 -0.0068 -0.2149
vn 0.9754 -0.0127 -0.2199
vn 1.0000 -0.0007 -0.0084
vn 1.0000 -0.0003 -0.0082
vn 0.9999 -0.0039 -0.0106
vn 0.9794 -0.0136 0.2014
vn 0.9794 -0.0136 0.2013
vn 0.9798 -0.0174 0.1990
vn 0.6910 -0.0116 0.7228
vn 0.6908 -0.0112 0.7230
vn 0.6946 -0.0199 0.7192
vn 0.3661 -0.0065 0.9306
vn 0.3663 -0.0061 0.9305
vn 0.3665 -0.0072 0.9304
vn -0.1996 -0.0181 0.9797
vn -0.1977 -0.0219 0.9800
vn -0.1856 -0.0129 0.9825
vn -0.4139 0.0242 0.9100
vn -0.4142 0.0241 0.9099
vn -0.7089 -0.0196 0.7050
vn -0.7095 -0.0180 0.7044
vn -0.7103 -0.0159 0.7037
vn -0.8356 -0.0053 0.5492
vn -0.8420 0.0017 0.5394
vn -0.8367 -0.0089 0.5475
vn -0.9236 0.0044 0.3834
vn -0.9240 0.0028 0.3823
vn -0.9241 0.0032 0.3822
vn -0.1906 -0.0083 -0.9816
vn -0.1890 -0.0084 -0.9819
vn -0.1966 -0.0172 -0.9803
vn 0.0528 -0.0117 -0.9985
vn 0.0527 -0.0109 -0.9985
vn 0.0584 0.0005 -0.9983
vn 0.1812 -0.0191 -0.9833
vn 0.1856 -0.0120 -0.9826
vn 0.1823 -0.0234 -0.9830
vn 0.1301 0.0068 -0.9915
vn 0.4026 -0.0159 -0.9152
vn 0.4035 -0.0219 -0.9147
vn 0.4028 -0.0285 -0.9148
vn 0.5478 -0.0222 -0.8363
vn 0.5513 -0.0157 -0.8342
vn 0.5518 -0.0158 -0.8338
vn 0.4548 -0.0054 -0.8906
vn 0.4546 -0.0057 -0.8907
vn 0.4538 -0.0061 -0.8911
vn 0.7008 -0.0171 -0.7132
vn 0.6968 -0.0252 -0.7168
vn 0.7037 -0.0149 -0.7103
vn 0.6299 -0.0063 -0.7767
vn 0.6238 -0.0050 -0.7816
vn 0.6299 -0.0015 -0.7767
vn 0.8340 -0.0170 -0.5515
vn 0.8340 -0.0169 -0.5515
vn 0.8343 -0.0154 -0.5512
vn 0.7733 -0.0089 -0.6340
vn 0.7723 -0.0122 -0.6351
vn 0.7722 -0.0083 -0.6353
vn 0.9184 -0.0154 -0.3953
vn 0.9208 -0.0081 -0.3899
vn 0.9189 -0.0200 -0.3940
vn 0.9868 -0.0114 -0.1613
vn 0.9872 -0.0191 -0.1582
vn 0.9870 -0.0238 -0.1588
vn 0.9998 -0.0161 0.0134
vn 0.9998 -0.0160 0.0134
vn 0.9998 -0.0144 0.0138
vn 0.9947 -0.0116 -0.1018
vn 0.9949 -0.0112 -0.0999
vn 0.9948 -0.0107 -0.1008
vn 0.9676 -0.0171 0.2518
vn 0.9662 -0.0085 0.2578
vn 0.9659 -0.0089 0.2587
vn 0.9200 -0.0159 0.3917
vn 0.9199 -0.0152 0.3918
vn 0.8327 -0.0141 0.5535
vn 0.8297 -0.0072 0.5581
vn 0.8319 -0.0184 0.5547
vn 0.6676 -0.0132 0.7444
vn 0.6664 -0.0026 0.7456
vn 0.6655 -0.0133 0.7463
vn 0.5382 -0.0172 0.8426
vn 0.5379 -0.0161 0.8428
vn 0.6236 -0.0114 0.7817
vn 0.6232 -0.0135 0.7820
vn 0.6240 -0.0072 0.7814
vn 0.3196 -0.0138 0.9475
vn 0.3267 -0.0124 0.9451
vn 0.3321 -0.0013 0.9432
vn 0.1809 -0.0229 0.9832
vn 0.1791 -0.0200 0.9836
vn 0.1778 -0.0197 0.9839
vn 0.2693 0.0065 0.9630
vn 0.2689 0.0064 0.9631
vn 0.2719 0.0029 0.9623
vn -0.0581 -0.0116 0.9982
vn -0.0491 -0.0014 0.9988
vn -0.0647 -0.0134 0.9978
vn -0.1974 -0.0161 0.9802
vn -0.2029 -0.0065 0.9792
vn -0.1985 -0.0207 0.9799
vn -0.4344 -0.0055 0.9007
vn -0.4351 -0.0035 0.9004
vn -0.4284 -0.0010 0.9036
vn -0.5668 -0.0230 0.8236
vn -0.5679 -0.0231 0.8228
vn -0.5695 -0.0195 0.8218
vn -0.7180 -0.0189 0.6958
vn -0.7140 -0.0247 0.6997
vn -0.7193 -0.0142 0.6946
vn -0.8321 -0.0154 0.5544
vn -0.8353 -0.0062 0.5497
vn -0.8328 -0.0201 0.5532
vn -0.9191 -0.0140 0.3937
vn -0.9160 -0.0083 0.4011
vn -0.9191 -0.0015 0.3941
vn -0.9872 -0.0170 0.1589
vn -0.9873 -0.0224 0.1571
vn -0.9869 -0.0295 0.1586
vn -0.9580 -0.0037 0.2869
vn -0.9579 -0.0221 0.2864
vn -0.9562 -0.0138 0.2924
vn -0.9992 -0.0258 -0.0300
vn -0.9996 -0.0176 -0.0234
vn -0.9996 -0.0190 -0.0228
vn -0.9955 -0.0072 0.0940
vn -0.9954 -0.0100 0.0957
vn -0.9953 -0.0103 0.0959
vn -0.9794 -0.0127 -0.2013
vn -0.9795 -0.0130 -0.2012
vn -0.9459 0.0026 -0.3245
vn -0.9458 0.0032 -0.3246
vn -0.9455 0.0005 -0.3257
vn -0.8640 0.0024 -0.5035
vn -0.8629 0.0028 -0.5054
vn -0.8687 -0.0007 -0.4953
vn -0.8037 -0.0180 -0.5948
vn -0.8029 -0.0099 -0.5960
vn -0.8047 -0.0026 -0.5937
vn -0.7050 -0.0251 -0.7088
vn -0.7047 -0.0151 -0.7094
vn -0.7048 -0.0148 -0.7093
vn -0.7748 -0.0078 -0.6321
vn -0.7787 -0.0135 -0.6273
vn -0.7747 -0.0037 -0.6323
vn -0.5096 -0.0151 -0.8603
vn -0.5127 -0.0135 -0.8584
vn -0.5118 -0.0027 -0.8591
vn -0.3506 -0.0166 -0.9364
vn -0.3485 -0.0224 -0.9370
vn -0.3504 -0.0304 -0.9361
vn -0.4673 -0.0057 -0.8841
vn -0.4668 -0.0043 -0.8843
vn -0.4670 -0.0058 -0.8842
vn -0.1626 -0.0127 -0.9866
vn -0.1585 -0.0030 -0.9874
vn -0.1617 -0.0176 -0.9867
vn -0.2855 -0.0137 -0.9583
vn -0.2761 -0.0193 -0.9609
vn -0.2859 -0.0157 -0.9581
vn -0.1007 -0.0115 -0.9948
vn -0.1015 -0.0162 -0.9947
vn -0.1005 -0.0109 -0.9949
vn 0.9950 -0.0079 0.0991
vn 0.4396 -0.0117 0.8981
vn 0.4359 -0.0182 0.8998
vn 0.4344 -0.0085 0.9007
vn 0.5801 0.0195 0.8143
vn 0.5831 0.0147 0.8123
vn 0.5830 0.0143 0.8123
vn 0.6673 -0.0139 0.7447
vn 0.4928 -0.0126 0.8701
vn 0.4902 -0.0164 0.8715
vn 0.4947 -0.0109 0.8690
vn 0.3656 -0.0056 0.9308
vn 0.3892 0.0102 0.9211
vn 0.3890 0.0137 0.9211
vn 0.3886 0.0173 0.9212
vn 0.3197 -0.0124 0.9474
vn 0.7141 -0.0205 0.6998
vn 0.7147 -0.0072 0.6994
vn 0.7120 -0.0049 0.7021
vn 0.7461 -0.0066 0.6658
vn 0.7474 -0.0003 0.6644
vn 0.7497 -0.0035 0.6618
vn 0.6907 -0.0109 0.7231
vn 0.7221 -0.0028 0.6917
vn 0.7217 -0.0043 0.6922
vn 0.7218 -0.0050 0.6920
vn 0.8503 0.0075 0.5263
vn 0.8506 0.0068 0.5257
vn 0.8323 -0.0024 0.5543
vn 0.8349 -0.0189 0.5500
vn 0.8389 0.0024 0.5443
vn 0.8322 0.0194 0.5542
vn 0.8955 -0.0241 0.4444
vn 0.8698 -0.0061 0.4934
vn 0.8731 -0.0096 0.4874
vn 0.8732 -0.0083 0.4873
vn 0.9365 0.0171 0.3502
vn 0.9374 0.0140 0.3480
vn 0.9374 0.0139 0.3479
vn 0.8981 -0.0137 0.4396
vn 0.8970 -0.0155 0.4419
vn 0.8988 -0.0079 0.4382
vn 0.9267 0.0104 0.3757
vn 0.9246 0.0110 0.3807
vn 0.9247 0.0036 0.3807
vn -0.4466 -0.0137 0.8946
vn -0.4463 -0.0213 0.8947
vn -0.4464 -0.0209 0.8946
vn -0.1677 0.0152 0.9857
vn -0.1674 0.0148 0.9858
vn -0.3360 -0.0079 0.9418
vn -0.3349 -0.0249 0.9419
vn -0.3346 -0.0052 0.9423
vn -0.2706 -0.0182 0.9625
vn -0.2689 -0.0165 0.9630
vn -0.2706 -0.0179 0.9625
vn -0.4062 -0.0050 0.9138
vn -0.2683 -0.0140 0.9632
vn -0.2618 -0.0095 0.9651
vn -0.3813 -0.0218 0.9242
vn -0.3738 -0.0066 0.9275
vn -0.3786 -0.0069 0.9256
vn -0.3330 0.0014 0.9429
vn -0.3304 -0.0014 0.9438
vn -0.4505 -0.0170 0.8926
vn -0.4500 -0.0168 0.8929
vn -0.5335 0.0227 0.8455
vn -0.0605 -0.0160 0.9980
vn 0.3131 -0.0177 0.9496
vn 0.3139 -0.0176 0.9493
vn 0.0631 -0.0091 0.9980
vn 0.0596 -0.0208 0.9980
vn 0.0553 -0.0069 0.9984
vn 0.0220 0.0027 0.9998
vn 0.0222 0.0029 0.9997
vn 0.0329 0.0094 0.9994
vn 0.3865 -0.0204 0.9221
vn 0.3891 -0.0076 0.9212
vn 0.3854 -0.0054 0.9227
vn 0.4355 -0.0035 0.9002
vn 0.4404 -0.0061 0.8978
vn 0.0049 -0.0219 0.9997
vn 0.0110 -0.0071 0.9999
vn 0.0066 -0.0067 1.0000
vn 0.0567 -0.0011 0.9984
vn 0.0612 -0.0047 0.9981
vn -0.1241 -0.0153 0.9922
vn -0.1247 -0.0014 0.9922
vn -0.1256 -0.0041 0.9921
vn -0.2173 0.0013 0.9761
vn -0.1650 0.0106 0.9862
vn -0.1769 0.0073 0.9842
vn 0.5482 0.0017 -0.8364
vn 0.5445 0.0194 -0.8385
vn 0.4960 -0.0045 -0.8683
vn 0.4957 -0.0042 -0.8685
vn 0.4897 -0.0116 -0.8718
vn 0.7048 -0.0278 -0.7088
vn 0.7027 0.0154 -0.7113
vn 0.7437 -0.0074 -0.6685
vn 0.7300 -0.0218 -0.6831
vn 0.7335 -0.0240 -0.6793
vn 0.6529 -0.0046 -0.7574
vn 0.6536 -0.0056 -0.7568
vn 0.6493 -0.0115 -0.7604
vn 0.7999 0.0221 -0.5997
vn 0.8000 0.0218 -0.5996
vn 0.8003 0.0221 -0.5992
vn 0.8057 0.0077 -0.5923
vn 0.8039 0.0044 -0.5948
vn 0.8035 0.0047 -0.5953
vn 0.8890 -0.0072 -0.4579
vn 0.8823 -0.0022 -0.4706
vn 0.8859 -0.0097 -0.4638
vn 0.8639 -0.0241 -0.5031
vn 0.4340 -0.0135 -0.9008
vn 0.4351 -0.0177 -0.9002
vn 0.4347 -0.0175 -0.9004
vn 0.4024 -0.0045 -0.9154
vn 0.3199 -0.0126 -0.9474
vn 0.3185 -0.0132 -0.9478
vn 0.3188 -0.0139 -0.9477
vn 0.4286 -0.0235 -0.9032
vn 0.4306 -0.0122 -0.9025
vn 0.3990 -0.0447 -0.9158
vn 0.3159 -0.0008 -0.9488
vn 0.3160 -0.0012 -0.9488
vn 0.3173 0.0050 -0.9483
vn 0.2603 -0.0044 -0.9655
vn 0.2697 -0.0186 -0.9628
vn 0.2699 -0.0179 -0.9627
vn 0.2689 -0.0143 -0.9631
vn 0.1396 -0.0024 -0.9902
vn 0.1435 0.0030 -0.9897
vn 0.1437 0.0033 -0.9896
vn 0.2627 -0.0163 -0.9647
vn 0.1589 -0.0006 -0.9873
vn 0.1596 -0.0005 -0.9872
vn 0.1585 0.0007 -0.9874
vn 0.1582 0.0162 -0.9873
vn 1.0000 -0.0006 -0.0081
vn 0.9996 0.0232 -0.0183
vn 0.9996 0.0228 -0.0185
vn 0.9996 0.0163 -0.0222
vn 0.9975 -0.0109 0.0693
vn 0.9974 -0.0164 0.0702
vn 0.9980 -0.0093 0.0631
vn 0.9993 0.0146 -0.0344
vn 0.9992 0.0098 -0.0383
vn 0.9992 0.0094 -0.0385
vn 0.9918 -0.0122 0.1273
vn 0.9911 -0.0180 0.1317
vn 0.9909 -0.0100 0.1340
vn 0.9976 -0.0207 0.0653
vn 0.9793 -0.0131 0.2018
vn 0.9666 -0.0079 0.2561
vn 0.9826 -0.0210 0.1847
vn 0.9830 -0.0068 0.1836
vn 0.9822 -0.0049 0.1876
vn 0.9910 -0.0062 0.1337
vn 0.9912 -0.0093 0.1319
vn 0.9531 -0.0249 0.3016
vn 0.9530 -0.0252 0.3019
vn 0.9531 -0.0249 0.3015
vn 0.9910 -0.0208 -0.1325
vn 0.9910 -0.0237 -0.1316
vn 0.9910 -0.0237 -0.1321
vn 0.9871 -0.0067 -0.1598
vn 0.9655 -0.0038 -0.2602
vn 0.9654 -0.0033 -0.2607
vn 0.9643 -0.0086 -0.2645
vn 0.9899 -0.0207 -0.1402
vn 0.9900 -0.0187 -0.1399
vn 0.9767 -0.0066 -0.2146
vn 0.9714 0.0232 -0.2361
vn 0.9461 -0.0143 -0.3236
vn 0.9472 -0.0183 -0.3202
vn 0.9461 -0.0158 -0.3235
vn 0.9648 -0.0356 -0.2605
vn 0.9058 0.0042 -0.4237
vn 0.9056 0.0037 -0.4241
vn 0.9444 -0.0149 -0.3285
vn 0.9427 -0.0104 -0.3334
vn 0.9124 0.0132 -0.4092
vn -0.4733 -0.0229 0.8806
vn -0.4736 -0.0144 0.8806
vn -0.4837 -0.0114 0.8752
vn -0.9962 0.0006 0.0867
vn -0.9966 -0.0104 0.0816
vn -0.9960 0.0002 0.0895
vn -0.8926 0.0007 0.4508
vn -0.8922 -0.0039 0.4516
vn -0.8921 -0.0020 0.4517
vn -0.6450 -0.0110 0.7641
vn -0.6468 -0.0121 0.7626
vn -0.6533 -0.0023 0.7571
vn -0.2833 -0.0065 0.9590
vn -0.2820 -0.0124 0.9593
vn -0.2757 0.0008 0.9612
vn -0.0890 -0.0178 0.9959
vn 0.1081 -0.0074 0.9941
vn 0.1093 -0.0128 0.9939
vn 0.1162 -0.0002 0.9932
vn -0.2905 -0.0161 -0.9567
vn -0.4663 -0.0182 -0.8845
vn -0.9545 -0.0069 -0.2980
vn -0.9551 -0.0143 -0.2961
vn -0.9574 0.0035 -0.2887
vn -0.9958 -0.0035 -0.0920
vn -0.9954 -0.0078 -0.0951
vn -0.9952 -0.0136 -0.0964
vn 0.6118 -0.0050 -0.7910
vn 0.6114 -0.0061 -0.7913
vn 0.6125 -0.0075 -0.7904
vn 0.9562 -0.0166 -0.2921
vn 0.8888 -0.0007 -0.4583
vn 0.8897 -0.0061 -0.4566
vn 0.8889 -0.0039 -0.4580
vn 0.8739 -0.0001 -0.4862
vn 0.8736 0.0006 -0.4866
vn 0.8736 0.0005 -0.4866
vn 0.7718 -0.0036 -0.6358
vn 0.7716 -0.0079 -0.6361
vn 0.7691 -0.0019 -0.6391
vn 0.4552 -0.0054 -0.8904
vn 0.4563 -0.0111 -0.8898
vn 0.4499 -0.0017 -0.8931
vn 0.2636 -0.0185 -0.9644
vn 0.0796 -0.0055 -0.9968
vn 0.0769 -0.0093 -0.9970
vn 0.0827 0.0012 -0.9966
vn 0.7585 -0.0050 0.6516
vn 0.7657 -0.0057 0.6431
vn 0.7641 -0.0062 0.6451
vn 0.2903 0.0003 0.9569
vn 0.2806 0.0037 0.9598
vn 0.2903 -0.0049 0.9569
vn 0.4571 -0.0084 0.8894
vn 0.4585 -0.0039 0.8887
vn 0.4539 -0.0065 0.8910
vn 0.6391 0.0001 0.7691
vn 0.6352 0.0019 0.7723
vn 0.6344 -0.0118 0.7729
vn -0.1276 -0.0220 -0.9916
vn 0.8741 -0.0128 0.4856
vn 0.8732 -0.0091 0.4873
vn 0.8691 -0.0040 0.4946
vn 0.9560 -0.0041 0.2932
vn 0.9555 -0.0078 0.2950
vn 0.9553 -0.0109 0.2954
vn 0.9945 -0.0139 -0.1037
vn -0.9997 -0.0239 0.0005
vn -0.9997 -0.0250 -0.0007
vn -0.9997 -0.0227 0.0016
vn -0.9999 0.0139 -0.0088
vn -0.9996 0.0291 -0.0041
vn -0.9996 0.0293 -0.0043
vn -0.9707 0.0207 0.2392
vn -0.9707 0.0218 0.2391
vn -0.9708 0.0221 0.2389
vn -0.9904 -0.0212 0.1366
vn -0.9908 -0.0207 0.1341
vn -0.9905 -0.0194 0.1363
vn -0.9872 -0.0055 0.1591
vn -0.9687 -0.0057 0.2482
vn -0.9684 -0.0024 0.2495
vn -0.9709 0.0016 0.2393
vn -0.9963 -0.0249 0.0827
vn -0.9962 -0.0204 0.0841
vn -0.9970 -0.0140 0.0757
vn -0.9913 -0.0235 0.1292
vn -0.9913 -0.0237 0.1297
vn -0.9963 -0.0180 -0.0838
vn -0.9969 -0.0131 -0.0782
vn -0.9969 -0.0195 -0.0767
vn -0.9993 0.0033 0.0377
vn -0.9994 0.0097 0.0333
vn -0.9994 0.0100 0.0330
vn -0.9973 -0.0075 -0.0725
vn -0.9965 -0.0132 -0.0830
vn 0.0909 0.0211 -0.9956
vn 0.1014 0.0146 -0.9947
vn 0.0911 0.0194 -0.9957
vn 0.0994 0.0141 -0.9949
vn -0.7876 -0.0116 0.6161
vn -0.7882 -0.0074 0.6153
vn -0.7879 -0.0074 0.6158
vn -0.8692 -0.0250 0.4939
vn -0.8695 -0.0102 0.4938
vn -0.8704 -0.0206 0.4919
vn -0.8135 0.0104 0.5815
vn -0.8133 0.0100 0.5818
vn -0.8682 -0.0090 0.4961
vn -0.8689 -0.0101 0.4949
vn -0.9410 -0.0182 0.3379
vn -0.9400 -0.0114 0.3409
vn -0.9406 -0.0175 0.3391
vn -0.9568 -0.0260 0.2896
vn -0.9566 -0.0262 0.2901
vn -0.4957 -0.0164 -0.8684
vn -0.3976 0.0009 -0.9175
vn -0.3293 -0.0210 -0.9440
vn -0.3246 -0.0166 -0.9457
vn -0.3289 -0.0184 -0.9442
vn -0.3229 -0.0214 -0.9462
vn -0.3232 -0.0211 -0.9461
vn -0.1418 -0.0220 -0.9896
vn -0.1548 -0.0300 -0.9875
vn -0.1427 -0.0183 -0.9896
vn -0.1601 0.0021 -0.9871
vn -0.2277 0.0251 -0.9734
vn -0.1299 -0.0162 -0.9914
vn -0.8990 -0.0035 -0.4380
vn -0.9011 -0.0127 -0.4333
vn -0.9013 -0.0117 -0.4331
vn -0.9823 -0.0011 -0.1871
vn -0.9837 0.0189 -0.1787
vn -0.9891 0.0097 -0.1467
vn -0.9896 0.0143 -0.1431
vn -0.9902 0.0094 -0.1391
vn -0.9579 -0.0302 -0.2855
vn -0.9579 -0.0304 -0.2855
vn -0.9579 -0.0302 -0.2856
vn -0.9628 -0.0127 -0.2698
vn -0.9155 -0.0093 -0.4023
vn -0.9211 0.0132 -0.3890
vn -0.9197 0.0217 -0.3920
vn -0.9414 0.0004 -0.3372
vn -0.9393 0.0102 -0.3430
vn -0.9391 0.0106 -0.3435
vn -0.8933 -0.0137 -0.4492
vn 0.4816 0.0066 0.8763
vn 0.4820 0.0130 0.8761
vn -0.9952 -0.0003 0.0981
vn -0.9972 0.0103 0.0735
vn -0.9954 -0.0058 0.0961
vn -0.9962 0.0329 0.0802
vn -0.9964 0.0295 0.0789
vn -0.9959 0.0225 0.0874
vn 0.7743 0.0165 0.6326
vn 0.7768 0.0281 0.6292
vn 0.7766 0.0284 0.6294
vn 0.7757 0.0201 0.6307
vn -0.3705 0.0174 -0.9287
vn -0.3741 0.0127 -0.9273
vn -0.3705 0.0170 -0.9287
vn 0.8886 0.0086 0.4585
vn 0.8949 0.0139 0.4461
vn -0.6622 0.0218 -0.7490
vn -0.6621 0.0220 -0.7491
vn -0.6611 0.0181 -0.7501
vn -0.6617 0.0039 -0.7498
vn -0.8764 0.0292 0.4808
vn -0.8661 0.0101 0.4998
vn -0.8655 0.0109 0.5008
vn -0.8654 0.0090 0.5010
vn 0.4211 0.0176 -0.9068
vn 0.4295 0.0141 -0.9030
vn -0.9922 0.0086 -0.1244
vn -0.9909 0.0105 -0.1345
vn -0.9921 0.0088 -0.1252
vn -0.9915 0.0139 -0.1296
vn -0.1356 0.0197 -0.9906
vn -0.1351 0.0202 -0.9906
vn -0.1351 0.0177 -0.9907
vn -0.1473 0.0106 -0.9890
vn 0.9555 0.0187 0.2943
vn 0.9471 0.0122 0.3207
vn 0.9505 0.0138 0.3105
vn 0.9517 0.0143 0.3068
vn 0.2326 -0.0077 -0.9725
vn 0.2319 -0.0074 -0.9727
vn 0.2257 0.0003 -0.9742
vn 0.2305 0.0229 -0.9728
vn 0.3136 0.0189 0.9494
vn 0.3131 0.0199 0.9495
vn 0.3131 0.0158 0.9496
vn 0.3196 0.0155 0.9474
vn -0.7737 0.0180 0.6333
vn -0.7737 0.0180 0.6332
vn -0.7905 0.0204 0.6121
vn -0.9792 -0.0086 0.2029
vn -0.3045 0.0191 0.9523
vn -0.2990 0.0130 0.9542
vn -0.2995 0.0133 0.9540
vn -0.1112 0.0158 0.9937
vn 0.9979 0.0404 0.0501
vn 0.9991 0.0097 0.0405
vn 0.9994 0.0083 0.0332
vn 0.9993 0.0192 0.0309
vn 0.0772 0.0161 0.9969
vn 0.0783 0.0148 0.9968
vn 0.0739 0.0302 0.9968
vn 0.9669 0.0146 0.2549
vn 0.9677 -0.0039 0.2522
vn 0.9679 0.0071 0.2513
vn 0.9869 0.0147 -0.1605
vn 0.9863 0.0006 -0.1652
vn 0.9861 0.0123 -0.1659
vn 0.9139 0.0217 0.4053
vn -0.9976 0.0203 -0.0665
vn -0.9976 0.0200 -0.0663
vn -0.9974 0.0152 -0.0707
vn -0.9975 0.0157 -0.0682
vn -0.9418 -0.0182 0.3356
vn -0.9404 -0.0156 0.3396
vn -0.9400 -0.0123 0.3411
vn 0.9404 0.0197 -0.3394
vn 0.9372 0.0230 -0.3479
vn 0.9367 0.0282 -0.3489
vn 0.4360 0.0112 0.8999
vn -0.9485 0.0339 0.3149
vn -0.2714 0.0266 -0.9621
vn -0.2663 0.0208 -0.9637
vn -0.2700 0.0229 -0.9626
vn -0.9369 -0.0434 -0.3468
vn -0.9404 -0.0333 -0.3385
vn -0.9387 -0.0291 -0.3434
vn -0.9500 0.0096 -0.3120
vn -0.9488 0.0235 -0.3150
vn -0.9484 0.0193 -0.3165
vn 0.0848 -0.0286 -0.9960
vn 0.0845 -0.0289 -0.9960
vn 0.0847 -0.0287 -0.9960
vn -0.8674 0.0075 -0.4976
vn -0.8660 0.0131 -0.4999
vn -0.8674 0.0078 -0.4976
vn -0.8698 0.0063 -0.4933
vn 0.1348 0.0305 0.9904
vn 0.1343 0.0302 0.9905
vn 0.0546 -0.0159 -0.9984
vn 0.6486 0.0276 -0.7606
vn 0.6543 0.0104 -0.7562
vn 0.6496 0.0090 -0.7602
vn -0.2607 0.0263 0.9651
vn -0.2372 0.0225 0.9712
vn -0.2454 0.0134 0.9693
vn -0.2439 0.0084 0.9698
vn -0.6123 0.0249 -0.7902
vn -0.6086 0.0221 -0.7932
vn -0.6124 0.0216 -0.7903
vn 0.0027 0.0008 -1.0000
vn 0.0016 0.0034 -1.0000
vn 0.0002 0.0028 -1.0000
vn -0.0420 0.0142 -0.9990
vn -0.0404 0.0113 -0.9991
vn -0.0522 0.0064 -0.9986
vn 0.9578 0.0314 -0.2857
vn 0.9578 0.0311 -0.2856
vn 0.8764 0.0316 -0.4806
vn -0.0264 0.0194 0.9995
vn 0.3043 -0.0189 -0.9524
vn 0.2974 0.0022 -0.9547
vn 0.3042 -0.0030 -0.9526
vn 0.3079 0.0118 -0.9513
vn 0.3012 0.0188 -0.9534
vn 0.3005 0.0168 -0.9536
vn 0.0619 -0.0161 -0.9980
vn -0.0283 -0.0145 -0.9995
vn -0.0280 -0.0141 -0.9995
vn -0.0302 -0.0160 -0.9994
vn -0.0397 0.0032 -0.9992
vn 0.9960 0.0180 0.0870
vn 0.9963 0.0291 0.0804
vn 0.9964 0.0287 0.0795
vn 0.9966 0.0207 0.0793
vn 0.0400 0.0195 -0.9990
vn 0.0397 0.0189 -0.9990
vn 0.0408 0.0184 -0.9990
vn 0.7886 -0.0184 0.6146
vn 0.7890 -0.0174 0.6142
vn 0.7887 -0.0178 0.6145
vn -0.5900 0.0252 0.8070
vn -0.6104 -0.0190 0.7918
vn -0.6121 -0.0181 0.7905
vn -0.6115 -0.0186 0.7910
vn 0.7975 0.0396 0.6020
vn 0.8079 0.0197 0.5890
vn -0.5111 -0.0369 0.8587
vn -0.4715 0.0299 0.8813
vn -0.6481 0.0319 0.7609
vn -0.9033 0.0153 0.4287
vn -0.8988 0.0134 0.4381
vn -0.8992 0.0213 0.4371
vn -0.6098 -0.0170 0.7924
vn -0.6078 -0.0173 0.7939
vn -0.5096 0.0018 0.8604
vn -0.5092 0.0022 0.8606
vn -0.5068 -0.0017 0.8621
vn 0.7898 -0.0133 0.6132
vn 0.7943 -0.0117 0.6074
vn -0.6672 -0.0385 0.7439
vn -0.0889 0.0192 -0.9959
vn -0.0823 0.0145 -0.9965
vn -0.0886 0.0178 -0.9959
vn -0.0818 0.0164 -0.9965
vn 0.7510 -0.0086 0.6603
vn 0.7470 -0.0173 0.6646
vn -0.7525 0.0139 0.6584
vn -0.7473 0.0216 0.6641
vn -0.7476 0.0211 0.6638
vn -0.7558 0.0100 -0.6547
vn -0.7551 0.0166 -0.6554
vn -0.7546 0.0071 -0.6562
vn -0.7589 0.0077 -0.6511
vn -0.6666 -0.0011 0.7454
vn -0.6656 0.0004 0.7463
vn -0.6614 -0.0055 0.7500
vn -0.6129 -0.0104 -0.7901
vn -0.6112 -0.0210 -0.7912
vn -0.6070 -0.0080 -0.7947
vn 0.2460 -0.0420 0.9684
vn -0.9616 -0.0070 0.2744
vn -0.9598 -0.0078 0.2806
vn -0.9613 -0.0092 0.2754
vn -0.8420 0.0047 0.5394
vn -0.8256 0.0169 0.5640
vn -0.8314 0.0058 0.5557
vn 0.1259 -0.0188 0.9919
vn 0.1251 -0.0179 0.9920
vn 0.1249 -0.0168 0.9920
vn 0.1931 0.0018 0.9812
vn 0.2019 0.0100 0.9794
vn 0.1276 -0.0126 0.9917
vn 0.1271 -0.0179 0.9917
vn -0.7473 -0.0211 0.6641
vn -0.7549 -0.0225 0.6555
vn -0.7512 -0.0187 0.6598
vn 0.2481 0.0021 0.9687
vn 0.2484 0.0023 0.9687
vn 0.2524 -0.0032 0.9676
vn -0.7087 -0.0202 0.7052
vn -0.7009 0.0178 0.7130
vn -0.7006 0.0178 0.7134
vn -0.7033 0.0254 0.7104
vn -0.9469 -0.0218 0.3207
vn 0.6235 -0.0246 0.7814
vn 0.6237 -0.0246 0.7813
vn 0.6521 -0.0205 0.7578
vn -0.7741 -0.0080 -0.6331
vn -0.7750 -0.0072 -0.6320
vn -0.7712 0.0042 -0.6365
vn -0.1019 -0.0183 -0.9946
vn -0.1022 -0.0178 -0.9946
vn 0.5534 0.0023 0.8329
vn 0.5534 0.0024 0.8329
vn -0.6395 -0.0102 -0.7687
vn -0.6406 -0.0143 -0.7678
vn -0.6403 -0.0134 -0.7680
vn 0.6528 0.0154 0.7574
vn 0.6559 -0.0036 0.7549
vn 0.6563 0.0067 0.7545
vn -0.0760 -0.0208 0.9969
vn -0.7506 -0.0139 0.6606
vn -0.7477 -0.0209 0.6637
vn -0.8966 -0.0049 0.4428
vn -0.8954 0.0031 0.4453
vn -0.8959 0.0014 0.4442
vn -0.7792 -0.0169 0.6266
vn 0.4971 -0.0199 0.8675
vn -0.9189 -0.0298 0.3933
vn -0.9231 -0.0085 0.3845
vn 0.7714 -0.0270 -0.6358
vn 0.7706 -0.0273 -0.6367
vn -0.5573 0.0031 -0.8303
vn -0.5836 0.0031 -0.8121
vn 0.7478 -0.0234 -0.6635
vn 0.9942 0.0115 -0.1065
vn 0.8608 -0.0100 -0.5088
vn 0.8616 -0.0157 -0.5074
vn 0.8608 -0.0127 -0.5088
vn -0.8432 -0.0138 -0.5374
vn -0.8410 -0.0073 -0.5410
vn -0.8392 -0.0025 -0.5438
vn -0.8587 0.0054 -0.5124
vn -0.8580 0.0077 -0.5136
vn -0.8583 0.0065 -0.5131
vn -0.5107 -0.0132 -0.8597
vn -0.7972 -0.0102 -0.6036
vn -0.5679 -0.0207 -0.8228
vn -0.5679 -0.0080 -0.8231
vn -0.5648 -0.0053 -0.8252
vn -0.6077 -0.0032 -0.7942
vn -0.6131 -0.0064 -0.7900
vn -0.8376 -0.0081 -0.5462
vn -0.8364 0.0069 -0.5481
vn -0.4435 -0.0446 -0.8951
vn -0.7967 0.0265 -0.6038
vn -0.7963 0.0273 -0.6042
vn 0.6009 0.0251 -0.7990
vn 0.6011 0.0255 -0.7988
vn 0.6033 0.0211 -0.7972
vn 0.5998 0.0137 -0.8000
vn -0.8835 -0.0163 -0.4681
vn -0.8836 0.0010 -0.4682
vn -0.8824 -0.0092 -0.4703
vn 0.7457 -0.0265 -0.6657
vn 0.7397 -0.0363 -0.6720
vn 0.7389 -0.0328 -0.6731
vn -0.3506 -0.0032 -0.9365
vn -0.4452 -0.0008 -0.8954
vn -0.4450 -0.0010 -0.8955
vn -0.4474 -0.0040 -0.8943
vn -0.8958 0.0196 -0.4441
vn -0.8957 0.0197 -0.4442
vn -0.8960 0.0179 -0.4436
vn -0.8967 0.0146 -0.4423
vn 0.7503 0.0361 -0.6601
vn -0.7567 -0.0075 -0.6537
vn -0.7552 -0.0097 -0.6554
vn -0.7565 -0.0097 -0.6540
vn -0.6628 -0.0140 -0.7487
vn -0.6694 -0.0181 -0.7427
vn -0.6674 -0.0213 -0.7444
vn -0.6596 -0.0188 -0.7514
vn -0.6601 -0.0188 -0.7510
vn -0.7047 -0.0003 -0.7095
vn -0.7108 0.0180 -0.7031
vn 0.4916 0.0094 -0.8707
vn 0.4926 0.0095 -0.8702
vn 0.4897 0.0109 -0.8718
vn 0.4948 0.0077 -0.8690
vn 0.4977 -0.0445 -0.8662
vn 0.5984 -0.0079 -0.8012
vn 0.5887 -0.0208 -0.8081
vn 0.5924 -0.0204 -0.8054
vn 0.6518 -0.0510 -0.7567
vn 0.9956 0.0267 -0.0897
vn 0.6028 -0.0189 -0.7977
vn -0.7933 -0.0165 -0.6086
vn -0.7934 -0.0165 -0.6085
vn -0.5069 0.0215 -0.8617
vn -0.5073 0.0208 -0.8615
vn 0.2591 0.0113 0.9658
vn 0.2585 0.0189 0.9658
vn 0.2673 0.0115 0.9635
vn 0.2575 0.0072 0.9663
vn -0.9657 -0.0104 -0.2595
vn -0.9659 -0.0157 -0.2584
vn -0.9661 -0.0139 -0.2578
vn -0.2710 -0.0105 -0.9625
vn -0.2703 -0.0152 -0.9627
vn 0.8268 -0.0225 -0.5621
vn -0.9683 0.0193 -0.2491
vn -0.9701 0.0076 -0.2426
vn -0.9704 0.0126 -0.2413
vn -0.9686 0.0238 -0.2475
vn 0.6251 0.0176 0.7803
vn 0.6009 0.0132 0.7992
vn 0.6100 0.0090 0.7923
vn 0.6118 0.0149 0.7909
vn 0.9637 -0.0206 0.2660
vn -0.1900 -0.0072 -0.9817
vn 0.9960 -0.0262 -0.0855
vn 0.9960 -0.0214 -0.0871
vn 0.9968 -0.0148 -0.0782
vn 0.4945 0.0088 -0.8691
vn 0.4946 0.0097 -0.8691
vn 0.4458 -0.1052 -0.8889
vn 0.8851 0.0732 -0.4596
vn -0.4914 0.0467 -0.8697
vn 0.8570 0.0000 -0.5154
vn 0.8571 0.0024 -0.5152
vn 0.8569 0.0016 -0.5154
vn 0.8295 0.0011 -0.5585
vn 0.8298 0.0018 -0.5580
vn 0.8294 0.0013 -0.5586
vn -0.8710 0.0004 -0.4913
vn -0.8660 0.0093 -0.4999
vn -0.8713 0.0021 -0.4907
vn -0.8824 -0.1118 -0.4570
vn -0.5225 0.0010 -0.8527
vn -0.5120 -0.0022 -0.8590
vn -0.5217 0.0013 -0.8531
vn -0.4838 -0.0443 -0.8740
vn -0.4785 -0.0479 -0.8768
vn -0.4759 -0.0427 -0.8785
vn 0.5155 -0.0016 -0.8569
vn 0.5185 0.0003 -0.8551
vn 0.5156 -0.0029 -0.8568
vn 0.8251 -0.0067 -0.5649
vn 0.8240 -0.0024 -0.5666
vn 0.8237 -0.0049 -0.5670
vn 0.8560 0.0079 -0.5169
vn 0.8567 0.0037 -0.5158
vn 0.8569 0.0020 -0.5156
vn 0.8297 0.0004 -0.5583
vn 0.8273 -0.1009 -0.5527
vn -0.8643 0.0863 -0.4956
vn -0.8384 -0.0028 -0.5450
vn 0.5592 -0.0002 -0.8290
vn 0.5599 0.0102 -0.8285
vn 0.5659 0.0077 -0.8245
vn 0.4885 0.0816 -0.8687
vn 0.5408 0.0059 -0.8411
vn 0.5442 -0.0018 -0.8390
vn 0.5408 0.0060 -0.8411
vn -0.2027 -0.0023 -0.9792
vn -0.1996 0.0104 -0.9798
vn -0.2108 0.0065 -0.9775
vn -0.1387 0.0061 -0.9903
vn -0.1372 0.0018 -0.9905
vn -0.1393 0.0009 -0.9902
vn 0.0663 0.0581 -0.9961
vn -0.9940 0.0578 0.0929
vn -0.1538 -0.0792 -0.9849
vn -0.9960 0.0195 0.0874
vn -0.9958 -0.0881 0.0254
vn -0.9962 0.0354 -0.0798
vn -0.1056 0.0528 -0.9930
vn -0.1045 0.0562 -0.9929
vn -0.0917 0.0490 -0.9946
vn 0.0305 0.0010 -0.9995
vn 0.0281 -0.0025 -0.9996
vn 0.0861 -0.0518 -0.9949
vn 0.0855 -0.0532 -0.9949
vn 0.0745 -0.0477 -0.9961
vn -0.9981 0.0146 -0.0599
vn -0.9981 0.0098 -0.0613
vn -0.9989 0.0020 -0.0473
vn -0.9947 -0.0405 -0.0940
vn -0.9952 -0.0378 -0.0900
vn -0.9953 -0.0419 -0.0868
vn -0.0630 -0.0668 -0.9958
vn -0.0782 0.0800 -0.9937
vn 0.9934 0.0581 -0.0993
vn 0.9965 -0.0587 -0.0589
vn -0.1357 0.0017 -0.9907
vn -0.1259 -0.0020 -0.9920
vn -0.1282 0.0054 -0.9917
vn 0.7717 0.0701 -0.6322
vn 0.7644 -0.0033 0.6447
vn 0.7573 0.0046 0.6530
vn 0.7600 0.0004 0.6499
vn 0.7634 -0.1019 0.6378
vn 0.6547 0.0035 -0.7559
vn 0.6547 0.0030 -0.7559
vn 0.6086 -0.1011 -0.7870
vn 0.6033 0.0662 0.7947
vn 0.6476 0.0792 -0.7578
vn 0.6955 0.0051 -0.7185
vn 0.6988 -0.0017 -0.7153
vn 0.6959 0.0059 -0.7181
vn 0.7195 -0.0957 -0.6879
vn -0.8005 -0.0724 0.5949
vn 0.7596 0.0019 -0.6504
vn 0.7596 0.0014 -0.6504
vn 0.6824 -0.0190 -0.7307
vn 0.6806 -0.0044 -0.7326
vn 0.6821 -0.0172 -0.7310
vn 0.7416 -0.0080 0.6708
vn 0.7356 -0.0041 0.6774
vn 0.7376 -0.0024 0.6752
vn 0.7476 0.0903 0.6580
vn 0.7106 -0.0037 0.7036
vn 0.7113 -0.0072 0.7029
vn 0.7123 -0.0032 0.7019
vn 0.6643 0.0052 0.7475
vn 0.6638 0.0034 0.7479
vn 0.6647 0.0030 0.7471
vn -0.6094 0.0875 -0.7880
vn -0.5657 -0.0031 -0.8246
vn 0.6718 -0.0702 0.7374
vn 0.7142 -0.0006 -0.7000
vn 0.7136 -0.0016 -0.7006
vn 0.7137 -0.0018 -0.7005
vn 0.6820 -0.0058 -0.7313
vn 0.6564 -0.0043 0.7544
vn 0.6550 -0.0112 0.7555
vn 0.6604 0.0024 0.7509
vn 0.7193 0.0002 0.6947
vn 0.7199 -0.0018 0.6940
vn 0.7195 0.0008 0.6945
vn 0.6758 -0.0010 -0.7371
vn 0.6786 0.0004 -0.7345
vn 0.6762 -0.0026 -0.7367
vn 0.6998 -0.0073 -0.7143
vn 0.6956 0.0025 -0.7185
vn 0.7480 0.0028 -0.6637
vn 0.7502 -0.0071 -0.6611
vn 0.7472 -0.0013 -0.6646
vn 0.7019 0.0023 0.7123
vn 0.7018 -0.0040 0.7124
vn 0.7020 -0.0022 0.7122
vn 0.7291 -0.0160 0.6842
vn -0.5483 0.0002 -0.8363
vn -0.5423 0.0117 -0.8401
vn -0.5486 0.0008 -0.8361
vn -0.5758 0.0070 -0.8176
vn -0.5758 0.0069 -0.8176
vn -0.5779 0.0106 -0.8161
vn -0.6596 0.0618 0.7491
vn -0.5519 -0.0071 0.8339
vn -0.5491 0.0006 0.8358
vn -0.5502 -0.0000 0.8351
vn -0.6012 0.0065 0.7991
vn -0.6040 -0.0053 0.7970
vn -0.6045 0.0002 0.7966
vn -0.6749 -0.0708 -0.7345
vn -0.7756 0.0600 0.6283
vn -0.7896 -0.0042 0.6136
vn -0.7917 -0.0067 0.6109
vn -0.6659 0.0001 -0.7460
vn -0.6659 -0.0014 -0.7461
vn -0.6659 0.0000 -0.7460
vn -0.6187 0.0636 -0.7831
vn -0.6197 -0.0052 -0.7848
vn -0.6195 -0.0053 -0.7849
vn -0.6219 0.0029 -0.7831
vn -0.6455 -0.1053 -0.7565
vn -0.5731 0.0144 0.8194
vn -0.5739 0.0099 0.8189
vn -0.5711 0.0017 0.8209
vn -0.5805 -0.0740 0.8109
vn -0.7140 -0.0078 -0.7001
vn -0.7178 -0.0004 -0.6963
vn -0.7158 -0.0024 -0.6983
vn -0.6941 -0.0086 -0.7198
vn -0.6867 0.0081 -0.7269
vn -0.6892 0.0073 -0.7245
vn -0.6068 -0.0027 0.7948
vn -0.6083 -0.0022 0.7937
vn -0.6080 -0.0013 0.7939
vn 0.0926 -0.0014 -0.9957
vn 0.0943 0.0005 -0.9955
vn 0.0840 -0.0038 -0.9965
vn 0.0489 -0.0953 -0.9943
vn -0.0939 -0.0005 -0.9956
vn -0.0948 0.0001 -0.9955
vn -0.0933 -0.0041 -0.9956
vn -0.1358 -0.1078 -0.9849
vn -0.9925 0.0015 0.1222
vn -0.9925 0.0022 0.1223
vn -0.9925 0.0016 0.1222
vn 0.0094 -0.0015 -1.0000
vn 0.0039 0.0089 -1.0000
vn 0.0093 0.0062 -0.9999
vn -0.0571 -0.0021 -0.9984
vn -0.0519 -0.0076 -0.9986
vn -0.0503 -0.0154 -0.9986
vn -0.9827 0.0120 0.1847
vn -0.9832 -0.0007 0.1827
vn -0.9826 0.0070 0.1855
vn -0.9858 -0.0692 0.1528
vn -0.0674 0.0842 -0.9942
vn -0.0077 -0.0031 -1.0000
vn -0.0392 0.0043 -0.9992
vn -0.0412 0.0006 -0.9992
vn -0.0470 -0.0076 -0.9989
vn -0.9860 0.0910 -0.1400
vn -0.9821 0.0028 -0.1881
vn -0.9823 0.0007 -0.1876
vn -0.9821 0.0027 -0.1883
vn -0.9826 0.0060 0.1857
vn -0.9828 0.0067 0.1846
vn -0.9826 0.0064 0.1859
vn -0.9879 -0.0021 0.1549
vn -0.9888 0.0017 0.1490
vn -0.9889 -0.0005 0.1484
vn -0.9952 0.0615 0.0760
vn -0.9874 -0.0007 -0.1580
vn -0.9871 0.0060 -0.1603
vn -0.9875 -0.0027 -0.1576
vn 0.9984 -0.0021 0.0561
vn 0.9984 -0.0042 0.0572
vn 0.9984 -0.0024 0.0567
vn -0.9772 -0.0002 -0.2122
vn -0.9771 -0.0030 -0.2127
vn -0.9773 -0.0002 -0.2120
vn 0.9879 0.0868 0.1282
vn 0.9823 -0.0040 0.1871
vn 1.0000 -0.0065 -0.0039
vn 1.0000 -0.0002 -0.0093
vn 1.0000 -0.0009 -0.0042
vn 0.9986 0.0048 0.0527
vn 0.9985 -0.0016 0.0547
vn 0.9985 0.0009 0.0546
vn 0.9897 0.0691 0.1258
vn 0.1414 -0.0024 0.9900
vn 0.1515 0.0054 0.9884
vn 0.1061 -0.0426 0.9934
vn 0.1064 -0.0424 0.9934
vn 0.1062 -0.0430 0.9934
vn 0.9964 -0.0796 0.0288
vn 0.0613 0.0906 0.9940
vn 0.0100 -0.0062 0.9999
vn -0.9907 0.0060 -0.1362
vn -0.9907 0.0039 -0.1361
vn -0.9908 -0.1022 -0.0883
vn 0.9896 0.0013 -0.1438
vn 0.9914 -0.0040 -0.1311
vn 0.9903 0.0020 -0.1386
vn 0.9789 -0.0308 -0.2021
vn 0.9788 -0.0955 -0.1811
vn 0.9798 0.0032 0.2000
vn 0.9799 -0.0032 0.1996
vn 0.9799 -0.0013 0.1995
vn 0.9947 0.0641 -0.0806
vn 0.9783 -0.0073 -0.2072
vn 0.9774 0.0006 -0.2115
vn 0.9777 -0.0005 -0.2099
vn 0.9892 0.0065 -0.1463
vn 0.9896 -0.0017 -0.1436
vn 0.9892 0.0007 -0.1469
vn 0.9893 -0.0063 0.1455
vn 0.9883 -0.0036 0.1522
vn 0.9889 -0.0022 0.1487
vn -0.1426 -0.0770 0.9868
vn 0.1231 0.0795 -0.9892
vn 0.1646 -0.0017 -0.9864
vn 0.1646 -0.0094 -0.9863
vn 0.0907 0.0032 0.9959
vn 0.0832 0.0010 0.9965
vn 0.0867 -0.0037 0.9962
vn 0.1067 -0.1199 0.9870
vn 0.9941 0.0075 0.1085
vn 0.9945 0.0063 0.1048
vn 0.9929 -0.0063 0.1187
vn 0.9917 -0.0968 0.0845
vn -0.0072 -0.0013 1.0000
vn -0.0092 0.0032 1.0000
vn -0.0073 -0.0010 1.0000
vn 0.0359 0.0021 0.9994
vn 0.0453 -0.0058 0.9990
vn 0.0446 -0.0027 0.9990
vn 0.1487 -0.0023 -0.9889
vn 0.1509 0.0007 -0.9885
vn 0.1486 -0.0028 -0.9889
vn 0.1979 0.0028 -0.9802
vn 0.2073 -0.0025 -0.9783
vn 0.1975 0.0016 -0.9803
vn 0.1867 -0.0089 -0.9824
vn 0.1954 -0.0179 -0.9806
vn 0.1868 -0.0116 -0.9823
vn -0.1103 0.0601 0.9921
vn -0.1195 -0.0043 0.9928
vn -0.1242 -0.0133 0.9922
vn 0.1163 0.0396 0.9924
vn -0.9557 0.0591 -0.2882
vn -0.9478 -0.0042 -0.3189
vn 0.2492 0.0596 0.9666
vn 0.3855 -0.0054 0.9227
vn 0.3864 -0.0024 0.9223
vn 0.3874 -0.0024 0.9219
vn 0.3496 -0.0007 0.9369
vn 0.3341 0.0085 0.9425
vn 0.3400 0.0035 0.9404
vn 0.9550 0.0612 0.2903
vn 0.3093 0.0381 0.9502
vn 0.3764 0.0024 0.9265
vn 0.3318 -0.0617 0.9413
vn 0.3208 0.0002 0.9472
vn 0.3206 -0.0009 0.9472
vn 0.9668 -0.0049 0.2553
vn 0.9642 -0.0104 0.2651
vn 0.9659 0.0032 0.2591
vn 0.9837 -0.0023 0.1796
vn 0.9827 -0.0068 0.1849
vn 0.9834 -0.0015 0.1812
vn 0.9192 0.0033 0.3937
vn 0.9163 -0.0019 0.4004
vn 0.9194 0.0024 0.3932
vn 0.9341 -0.0196 0.3564
vn 0.9380 -0.0021 0.3465
vn 0.9380 -0.0020 0.3467
vn 0.9382 -0.0019 0.3462
vn -0.2931 0.0609 -0.9541
vn 0.9407 0.0914 0.3267
vn 0.9267 0.0035 0.3759
vn 0.9258 -0.0032 0.3779
vn 0.9267 0.0032 0.3757
vn 0.9824 -0.0058 0.1869
vn 0.9826 -0.0027 0.1857
vn 0.9677 0.0049 0.2521
vn 0.9675 0.0030 0.2527
vn 0.9679 0.0027 0.2514
vn 0.9698 -0.0827 0.2296
vn 0.9523 -0.0508 -0.3008
vn 0.9520 -0.0527 -0.3014
vn 0.9479 -0.0459 -0.3151
vn -0.2512 -0.0033 0.9679
vn -0.2529 -0.0035 0.9675
vn -0.2520 -0.0009 0.9677
vn -0.2382 -0.0681 0.9688
vn 0.3078 0.0743 -0.9486
vn 0.3635 0.0049 -0.9316
vn 0.3653 0.0014 -0.9309
vn 0.3636 0.0052 -0.9316
vn 0.9292 0.0057 -0.3695
vn 0.9292 0.0014 -0.3695
vn 0.9292 0.0013 -0.3695
vn 0.9261 -0.0893 -0.3667
vn -0.3351 0.0566 0.9405
vn -0.1860 -0.0080 0.9825
vn -0.1843 -0.0041 0.9829
vn -0.1861 -0.0059 0.9825
vn -0.2447 0.0070 0.9696
vn -0.2477 -0.0052 0.9688
vn -0.2485 0.0003 0.9686
vn 0.2863 0.0460 -0.9570
vn 0.2814 0.0498 -0.9583
vn 0.2809 0.0483 -0.9585
vn 0.9341 0.0048 -0.3570
vn 0.9337 -0.0065 -0.3580
vn 0.9334 0.0006 -0.3588
vn 0.9493 0.0466 -0.3110
vn -0.9289 -0.1156 -0.3520
vn 0.3460 -0.0004 -0.9382
vn 0.3458 0.0029 -0.9383
vn 0.3460 -0.0002 -0.9382
vn 0.9492 0.0029 0.3145
vn 0.9473 0.0167 0.3198
vn 0.9517 -0.1174 0.2838
vn 0.3895 0.0047 -0.9210
vn 0.3919 0.0001 -0.9200
vn 0.3900 0.0050 -0.9208
vn 0.3202 -0.0004 -0.9473
vn 0.3279 -0.0056 -0.9447
vn 0.3292 -0.0133 -0.9442
vn 0.3348 -0.0855 -0.9384
vn 0.2821 -0.0043 -0.9594
vn 0.2834 -0.0003 -0.9590
vn 0.2810 -0.0074 -0.9597
vn 0.2843 -0.1174 -0.9515
vn 0.9378 -0.0713 0.3397
vn 0.2950 -0.0433 0.9545
vn 0.3000 -0.0399 0.9531
vn 0.3007 -0.0432 0.9527
vn -0.9669 -0.0779 0.2431
vn -0.3254 -0.0016 -0.9456
vn -0.3239 -0.0001 -0.9461
vn -0.3240 0.0002 -0.9461
vn 0.9624 0.0649 -0.2638
vn 0.9150 -0.0087 -0.4035
vn 0.9144 -0.0051 -0.4048
vn 0.9140 -0.0045 -0.4056
vn 0.9339 0.0076 -0.3573
vn 0.9341 0.0066 -0.3570
vn 0.9337 0.0045 -0.3580
vn -0.2505 -0.0712 -0.9655
vn -0.3956 -0.0105 -0.9184
vn -0.3967 -0.0183 -0.9177
vn -0.4021 -0.0013 -0.9156
vn -0.3675 -0.0832 -0.9263
vn -0.2732 0.0639 -0.9598
vn 0.2534 0.0937 0.9628
vn 0.2034 0.0079 0.9791
vn 0.2033 -0.0034 0.9791
vn 0.2033 0.0074 0.9791
vn -0.3816 -0.0059 -0.9243
vn -0.3881 0.0034 -0.9216
vn -0.3822 0.0046 -0.9241
vn -0.3313 0.0050 -0.9435
vn -0.3281 -0.0049 -0.9446
vn -0.3278 0.0001 -0.9447
vn 0.1826 -0.0002 0.9832
vn 0.1798 0.0044 0.9837
vn 0.1823 0.0001 0.9832
vn 0.9445 0.0648 0.3221
vn 0.2590 0.0039 0.9659
vn 0.2597 0.0030 0.9657
vn 0.2583 0.0024 0.9661
vn 0.3017 -0.1095 0.9471
vn -0.9539 0.0570 0.2946
vn 0.8790 0.0568 0.4734
vn 0.8730 -0.0072 0.4876
vn 0.8692 -0.0099 0.4944
vn 0.5064 -0.0010 0.8623
vn 0.5021 -0.0070 0.8648
vn 0.5006 -0.0118 0.8656
vn 0.4749 -0.0342 0.8794
vn 0.4800 -0.0306 0.8767
vn 0.4754 -0.0370 0.8790
vn -0.4534 0.0364 0.8906
vn -0.8918 0.0928 0.4429
vn -0.9189 -0.0015 0.3944
vn 0.4895 0.0422 0.8710
vn -0.9288 0.0016 0.3706
vn -0.9288 -0.0077 0.3705
vn -0.9287 -0.0027 0.3709
vn -0.9149 -0.0054 0.4037
vn -0.9168 -0.0045 0.3992
vn -0.9183 -0.0054 0.3959
vn 0.8461 -0.0764 0.5275
vn -0.9054 -0.0077 0.4245
vn -0.9140 -0.0043 0.4058
vn -0.9076 -0.0028 0.4198
vn -0.8959 0.0034 0.4442
vn -0.8966 0.0055 0.4429
vn -0.8932 -0.0033 0.4497
vn -0.8628 -0.0992 0.4957
vn -0.4229 0.0037 0.9061
vn -0.4214 0.0038 0.9069
vn -0.4704 -0.0375 0.8817
vn -0.4615 -0.0327 0.8865
vn -0.4650 -0.0381 0.8845
vn -0.9385 -0.0019 -0.3452
vn -0.9403 0.0007 -0.3403
vn -0.9388 -0.0058 -0.3443
vn 0.2563 0.0617 -0.9646
vn -0.2752 0.0322 0.9609
vn -0.2396 0.0009 -0.9709
vn -0.2315 0.0050 -0.9728
vn -0.2379 -0.0022 -0.9713
vn -0.9369 -0.1403 -0.3202
vn 0.9537 0.0612 -0.2945
vn 0.9599 -0.0077 -0.2802
vn 0.9605 -0.0060 -0.2782
vn 0.9613 -0.0030 -0.2754
vn -0.1857 0.0018 -0.9826
vn -0.1850 0.0027 -0.9827
vn -0.1854 0.0011 -0.9827
vn -0.1739 -0.0157 -0.9846
vn -0.1725 -0.0109 -0.9849
vn -0.1622 -0.0083 -0.9867
vn -0.3279 0.0911 0.9403
vn -0.3736 -0.0062 0.9276
vn -0.3156 -0.0047 0.9489
vn -0.3159 -0.0047 0.9488
vn -0.3115 -0.0127 0.9502
vn -0.3016 -0.0956 0.9486
vn 0.2150 -0.0016 -0.9766
vn 0.2163 -0.0052 -0.9763
vn 0.2210 0.0039 -0.9753
vn 0.2787 -0.0467 -0.9592
vn -0.2821 -0.0421 0.9585
vn -0.2811 -0.0413 0.9588
vn -0.2822 -0.0427 0.9584
vn 0.9640 -0.0483 -0.2614
vn -0.3406 -0.0021 0.9402
vn -0.3447 0.0012 0.9387
vn -0.3415 -0.0028 0.9399
vn -0.9437 0.0871 -0.3193
vn -0.9299 -0.0108 -0.3677
vn -0.9299 -0.0107 -0.3677
vn -0.9658 0.0077 -0.2592
vn -0.9659 0.0076 -0.2589
vn -0.9657 0.0071 -0.2597
vn -0.9594 -0.0328 -0.2800
vn -0.2542 0.0907 -0.9629
vn -0.1991 0.0109 -0.9799
vn -0.9477 0.0500 0.3153
vn -0.3896 0.0000 0.9210
vn -0.3936 0.0035 0.9193
vn -0.3883 -0.0026 0.9215
vn -0.3324 -0.0002 0.9431
vn -0.3337 -0.0077 0.9426
vn -0.3333 -0.0021 0.9428
vn -0.9627 0.0417 -0.2673
vn -0.9415 -0.0029 0.3370
vn -0.9411 -0.0049 0.3380
vn -0.9527 -0.0530 0.2994
vn -0.2984 -0.1037 -0.9488
vn 0.8785 0.0515 -0.4749
vn 0.8789 0.0551 -0.4738
vn 0.8854 0.0480 -0.4623
vn 0.8860 -0.0081 -0.4636
vn 0.8908 -0.0086 -0.4543
vn 0.8524 -0.0020 0.5229
vn 0.8470 -0.0080 0.5315
vn 0.8525 -0.0023 0.5227
vn 0.8927 0.0448 0.4485
vn -0.4378 -0.0030 0.8991
vn -0.4392 -0.0029 0.8984
vn -0.4389 -0.0020 0.8985
vn -0.3641 0.0126 0.9313
vn -0.3662 0.0177 0.9304
vn -0.3642 0.0127 0.9313
vn -0.4747 0.0680 0.8775
vn -0.4879 -0.0072 0.8728
vn -0.4905 -0.0022 0.8714
vn -0.4930 -0.0029 0.8700
vn 0.8988 0.0007 0.4384
vn 0.8994 -0.0007 0.4371
vn 0.8851 -0.0442 0.4632
vn -0.3718 -0.0241 0.9280
vn -0.4266 -0.0605 0.9024
vn 0.4159 -0.0765 0.9062
vn 0.8943 -0.0484 -0.4449
vn 0.4483 0.0548 -0.8922
vn -0.3743 -0.0077 0.9273
vn -0.3733 -0.0051 0.9277
vn -0.4319 0.0065 0.9019
vn -0.4359 -0.0045 0.9000
vn -0.4353 0.0002 0.9003
vn -0.4578 -0.0019 -0.8891
vn -0.4507 0.0136 -0.8926
vn -0.4535 0.0020 -0.8912
vn -0.4993 -0.1097 -0.8595
vn -0.5115 0.0596 0.8572
vn -0.8448 0.0077 0.5350
vn -0.8447 0.0095 0.5352
vn -0.8449 0.0086 0.5348
vn -0.8611 0.0055 0.5084
vn -0.8624 -0.0041 0.5062
vn -0.8629 0.0006 0.5053
vn -0.8995 0.0627 0.4323
vn 0.4667 0.0622 0.8822
vn 0.4425 0.0013 0.8968
vn 0.4405 -0.0075 0.8977
vn -0.8560 -0.0682 0.5125
vn -0.8653 0.0714 -0.4961
vn -0.8643 -0.0020 0.5030
vn -0.8653 -0.0024 0.5013
vn -0.8647 0.0005 0.5023
vn -0.9229 -0.0144 -0.3849
vn -0.9253 -0.0008 -0.3792
vn -0.9224 -0.0080 -0.3861
vn -0.9025 0.0055 -0.4306
vn -0.9007 -0.0076 -0.4344
vn -0.9031 0.0005 -0.4295
vn 0.5503 -0.0054 0.8349
vn 0.5540 0.0055 0.8325
vn 0.5514 -0.0032 0.8342
vn 0.4971 0.0033 0.8677
vn 0.4966 0.0013 0.8680
vn 0.4973 -0.0001 0.8676
vn 0.8736 -0.1339 0.4679
vn 0.4388 0.0675 0.8960
vn 0.4957 0.0047 0.8685
vn 0.4863 0.0021 0.8738
vn 0.4788 0.0129 0.8778
vn 0.4362 0.0105 -0.8998
vn 0.4335 0.0131 -0.9010
vn 0.4614 -0.0477 -0.8859
vn 0.4634 -0.0526 -0.8846
vn 0.4536 -0.0427 -0.8902
vn 0.8259 0.0019 0.5637
vn 0.8265 0.0041 0.5629
vn 0.8214 0.0078 0.5703
vn 0.8425 -0.0131 0.5386
vn 0.8431 -0.0112 0.5376
vn 0.8426 -0.0130 0.5383
vn -0.3768 0.0007 -0.9263
vn -0.3755 0.0087 -0.9268
vn -0.3702 0.0062 -0.9289
vn -0.4128 -0.0114 -0.9108
vn -0.4256 -0.0013 -0.9049
vn -0.4224 -0.0040 -0.9064
vn -0.4245 -0.0032 -0.9054
vn -0.4487 0.0876 -0.8894
vn -0.3887 0.0035 -0.9214
vn -0.3880 0.0056 -0.9216
vn -0.8942 -0.0737 0.4415
vn -0.5075 -0.0758 0.8583
vn -0.8792 0.0675 0.4716
vn -0.8918 -0.0041 0.4524
vn -0.8939 -0.0108 0.4481
vn -0.8963 -0.0184 0.4431
vn 0.5697 -0.0076 0.8218
vn 0.5668 0.0027 0.8238
vn 0.5683 -0.0140 0.8227
vn 0.5160 -0.0547 0.8548
vn -0.8941 0.0016 -0.4479
vn -0.8941 0.0018 -0.4479
vn -0.9093 -0.0041 -0.4162
vn -0.9115 -0.0187 -0.4108
vn -0.9111 -0.0101 -0.4121
vn -0.9220 -0.0006 -0.3872
vn -0.9217 0.0017 -0.3878
vn -0.8978 -0.0544 -0.4369
vn 0.8573 0.0872 0.5074
vn 0.8395 -0.0027 0.5434
vn 0.8358 -0.0037 0.5490
vn 0.8380 0.0017 0.5457
vn -0.6210 -0.0398 0.7828
vn -0.6269 -0.0461 0.7777
vn -0.6292 -0.0425 0.7761
vn -0.7146 -0.0027 0.6995
vn -0.7179 0.0038 0.6962
vn -0.7146 -0.0029 0.6996
vn -0.6889 -0.0128 0.7248
vn 0.5853 -0.0024 0.8108
vn 0.5825 -0.0036 0.8128
vn 0.5854 -0.0024 0.8108
vn -0.8357 0.0011 0.5491
vn -0.8399 0.0016 0.5427
vn -0.8352 -0.0007 0.5499
vn -0.8208 -0.0142 0.5710
vn -0.8203 -0.0124 0.5718
vn -0.8203 -0.0125 0.5718
vn 0.5977 0.0923 0.7964
vn 0.5544 0.0061 0.8322
vn 0.5545 0.0057 0.8322
vn -0.7509 -0.0022 0.6605
vn -0.7513 -0.0017 0.6599
vn -0.7512 -0.0015 0.6600
vn -0.7586 0.0407 0.6503
vn -0.7019 -0.0027 0.7122
vn -0.7032 0.0081 0.7110
vn -0.7032 0.0086 0.7109
vn -0.7476 0.0053 0.6641
vn -0.7497 -0.0036 0.6618
vn -0.7496 0.0002 0.6618
vn -0.7987 0.0906 0.5948
vn -0.8226 -0.0026 0.5687
vn -0.8217 -0.0091 0.5698
vn -0.8222 -0.0060 0.5692
vn -0.6768 0.0002 0.7362
vn -0.6813 0.0066 0.7319
vn -0.6778 -0.0030 0.7353
vn -0.8063 -0.0013 0.5916
vn -0.8114 -0.0099 0.5844
vn -0.8074 -0.0003 0.5899
vn 0.7229 -0.0978 -0.6840
vn 0.6055 -0.0012 -0.7959
vn 0.6067 0.0027 -0.7949
vn 0.6070 0.0017 -0.7947
vn 0.5816 -0.0795 -0.8096
vn 0.8258 0.0027 -0.5640
vn 0.8193 0.0045 -0.5733
vn 0.8239 0.0026 -0.5668
vn 0.8144 -0.0220 -0.5800
vn 0.6369 0.0696 -0.7678
vn 0.7893 0.0827 -0.6084
vn 0.8240 0.0066 -0.5666
vn 0.8234 0.0044 -0.5674
vn -0.6508 0.0478 -0.7577
vn 0.8256 0.0085 -0.5643
vn 0.8247 0.0040 -0.5655
vn 0.5429 0.0046 0.8398
vn 0.5427 0.0074 0.8399
vn 0.5430 0.0036 0.8397
vn 0.5516 0.0036 0.8341
vn 0.5535 -0.0078 0.8328
vn 0.5540 -0.0079 0.8325
vn 0.7950 -0.0023 0.6067
vn 0.7939 -0.0029 0.6080
vn 0.7942 -0.0015 0.6077
vn 0.8053 -0.0638 0.5894
vn 0.7458 0.0585 0.6636
vn 0.8362 -0.0065 0.5484
vn 0.8372 -0.0022 0.5470
vn 0.7982 0.0051 0.6023
vn 0.7965 -0.0036 0.6046
vn 0.7964 0.0003 0.6048
vn -0.7543 0.0857 -0.6509
vn -0.7156 0.0075 -0.6985
vn -0.7164 0.0052 -0.6977
vn -0.7979 0.0047 -0.6027
vn -0.8032 0.0021 -0.5957
vn -0.7751 -0.0428 -0.6304
vn -0.7783 -0.0396 -0.6266
vn -0.7792 -0.0432 -0.6253
vn -0.8071 -0.0011 -0.5904
vn -0.8071 0.0019 -0.5904
vn -0.8071 -0.0010 -0.5904
vn -0.7734 -0.0985 0.6262
vn 0.7834 0.0374 0.6204
vn 0.5451 -0.0078 -0.8383
vn 0.5401 0.0019 -0.8416
vn 0.5998 0.0032 -0.8001
vn 0.6024 -0.0064 -0.7982
vn 0.6032 -0.0010 -0.7976
vn -0.7906 0.0631 0.6091
vn 0.7964 0.0059 0.6047
vn 0.7981 0.0052 0.6025
vn 0.8002 0.0067 0.5997
vn 0.7777 -0.0402 0.6273
vn 0.7779 -0.0400 0.6271
vn 0.7778 -0.0404 0.6273
vn -0.7290 -0.0913 0.6784
vn -0.7019 -0.0014 -0.7123
vn -0.6981 -0.0061 -0.7160
vn -0.6929 0.0098 -0.7210
vn -0.6855 -0.0138 -0.7279
vn 0.6305 0.0612 0.7737
vn -0.8371 -0.0054 -0.5470
vn -0.8377 -0.0023 -0.5461
vn -0.8171 -0.0087 -0.5764
vn -0.8166 0.0075 -0.5771
vn -0.8166 -0.0020 -0.5772
vn -0.6622 -0.0603 0.7469
vn -0.6338 0.0658 0.7707
vn -0.6492 -0.0086 0.7606
vn -0.6526 -0.0005 0.7577
vn -0.6543 -0.0040 0.7562
vn -0.6578 0.0930 0.7475
vn -0.7033 0.0090 0.7109
vn -0.6599 0.0066 -0.7513
vn -0.6668 0.0023 -0.7453
vn -0.6407 -0.0438 -0.7666
vn -0.6405 -0.0436 -0.7667
vn -0.6187 0.0411 0.7845
vn 0.6111 0.0566 -0.7896
vn 0.7990 -0.0415 -0.5999
vn 0.7986 -0.0436 -0.6003
vn 0.7984 -0.0443 -0.6005
vn -0.7660 -0.0033 -0.6428
vn -0.7547 0.0091 -0.6560
vn -0.7639 0.0079 -0.6453
vn -0.7717 -0.1147 -0.6256
vn -0.7514 -0.0137 0.6597
vn -0.7657 -0.0635 0.6400
vn -0.7583 0.0690 -0.6482
vn -0.8029 -0.0624 -0.5928
vn -0.6172 -0.0951 0.7810
vn 0.6036 0.0093 0.7972
vn 0.6037 0.0097 0.7971
vn 0.6220 -0.1195 0.7739
vn 0.7671 0.0511 -0.6395
vn 0.7676 0.0544 -0.6386
vn 0.7758 0.0476 -0.6292
vn 0.6005 0.0036 -0.7996
vn 0.5995 0.0010 -0.8004
vn 0.6232 -0.0430 -0.7808
vn 0.6269 -0.0465 -0.7777
vn 0.6293 -0.0410 -0.7761
vn 0.5849 -0.0814 0.8070
vn -0.7874 0.0508 -0.6143
vn -0.7382 -0.0792 -0.6699
vn -0.7750 0.0602 -0.6291
vn 0.0918 0.0637 0.9937
vn 0.0649 -0.0074 0.9979
vn 0.0645 -0.0074 0.9979
vn 0.9985 -0.0022 0.0539
vn 0.9985 -0.0028 0.0539
vn 0.9985 -0.0027 0.0544
vn 0.9955 -0.0435 0.0844
vn 0.9949 -0.0468 0.0888
vn 0.9949 -0.0456 0.0899
vn -0.0465 0.0044 0.9989
vn -0.0377 0.0088 0.9993
vn -0.0890 -0.0506 0.9947
vn 0.9961 0.0463 0.0745
vn -0.0767 0.0356 0.9964
vn 0.0528 -0.0742 0.9958
vn -0.1993 -0.0001 0.9799
vn -0.2043 0.0029 0.9789
vn -0.1978 -0.0029 0.9802
vn 0.0272 0.0015 0.9996
vn -0.0254 -0.0727 0.9970
vn -0.0480 -0.0016 0.9988
vn -0.0486 -0.0058 0.9988
vn -0.0480 -0.0017 0.9988
vn 0.9879 -0.0955 -0.1221
vn 0.0563 0.0005 -0.9984
vn 0.0769 -0.0019 -0.9970
vn 0.0624 0.0027 -0.9980
vn -0.0240 -0.0013 -0.9997
vn -0.0238 0.0071 -0.9997
vn -0.0228 0.0030 -0.9997
vn -0.1054 -0.1038 0.9890
vn -0.9874 -0.1368 0.0800
vn 0.9915 0.0472 -0.1212
vn 0.9883 -0.0611 0.1396
vn 0.9921 -0.0617 -0.1096
vn 0.9934 0.0606 0.0975
vn 0.9926 0.0011 0.1215
vn 0.9918 -0.0046 0.1276
vn -0.1395 0.0618 0.9883
vn -0.9934 -0.0422 0.1068
vn -0.9932 -0.0408 0.1088
vn -0.9946 0.0881 0.0553
vn -0.9999 -0.0056 -0.0137
vn -0.9998 0.0079 -0.0208
vn -0.9998 0.0066 -0.0200
vn -0.9920 0.0652 -0.1078
vn -0.9904 -0.0175 -0.1368
vn -0.9899 -0.0062 -0.1415
vn -0.9898 -0.0148 -0.1420
vn 0.0999 0.0466 -0.9939
vn 0.0905 0.0533 -0.9945
vn 0.0922 0.0534 -0.9943
vn 0.1247 -0.0254 -0.9919
vn -0.9919 0.0435 0.1195
vn 0.0096 -0.0076 0.9999
vn 0.0107 -0.0049 0.9999
vn -0.0182 0.0022 0.9998
vn -0.0315 0.0062 0.9995
vn -0.0269 0.0036 0.9996
vn 0.1266 -0.0541 -0.9905
vn 0.1053 0.0785 -0.9913
vn 0.0015 -0.0089 -1.0000
vn -0.0038 -0.0020 -1.0000
vn 0.0542 0.0047 -0.9985
vn 0.0555 -0.0018 -0.9985
vn 0.0538 0.0004 -0.9986
vn -0.1482 0.0043 -0.9889
vn -0.1487 0.0041 -0.9889
vn -0.1495 0.0040 -0.9888
vn -0.1100 -0.0446 -0.9929
vn -0.1066 -0.0474 -0.9932
vn -0.1036 -0.0431 -0.9937
vn -0.1268 0.0540 -0.9905
vn -0.9997 0.0031 -0.0232
vn -0.9995 0.0127 -0.0293
vn -0.9994 -0.0077 -0.0347
vn -0.9993 0.0013 -0.0383
vn -0.9993 0.0012 -0.0386
vn -0.9988 -0.0021 -0.0485
vn -0.9967 -0.0580 -0.0562
vn -0.9998 0.0008 -0.0206
vn -0.9997 0.0015 -0.0249
vn -0.9995 0.0109 -0.0294
vn -0.1481 0.0906 0.9848
vn -0.1818 -0.0023 0.9833
vn -0.1822 -0.0013 0.9833
vn -0.1468 0.0011 0.9892
vn -0.1513 0.0014 0.9885
vn -0.1473 -0.0033 0.9891
vn 0.0293 -0.0855 -0.9959
vn -0.9885 0.0566 -0.1399
vn -0.9879 -0.0767 -0.1350
vn 0.9943 0.0884 -0.0591
vn 0.9999 0.0077 -0.0066
vn 1.0000 0.0053 -0.0075
vn 0.9988 -0.0026 -0.0481
vn 0.9989 -0.0029 -0.0471
vn 0.9988 -0.0024 -0.0487
vn 0.2016 -0.0077 0.9794
vn 0.2060 -0.0028 0.9785
vn 0.1695 -0.0071 0.9855
vn 0.1645 0.0021 0.9864
vn 0.1647 0.0017 0.9863
vn 0.0627 0.0605 0.9962
vn 0.1588 -0.0726 0.9846
vn 1.0000 0.0028 0.0024
vn 1.0000 0.0069 0.0055
vn 1.0000 0.0011 0.0012
vn 0.1412 -0.0007 0.9900
vn 0.1408 -0.0035 0.9900
vn 0.1411 -0.0008 0.9900
vn -0.9976 0.0008 -0.0692
vn -0.9976 0.0001 -0.0692
vn -0.4628 -0.1060 0.8801
vn -0.8715 0.0404 0.4887
vn 0.9255 -0.0048 0.3788
vn 0.9261 -0.0011 0.3772
vn 0.8980 0.0045 0.4399
vn 0.8971 -0.0023 0.4419
vn 0.8984 0.0001 0.4391
vn 0.3675 0.0048 0.9300
vn 0.3646 0.0143 0.9311
vn 0.3679 0.0055 0.9298
vn 0.8658 0.0718 0.4952
vn -0.8655 0.0042 0.5009
vn -0.8656 0.0016 0.5007
vn -0.8658 0.0021 0.5004
vn -0.8779 -0.0338 0.4776
vn -0.8765 -0.0394 0.4798
vn -0.8775 -0.0414 0.4778
vn 0.9244 0.0030 0.3814
vn 0.9243 0.0036 0.3817
vn 0.9112 -0.0637 0.4071
vn 0.8971 0.0001 0.4418
vn 0.8888 -0.0021 0.4582
vn 0.8936 0.0046 0.4489
vn 0.9242 0.0015 0.3820
vn 0.8946 0.0839 -0.4390
vn 0.9135 -0.0035 -0.4069
vn 0.9136 -0.0027 -0.4065
vn 0.9152 0.0082 -0.4030
vn 0.9156 0.0051 -0.4021
vn 0.9152 0.0080 -0.4029
vn 0.4489 -0.1062 0.8872
vn 0.8688 -0.0733 -0.4897
vn 0.3689 -0.0060 -0.9294
vn 0.3638 0.0050 -0.9315
vn 0.4304 0.0036 -0.9026
vn 0.4329 -0.0053 -0.9014
vn 0.4335 -0.0005 -0.9012
vn -0.8982 0.0048 -0.4397
vn -0.9002 -0.0041 -0.4355
vn -0.9000 -0.0047 -0.4359
vn -0.8824 -0.0453 -0.4683
vn -0.8862 -0.0392 -0.4617
vn -0.8870 -0.0438 -0.4598
vn -0.8589 -0.0825 -0.5055
vn 0.9092 -0.0203 -0.4158
vn 0.8588 -0.0988 -0.5027
vn 0.4638 0.0577 -0.8840
vn -0.4746 0.0622 -0.8780
vn 0.4716 0.0643 -0.8795
vn -0.5815 -0.0262 -0.8131
vn -0.5259 -0.0799 -0.8468
vn 0.3792 0.0041 -0.9253
vn 0.3782 0.0025 -0.9257
vn 0.3777 0.0023 -0.9259
vn 0.4248 -0.0825 -0.9015
vn 0.4359 -0.0015 -0.9000
vn 0.4374 0.0006 -0.8992
vn 0.4375 0.0005 -0.8992
vn 0.3436 0.0007 -0.9391
vn 0.3444 0.0053 -0.9388
vn 0.3473 -0.0071 -0.9377
vn 0.4380 0.0892 0.8946
vn -0.5017 0.0948 0.8598
vn -0.5501 0.0064 0.8351
vn -0.5506 0.0060 0.8348
vn -0.8833 0.0545 -0.4657
vn -0.8826 0.0580 -0.4666
vn -0.8763 0.0507 -0.4790
vn -0.8659 -0.0104 -0.5002
vn -0.5193 -0.0019 0.8546
vn -0.5229 0.0012 0.8524
vn -0.5197 -0.0023 0.8543
vn -0.8928 0.0478 -0.4479
vn -0.5635 0.0001 0.8261
vn -0.5638 0.0008 0.8259
vn -0.5624 -0.0024 0.8268
vn -0.5334 -0.0231 0.8456
vn 0.8663 0.0525 -0.4968
vn -0.5083 0.0003 -0.8612
vn -0.5081 -0.0012 -0.8613
vn -0.5082 0.0003 -0.8612
vn 0.5041 -0.0664 -0.8611
vn -0.4420 0.0663 -0.8946
vn -0.4422 -0.0632 -0.8947
vn -0.5635 -0.0073 -0.8261
vn -0.5646 -0.0030 -0.8254
vn -0.5355 -0.0083 -0.8445
vn -0.5264 0.0060 -0.8502
vn -0.5303 0.0032 -0.8478
vn 0.2165 -0.0752 -0.9734
vn 0.9604 0.0867 -0.2649
vn 0.9775 0.0049 -0.2109
vn 0.9774 0.0029 -0.2113
vn 0.9397 -0.0931 -0.3290
vn 0.2975 0.0824 -0.9511
vn 0.1851 -0.0138 -0.9826
vn 0.2453 0.0058 -0.9694
vn 0.2485 -0.0044 -0.9686
vn 0.2464 0.0005 -0.9692
vn 0.9813 0.0011 -0.1927
vn 0.9816 0.0018 -0.1908
vn 0.9815 0.0035 -0.1913
vn 0.9717 -0.0107 -0.2361
vn -0.9407 0.0725 -0.3315
vn -0.3005 0.0650 0.9516
vn -0.3228 -0.0097 0.9464
vn -0.3233 -0.0080 0.9463
vn -0.3228 -0.0096 0.9464
vn -0.9852 0.0023 0.1715
vn -0.9850 0.0098 0.1725
vn -0.9852 0.0027 0.1713
vn -0.9773 -0.0236 0.2108
vn -0.9462 -0.1217 0.2997
vn -0.3305 -0.0807 0.9403
vn -0.9681 -0.0475 -0.2459
vn -0.9620 0.0022 -0.2729
vn -0.9620 0.0012 -0.2731
vn 0.2613 0.0031 -0.9653
vn 0.2620 0.0013 -0.9651
vn 0.2681 0.0113 -0.9633
vn -0.9347 -0.0793 0.3465
vn -0.9614 0.0847 0.2617
vn -0.9819 -0.0035 0.1894
vn -0.9827 0.0049 0.1850
vn -0.9600 0.0713 0.2707
vn -0.9184 -0.0060 0.3956
vn -0.9178 -0.0014 0.3970
vn -0.9472 0.0029 0.3205
vn -0.9473 0.0025 0.3203
vn -0.9473 0.0023 0.3202
vn 0.9703 -0.0045 -0.2418
vn 0.9702 0.0070 -0.2420
vn 0.9702 -0.0007 -0.2422
vn -0.9476 -0.0000 0.3196
vn -0.9479 -0.0040 0.3185
vn -0.9474 0.0017 0.3201
vn -0.9721 0.0108 -0.2343
vn -0.9717 0.0110 -0.2359
vn -0.9717 0.0132 -0.2358
vn -0.9665 0.0030 -0.2568
vn -0.9661 -0.0032 -0.2583
vn -0.9666 0.0027 -0.2561
vn -0.6345 0.0609 -0.7706
vn -0.6176 0.0000 -0.7865
vn -0.6162 -0.0096 -0.7875
vn -0.6013 -0.0726 -0.7958
vn 0.6601 -0.0611 -0.7487
vn 0.7365 -0.0014 -0.6764
vn 0.7360 -0.0026 -0.6770
vn 0.7650 -0.0600 -0.6412
vn 0.7366 -0.0716 0.6726
vn 0.6667 -0.0000 0.7453
vn 0.6407 -0.0488 0.7663
vn 0.6515 0.0403 0.7576
vn 0.7688 0.0641 0.6363
vn 0.7584 -0.0018 0.6518
vn 0.7534 -0.0063 0.6575
vn 0.6263 0.0523 -0.7778
vn 0.6270 0.0562 -0.7770
vn 0.6359 0.0477 -0.7703
vn 0.7520 0.0560 -0.6568
vn 0.9626 0.0421 0.2676
vn -0.3352 0.0026 -0.9421
vn -0.3350 0.0036 -0.9422
vn -0.2998 -0.0552 -0.9524
vn 0.2505 -0.0781 0.9650
vn -0.3117 0.0475 -0.9490
vn 0.9713 0.0023 0.2377
vn 0.9578 -0.0575 0.2815
vn 0.2853 0.0662 0.9562
vn -0.3165 -0.1134 0.9418
vn -0.3575 0.0824 0.9303
vn -0.3609 0.0867 0.9285
vn -0.3576 0.0825 0.9302
vn -0.5653 -0.0178 0.8247
vn -0.5646 -0.0190 0.8252
vn -0.5384 0.1214 0.8339
vn -0.5609 -0.1726 0.8097
vn -0.9209 0.0052 -0.3898
vn -0.9243 0.0152 -0.3813
vn -0.9121 0.0092 -0.4098
vn -0.9290 0.1125 -0.3525
vn -0.9871 -0.1211 -0.1046
vn -0.9840 0.0215 -0.1767
vn -0.9822 0.0135 -0.1871
vn -0.9724 0.0129 -0.2329
vn -0.9757 0.1110 -0.1891
vn 0.9493 -0.1344 -0.2842
vn 0.9643 0.1187 -0.2367
vn 0.0683 -0.1172 -0.9908
vn 0.1562 0.0216 -0.9875
vn 0.1678 0.0121 -0.9857
vn 0.2155 0.0113 -0.9764
vn 0.2193 0.0063 -0.9756
vn 0.2190 0.0064 -0.9757
vn 0.1464 0.1218 -0.9817
vn -0.7039 -0.0173 -0.7101
vn -0.7290 0.1202 -0.6739
vn -0.7546 -0.1379 -0.6415
vn -0.1418 -0.1414 0.9798
vn -0.2069 0.1157 0.9715
vn 0.7338 0.0846 0.6741
vn 0.7295 0.0908 0.6779
vn 0.7336 0.0847 0.6742
vn 0.7289 -0.1416 0.6698
vn 0.6421 -0.1435 -0.7530
vn 0.6963 -0.0147 -0.7176
vn 0.6600 0.1247 -0.7408
vn 0.1830 -0.0180 0.9829
vn 0.1834 -0.0186 0.9829
vn 0.2076 0.1199 0.9708
vn 0.2782 -0.1359 0.9508
vn 0.2123 0.0254 0.9769
vn 0.9813 -0.1389 0.1334
vn 0.9860 0.0826 0.1448
vn 0.9842 0.0903 0.1526
vn 0.9860 0.0826 0.1451
vn -0.5897 0.0950 -0.8020
vn -0.6240 -0.1311 -0.7703
vn -0.4226 -0.0102 -0.9063
vn -0.4230 -0.0107 -0.9061
vn -0.4171 -0.0037 -0.9088
vn -0.4214 0.1196 -0.8990
vn -0.8415 0.1290 -0.5247
vn -0.8708 -0.1331 -0.4733
vn -0.8410 0.0224 -0.5406
vn 0.5463 -0.0137 -0.8375
vn 0.5070 0.1256 -0.8528
vn 0.7519 -0.1433 -0.6436
vn 0.8067 0.1340 -0.5755
vn 0.4676 -0.1320 -0.8740
vn 0.5407 0.0240 -0.8409
vn 0.5408 0.0236 -0.8408
vn -0.7131 -0.0205 0.7007
vn -0.7133 -0.0203 0.7006
vn -0.6873 0.1215 0.7161
vn -0.6540 -0.1404 0.7434
vn 0.9093 -0.1578 -0.3851
vn 0.3008 -0.1367 -0.9438
vn 0.9092 0.1246 -0.3972
vn 0.3258 0.1195 -0.9378
vn -0.9491 -0.1394 0.2824
vn -0.9668 0.1188 0.2263
vn 0.4115 0.0849 0.9074
vn 0.4088 0.0881 0.9084
vn 0.4142 0.0819 0.9065
vn 0.3650 -0.0061 0.9310
vn 0.9036 -0.1747 0.3912
vn 0.9188 0.1328 0.3718
vn 0.5488 0.1301 0.8257
vn 0.8381 -0.1751 0.5166
vn 0.5451 0.0142 0.8382
vn 0.5484 -0.0039 0.8362
vn 0.5496 0.0105 0.8353
vn 0.8257 0.1184 0.5516
vn -0.8560 -0.0138 0.5167
vn -0.8513 -0.0265 0.5240
vn -0.8280 0.1218 0.5474
vn -0.7912 -0.1292 0.5978
vn -0.9993 -0.0193 -0.0334
vn -0.9935 0.1136 -0.0021
vn -0.9844 -0.1743 0.0243
vn -0.9998 0.0179 0.0009
vn -1.0000 0.0026 -0.0095
vn -0.2629 -0.1370 -0.9551
vn -0.2080 0.1465 -0.9671
vn -0.0312 0.1441 -0.9891
vn -0.1110 -0.1339 -0.9848
vn -0.0266 0.0226 -0.9994
vn -0.0134 0.0140 -0.9998
vn -0.0228 0.0121 -0.9997
vn 0.9882 -0.1257 -0.0872
vn 0.9914 0.1307 -0.0083
vn -0.8683 -0.1177 0.4819
vn -0.9011 0.1281 0.4143
vn 0.0136 -0.0222 0.9997
vn 0.0137 -0.0229 0.9996
vn 0.0145 -0.0076 0.9999
vn 0.0313 0.0849 0.9959
vn 0.0294 0.0870 0.9958
vn 0.0330 0.0829 0.9960
vn -0.7515 -0.0008 -0.6597
vn -0.7515 -0.0007 -0.6598
vn -0.7586 -0.0059 -0.6515
vn -0.7424 0.0259 -0.6694
vn -0.5066 -0.0036 0.8622
vn -0.5083 -0.0011 0.8612
vn -0.4637 -0.0130 0.8859
vn -0.4610 -0.0057 0.8874
vn -0.4700 0.0005 0.8827
vn -0.3287 0.0139 0.9443
vn -0.3060 0.0129 0.9520
vn -0.2991 0.0064 0.9542
vn -0.3481 0.0362 0.9368
vn -0.9562 0.0048 -0.2927
vn -0.9554 0.0017 -0.2954
vn -0.9558 0.0033 -0.2940
vn -0.9558 0.0222 -0.2932
vn 0.2793 -0.0016 -0.9602
vn 0.2738 0.0043 -0.9618
vn 0.2789 -0.0025 -0.9603
vn 0.2655 0.0212 -0.9639
vn 0.9617 0.0047 -0.2740
vn 0.9618 0.0047 -0.2739
vn 0.9619 0.0050 -0.2733
vn 0.9692 0.0268 -0.2449
vn -0.3321 -0.0076 0.9432
vn -0.2622 -0.0084 0.9650
vn -0.9391 0.0112 -0.3434
vn -0.9335 -0.0426 -0.3559
vn -0.5233 0.0335 0.8515
vn -0.5103 0.0101 0.8599
vn -0.4742 -0.0022 0.8804
vn -0.4311 0.0307 -0.9018
vn -0.4463 0.0138 -0.8948
vn -0.4697 0.0297 -0.8823
vn -0.8826 0.0051 -0.4701
vn -0.8937 -0.0165 -0.4483
vn -0.8963 -0.0104 -0.4434
vn -0.8933 -0.0159 -0.4491
vn 0.9665 -0.0191 0.2560
vn 0.9683 -0.0045 0.2496
vn 0.9507 -0.0031 0.3102
vn -0.5933 -0.0111 0.8049
vn -0.5825 -0.0046 0.8128
vn -0.5840 -0.0016 0.8117
vn -0.6623 -0.0105 0.7491
vn -0.6650 -0.0065 0.7468
vn 0.2327 0.0325 0.9720
vn 0.2594 -0.0006 0.9658
vn 0.2701 0.0217 0.9626
vn -0.4483 -0.0048 -0.8939
vn -0.4468 -0.0027 -0.8946
vn -0.5019 -0.0077 -0.8649
vn -0.7590 -0.0067 -0.6510
vn -0.7996 -0.0086 -0.6004
vn -0.7986 -0.0104 -0.6018
vn -0.8007 -0.0066 -0.5990
vn 0.9641 -0.0106 -0.2653
vn 0.9649 -0.0074 -0.2625
vn 0.3297 0.0055 -0.9441
vn 0.9348 -0.0061 -0.3552
vn 0.9354 -0.0081 -0.3535
vn 0.9341 -0.0037 -0.3571
vn 0.3338 0.0004 -0.9426
vn 0.3078 -0.0068 0.9514
vn 0.3093 -0.0039 0.9509
vn 0.2951 -0.0006 0.9555
vn 0.2532 -0.0050 0.9674
vn 0.2506 -0.0016 0.9681
vn 0.9375 0.0138 0.3478
vn 0.9456 0.0050 0.3254
vn 0.9452 0.0062 0.3266
vn 0.9451 0.0065 0.3267
vn 0.8038 0.0038 -0.5948
vn 0.6069 -0.0100 -0.7947
vn 0.7882 -0.0046 -0.6154
vn 0.6468 -0.0117 -0.7626
vn 0.6495 -0.0077 -0.7603
vn 0.6012 -0.0054 0.7991
vn 0.6010 -0.0048 0.7993
vn 0.6014 -0.0054 0.7989
vn 0.7485 -0.0104 0.6631
vn 0.7965 -0.0054 0.6046
vn 0.8022 0.0022 0.5971
vn 0.7961 -0.0055 0.6051
vn 0.5834 0.0142 0.8121
vn 0.7762 -0.0088 -0.6304
vn 0.6650 0.0215 -0.7466
vn 0.7389 0.0189 -0.6735
vn 0.6958 0.0058 -0.7182
vn 0.6545 -0.0042 -0.7560
vn 0.6432 -0.0103 -0.7656
vn 0.6542 -0.0016 -0.7563
vn 0.6472 0.0287 -0.7618
vn 0.6475 0.0283 -0.7616
vn 0.6565 -0.0235 0.7540
vn 0.6536 -0.0051 0.7568
vn 0.6164 0.0029 0.7874
vn 0.6179 -0.0003 0.7863
vn 0.6276 0.0084 0.7785
vn 0.7362 0.0323 0.6760
vn 0.7507 -0.0106 0.6605
vn 0.7803 0.0195 0.6251
vn -0.9687 -0.0167 0.2475
vn -0.9673 -0.0172 0.2532
vn -0.9688 -0.0167 0.2474
vn -0.9707 0.0061 0.2402
vn -0.6773 0.0288 0.7352
vn -0.6559 0.0021 0.7548
vn -0.6466 -0.0030 0.7628
vn -0.6557 0.0045 0.7550
vn -0.5952 0.0276 -0.8031
vn -0.6103 0.0095 -0.7921
vn -0.6252 0.0276 -0.7800
vn 0.9883 0.0257 0.1501
vn 0.9923 -0.0028 0.1241
vn 0.9968 0.0238 0.0768
vn -0.9920 0.0065 -0.1264
vn -0.9935 0.0235 -0.1118
vn -0.9893 0.0010 -0.1462
vn -0.9869 0.0372 -0.1569
vn 0.9968 -0.0094 -0.0795
vn 0.9864 -0.0048 -0.1640
vn 0.1438 0.0035 -0.9896
vn 0.1199 0.0182 -0.9926
vn 0.0901 0.0218 -0.9957
vn -0.9970 -0.0087 0.0770
vn -0.9926 -0.0014 0.1211
vn -0.9924 0.0016 0.1231
vn -0.7883 -0.0074 0.6152
vn -0.8578 0.0076 -0.5139
vn -0.8661 0.0018 -0.4998
vn -0.8728 0.0220 -0.4875
vn -0.1670 0.0143 0.9859
vn -0.1316 -0.0102 0.9912
vn -0.1317 -0.0100 0.9912
vn 0.0598 -0.0109 0.9982
vn 0.1438 -0.0024 0.9896
vn 0.1447 -0.0011 0.9895
vn 0.1423 -0.0044 0.9898
vn 0.8871 -0.0068 -0.4615
vn 0.4913 0.0104 -0.8709
vn 0.4915 0.0105 -0.8708
vn 0.4362 0.0250 -0.8995
vn 0.5083 0.0223 -0.8609
vn -0.3171 0.0081 -0.9484
vn -0.3176 -0.0289 -0.9478
vn -0.3153 -0.0293 -0.9485
vn -0.2705 -0.0101 -0.9627
vn -0.6566 -0.0108 -0.7542
vn -0.6126 -0.0131 -0.7903
vn -0.8130 0.0095 0.5822
vn -0.7958 0.0123 0.6054
vn -0.1025 0.0052 -0.9947
vn -0.0959 -0.0037 -0.9954
vn -0.1029 0.0057 -0.9947
vn -0.1302 -0.0119 -0.9914
vn -0.2407 0.0108 -0.9705
vn -0.2603 0.0067 -0.9655
vn 0.0472 -0.0173 -0.9987
vn 0.0383 -0.0101 -0.9992
vn 0.0475 -0.0174 -0.9987
vn 0.0900 0.0012 -0.9959
vn 0.0951 -0.0052 -0.9955
vn 0.0892 0.0014 -0.9960
vn 0.9975 0.0187 -0.0688
vn 0.9992 0.0091 -0.0387
vn 0.8934 0.0272 -0.4484
vn 0.4887 -0.0144 -0.8723
vn 0.4925 -0.0096 -0.8702
vn 0.9054 0.0032 -0.4246
vn -0.8978 -0.0034 0.4404
vn -0.8961 -0.0080 0.4438
vn -0.8807 -0.0156 0.4734
vn -0.8775 -0.0251 0.4789
vn -0.9982 -0.0357 0.0486
vn -0.9994 0.0103 0.0328
vn -0.9898 -0.0030 -0.1422
vn -0.9972 -0.0108 -0.0742
vn -0.0517 0.0036 -0.9987
vn -0.0703 0.0085 -0.9975
vn -0.0895 0.0199 -0.9958
vn 0.8937 0.0145 0.4484
vn 0.4321 0.0001 0.9018
vn 0.4191 0.0081 0.9079
vn 0.4307 -0.0042 0.9025
vn 0.4666 0.0181 0.8843
vn 0.4689 0.0217 0.8830
vn 0.4686 0.0216 0.8831
vn 0.4206 0.0291 0.9068
vn -0.1249 -0.0008 0.9922
vn -0.0659 0.0007 0.9978
vn -0.0689 0.0045 0.9976
vn -0.0693 0.0050 0.9976
vn 0.9918 -0.0145 0.1270
vn 0.9987 -0.0032 0.0502
vn 0.9991 0.0050 0.0419
vn 0.9987 -0.0029 0.0509
vn 0.0407 0.0324 0.9986
vn 0.0636 -0.0064 0.9980
vn 0.0631 -0.0057 0.9980
vn 0.0630 -0.0057 0.9980
vn -0.9412 0.0221 0.3372
vn -0.9232 0.0060 0.3844
vn -0.9568 0.0023 0.2906
vn -0.9591 -0.0075 0.2830
vn -0.9568 0.0029 0.2907
vn -0.9032 0.0343 0.4278
vn -0.9023 -0.0234 0.4306
vn -0.8983 -0.0180 0.4390
vn -0.8987 -0.0184 0.4382
vn 0.4401 -0.0135 0.8979
vn 0.4816 0.0065 0.8764
vn 0.8593 -0.0292 0.5106
vn 0.8511 0.0059 0.5250
vn -0.3891 -0.0050 0.9212
vn -0.3905 -0.0025 0.9206
vn -0.3944 0.0008 0.9189
vn -0.9755 -0.0113 -0.2197
vn -0.9747 -0.0162 -0.2227
vn -0.9768 -0.0076 -0.2140
vn 0.2189 -0.0029 -0.9757
vn 0.2146 0.0068 -0.9767
vn 0.2204 -0.0027 -0.9754
vn 0.9509 0.0009 -0.3095
vn 0.9490 -0.0051 -0.3154
vn 0.9508 0.0057 -0.3098
vn -0.5452 -0.0087 -0.8383
vn -0.5430 0.0052 -0.8397
vn -0.5443 -0.0092 -0.8388
vn -0.9592 -0.0056 -0.2828
vn -0.9578 -0.0048 -0.2873
vn -0.9579 -0.0067 -0.2870
vn -0.4691 0.0081 0.8831
vn -0.4726 -0.0034 0.8813
vn -0.4758 -0.0028 0.8796
vn -0.7785 0.0005 -0.6277
vn -0.7820 -0.0053 -0.6233
vn -0.7784 0.0049 -0.6278
vn -0.2863 0.0081 0.9581
vn -0.2895 -0.0031 0.9572
vn -0.2925 -0.0030 0.9563
vn -0.2076 0.0006 0.9782
vn -0.2021 -0.0020 0.9794
vn -0.2062 0.0002 0.9785
vn -0.9624 -0.0002 0.2718
vn -0.9628 -0.0022 0.2702
vn -0.9627 -0.0026 0.2704
vn -0.9059 -0.0051 -0.4234
vn -0.9051 -0.0099 -0.4251
vn -0.9099 -0.0014 -0.4149
vn -0.0925 0.0076 0.9957
vn -0.0942 0.0014 0.9956
vn -0.0913 0.0006 0.9958
vn -0.4717 0.0057 -0.8817
vn -0.4716 0.0012 -0.8818
vn -0.4744 0.0007 -0.8803
vn 0.1769 0.0004 0.9842
vn 0.1834 -0.0017 0.9830
vn 0.1791 0.0005 0.9838
vn -0.5627 -0.0051 0.8266
vn -0.5664 -0.0018 0.8241
vn -0.5697 0.0006 0.8219
vn -0.8120 -0.0017 -0.5836
vn -0.8197 -0.0013 -0.5728
vn -0.8144 -0.0039 -0.5803
vn -0.6338 0.0012 0.7735
vn -0.6359 -0.0036 0.7717
vn -0.6392 -0.0042 0.7690
vn 0.2768 -0.0054 -0.9609
vn 0.2769 -0.0058 -0.9609
vn 0.2770 -0.0061 -0.9609
vn 0.9347 0.0044 -0.3553
vn 0.9355 0.0017 -0.3535
vn 0.9353 -0.0004 -0.3539
vn 0.7694 0.0009 -0.6388
vn 0.7689 -0.0086 -0.6393
vn 0.7693 -0.0092 -0.6388
vn 0.5589 -0.0033 -0.8292
vn 0.5642 0.0012 -0.8257
vn 0.5673 0.0038 -0.8235
vn 0.3576 -0.0084 0.9338
vn 0.3564 -0.0070 0.9343
vn 0.3568 -0.0068 0.9342
vn 0.9578 0.0068 0.2874
vn 0.9559 -0.0056 0.2938
vn 0.9536 -0.0012 0.3010
vn 0.9742 -0.0117 0.2253
vn 0.9752 0.0024 0.2213
vn 0.9740 -0.0056 0.2264
vn -0.7151 -0.0070 0.6989
vn -0.7158 -0.0010 0.6983
vn -0.7186 0.0008 0.6954
vn 0.8176 -0.0226 0.5754
vn 0.6321 0.0058 0.7749
vn 0.6292 -0.0051 0.7772
vn 0.6247 -0.0018 0.7809
vn 0.2719 0.0092 0.9623
vn 0.2778 -0.0013 0.9606
vn 0.2758 -0.0040 0.9612
vn 0.0154 -0.0025 -0.9999
vn 0.0027 0.0033 -1.0000
vn 0.0164 -0.0027 -0.9999
vn 0.9944 0.0054 -0.1059
vn 0.9947 -0.0049 -0.1029
vn 0.9952 -0.0021 -0.0975
vn -0.9971 0.0095 0.0752
vn -0.9967 -0.0024 0.0807
vn -0.9971 -0.0003 0.0766
vn -0.9997 -0.0018 -0.0262
vn -0.9995 0.0089 -0.0305
vn -0.9996 -0.0002 -0.0291
vn -0.7736 -0.0054 0.6337
vn -0.7776 -0.0010 0.6288
vn -0.7770 -0.0009 0.6295
vn 0.9957 0.0063 0.0925
vn 0.9953 -0.0040 0.0968
vn 0.9950 -0.0029 0.1002
vn -0.9948 0.0005 -0.1017
vn -0.9949 0.0020 -0.1008
vn -0.9949 0.0023 -0.1009
vn 0.9770 -0.0216 -0.2123
vn 0.0881 0.0057 -0.9961
vn 0.0945 -0.0064 -0.9955
vn 0.1023 -0.0027 -0.9948
vn -0.9843 -0.0049 0.1765
vn -0.9853 -0.0015 0.1706
vn -0.9850 0.0042 0.1725
vn 0.8748 0.0029 -0.4845
vn 0.8745 -0.0054 -0.4851
vn 0.8748 -0.0043 -0.4845
vn 0.4647 0.0082 0.8854
vn 0.4578 -0.0073 0.8890
vn 0.4504 -0.0039 0.8928
vn -0.2903 0.0006 -0.9569
vn -0.2903 -0.0041 -0.9569
vn -0.2852 -0.0038 -0.9585
vn -0.6386 0.0079 -0.7695
vn -0.6373 0.0010 -0.7706
vn -0.6388 0.0007 -0.7693
vn -0.6905 -0.0043 -0.7233
vn -0.6930 0.0045 -0.7209
vn -0.6921 -0.0036 -0.7218
vn 0.6298 0.0063 -0.7767
vn 0.6340 -0.0062 -0.7733
vn 0.6389 -0.0045 -0.7693
vn 0.7179 -0.0242 -0.6957
vn 0.6861 -0.0112 0.7274
vn 0.6892 0.0010 0.7245
vn 0.6854 -0.0058 0.7282
vn 0.7748 0.0077 0.6322
vn 0.7716 -0.0042 0.6361
vn 0.7693 -0.0031 0.6389
vn -0.1041 -0.0091 -0.9945
vn -0.1025 -0.0038 -0.9947
vn -0.1028 -0.0043 -0.9947
vn -0.8893 0.0008 -0.4573
vn -0.8876 -0.0072 -0.4606
vn -0.8875 -0.0066 -0.4608
vn -0.0021 -0.0073 1.0000
vn -0.0052 -0.0022 1.0000
vn -0.0090 0.0009 1.0000
vn 0.8832 0.0074 0.4689
vn 0.8793 -0.0061 0.4763
vn 0.8753 -0.0023 0.4836
vn 0.4623 0.0066 -0.8867
vn 0.4670 -0.0068 -0.8842
vn 0.4735 -0.0045 -0.8808
vn 0.8571 0.0008 -0.5152
vn 0.8571 -0.0021 -0.5151
vn -0.3644 -0.0001 -0.9312
vn -0.3730 -0.0007 -0.9278
vn -0.3677 0.0002 -0.9299
vn -0.8397 0.0041 0.5430
vn -0.8398 -0.0035 0.5428
vn -0.8390 -0.0078 0.5441
vn 0.9996 -0.0237 0.0154
vn -0.1860 -0.0004 -0.9826
vn -0.1839 0.0049 -0.9829
vn -0.1869 -0.0002 -0.9824
vn 0.1022 0.0077 0.9947
vn 0.1016 0.0015 0.9948
vn 0.1014 0.0006 0.9948
vn -0.8791 0.0089 0.4765
vn -0.8830 -0.0050 0.4693
vn -0.8858 -0.0030 0.4641
vn -0.3904 -0.0067 0.9206
vn -0.3948 -0.0099 0.9187
vn -0.3968 -0.0146 0.9178
vn -0.9756 0.0001 -0.2194
vn -0.9748 0.0022 -0.2232
vn -0.9744 -0.0097 -0.2248
vn 0.1945 -0.0225 -0.9806
vn 0.9682 -0.0008 -0.2503
vn 0.9680 0.0027 -0.2511
vn 0.9680 0.0028 -0.2511
vn -0.5313 0.0020 -0.8472
vn -0.5264 -0.0042 -0.8502
vn -0.5276 -0.0081 -0.8495
vn -0.9378 -0.0038 -0.3473
vn -0.9378 -0.0031 -0.3471
vn -0.9406 0.0060 -0.3395
vn -0.5183 -0.0012 0.8552
vn -0.5176 0.0030 0.8556
vn -0.5198 -0.0002 0.8543
vn -0.7400 -0.0009 -0.6726
vn -0.7405 0.0019 -0.6721
vn -0.7564 0.0205 -0.6537
vn -0.7225 0.0081 -0.6913
vn -0.7188 -0.0036 -0.6952
vn -0.7235 0.0032 -0.6903
vn -0.3389 -0.0012 0.9408
vn -0.3375 0.0077 0.9413
vn -0.3381 0.0033 0.9411
vn -0.1994 -0.0027 0.9799
vn -0.2084 0.0068 0.9780
vn -0.9768 -0.0039 0.2142
vn -0.9741 0.0095 0.2261
vn -0.9726 -0.0021 0.2324
vn -0.1480 -0.0010 0.9890
vn -0.1472 0.0031 0.9891
vn -0.1472 0.0032 0.9891
vn -0.1536 -0.0005 0.9881
vn -0.1558 -0.0126 0.9877
vn -0.1497 -0.0026 0.9887
vn -0.4178 -0.0015 -0.9085
vn -0.4187 0.0027 -0.9081
vn -0.4429 0.0185 -0.8964
vn 0.1744 -0.0055 0.9847
vn 0.1819 -0.0083 0.9833
vn 0.1622 -0.0016 0.9868
vn -0.5980 0.0059 0.8015
vn -0.5974 -0.0066 0.8019
vn -0.5933 -0.0055 0.8050
vn -0.8103 -0.0041 -0.5860
vn -0.6810 0.0049 0.7323
vn -0.6803 0.0059 0.7329
vn -0.6799 0.0048 0.7332
vn 0.9340 0.0050 -0.3572
vn 0.9338 0.0035 -0.3578
vn 0.9331 -0.0136 -0.3593
vn 0.3262 -0.0039 -0.9453
vn 0.3251 0.0010 -0.9457
vn 0.3044 0.0213 -0.9523
vn 0.7996 -0.0045 -0.6006
vn 0.8000 -0.0023 -0.6000
vn 0.7991 -0.0076 -0.6011
vn 0.8036 -0.0008 -0.5952
vn 0.8032 0.0019 -0.5957
vn 0.7892 0.0183 -0.6139
vn 0.5600 -0.0047 -0.8285
vn 0.5598 -0.0084 -0.8286
vn 0.3524 0.0021 0.9358
vn 0.3580 -0.0004 0.9337
vn 0.3423 0.0102 0.9395
vn 0.9414 -0.0026 0.3374
vn 0.9415 -0.0037 0.3371
vn 0.9414 -0.0025 0.3374
vn 0.9396 -0.0024 0.3423
vn 0.9401 0.0101 0.3408
vn 0.9392 -0.0019 0.3435
vn 0.9698 0.0007 0.2437
vn 0.9700 -0.0031 0.2431
vn 0.9698 0.0030 0.2440
vn -0.7236 0.0030 0.6902
vn -0.7293 -0.0052 0.6842
vn -0.7279 -0.0108 0.6856
vn 0.7968 0.0063 0.6042
vn 0.7962 0.0009 0.6050
vn 0.8018 -0.0046 0.5976
vn 0.5827 -0.0019 0.8127
vn 0.5836 0.0026 0.8120
vn 0.5837 0.0027 0.8120
vn 0.6058 0.0182 0.7954
vn 0.2314 0.0005 0.9729
vn 0.2406 -0.0044 0.9706
vn 0.2297 0.0051 0.9732
vn 0.2391 0.0027 0.9710
vn 0.2285 0.0071 0.9735
vn 0.2391 -0.0010 0.9710
vn 0.2654 -0.0017 0.9641
vn 0.2706 -0.0127 0.9626
vn 0.0240 -0.0054 -0.9997
vn 0.9990 -0.0012 -0.0444
vn 0.9990 0.0019 -0.0452
vn 0.9990 0.0020 -0.0452
vn 0.9973 0.0184 -0.0706
vn 0.9993 -0.0143 -0.0352
vn -0.9998 0.0053 0.0177
vn -0.9994 0.0053 0.0342
vn -0.9994 0.0107 0.0320
vn -0.9997 0.0135 0.0220
vn -0.9996 -0.0074 -0.0262
vn -0.9996 -0.0124 -0.0252
vn -0.8198 -0.0108 0.5725
vn -0.8153 0.0091 0.5790
vn -0.8086 -0.0015 0.5883
vn -0.8067 0.0107 0.5908
vn 0.9888 -0.0023 0.1493
vn 0.9888 0.0102 0.1486
vn 0.9886 -0.0017 0.1507
vn -0.9870 0.0049 -0.1604
vn -0.9872 0.0063 -0.1595
vn -0.9872 0.0057 -0.1592
vn 0.9857 0.0088 -0.1680
vn 0.9869 -0.0060 -0.1612
vn 0.9853 0.0020 -0.1707
vn 0.1451 -0.0008 -0.9894
vn 0.1448 0.0005 -0.9895
vn 0.1250 0.0226 -0.9919
vn 0.1508 0.0039 -0.9885
vn 0.1519 0.0038 -0.9884
vn 0.1524 -0.0023 -0.9883
vn -0.9898 0.0064 0.1425
vn -0.9897 -0.0053 0.1429
vn -0.9892 -0.0046 0.1466
vn 0.8989 -0.0004 -0.4381
vn 0.8987 0.0028 -0.4387
vn 0.3862 -0.0016 -0.9224
vn 0.3863 0.0039 -0.9224
vn 0.3910 -0.0089 -0.9203
vn 0.9072 -0.0043 0.4206
vn 0.9026 -0.0036 0.4304
vn 0.9094 -0.0064 0.4159
vn 0.4058 -0.0028 0.9140
vn 0.4045 -0.0087 0.9145
vn 0.4060 -0.0106 0.9138
vn 0.4154 -0.0041 0.9096
vn 0.4180 0.0064 0.9084
vn 0.4149 -0.0003 0.9099
vn -0.2314 0.0051 -0.9729
vn -0.2315 0.0062 -0.9728
vn -0.2309 0.0078 -0.9729
vn -0.2559 0.0174 -0.9666
vn -0.2547 0.0103 -0.9670
vn -0.2576 0.0095 -0.9662
vn -0.2384 0.0004 -0.9712
vn -0.2340 -0.0022 -0.9722
vn -0.2350 -0.0117 -0.9719
vn -0.6110 0.0020 -0.7917
vn -0.6112 -0.0027 -0.7915
vn -0.6112 -0.0030 -0.7915
vn -0.5936 -0.0028 -0.8047
vn -0.5943 0.0036 -0.8042
vn -0.5943 0.0037 -0.8042
vn -0.9366 -0.0020 0.3505
vn -0.9379 0.0038 0.3469
vn -0.9399 -0.0044 0.3414
vn 0.6746 -0.0025 -0.7382
vn 0.6740 0.0019 -0.7388
vn 0.6739 0.0020 -0.7388
vn 0.6537 0.0194 -0.7565
vn 0.7347 0.0015 -0.6784
vn 0.7337 -0.0002 -0.6794
vn 0.7330 -0.0014 -0.6803
vn 0.6736 0.0064 0.7391
vn 0.6714 -0.0030 0.7411
vn 0.6735 0.0065 0.7391
vn 0.7375 -0.0022 0.6753
vn 0.7385 0.0093 0.6742
vn 0.7382 0.0037 0.6746
vn -0.0461 0.0059 -0.9989
vn -0.0475 0.0071 -0.9988
vn -0.0429 0.0133 -0.9990
vn -0.0653 0.0184 -0.9977
vn -0.0160 -0.0135 0.9998
vn -0.0159 -0.0140 0.9998
vn -0.0252 -0.0040 0.9997
vn -0.8579 -0.0008 -0.5139
vn -0.8584 0.0046 -0.5129
vn -0.8489 0.0020 -0.5286
vn -0.8421 0.0011 -0.5393
vn -0.8485 -0.0055 -0.5292
vn 0.8559 -0.0023 0.5171
vn 0.8564 0.0090 0.5163
vn 0.8554 -0.0019 0.5179
vn 0.5225 -0.0167 0.8525
vn 0.8437 -0.0095 0.5367
vn 0.5146 -0.0025 -0.8574
vn 0.5139 0.0019 -0.8579
vn 0.4897 0.0190 -0.8717
vn 0.5147 0.0143 -0.8572
vn 0.8570 -0.0061 -0.5152
vn 0.8568 -0.0047 -0.5156
vn -0.3485 -0.0027 -0.9373
vn -0.3583 -0.0103 -0.9336
vn -0.3565 -0.0081 -0.9343
vn 0.9985 0.0070 0.0534
vn 0.9986 0.0035 0.0533
vn 0.9985 0.0075 0.0542
vn 0.0463 -0.0017 0.9989
vn 0.0466 0.0081 0.9989
vn 0.0473 0.0033 0.9989
vn -0.9055 -0.0020 0.4244
vn -0.9049 0.0090 0.4256
vn -0.9051 0.0036 0.4251
vn -0.4858 0.0303 0.8735
vn -0.4734 0.0004 0.8808
vn -0.3067 0.0386 0.9510
vn -0.3161 0.0481 0.9475
vn -0.3082 0.0316 0.9508
vn -0.2865 0.0063 0.9581
vn -0.7713 0.0227 -0.6361
vn -0.7766 0.0151 -0.6298
vn -0.9563 0.0051 -0.2925
vn -0.9444 -0.0236 -0.3279
vn 0.3072 -0.0230 -0.9514
vn 0.2798 -0.0018 -0.9601
vn 0.9578 0.0235 -0.2865
vn 0.9490 0.0183 -0.3146
vn 0.9541 -0.0303 0.2980
vn 0.9546 0.0137 0.2976
vn 0.2964 0.0031 0.9551
vn 0.2772 0.0364 0.9601
vn 0.2671 0.0469 0.9625
vn 0.2758 0.0294 0.9608
vn -0.4684 0.0333 -0.8829
vn -0.4593 0.0437 -0.8872
vn -0.4671 0.0261 -0.8838
vn -0.4856 0.0056 -0.8742
vn 0.6314 0.0194 -0.7752
vn 0.6224 0.0051 -0.7827
vn 0.7738 -0.0170 -0.6332
vn 0.7737 -0.0173 -0.6334
vn 0.7738 -0.0170 -0.6331
vn 0.7698 0.0046 -0.6382
vn 0.7642 0.0283 0.6443
vn 0.6212 -0.0312 0.7831
vn 0.7737 0.0098 0.6334
vn 0.6267 0.0135 0.7791
vn -0.6441 0.0270 0.7644
vn -0.6240 0.0179 0.7812
vn -0.8828 0.0056 -0.4697
vn -0.8831 -0.0004 -0.4693
vn -0.6423 0.0030 -0.7664
vn -0.6297 0.0239 -0.7765
vn -0.7796 0.0116 0.6262
vn -0.7730 -0.0336 0.6335
vn -0.7736 -0.0331 0.6328
vn -0.7662 -0.0419 0.6412
vn -0.2864 0.0152 -0.9580
vn -0.2905 -0.0380 -0.9561
vn -0.2897 -0.0374 -0.9564
vn -0.2902 -0.0373 -0.9562
vn -0.9921 0.0419 -0.1183
vn -0.9909 0.0482 -0.1257
vn -0.9921 0.0375 -0.1193
vn -0.9957 0.0038 -0.0926
vn -0.9959 0.0079 0.0905
vn 0.0896 0.0020 -0.9960
vn 0.0745 0.0018 -0.9972
vn 0.0878 -0.0040 -0.9961
vn 0.0733 -0.0015 -0.9973
vn 0.9933 -0.0370 -0.1092
vn 0.9933 -0.0372 -0.1094
vn 0.9933 -0.0369 -0.1092
vn 0.9955 0.0102 -0.0944
vn 0.4635 -0.0397 -0.8852
vn 0.4525 -0.0413 -0.8908
vn 0.8808 0.0053 -0.4734
vn 0.4698 0.0212 -0.8825
vn 0.8713 -0.0388 -0.4891
vn -0.9566 0.0028 0.2913
vn -0.9637 -0.0133 0.2668
vn -0.9654 -0.0227 0.2596
vn -0.9635 -0.0127 0.2673
vn 0.9943 0.0218 0.1044
vn 0.9960 0.0112 0.0892
vn -0.1108 0.0025 -0.9938
vn -0.1030 0.0061 -0.9947
vn -0.1128 0.0145 0.9935
vn -0.8789 -0.0328 0.4758
vn -0.8868 0.0391 0.4605
vn -0.8908 0.0465 0.4521
vn -0.8876 0.0333 0.4595
vn 0.1058 0.0155 0.9943
vn 0.0838 0.0282 0.9961
vn 0.4611 0.0251 0.8870
vn 0.8795 0.0081 0.4759
vn 0.4666 0.0179 0.8843
vn -0.4785 -0.0046 0.8781
vn -0.4776 -0.0028 0.8786
vn -0.4786 -0.0026 0.8780
vn -0.2958 -0.0050 0.9553
vn -0.2962 -0.0055 0.9551
vn -0.2958 -0.0033 0.9553
vn -0.7782 0.0040 -0.6280
vn -0.7755 -0.0010 -0.6314
vn -0.7755 -0.0013 -0.6314
vn -0.7790 0.0086 -0.6270
vn -0.9526 0.0060 -0.3043
vn -0.9526 -0.0055 -0.3042
vn -0.9510 -0.0031 -0.3091
vn -0.9527 0.0099 -0.3037
vn -0.4268 0.0011 0.9043
vn -0.4275 0.0001 0.9040
vn -0.2447 0.0066 0.9696
vn -0.2452 0.0068 0.9694
vn -0.2445 0.0028 0.9697
vn 0.2950 0.0060 -0.9555
vn 0.3003 -0.0011 -0.9539
vn 0.2990 -0.0058 -0.9542
vn 0.9541 -0.0059 -0.2995
vn 0.9541 -0.0062 -0.2996
vn 0.9487 0.0022 -0.3163
vn 0.9517 0.0109 -0.3068
vn 0.2961 0.0115 -0.9551
vn -0.8036 -0.0002 -0.5952
vn -0.8036 -0.0007 -0.5952
vn -0.9647 -0.0035 -0.2632
vn -0.9646 -0.0032 -0.2637
vn -0.9646 -0.0035 -0.2635
vn 0.9531 -0.0020 0.3026
vn 0.9525 -0.0018 0.3045
vn 0.9528 -0.0054 0.3037
vn 0.2781 -0.0027 0.9605
vn 0.2843 -0.0031 0.9587
vn 0.2833 -0.0049 0.9590
vn -0.4678 -0.0018 -0.8838
vn -0.4760 -0.0021 -0.8794
vn -0.4758 -0.0055 -0.8795
vn 0.2347 -0.0031 -0.9721
vn 0.2347 -0.0085 -0.9720
vn 0.9409 -0.0040 -0.3386
vn 0.9386 -0.0013 -0.3449
vn 0.9378 0.0009 -0.3473
vn 0.7844 0.0119 -0.6202
vn 0.7881 -0.0031 -0.6156
vn 0.7835 0.0057 -0.6214
vn 0.6412 -0.0030 -0.7673
vn 0.6410 -0.0030 -0.7675
vn 0.6413 -0.0007 -0.7673
vn 0.7871 -0.0089 -0.6168
vn 0.6239 -0.0019 0.7815
vn 0.6228 -0.0017 0.7823
vn 0.6230 -0.0046 0.7822
vn 0.7668 -0.0042 0.6419
vn 0.7676 -0.0027 0.6409
vn 0.7671 -0.0038 0.6415
vn 0.9696 0.0017 0.2447
vn 0.9695 0.0036 0.2452
vn 0.9696 0.0018 0.2448
vn 0.3337 0.0015 0.9427
vn 0.3330 0.0009 0.9429
vn -0.6430 -0.0043 0.7659
vn -0.6420 -0.0023 0.7667
vn -0.6429 -0.0022 0.7659
vn -0.8773 -0.0025 -0.4799
vn -0.8704 -0.0061 -0.4923
vn -0.8759 -0.0149 -0.4822
vn -0.8789 0.0117 -0.4768
vn -0.5108 -0.0009 -0.8597
vn -0.5109 -0.0012 -0.8596
vn 0.7433 0.0044 -0.6689
vn 0.7382 -0.0087 -0.6745
vn 0.7420 0.0018 -0.6704
vn 0.5973 0.0051 -0.8020
vn 0.5924 -0.0076 -0.8056
vn 0.5964 0.0056 -0.8027
vn 0.7969 0.0045 0.6041
vn 0.8007 0.0008 0.5991
vn 0.8024 0.0033 0.5968
vn 0.6656 -0.0007 0.7463
vn 0.6657 -0.0009 0.7462
vn -0.6079 0.0062 0.7940
vn -0.6026 0.0003 0.7980
vn -0.6008 0.0037 0.7994
vn -0.8978 -0.0002 -0.4404
vn -0.8983 -0.0010 -0.4394
vn -0.6369 -0.0100 -0.7709
vn -0.6335 0.0018 -0.7738
vn -0.6368 -0.0063 -0.7710
vn -0.2821 -0.0033 -0.9594
vn -0.2814 -0.0033 -0.9596
vn -0.2820 -0.0013 -0.9594
vn -0.7786 -0.0040 0.6275
vn -0.7783 -0.0027 0.6279
vn -0.7778 -0.0017 0.6285
vn -0.9943 -0.0091 -0.1059
vn -0.9939 0.0030 -0.1102
vn -0.9944 -0.0057 -0.1056
vn -0.9969 -0.0010 0.0786
vn -0.9964 -0.0087 0.0847
vn -0.9963 -0.0041 0.0857
vn 0.1034 -0.0017 -0.9946
vn 0.1048 -0.0011 -0.9945
vn 0.1044 -0.0044 -0.9945
vn 0.9954 -0.0025 -0.0959
vn 0.9955 -0.0023 -0.0944
vn 0.9955 -0.0053 -0.0947
vn -0.9638 -0.0016 0.2668
vn -0.9635 -0.0008 0.2676
vn -0.9636 -0.0011 0.2673
vn 0.4772 -0.0036 -0.8788
vn 0.4770 -0.0044 -0.8789
vn 0.4768 -0.0020 -0.8790
vn 0.8878 0.0001 -0.4603
vn 0.8896 0.0137 -0.4565
vn 0.8881 0.0032 -0.4596
vn 0.8845 -0.0069 -0.4665
vn 0.8847 -0.0057 -0.4661
vn 0.9946 -0.0035 0.1040
vn 0.9947 -0.0025 0.1027
vn 0.9947 -0.0041 0.1030
vn -0.6666 0.0063 -0.7454
vn -0.6704 0.0003 -0.7420
vn -0.6720 0.0038 -0.7405
vn -0.0960 -0.0042 0.9954
vn -0.0900 -0.0096 0.9959
vn -0.0903 -0.0053 0.9959
vn 0.0955 -0.0044 0.9954
vn 0.1013 -0.0099 0.9948
vn 0.1023 -0.0059 0.9947
vn -0.8879 -0.0027 0.4601
vn -0.8871 -0.0050 0.4616
vn -0.8874 -0.0028 0.4610
vn -0.0904 0.0069 -0.9959
vn -0.0846 0.0012 -0.9964
vn -0.0858 -0.0028 -0.9963
vn -0.0894 0.0113 -0.9959
vn -0.3235 0.0076 -0.9462
vn -0.3242 0.0085 -0.9460
vn -0.3236 0.0086 -0.9462
vn -0.9977 0.0127 -0.0672
vn -0.9976 0.0129 -0.0675
vn -0.9977 0.0128 -0.0667
vn -0.9902 0.0064 0.1397
vn -0.9902 0.0050 0.1395
vn -0.9901 0.0057 0.1401
vn 0.0583 -0.0005 -0.9983
vn 0.0582 -0.0002 -0.9983
vn 0.9899 0.0070 -0.1419
vn 0.9895 0.0078 -0.1441
vn 0.9895 0.0080 -0.1440
vn -0.9408 -0.0022 0.3389
vn -0.9398 -0.0037 0.3417
vn -0.9400 0.0029 0.3412
vn 0.4260 0.0063 -0.9047
vn 0.4255 0.0070 -0.9049
vn 0.4247 0.0072 -0.9053
vn 0.8551 0.0084 -0.5184
vn 0.8554 0.0085 -0.5180
vn 0.8548 0.0085 -0.5188
vn 0.9985 0.0105 0.0529
vn 0.9985 0.0106 0.0535
vn 0.9986 0.0054 0.0524
vn 0.8747 -0.0013 0.4846
vn 0.8739 -0.0011 0.4861
vn 0.8742 -0.0040 0.4855
vn 0.4498 -0.0013 0.8931
vn 0.4492 -0.0003 0.8934
vn 0.4493 -0.0031 0.8934
vn -0.0475 0.0015 0.9989
vn -0.0478 0.0001 0.9989
vn 0.1429 0.0098 0.9897
vn 0.1428 0.0104 0.9897
vn 0.1445 -0.0014 0.9895
vn -0.8619 -0.0002 0.5071
vn -0.8620 -0.0036 0.5069
vn -0.8620 -0.0008 0.5069
vn 0.8994 0.0061 0.4371
vn 0.9019 0.0015 0.4320
vn 0.9029 0.0043 0.4299
vn 0.5016 0.0113 0.8650
vn 0.5018 0.0117 0.8649
vn 0.5030 0.0061 0.8643
vn -0.9497 0.0038 -0.3132
vn -0.7425 0.0025 0.6699
vn -0.9919 0.0265 0.1244
vn -0.3246 0.0241 -0.9455
vn -0.4431 -0.0128 0.8964
vn -0.3621 0.0201 0.9319
vn -0.3628 0.0177 0.9317
vn -0.2994 0.0141 0.9540
vn -0.9437 0.0094 -0.3305
vn 0.2347 0.0023 -0.9721
vn 0.9632 -0.0109 -0.2687
vn 0.9632 -0.0104 -0.2687
vn 0.9617 -0.0038 -0.2742
vn 0.9731 -0.0084 -0.2304
vn 0.9732 -0.0185 -0.2292
vn 0.9732 -0.0136 -0.2298
vn -0.4791 -0.0007 0.8778
vn -0.4787 0.0024 0.8780
vn -0.5284 -0.0076 0.8490
vn -0.5301 -0.0199 0.8477
vn -0.5296 -0.0139 0.8481
vn -0.8971 0.0077 -0.4418
vn -0.5055 -0.0177 -0.8627
vn -0.2468 -0.0021 0.9691
vn -0.2482 -0.0073 0.9687
vn -0.2470 -0.0137 0.9689
vn -0.2583 -0.0067 0.9660
vn -0.2719 -0.0179 0.9622
vn -0.6190 0.0040 0.7854
vn -0.6186 -0.0022 0.7857
vn -0.6185 -0.0025 0.7858
vn -0.9662 0.0338 0.2557
vn -0.9569 -0.0093 0.2902
vn -0.9589 -0.0068 0.2838
vn 0.9676 -0.0209 0.2515
vn 0.9909 0.0074 -0.1344
vn 0.9907 0.0016 -0.1359
vn 0.9907 -0.0044 -0.1361
vn -0.9913 0.0059 0.1319
vn -0.9913 0.0058 0.1319
vn -0.9912 0.0068 0.1319
vn -0.6828 -0.0084 0.7305
vn -0.6859 -0.0206 0.7274
vn -0.6845 -0.0084 0.7290
vn -0.6659 0.0021 0.7460
vn -0.6661 0.0020 0.7459
vn -0.1279 0.0326 0.9913
vn -0.1070 0.0078 0.9942
vn -0.1012 -0.0022 0.9949
vn 0.1291 -0.0093 0.9916
vn -0.6192 -0.0066 -0.7852
vn 0.9902 0.0253 0.1375
vn 0.9901 0.0200 0.1390
vn 0.9901 0.0198 0.1390
vn 0.9943 0.0060 0.1063
vn -0.7454 0.0001 0.6667
vn -0.7594 0.0054 0.6506
vn -0.7522 0.0160 0.6587
vn -0.7581 0.0164 0.6519
vn -0.4221 0.0318 -0.9060
vn -0.4568 0.0052 -0.8896
vn -0.7997 -0.0098 -0.6004
vn 0.7912 0.0301 -0.6109
vn 0.7649 -0.0010 -0.6442
vn 0.7692 -0.0060 -0.6389
vn 0.9452 -0.0158 -0.3261
vn 0.9484 0.0001 -0.3170
vn 0.9484 0.0002 -0.3170
vn 0.9484 -0.0044 -0.3170
vn 0.3246 -0.0118 0.9458
vn 0.3162 -0.0004 0.9487
vn 0.3235 0.0056 0.9462
vn 0.3170 0.0055 0.9484
vn 0.9479 0.0258 0.3176
vn 0.9461 -0.0095 0.3239
vn 0.9465 -0.0060 0.3228
vn 0.9453 0.0013 0.3262
vn 0.8612 -0.0024 -0.5083
vn 0.8619 -0.0007 -0.5070
vn 0.8615 -0.0069 -0.5077
vn 0.8601 -0.0097 -0.5100
vn 0.6033 0.0263 0.7971
vn 0.7884 -0.0182 0.6149
vn 0.8008 0.0024 0.5989
vn -0.9975 -0.0028 0.0704
vn -0.9971 0.0012 0.0758
vn -0.9975 -0.0034 0.0710
vn -0.9970 -0.0076 -0.0776
vn 0.6678 -0.0121 0.7443
vn 0.7424 0.0298 0.6693
vn 0.7410 0.0242 0.6711
vn 0.7388 0.0194 0.6736
vn 0.7564 0.0048 0.6541
vn 0.3764 0.0103 -0.9264
vn 0.8902 -0.0074 -0.4556
vn 0.8902 -0.0075 -0.4556
vn 0.8900 -0.0065 -0.4560
vn 0.9976 0.0089 -0.0683
vn 0.9978 0.0054 -0.0663
vn 0.4241 0.0268 0.9052
vn 0.4349 0.0011 0.9005
vn 0.4354 0.0010 0.9002
vn -0.0951 0.0003 -0.9955
vn -0.0607 -0.0143 0.9981
vn -0.7932 0.0044 0.6090
vn -0.7931 -0.0067 0.6091
vn 0.9979 -0.0042 0.0643
vn 0.9985 -0.0014 0.0543
vn 0.0739 0.0311 0.9968
vn 0.4932 -0.0051 0.8699
vn 0.8695 0.0034 0.4940
vn 0.8685 -0.0040 0.4956
vn -0.8630 -0.0075 0.5052
vn -0.8627 -0.0085 0.5056
vn -0.2692 0.0063 -0.9631
vn -0.2702 0.0056 -0.9628
vn -0.2746 -0.0038 -0.9616
vn -0.1422 0.0132 -0.9897
vn -0.9401 -0.0088 0.3408
vn -0.9733 0.0051 0.2293
vn -0.9724 -0.0058 0.2333
vn -0.9993 -0.0039 0.0369
vn -0.9992 -0.0032 0.0396
vn -0.3582 0.0051 0.9336
vn -0.3580 -0.0072 0.9337
vn -0.3582 0.0042 0.9336
vn -0.9363 -0.0088 -0.3511
vn 0.1660 -0.0018 -0.9861
vn 0.1651 -0.0094 -0.9862
vn 0.1629 0.0105 -0.9866
vn 0.9729 -0.0027 -0.2310
vn 0.9725 -0.0092 -0.2328
vn 0.9720 0.0081 -0.2350
vn -0.5353 0.0046 0.8447
vn -0.5351 -0.0074 0.8447
vn -0.5353 0.0037 0.8447
vn -0.9784 0.0043 0.2067
vn -0.9787 0.0051 0.2051
vn -0.9766 -0.0054 0.2151
vn -0.5836 0.0067 -0.8120
vn -0.5795 -0.0076 -0.8149
vn -0.5764 0.0005 -0.8171
vn 0.9854 0.0032 0.1704
vn 0.9854 -0.0097 0.1701
vn 0.9854 0.0025 0.1704
vn -0.1693 -0.0005 0.9856
vn -0.1676 -0.0072 0.9858
vn -0.1669 0.0098 0.9859
vn 0.2176 0.0068 0.9760
vn 0.2170 -0.0023 0.9762
vn 0.2202 -0.0072 0.9754
vn -0.4018 -0.0035 -0.9157
vn -0.4027 -0.0098 -0.9153
vn -0.4045 0.0074 -0.9145
vn -0.7271 -0.0015 -0.6865
vn -0.7280 -0.0070 -0.6856
vn -0.7290 0.0091 -0.6844
vn -0.8485 0.0049 -0.5292
vn -0.8483 -0.0058 -0.5295
vn -0.8488 0.0098 -0.5286
vn 0.8137 -0.0027 -0.5813
vn 0.8131 -0.0084 -0.5820
vn 0.8121 0.0081 -0.5834
vn 0.5325 0.0086 -0.8464
vn 0.5310 -0.0100 -0.8473
vn 0.5296 -0.0036 -0.8483
vn 0.3474 0.0025 -0.9377
vn 0.3473 -0.0098 -0.9377
vn 0.3474 0.0023 -0.9377
vn 0.9074 -0.0013 -0.4203
vn 0.9067 -0.0075 -0.4217
vn 0.9067 0.0040 -0.4218
vn 0.3907 0.0031 0.9205
vn 0.3983 -0.0011 0.9173
vn 0.3935 0.0123 0.9193
vn 0.9321 0.0033 0.3623
vn 0.9322 -0.0094 0.3618
vn 0.9330 -0.0030 0.3599
vn 0.7230 0.0035 0.6908
vn 0.7232 -0.0092 0.6906
vn 0.7230 0.0028 0.6908
vn 0.6907 0.0081 -0.7231
vn 0.6885 -0.0090 -0.7252
vn 0.6881 -0.0034 -0.7256
vn -0.9999 0.0054 0.0153
vn -0.9999 -0.0036 0.0150
vn -0.9998 -0.0041 0.0203
vn -0.0369 -0.0120 -0.9992
vn 0.9996 -0.0034 -0.0266
vn 0.9996 -0.0098 -0.0269
vn 0.9995 0.0078 -0.0290
vn 0.0352 0.0059 0.9994
vn 0.0270 -0.0023 0.9996
vn 0.0241 0.0055 0.9997
vn 0.8505 0.0035 0.5259
vn 0.8449 -0.0025 0.5349
vn 0.5680 0.0022 0.8230
vn 0.5680 -0.0106 0.8230
vn 0.5689 0.0076 0.8224
vn -0.8136 -0.0100 0.5814
vn -0.8140 -0.0099 0.5808
vn -0.9103 0.0043 0.4140
vn -0.9152 -0.0026 0.4031
vn -0.9830 -0.0073 -0.1834
vn -0.9841 -0.0042 -0.1775
vn -0.9835 0.0041 -0.1811
vn 0.9710 0.0175 -0.2383
vn 0.9737 0.0235 -0.2266
vn -0.9806 0.0367 0.1923
vn -0.5333 0.0224 0.8456
vn 0.9823 0.0201 0.1862
vn 0.9844 0.0167 0.1751
vn 0.9818 0.0255 0.1881
vn -0.1957 0.0298 0.9802
vn 0.2222 -0.0006 0.9750
vn 0.2122 -0.0007 0.9772
vn -0.7010 0.0173 0.7130
vn 0.5369 -0.0119 -0.8436
vn 0.5368 -0.0117 -0.8436
vn 0.5345 0.0010 -0.8452
vn 0.8342 0.0332 -0.5504
vn -1.0000 -0.0085 -0.0039
vn -1.0000 -0.0009 0.0038
vn -1.0000 0.0037 0.0022
vn 0.9127 0.0115 -0.4084
vn 0.3462 -0.0121 -0.9381
vn 0.3714 0.0255 0.9281
vn 0.9412 -0.0014 0.3377
vn 0.9996 0.0235 -0.0181
vn 1.0000 0.0034 -0.0073
vn 0.9998 -0.0011 -0.0176
vn 0.9999 -0.0039 -0.0138
vn 0.7058 0.0216 0.7081
vn 0.7038 0.0247 0.7100
vn 0.7030 0.0242 0.7107
vn 0.6826 -0.0192 -0.7305
vn 0.8345 0.0048 0.5510
vn 0.8345 0.0044 0.5510
vn -0.8325 0.0338 0.5530
vn -0.2069 0.0152 -0.9782
vn -0.2053 0.0255 -0.9784
vn -0.2055 0.0260 -0.9783
vn 0.7136 -0.0192 0.7003
vn 0.7075 0.0218 0.7064
vn 0.7076 0.0223 0.7063
vn 0.7056 -0.0090 -0.7085
vn 0.7039 0.0250 -0.7098
vn 0.7031 0.0269 -0.7105
vn 0.6683 0.0018 -0.7439
vn 0.6669 -0.0022 -0.7452
vn 0.6669 -0.0021 -0.7452
vn 0.6749 -0.0253 -0.7375
vn 0.9826 -0.0196 0.1848
vn 0.9848 0.0000 0.1736
vn 0.9852 -0.0025 0.1714
vn 0.9847 0.0115 0.1739
vn -0.2067 0.0009 -0.9784
vn -0.2098 -0.0187 -0.9776
vn -0.2078 -0.0193 -0.9780
vn -0.2097 -0.0196 -0.9776
vn -0.2284 -0.0023 -0.9736
vn -0.2285 -0.0030 -0.9735
vn -0.2173 -0.0269 -0.9757
vn -0.8298 0.0166 -0.5578
vn -0.8281 0.0089 -0.5606
vn -0.8286 0.0046 -0.5599
vn -0.8436 -0.0115 -0.5368
vn -0.8438 -0.0097 -0.5366
vn 0.5370 -0.0121 -0.8435
vn 0.8118 -0.0271 -0.5833
vn 0.8121 -0.0263 -0.5830
vn 0.8121 -0.0264 -0.5830
vn 0.8288 -0.0063 -0.5595
vn 0.5067 0.0013 -0.8621
vn 0.5056 -0.0020 -0.8628
vn 0.5055 -0.0022 -0.8628
vn -0.8292 0.0211 -0.5585
vn 0.7994 0.0174 -0.6006
vn 0.8047 -0.0011 -0.5937
vn 0.8040 -0.0042 -0.5946
vn 0.8038 -0.0073 -0.5949
vn 0.8337 -0.0184 -0.5519
vn 0.5153 -0.0248 -0.8566
vn -0.7415 0.0016 -0.6710
vn -0.7383 -0.0117 -0.6744
vn -0.7421 -0.0013 -0.6703
vn -0.7196 -0.0085 -0.6944
vn -0.7115 0.0190 -0.7025
vn -0.7360 -0.0186 -0.6767
vn -0.7426 -0.0064 -0.6697
vn -0.4143 -0.0014 -0.9101
vn -0.3739 0.0130 -0.9274
vn -0.4167 -0.0044 -0.9090
vn -0.4162 -0.0147 -0.9092
vn -0.4173 -0.0058 -0.9088
vn -0.3920 -0.0181 -0.9198
vn -0.3901 -0.0312 -0.9203
vn -0.3919 -0.0183 -0.9198
vn -0.4130 -0.0210 -0.9105
vn -0.4180 -0.0112 -0.9084
vn -0.3830 0.0022 -0.9237
vn -0.3770 0.0240 -0.9259
vn 0.0094 0.0233 0.9997
vn 0.0095 0.0236 0.9997
vn 0.0033 -0.0224 0.9997
vn 0.9993 -0.0278 -0.0249
vn 0.9996 -0.0196 -0.0221
vn 0.9996 -0.0197 -0.0218
vn 1.0000 -0.0006 -0.0050
vn 1.0000 -0.0008 -0.0046
vn -0.0457 0.0022 -0.9990
vn -0.0464 -0.0006 -0.9989
vn -0.0462 0.0022 -0.9989
vn -0.0307 -0.0263 -0.9992
vn -0.0216 -0.0206 -0.9996
vn -0.0213 -0.0195 -0.9996
vn -0.0143 0.0211 -0.9997
vn 0.0093 0.0231 0.9997
vn 0.9991 -0.0017 -0.0425
vn 0.9991 -0.0036 -0.0431
vn 0.9998 -0.0176 0.0130
vn -0.0217 -0.0214 -0.9995
vn -0.0241 -0.0090 -0.9997
vn -0.0138 0.0213 -0.9997
vn -0.5675 -0.0194 -0.8231
vn -0.5922 -0.0085 -0.8057
vn -0.5535 0.0253 -0.8324
vn -0.5543 0.0203 -0.8321
vn -0.5549 0.0149 -0.8318
vn -0.5719 -0.0024 0.8203
vn -0.5308 -0.0201 0.8472
vn -0.9361 -0.0223 -0.3509
vn -0.9361 -0.0224 -0.3509
vn -0.9360 -0.0200 -0.3515
vn -0.9299 -0.0109 -0.3677
vn -0.5700 -0.0110 -0.8215
vn -0.5537 0.0259 -0.8323
vn -0.3836 -0.0231 0.9232
vn -0.3398 -0.0014 0.9405
vn -0.3873 0.0017 0.9219
vn -0.5259 -0.0013 0.8505
vn -0.5254 -0.0004 0.8508
vn -0.5256 0.0003 0.8507
vn -0.9729 -0.0104 0.2309
vn -0.9735 -0.0173 0.2282
vn -0.9712 -0.0198 0.2375
vn -0.9830 -0.0050 0.1837
vn -0.9794 -0.0123 -0.2014
vn -0.9828 -0.0146 -0.1839
vn 0.9732 -0.0189 -0.2291
vn 0.9828 0.0027 -0.1849
vn 0.1647 0.0060 -0.9863
vn 0.1846 -0.0079 -0.9828
vn 0.1541 -0.0086 -0.9880
vn -0.9723 -0.0083 0.2337
vn -0.9707 0.0194 0.2396
vn -0.9819 -0.0254 0.1875
vn -0.9838 -0.0284 0.1769
vn 0.1523 -0.0289 -0.9879
vn 0.1538 -0.0292 -0.9877
vn 0.1560 -0.0169 -0.9876
vn 0.9787 -0.0210 -0.2042
vn 0.9788 -0.0330 -0.2021
vn 0.9787 -0.0212 -0.2040
vn 0.9702 -0.0054 -0.2424
vn 0.1918 0.0178 0.9813
vn 0.1899 0.0067 0.9818
vn 0.5441 0.0226 0.8387
vn 0.5832 -0.0025 0.8123
vn 0.5838 -0.0050 0.8119
vn 0.5848 -0.0073 0.8112
vn 0.5384 -0.0183 0.8425
vn -0.8334 -0.0009 0.5527
vn -0.8346 0.0002 0.5509
vn 0.3185 0.0113 -0.9478
vn 0.3739 0.0085 -0.9274
vn 0.3742 0.0081 -0.9273
vn 0.9292 -0.0029 -0.3696
vn 0.3424 -0.0020 -0.9395
vn 0.3751 -0.0263 -0.9266
vn 0.3840 -0.0252 -0.9230
vn 0.9200 -0.0166 0.3916
vn 0.9249 0.0139 0.3800
vn 0.9267 0.0119 0.3756
vn 0.3776 0.0023 0.9259
vn 0.8303 -0.0022 0.5573
vn 0.5707 -0.0281 0.8207
vn 0.5672 -0.0209 0.8233
vn 0.5693 -0.0243 0.8218
vn 0.5438 0.0218 0.8389
vn 0.2190 -0.0164 0.9756
vn 0.2187 -0.0209 0.9756
vn 0.2228 -0.0078 0.9748
vn -0.2013 -0.0002 0.9795
vn -0.1656 0.0102 0.9861
vn 0.9104 -0.0062 -0.4136
vn 0.3200 -0.0157 -0.9473
vn 0.3264 -0.0232 -0.9450
vn 0.9204 -0.0029 -0.3911
vn 0.3888 -0.0192 0.9211
vn 0.3893 0.0101 0.9210
vn 0.9308 -0.0266 0.3644
vn 0.9307 -0.0251 0.3650
vn -0.9195 -0.0114 0.3928
vn -0.9265 0.0354 0.3747
vn -0.9268 0.0401 0.3735
vn -0.9310 0.0243 0.3642
vn -0.9310 0.0204 0.3646
vn -0.7172 0.0055 0.6969
vn -0.6850 -0.0214 0.7282
vn -0.7083 -0.0058 0.7059
vn -0.7071 -0.0116 0.7071
vn -0.7020 0.0026 0.7121
vn -0.9995 -0.0150 0.0287
vn -0.9994 -0.0203 0.0270
vn -0.9993 -0.0128 0.0344
vn -0.9998 0.0046 -0.0179
vn -0.9999 -0.0146 -0.0027
vn 0.7338 0.0844 0.6741
vn 0.6362 -0.1263 0.7612
vn 0.7161 -0.0011 0.6980
vn 0.6171 0.0866 0.7821
vn 0.6237 -0.1053 0.7745
vn 0.7383 -0.1368 -0.6605
vn 0.7381 -0.1345 -0.6612
vn 0.7472 -0.1284 -0.6521
vn 0.6758 -0.0008 -0.7371
vn 0.6337 0.0844 -0.7690
vn 0.7466 -0.1245 -0.6536
vn 0.7193 0.1322 -0.6820
vn 0.7066 -0.0244 -0.7072
vn 0.9483 0.0827 0.3065
vn 0.9546 -0.1110 0.2765
vn -0.7976 0.1326 -0.5885
vn -0.8150 -0.0249 -0.5789
vn -0.8426 -0.0138 -0.5384
vn -0.8436 -0.0173 -0.5368
vn -0.8492 -0.0074 -0.5281
vn -0.7774 -0.0878 -0.6229
vn 0.7803 0.0884 -0.6192
vn 0.7640 -0.0364 -0.6441
vn 0.5770 0.1322 -0.8059
vn 0.5596 -0.0248 -0.8284
vn 0.5358 -0.0113 -0.8443
vn 0.6093 -0.0994 -0.7867
vn 0.9566 -0.1263 0.2628
vn 0.9858 0.0031 0.1682
vn 0.9860 0.0820 0.1451
vn -0.1304 -0.1310 -0.9828
vn -0.2226 0.0050 -0.9749
vn -0.2631 0.0949 -0.9601
vn -0.1704 0.1491 -0.9740
vn -0.1582 0.0100 -0.9874
vn -0.1577 0.0109 -0.9874
vn -0.1581 0.0102 -0.9874
vn -0.1076 -0.1050 -0.9886
vn -0.7533 0.0853 -0.6521
vn -0.6637 -0.1360 -0.7355
vn -0.7154 -0.0112 -0.6986
vn -0.7242 -0.0053 -0.6896
vn -0.7239 -0.0022 -0.6899
vn -0.8654 0.0872 -0.4934
vn -0.8272 -0.0177 -0.5616
vn -0.8067 -0.1401 -0.5742
vn -0.8491 -0.0043 -0.5282
vn 0.8339 0.1376 -0.5345
vn 0.8468 -0.0044 -0.5319
vn 0.8467 -0.0045 -0.5321
vn 0.8468 -0.0043 -0.5319
vn 0.8297 -0.1052 -0.5481
vn 0.4761 0.0857 -0.8752
vn 0.5821 -0.1298 -0.8027
vn 0.5200 0.0104 -0.8541
vn -0.3953 -0.1764 -0.9015
vn -0.4476 0.0873 -0.8900
vn -0.3921 -0.0175 -0.9198
vn -0.7167 -0.0148 -0.6972
vn -0.6360 -0.0977 -0.7655
vn -0.6682 0.1273 -0.7330
vn -0.6928 -0.0281 -0.7206
vn -0.0322 -0.0179 -0.9993
vn 0.0544 -0.0998 -0.9935
vn 0.0133 0.1469 -0.9891
vn 0.0246 0.0047 -0.9997
vn 0.0244 0.0043 -0.9997
vn 0.0247 0.0048 -0.9997
vn 0.9911 -0.1226 0.0524
vn 0.9990 0.0180 -0.0404
vn 0.9945 0.0876 -0.0573
vn -0.0885 -0.1330 0.9872
vn -0.1206 0.0827 0.9893
vn -0.4168 -0.0039 -0.9090
vn -0.3246 -0.1228 -0.9379
vn -0.3402 0.1288 -0.9315
vn -0.3672 -0.0329 -0.9296
vn -0.5418 -0.0130 0.8404
vn -0.5421 -0.0125 0.8402
vn -0.5418 -0.0129 0.8404
vn -0.5415 -0.0134 0.8406
vn -0.5153 0.0905 0.8522
vn -0.5652 -0.0176 0.8248
vn -0.5706 -0.0116 -0.8211
vn -0.4861 -0.1041 -0.8677
vn -0.4561 0.0855 -0.8858
vn 0.9602 0.0868 -0.2653
vn 0.9789 -0.0205 -0.2035
vn 0.9785 -0.1321 -0.1586
vn 0.9696 0.0064 -0.2447
vn 0.2720 0.1104 -0.9560
vn 0.1502 -0.0071 -0.9886
vn 0.2367 -0.0899 -0.9674
vn -0.9866 -0.0026 -0.1632
vn -0.9853 -0.0128 -0.1706
vn -0.9867 -0.0021 -0.1623
vn -0.9563 -0.0765 -0.2823
vn -0.9481 0.1048 -0.3002
vn -0.9689 -0.0167 0.2470
vn -0.9622 0.0838 0.2593
vn 0.1345 0.1257 0.9829
vn 0.1613 -0.0340 0.9863
vn 0.2151 -0.0162 0.9765
vn 0.2171 -0.0197 0.9759
vn 0.2272 -0.0093 0.9738
vn 0.1111 -0.1052 0.9882
vn -0.2668 -0.1368 0.9540
vn -0.1861 -0.0103 0.9825
vn -0.1739 0.0808 0.9814
vn -0.2304 -0.0160 0.9730
vn -0.3624 0.0204 0.9318
vn -0.4798 -0.0881 0.8729
vn -0.4950 0.0799 0.8652
vn -0.9244 -0.0262 -0.3804
vn -0.8645 -0.0940 -0.4937
vn -0.8781 0.1036 -0.4670
vn 0.9059 -0.0121 -0.4232
vn 0.9129 0.0109 -0.4081
vn 0.8954 0.0833 -0.4375
vn 0.9302 -0.0157 -0.3667
vn 0.3535 0.0098 -0.9354
vn 0.3522 0.0157 -0.9358
vn 0.3621 0.0229 -0.9319
vn 0.4649 -0.1054 -0.8791
vn 0.4101 0.1248 -0.9034
vn 0.3861 -0.0312 -0.9219
vn 0.3485 -0.1602 0.9235
vn 0.4144 0.0815 0.9064
vn 0.8775 -0.1207 0.4641
vn 0.9022 0.1363 0.4092
vn 0.9060 -0.0011 0.4233
vn 0.9058 -0.0005 0.4238
vn 0.9059 -0.0011 0.4235
vn -0.9414 0.0845 -0.3267
vn -0.8877 -0.1521 -0.4346
vn -0.4637 -0.1086 0.8793
vn -0.3730 -0.0039 0.9278
vn -0.3574 0.0823 0.9303
vn -0.8986 0.0039 0.4388
vn -0.9430 -0.1002 0.3172
vn -0.9299 0.1354 0.3420
vn -0.9312 -0.0230 0.3639
vn -0.0873 0.0929 -0.9918
vn 0.0145 -0.1373 -0.9904
vn -0.0492 0.0046 -0.9988
vn 0.9920 -0.1041 0.0707
vn 0.9904 0.1335 0.0366
vn 0.9990 -0.0041 0.0445
vn 0.9990 -0.0039 0.0447
vn 0.0333 0.0826 0.9960
vn -0.0151 -0.1879 0.9821
vn 0.0093 -0.0137 0.9999
vn 0.7843 0.1192 0.6089
vn 0.8042 -0.0314 0.5935
vn 0.7681 -0.1060 0.6315
vn 0.5702 -0.1624 0.8053
vn 0.5480 -0.0043 0.8365
vn 0.5896 0.0882 0.8029
vn -0.8672 -0.1213 0.4830
vn -0.8239 0.0108 0.5666
vn -0.8091 0.0842 0.5816
vn -0.8639 0.1227 0.4885
vn -0.8584 -0.0220 0.5124
vn -0.8808 -0.0952 0.4637
vn 0.5131 0.1327 0.8480
vn 0.5115 -0.0034 0.8593
vn 0.5113 -0.0032 0.8594
vn 0.5116 -0.0036 0.8592
vn 0.8348 -0.0195 0.5502
vn 0.4612 -0.0948 0.8822
vn 0.8496 0.0811 0.5212
vn 0.8148 -0.0190 0.5794
vn -0.5987 0.0833 -0.7966
vn -0.5108 -0.1325 -0.8494
vn -0.5809 0.0039 -0.8140
vn -0.6247 -0.1199 0.7716
vn -0.5981 0.1271 0.7913
vn -0.5812 -0.0321 0.8131
vn -0.7476 -0.1299 0.6514
vn -0.7474 -0.1275 0.6520
vn -0.7560 -0.1215 0.6432
vn -0.6858 0.0064 0.7278
vn -0.6672 0.0893 0.7395
vn -0.7130 -0.0195 0.7008
vn -0.7375 0.1276 0.6632
vn -0.7258 -0.0325 0.6871
vn -0.7554 -0.1176 0.6446
vn -0.2958 -0.1052 0.9494
vn -0.2699 0.1174 0.9557
vn -0.2518 -0.0304 0.9673
vn 0.2367 0.0887 0.9675
vn 0.1831 -0.0176 0.9829
vn 0.1495 -0.1435 0.9783
vn 0.2270 -0.0065 0.9739
vn -0.9887 -0.1032 0.1085
vn -0.9816 0.1235 0.1458
vn -0.9841 -0.0333 0.1745
vn 0.1081 0.0852 -0.9905
vn 0.1922 -0.1285 -0.9729
vn 0.1351 0.0147 -0.9907
vn 0.9801 0.1271 -0.1522
vn 0.9830 -0.0338 -0.1805
vn 0.9822 -0.1189 -0.1457
vn -0.9833 0.0834 -0.1617
vn -0.9667 -0.1330 -0.2187
vn -0.9867 -0.0015 -0.1626
vn 0.4489 -0.1264 -0.8846
vn 0.3630 -0.0108 -0.9317
vn 0.9370 0.1257 -0.3261
vn 0.9359 -0.0267 -0.3514
vn 0.2918 0.0793 -0.9532
vn 0.9360 -0.1136 -0.3332
vn 0.2697 -0.1025 0.9575
vn 0.2654 0.0791 0.9609
vn 0.9398 0.0902 0.3297
vn 0.9299 -0.0206 0.3673
vn 0.9255 -0.0043 0.3787
vn 0.9256 -0.0037 0.3784
vn -0.8906 0.0935 0.4451
vn -0.9242 -0.0118 0.3817
vn -0.9310 -0.1298 0.3411
vn -0.9022 -0.0240 0.4306
vn -0.9997 -0.0252 -0.0005
vn -0.9963 0.0799 0.0316
vn -0.9886 -0.0986 -0.1133
vn -0.9904 0.1152 -0.0767
vn -0.9983 -0.0309 -0.0493
vn -0.0940 -0.0098 -0.9955
vn 0.9355 -0.0086 -0.3531
vn 0.3319 0.0100 0.9432
vn 0.9460 0.0035 0.3241
vn -0.7878 0.0006 0.6160
vn -0.5121 -0.0057 -0.8589
vn -0.5195 0.0074 -0.8545
vn -0.2778 -0.0083 -0.9606
vn -0.9417 0.0197 -0.3359
vn -0.2483 0.0049 0.9687
vn 0.9956 -0.0015 -0.0940
vn 0.5145 0.0221 0.8572
vn 0.5130 -0.0051 0.8584
vn 0.5093 -0.0405 0.8596
vn 0.8512 0.0233 0.5244
vn 0.0263 0.0063 -0.9996
vn 0.0377 -0.0096 -0.9992
vn -0.9993 0.0226 0.0303
vn -0.9983 -0.0009 -0.0588
vn -0.9965 -0.0159 -0.0823
vn -0.4286 0.0079 0.9035
vn -0.6649 -0.0219 -0.7466
vn -0.6706 0.0033 -0.7418
vn -0.6089 -0.0146 0.7931
vn -0.5923 -0.0158 0.8055
vn 0.1272 -0.0159 0.9918
vn 0.1454 -0.0004 0.9894
vn -0.1315 -0.0103 0.9913
vn -0.8752 -0.0125 -0.4837
vn 0.8369 -0.0578 -0.5443
vn 0.8476 -0.0029 -0.5307
vn 0.8493 -0.0382 -0.5266
vn 0.9990 -0.0043 0.0443
vn 0.9980 -0.0399 0.0484
vn 0.9991 0.0055 0.0420
vn 0.0642 -0.0071 0.9979
vn -0.9655 -0.0234 0.2592
vn -0.1644 0.0033 -0.9864
vn -0.1476 0.0017 -0.9890
vn 0.9901 0.0198 0.1392
vn -0.9887 0.0174 0.1491
vn -0.9887 0.0175 0.1491
vn -0.9940 -0.0073 -0.1090
vn 0.0864 -0.0068 -0.9962
vn 0.9865 -0.0051 -0.1635
vn 0.5971 0.0016 0.8022
vn 0.8021 0.0029 0.5972
vn -0.7984 -0.0109 -0.6020
vn 0.5908 0.0058 -0.8068
vn 0.7996 -0.0385 -0.5993
vn 0.5896 -0.0057 -0.8077
vn 0.5930 -0.0197 -0.8050
vn -0.6479 -0.0058 0.7617
vn -0.7483 -0.0200 0.6631
vn -0.7324 -0.0087 0.6809
vn -0.9392 -0.0128 0.3431
vn -0.9399 -0.0087 0.3414
vn -0.7117 0.0193 -0.7022
vn -0.9683 -0.0079 -0.2498
vn -0.9668 -0.0117 -0.2553
vn 0.2323 -0.0082 -0.9726
vn 0.2193 0.0060 -0.9756
vn 0.9607 -0.0005 -0.2777
vn 0.4252 -0.0288 -0.9046
vn 0.8735 0.0009 -0.4869
vn 0.9080 -0.0061 0.4189
vn 0.9052 -0.0369 0.4233
vn 0.9067 -0.0316 0.4207
vn 0.4208 0.0116 0.9071
vn 0.6719 -0.0027 0.7407
vn 0.7395 0.0187 0.6729
vn 0.6679 -0.0117 0.7441
vn 0.7273 -0.0210 -0.6860
vn 0.7302 -0.0057 -0.6832
vn 0.7335 -0.0208 -0.6794
vn 0.6446 -0.0137 -0.7644
vn -0.6283 -0.0090 -0.7780
vn -0.2975 -0.0040 0.9547
vn -0.8695 -0.0116 0.4939
vn -0.8595 0.0127 0.5110
vn -0.4719 -0.0048 -0.8816
vn -0.9070 -0.0057 -0.4211
vn -0.8965 -0.0096 -0.4429
vn 0.9724 -0.0040 0.2333
vn 0.9695 -0.0103 0.2449
vn 0.2737 -0.0131 0.9617
vn -0.3513 -0.0291 -0.9358
vn -0.0410 -0.0357 0.9985
vn 0.0191 -0.0012 0.9998
vn -0.0605 -0.0139 0.9981
vn 0.9401 0.0161 -0.3404
vn 0.2892 -0.0108 -0.9572
vn 0.9545 -0.0162 0.2979
vn -0.6580 0.0114 -0.7529
vn -0.2388 0.0283 0.9707
vn -0.9588 -0.0244 -0.2829
vn -0.6003 0.0097 0.7997
vn -0.6006 0.0095 0.7995
vn -0.6012 0.0170 0.7989
vn -0.8992 0.0252 0.4368
vn 0.4893 0.0068 0.8721
vn -0.8814 -0.0273 -0.4715
vn 0.4524 -0.0124 -0.8917
vn 0.8471 0.0121 -0.5313
vn -0.5217 0.0017 -0.8531
vn 0.9992 0.0059 0.0398
vn 0.9951 -0.0090 -0.0989
vn -0.9992 0.0072 0.0398
vn -0.9954 -0.0091 0.0953
vn -0.9979 0.0010 -0.0652
vn 0.9944 0.0030 0.1059
vn 0.0829 -0.0247 -0.9963
vn 0.9877 0.0128 -0.1559
vn -0.9896 -0.0252 -0.1415
vn -0.9884 0.0133 0.1512
vn -0.9885 0.0057 0.1510
vn -0.9883 0.0170 0.1513
vn 0.8010 0.0017 0.5986
vn 0.8013 0.0015 0.5983
vn 0.7493 0.0060 -0.6622
vn -0.6481 -0.0156 0.7614
vn -0.9487 0.0047 0.3160
vn 0.7558 0.0071 0.6548
vn 0.7557 0.0065 0.6549
vn 0.6544 0.0182 0.7560
vn 0.6230 -0.0179 -0.7820
vn -0.6153 0.0128 -0.7882
vn -0.7795 -0.0201 -0.6261
vn 0.2781 -0.0148 0.9604
vn 0.9672 0.0180 0.2533
vn 0.2485 0.0086 -0.9686
vn 0.2526 0.0272 -0.9672
vn 0.2542 0.0200 -0.9669
vn 0.2501 0.0035 -0.9682
vn 0.2619 -0.0210 -0.9649
vn 0.9590 -0.0151 -0.2829
vn 0.9590 0.0085 -0.2832
vn -0.9656 0.0079 -0.2600
vn -0.3223 -0.0113 0.9466
vn 0.8835 0.0115 -0.4682
vn -0.4718 -0.0171 -0.8815
vn -0.4465 0.0100 -0.8947
vn -0.4461 0.0096 -0.8949
vn -0.4867 -0.0142 0.8735
vn -0.0584 0.0288 0.9979
vn -0.4608 0.0509 -0.8860
vn -0.4772 -0.0391 -0.8779
vn -0.4841 -0.0432 -0.8739
vn -0.7639 0.0348 0.6445
vn -0.9435 -0.0123 0.3311
vn -0.9532 0.0381 0.2999
vn -0.9607 0.0365 -0.2750
vn -0.9586 -0.0353 -0.2826
vn 0.2615 -0.0315 -0.9647
vn 0.9591 0.0495 -0.2787
vn 0.2824 0.0436 -0.9583
vn 0.2865 0.0463 -0.9570
vn 0.9551 -0.0304 -0.2946
vn 0.2810 -0.0570 -0.9580
vn 0.9525 0.0393 -0.3021
vn 0.9483 -0.0439 -0.3143
vn 0.9523 -0.0507 -0.3008
vn -0.9525 0.0507 -0.3004
vn -0.9543 -0.0868 -0.2860
vn -0.9529 -0.0547 0.2982
vn -0.9584 0.0474 0.2814
vn 0.4534 0.0514 0.8898
vn 0.4768 -0.0424 0.8780
vn 0.4734 -0.0401 0.8800
vn 0.8917 -0.0323 0.4515
vn 0.8871 0.0354 0.4603
vn -0.1078 0.0401 -0.9934
vn -0.1105 -0.0443 -0.9929
vn -0.4634 -0.0428 0.8851
vn -0.4700 -0.0394 0.8818
vn -0.4913 0.0551 0.8692
vn -0.9933 0.0359 0.1100
vn -0.9932 -0.0401 0.1090
vn -0.9934 -0.0419 0.1064
vn -0.9932 -0.0405 0.1090
vn -0.9908 0.0528 -0.1244
vn -0.9951 -0.0453 -0.0875
vn -0.9947 -0.0409 -0.0940
vn 0.0995 0.0462 -0.9940
vn 0.0953 -0.0333 -0.9949
vn 0.9934 0.0372 -0.1089
vn 0.9897 -0.0353 -0.1385
vn 0.9911 0.0157 -0.1324
vn 0.0765 0.0525 0.9957
vn 0.1065 -0.0436 0.9934
vn 0.1061 -0.0433 0.9934
vn -0.0805 0.0328 0.9962
vn -0.0723 -0.0349 0.9968
vn -0.0694 0.0053 0.9976
vn -0.7664 -0.0421 0.6409
vn -0.7850 0.0496 0.6175
vn 0.4835 0.0369 0.8745
vn 0.8734 0.0478 0.4847
vn 0.8845 -0.0532 0.4635
vn -0.4834 0.0393 -0.8745
vn 0.1129 0.0368 0.9929
vn -0.0896 -0.0495 0.9947
vn -0.1213 0.0521 0.9912
vn -0.1042 -0.0403 -0.9937
vn -0.0926 0.0472 -0.9946
vn 0.9952 0.0476 -0.0853
vn 0.9938 -0.0345 -0.1059
vn 0.0893 0.0412 -0.9952
vn 0.0753 -0.0463 -0.9961
vn 0.0745 -0.0478 -0.9961
vn -0.9962 0.0357 -0.0794
vn -0.9955 0.0492 0.0810
vn -0.9927 -0.0627 0.1030
vn -0.6493 0.0520 0.7588
vn -0.6278 -0.0342 0.7777
vn -0.6208 -0.0395 0.7830
vn -0.6224 0.0375 0.7818
vn -0.3007 0.0376 -0.9530
vn -0.3187 -0.0382 -0.9471
vn 0.9670 -0.0219 0.2539
vn 0.9606 0.0357 0.2757
vn 0.2982 -0.0462 0.9534
vn 0.2954 -0.0441 0.9544
vn 0.2690 0.0541 0.9616
vn -0.7657 0.0494 -0.6412
vn -0.7780 -0.0463 -0.6265
vn -0.7752 -0.0428 -0.6303
vn -0.7793 0.0402 -0.6254
vn -0.2820 -0.0438 0.9584
vn -0.2825 -0.0434 0.9583
vn -0.3143 0.0549 0.9477
vn -0.8731 0.0380 0.4861
vn 0.4763 0.0474 -0.8780
vn 0.8767 0.0378 -0.4796
vn 0.4649 -0.0360 -0.8846
vn 0.8521 -0.0352 -0.5221
vn 0.8560 0.0066 -0.5170
vn -0.2714 0.0352 0.9618
vn -0.8774 -0.0435 0.4778
vn -0.8898 0.0523 0.4533
vn 0.8851 0.0460 -0.4631
vn 0.8783 -0.0284 -0.4772
vn 0.4627 0.0412 -0.8855
vn -0.2984 -0.0460 -0.9533
vn -0.2775 0.0476 -0.9596
vn 0.3075 0.0367 0.9508
vn 0.9585 -0.0439 0.2816
vn 0.9510 0.0501 0.3053
vn 0.7666 0.0393 -0.6409
vn 0.7454 -0.0246 -0.6661
vn 0.6260 0.0438 -0.7786
vn 0.6286 -0.0382 -0.7768
vn 0.6230 -0.0426 -0.7811
vn 0.7778 -0.0407 0.6271
vn 0.7777 -0.0406 0.6273
vn 0.7587 0.0525 0.6494
vn 0.6568 -0.0234 0.7537
vn 0.6461 0.0349 0.7625
vn -0.6401 -0.0433 -0.7671
vn -0.6404 -0.0435 -0.7668
vn -0.6229 0.0496 -0.7807
vn 0.9923 0.0497 0.1131
vn 0.9954 -0.0350 0.0897
vn 0.9959 -0.0412 0.0808
vn 0.9956 0.0381 0.0855
vn -0.8768 0.0488 -0.4783
vn -0.8764 0.0506 -0.4790
vn -0.8853 -0.0498 -0.4624
vn -0.8822 -0.0455 -0.4687
vn -0.8869 0.0385 -0.4603
vn -0.6427 0.0389 -0.7651
vn 0.6397 -0.0520 0.7669
vn 0.6199 0.0511 0.7830
vn 0.7830 0.0368 0.6210
vn 0.7740 -0.0166 -0.6329
vn 0.7754 0.0458 -0.6298
vn 0.7758 0.0474 -0.6292
vn 0.6268 0.0413 -0.7781
vn -0.9973 0.0118 0.0727
vn -0.0343 -0.0273 -0.9990
vn -0.0470 -0.0037 -0.9989
vn -0.0826 0.0183 -0.9964
vn 0.3285 -0.0321 -0.9440
vn 0.9401 0.0153 -0.3406
vn 0.3604 0.0276 -0.9324
vn 0.9296 -0.0253 -0.3676
vn 0.9304 -0.0235 0.3657
vn 0.9456 0.0061 0.3253
vn 0.3852 -0.0233 0.9225
vn -0.9363 -0.0247 -0.3503
vn -0.2299 -0.0250 0.9729
vn -0.2278 0.0082 0.9737
vn -0.6015 0.0171 0.7987
vn -0.2183 -0.0264 -0.9755
vn -0.2286 -0.0036 -0.9735
vn -0.8176 -0.0204 0.5754
vn -0.3838 -0.0233 0.9231
vn -0.5669 -0.0206 -0.8235
vn -0.8535 -0.0282 -0.5203
vn 0.5054 -0.0022 -0.8629
vn 0.8466 -0.0219 0.5317
vn -0.9979 0.0006 -0.0652
vn -0.9994 -0.0198 0.0268
vn 0.9996 -0.0197 -0.0211
vn 0.9990 -0.0056 -0.0437
vn 0.9990 0.0133 0.0417
vn 0.0343 -0.0354 -0.9988
vn -0.1536 -0.0350 -0.9875
vn -0.9888 -0.0300 -0.1461
vn 0.1513 -0.0287 -0.9881
vn 0.9877 0.0137 -0.1555
vn -0.9883 0.0207 0.1514
vn -0.1764 -0.0188 0.9841
vn -0.9707 -0.0271 0.2388
vn -0.8265 -0.0290 -0.5622
vn 0.8123 -0.0255 -0.5826
vn 0.8033 -0.0074 -0.5955
vn 0.5677 -0.0203 0.8230
vn 0.5845 -0.0076 0.8114
vn 0.8153 -0.0252 0.5785
vn -0.6068 0.0118 -0.7947
vn -0.5661 0.0284 -0.8239
vn -0.7560 -0.0486 -0.6528
vn 0.6668 -0.0023 -0.7453
vn 0.7127 -0.0211 0.7011
vn -0.9724 -0.0356 -0.2307
vn 0.2073 -0.0297 -0.9778
vn 0.9824 -0.0209 0.1856
vn 0.2229 -0.0035 0.9748
vn -0.9236 -0.0236 0.3827
vn -0.9122 -0.0335 -0.4085
vn 0.9079 -0.0227 -0.4185
vn 0.0032 -0.0232 0.9997
vn -0.0565 0.0030 -0.9984
vn -0.0655 -0.0045 -0.9978
vn -0.0560 -0.0003 -0.9984
vn -0.8482 0.0008 -0.5297
vn -0.8472 0.0040 -0.5313
vn 0.5045 -0.0015 -0.8634
vn 0.5061 -0.0008 -0.8625
vn 0.5138 -0.0092 -0.8579
vn -0.8380 0.0053 -0.5456
vn -0.8381 0.0010 -0.5456
vn -0.8381 0.0008 -0.5456
vn -0.8462 0.0101 -0.5327
vn 0.5109 -0.0056 -0.8596
vn 0.5136 -0.0006 -0.8580
vn 0.5138 0.0033 -0.8579
vn 0.9426 -0.0018 0.3339
vn 0.9348 0.0090 0.3550
vn 0.3425 0.0105 -0.9395
vn -0.2420 -0.0021 -0.9703
vn -0.2437 -0.0016 -0.9698
vn -0.2439 0.0010 -0.9698
vn -0.2427 0.0007 -0.9701
vn -0.2435 0.0024 -0.9699
vn 0.9930 -0.0254 0.1153
vn 0.9883 0.0143 0.1516
vn 0.7612 -0.0046 0.6485
vn 0.6531 -0.0084 -0.7572
vn 0.6554 -0.0083 -0.7552
vn 0.6545 0.0034 -0.7560
vn 0.7383 0.0067 0.6745
vn 0.7372 0.0148 0.6755
vn 0.7330 -0.0037 0.6802
vn 0.6679 -0.0073 -0.7442
vn 0.6728 0.0016 -0.7398
vn 0.6714 0.0034 -0.7411
vn 0.0522 -0.0098 0.9986
vn 0.0532 -0.0031 0.9986
vn 0.0517 0.0034 0.9987
vn 0.0505 -0.0013 0.9987
vn 0.0522 0.0021 0.9986
vn -0.9019 -0.0173 0.4317
vn -0.9106 0.0108 0.4132
vn -0.9106 0.0177 0.4130
vn -0.9114 0.0114 0.4114
vn 0.1328 -0.0085 -0.9911
vn 0.1298 -0.0005 -0.9915
vn 0.1312 0.0045 -0.9913
vn -0.9878 -0.0020 -0.1560
vn -0.9885 -0.0018 -0.1513
vn -0.9880 -0.0009 -0.1547
vn 0.1549 0.0119 -0.9879
vn 0.1585 -0.0064 -0.9873
vn 0.1537 0.0049 -0.9881
vn -0.9865 0.0033 -0.1639
vn -0.9874 0.0002 -0.1581
vn -0.9865 0.0061 -0.1638
vn -0.9400 -0.0086 -0.3410
vn -0.9414 0.0028 -0.3374
vn -0.9397 -0.0039 -0.3421
vn -0.9214 -0.0050 -0.3885
vn -0.9252 0.0075 -0.3793
vn -0.9223 -0.0027 -0.3866
vn -0.7992 -0.0080 0.6011
vn -0.7951 0.0000 0.6064
vn -0.7952 0.0008 0.6063
vn -0.8041 0.0017 0.5945
vn -0.8037 -0.0041 0.5950
vn 0.8570 -0.0024 0.5154
vn 0.8571 -0.0029 0.5152
vn 0.8572 -0.0009 0.5150
vn 0.8569 -0.0041 0.5155
vn -0.6108 0.0023 -0.7918
vn -0.5919 0.0038 -0.8060
vn -0.5934 0.0012 -0.8049
vn -0.5934 0.0046 -0.8049
vn 0.7954 0.0013 -0.6060
vn 0.7961 -0.0017 -0.6051
vn 0.7968 -0.0052 -0.6042
vn 0.8238 -0.0134 -0.5668
vn 0.8277 -0.0146 -0.5609
vn 0.8298 -0.0007 -0.5581
vn -0.7390 -0.0036 -0.6737
vn -0.7390 -0.0040 -0.6737
vn -0.7390 0.0039 -0.6737
vn -0.7284 0.0084 -0.6851
vn -0.7267 -0.0054 -0.6869
vn -0.7287 0.0029 -0.6848
vn 0.2394 -0.0030 0.9709
vn 0.2383 0.0031 0.9712
vn 0.2369 -0.0004 0.9715
vn 0.2385 0.0022 0.9712
vn 0.9981 -0.0056 -0.0611
vn 0.9980 -0.0049 -0.0630
vn 0.9979 0.0004 -0.0641
vn 0.9978 -0.0117 -0.0646
vn 0.5892 -0.0007 0.8080
vn 0.5855 -0.0001 0.8106
vn 0.5889 -0.0117 0.8081
vn 0.5889 0.0048 0.8082
vn -0.6834 0.0023 0.7301
vn -0.6759 -0.0017 0.7370
vn -0.6754 -0.0022 0.7375
vn -0.6754 0.0015 0.7374
vn -0.6744 -0.0023 0.7384
vn -0.6751 0.0023 0.7377
vn -0.4189 0.0007 -0.9080
vn -0.4261 -0.0026 -0.9047
vn -0.4273 -0.0029 -0.9041
vn -0.4258 0.0048 -0.9048
vn -0.4281 0.0019 -0.9037
vn -0.4283 0.0051 -0.9036
vn -0.3329 -0.0072 0.9429
vn -0.3319 -0.0084 0.9433
vn -0.3359 0.0033 0.9419
vn -0.3373 -0.0025 0.9414
vn -0.3354 0.0020 0.9421
vn -0.1409 -0.0067 0.9900
vn -0.1424 -0.0025 0.9898
vn -0.1430 0.0027 0.9897
vn -0.1419 -0.0026 0.9899
vn -0.1421 0.0015 0.9898
vn -0.9991 -0.0075 0.0415
vn -0.9991 -0.0083 0.0411
vn -0.9991 -0.0096 0.0414
vn -0.9994 0.0041 0.0350
vn -0.9994 0.0014 0.0350
vn -0.9993 0.0031 0.0362
vn -0.9745 -0.0101 0.2243
vn -0.9736 -0.0084 0.2281
vn -0.9733 0.0010 0.2294
vn -0.9744 -0.0005 0.2250
vn -0.9747 0.0022 0.2236
vn -0.9752 0.0008 0.2213
vn 0.9114 -0.0008 -0.4116
vn 0.9119 -0.0046 -0.4105
vn 0.9103 0.0020 -0.4140
vn 0.4055 -0.0059 0.9141
vn 0.4122 0.0019 0.9111
vn 0.9231 0.0056 -0.3844
vn 0.9232 0.0020 -0.3842
vn 0.9202 -0.0041 -0.3914
vn 0.4016 0.0113 0.9157
vn 0.4051 -0.0058 0.9142
vn -0.5085 -0.0069 0.8610
vn -0.5083 -0.0084 0.8611
vn -0.5080 -0.0051 0.8614
vn -0.5124 -0.0021 0.8588
vn -0.5156 -0.0004 0.8568
vn -0.5143 0.0014 0.8576
vn 0.9709 -0.0002 -0.2393
vn 0.9697 0.0011 -0.2444
vn 0.9678 0.0066 -0.2515
vn -0.1785 0.0139 -0.9838
vn 0.7021 0.0034 0.7121
vn 0.7145 -0.0001 -0.6997
vn -0.1856 0.0029 -0.9826
vn -0.6906 -0.0044 -0.7232
vn 0.9798 0.0039 0.1999
vn -0.5252 0.0002 0.8510
vn 0.9108 -0.0043 -0.4129
vn 0.3361 -0.0156 0.9417
vn -0.5634 0.0015 0.8262
vn 1.0000 0.0033 0.0027
vn 0.5850 -0.0191 -0.8108
vn 0.3435 -0.0004 0.9391
vn -0.9723 -0.0080 0.2335
vn -0.8164 -0.0067 -0.5775
vn 0.5595 0.0006 -0.8288
vn -0.1991 0.0016 0.9800
vn -0.9889 -0.0028 0.1483
vn 0.9826 -0.0087 -0.1855
vn -0.3767 0.0020 -0.9264
vn -0.3622 0.0078 0.9321
vn -0.3895 0.0015 0.9210
vn 0.5424 0.0043 0.8401
vn 0.0181 0.0262 -0.9995
vn 0.0285 0.0145 -0.9995
vn 0.0165 0.0214 -0.9996
vn -0.9168 0.0113 -0.3993
vn -0.9173 0.0074 -0.3980
vn -0.9161 0.0116 -0.4008
vn 0.8258 0.0023 0.5640
vn 0.0077 -0.0001 -1.0000
vn -0.7192 0.0072 0.6948
vn -0.7199 0.0116 0.6940
vn -0.7224 0.0012 0.6915
vn -0.8441 0.0052 0.5362
vn -0.8425 0.0078 0.5386
vn -0.9220 -0.0032 -0.3872
vn -0.5317 -0.0009 -0.8469
vn -0.7157 0.0016 0.6984
vn -0.8357 0.0022 0.5492
vn 0.1651 -0.0003 0.9863
vn -0.0238 0.0014 0.9997
vn -0.9778 0.0068 -0.2093
vn -0.9775 0.0113 -0.2105
vn -0.9770 -0.0002 -0.2131
vn -0.9773 0.0013 -0.2119
vn 0.1980 0.0027 -0.9802
vn 0.3950 -0.0112 -0.9186
vn 0.9192 0.0036 0.3937
vn -0.9287 0.0028 0.3708
vn -0.9981 -0.0180 -0.0595
vn -0.9983 -0.0107 -0.0580
vn -0.9979 0.0009 -0.0654
vn -0.9992 -0.0022 -0.0399
vn 0.9400 -0.0137 -0.3409
vn 0.9392 -0.0028 -0.3433
vn 0.9404 -0.0093 -0.3400
vn 0.3342 0.0062 0.9425
vn 0.3348 0.0075 0.9423
vn -0.9927 -0.0026 -0.1204
vn -0.9924 0.0020 -0.1229
vn -0.9919 0.0017 -0.1269
vn -0.4194 0.0007 0.9078
vn -0.4190 0.0004 0.9080
vn 0.1620 -0.0082 0.9868
vn 0.1611 -0.0077 0.9869
vn -0.2322 -0.0062 0.9726
vn -0.2309 -0.0012 0.9730
vn -0.2285 0.0036 0.9735
vn -0.5911 -0.0053 0.8066
vn -0.5910 -0.0059 0.8066
vn -0.5922 -0.0067 0.8058
vn -0.7219 -0.0030 0.6920
vn -0.9379 -0.0066 0.3468
vn -0.9395 0.0068 0.3425
vn -0.9394 0.0072 0.3428
vn -0.1759 -0.0007 -0.9844
vn -0.1617 0.0047 -0.9868
vn -0.1750 -0.0038 -0.9846
vn -0.9771 -0.0043 -0.2125
vn 0.2124 0.0014 -0.9772
vn 0.2162 0.0085 -0.9763
vn 0.2186 0.0009 -0.9758
vn -0.1628 -0.0073 -0.9866
vn -0.1631 -0.0059 -0.9866
vn -0.9701 -0.0129 -0.2423
vn -0.9719 -0.0010 -0.2355
vn -0.9698 -0.0078 -0.2437
vn -0.9884 0.0082 0.1518
vn -0.9891 -0.0010 0.1470
vn -0.9881 -0.0092 0.1533
vn -0.9880 -0.0094 0.1539
vn -0.9885 -0.0061 0.1510
vn -0.8094 -0.0055 -0.5872
vn 0.9986 -0.0023 0.0521
vn 0.8085 -0.0040 0.5885
vn 0.8097 -0.0183 0.5865
vn 0.8105 -0.0131 0.5856
vn 0.3949 -0.0159 -0.9186
vn 0.3954 -0.0043 -0.9185
vn 0.3950 -0.0153 -0.9186
vn -0.8580 -0.0048 0.5137
vn -0.8578 -0.0132 0.5139
vn -0.8573 -0.0089 0.5147
vn -0.1267 -0.0036 -0.9919
vn 0.2722 0.0089 -0.9622
vn -0.8046 0.0004 0.5938
vn -0.7782 -0.0053 0.6279
vn -0.9505 0.0103 -0.3106
vn -0.9526 0.0140 -0.3038
vn -0.9535 0.0067 -0.3012
vn -0.9496 0.0038 -0.3134
vn -0.9494 0.0041 -0.3141
vn -0.9495 0.0038 -0.3136
vn 0.9988 -0.0021 -0.0491
vn 0.9915 -0.0030 -0.1297
vn -0.9996 0.0036 0.0274
vn -0.9998 0.0058 0.0203
vn -0.9994 -0.0024 0.0336
vn -0.9969 -0.0007 0.0786
vn 0.8526 -0.0017 0.5226
vn 0.8876 -0.0010 0.4607
vn -0.9639 -0.0003 0.2662
vn -0.9758 0.0026 0.2187
vn -0.9761 -0.0041 0.2173
vn -0.9748 -0.0020 0.2229
vn -0.1433 -0.0028 0.9897
vn -0.0963 -0.0040 0.9953
vn 0.9541 -0.0057 -0.2994
vn 0.9538 0.0014 -0.3003
vn 0.9543 -0.0004 -0.2988
vn 0.9538 0.0040 -0.3004
vn 0.9571 -0.0016 0.2898
vn 0.9584 -0.0029 0.2855
vn 0.9585 0.0080 0.2849
vn -0.2408 -0.0026 -0.9706
vn -0.2820 -0.0031 -0.9594
vn 0.4058 -0.0012 0.9140
vn 0.4051 -0.0043 0.9143
vn 0.4059 -0.0025 0.9139
vn 0.4751 0.0118 0.8798
vn 0.4537 -0.0127 0.8910
vn 0.4549 -0.0086 0.8905
vn -0.5171 -0.0002 0.8559
vn 0.0441 0.0018 0.9990
vn 0.0417 -0.0037 0.9991
vn 0.0494 -0.0061 0.9988
vn 0.0955 -0.0041 0.9954
vn 0.0959 0.0043 0.9954
vn 0.0956 0.0043 0.9954
vn 0.0749 0.0014 -0.9972
vn 0.1483 -0.0020 -0.9889
vn -0.9875 0.0006 -0.1576
vn -0.9934 0.0001 -0.1147
vn -0.6432 -0.0036 0.7657
vn -0.6758 -0.0004 0.7371
vn -0.8885 -0.0001 0.4589
vn -0.9039 -0.0084 0.4276
vn -0.4278 0.0006 -0.9039
vn -0.4680 -0.0013 -0.8837
vn -0.7351 0.0096 -0.6779
vn -0.7382 -0.0082 -0.6745
vn -0.7382 -0.0005 -0.6746
vn -0.7744 0.0033 -0.6327
vn -0.7783 -0.0001 -0.6279
vn 0.9129 0.0065 -0.4080
vn 0.9113 0.0107 -0.4116
vn 0.8847 -0.0062 -0.4661
vn 0.8895 0.0055 -0.4570
vn 0.8930 -0.0030 -0.4501
vn 0.8949 0.0109 -0.4462
vn 0.4779 -0.0020 -0.8784
vn 0.5140 0.0004 -0.8578
vn 0.4667 -0.0006 -0.8844
vn 0.4676 0.0038 -0.8839
vn 0.4712 -0.0069 -0.8820
vn 0.5863 -0.0017 0.8101
vn 0.6439 0.0001 0.7651
vn 0.6420 0.0018 0.7667
vn 0.6445 0.0027 0.7646
vn 0.7959 0.0093 -0.6053
vn 0.7899 0.0189 -0.6129
vn 0.7962 0.0127 -0.6048
vn 0.7829 -0.0182 -0.6219
vn 0.7829 -0.0183 -0.6219
vn 0.7811 -0.0079 -0.6243
vn 0.9898 -0.0065 0.1423
vn 0.9945 -0.0016 0.1049
vn 0.9927 0.0042 0.1202
vn 0.9930 -0.0047 0.1182
vn -0.3385 -0.0032 0.9410
vn -0.2957 -0.0051 0.9553
vn -0.3044 0.0120 0.9525
vn -0.8720 0.0077 -0.4894
vn -0.8743 0.0080 -0.4854
vn -0.8769 0.0003 -0.4807
vn 0.2287 0.0034 0.9735
vn 0.2199 -0.0006 0.9755
vn 0.2345 -0.0052 0.9721
vn 0.2779 -0.0025 0.9606
vn 0.2800 0.0037 0.9600
vn 0.7432 -0.0097 0.6690
vn 0.7665 -0.0030 0.6423
vn 0.6414 -0.0026 -0.7672
vn 0.6740 0.0014 -0.7387
vn -0.5904 -0.0025 -0.8071
vn -0.5898 -0.0045 -0.8075
vn -0.5928 -0.0001 -0.8054
vn -0.6297 -0.0002 -0.7768
vn -0.6221 0.0054 -0.7829
vn -0.6222 0.0051 -0.7828
vn -0.9378 -0.0040 -0.3473
vn -0.9851 -0.0082 -0.1716
vn -0.9854 -0.0024 -0.1702
vn -0.9842 0.0059 -0.1769
vn -0.6906 -0.0106 0.7231
vn -0.6896 -0.0045 0.7242
vn -0.6943 0.0048 0.7196
vn 0.9819 -0.0043 0.1893
vn -0.0102 -0.0025 -0.9999
vn -0.8118 -0.0036 0.5839
vn -0.2146 -0.0088 -0.9767
vn -0.2109 0.0044 -0.9775
vn -0.0384 0.0184 -0.9991
vn 0.1649 0.0183 -0.9861
vn 0.3476 0.0149 -0.9375
vn 0.3204 0.0040 -0.9473
vn 0.3209 0.0052 -0.9471
vn 0.9995 0.0146 -0.0272
vn 0.9721 0.0147 -0.2343
vn 0.9908 -0.0039 0.1356
vn 0.9852 0.0154 0.1706
vn 0.9318 0.0150 0.3626
vn 0.9066 0.0154 -0.4218
vn -0.4031 0.0139 -0.9150
vn 0.5318 0.0145 -0.8467
vn -0.8136 0.0222 0.5810
vn -0.9884 -0.0157 -0.1512
vn -0.5353 0.0154 0.8445
vn 0.0237 0.0171 0.9996
vn -0.7284 0.0152 -0.6849
vn 0.8438 0.0154 0.5364
vn 0.3937 0.0126 0.9192
vn 0.6524 -0.0088 -0.7578
vn 0.6892 0.0142 -0.7244
vn 0.8128 0.0139 -0.5824
vn -0.9353 0.0056 -0.3539
vn -0.9330 -0.0094 -0.3597
vn -0.9357 -0.0004 -0.3527
vn -0.9369 0.0206 -0.3490
vn 0.2268 0.0118 0.9739
vn -0.1673 0.0162 0.9858
vn -0.8485 0.0159 -0.5290
vn -0.3583 0.0165 0.9335
vn -0.9152 0.0161 0.4026
vn -0.5884 -0.0096 -0.8085
vn -0.5878 -0.0167 -0.8088
vn -0.5921 -0.0064 -0.8059
vn -0.5744 0.0158 -0.8184
vn 0.5888 -0.0119 0.8082
vn 0.5679 0.0143 0.8230
vn 0.7228 0.0154 0.6909
vn -0.0643 -0.0141 -0.9978
vn -0.1013 -0.0101 -0.9948
vn 0.1300 -0.0103 -0.9915
vn 0.1063 -0.0013 -0.9943
vn -0.2565 -0.0091 -0.9665
vn -0.2870 -0.0105 -0.9579
vn 0.3117 -0.0067 -0.9502
vn 0.9975 -0.0123 -0.0692
vn 0.9947 -0.0099 -0.1026
vn 0.9609 -0.0007 -0.2768
vn 0.9595 -0.0118 -0.2814
vn 0.9928 0.0039 0.1201
vn 0.9932 -0.0065 0.1161
vn 0.9505 -0.0074 0.3106
vn 0.9506 -0.0078 0.3103
vn 0.9505 -0.0076 0.3107
vn 0.9502 0.0019 0.3117
vn 0.8878 0.0006 -0.4603
vn 0.8857 -0.0096 -0.4642
vn 0.4888 -0.0119 -0.8723
vn 0.4566 -0.0102 -0.8896
vn -0.6521 -0.0006 0.7581
vn -0.6515 -0.0030 0.7587
vn -0.9920 -0.0023 -0.1261
vn -0.9920 -0.0026 -0.1261
vn -0.9916 0.0080 -0.1289
vn -0.9916 0.0081 -0.1290
vn -0.4423 -0.0118 -0.8968
vn -0.4669 -0.0060 -0.8843
vn -0.4877 -0.0097 0.8729
vn -0.4882 -0.0102 0.8727
vn 0.8732 -0.0069 0.4873
vn 0.8732 -0.0074 0.4873
vn 0.0750 0.0022 0.9972
vn 0.0787 -0.0093 0.9969
vn 0.0798 -0.0050 0.9968
vn 0.0763 0.0058 0.9971
vn -0.9485 -0.0039 -0.3169
vn -0.9485 -0.0044 -0.3169
vn -0.1156 -0.0099 0.9932
vn -0.1156 -0.0105 0.9932
vn 0.4480 -0.0057 0.8940
vn 0.4484 -0.0061 0.8938
vn -0.7563 -0.0121 -0.6541
vn -0.7745 -0.0043 -0.6325
vn 0.7895 -0.0115 -0.6136
vn 0.7720 -0.0058 -0.6356
vn -0.3121 0.0021 0.9500
vn -0.3086 -0.0098 0.9511
vn -0.3075 -0.0052 0.9515
vn -0.3110 0.0057 0.9504
vn 0.6530 -0.0109 -0.7573
vn 0.6309 -0.0049 -0.7759
vn -0.8706 -0.0038 -0.4919
vn -0.8703 -0.0043 -0.4925
vn -0.6223 -0.0074 -0.7827
vn -0.6225 -0.0078 -0.7826
vn -0.8901 -0.0080 0.4556
vn -0.8901 -0.0083 0.4558
vn 0.6049 -0.0115 0.7962
vn 0.6264 -0.0057 0.7795
vn 0.7583 0.0019 0.6519
vn 0.7610 -0.0083 0.6487
vn -0.1376 0.0028 -0.9905
vn -0.1421 -0.0016 -0.9899
vn -0.1390 0.0014 -0.9903
vn -0.1505 0.0064 -0.9886
vn 0.0265 -0.0088 -0.9996
vn 0.0289 0.0118 -0.9995
vn -0.3351 0.0040 -0.9422
vn -0.3574 0.0188 -0.9338
vn 0.2254 0.0030 -0.9743
vn 0.9838 0.0098 -0.1788
vn 0.9833 0.0181 -0.1809
vn 0.9847 0.0024 -0.1744
vn 0.9907 0.0077 -0.1356
vn 0.9268 -0.0013 -0.3755
vn 0.9262 0.0168 -0.3767
vn 0.9284 0.0025 -0.3716
vn 0.9484 0.0046 -0.3170
vn 0.9998 0.0002 0.0216
vn 0.9996 0.0178 0.0219
vn 0.9996 0.0023 0.0282
vn 0.9700 -0.0043 0.2432
vn 0.9761 0.0188 0.2167
vn 0.4356 0.0066 -0.9001
vn 0.3941 0.0194 -0.9189
vn 0.8598 0.0007 -0.5106
vn 0.8392 0.0004 -0.5439
vn 0.8391 0.0170 -0.5436
vn 0.8423 0.0021 -0.5391
vn -0.9994 0.0104 -0.0322
vn -0.9927 -0.0075 -0.1203
vn -0.5751 0.0179 0.8179
vn -0.6196 0.0106 0.7849
vn -0.7472 0.0055 0.6646
vn -0.7460 0.0028 0.6659
vn -0.7400 -0.0028 0.6726
vn -0.7437 -0.0023 0.6685
vn -0.7490 -0.0009 0.6626
vn 0.9144 0.0185 0.4044
vn 0.9038 -0.0093 0.4278
vn -0.9853 0.0231 0.1694
vn -0.9913 0.0050 0.1319
vn -0.5357 0.0188 -0.8442
vn -0.5153 0.0044 -0.8570
vn -0.9716 0.0084 -0.2363
vn -0.9660 0.0089 -0.2583
vn 0.1762 0.0181 0.9842
vn 0.1516 0.0056 0.9884
vn -0.4021 0.0179 0.9154
vn -0.0208 0.0181 0.9996
vn -0.0379 0.0090 0.9992
vn 0.3161 0.0007 0.9487
vn 0.3538 0.0190 0.9351
vn -0.9329 0.0212 0.3594
vn -0.9399 -0.0044 0.3415
vn -0.8214 0.0187 -0.5701
vn 0.5092 -0.0015 0.8607
vn 0.5279 0.0188 0.8491
vn -0.6931 0.0188 -0.7206
vn -0.6667 0.0018 -0.7454
vn -0.2144 0.0180 0.9766
vn -0.2465 0.0084 0.9691
vn 0.5715 0.0185 -0.8204
vn 0.5997 0.0003 -0.8002
vn 0.7301 -0.0125 -0.6832
vn 0.7216 0.0181 -0.6921
vn -0.9151 0.0074 -0.4031
vn -0.9003 -0.0008 -0.4353
vn -0.8659 0.0016 0.5002
vn 0.7969 0.0008 0.6042
vn 0.8188 0.0182 0.5738
vn 0.6736 -0.0072 0.7390
vn 0.6883 0.0185 0.7252
vn -0.9844 -0.0057 0.1761
vn -0.9096 0.0005 -0.4154
vn -0.9171 0.0019 -0.3985
vn 0.9707 -0.0050 -0.2402
vn 0.9837 0.0005 -0.1800
vn -0.9706 -0.0041 -0.2407
vn 0.2151 0.0150 -0.9765
vn 0.2206 0.0039 -0.9754
vn 0.1988 0.0070 -0.9800
vn -0.4057 -0.0047 0.9140
vn -0.4069 0.0080 0.9134
vn -0.4054 -0.0040 0.9141
vn -0.5434 -0.0113 -0.8394
vn -0.5332 -0.0069 -0.8459
vn -0.5284 0.0060 -0.8490
vn -0.5336 -0.0061 -0.8457
vn -0.7443 -0.0033 0.6678
vn -0.7437 -0.0011 0.6685
vn -0.7152 -0.0071 0.6989
vn 0.9753 -0.0052 0.2207
vn 0.9745 0.0012 0.2242
vn 0.9752 -0.0055 0.2213
vn 0.1712 -0.0021 0.9852
vn 0.1630 0.0026 0.9866
vn 0.1705 -0.0023 0.9854
vn -0.5630 -0.0055 0.8265
vn -0.5791 -0.0047 0.8152
vn -0.5794 0.0073 0.8150
vn -0.5799 -0.0052 0.8147
vn -0.2189 -0.0046 0.9757
vn -0.2190 0.0084 0.9757
vn -0.2186 -0.0040 0.9758
vn -0.3745 -0.0049 -0.9272
vn -0.3528 -0.0051 -0.9357
vn -0.3533 0.0069 -0.9355
vn -0.3529 -0.0047 -0.9356
vn -0.6903 0.0076 -0.7235
vn -0.6904 -0.0040 -0.7234
vn -0.6871 -0.0026 -0.7266
vn -0.6901 -0.0040 -0.7237
vn -0.9993 0.0009 -0.0372
vn -0.0244 -0.0045 0.9997
vn -0.0315 0.0070 0.9995
vn -0.0246 -0.0043 0.9997
vn -0.0093 0.0042 0.9999
vn 0.0202 -0.0013 -0.9998
vn 0.0192 0.0008 -0.9998
vn 0.0201 -0.0009 -0.9998
vn 0.9996 0.0013 0.0282
vn 0.8423 0.0034 -0.5389
vn 0.5746 -0.0064 -0.8184
vn 0.5781 0.0008 -0.8160
vn 0.5754 -0.0067 -0.8179
vn -0.8194 -0.0041 -0.5732
vn -0.8179 0.0027 -0.5754
vn -0.8194 -0.0039 -0.5733
vn 0.9128 -0.0052 0.4083
vn 0.9110 0.0011 0.4124
vn 0.9125 -0.0055 0.4091
vn 0.3982 -0.0056 -0.9173
vn 0.4013 0.0016 -0.9159
vn 0.3977 -0.0048 -0.9175
vn 0.3893 0.0023 -0.9211
vn -0.8444 0.0011 0.5357
vn 0.9261 0.0048 -0.3773
vn 0.5241 -0.0056 0.8517
vn 0.5210 0.0010 0.8535
vn 0.5239 -0.0053 0.8518
vn 0.8167 -0.0052 0.5771
vn 0.8144 0.0012 0.5804
vn 0.8160 -0.0059 0.5780
vn -0.1822 0.0038 -0.9833
vn -0.1417 -0.0008 -0.9899
vn -0.1416 -0.0011 -0.9899
vn 0.6854 -0.0060 0.7281
vn 0.6859 0.0059 0.7277
vn 0.6856 -0.0055 0.7279
vn 0.6956 -0.0004 -0.7184
vn 0.6956 -0.0046 -0.7185
vn 0.6962 -0.0003 -0.7178
vn 0.7241 -0.0062 -0.6896
vn 0.7275 0.0008 -0.6861
vn 0.7243 -0.0061 -0.6894
vn 0.1568 -0.0140 -0.9875
vn -0.4175 0.0055 -0.9087
vn 0.9990 0.0205 -0.0396
vn 0.3439 -0.0191 -0.9388
vn 0.9709 0.0202 -0.2386
vn 0.9739 0.0101 -0.2269
vn 0.9707 0.0151 -0.2399
vn 0.9138 -0.0004 -0.4063
vn 0.9335 -0.0270 0.3576
vn 0.9339 0.0209 0.3568
vn 0.8327 -0.0107 -0.5536
vn 0.8298 -0.0026 -0.5581
vn 0.8137 0.0176 -0.5810
vn -0.8266 0.0167 0.5626
vn -0.5390 0.0192 0.8421
vn 0.6714 -0.0009 -0.7411
vn 0.6665 -0.0146 -0.7453
vn 0.6792 0.0075 -0.7339
vn -0.6848 0.0072 0.7287
vn -0.7274 -0.0106 -0.6861
vn -0.9835 0.0039 -0.1808
vn -0.9836 0.0045 -0.1805
vn -0.9146 0.0052 0.4044
vn 0.2396 0.0051 0.9709
vn 0.8380 0.0176 0.5453
vn 0.5522 0.0039 0.8337
vn -0.9776 0.0189 0.2097
vn -0.5738 0.0034 -0.8190
vn -0.9298 -0.0137 -0.3679
vn 0.7320 0.0123 0.6812
vn -0.9052 -0.0100 0.4249
vn -0.9032 -0.0011 0.4293
vn 0.8632 0.0146 0.5047
vn 0.7437 -0.0059 0.6685
vn 0.7456 -0.0014 0.6664
vn 0.4305 0.0077 0.9026
vn 0.4294 0.0155 0.9030
vn 0.4253 -0.0029 0.9050
vn 0.9006 -0.0009 -0.4346
vn 0.9006 -0.0007 -0.4346
vn 0.6061 0.0143 0.7953
vn -0.0729 0.0101 -0.9973
vn 0.9972 0.0141 -0.0741
vn -0.8381 -0.0036 -0.5455
vn 0.9451 0.0057 0.3267
vn 0.9447 0.0134 0.3277
vn 0.9435 -0.0045 0.3312
vn 0.3193 0.0064 -0.9476
vn 0.3206 0.0124 -0.9471
vn 0.3246 -0.0021 -0.9458
vn 0.9894 -0.0071 0.1451
vn 0.9901 0.0001 0.1402
vn 0.1258 0.0070 -0.9920
vn 0.1270 0.0147 -0.9918
vn 0.1317 -0.0029 -0.9913
vn 0.9667 0.0036 -0.2558
vn 0.9668 0.0042 -0.2555
vn -0.9272 0.0143 -0.3743
vn 0.6861 -0.0142 0.7273
vn 0.6834 -0.0014 0.7301
vn 0.6824 0.0020 0.7310
vn 0.5240 -0.0160 0.8516
vn 0.5210 -0.0024 0.8535
vn 0.5192 0.0004 0.8547
vn 0.7595 0.0025 -0.6505
vn 0.7253 -0.0143 -0.6883
vn 0.7263 -0.0062 -0.6873
vn 0.7298 0.0001 -0.6837
vn -0.1605 -0.0135 -0.9869
vn 0.8159 -0.0130 0.5781
vn 0.8146 -0.0057 0.5799
vn 0.8129 0.0010 0.5824
vn -0.8449 -0.0129 0.5348
vn -0.8451 -0.0046 0.5346
vn -0.8479 0.0008 0.5302
vn 0.9119 -0.0143 0.4101
vn 0.9115 -0.0064 0.4112
vn 0.9098 0.0001 0.4151
vn 0.3947 -0.0176 -0.9186
vn 0.3880 -0.0095 -0.9216
vn -0.9375 -0.0175 0.3474
vn -0.9399 0.0015 0.3414
vn 0.5751 -0.0157 -0.8179
vn 0.5760 -0.0066 -0.8174
vn 0.5802 0.0005 -0.8145
vn 0.8392 -0.0124 -0.5437
vn 0.8386 0.0051 -0.5447
vn 0.8421 0.0041 -0.5393
vn -0.8070 -0.0039 -0.5905
vn -0.6660 0.0015 -0.7460
vn 0.3209 0.0013 0.9471
vn -0.3578 -0.0139 -0.9337
vn 0.9996 -0.0142 0.0232
vn 0.9996 -0.0019 0.0270
vn 0.9996 0.0015 0.0282
vn 0.9249 -0.0109 -0.3802
vn 0.9290 -0.0014 -0.3700
vn 0.9263 0.0051 -0.3766
vn 0.0156 -0.0165 -0.9997
vn 0.0174 -0.0072 -0.9998
vn 0.0232 0.0008 -0.9997
vn -0.0474 0.0025 0.9989
vn -0.9976 0.0015 -0.0691
vn 0.1415 0.0019 0.9899
vn -0.7338 -0.0139 0.6793
vn -0.7302 0.0042 0.6832
vn -0.7348 -0.0062 0.6782
vn 0.9752 -0.0144 0.2210
vn 0.9745 -0.0018 0.2243
vn 0.9741 0.0008 0.2262
vn 0.9826 -0.0160 -0.1853
vn 0.9808 -0.0056 -0.1951
vn -0.5084 0.0018 -0.8611
vn -0.2165 -0.0123 0.9762
vn -0.2158 0.0051 0.9764
vn -0.2214 0.0042 0.9752
vn -0.8941 0.0013 -0.4479
vn -0.9178 -0.0054 -0.3971
vn -0.9204 0.0038 -0.3910
vn -0.5770 -0.0121 0.8167
vn -0.5768 0.0046 0.8169
vn -0.5811 0.0032 0.8138
vn 0.2125 -0.0126 -0.9771
vn 0.2176 0.0005 -0.9760
vn 0.2597 0.0085 -0.9657
vn -0.9925 0.0009 0.1221
vn -0.4052 -0.0123 0.9141
vn -0.4044 0.0039 0.9146
vn -0.4101 0.0032 0.9120
vn -0.9724 -0.0154 -0.2328
vn -0.9736 0.0050 -0.2284
vn -0.9722 -0.0072 -0.2341
vn -0.9621 0.0034 -0.2727
vn 0.9197 -0.0106 -0.3924
vn 0.9878 -0.0113 0.1556
vn -0.9107 -0.0035 0.4130
vn 0.2207 -0.0071 0.9753
vn 0.7342 -0.0104 0.6788
vn 0.6884 0.0054 0.7254
vn 0.7219 0.0164 -0.6918
vn 0.7222 0.0157 -0.6915
vn 0.8306 -0.0003 0.5568
vn 0.8311 -0.0031 0.5561
vn 0.8303 0.0024 0.5573
vn -0.8163 -0.0008 -0.5776
vn 0.3560 -0.0063 0.9344
vn -0.9372 0.0093 0.3487
vn -0.9373 0.0084 0.3484
vn -0.9374 0.0090 0.3482
vn 0.5359 -0.0067 0.8442
vn 0.5368 -0.0035 0.8437
vn 0.5260 0.0020 0.8505
vn 0.3916 0.0058 -0.9201
vn 0.9183 0.0033 0.3959
vn 0.9157 -0.0070 0.4017
vn 0.9749 0.0075 0.2227
vn 0.9999 -0.0017 -0.0117
vn 0.9999 -0.0035 -0.0121
vn 0.9999 -0.0018 -0.0117
vn -0.9736 0.0184 -0.2275
vn -0.9725 0.0087 -0.2326
vn -0.9730 0.0138 -0.2304
vn 0.9781 0.0103 -0.2079
vn 0.7333 0.0055 0.6799
vn -0.7425 0.0090 -0.6698
vn -0.7414 -0.0070 -0.6710
vn -0.7340 -0.0007 -0.6792
vn 0.6796 0.0040 -0.7336
vn 0.5810 0.0052 0.8139
vn 0.8051 0.0035 -0.5931
vn 0.8046 -0.0013 -0.5938
vn 0.8046 -0.0014 -0.5938
vn 0.5198 0.0041 -0.8543
vn 0.3333 0.0032 -0.9428
vn 0.3329 -0.0068 -0.9429
vn 0.3330 -0.0020 -0.9429
vn 0.9369 0.0042 0.3497
vn -0.3463 0.0058 0.9381
vn -0.8567 0.0074 -0.5157
vn -0.8564 -0.0055 -0.5163
vn -0.8551 0.0011 -0.5184
vn 0.9009 0.0050 -0.4340
vn 0.9000 -0.0045 -0.4359
vn 0.9005 0.0001 -0.4349
vn -0.4192 0.0072 -0.9079
vn 0.9665 0.0083 -0.2567
vn 0.9663 -0.0044 -0.2573
vn 0.9666 0.0017 -0.2565
vn -0.5243 0.0056 0.8515
vn 0.2715 0.0095 0.9624
vn -0.0505 -0.0007 -0.9987
vn -0.0507 -0.0041 -0.9987
vn -0.9413 0.0031 -0.3376
vn -0.9413 -0.0039 -0.3377
vn -0.1531 0.0071 0.9882
vn 0.9879 0.0055 0.1549
vn 0.1522 0.0043 -0.9883
vn 0.9991 0.0055 -0.0430
vn -0.9629 0.0114 0.2697
vn -0.9972 0.0097 0.0741
vn 0.7156 -0.0049 0.6985
vn 0.7153 0.0071 0.6987
vn 0.7156 0.0014 0.6985
vn 0.6949 -0.0089 -0.7191
vn 0.8301 0.0026 0.5576
vn -0.1823 0.0045 -0.9832
vn 0.8325 -0.0115 -0.5539
vn 0.5268 0.0059 0.8499
vn -0.2146 -0.0134 0.9766
vn 0.9255 -0.0049 0.3786
vn -0.6897 0.0075 -0.7240
vn -0.5626 -0.0069 0.8267
vn 0.9827 -0.0038 0.1850
vn 0.2193 -0.0057 -0.9756
vn -0.0098 0.0045 0.9999
vn 0.9999 0.0000 -0.0113
vn -0.5305 0.0066 -0.8476
vn -0.3629 0.0067 -0.9318
vn -0.7245 0.0095 0.6892
vn 0.9739 0.0076 -0.2270
vn -0.9843 -0.0066 0.1763
vn 0.9706 -0.0079 -0.2404
vn 0.9820 0.0082 0.1888
vn 0.7155 0.0076 0.6986
vn -0.9864 -0.0055 0.1643
vn 0.3519 -0.0116 0.9360
vn -0.9340 -0.0086 0.3573
vn 0.1481 -0.0026 -0.9890
vn 0.9701 -0.0088 -0.2424
vn -0.0380 -0.0060 -0.9993
vn 0.9988 -0.0036 -0.0497
vn -0.7416 -0.0016 -0.6708
vn 0.9383 -0.0026 0.3459
vn 0.3462 -0.0034 -0.9382
vn 0.4064 -0.0043 0.9137
vn 0.8526 -0.0019 0.5225
vn 0.5868 -0.0035 0.8097
vn 0.7693 -0.0094 -0.6388
vn -0.1032 -0.0032 -0.9947
vn 0.8751 -0.0065 -0.4838
vn 0.2772 -0.0068 -0.9608
vn -0.8874 -0.0072 -0.4610
vn -0.9580 -0.0070 -0.2868
vn -0.7390 -0.0119 -0.6736
vn 0.6350 -0.0050 -0.7725
vn 0.6379 0.0086 -0.7701
vn 0.6369 -0.0072 -0.7709
vn 0.6106 -0.0087 0.7919
vn 0.6123 -0.0042 0.7906
vn 0.6074 -0.0044 0.7944
vn 0.2782 -0.0026 -0.9605
vn 0.2800 -0.0082 -0.9600
vn 0.9559 -0.0081 0.2936
vn 0.5210 -0.0150 -0.8534
vn -0.2750 0.0021 -0.9614
vn -0.2737 -0.0017 -0.9618
vn -0.7906 0.0016 0.6123
vn -0.7924 -0.0072 0.6099
vn 0.4089 -0.0204 0.9123
vn -0.0958 0.0015 -0.9954
vn -0.0941 -0.0040 -0.9956
vn -0.4530 -0.0012 -0.8915
vn -0.4535 -0.0013 -0.8912
vn -0.8807 -0.0055 -0.4736
vn -0.8786 0.0012 -0.4776
vn -0.8791 -0.0081 -0.4765
vn 0.9961 -0.0020 -0.0880
vn 0.9962 0.0024 -0.0867
vn 0.9966 -0.0085 -0.0819
vn 0.9615 0.0020 -0.2748
vn 0.9631 -0.0078 -0.2692
vn 0.2247 -0.0114 0.9744
vn -0.9998 -0.0124 0.0156
vn 0.1325 -0.0137 -0.9911
vn -0.1016 -0.0014 0.9948
vn -0.9335 -0.0158 -0.3583
vn -0.9920 0.0033 -0.1259
vn -0.6514 -0.0034 0.7587
vn -0.8218 -0.0094 0.5698
vn -0.9247 0.0045 -0.3806
vn 0.1806 0.0183 -0.9834
vn -0.9824 -0.0016 -0.1869
vn 0.3328 -0.0072 -0.9430
vn 0.9666 -0.0048 -0.2562
vn 0.9000 -0.0049 -0.4359
vn 0.8041 -0.0062 -0.5944
vn -0.9369 -0.0162 -0.3493
vn -0.8504 -0.0016 -0.5262
vn -0.8499 -0.0135 -0.5268
vn -0.8529 -0.0025 -0.5220
vn -0.3190 -0.0096 -0.9477
vn -0.3182 -0.0031 -0.9480
vn -0.3181 0.0037 -0.9480
vn -0.2988 0.0082 -0.9543
vn -0.3043 -0.0100 -0.9525
vn -0.3064 -0.0043 -0.9519
vn 0.9855 0.0086 -0.1694
vn 0.9985 0.0061 0.0537
vn 0.9703 0.0047 0.2419
vn 0.2769 -0.0053 -0.9609
vn 0.9687 -0.0141 -0.2476
vn -0.6177 0.0006 0.7864
vn -0.6137 -0.0076 0.7895
vn -0.6166 0.0047 0.7873
vn -0.9956 -0.0026 -0.0937
vn -0.9954 -0.0071 -0.0959
vn -0.7467 -0.0051 0.6652
vn -0.7468 -0.0014 0.6651
vn -0.7470 0.0027 0.6649
vn -0.9630 -0.0089 -0.2693
vn -0.9631 -0.0090 -0.2691
vn -0.9634 0.0033 -0.2679
vn 0.9102 0.0077 0.4140
vn -0.4421 -0.0087 0.8969
vn -0.4402 0.0000 0.8979
vn -0.4415 0.0051 0.8972
vn -0.4924 -0.0106 -0.8703
vn -0.4954 -0.0031 -0.8687
vn -0.4882 0.0089 -0.8727
vn 0.3077 -0.0085 0.9514
vn 0.3072 -0.0038 0.9516
vn 0.3072 0.0013 0.9516
vn -0.9937 -0.0008 0.1119
vn -0.9932 -0.0098 0.1163
vn -0.9935 0.0036 0.1137
vn 0.9962 0.0090 0.0870
vn 0.9962 -0.0078 0.0863
vn 0.9964 0.0084 0.0847
vn 0.1295 -0.0088 0.9915
vn 0.1289 -0.0024 0.9917
vn 0.1289 0.0043 0.9916
vn -0.0606 -0.0074 0.9981
vn -0.0588 -0.0001 0.9983
vn -0.0614 0.0054 0.9981
vn 0.6182 -0.0093 -0.7860
vn 0.6117 -0.0017 -0.7911
vn 0.7355 -0.0010 -0.6775
vn -0.2585 -0.0067 0.9660
vn -0.2587 -0.0032 0.9659
vn -0.2586 0.0049 0.9660
vn -0.6488 -0.0098 -0.7609
vn -0.6496 -0.0008 -0.7603
vn -0.6466 0.0080 -0.7628
vn -0.8667 -0.0087 0.4988
vn -0.8698 0.0074 0.4933
vn -0.8708 0.0012 0.4917
vn 0.8928 -0.0032 -0.4505
vn -0.4867 -0.0025 -0.8736
vn 0.4574 -0.0068 -0.8892
vn 0.4560 -0.0052 -0.8900
vn 0.4577 -0.0071 -0.8891
vn -0.6305 0.0080 0.7761
vn -0.6262 -0.0079 0.7796
vn -0.6247 -0.0029 0.7809
vn -0.9953 -0.0072 -0.0963
vn -0.7629 -0.0184 0.6463
vn -0.4626 0.0064 0.8865
vn -0.4584 -0.0114 0.8887
vn -0.4564 -0.0059 0.8897
vn 0.7966 0.0053 0.6045
vn -0.9959 -0.0056 0.0898
vn -0.9953 0.0033 0.0964
vn -0.9949 -0.0094 0.1002
vn -0.9506 -0.0167 -0.3098
vn 0.1098 0.0069 0.9939
vn 0.1153 -0.0090 0.9933
vn 0.1171 -0.0042 0.9931
vn 0.6735 0.0062 0.7392
vn 0.2867 -0.0055 0.9580
vn 0.2928 0.0039 0.9562
vn 0.2913 0.0076 0.9566
vn 0.2974 -0.0090 0.9547
vn 0.2993 -0.0036 0.9541
vn -0.0825 0.0063 0.9966
vn -0.0772 -0.0099 0.9970
vn -0.0749 -0.0047 0.9972
vn 0.7829 -0.0187 -0.6219
vn -0.9594 0.0070 0.2821
vn -0.9591 0.0035 0.2832
vn -0.9575 -0.0021 0.2884
vn -0.9578 -0.0051 0.2873
vn -0.9561 0.0039 0.2932
vn -0.2787 0.0068 0.9604
vn -0.2743 -0.0099 0.9616
vn -0.2727 -0.0052 0.9621
vn 0.6215 -0.0115 -0.7833
vn -0.6444 -0.0028 -0.7647
vn -0.8788 -0.0091 0.4770
vn 0.7776 0.0081 0.6287
vn 0.7781 -0.0075 0.6280
vn 0.7789 0.0078 0.6270
vn 0.8847 -0.0063 -0.4661
vn 0.9451 -0.0230 -0.3260
vn -0.9879 -0.0172 0.1543
vn -0.9016 0.0190 -0.4321
vn -0.9011 -0.0127 -0.4335
vn -0.9735 0.0191 -0.2281
vn -0.9656 -0.0094 -0.2597
vn 0.2476 -0.0049 -0.9689
vn 0.9808 -0.0059 -0.1947
vn -0.5375 -0.0156 -0.8431
vn 0.9800 -0.0080 0.1989
vn 0.1708 -0.0144 0.9852
vn -0.0181 -0.0139 0.9997
vn -0.9993 -0.0152 -0.0335
vn 0.9999 0.0116 0.0091
vn -0.6951 -0.0151 -0.7188
vn 0.8189 0.0046 -0.5739
vn -0.8189 0.0163 -0.5738
vn -0.8179 -0.0179 -0.5751
vn 0.3630 0.0139 0.9317
vn 0.3489 -0.0162 0.9370
vn 0.9236 0.0030 -0.3834
vn 0.8208 0.0133 0.5711
vn 0.5416 0.0095 0.8406
vn 0.7021 -0.0080 0.7121
vn 0.7216 0.0172 -0.6921
vn 0.7498 -0.0111 -0.6616
vn -0.9286 -0.0078 0.3709
vn -0.9771 0.0028 -0.2126
vn 0.1983 0.0033 -0.9801
vn -0.3905 0.0039 0.9206
vn -0.7165 0.0047 0.6976
vn 0.9797 0.0051 0.2003
vn -0.2002 0.0043 0.9797
vn -0.5642 0.0036 0.8256
vn -0.3755 0.0048 -0.9268
vn 0.0059 -0.0033 -1.0000
vn 1.0000 0.0046 0.0033
vn 0.5604 0.0030 -0.8282
vn 0.9191 0.0040 0.3939
vn -0.8361 0.0037 0.5486
vn 0.8254 0.0036 0.5646
vn 0.5421 0.0051 0.8403
vn -0.1847 0.0054 -0.9828
vn 0.7016 0.0053 0.7125
vn 0.7152 0.0019 -0.6989
vn -0.9290 0.0051 0.3701
vn -0.3004 0.0166 -0.9537
vn 0.9452 0.0180 -0.3261
vn 0.9962 0.0161 0.0859
vn 0.4623 0.0177 -0.8865
vn -0.6292 0.0154 0.7771
vn -0.9945 0.0159 -0.1031
vn -0.4801 0.0153 -0.8771
vn -0.7646 0.0139 0.6443
vn -0.4612 0.0145 0.8872
vn -0.9952 0.0179 0.0957
vn 0.2930 0.0153 0.9560
vn 0.1114 0.0141 0.9937
vn -0.0811 0.0134 0.9966
vn 0.7906 0.0227 -0.6119
vn -0.9598 0.0165 0.2803
vn 0.6252 0.0185 -0.7802
vn -0.2771 0.0142 0.9607
vn -0.6387 0.0144 -0.7693
vn -0.8802 0.0196 0.4741
vn 0.7782 0.0148 0.6278
vn -0.0673 -0.0104 -0.9977
vn 0.1297 -0.0085 -0.9915
vn 0.9667 0.0030 -0.2560
vn 0.3234 -0.0071 -0.9462
vn 0.9976 -0.0158 -0.0678
vn 0.9934 0.0095 0.1144
vn 0.9006 -0.0011 -0.4347
vn 0.9143 0.0049 -0.4049
vn 0.9442 -0.0104 0.3293
vn -0.7384 -0.0074 -0.6743
vn 0.7955 0.0016 -0.6060
vn -0.9274 0.0145 -0.3737
vn -0.9409 0.0080 -0.3385
vn 0.4274 -0.0089 0.9040
vn -0.8455 0.0099 -0.5338
vn 0.8609 -0.0131 0.5086
vn -0.9029 0.0119 0.4297
vn 0.6026 -0.0135 0.7980
vn 0.7602 0.0104 0.6497
vn -0.9728 0.0121 -0.2312
vn 0.9838 0.0106 -0.1792
vn 0.9852 0.0037 -0.1715
vn -0.7315 0.0102 0.6818
vn -0.3546 0.0081 -0.9350
vn -0.3542 0.0082 -0.9351
vn 0.4010 0.0077 -0.9160
vn 0.4027 0.0051 -0.9153
vn -0.1630 0.0083 -0.9866
vn -0.1061 -0.0117 -0.9943
vn -0.7708 -0.0106 0.6370
vn -0.9598 -0.0086 -0.2805
vn -0.1242 0.0081 -0.9922
vn 0.2812 -0.0156 -0.9595
vn 0.2807 -0.0121 -0.9597
vn 0.2878 -0.0055 -0.9577
vn 0.9534 0.0093 -0.3016
vn 0.9916 -0.0050 -0.1291
vn 0.8870 -0.0055 0.4618
vn 0.7678 0.0025 -0.6407
vn 0.7672 0.0006 -0.6414
vn -0.8771 0.0000 -0.4803
vn -0.1234 0.0081 -0.9923
vn -0.1231 0.0080 -0.9924
vn -0.2972 0.0098 -0.9548
vn 0.2586 0.0049 -0.9660
vn 0.2702 0.0128 -0.9627
vn 0.2618 0.0208 -0.9649
vn -0.6405 0.0091 0.7679
vn -0.7763 0.0230 0.6300
vn -0.9568 0.0111 -0.2905
vn -0.4664 0.0119 0.8845
vn -0.4715 0.0092 -0.8818
vn -0.9961 0.0052 0.0884
vn 0.2918 0.0065 0.9565
vn -0.0813 0.0070 0.9967
vn 0.1146 0.0049 0.9934
vn -0.2771 0.0064 0.9608
vn -0.9591 0.0100 0.2828
vn -0.9569 0.0001 0.2904
vn 0.4702 -0.0090 0.8825
vn -0.3183 -0.0100 -0.9479
vn -0.3459 -0.0112 -0.9382
vn 0.2258 -0.0035 -0.9742
vn 0.2254 -0.0034 -0.9743
vn 0.9395 0.0012 -0.3425
vn 0.9866 -0.0002 -0.1634
vn -0.4933 -0.0108 -0.8698
vn -0.6145 -0.0129 0.7888
vn -0.9980 0.0065 -0.0636
vn -0.7466 -0.0054 0.6652
vn -0.7387 0.0053 0.6740
vn -0.7397 -0.0004 0.6730
vn -0.4419 -0.0134 0.8970
vn -0.3969 -0.0142 0.9177
vn -0.9630 -0.0092 -0.2695
vn -0.9715 0.0043 -0.2370
vn -0.9932 -0.0150 0.1153
vn 0.1289 -0.0091 0.9916
vn 0.3073 -0.0087 0.9516
vn 0.3412 0.0096 0.9400
vn -0.0616 -0.0123 0.9980
vn -0.0251 -0.0082 0.9997
vn -0.2588 -0.0111 0.9659
vn -0.2294 0.0040 0.9733
vn 0.4695 -0.0099 0.8829
vn 0.5093 0.0002 0.8606
vn 0.5089 -0.0010 0.8608
vn 0.5808 0.0108 -0.8140
vn -0.8674 -0.0149 0.4974
vn 0.8022 -0.0119 0.5969
vn -0.8038 -0.0018 -0.5949
vn 0.8029 -0.0001 0.5961
vn 0.6659 -0.0019 0.7460
vn 0.5949 -0.0012 -0.8038
vn 0.7413 -0.0015 -0.6712
vn 0.9375 -0.0023 -0.3480
vn -0.2436 -0.0014 0.9699
vn 0.3330 0.0010 0.9429
vn -0.4272 -0.0009 0.9041
vn 0.4225 -0.0009 -0.9063
vn -0.5112 -0.0021 -0.8595
vn 0.9697 0.0000 0.2443
vn 0.8542 -0.0005 -0.5199
vn -0.9530 -0.0008 -0.3029
vn -0.9645 -0.0024 -0.2640
vn -0.0871 0.0055 -0.9962
vn -0.8983 -0.0006 -0.4393
vn 0.5042 0.0006 0.8636
vn -0.9402 0.0042 0.3406
vn -0.8622 0.0006 0.5065
vn 0.9033 0.0006 0.4291
vn -0.6728 0.0000 -0.7399
vn 0.9987 0.0003 0.0512
vn -0.3274 -0.0014 -0.9449
vn -0.0476 -0.0009 0.9989
vn 0.0583 0.0001 -0.9983
vn -0.5999 -0.0013 0.8001
vn -0.7838 0.0041 0.6210
vn -0.9979 -0.0001 -0.0648
vn 0.9891 -0.0023 -0.1470
vn 0.1447 -0.0015 0.9895
vn -0.9900 0.0024 0.1411
vn -0.1114 0.0250 -0.9935
vn -0.7673 0.0251 0.6407
vn -0.9607 0.0198 -0.2770
vn 0.9536 0.0103 -0.3010
vn 0.2875 -0.0027 -0.9578
vn 0.9938 0.0141 -0.1103
vn 0.9923 0.0108 0.1234
vn -0.9920 0.0036 -0.1258
vn 0.6381 0.0091 -0.7699
vn 0.8779 0.0148 0.4786
vn 0.6082 0.0100 0.7937
vn -0.0455 0.0029 -0.9990
vn -0.2041 0.0126 -0.9789
vn 0.1445 0.0019 -0.9895
vn 0.9677 0.0062 -0.2519
vn 0.9998 0.0017 -0.0185
vn 0.9989 0.0052 -0.0461
vn 0.3239 0.0060 -0.9461
vn -0.4197 0.0070 -0.9076
vn 0.8984 0.0060 -0.4392
vn 0.9891 0.0102 0.1471
vn 0.9404 0.0102 0.3400
vn -0.6932 0.0093 0.7207
vn -0.5169 0.0073 0.8560
vn -0.5226 -0.0072 0.8526
vn -0.9844 0.0108 -0.1756
vn 0.0481 0.0082 0.9988
vn 0.5131 0.0063 -0.8583
vn 0.8028 0.0046 -0.5962
vn -0.7410 0.0048 -0.6715
vn -0.8344 0.0111 0.5510
vn -0.8136 0.0052 0.5814
vn 0.4169 0.0108 0.9089
vn -0.9727 -0.0034 0.2322
vn -0.8590 0.0100 -0.5119
vn -0.3373 0.0077 0.9414
vn -0.9370 0.0075 -0.3492
vn 0.6733 0.0064 -0.7393
vn -0.1721 0.0096 0.9850
vn -0.1464 0.0072 0.9892
vn -0.5950 0.0101 -0.8037
vn -0.9048 0.0091 0.4258
vn 0.8569 0.0092 0.5154
vn 0.8344 0.0054 0.5511
vn 0.5674 0.0080 0.8234
vn 0.5846 0.0072 0.8113
vn 0.7388 0.0094 0.6738
vn 0.9772 0.0080 -0.2121
vn -0.7031 0.0089 0.7110
vn -0.4004 0.0031 -0.9163
vn 0.7035 -0.0004 -0.7107
vn 0.8091 0.0004 0.5876
vn -0.4196 -0.0002 0.9077
vn -0.5151 0.0049 -0.8571
vn -0.8581 0.0023 0.5135
vn -0.3460 -0.0114 -0.9381
vn -0.6664 0.0031 -0.7456
vn 0.9872 -0.0107 -0.1590
vn -0.0256 -0.0084 0.9996
vn -0.1369 0.0010 -0.9906
vn -0.3191 -0.0023 -0.9477
vn 0.9905 -0.0034 -0.1377
vn 0.9979 -0.0024 0.0651
vn 0.9664 -0.0110 0.2567
vn 0.4296 -0.0030 -0.9030
vn -0.9968 -0.0015 -0.0800
vn 0.8610 -0.0048 -0.5086
vn -0.9911 -0.0069 0.1331
vn 0.1281 -0.0060 0.9917
vn -0.2580 -0.0078 0.9661
vn 0.4921 -0.0018 0.8706
vn 0.9965 -0.0134 -0.0830
vn 0.9563 -0.0050 0.2922
vn -0.6552 -0.0142 0.7553
vn 0.4702 -0.0110 -0.8825
vn -0.9487 -0.0056 -0.3162
vn 0.2750 -0.0186 0.9613
vn 0.4352 0.0022 0.9003
vn -0.3115 -0.0133 0.9502
vn -0.8775 -0.0152 -0.4794
vn 0.6393 -0.0131 -0.7688
vn 0.6145 -0.0036 0.7889
usemtl Default_OBJ.001
s 1
f 1//1 2//2 3//3
f 4//4 5//5 6//6
f 7//7 8//8 9//9
f 10//10 11//11 12//12
f 13//13 14//14 15//15
f 16//16 17//17 18//18
f 19//19 20//20 21//21
f 22//22 23//23 24//24
f 25//25 26//26 27//27
f 28//28 29//29 30//30
f 31//31 32//32 33//33
f 34//34 35//35 36//36
f 37//37 38//38 39//37
f 40//39 41//40 42//41
f 43//42 44//43 45//44
f 46//45 47//46 48//47
f 31//48 49//49 50//50
f 51//51 22//52 52//53
f 53//54 19//55 54//56
f 55//57 56//58 57//59
f 58//60 16//61 59//62
f 60//63 61//64 62//65
f 63//66 13//67 64//68
f 65//69 66//70 67//71
f 1//72 68//73 69//74
f 70//75 71//76 72//77
f 73//78 72//79 74//80
f 75//81 76//81 77//81
f 78//82 79//83 80//84
f 81//85 82//86 83//87
f 84//88 85//88 86//88
f 87//89 88//90 89//91
f 90//92 91//93 92//94
f 93//95 94//96 95//97
f 96//98 97//99 98//100
f 99//101 100//102 101//103
f 102//104 103//105 104//106
f 105//107 68//108 106//109
f 107//110 108//111 109//112
f 110//113 111//114 112//115
f 113//116 114//117 3//118
f 115//119 116//119 117//119
f 118//120 119//121 120//122
f 121//123 122//124 6//125
f 123//126 124//127 125//128
f 126//129 127//130 128//131
f 129//132 130//133 9//134
f 131//135 132//135 133//135
f 134//136 135//137 136//138
f 137//139 138//139 139//139
f 140//140 141//141 142//142
f 143//143 144//143 145//143
f 146//144 147//145 148//146
f 149//147 150//147 151//147
f 152//148 153//149 154//150
f 155//151 156//152 15//153
f 157//154 158//155 159//156
f 160//157 161//158 162//159
f 163//160 164//160 165//160
f 166//161 167//162 168//163
f 169//164 170//164 171//164
f 172//165 173//166 174//167
f 18//168 175//169 176//170
f 177//171 178//171 179//171
f 180//172 181//173 182//174
f 183//175 57//176 184//177
f 185//178 186//178 187//178
f 188//179 189//180 190//181
f 191//182 192//182 193//182
f 194//183 195//184 196//185
f 21//186 197//187 198//188
f 199//189 200//190 201//191
f 202//192 203//193 204//194
f 52//195 205//196 206//197
f 207//198 208//198 209//198
f 210//199 211//200 212//201
f 213//202 214//203 24//204
f 215//205 216//205 217//205
f 218//206 219//207 220//208
f 27//209 221//210 222//211
f 223//212 224//212 225//212
f 226//213 227//214 228//215
f 30//216 229//217 230//218
f 231//219 232//220 233//221
f 234//222 235//223 236//224
f 237//225 49//226 238//227
f 239//228 240//229 241//230
f 242//231 243//232 244//233
f 245//234 246//235 33//236
f 247//237 248//238 249//239
f 250//240 251//241 252//242
f 253//243 254//244 255//245
f 256//246 257//247 258//248
f 259//249 260//250 261//251
f 262//252 263//253 264//254
f 265//255 266//256 267//257
f 39//258 268//259 269//260
f 270//261 271//261 272//261
f 273//262 274//263 275//264
f 276//265 48//266 277//267
f 278//268 279//269 280//270
f 281//271 282//272 283//273
f 284//274 285//275 286//276
f 287//277 288//278 289//279
f 290//280 291//281 292//282
f 293//283 294//284 295//285
f 296//286 297//286 298//286
f 299//287 300//288 301//289
f 302//290 41//291 303//292
f 304//293 305//293 306//293
f 307//294 308//295 309//296
f 310//297 311//298 312//299
f 313//300 314//300 315//300
f 316//301 317//301 318//302
f 319//303 320//304 321//305
f 322//306 323//307 324//308
f 325//309 326//310 327//311
f 328//312 329//313 11//314
f 330//315 331//316 332//317
f 333//318 334//319 335//320
f 336//321 337//322 338//323
f 339//324 340//325 341//326
f 51//51 342//327 343//328
f 344//329 345//330 26//331
f 346//332 347//333 29//334
f 348//335 349//336 350//337
f 351//338 352//339 353//340
f 354//341 355//342 356//343
f 357//344 358//345 359//346
f 360//347 354//347 358//347
f 361//348 362//349 363//350
f 364//351 365//352 366//353
f 367//354 368//355 361//356
f 369//357 370//358 371//359
f 372//360 373//361 374//362
f 375//363 376//364 377//365
f 378//366 379//367 380//368
f 381//369 382//370 383//371
f 384//372 385//373 386//374
f 387//375 388//376 389//377
f 390//378 391//379 384//380
f 392//381 393//382 394//383
f 395//384 396//384 397//385
f 398//386 399//387 400//388
f 401//389 402//390 403//391
f 404//392 405//392 406//393
f 407//394 408//395 403//396
f 409//397 410//398 411//399
f 412//400 413//401 414//402
f 415//403 409//404 416//405
f 417//406 418//407 419//408
f 420//409 421//410 422//411
f 423//412 424//413 425//414
f 426//415 427//416 428//417
f 429//418 430//419 431//420
f 432//421 433//422 434//423
f 435//424 436//425 437//426
f 438//427 439//428 440//429
f 441//430 442//431 443//432
f 444//433 445//434 446//435
f 447//436 448//437 438//438
f 449//439 450//439 451//440
f 452//441 453//442 454//443
f 455//444 456//445 457//446
f 458//447 459//448 460//449
f 461//450 462//451 463//452
f 464//453 458//454 465//455
f 466//456 467//457 468//458
f 469//459 470//460 471//461
f 472//462 466//463 473//464
f 474//465 475//466 476//467
f 477//468 478//469 469//470
f 479//471 480//472 474//473
f 481//474 482//474 483//474
f 484//475 485//476 178//477
f 170//478 169//479 486//480
f 487//481 401//389 403//391
f 488//482 484//483 404//484
f 337//322 336//321 489//485
f 17//486 490//487 18//488
f 491//489 410//398 409//397
f 401//490 492//491 402//492
f 164//493 163//494 493//495
f 334//319 333//318 494//496
f 495//497 62//498 496//499
f 158//500 157//501 497//501
f 498//502 499//503 500//504
f 14//505 155//151 15//153
f 501//506 502//506 503//506
f 399//507 497//508 501//509
f 150//510 149//511 504//512
f 505//513 501//514 395//515
f 506//516 64//517 507//518
f 508//519 424//520 423//521
f 200//522 199//523 509//523
f 510//524 511//525 208//526
f 510//527 512//528 513//529
f 343//530 342//530 514//530
f 515//531 510//527 420//532
f 424//533 511//534 425//535
f 208//526 207//536 516//537
f 508//519 517//538 518//539
f 23//540 213//202 24//204
f 519//541 417//406 419//408
f 491//489 520//542 521//543
f 522//544 523//545 192//546
f 524//547 54//548 525//549
f 410//550 485//551 411//552
f 178//477 177//553 526//554
f 417//555 523//556 418//557
f 192//546 191//558 527//559
f 421//560 509//561 519//562
f 340//563 339//563 528//563
f 20//564 529//565 21//186
f 530//566 531//566 532//566
f 96//98 533//567 97//99
f 100//568 99//569 534//570
f 323//307 322//306 535//571
f 536//572 68//108 105//107
f 380//573 537//574 369//575
f 108//576 107//577 538//578
f 2//579 113//580 3//581
f 116//582 115//583 541//584
f 382//585 542//586 543//587
f 543//588 544//588 545//588
f 546//589 547//590 548//591
f 549//592 362//349 361//348
f 91//593 90//594 550//595
f 361//596 546//589 549//597
f 321//598 320//598 551//598
f 552//599 553//600 554//601
f 555//602 556//602 557//602
f 550//603 555//604 558//605
f 85//606 84//607 559//608
f 558//605 555//604 357//609
f 560//610 561//611 562//612
f 81//85 563//613 82//86
f 329//313 328//312 564//614
f 11//615 565//616 12//617
f 566//618 567//619 387//620
f 138//621 137//622 568//623
f 567//624 569//625 144//626
f 567//627 570//627 571//627
f 331//316 330//315 572//628
f 573//629 392//381 394//383
f 392//630 569//631 393//632
f 144//626 143//633 574//634
f 575//635 504//636 573//637
f 576//638 577//639 578//640
f 579//641 385//373 384//372
f 132//642 131//643 580//644
f 384//645 576//638 579//646
f 326//310 325//309 581//647
f 8//648 129//132 9//134
f 582//649 583//650 584//651
f 582//652 585//652 132//652
f 124//653 123//654 542//654
f 586//655 582//649 381//656
f 5//657 121//123 6//125
f 587//658 588//659 589//660
f 590//661 591//662 592//663
f 595//664 596//665 597//666
f 598//667 599//668 600//669
f 601//670 602//671 603//672
f 604//673 605//673 606//673
f 607//674 608//675 609//676
f 610//677 611//677 612//677
f 615//678 616//678 617//678
f 618//679 619//680 620//681
f 621//682 622//683 623//684
f 624//685 625//686 626//687
f 627//688 628//688 629//688
f 630//689 631//690 632//691
f 633//692 634//693 635//694
f 636//695 637//696 638//697
f 639//698 640//699 641//700
f 642//701 643//701 644//701
f 645//702 646//703 647//704
f 648//705 649//706 650//707
f 651//708 652//709 653//710
f 654//711 655//712 656//713
f 657//714 658//715 659//716
f 660//717 661//717 662//717
f 663//718 664//719 665//720
f 666//721 667//722 668//723
f 669//724 670//724 671//724
f 672//725 673//726 674//727
f 35//728 675//729 36//730
f 32//731 245//732 33//733
f 438//734 678//735 679//736
f 679//737 439//428 438//427
f 248//738 247//739 680//740
f 448//741 681//742 678//743
f 678//735 682//744 683//745
f 684//746 685//747 444//748
f 254//749 253//750 681//751
f 685//747 686//752 687//753
f 688//754 563//755 689//756
f 689//756 563//755 71//757
f 433//758 690//759 691//760
f 692//761 693//762 432//763
f 232//764 231//765 690//765
f 693//762 694//766 695//767
f 443//768 696//769 435//770
f 442//431 680//771 696//772
f 697//773 698//773 699//773
f 700//774 41//291 302//290
f 469//775 701//776 702//777
f 701//776 703//778 704//779
f 705//780 706//781 474//782
f 706//783 475//466 474//465
f 314//784 313//784 707//784
f 705//785 708//785 709//785
f 457//786 710//787 711//788
f 712//789 713//789 714//789
f 259//249 715//790 260//250
f 263//791 262//792 716//793
f 453//794 717//795 718//796
f 718//797 719//797 720//797
f 721//798 722//798 723//798
f 38//799 724//800 39//258
f 271//801 270//802 717//803
f 710//804 725//804 726//804
f 727//805 728//806 58//60
f 593//807 35//808 594//809
f 35//810 34//811 729//812
f 730//813 731//814 732//815
f 731//814 733//816 732//815
f 734//817 42//818 735//819
f 736//820 14//14 737//821
f 14//14 13//13 737//821
f 738//822 739//823 740//824
f 740//824 285//825 738//822
f 741//826 347//826 742//826
f 741//827 743//828 347//829
f 744//830 745//831 319//303
f 746//832 715//833 747//834
f 747//834 715//833 748//835
f 352//836 749//837 750//838
f 750//838 751//839 352//836
f 752//840 753//840 754//840
f 506//841 66//842 753//843
f 562//844 755//845 756//846
f 756//847 82//847 562//847
f 337//848 757//849 758//850
f 758//850 490//851 337//848
f 759//852 760//853 761//852
f 29//29 28//28 760//854
f 676//855 762//855 677//855
f 763//856 206//857 764//858
f 20//20 19//19 765//859
f 329//860 766//860 767//860
f 767//861 565//862 329//863
f 524//864 56//865 768//866
f 65//867 331//868 753//869
f 129//870 326//871 769//872
f 770//873 63//873 771//873
f 674//874 772//875 747//876
f 747//876 675//877 674//874
f 773//878 350//879 774//880
f 775//881 121//882 776//883
f 17//17 16//16 728//884
f 32//885 31//885 50//885
f 613//886 353//887 40//888
f 777//889 778//890 779//891
f 38//892 37//893 780//894
f 360//895 559//896 781//897
f 782//898 783//899 784//900
f 784//900 783//899 785//901
f 55//57 786//902 768//903
f 781//904 355//342 354//341
f 787//905 536//906 788//907
f 340//908 789//908 763//908
f 763//909 529//910 340//911
f 740//912 790//913 791//914
f 355//915 792//916 356//917
f 76//918 75//919 793//920
f 327//921 8//8 775//922
f 7//7 775//922 8//8
f 5//923 4//923 635//923
f 794//924 53//924 795//924
f 796//925 797//926 798//927
f 756//928 553//929 552//930
f 781//931 799//931 800//931
f 801//932 802//933 803//934
f 804//935 72//79 73//78
f 766//936 805//937 767//938
f 805//937 806//939 767//938
f 803//940 807//941 689//942
f 689//942 70//75 803//940
f 808//943 809//944 810//945
f 811//946 213//946 812//946
f 813//947 814//948 815//949
f 500//950 730//950 732//950
f 732//951 155//951 500//951
f 508//952 816//952 216//952
f 22//22 343//953 23//23
f 25//954 811//954 26//954
f 742//955 348//956 741//957
f 818//958 813//947 426//959
f 216//960 215//961 819//962
f 820//963 808//943 398//964
f 813//965 821//965 224//965
f 822//966 804//967 750//968
f 750//968 804//967 823//969
f 808//970 492//971 164//493
f 824//972 345//973 760//974
f 825//975 826//976 827//977
f 47//978 827//977 826//976
f 224//979 223//980 828//981
f 829//982 830//983 297//984
f 491//985 415//985 186//985
f 831//986 832//987 833//988
f 347//333 346//332 834//989
f 29//990 743//991 30//216
f 522//992 835//993 836//994
f 837//995 838//995 786//995
f 839//996 57//176 183//175
f 840//997 522//992 412//998
f 691//999 841//1000 842//1001
f 186//1002 185//1003 843//1004
f 345//330 344//329 844//1005
f 26//1006 824//1007 27//1008
f 696//1009 845//1009 846//1009
f 408//395 486//1010 487//1011
f 487//1012 847//1012 848//1012
f 849//1013 850//1014 851//1015
f 480//472 793//1016 705//1017
f 852//1018 59//1019 853//1019
f 854//1020 855//1021 856//1022
f 60//1023 334//1024 857//1025
f 519//1026 858//1026 859//1026
f 860//1027 691//999 429//1028
f 240//1029 239//1030 861//1031
f 862//1032 863//1032 864//1032
f 484//1033 865//1033 866//1033
f 350//1034 349//1034 867//1034
f 868//1035 49//226 237//225
f 379//367 541//1036 537//1037
f 869//1038 870//1038 871//1038
f 790//1039 294//284 293//283
f 537//1040 872//1040 873//1040
f 874//1041 875//1041 769//1041
f 876//1042 543//1043 375//1044
f 459//1045 455//1046 460//1047
f 279//1048 278//1049 877//1050
f 697//1051 467//457 466//456
f 878//1052 459//448 458//447
f 467//1053 830//1054 468//1055
f 297//984 296//1056 879//1057
f 880//1058 881//1058 882//1058
f 783//1059 48//266 276//265
f 697//1060 472//1060 305//1060
f 827//1061 46//45 882//1062
f 532//1063 883//1064 787//1065
f 787//1065 97//1066 532//1063
f 456//1067 877//1068 710//1069
f 884//1070 323//1071 885//1072
f 702//1073 470//460 469//459
f 305//1074 304//1075 886//1076
f 723//1077 887//1078 784//1079
f 784//1079 724//1080 723//1077
f 2//1081 1//1081 69//1081
f 288//1082 287//1083 888//1084
f 889//1085 829//1086 461//1087
f 829//1086 890//1088 891//1089
f 892//1090 893//1090 738//1090
f 284//274 826//1091 285//275
f 894//1092 533//1093 744//1094
f 895//1095 744//1094 533//1093
f 546//1096 368//1096 100//1096
f 373//1097 896//1098 364//1099
f 896//1100 372//1100 108//1100
f 11//1101 10//1101 769//1101
f 896//1102 897//1102 898//1102
f 878//1052 899//1103 900//1104
f 871//1105 901//1106 45//44
f 45//44 44//43 871//1105
f 902//1107 839//1108 758//1109
f 758//1109 839//1108 903//1110
f 454//1111 718//1112 449//1113
f 478//469 707//1114 701//1115
f 904//1116 635//1116 540//1116
f 714//1117 905//1118 780//1119
f 780//1119 260//1120 714//1117
f 906//1121 857//1121 907//1121
f 852//1122 61//1123 857//1124
f 573//1125 908//1125 909//1125
f 352//339 351//338 910//1126
f 391//1127 568//1128 576//1129
f 895//1095 96//1130 911//1131
f 912//1132 913//1132 914//1132
f 545//1133 915//1133 916//1133
f 699//1134 698//1134 917//1134
f 918//1135 919//1136 920//1137
f 921//1138 922//1139 923//1140
f 924//1141 276//1142 925//1143
f 926//1144 927//1144 928//1144
f 43//1145 929//1146 294//1147
f 930//1148 931//1149 932//1150
f 933//1151 934//1152 935//1153
f 936//1154 937//1155 938//1156
f 939//1157 940//1158 941//1159
f 921//1138 114//1160 922//1139
f 904//1161 539//1161 942//1161
f 943//1162 278//1162 944//1162
f 455//1046 945//1163 460//1047
f 933//1164 946//1165 947//1166
f 948//1167 99//1167 949//1167
f 365//1168 950//1169 366//1170
f 951//1171 476//1172 952//1173
f 953//1174 954//1175 955//1176
f 800//1177 799//1177 956//1177
f 957//1178 958//1178 959//1178
f 960//1179 910//1179 961//1179
f 34//811 962//1180 729//812
f 963//1181 593//1181 964//1181
f 687//1182 686//1182 965//1182
f 966//1183 967//1184 968//1185
f 969//1186 970//1187 72//77
f 971//1188 972//1189 973//1190
f 748//1191 974//1192 975//1193
f 976//1194 977//1195 978//1196
f 979//1197 980//1197 981//1197
f 709//1198 982//1198 983//1198
f 984//1199 985//1199 986//1199
f 987//1200 875//1200 988//1200
f 989//1201 990//1202 991//1203
f 873//1204 992//1204 993//1204
f 994//1205 496//1206 995//1207
f 996//1208 997//1208 998//1208
f 105//1209 999//1210 788//907
f 1000//1211 1001//1211 1002//1211
f 848//1212 1003//1212 1004//1212
f 1005//1213 107//1213 1006//1213
f 370//1214 1007//1215 371//1216
f 885//1217 535//1217 1008//1217
f 1009//1218 759//1218 1010//1218
f 1011//1219 1012//1220 1013//1219
f 1014//1221 1015//1222 999//1223
f 1016//1224 1017//1225 1018//1226
f 1019//1227 163//1227 1020//1227
f 492//491 1021//1228 402//492
f 1022//1229 1023//1230 1021//1228
f 1024//1231 1025//1232 1026//1233
f 1027//1234 296//1234 1028//1234
f 830//1054 1029//1235 468//1055
f 1030//1236 494//1236 1031//1236
f 1032//1237 1033//1238 1011//1239
f 1015//1222 1034//1240 999//1223
f 1035//1241 1036//1242 1037//1243
f 995//1244 1038//1245 1039//1246
f 1032//1247 1040//1248 1041//1249
f 1042//1250 1043//1251 1007//1215
f 1044//1252 1045//1253 1046//1254
f 1016//1255 1047//1256 1035//1257
f 1039//1258 650//1258 995//1258
f 1048//1259 1049//1260 1050//1261
f 929//1262 1051//1263 1052//1264
f 815//1265 1053//1265 1054//1265
f 1055//1266 1056//1267 1057//1268
f 1058//1269 1059//1270 1060//1271
f 1061//1272 893//1272 1062//1272
f 1063//1273 1064//1273 1065//1273
f 860//1274 1066//1275 433//758
f 1067//1276 1068//1277 1069//1278
f 891//1279 1070//1279 1071//1279
f 1072//1280 293//1281 1052//1282
f 1073//1283 1074//1283 1075//1283
f 1076//1284 214//1285 1077//1286
f 1078//1287 1079//1287 1080//1287
f 1081//1288 1082//1289 1083//1290
f 1084//1291 1085//1292 1086//1293
f 1087//1294 1088//1295 1089//1296
f 969//1297 81//1298 1090//1299
f 1091//1300 1092//1300 1093//1300
f 1094//1301 73//1302 74//1303
f 979//1304 981//1304 1095//1304
f 1096//1305 1097//1306 1098//1307
f 1099//1308 1100//1309 1101//1310
f 1102//1311 662//1312 74//1313
f 1103//1314 246//1315 1104//1316
f 1105//1317 676//1317 1106//1317
f 966//1318 75//1318 967//1318
f 792//916 1107//1319 356//917
f 1099//1320 1108//1321 1109//1322
f 1110//1323 262//1323 1111//1323
f 450//1324 1112//1325 451//1326
f 1113//1327 1114//1328 1115//1329
f 1116//1330 1117//1331 1118//1332
f 683//1333 1119//1333 1120//1333
f 1121//1334 1122//1335 1123//1336
f 1124//1337 1125//1338 1126//1339
f 1121//1340 1127//1341 1128//1342
f 1129//1343 143//1343 1130//1343
f 569//631 1131//1344 393//632
f 1132//1345 1133//1346 1134//1347
f 1135//1348 1136//1349 1137//1350
f 571//1351 1138//1351 1139//1351
f 57//59 1140//1352 184//1353
f 1141//1354 1142//1355 1143//1356
f 1144//1357 564//1357 1145//1357
f 1146//1358 191//1358 1147//1358
f 523//556 1148//1359 418//557
f 259//1360 1149//1361 748//835
f 1150//1362 1151//1362 1152//1362
f 1153//1363 1154//1364 1155//1365
f 1156//1366 130//1366 1157//1366
f 1158//1367 581//1367 1159//1367
f 1160//1368 1161//1369 1162//1370
f 578//1371 1163//1371 1164//1371
f 1165//1372 1166//1373 1167//1374
f 1168//1375 1169//1376 1170//1377
f 1160//1378 1171//1379 1172//1380
f 1173//1381 817//1381 1174//1381
f 1175//1382 84//1382 1176//1382
f 1177//1383 359//1383 358//1384
f 1140//1385 525//1386 1178//1387
f 1179//1388 1180//1388 1181//1388
f 1182//1389 1183//1390 1184//1391
f 1185//1392 1186//1392 1187//1392
f 1188//1393 1189//1394 1190//1395
f 1178//1396 1191//1397 609//1398
f 1192//1399 1193//1400 1194//1401
f 1192//1402 1195//1403 1196//1404
f 83//1405 1197//1406 1198//1407
f 1199//1408 1200//1408 1201//1408
f 419//1409 1202//1410 421//560
f 836//1411 835//1411 1203//1411
f 1204//1412 1205//1412 1206//1412
f 452//441 454//443 1207//1413
f 521//1414 1208//1414 1209//1414
f 1210//1415 1211//1416 1212//1417
f 1213//1418 1214//1419 1215//1420
f 1216//1421 1217//1421 1218//1421
f 521//1422 520//1422 1208//1422
f 1219//1423 176//170 175//169
f 1220//1424 489//1424 1221//1424
f 1222//1425 1223//1426 1224//1425
f 1162//1427 1225//1428 1226//1429
f 1227//1430 1228//1431 1229//1432
f 1230//1433 1231//1434 1232//1435
f 1233//1436 668//1436 1234//1436
f 1230//1437 1235//1438 1236//1439
f 1237//1440 1238//1440 1239//1440
f 1216//1441 149//1441 1217//1441
f 396//1442 1240//1443 397//1444
f 1241//1445 1242//1446 1131//1344
f 1243//1447 1244//1448 1245//1449
f 1246//1450 572//1450 1247//1450
f 1248//1451 1249//1452 1250//1453
f 1251//1454 1252//1455 1253//1456
f 1254//1457 528//1457 1255//1457
f 1256//1458 90//1458 1257//1458
f 362//1459 1258//1460 363//1461
f 1259//1462 122//1463 1260//1464
f 1248//1465 1261//1465 1249//1465
f 513//1466 1262//1466 1263//1466
f 1264//1467 1265//1468 1202//1469
f 1266//1470 1267//1471 1268//1472
f 1256//1473 1257//1474 1269//1475
f 1270//1476 1271//1477 1272//1478
f 584//1479 583//1479 1273//1479
f 721//1480 779//1480 1274//1480
f 1275//1481 1276//1482 1277//1483
f 507//1484 1278//1485 66//842
f 1279//1486 1280//1486 1281//1486
f 1275//1487 1282//1488 1283//1489
f 1284//1490 644//1491 1285//1492
f 1286//1493 796//1493 1287//1493
f 1288//1494 552//1495 1285//1496
f 1286//1497 1287//1497 1289//1497
f 1279//1498 752//1498 1280//1498
f 1220//1499 1221//1500 1290//1501
f 1291//1502 1292//1502 1293//1502
f 1294//1503 1295//1504 1296//1505
f 584//1506 1273//1506 1297//1506
f 1298//1507 1299//1508 1300//1509
f 1301//1510 1302//1511 1303//1512
f 1304//1513 614//1513 1305//1513
f 1306//1514 303//1515 1307//1516
f 734//1517 1308//1517 1309//1517
f 704//1518 1310//1518 1311//1518
f 1312//1519 185//1519 1313//1519
f 413//1520 416//1521 414//1522
f 1314//1523 1315//1524 1316//1525
f 1317//1526 1318//1527 1319//1528
f 1320//1529 1321//1530 1322//1531
f 909//1532 1323//1532 1324//1532
f 1325//1533 183//1534 1326//1535
f 1327//1536 1328//1536 1329//1536
f 1330//1537 1331//1537 1332//1537
f 1333//1538 1334//1538 1335//1538
f 505//1539 1336//1540 399//507
f 1337//1541 1338//1542 59//1543
f 1339//1544 1340//1545 1341//1546
f 518//1547 517//1547 1342//1547
f 1343//1548 239//1548 1344//1548
f 436//425 1345//1549 437//426
f 866//1550 865//1550 1346//1550
f 1347//1551 1348//1552 1349//1553
f 1350//1554 597//1555 1351//1556
f 1352//1557 736//1557 1353//1557
f 1347//1558 1354//1559 1355//1560
f 1356//1561 237//1562 1351//1563
f 1357//1564 1358//1564 1359//1564
f 1360//1565 1361//1566 52//53
f 1362//1567 1363//1568 1364//1569
f 1365//1570 1366//1571 1367//1572
f 557//1573 556//1573 1368//1573
f 513//1574 512//1574 1262//1574
f 1369//1575 1370//1576 1371//1577
f 721//1578 1274//1578 1372//1578
f 1373//1579 1374//1579 1375//1579
f 586//1580 1167//1581 585//1582
f 1369//1583 1376//1584 989//1585
f 1377//1586 1378//1587 660//1588
f 1379//1589 207//1589 1380//1589
f 511//534 1381//1590 425//535
f 1382//1591 206//1592 1383//1593
f 1384//1594 1385//1594 1386//1594
f 82//1595 1288//1596 83//1597
f 755//1598 1387//1598 1388//1598
f 1254//1599 1255//1600 1389//1601
f 1390//1602 1391//1602 1392//1602
f 1393//1603 1394//1604 1395//1605
f 1204//1606 270//1606 1205//1606
f 452//1607 1207//1608 711//1607
f 37//1609 261//1610 260//1611
f 905//1612 1396//1612 1397//1612
f 1237//1613 313//1613 1238//1613
f 475//1614 952//1173 476//1172
f 846//1615 845//1615 1398//1615
f 1393//1616 1399//1617 1400//1618
f 1383//1619 1401//1620 603//1621
f 720//1622 719//1622 1402//1622
f 49//49 1403//1623 238//1624
f 774//1625 1404//1625 1405//1625
f 1304//1626 1305//1626 1406//1626
f 1407//1627 1408//1628 1409//1629
f 876//1630 1300//1631 382//585
f 1410//1632 1411//1633 1412//1634
f 503//1635 502//1635 1413//1635
f 1400//1636 1414//1637 1415//1638
f 1416//1639 1401//1640 1383//1641
f 1417//1642 1418//1642 1419//1642
f 423//1643 1057//1644 816//1645
f 1420//1646 1421//1647 64//68
f 770//1648 1422//1648 1423//1648
f 205//1649 1361//1649 1383//1649
f 1362//1650 514//1650 1363//1650
f 1424//1651 1425//1651 1426//1651
f 1427//1652 634//1652 1428//1652
f 548//1653 547//1653 1429//1653
f 1430//1654 1431//1655 1381//1590
f 1432//1656 1433//1657 1434//1658
f 43//1659 302//1660 1306//1661
f 1435//1662 1436//1662 1437//1662
f 518//1663 1342//1663 1438//1663
f 434//1664 1439//1665 1440//1666
f 1441//1667 1442//1668 1443//1669
f 695//1670 1444//1670 1445//1670
f 1446//1671 1447//1671 1448//1671
f 488//1672 1212//1673 485//476
f 1449//1674 834//1674 1450//1674
f 726//1675 1451//1675 1452//1675
f 1453//1676 1454//1677 1455//1678
f 1456//1679 1457//1680 1207//1681
f 1458//1682 1459//1683 1460//1684
f 1461//1685 1462//1686 1463//1687
f 1464//1688 1465//1689 1466//1690
f 1352//1691 1353//1691 1467//1691
f 866//1692 1346//1692 1468//1692
f 1469//1693 1470//1694 1471//1695
f 745//831 895//1696 1472//1697
f 1473//1698 1474//1699 1475//1700
f 1410//1701 1476//1702 1477//1703
f 1478//1704 665//1705 1479//1706
f 1480//1707 1481//1708 1294//1709
f 1482//1710 617//1710 1306//1710
f 1480//1711 1483//1712 1484//1713
f 1485//1714 304//1714 1486//1714
f 470//1715 1316//1525 471//1716
f 1357//1717 1487//1717 1358//1717
f 1488//1718 1489//1718 1490//1718
f 1343//1719 1344//1719 1491//1719
f 692//1720 1345//1721 436//1722
f 1338//1723 1492//1724 853//1725
f 1339//1726 1493//1726 1340//1726
f 1494//1727 1495//1728 1496//1727
f 1497//1729 1498//1730 1499//1731
f 1498//1732 1497//1733 269//260
f 1500//1734 722//1734 1501//1734
f 1333//1735 157//1735 1334//1735
f 399//1736 1336//1737 400//1738
f 1078//1739 1080//1740 1502//1741
f 1503//1742 1504//1743 1505//1744
f 1506//1745 600//1745 1507//1745
f 1508//1746 1509//1747 1510//1748
f 1511//1749 1512//1750 1453//1751
f 1513//1752 864//1753 1514//1754
f 1515//1755 169//1755 1516//1755
f 405//1756 1463//1687 406//1757
f 1505//1758 1517//1759 1518//1760
f 842//1761 841//1761 1519//1761
f 1520//1762 431//1763 1521//1764
f 1522//1765 1523//1766 1524//1767
f 1063//1768 231//1768 1064//1768
f 433//1769 1066//1770 434//1771
f 1503//1772 1525//1773 1526//1774
f 1511//1775 1527//1776 1528//1777
f 1529//1778 1530//1778 1531//1778
f 947//1779 1532//1780 1533//1781
f 1534//1782 531//1782 1535//1782
f 1536//1783 1537//1784 918//1785
f 923//1786 638//1786 921//1786
f 898//1787 1538//1787 1539//1787
f 1540//1788 115//1788 1541//1788
f 376//1789 938//1156 377//1790
f 891//1791 890//1791 1070//1791
f 1542//1792 1536//1783 940//1793
f 1508//1794 1543//1795 1469//1796
f 1544//1797 1545//1798 1338//1799
f 1477//1800 1546//1801 1547//1802
f 1548//1803 499//1803 1549//1803
f 810//1804 1550//1804 1551//1804
f 1552//1805 1553//1806 1336//1737
f 1554//1807 1555//1808 1556//1809
f 1557//1810 287//1810 1558//1810
f 462//1811 1083//1290 463//1812
f 48//47 1559//1813 277//1814
f 1560//1815 1561//1816 1562//1817
f 1563//1818 1564//1819 1565//1820
f 1009//1821 1010//1821 1566//1821
f 810//1822 809//1822 1550//1822
f 1567//1823 1568//1824 950//1169
f 1569//1825 1570//1826 1571//1827
f 842//1828 1519//1828 1572//1828
f 994//1829 1573//1830 156//1831
f 1548//1832 1549//1833 1574//1834
f 761//1835 844//1835 1575//1835
f 1576//1836 1577//1837 1067//1838
f 1578//1839 286//1839 854//1839
f 1515//1840 1516//1840 1579//1840
f 1580//1841 1581//1842 945//1163
f 1582//1843 1583//1844 1584//1845
f 1585//1846 1586//1846 1587//1846
f 1588//1847 1589//1847 1590//1847
f 818//1848 1521//1849 821//1850
f 1588//1851 223//1851 1589//1851
f 430//1852 1521//1764 431//1763
f 285//825 1072//1853 286//1854
f 1061//1855 1062//1855 1591//1856
f 815//1857 814//1857 1053//1857
f 898//1858 897//1858 1538//1858
f 1529//1859 1592//1860 1530//1861
f 1559//1862 284//1863 1593//1864
f 1594//1865 1595//1865 1596//1865
f 221//1866 1597//1866 222//1866
f 761//1867 1575//1867 1598//1867
f 900//1868 1599//1868 1600//1868
f 1560//1869 881//1869 1561//1869
f 1585//1870 1587//1870 1601//1870
f 853//1871 1492//1872 61//1123
f 1602//1873 1603//1873 1604//1873
f 1540//1874 1541//1875 1605//1876
f 788//1877 98//1878 97//1066
f 1534//1879 1535//1880 1606//1881
f 1602//1882 906//1882 1603//1882
f 900//1883 899//1883 1599//1883
f 1594//1884 1607//1884 1595//1884
f 1557//1885 1558//1885 1608//1885
f 1146//1886 1147//1886 1609//1886
f 840//1887 1148//1888 523//545
f 1610//1889 1182//1890 1611//1891
f 1144//1892 1145//1893 1612//1894
f 1613//1895 1614//1896 54//56
f 794//1897 1615//1897 1616//1897
f 571//1898 570//1898 1138//1898
f 859//1899 858//1899 1617//1899
f 1179//1900 1618//1900 1180//1900
f 1619//1901 1620//1902 1251//1903
f 1614//1904 1178//1396 525//549
f 794//1905 1621//1905 1615//1905
f 1190//1906 1622//1907 1623//1908
f 1178//1396 1614//1904 1191//1397
f 987//1909 988//1909 1624//1909
f 1101//1910 1625//1911 1626//1912
f 970//1913 1102//1914 74//1915
f 1173//1916 1174//1916 1627//1916
f 963//1917 964//1917 1628//1917
f 578//1918 577//1918 1163//1918
f 1185//1919 1629//1919 1186//1919
f 1158//1920 1159//1920 1630//1920
f 1129//1921 1130//1921 1631//1921
f 566//1922 1131//1923 569//625
f 859//1924 1617//1924 1632//1924
f 1105//1925 1106//1925 1633//1926
f 957//1927 253//1927 958//1927
f 445//1928 1634//1929 446//1930
f 1110//1931 1111//1931 1635//1931
f 684//1932 1112//1933 450//1934
f 1175//1935 1176//1936 1636//1937
f 1177//1938 358//1938 354//1938
f 683//1939 682//1939 1119//1939
f 1637//1940 1638//1941 1148//1359
f 1639//1942 1640//1943 1641//1944
f 1091//1945 1642//1945 1092//1945
f 800//1946 956//1946 1643//1946
f 1644//1947 1645//1948 1107//1319
f 1646//1949 1647//1950 1648//1951
f 311//1952 1094//1953 1649//1954
f 960//1955 961//1956 1650//1957
f 709//1958 708//1958 982//1958
f 1651//1959 1652//1960 1634//1929
f 1653//1961 1654//1962 1655//1963
f 975//1193 974//1192 1656//1964
f 976//1965 673//1965 977//1965
f 1657//1966 1658//1967 1659//1968
f 1199//1969 199//1969 1200//1969
f 421//1970 1202//1469 422//1971
f 1619//1972 1660//1973 1661//1974
f 971//1975 802//1975 972//1975
f 687//1976 965//1976 1662//1976
f 1150//1977 1663//1977 1151//1977
f 984//1978 137//1978 985//1978
f 388//1979 1134//1347 389//1980
f 1664//1981 1665//1982 1666//1983
f 1667//1984 1668//1985 416//1521
f 1669//1986 1670//1987 1671//1988
f 836//1989 1203//1989 1672//1989
f 1141//1990 838//1990 1142//1990
f 1664//1991 1673//1992 1124//1993
f 1322//1994 1674//1995 1675//1996
f 1659//1997 1676//1998 1677//1997
f 1488//1999 1490//1999 1678//1999
f 695//2000 694//2000 1444//2000
f 1679//2001 1680//2002 1240//1443
f 1681//2003 1682//2004 1683//2005
f 1684//2006 1685//2007 1222//2008
f 503//2009 1413//2009 1686//2009
f 229//2010 1356//2011 1687//2012
f 1449//2013 1450//2014 1688//2015
f 1234//2016 507//518 1421//2017
f 770//2018 1689//2018 1422//2018
f 1232//2019 1690//2020 1691//2021
f 1234//2016 1421//2017 1233//2022
f 1407//2023 123//2023 1408//2023
f 382//2024 1300//1509 383//2025
f 1692//2026 1693//2027 1302//2028
f 1424//2029 1426//2029 1694//2029
f 904//2030 942//2030 1695//2030
f 1696//2031 1697//2032 1258//1460
f 1698//2033 1699//2034 1700//2035
f 268//2036 924//2037 1498//2038
f 1500//2039 1501//2040 1701//2041
f 926//2042 1702//2042 927//2042
f 1703//2043 1704//2043 1270//2043
f 1427//2044 1428//2044 1705//2044
f 948//2045 949//2045 1706//2045
f 1485//2046 1486//2046 1707//2046
f 548//2047 1429//2047 1708//2047
f 1052//2048 295//2048 929//2048
f 930//2049 870//2049 931//2049
f 554//2050 1472//2051 1709//2052
f 1473//2053 551//2053 1474//2053
f 1283//2054 1710//2055 1711//2056
f 1709//2057 1284//2058 1285//2059
f 1446//2060 177//2060 1447//2060
f 485//551 1212//1417 411//552
f 1417//2061 215//2061 1418//2061
f 427//2062 1057//1268 428//2063
f 943//2064 944//2065 1712//2066
f 455//444 457//446 945//2067
f 1713//2068 1714//2069 1715//2070
f 726//2071 725//2071 1451//2071
f 1713//2072 1716//2073 1087//2074
f 1717//2075 589//2075 1076//2075
f 545//2076 544//2076 915//2076
f 1050//2077 1718//2078 1719//2079
f 912//2080 1720//2080 913//2080
f 699//2081 917//2081 1721//2081
f 1435//2082 1722//2082 1436//2082
f 1723//2083 1724//2084 1029//1235
f 1725//2085 1726//2086 1727//2087
f 755//2088 561//2088 1387//2088
f 1373//2089 131//2089 1374//2089
f 385//2090 1167//1374 386//2091
f 1390//2092 1392//2092 1728//2092
f 557//2093 1368//2093 1729//2093
f 89//2094 1730//2094 1731//2094
f 1732//2095 1733//2096 1734//2097
f 1735//2098 1736//2099 1153//2100
f 1737//2101 629//2101 1156//2101
f 720//2102 1402//2102 1738//2102
f 1379//2103 1380//2103 1739//2103
f 515//2104 1381//2105 511//2106
f 1740//2107 1741//2108 1096//2109
f 1742//2110 833//2110 1103//2110
f 1291//2111 1293//2111 1743//2111
f 1384//2112 1744//2112 1385//2112
f 905//2113 713//2113 1396//2113
f 1128//2114 1745//2115 1746//2114
f 1196//2116 1747//2117 1748//2118
f 774//2119 867//2119 1404//2119
f 1330//2120 247//2120 1331//2120
f 439//2121 1114//1328 440//2122
f 846//2123 1398//2123 1749//2123
f 1750//2124 1751//2125 1345//1549
f 1752//2126 1753//2127 1754//2128
f 1735//2129 1755//2130 1756//2131
f 1349//2132 1757//2133 1758//2134
f 1351//1556 238//227 1350//1554
f 451//2135 1759//2136 1760//2137
f 1761//2138 1762//2139 1763//2140
f 1027//2141 1028//2141 1764//2141
f 889//2142 1029//2143 830//983
f 1073//2144 1765//2144 1074//2144
f 1000//2145 1766//2145 1001//2145
f 68//73 1767//2146 106//2147
f 885//2148 1008//2148 1768//2148
f 996//2149 1769//2149 997//2149
f 1038//2150 62//65 61//64
f 1030//2151 1031//2151 1770//2151
f 848//2152 847//2152 1003//2152
f 1019//2153 1020//2153 1771//2153
f 820//2154 1021//2155 492//971
f 1005//2156 1006//2157 1772//2158
f 873//2159 872//2159 992//2159
f 909//2160 908//2160 1323//2160
f 1773//2161 1307//2162 41//40
f 734//2163 1309//2163 1774//2163
f 1327//2164 1775//2164 1328//2164
f 704//2165 703//2165 1310//2165
f 66//70 1227//2166 67//71
f 1246//2167 1247//2167 1776//2167
f 1312//2168 1313//2168 1777//2168
f 1386//2169 342//2169 1384//2169
f 207//2170 209//2171 1438//2172
f 1778//2173 216//2174 426//415
f 215//2175 217//2175 1054//2175
f 1079//2176 1488//2176 1678//2176
f 777//2177 723//2178 38//799
f 271//2179 710//2179 272//2179
f 270//2180 272//2180 1452//2180
f 1152//2181 712//2181 1150//2181
f 746//2182 714//2183 715//790
f 263//253 718//2184 264//254
f 262//2185 264//2185 1738//2185
f 1728//2186 325//2186 1390//2186
f 131//2187 133//2187 1164//2187
f 1093//2188 560//2188 1091//2188
f 688//2189 562//2190 563//613
f 85//2191 555//2192 86//2193
f 84//2194 86//2194 1729//2194
f 1779//2195 288//278 461//450
f 287//2196 289//2196 1071//2196
f 1596//2197 892//2197 1594//2197
f 1627//2198 339//2198 1173//2198
f 199//2199 201//2199 1263//2199
f 163//2200 165//2201 1004//2202
f 998//2203 333//2203 996//2203
f 1002//2204 322//2204 1000//2204
f 1780//2205 108//111 369//357
f 107//2206 109//2206 993//2206
f 1781//2207 186//2208 412//400
f 185//2209 187//2209 1672//2209
f 1329//2210 837//2210 1327//2210
f 902//2211 786//2211 839//2211
f 1187//2212 330//2212 1185//2212
f 143//2213 145//2214 1324//2215
f 296//2216 298//2216 1721//2216
f 1075//2217 869//2217 1073//2217
f 1435//2218 1308//2219 735//2220
f 304//2221 306//2221 1311//2221
f 278//2222 280//2222 1600//2222
f 928//2223 880//2223 926//2223
f 782//2224 882//2224 783//2224
f 1782//2225 100//102 364//351
f 99//2226 101//2226 1539//2226
f 1531//2227 539//2227 1529//2227
f 115//2228 117//2228 916//2228
f 914//2229 530//2229 912//2229
f 894//2230 532//2231 533//567
f 1783//2232 224//2233 429//418
f 223//2234 225//2234 1572//2234
f 1601//2235 344//2235 1585//2235
f 1261//2236 1427//2236 1705//2236
f 1289//2237 320//2237 1286//2237
f 123//2238 125//2238 1297//2238
f 90//2239 92//2239 1708//2239
f 1743//2240 676//2240 1291//2240
f 247//2241 249//2241 1120//2241
f 177//2242 179//2243 1209//2244
f 1424//2245 489//485 336//321
f 1689//2246 1279//2246 1281//2246
f 149//2247 151//2247 1686//2247
f 169//2248 171//2248 1468//2248
f 499//2249 1352//2249 1467//2249
f 500//504 14//505 498//502
f 1784//2250 1493//2251 58//2252
f 157//2253 159//2253 1551//2253
f 1785//2254 232//220 432//2255
f 231//2256 233//2256 1445//2256
f 1566//2257 346//2257 1009//2257
f 1786//2258 254//244 444//433
f 253//2259 255//2259 1662//2259
f 673//2260 963//2260 1628//2260
f 674//2261 35//728 672//2262
f 1406//2263 351//2263 1304//2263
f 313//2264 315//2264 983//2264
f 75//2265 77//2265 1643//2265
f 1095//2266 801//2266 979//2266
f 822//2267 803//2268 804//2269
f 1624//2270 328//2270 987//2270
f 137//2271 139//2271 1139//2271
f 1359//2272 349//2272 1357//2272
f 239//2273 241//2273 1749//2273
f 1179//2274 1621//2275 795//2276
f 191//2277 193//2278 1632//2279
f 825//975 1607//2280 1594//2281
f 888//1084 878//2282 288//1082
f 287//2283 1557//2283 888//2283
f 517//2284 508//2285 819//962
f 343//2286 1362//2287 1787//2288
f 1788//2289 1744//2289 1384//2289
f 763//856 789//2290 1788//2291
f 207//2292 1379//2292 516//2292
f 719//2293 718//2294 717//2295
f 780//2296 905//2296 778//2296
f 556//2297 555//2298 550//2299
f 756//2300 755//2300 798//2300
f 327//2301 1391//2302 1390//2303
f 131//2304 1373//2304 580//2304
f 512//2305 510//524 516//537
f 340//2306 1254//2306 789//2306
f 270//802 1204//2307 717//803
f 777//889 779//891 721//2308
f 215//2309 1417//2309 819//2309
f 23//2310 1489//2310 1488//2310
f 1787//2288 23//2311 343//2286
f 304//2312 1485//2312 886//2312
f 1789//2313 1722//2313 1435//2313
f 45//2314 901//2314 1789//2314
f 725//2315 710//1069 877//1068
f 723//2316 1500//2317 887//2318
f 331//868 1246//2319 754//2320
f 908//2321 573//2321 504//2321
f 812//2322 1078//2323 811//2324
f 814//2325 813//2326 828//981
f 185//2327 1312//2327 843//2327
f 902//2328 1775//2328 1327//2328
f 757//2329 902//1107 758//1109
f 698//2330 697//2331 886//1076
f 871//2332 930//2332 901//2332
f 899//2333 878//2282 888//1084
f 882//2334 1560//2335 827//2336
f 583//2337 582//2338 580//644
f 90//2339 1256//2339 550//2339
f 776//2340 1248//2341 775//2342
f 796//2343 1286//2343 797//2343
f 337//2344 1220//2345 757//2346
f 520//2347 491//2348 843//1004
f 149//511 1216//2349 504//512
f 1790//2350 752//2351 1279//2352
f 115//583 1540//2353 541//584
f 532//2354 1534//2354 883//2354
f 884//2355 1529//2355 540//2355
f 897//2356 896//2357 538//578
f 1784//2358 906//2359 1602//2360
f 809//2361 808//970 493//495
f 500//2362 1548//2363 730//2364
f 169//479 1515//2365 486//480
f 872//2366 537//2366 541//2366
f 107//2367 1005//2367 538//2367
f 323//2368 884//2368 69//2368
f 69//2369 324//2369 323//2369
f 324//2370 1766//2371 1000//2372
f 787//905 883//2373 324//2374
f 1030//2375 907//2376 334//1024
f 847//2377 487//2378 486//2379
f 163//2380 1019//2380 493//2380
f 335//2381 1769//2381 996//2381
f 1769//2382 731//814 730//813
f 677//2383 1292//2384 1291//2385
f 247//739 1330//2386 680//740
f 223//2387 1588//2387 828//2387
f 26//2388 1586//2389 1585//2390
f 296//2391 1027//2391 879//2391
f 1791//2392 1765//2392 1073//2392
f 740//2393 739//2393 1791//2393
f 143//2394 1129//2394 574//2394
f 332//2395 1629//2395 1185//2395
f 1629//2396 805//937 766//936
f 746//2397 1663//2397 1150//2397
f 772//2398 746//2398 747//2398
f 716//793 685//2399 263//791
f 262//2400 1110//2400 716//2400
f 577//2401 576//1129 568//1128
f 1158//2402 769//872 326//871
f 84//607 1175//2403 559//608
f 688//2404 1642//2404 1091//2404
f 807//2405 688//754 689//756
f 682//2406 678//743 681//742
f 762//2407 1105//2408 594//809
f 841//2409 691//760 690//759
f 278//1049 943//2410 877//1050
f 782//2411 1702//2411 926//2411
f 887//2412 782//2412 784//2412
f 199//523 1199//2413 509//523
f 341//2414 817//2414 1173//2415
f 835//2416 522//544 527//559
f 786//2417 1141//2418 768//2419
f 544//2420 543//587 542//586
f 894//1092 1720//2421 912//2422
f 1720//2423 744//2423 321//2423
f 99//2424 948//2424 534//2424
f 42//2425 734//2426 613//2427
f 703//2428 701//1115 707//1114
f 738//2429 1061//2429 739//2429
f 890//2430 829//982 879//1057
f 231//765 1063//2431 690//765
f 29//2432 759//2432 1009//2432
f 708//2433 705//2434 793//2435
f 352//2436 960//2436 749//2436
f 313//2437 1237//2437 707//2437
f 353//2438 614//2438 1304//2438
f 803//2439 971//2440 807//2441
f 799//2442 781//2443 559//2444
f 11//2445 875//2445 987//2445
f 137//622 984//2446 568//623
f 5//2447 634//2447 1427//2447
f 547//2448 546//2449 534//570
f 123//654 1407//2450 542//654
f 694//2451 693//2452 861//1031
f 347//2453 1449//2013 742//2454
f 593//2455 963//2455 672//2455
f 253//750 957//2456 681//751
f 686//2457 685//2399 716//793
f 674//2458 976//2458 772//2458
f 75//919 966//2459 793//920
f 822//2460 980//2460 979//2460
f 749//2461 822//966 750//968
f 63//66 770//2462 737//821
f 502//508 501//509 497//508
f 338//2463 1425//2464 1424//2465
f 1425//2466 728//2467 727//2468
f 177//2469 1446//2469 526//2469
f 858//2470 519//562 509//561
f 53//2471 794//2472 765//2473
f 570//2474 567//624 574//634
f 329//2475 1144//2476 766//2477
f 191//2478 1146//2478 527//2478
f 1792//2479 1618//2480 1179//2481
f 350//2482 773//2482 50//2482
f 50//2483 348//335 350//337
f 845//2484 696//2485 680//2486
f 693//2452 240//1029 861//1031
f 239//2487 1343//2487 861//2487
f 742//2488 1487//2489 1357//2490
f 865//2491 484//475 526//554
f 58//60 1339//2492 727//805
f 736//2493 1352//2493 498//2493
f 157//501 1333//2494 497//501
f 1793//2495 1414//2496 1794//2497
f 1795//2498 1745//2499 1796//2500
f 1797//2501 1747//2502 1798//2503
f 1799//2504 1301//2505 1800//2506
f 1801//2507 1718//2508 1802//2509
f 1803//2510 1761//2511 1804//2512
f 1805//2513 1432//2514 1715//2515
f 1806//2516 1583//2517 1807//2518
f 1808//2519 1266//2520 1395//2521
f 1809//2522 1252//2523 1810//2524
f 1811//2525 1752//2526 1812//2527
f 1813//2528 1495//2529 1814//2530
f 1815//2531 1640//2532 1661//2533
f 1816//2534 1726//2535 1484//2536
f 1817//2537 1674//2538 1818//2539
f 1819//2540 1088//2541 1820//2542
f 850//2543 1564//2544 1821//2545
f 1822//2546 1058//2547 1526//2548
f 1823//2549 1732//2550 1824//2551
f 1825//2552 1826//2553 1271//2554
f 1827//2555 1044//2556 1828//2557
f 625//2558 1532//2559 1829//2560
f 1830//2561 1223//2562 1831//2563
f 1832//2564 1243//2565 1236//2566
f 1833//2567 1225//2568 1834//2569
f 1835//2570 1517//2571 1836//2572
f 1476//2573 1837//2573 1546//2573
f 1838//2574 1024//2575 1510//2576
f 1839//2577 1214//2578 1840//2579
f 646//2580 1625//2581 1841//2582
f 1842//2583 1168//2584 1666//2585
f 1843//2586 1117//2587 1844//2588
f 622//2589 1676//2590 1845//2591
f 1846//2592 1522//2593 1528//2594
f 1847//2595 1135//2596 1172//2597
f 1848//2598 1654//2599 1123//2600
f 1849//2601 1154//2601 1850//2601
f 1851//2602 1646//2603 1194//2604
f 1852//2605 1097//2606 1853//2607
f 1854//2608 939//2609 1855//2610
f 1856//2611 1464//2612 1857//2613
f 1858//2614 1317//2615 1371//2616
f 1859//2617 1085//2618 1860//2619
f 1861//2620 1068//2621 1862//2622
f 1863//2623 1569//2624 1041//2625
f 1864//2626 1012//2626 1865//2626
f 1866//2627 1036//2628 1867//2629
f 1868//2630 1554//2631 1018//2632
f 1869//2633 953//2634 1870//2635
f 1871//2636 1458//2637 1872//2638
f 1873//2639 1622//2640 1874//2641
f 1875//2642 1681//2643 1412//2644
f 1876//2645 1698//2646 935//2647
f 1877//2648 919//1136 1878//2649
f 1879//2650 1295//2651 1880//2652
f 1454//2653 1881//2654 1513//2655
f 1673//2656 1882//2656 1125//2656
f 1883//2657 990//2658 1884//2659
f 1885//2660 1670//2661 1886//2662
f 1887//2663 1441//2664 1355//2665
f 587//2666 1888//2667 1401//2668
f 618//2669 1889//2670 1890//2671
f 642//2672 1198//1407 1197//1406
f 1799//2673 1165//2674 126//2675
f 615//2676 1891//2677 929//2678
f 1892//2679 266//2680 1803//2681
f 1805//2682 1055//2683 210//2684
f 1806//2685 1081//2686 281//2686
f 465//2687 282//2687 1083//2687
f 1578//2688 1593//2689 286//2690
f 1808//2691 1430//2692 202//2693
f 1893//2694 601//2695 1809//2522
f 1894//2696 1115//2697 244//2698
f 441//430 242//231 244//233
f 1815//2699 1264//2700 194//2701
f 606//2702 198//2703 1895//2704
f 1816//2705 1314//2706 299//2706
f 473//2707 300//2707 1316//2707
f 607//2708 1896//2709 1897//2710
f 1819//2711 1717//2712 598//2713
f 1821//2545 1898//2714 850//2543
f 1822//2715 1899//2716 218//2717
f 627//2718 1900//2719 1259//2720
f 1823//2721 1696//2722 87//2722
f 88//2723 1258//2723 1901//2723
f 921//2724 638//2725 1902//2726
f 1827//2727 936//2728 110//2728
f 378//2729 111//2729 938//2729
f 1903//2730 1904//2731 625//2558
f 651//2732 1905//2733 1219//2734
f 1234//2735 668//2736 1278//2737
f 1832//2738 1679//2739 146//2740
f 1833//2741 1228//2742 666//2743
f 862//2744 1906//2745 1506//2746
f 1837//2747 1478//2748 648//2749
f 1838//2750 1461//2751 166//2752
f 407//2753 167//2753 1463//2753
f 1896//2754 653//2755 1897//2756
f 1907//2757 1667//2758 182//2759
f 180//2760 182//2761 416//405
f 1841//2582 1102//2762 646//2580
f 1842//2763 1132//2764 134//2765
f 390//2766 135//2766 1134//2766
f 671//2767 1908//2767 1909//2767
f 1910//2768 1651//2769 252//2770
f 447//436 250//240 252//242
f 1911//2771 592//2771 1656//2771
f 1911//2772 1656//2773 622//2589
f 1514//1754 864//1753 230//2774
f 1912//2775 227//2776 1846//2777
f 1847//2778 1241//2779 140//2780
f 1848//2781 1913//2782 256//2783
f 1849//2784 1737//2785 669//2786
f 1851//2787 1731//2788 78//2788
f 1177//2789 79//2789 1730//2789
f 1198//2790 1090//2791 83//2792
f 1852//2793 1742//2794 590//2795
f 1854//2796 1298//2797 118//2797
f 639//2798 1914//2799 1284//2800
f 1915//2801 1233//2802 663//2803
f 654//2804 1916//2805 1219//2806
f 1856//2807 1210//2808 172//2809
f 1858//2810 1917//2811 307//2812
f 477//2813 308//2814 952//2815
f 1378//2816 612//2817 312//2818
f 1051//2819 856//2820 1052//2821
f 1859//2822 1723//2823 290//2824
f 831//2825 1918//2826 1350//2827
f 1863//2828 1042//2829 102//2830
f 374//2831 103//2831 1007//2831
f 1864//2832 1015//2833 636//2834
f 1866//2835 1039//2836 658//2837
f 1868//2838 1022//2839 160//2840
f 1919//2841 317//2842 1869//2843
f 479//2844 318//2844 1107//2844
f 604//2845 1920//2846 1191//2847
f 1871//2848 1580//2849 273//2849
f 1921//2850 925//2851 1898//2852
f 1875//2853 1552//2854 152//2855
f 655//2856 1922//2856 1544//2856
f 1479//1706 665//1705 1923//2857
f 1876//2858 1567//2859 93//2859
f 367//2860 94//2860 950//2860
f 1903//2861 641//2861 1904//2861
f 1878//2649 923//2862 630//2863
f 610//2864 1924//2865 1482//2866
f 1882//2867 1909//2868 482//2869
f 1885//2870 1637//2871 188//2872
f 1887//2873 1750//2874 234//2875
f 1417//2876 517//2876 819//2876
f 1362//2287 1489//2877 1787//2288
f 1379//2878 512//2879 516//2880
f 1254//2881 1744//2881 789//2881
f 1557//2882 899//2882 888//2882
f 1560//2883 1607//2883 827//2883
f 1204//2884 719//2293 717//2295
f 779//2885 778//2885 1397//2885
f 796//925 798//927 1388//2886
f 1256//2887 556//2297 550//2299
f 1373//2888 583//2888 580//2888
f 1248//2889 1391//2889 775//2889
f 752//2890 754//2890 1776//2890
f 1216//2891 908//2891 504//2891
f 1220//2345 1775//2892 757//2346
f 1312//2893 520//2894 843//2895
f 1485//2896 698//2897 886//2898
f 930//2899 1722//2899 901//2899
f 1005//2900 897//2900 538//2900
f 1534//2901 1766//2901 883//2901
f 1592//2902 884//2903 1768//2904
f 1540//2905 872//2905 541//2905
f 1019//2906 809//2906 493//2906
f 906//2907 907//2907 1770//2907
f 1548//2908 1769//2382 730//813
f 1515//2909 847//2377 486//2379
f 1588//2910 814//2910 828//2910
f 1078//2911 1586//2911 811//2911
f 943//2912 725//2315 877//1068
f 1500//2913 1702//2913 887//2913
f 1061//2914 1765//2914 739//2914
f 1027//2915 890//2915 879//2915
f 1063//2916 841//2916 690//2916
f 759//2917 761//2918 1598//2919
f 1237//2920 703//2920 707//2920
f 614//2921 613//2922 1774//2923
f 1110//2924 686//2925 716//2926
f 976//2927 1663//2927 772//2927
f 957//2928 682//2928 681//2928
f 1175//2929 799//2442 559//2444
f 971//2930 1642//2931 807//2932
f 875//2933 874//2934 1630//2935
f 984//2936 577//2936 568//2936
f 1473//1698 1720//2937 321//2938
f 1407//2939 544//2420 542//586
f 948//2940 547//2940 534//2940
f 634//2941 633//2941 1695//2941
f 1330//2942 845//2484 680//2486
f 1292//2943 773//2944 1405//2945
f 1129//2946 570//2946 574//2946
f 1144//2947 1629//2396 766//936
f 960//2948 980//2948 749//2948
f 966//2949 708//2433 793//2435
f 1199//2950 858//2950 509//2950
f 1487//2951 1449//2013 1688//2015
f 1343//2952 694//2953 861//2954
f 1141//2955 1618//2955 768//2955
f 1146//2956 835//2956 527//2956
f 1446//2957 865//2957 526//2957
f 1333//2958 502//2958 497//2958
f 1339//2959 1425//2466 727//2468
f 1415//2960 1925//2961 1434//2962
f 1253//2963 1926//2964 1268//2965
f 1565//2966 1927//2967 1582//2968
f 1928//2969 1807//2518 1582//2968
f 1746//2970 1367//2971 1763//2972
f 1804//2973 1763//2972 1367//2971
f 211//2974 425//414 1431//2975
f 203//2976 422//2977 1265//2978
f 1277//2979 1734//2980 1748//2981
f 1272//2982 1756//2982 1303//2983
f 1800//2506 1303//2984 1756//2985
f 1824//2986 1734//2980 1277//2979
f 282//2987 460//449 1581//2988
f 267//2989 451//2990 1760//2991
f 1929//2992 1245//2993 1226//2994
f 1224//2995 1930//2996 1213//2997
f 1719//2998 1931//2999 1725//3000
f 88//3001 359//3001 89//3002
f 127//3003 383//3004 1299//3005
f 1828//3006 1046//3007 1536//3008
f 1533//3009 1932//3010 1571//3011
f 1013//3012 1536//3008 1046//3007
f 1933//3013 1026//3014 1037//3015
f 1547//3016 1934//3017 1556//3018
f 147//3019 393//3020 1242//3021
f 180//3022 411//399 1211//3023
f 1089//3024 1935//3025 1060//3026
f 1496//3027 1936//3028 1460//3029
f 1872//3030 1460//3030 1936//3030
f 300//3031 468//458 1724//3032
f 111//3033 371//3034 1043//3035
f 103//3036 366//3037 1568//3038
f 161//3039 400//3040 1553//3041
f 167//3042 402//390 1023//3043
f 219//3044 428//3045 1056//3046
f 457//786 1457//3047 274//3048
f 1069//3049 1937//3050 1084//3051
f 1296//3052 1938//3053 1319//3054
f 1518//3055 1939//3056 1524//3057
f 1677//3058 1940//3059 1653//3060
f 1098//3061 1941//3062 1116//3063
f 1942//3064 1648//3065 1626//3066
f 1943//3067 1170//3068 1155//3069
f 1758//3070 1944//3071 1754//3072
f 1711//3073 1945//3074 1700//3075
f 1693//3076 1855//3077 941//3078
f 920//3079 1703//3080 941//3078
f 1126//3081 1946//3082 1137//3083
f 291//3084 463//3085 1082//3086
f 1623//3087 1947//3088 1639//3089
f 1675//3090 1948//3091 1669//3092
f 1455//3093 1949//3094 1443//3095
f 1109//3096 955//3097 991//3098
f 1870//3099 955//3097 1109//3096
f 308//3100 471//3101 1315//3102
f 257//3103 446//3104 1652//3105
f 250//3106 440//3107 1113//3108
f 79//3109 356//343 1645//3110
f 135//3111 386//3112 1166//3113
f 242//3114 437//3115 1751//3116
f 94//3117 363//3118 1697//3119
f 119//3120 377//3121 937//3122
f 141//3123 389//3124 1133//3125
f 1950//3126 1683//3127 1691//3128
f 1951//3129 1466//3130 1471//3131
f 195//3132 418//407 1638//3133
f 189//3134 414//3135 1668//3136
f 235//3137 434//3138 1440//3139
f 153//3140 397//3141 1680//3142
f 173//3143 406//3144 1462//3145
f 778//3146 38//892 780//894
f 798//927 797//926 756//928
f 753//869 331//868 754//2320
f 857//1025 334//1024 907//2376
f 760//3147 345//3147 761//3147
f 594//3148 729//3148 762//3148
f 613//3149 40//39 42//41
f 745//831 744//830 895//1696
f 424//520 508//519 209//3150
f 206//197 1788//3151 51//3152
f 1382//3153 764//858 206//857
f 39//37 269//3154 37//37
f 454//1111 449//1113 451//2990
f 357//3155 359//3001 88//3001
f 1952//3156 9//3157 1156//3158
f 1167//3159 385//3160 585//3161
f 1360//3162 24//24 1953//3163
f 1057//3164 427//3165 816//3166
f 924//2037 268//2036 785//3167
f 467//457 697//1051 298//3168
f 1382//3169 197//3170 764//3171
f 420//532 422//3172 515//531
f 420//532 510//527 1954//3173
f 1955//3174 1077//3175 25//3176
f 426//959 428//3045 818//958
f 32//3177 773//3177 677//3177
f 1403//3178 33//33 1956//3179
f 392//381 573//629 145//3180
f 1957//3181 1157//3182 10//3183
f 81//1298 969//1297 71//757
f 183//1534 1325//1533 903//1110
f 962//3184 1104//3185 729//3186
f 1521//3187 430//3188 821//3189
f 1955//3190 27//27 1507//3191
f 341//3192 20//3192 765//3192
f 1613//3193 21//21 198//3194
f 840//997 412//998 414//3195
f 293//1281 1072//1280 791//3196
f 1183//3197 805//3198 332//3199
f 1182//1389 806//3200 1183//1390
f 860//1027 429//1028 431//3201
f 1597//3202 221//3203 28//3204
f 700//3205 1789//3205 735//3205
f 302//1660 43//1659 45//3206
f 284//1863 1559//1862 47//978
f 459//448 878//1052 1958//3207
f 364//1099 366//3037 373//1097
f 2//3208 884//3208 540//3208
f 1767//3209 3//3 1902//3210
f 461//1087 463//3085 889//1085
f 381//656 383//3004 586//655
f 381//656 582//649 1959//3211
f 1952//3212 1260//3213 7//3214
f 410//398 491//489 179//3215
f 1325//3216 175//3217 903//3218
f 506//841 753//843 1790//3219
f 1240//3220 396//3221 394//3222
f 276//1142 924//1141 785//901
f 1960//3223 922//3224 4//3225
f 375//1044 377//3226 876//1042
f 852//1122 857//1124 1784//3227
f 398//964 400//3040 820//963
f 398//964 808//943 1961//3228
f 994//1829 156//1831 733//3229
f 34//3230 1962//3231 962//3232
f 444//748 446//3233 684//746
f 380//573 369//575 371//3034
f 401//389 487//481 165//3234
f 495//3235 731//3236 335//3237
f 496//1206 994//1205 733//3238
f 745//3239 1472//2051 554//2050
f 1960//3240 6//3241 1963//3242
f 1957//3243 12//12 1908//3244
f 338//3245 17//3245 728//3245
f 1337//3246 18//18 176//3247
f 505//513 395//515 397//3141
f 73//1302 1094//1301 823//3248
f 417//406 519//541 193//3249
f 1597//3250 30//30 230//3251
f 387//620 389//3252 566//618
f 1182//1890 1610//1889 806//3253
f 1792//3254 524//864 768//866
f 525//1386 1140//1385 56//865
f 404//484 406//3255 488//482
f 1420//3256 15//15 1923//3257
f 1356//2011 229//2010 741//827
f 692//3258 432//3259 434//3138
f 40//888 353//887 310//3260
f 1773//3261 310//3260 312//3262
f 1094//1953 311//1952 823//3263
f 443//768 435//770 437//3115
f 435//770 696//769 1964//3264
f 237//1562 1356//1561 741//957
f 1114//3265 441//3266 244//2698
f 1634//3267 447//3268 252//2770
f 1808//3269 1394//3270 1965//3271
f 1803//3272 1366//3272 1966//3272
f 1848//2781 1122//1335 1913//2782
f 1851//3273 1193//3274 1967//3275
f 1799//3276 1755//3277 1968//3278
f 1805//3279 1714//3280 1969//3281
f 1811//3282 1118//3283 1970//3284
f 1859//3285 1727//3286 1971//3287
f 1847//3288 1171//3289 1972//3290
f 1815//3291 1660//3292 1973//3293
f 1839//3294 1671//3295 1974//3296
f 1822//2715 1525//1773 1899//2716
f 1816//3297 1483//3298 1975//3299
f 1806//3300 1086//3301 1976//3302
f 1871//3303 1584//3304 1977//3305
f 1827//3306 1542//3307 1978//3308
f 1876//3309 934//3310 1979//3311
f 1823//3312 1276//3313 1980//3314
f 1854//3315 1692//3316 1981//3317
f 1856//3318 1215//3319 1982//3320
f 1832//3321 1235//3322 1983//3323
f 1868//3324 1017//3325 1984//3326
f 1863//3327 1040//3328 1985//3329
f 1843//3330 1655//3331 1986//3332
f 1869//3333 1108//3333 1987//3333
f 1842//3334 1665//3335 1988//3336
f 1885//3337 1641//3338 1989//3339
f 1875//3340 1411//1633 1990//3341
f 1838//3342 1509//3343 1991//3344
f 1846//3345 1527//1776 1992//3346
f 1858//2810 1370//1576 1917//2811
f 1887//3347 1354//1559 1993//3348
f 1149//3349 261//3350 1890//3351
f 129//132 327//3352 326//3353
f 245//3354 677//3354 762//3354
f 812//3355 213//202 23//540
f 65//3356 332//3357 331//3358
f 529//3359 341//3359 340//3359
f 1326//3360 184//177 1897//3361
f 345//3362 824//1007 26//1006
f 277//267 1898//2852 925//2851
f 911//3363 98//3364 1904//3365
f 113//3366 540//3366 635//3366
f 114//117 921//2724 1902//2726
f 1962//3367 975//3368 1656//3369
f 776//3370 121//123 5//657
f 554//3371 1709//2057 1285//2059
f 490//3372 338//3372 337//3372
f 1234//2735 1278//2737 507//3373
f 329//3374 565//616 11//615
f 1611//3375 1908//3376 12//3377
f 60//3378 335//3379 334//3380
f 105//3381 1014//1221 999//1223
f 1923//3382 156//152 1573//3383
f 347//3384 743//3384 29//3384
f 751//3385 353//3386 352//3387
f 401//490 164//3388 492//491
f 60//3378 495//3389 335//3379
f 62//498 1038//1245 496//499
f 495//3389 60//3378 62//3390
f 1014//3391 105//107 106//109
f 69//3392 536//572 324//3393
f 1007//3394 370//3395 374//3396
f 108//111 370//358 369//357
f 536//572 69//3392 68//108
f 370//3397 108//3397 372//3397
f 392//630 144//3398 569//631
f 67//3399 1184//3400 1183//3401
f 65//3356 1183//3401 332//3357
f 1183//3401 65//3356 67//3399
f 311//298 1649//3402 312//299
f 310//297 751//3385 311//298
f 706//3403 478//3404 475//3405
f 353//3386 751//3385 310//297
f 952//3406 475//3407 477//3407
f 478//3404 706//3403 314//3408
f 277//267 925//2851 276//265
f 46//3409 783//3410 882//3411
f 456//3412 459//1045 279//3413
f 98//3364 911//3363 96//3414
f 97//99 533//567 532//2231
f 376//3415 116//3416 379//3417
f 114//1160 113//3418 922//1139
f 950//3419 365//3420 367//3421
f 100//102 365//352 364//351
f 459//1045 456//3412 455//1046
f 783//3410 46//3409 48//3422
f 114//117 1902//2726 3//118
f 113//580 2//579 540//3423
f 938//3424 376//3425 378//3426
f 116//3427 376//364 375//363
f 365//3428 100//3428 368//3428
f 1083//3429 462//3430 465//3431
f 288//278 462//451 461//450
f 1593//2689 284//3432 286//2690
f 738//3433 285//275 826//1091
f 462//3430 288//3434 464//3435
f 302//3436 303//3436 1306//3436
f 700//3437 735//819 42//818
f 1316//3438 470//3439 473//3440
f 305//3441 470//3442 702//3443
f 470//3439 305//3444 472//3445
f 1307//3446 303//3446 41//3446
f 700//3437 42//818 41//3447
f 524//3448 1792//3449 53//3448
f 417//555 192//3450 523//556
f 388//3451 138//3452 391//3453
f 1610//3454 1611//3375 12//3377
f 12//3377 565//3455 1610//3454
f 1107//3456 792//3457 479//3458
f 480//3459 355//3460 76//3461
f 70//3462 804//2269 803//2268
f 54//548 1614//1904 525//549
f 524//3448 53//3448 54//3463
f 1134//3464 388//3465 390//3465
f 138//3466 388//376 387//375
f 355//3460 480//3459 792//3467
f 970//1913 74//1915 72//3468
f 804//2269 70//3462 72//3469
f 467//1053 297//3470 830//1054
f 295//285 1052//3471 293//283
f 44//3472 790//3473 871//3474
f 214//1285 213//3475 1077//1286
f 427//3165 216//3476 816//3166
f 1498//1732 269//260 268//259
f 39//258 724//800 268//259
f 271//3477 453//3478 452//3479
f 271//3480 452//1607 711//1607
f 724//800 38//799 723//2178
f 929//3481 295//3481 294//3481
f 790//3473 44//3472 294//3482
f 424//533 208//3483 511//534
f 205//3484 1383//3484 206//3484
f 1361//3485 205//3485 52//3485
f 206//197 51//3152 52//195
f 216//2174 427//416 426//415
f 24//3486 214//3487 1953//3488
f 439//3489 248//3490 442//3491
f 246//1315 245//3492 1104//1316
f 449//439 263//3493 450//439
f 261//3350 1149//3349 259//3494
f 260//250 715//790 714//2183
f 385//3160 132//3495 585//3161
f 130//3496 129//3496 1157//3496
f 359//1383 1177//1383 1730//3497
f 85//3498 358//345 357//344
f 1090//2791 81//3499 83//2792
f 82//86 563//613 562//2190
f 33//236 246//235 1956//3500
f 245//732 32//731 677//3501
f 1114//3265 439//3489 441//3266
f 248//238 439//3502 679//3503
f 85//3504 360//3505 358//3506
f 132//3507 385//3508 579//3509
f 9//3510 130//3510 1156//3510
f 327//3352 129//132 8//648
f 184//177 1326//3360 183//175
f 55//3511 839//996 786//3512
f 186//2208 413//401 412//400
f 852//3513 1784//2250 58//2252
f 1463//3514 405//3515 407//3516
f 170//3517 405//392 404//392
f 21//186 529//565 197//187
f 229//217 1687//3518 230//218
f 30//216 743//991 229//217
f 432//421 232//3519 433//422
f 554//601 1285//3520 552//599
f 745//3239 553//3521 319//3522
f 122//1463 121//3523 1260//1464
f 1258//3524 362//3524 1901//3524
f 91//93 362//3525 549//3526
f 150//3527 396//384 395//384
f 506//516 1790//3528 63//3529
f 18//168 490//3530 175//169
f 398//386 158//3531 399//387
f 405//3532 170//3533 408//3534
f 59//1019 1338//1019 853//1019
f 852//3513 58//2252 59//3535
f 15//153 156//152 1923//3382
f 155//151 14//505 500//504
f 839//996 55//3511 57//176
f 413//3536 186//3537 415//3538
f 420//409 200//3539 421//410
f 529//565 20//564 341//3540
f 6//125 122//124 1963//3541
f 362//3542 91//593 558//3543
f 381//369 124//3544 382//370
f 553//3521 745//3239 554//2050
f 410//550 178//3545 485//551
f 490//487 17//486 338//3546
f 396//3547 150//3548 575//3548
f 64//517 1421//2017 507//518
f 506//516 63//3529 64//517
f 435//424 240//3549 436//425
f 1351//1556 237//225 238//227
f 868//3550 348//3551 50//3552
f 868//3550 50//3552 49//3553
f 27//209 824//3554 221//210
f 430//3188 224//3555 821//3189
f 1507//3556 27//3557 222//3558
f 224//2233 430//419 429//418
f 445//3559 254//3560 448//3561
f 36//3562 675//3562 975//3562
f 975//3368 1962//3367 36//3563
f 675//729 35//728 674//2261
f 1634//3267 445//3559 447//3268
f 254//244 445//434 444//433
f 1020//3564 163//2200 1004//2202
f 333//3565 998//3565 494//3565
f 333//3566 335//3566 996//3566
f 165//3567 848//3567 1004//3567
f 1031//3568 494//3568 998//3568
f 322//3569 1002//3570 535//3571
f 322//3572 324//3572 1000//3572
f 1006//3573 107//3573 993//3573
f 109//112 108//111 1780//2205
f 1008//3574 535//3571 1002//3570
f 109//3575 873//3575 993//3575
f 109//3576 1780//3576 873//3576
f 145//3577 909//3577 1324//3577
f 1247//3578 572//3578 1187//3578
f 280//3579 900//3579 1600//3579
f 280//3580 1958//3580 900//3580
f 880//3581 882//3582 782//3583
f 1561//3584 881//3584 928//3584
f 1541//3585 115//3585 916//3585
f 539//3586 540//3586 1529//3586
f 101//3587 898//3587 1539//3587
f 101//3588 1782//3588 898//3588
f 530//3589 532//3589 894//3589
f 1535//3590 531//3590 914//3590
f 330//3591 1187//3591 572//3591
f 330//3592 332//3592 1185//3592
f 1130//3593 143//2213 1324//2215
f 351//3594 1406//3594 910//3594
f 351//3595 353//3595 1304//3595
f 1238//3596 313//3596 983//3596
f 315//3597 709//3597 983//3597
f 709//3598 315//3599 314//3600
f 961//3601 910//3601 1406//3601
f 1558//3602 287//3602 1071//3602
f 289//279 288//278 1779//2195
f 892//3603 1596//3603 893//3603
f 892//3604 825//3605 1594//3606
f 944//3607 278//3607 1600//3607
f 280//270 279//269 1958//3608
f 880//3609 928//3609 881//3609
f 880//3581 782//3583 926//3610
f 117//3611 545//3611 916//3611
f 545//3612 117//3613 116//3614
f 942//3615 539//3615 1531//3615
f 949//3616 99//3616 1539//3616
f 101//103 100//102 1782//2225
f 530//3617 914//3617 531//3617
f 530//3618 894//3618 912//3618
f 1308//3619 1435//3619 1437//3619
f 1486//3620 304//3620 1311//3620
f 306//3621 305//3441 702//3443
f 892//3604 738//3622 825//3605
f 1062//3623 893//3623 1596//3623
f 289//3624 891//3624 1071//3624
f 289//3625 1779//3625 891//3625
f 801//932 803//934 822//3626
f 972//3627 802//3627 1095//3627
f 77//3628 800//3628 1643//3628
f 800//3629 77//3630 76//3631
f 328//3632 1624//3632 564//3632
f 328//3633 11//3633 987//3633
f 985//3634 137//3634 1139//3634
f 1615//3635 1621//3635 1181//3635
f 193//3636 859//3636 1632//3636
f 1435//2218 735//2220 1789//3637
f 1309//3638 1308//3638 1437//3638
f 306//3639 704//3639 1311//3639
f 306//3640 702//3640 704//3640
f 1488//3641 1079//3642 812//3643
f 23//3644 1488//3641 812//3643
f 1418//3645 215//3645 1054//3645
f 217//3646 216//2174 1778//2173
f 869//3647 871//3647 1791//3647
f 931//3648 870//3648 1075//3648
f 298//3649 699//3649 1721//3649
f 1374//3650 131//3650 1164//3650
f 133//3651 132//3507 579//3509
f 325//3652 1728//3652 581//3652
f 325//3653 327//3653 1390//3653
f 86//3654 557//3654 1729//3654
f 560//610 562//612 688//3655
f 1387//3656 561//3656 1093//3656
f 712//3657 714//3658 746//3659
f 1396//3660 713//3660 1152//3660
f 264//3661 720//3661 1738//3661
f 676//3662 677//2383 1291//2385
f 1331//3663 247//3663 1120//3663
f 249//239 248//238 679//3503
f 187//3664 836//3664 1672//3664
f 187//3665 1781//3665 836//3665
f 837//3666 786//3667 902//3668
f 1142//3669 838//3669 1329//3669
f 339//3670 1627//3670 528//3670
f 339//324 341//326 1173//3671
f 1200//3672 199//3672 1263//3672
f 201//191 200//190 1954//3673
f 342//3674 51//3152 1788//3151
f 1363//3675 514//3675 1386//3675
f 209//3676 518//3676 1438//3676
f 721//2308 723//3677 777//889
f 1501//3678 722//3678 1372//3678
f 272//3679 726//3679 1452//3679
f 1427//3680 1261//3680 776//3680
f 5//657 1427//3681 776//3370
f 1408//3682 123//3682 1297//3682
f 125//128 124//127 1959//3683
f 320//3684 319//3685 797//3686
f 1474//3687 551//3687 1289//3687
f 92//3688 548//3688 1708//3688
f 92//94 549//3526 548//3689
f 489//3690 1424//3690 1694//3690
f 336//321 338//323 1424//2245
f 1447//3691 177//2242 1209//2244
f 1422//3692 1689//3692 1281//3692
f 151//3693 503//3693 1686//3693
f 503//3694 151//3695 150//3696
f 1205//3697 270//3697 1452//3697
f 721//3698 1372//3698 722//3698
f 342//3699 1386//3699 514//3699
f 342//3700 1788//3700 1384//3700
f 1380//3701 207//2170 1438//2172
f 349//3702 348//956 742//955
f 1404//3703 867//3703 1359//3703
f 241//3704 846//3704 1749//3704
f 241//3705 1964//3705 846//3705
f 967//3706 75//3706 1643//3706
f 801//3707 1095//3707 802//3707
f 801//3708 822//3708 979//3708
f 1145//3709 564//3709 1624//3709
f 139//3710 571//3710 1139//3710
f 571//3711 139//3712 138//3711
f 1147//3713 191//2277 1632//2279
f 1621//3714 1179//3714 1181//3714
f 1179//2274 795//2276 1792//3715
f 159//3716 810//3716 1551//3716
f 159//3717 1961//3717 810//3717
f 1549//3718 499//3718 1467//3718
f 1493//3719 1602//3719 1604//3719
f 1493//2251 1784//2250 1602//3720
f 1516//3721 169//3721 1468//3721
f 346//3722 1566//3722 834//3722
f 346//3723 29//3723 1009//3723
f 1064//3724 231//3724 1445//3724
f 233//221 232//220 1785//2254
f 233//3725 695//3725 1445//3725
f 233//221 1785//2254 695//3726
f 1450//3727 834//3727 1566//3727
f 171//3728 866//3728 1468//3728
f 866//3729 171//3730 170//3731
f 1352//3732 499//503 498//502
f 1340//3733 1493//3733 1604//3733
f 1334//3734 157//3734 1551//3734
f 159//156 158//155 1961//3735
f 1028//3736 296//3736 1721//3736
f 869//3737 1075//3737 870//3737
f 869//3738 1791//3738 1073//3738
f 1080//3739 1079//3739 1678//3739
f 217//3740 815//3740 1054//3740
f 217//3741 1778//3741 815//3741
f 344//3742 1601//3743 844//3744
f 344//3745 26//3745 1585//3745
f 1589//3746 223//3746 1572//3746
f 225//3747 224//2233 1783//2232
f 225//3748 842//3748 1572//3748
f 225//3749 1783//3749 842//3749
f 1575//3750 844//3744 1601//3743
f 1255//3751 528//3751 1627//3751
f 201//3752 513//3752 1263//3752
f 201//3753 1954//3753 513//3753
f 1313//3754 185//3754 1672//3754
f 187//3755 186//2208 1781//2207
f 837//3756 1329//3756 838//3756
f 837//3666 902//3668 1327//3757
f 1106//3758 676//3758 1743//3758
f 249//3759 683//3759 1120//3759
f 249//239 679//3503 683//3760
f 1176//3761 84//3761 1729//3761
f 560//3762 1093//3762 561//3762
f 560//3763 688//3763 1091//3763
f 133//3764 578//3764 1164//3764
f 133//3765 579//3765 578//3765
f 1159//3766 581//3766 1728//3766
f 1111//3767 262//3767 1738//3767
f 712//3768 1152//3768 713//3768
f 712//3657 746//3659 1150//3769
f 320//3770 1289//3770 551//3770
f 320//3771 797//3771 1286//3771
f 125//3772 584//3772 1297//3772
f 125//3773 1959//3773 584//3773
f 1257//3774 90//3774 1708//3774
f 92//94 91//93 549//3526
f 1249//3775 1261//3775 1705//3775
f 1221//3776 489//3776 1694//3776
f 179//3777 521//3777 1209//3777
f 1217//3778 149//3778 1686//3778
f 1279//3779 1689//3779 771//3779
f 1790//3528 1279//3780 771//3781
f 1344//3782 239//3782 1749//3782
f 241//230 240//229 1964//3783
f 349//3784 1359//3784 867//3784
f 349//3785 742//2488 1357//2490
f 963//3786 673//726 672//725
f 958//3787 253//3787 1662//3787
f 255//245 254//244 1786//2258
f 977//3788 673//3788 1628//3788
f 255//3789 687//3789 1662//3789
f 255//3790 1786//3790 687//3790
f 980//3791 822//3791 749//3791
f 582//649 584//651 1959//3211
f 1248//2341 776//2340 1261//3792
f 1220//3793 337//3793 489//3793
f 491//489 521//543 179//3215
f 753//3794 752//2351 1790//2350
f 760//854 759//3795 29//29
f 697//1051 699//3796 298//3168
f 930//3797 871//3797 870//3797
f 614//3798 353//3798 613//3798
f 778//3799 777//3799 38//3799
f 510//527 513//529 1954//3173
f 1254//3800 340//3800 528//3800
f 875//3801 11//3801 769//3801
f 1493//3802 1339//3802 58//3802
f 484//3803 866//3729 170//3731
f 404//3804 484//3804 170//3804
f 14//3805 736//3805 498//3805
f 781//3806 800//3629 76//3631
f 971//2440 803//2439 802//3807
f 35//3808 593//3808 672//3808
f 976//3809 674//3809 673//3809
f 685//747 687//753 1786//3810
f 685//747 1786//3810 444//748
f 508//519 518//539 209//3150
f 1362//3811 343//3811 514//3811
f 829//1086 891//1089 1779//3812
f 829//1086 1779//3812 461//1087
f 1061//3813 738//3813 893//3813
f 813//947 815//949 1778//3814
f 813//947 1778//3814 426//959
f 1078//2323 812//2322 1079//3815
f 522//992 836//994 1781//3816
f 522//992 1781//3816 412//998
f 1141//2418 786//2417 838//3817
f 817//2414 341//2414 765//3818
f 1702//3819 782//3819 887//3819
f 904//3820 540//3820 539//3820
f 543//3821 545//3612 116//3614
f 375//3822 543//3822 116//3822
f 744//1094 1720//2421 894//1092
f 567//3823 571//3711 138//3711
f 387//3824 567//3824 138//3824
f 1144//2476 329//2475 564//3825
f 1618//2480 1792//2479 768//3826
f 1292//2943 677//3827 773//2944
f 705//3828 709//3598 314//3600
f 960//3829 352//3829 910//3829
f 805//3198 1629//3830 332//3199
f 762//3831 676//3831 1105//3832
f 678//735 683//745 679//736
f 1663//3833 746//3833 772//3833
f 1642//2931 688//3834 807//2932
f 576//638 578//640 579//646
f 1158//2402 326//871 581//3835
f 808//943 810//945 1961//3228
f 857//3836 906//2359 1784//2358
f 1548//2363 500//2362 499//3837
f 1560//2335 882//2334 881//3838
f 878//1052 900//1104 1958//3207
f 1534//3839 532//3839 531//3839
f 1529//1859 884//3840 1592//1860
f 896//1098 898//3841 1782//3842
f 896//1098 1782//3842 364//1099
f 1586//2389 26//2388 811//3843
f 691//999 842//1001 1783//3844
f 691//999 1783//3844 429//1028
f 761//3845 345//3845 844//3845
f 774//880 350//879 867//3846
f 696//769 846//3847 1964//3264
f 826//1091 825//3848 738//3433
f 1607//2280 825//975 827//977
f 718//3849 720//3849 264//3849
f 905//3850 714//3850 713//3850
f 755//845 562//844 561//3851
f 555//2192 557//3852 86//2193
f 1391//2302 327//2301 775//3853
f 551//3854 1473//3854 321//3854
f 635//694 634//693 5//3855
f 546//589 548//591 549//597
f 501//3856 503//3694 150//3696
f 395//3857 501//3857 150//3857
f 770//3858 771//3858 1689//3858
f 1790//3528 771//3781 63//3529
f 728//3859 1425//2464 338//2463
f 1489//2877 23//2311 1787//2288
f 1030//3860 334//3860 494//3860
f 731//3236 1769//3861 335//3237
f 487//481 848//3862 165//3234
f 885//3863 323//3863 535//3863
f 537//574 873//3864 1780//3865
f 537//574 1780//3865 369//575
f 1766//2371 324//2370 883//3866
f 1765//3867 1791//3867 739//3867
f 1744//3868 1788//2291 789//2290
f 693//762 695//767 1785//3869
f 693//762 1785//3869 432//763
f 1449//3870 347//3870 834//3870
f 1722//3871 1789//3871 901//3871
f 710//3872 726//3872 272//3872
f 1500//2317 723//2316 722//3873
f 1246//3874 331//3874 572//3874
f 573//629 909//3875 145//3180
f 1775//3876 902//3876 757//3876
f 1308//3877 734//3877 735//3877
f 701//776 704//779 702//777
f 1621//3878 794//3878 795//3878
f 1792//3715 795//2276 53//3879
f 519//541 859//3880 193//3249
f 474//473 480//472 705//1017
f 121//882 775//881 7//3881
f 553//929 756//928 797//926
f 88//3882 1901//3882 558//3882
f 394//3883 575//635 573//637
f 490//851 758//850 903//3218
f 310//3260 1773//3261 40//888
f 469//470 478//469 701//1115
f 30//30 1597//3250 28//28
f 860//1274 433//758 691//760
f 791//3884 1072//1853 285//825
f 285//825 740//824 791//3884
f 529//910 763//909 764//3885
f 454//3886 453//794 718//796
f 213//3887 811//3888 25//3889
f 692//1720 436//1722 693//2452
f 868//3890 741//957 348//956
f 505//1539 399//507 501//509
f 1337//3891 59//62 16//61
f 728//806 16//61 58//60
f 15//15 1420//3256 13//13
f 457//3892 456//1067 710//1069
f 361//356 368//355 546//3893
f 4//3894 113//3894 635//3894
f 44//3895 43//1145 294//1147
f 1360//1565 52//53 22//52
f 22//52 51//51 343//328
f 751//839 750//838 823//3263
f 565//862 767//861 806//3896
f 840//1887 523//545 522//544
f 969//1186 72//77 71//76
f 70//75 689//942 71//76
f 384//380 391//379 576//3897
f 12//12 1957//3243 10//10
f 1962//3898 34//34 36//36
f 438//438 448//437 678//3899
f 675//877 747//876 748//3900
f 21//21 1613//3193 19//19
f 419//1409 421//560 519//562
f 1140//1352 57//59 56//58
f 55//57 768//903 56//58
f 566//1922 569//625 567//624
f 806//3200 805//3901 1183//1390
f 354//3902 360//895 781//897
f 129//870 769//872 10//3903
f 684//1932 450//1934 685//3904
f 245//3905 762//3906 729//3907
f 403//396 408//395 487//1011
f 155//3908 732//3909 733//3229
f 1559//1813 48//47 47//46
f 46//45 827//1061 47//46
f 380//368 379//367 537//1037
f 97//1066 787//1065 788//1877
f 3//3 1767//3209 1//1
f 2//3910 69//3910 884//3910
f 824//972 760//974 28//3204
f 818//1848 821//1850 813//3911
f 27//27 1955//3190 25//25
f 443//432 442//431 696//772
f 33//33 1403//3178 31//31
f 32//3912 50//3912 773//3912
f 733//3238 731//3913 495//3914
f 60//1023 857//1025 61//3915
f 820//2154 492//971 808//970
f 1767//2146 68//73 1//72
f 536//906 787//905 324//2374
f 373//361 372//360 896//3916
f 889//2142 830//983 829//982
f 790//913 740//912 1791//3917
f 458//454 464//453 878//3918
f 1403//1623 49//49 31//48
f 1773//2161 41//40 40//39
f 409//3919 415//3919 491//3919
f 65//867 753//869 66//3920
f 552//3921 1288//3922 82//3923
f 82//3923 756//3924 552//3921
f 357//609 88//3925 558//605
f 586//1580 585//1582 582//3926
f 9//9 1952//3927 7//7
f 260//1611 780//3928 37//1609
f 206//857 763//856 1788//2291
f 515//2104 511//2106 510//3929
f 876//1630 382//585 543//587
f 6//6 1960//3930 4//4
f 1420//1646 64//68 13//67
f 737//821 13//67 63//66
f 488//1672 485//476 484//475
f 18//18 1337//3246 16//16
f 466//463 472//462 697//3931
f 700//3932 45//3206 1789//3933
f 24//24 1360//3162 22//22
f 423//1643 816//1645 508//3934
f 724//1080 784//1079 785//3167
f 1613//1895 54//56 19//55
f 19//55 53//54 765//3935
f 698//2897 1485//2896 1707//3936
f 1436//3937 1722//3938 932//1150
f 1519//3939 841//3939 1065//3939
f 773//878 774//880 1405//3940
f 1398//3941 845//3941 1332//3941
f 1402//3942 719//3942 1206//3942
f 778//3943 905//3943 1397//3943
f 798//3944 755//3944 1388//3944
f 583//3945 1373//3945 1375//3945
f 1368//3946 556//3947 1269//1475
f 1392//3948 1391//3948 1250//3948
f 556//3947 1256//1473 1269//1475
f 1287//3949 796//3949 1388//3949
f 1273//3950 583//3950 1375//3950
f 580//644 582//2338 132//642
f 1391//3951 1248//3952 1250//1453
f 719//3953 1204//3953 1206//3953
f 1274//3954 779//3954 1397//3954
f 1293//3955 1292//3955 1405//3955
f 845//3956 1330//3956 1332//3956
f 865//3957 1446//3957 1448//3957
f 1426//3958 1425//3959 1341//1546
f 736//3960 770//3960 1423//3960
f 770//2462 736//820 737//821
f 1413//3961 502//3961 1335//3961
f 982//3962 708//3962 968//3962
f 980//3963 960//1955 1650//1957
f 1490//3964 1489//3965 1364//1569
f 517//3966 1417//3966 1419//3966
f 1119//3967 682//3967 959//3967
f 593//3968 1105//3969 1633//3970
f 1105//2408 593//807 594//809
f 686//2925 1110//2924 1635//3971
f 1151//3972 1663//3973 978//1196
f 799//3974 1175//1935 1636//1937
f 1092//3975 1642//3975 973//3975
f 1163//3976 577//3976 986//3976
f 874//3977 1158//3977 1630//3977
f 1158//3978 874//3978 769//3978
f 835//3979 1146//3979 1609//3979
f 1180//3980 1618//3981 1143//1356
f 1617//3982 858//3982 1201//3982
f 817//3983 794//3983 1616//3983
f 794//2472 817//3984 765//2473
f 1010//3985 759//2917 1598//2919
f 841//3986 1063//3986 1065//3986
f 1425//3959 1339//1544 1341//1546
f 1346//3987 865//3987 1448//3987
f 526//554 484//475 178//477
f 502//3988 1333//3988 1335//3988
f 1353//3989 736//3989 1423//3989
f 1489//3965 1362//1567 1364//1569
f 1342//1547 517//1547 1419//1547
f 819//962 508//2285 216//960
f 917//3990 698//3990 1707//3990
f 886//1076 697//2331 305//1074
f 1722//3938 930//1148 932//1150
f 1203//3991 835//3991 1609//3991
f 527//559 522//544 192//546
f 1618//3981 1141//1354 1143//1356
f 1174//3992 817//3992 1616//3992
f 858//3993 1199//3993 1201//3993
f 981//3994 980//3963 1650//1957
f 708//3995 966//1183 968//1185
f 577//3996 984//3996 986//3996
f 988//3997 875//2933 1630//2935
f 956//3998 799//3974 1636//1937
f 1642//3999 971//1188 973//4000
f 965//4001 686//4001 1635//4001
f 1663//3973 976//1194 978//1196
f 682//4002 957//4002 959//4002
f 964//4003 593//4003 1633//4003
f 814//4004 1588//4004 1590//4004
f 1587//4005 1586//4006 1502//1741
f 1053//4007 814//4007 1590//4007
f 828//981 813//2326 224//979
f 1586//4006 1078//1739 1502//1741
f 1310//4008 703//4008 1239//4008
f 613//2427 734//2426 1774//4009
f 754//2320 1246//2319 1776//4010
f 1323//4011 908//4011 1218//4011
f 1328//4012 1775//4013 1290//1501
f 520//2894 1312//2893 1777//4014
f 899//4015 1557//4015 1608//4015
f 1595//4016 1607//4017 1562//1817
f 1607//4017 1560//1815 1562//1817
f 1599//4018 899//4018 1608//4018
f 1385//4019 1744//4020 1389//1601
f 512//2879 1379//2878 1739//4021
f 1449//2013 1487//2951 742//2454
f 1444//4022 694//4022 1491//4022
f 547//4023 948//4023 1706//4023
f 915//4024 544//4024 1409//4024
f 913//4025 1720//2937 1475//1700
f 633//4026 904//4026 1695//4026
f 904//4027 633//4027 635//4027
f 1744//4020 1254//1599 1389//1601
f 1262//4028 512//4028 1739//4028
f 516//537 510//524 208//526
f 1358//4029 1487//2951 1688//2015
f 694//2953 1343//2952 1491//4030
f 544//4031 1407//1627 1409//1629
f 1428//4032 634//4032 1695//4032
f 1720//2937 1473//1698 1475//1700
f 1429//4033 547//4033 1706//4033
f 534//570 546//2449 100//568
f 1305//4034 614//2921 1774//2923
f 703//4035 1237//4035 1239//4035
f 1775//4013 1220//1499 1290//1501
f 1208//4036 520//4036 1777//4036
f 843//1004 491//2348 186//1002
f 1280//4037 752//4037 1776//4037
f 908//4038 1216//4038 1218//4038
f 992//4039 872//4039 1605//4039
f 884//1070 885//1072 1768//4040
f 897//4041 1005//2156 1772//2158
f 1001//4042 1766//4043 1606//1881
f 997//4044 1769//4045 1574//1834
f 809//4046 1019//4046 1771//4046
f 907//2376 1030//2375 1770//4047
f 1003//4048 847//4048 1579//4048
f 1074//4049 1765//4050 1591//1856
f 890//4051 1027//4051 1764//4051
f 570//4052 1129//4052 1631//4052
f 1186//4053 1629//4054 1612//1894
f 1629//4054 1144//1892 1612//1894
f 1138//4055 570//4055 1631//4055
f 574//634 567//624 144//626
f 725//4056 943//2064 1712//4057
f 927//4058 1702//4059 1701//2041
f 1451//4060 725//4060 1712//4060
f 1702//4059 1500//2039 1701//2041
f 1070//4061 890//4061 1764//4061
f 879//1057 829//982 297//984
f 1765//4050 1061//1855 1591//1856
f 1603//4062 906//4062 1770//4062
f 847//4063 1515//4063 1579//4063
f 1550//4064 809//4064 1771//4064
f 493//495 808//970 164//493
f 1769//4045 1548//1832 1574//1834
f 1530//4065 1592//2902 1768//2904
f 872//4066 1540//1874 1605//4067
f 1766//4043 1534//1879 1606//1881
f 1538//4068 897//4041 1772//2158
f 538//578 896//2357 108//576
f 729//4069 594//809 35//808
f 744//830 319//303 321//305
f 793//4070 480//3459 76//3461
f 479//3458 792//3457 480//4071
f 73//4072 823//969 804//967
f 550//595 558//3543 91//593
f 1901//4073 362//3542 558//3543
f 7//3881 1260//4074 121//882
f 319//3685 553//4075 797//3686
f 124//127 381//4076 1959//3683
f 504//4077 575//3548 150//3548
f 396//3221 575//4078 394//3222
f 507//1484 66//842 506//841
f 903//3218 175//3217 490//851
f 178//3545 410//550 179//4079
f 717//4080 453//3478 271//3477
f 200//190 420//4081 1954//3673
f 764//4082 197//4082 529//4082
f 25//3889 1077//4083 213//3887
f 707//4084 478//3404 314//3408
f 477//3407 475//3407 478//4085
f 690//4086 433//4086 232//4086
f 208//3483 424//533 209//4087
f 297//3470 467//1053 298//4088
f 276//1142 785//901 783//899
f 877//4089 456//4089 279//4089
f 4//3894 922//3894 113//3894
f 533//1093 96//1130 895//1095
f 367//3421 365//3420 368//4090
f 497//4091 399//4091 158//4091
f 693//2452 436//1722 240//1029
f 868//3890 237//1562 741//957
f 748//3900 975//4092 675//877
f 681//4093 448//3561 254//3560
f 447//3268 445//3559 448//3561
f 525//1386 56//865 524//864
f 568//4094 391//3453 138//3452
f 390//3465 388//3465 391//4095
f 806//3896 1610//4096 565//862
f 76//4097 355//4097 781//4097
f 823//3263 311//1952 751//839
f 314//4098 706//781 705//780
f 685//3904 450//1934 263//4099
f 259//1360 748//835 715//833
f 81//1298 71//757 563//755
f 559//4100 360//3505 85//3504
f 10//3903 1157//4101 129//870
f 729//3907 1104//4102 245//3905
f 509//4103 421//4103 200//4103
f 28//3204 221//3203 824//972
f 680//4104 442//3491 248//3490
f 441//3266 439//3489 442//3491
f 279//269 459//4105 1958//3608
f 541//4106 379//3417 116//3416
f 378//3426 376//3425 379//4107
f 486//4108 408//3534 170//3533
f 407//3516 405//3515 408//4109
f 853//1871 61//1123 852//1122
f 158//155 398//4110 1961//3735
f 155//3908 733//3229 156//1831
f 293//4111 791//914 790//913
f 871//4112 790//4112 1791//4112
f 284//1863 47//978 826//976
f 878//4113 464//4113 288//4113
f 465//3431 462//3430 464//3435
f 374//3396 370//3395 372//4114
f 105//1209 788//907 536//906
f 496//1206 733//3238 495//3914
f 164//3388 401//490 165//4115
f 263//4116 449//4116 718//4116
f 85//4117 357//4117 555//4117
f 144//3398 392//630 145//4118
f 183//1534 903//1110 839//1108
f 413//3536 415//3538 416//4119
f 240//229 435//4120 1964//3783
f 785//3167 268//2036 724//1080
f 271//4121 711//4121 710//4121
f 473//3440 470//3439 472//3445
f 700//3932 302//1660 45//3206
f 542//4122 382//4122 124//4122
f 229//2010 743//828 741//827
f 192//3450 417//555 193//4123
f 1841//4124 1994//4125 662//1312
f 1100//4126 1994//4125 1841//4124
f 1821//4127 1995//4128 1921//2850
f 641//4129 1903//4130 1996//4131
f 1997//4132 1998//4133 1563//4134
f 1999//4135 1995//4128 1821//4127
f 1829//4136 946//4137 2000//4138
f 2001//4139 2002//4139 668//4139
f 1231//4140 2002//4140 1915//4140
f 1282//4141 2003//4141 2004//4141
f 1377//4142 2005//4143 612//2817
f 1884//4144 1376//4145 2006//4146
f 481//4147 2007//4147 482//4147
f 1834//4148 1161//4148 2008//4148
f 2009//4149 648//705 650//707
f 624//4150 2010//4151 2011//4152
f 1867//4153 1047//4154 2012//4155
f 1865//4156 1033//4157 2013//4158
f 609//1398 1920//4159 2014//4160
f 1874//4161 1189//4162 2015//4163
f 1918//4164 595//4164 597//4164
f 2016//4165 1348//4166 2017//4167
f 645//4168 1198//4169 2018//4170
f 621//4171 1889//4172 2019//4173
f 1195//4174 2018//4175 1798//4176
f 1796//4177 1127//4178 2020//4179
f 620//4180 2021//4181 2022//4182
f 1365//4183 2023//4184 1494//4185
f 1881//4186 2024//4187 864//4188
f 1881//4186 1512//4189 2025//4190
f 2026//4191 2027//4192 665//4193
f 1476//4194 2027//4192 2026//4191
f 1051//2819 2028//4195 856//2820
f 1802//4196 1049//4197 2029//4198
f 2030//4199 2031//4200 638//4201
f 1537//4202 2032//4203 919//4204
f 849//4205 1578//4206 2033//4207
f 1577//4208 2033//4209 1862//4210
f 653//2755 1896//2754 2034//4211
f 1818//4212 1321//4213 2035//4214
f 2036//4215 2037//4216 671//4217
f 1673//4218 2037//4216 2036//4215
f 1922//4219 2038//4220 657//4221
f 1543//4222 2038//4220 1922//4219
f 1906//4223 2039//4224 600//4225
f 1836//4226 1504//4227 2040//4228
f 1924//4229 2041//4230 617//4231
f 1880//4232 1481//4233 2042//4234
f 603//1621 1888//4235 2043//4236
f 1794//4237 1399//4238 2044//4239
f 1893//4240 2045//4241 606//2702
f 1810//4242 1620//4243 2046//4244
f 592//4245 1911//4246 2047//4247
f 1845//4248 1658//4249 2048//4250
f 2049//4251 2050//4252 833//4253
f 1114//3265 244//2698 1115//2697
f 1853//4254 1741//4255 2051//4256
f 1900//4257 2052//4258 632//4259
f 1905//4260 2053//4261 654//2804
f 1704//4262 2054//4263 1271//4264
f 1685//4265 2053//4261 1831//4266
f 2055//4267 2056//4268 589//4269
f 1820//4270 1716//4271 2057//4272
f 2058//4273 2059//4274 629//4275
f 940//1158 918//1135 941//1159
f 1038//1245 995//1244 496//499
f 2060//4276 951//4276 1917//4276
f 1035//1257 1025//4277 1016//1255
f 1011//1239 1045//4278 1032//1237
f 989//1585 954//4279 1369//1583
f 1086//1293 1576//4280 1084//1291
f 67//3399 1227//1430 1184//3400
f 1162//1370 1244//4281 1160//1368
f 214//3487 1076//4282 1953//3488
f 122//124 1259//4283 1963//3541
f 1219//4284 175//4284 652//4284
f 1087//2074 1059//4285 1713//2072
f 1124//1993 1136//4286 1664//1991
f 98//4287 626//4287 1904//4287
f 1302//1511 1270//1476 1303//1512
f 1215//1420 1684//4288 1213//1418
f 246//235 1103//4289 1956//3500
f 1584//1845 1997//4290 1582//1843
f 947//1166 1570//4291 933//1164
f 1251//1903 1267//4292 1619//1901
f 1118//1332 1740//4293 1116//1330
f 1153//2100 1169//4294 1735//2098
f 1294//1709 1318//4295 1480//1707
f 1383//1641 1361//4296 1416//1639
f 1400//1618 1433//4297 1393//1616
f 1469//1796 1465//4298 1508//1794
f 1919//4299 80//4300 1644//4301
f 1892//4302 275//4303 1456//4304
f 1477//1703 1555//4305 1410//1701
f 1101//1310 1647//4306 1099//1308
f 2061//4307 1520//4308 1899//4309
f 1912//4310 236//4311 1439//1665
f 1494//4185 1459//4312 1365//4183
f 1727//2087 1048//4313 1725//2085
f 1505//1744 1523//4314 1503//1742
f 1453//1751 1442//4315 1511//1749
f 1671//1988 1320//4316 1669//1986
f 1641//1944 1188//4317 1639//1942
f 2062//4318 1759//4319 1913//4320
f 1128//1342 1762//4321 1121//1340
f 1196//1404 1733//4322 1192//1402
f 1283//1489 1699//4323 1275//1487
f 1232//1435 1682//4324 1230//1433
f 1349//1553 1753//4325 1347//1551
f 974//4326 623//4327 1656//4328
f 1655//1963 1657//4329 1653//1961
f 1260//4330 628//4331 1259//4332
f 1214//1419 181//4333 1982//4334
f 974//4335 1149//4336 623//4337
f 1416//4338 1361//1566 588//4339
f 184//4340 608//4341 1897//2710
f 197//4342 602//4343 1895//4344
f 1076//4345 1077//4346 599//4347
f 1525//4348 2061//4307 1899//4309
f 1752//4349 243//4350 1993//4351
f 1370//4352 2060//4353 1917//4354
f 1122//4355 2062//4318 1913//4320
f 1732//4356 2063//4357 1967//4358
f 1378//1587 1649//4359 661//4360
f 261//4361 619//4362 1890//4363
f 1117//1331 251//4364 1970//4365
f 1103//4366 1104//4367 591//4368
f 277//1814 851//4369 1898//2714
f 1611//1891 483//4370 1909//2868
f 1479//4371 1573//4372 649//4373
f 1472//4374 640//4375 1709//4376
f 1514//4377 1687//4378 596//4379
f 990//1202 1994//4380 991//1203
f 1747//2117 2003//4381 1748//2118
f 1511//1775 1528//1777 1939//4382
f 2025//4383 1939//3056 1518//3055
f 2023//4384 1367//2971 1746//2970
f 1745//4385 2064//4386 2023//4384
f 269//4387 620//4388 619//4389
f 1664//1981 1666//1983 1943//4390
f 1154//1364 2037//4391 1155//1365
f 1657//4392 1844//4393 1941//4394
f 2048//4395 1941//3062 1098//3061
f 1962//3231 592//663 591//662
f 1410//1632 1412//1634 1950//4396
f 1690//2020 2027//4397 1691//2021
f 2051//4398 1944//3071 1758//3070
f 1740//4399 1812//4400 1944//4401
f 1619//1972 1661//1974 1947//4402
f 2046//4403 1947//3088 1623//3087
f 2065//4404 1756//2982 1272//2982
f 2059//4405 2065//4406 1826//4407
f 1225//4408 2002//4409 1226//4410
f 1230//1437 1236//1439 1929//1439
f 1369//1575 1371//1577 1938//4411
f 2006//4412 1938//3053 1296//3052
f 1684//4413 1857//4414 1951//4415
f 1470//1694 2053//4416 1471//1695
f 1337//4417 1916//4418 656//713
f 2057//2960 1925//2961 1415//2960
f 1713//2068 1715//2070 1925//4419
f 1188//4420 1886//4421 1948//4422
f 2015//4423 1948//3091 1675//3090
f 1178//1387 609//4424 608//4425
f 1625//1911 2018//4426 1626//1912
f 1192//1399 1194//1401 1942//4427
f 1121//1334 1123//1336 1940//4428
f 2020//4429 1940//3059 1677//3058
f 2040//4430 1935//3025 1089//3024
f 1503//1772 1526//1774 1935//4431
f 2017//4432 1949//3094 1455//3093
f 1347//1558 1355//1560 1949//4433
f 1480//1711 1484//1713 1931//4434
f 2042//4435 1931//2999 1719//2998
f 1576//4436 1928//4437 1927//4438
f 1564//4439 2033//4440 1927//2967
f 1270//4441 1693//2027 1703//4442
f 2066//4443 1703//3080 920//3079
f 1877//4444 2054//4445 2066//4446
f 2000//4447 1945//3074 1711//3073
f 933//1151 935//1153 1945//4448
f 911//4449 641//4450 640//4451
f 1508//1746 1510//1748 1933//4452
f 1036//4453 2038//4454 1037//4455
f 1536//4456 1013//4457 1537//4458
f 1012//4459 2032//4460 1537//4461
f 1160//1378 1172//1380 1946//4462
f 2008//4463 1946//3082 1126//3081
f 483//4464 1184//1391 1229//4465
f 1393//1603 1395//1605 1926//4466
f 2044//4467 1926//2964 1253//2963
f 1383//4468 603//4468 602//4468
f 1998//4469 1936//3028 1496//3027
f 1495//4470 1995//4471 1998//4469
f 1320//4472 1840//4473 1930//4474
f 2035//4475 1930//2996 1224//2995
f 1326//4476 653//710 652//709
f 1016//1224 1018//1226 1934//4477
f 2012//4478 1934//3017 1547//3016
f 2013//4479 1932//3010 1533//3009
f 1032//1247 1041//1249 1932//4480
f 1048//4481 1860//4482 1937//4483
f 2029//4484 1937//3050 1069//3049
f 1052//1282 856//4485 855//4486
f 1892//2679 1456//4487 266//2680
f 1913//4488 1759//4489 256//4490
f 1899//4491 1520//4492 218//4493
f 1229//1432 1228//1431 2007//4494
f 1107//1319 1919//4495 1644//1947
f 1912//2775 1439//4496 227//2776
f 1917//4497 951//1171 307//4498
f 1919//2841 1869//2843 1987//4499
f 1967//3275 1731//4500 1851//3273
f 1696//4501 1823//3312 1980//3314
f 2003//4502 644//1491 1914//4503
f 1132//4504 1842//3334 1988//3336
f 1165//4505 1799//3276 1968//3278
f 2007//4506 481//4506 1229//4506
f 1241//4507 1847//3288 1972//3290
f 1679//4508 1832//3321 1983//3323
f 1298//4509 1854//3315 1981//3317
f 1314//4510 1816//3297 1975//3299
f 1567//4511 1876//3309 1979//3311
f 1912//2775 1846//2777 1992//4512
f 1651//2769 1910//2768 1986//3332
f 1889//4172 621//4171 2067//4513
f 1055//4514 1805//3279 1969//3281
f 1637//4515 1885//3337 1989//3339
f 1081//4516 1806//3300 1976//3302
f 1552//4517 1875//3340 1990//3341
f 1982//3320 1210//4518 1856//3318
f 2010//4151 624//4150 1034//4519
f 1042//4520 1863//3327 1985//3329
f 936//4521 1827//3306 1978//3308
f 2021//4522 620//4523 1497//4524
f 1892//4525 1803//4525 1966//4525
f 1667//2758 1907//2757 1974//4526
f 1264//4527 1815//3291 1973//3293
f 1580//4528 1871//3303 1977//3305
f 1430//4529 1808//3269 1965//3271
f 1894//2696 1970//3284 1115//2697
f 1993//3348 1750//4530 1887//3347
f 2028//4531 1051//4532 1891//4533
f 1723//4534 1859//3285 1971//3287
f 1922//4219 657//4221 1545//4535
f 1461//4536 1838//3342 1991//3344
f 1022//4537 1868//3324 1984//3326
f 318//4538 317//4538 1107//4538
f 474//473 318//4539 479//471
f 79//4540 78//4540 1730//4540
f 1177//4541 354//4541 79//4541
f 308//2814 307//4542 952//2815
f 469//470 308//4543 477//468
f 88//4544 87//4544 1258//4544
f 135//4545 134//4545 1134//4545
f 384//380 135//4546 390//378
f 127//4547 126//4548 1167//1581
f 586//1580 127//4547 1167//1581
f 141//4549 140//4550 1131//1923
f 566//1922 141//4549 1131//1923
f 147//4551 146//4552 1240//4553
f 394//4554 147//4551 1240//4553
f 119//4555 118//4556 1300//1631
f 876//1630 119//4555 1300//1631
f 94//4557 93//4557 950//4557
f 361//356 94//4558 367//354
f 219//4559 218//4560 1521//1849
f 818//1848 219//4559 1521//1849
f 257//4561 256//4562 1112//4563
f 684//4564 257//4561 1112//4563
f 228//215 227//214 1066//1275
f 860//1274 228//215 1066//1275
f 438//438 250//240 447//436
f 300//4565 299//4565 1316//4565
f 466//463 300//4566 473//464
f 211//4567 210//4568 1057//1644
f 423//1643 211//4567 1057//1644
f 153//4569 152//4570 1336//1540
f 505//1539 153//4569 1336//1540
f 189//4571 188//4572 1148//4573
f 840//4574 189//4571 1148//4573
f 267//4575 266//4576 1207//1413
f 454//443 267//4575 1207//1413
f 195//4577 194//4578 1202//1410
f 419//1409 195//4577 1202//1410
f 173//4579 172//4580 1212//1673
f 488//1672 173//4579 1212//1673
f 409//404 180//2760 416//405
f 443//432 242//231 441//430
f 282//4581 281//4581 1083//4581
f 458//454 282//4582 465//455
f 111//4583 110//4583 938//4583
f 380//368 111//4584 378//366
f 203//4585 202//4586 1381//4587
f 515//4588 203//4585 1381//4587
f 103//4589 102//4589 1007//4589
f 373//361 103//4590 374//362
f 274//4591 273//4592 945//2067
f 457//446 274//4591 945//2067
f 291//4593 290//4594 1029//2143
f 889//2142 291//4593 1029//2143
f 235//4595 234//4596 1345//1721
f 692//1720 235//4595 1345//1721
f 167//4597 166//4597 1463//4597
f 403//396 167//4598 407//394
f 161//4599 160//4600 1021//2155
f 820//2154 161//4599 1021//2155
f 476//4601 951//4602 318//4603
f 1649//1954 1094//1953 661//4604
f 969//1186 647//4605 970//1187
f 80//4300 1645//4606 1644//4301
f 1773//2161 611//4607 1307//2162
f 309//4608 1315//4608 1314//4608
f 1288//1596 643//4609 83//1597
f 136//4610 1166//4611 1165//4612
f 1957//3181 670//4613 1157//3182
f 128//4614 1299//4615 1298//4616
f 1952//3212 628//4617 1260//3213
f 142//4618 1133//4619 1132//4620
f 1611//1891 1182//1890 483//4370
f 66//70 667//4621 1227//2166
f 148//4622 1242//4622 1241//4622
f 1472//1697 895//1696 640//4623
f 95//4624 1697//4624 1696//4624
f 1960//3223 631//4625 922//3224
f 120//4626 937//4627 936//4628
f 258//4629 1652//1960 1651//1959
f 974//4335 748//4630 1149//4336
f 220//4631 1056//4631 1055//4631
f 1955//3174 599//4632 1077//3175
f 1597//4633 863//4634 222//4635
f 431//3201 1520//4636 228//4637
f 154//4638 1680//4638 1679//4638
f 1420//1646 664//4639 1421//1647
f 251//4640 1113//4640 1115//4640
f 962//3184 591//4641 1104//3185
f 301//4642 1724//4642 1723//4642
f 43//1145 616//4643 929//1146
f 265//4644 1760//2137 1759//2136
f 261//1610 37//1609 619//4645
f 190//4646 1668//4646 1667//4646
f 184//1353 1140//1352 608//4647
f 1361//1566 1360//1565 588//4339
f 212//4648 1431//4648 1430//4648
f 196//4649 1638//4649 1637//4649
f 1613//1895 605//4650 1614//1896
f 1325//3216 652//4651 175//3217
f 181//4652 1211//4652 1210//4652
f 243//4653 1751//4653 1750//4653
f 1403//1623 832//4654 238//1624
f 277//1814 1559//1813 851//4369
f 283//4655 1581//4655 1580//4655
f 1337//1541 656//4656 1338//1542
f 174//4657 1462//4657 1461//4657
f 292//4658 1082//4658 1081//4658
f 1072//1853 855//4659 286//1854
f 204//4660 1265//4660 1264//4660
f 1382//3169 602//4661 197//3170
f 104//4662 1568//4662 1567//4662
f 98//1878 788//1877 626//4663
f 1767//2146 637//4664 106//2147
f 112//4665 1043//4665 1042//4665
f 275//4303 1457//4666 1456//4304
f 1498//2038 924//2037 1499//4667
f 236//4311 1440//1666 1439//1665
f 1687//2012 1356//2011 596//4668
f 1573//1830 994//1829 649//4669
f 162//4670 1553//4670 1552//4670
f 61//64 659//4671 1038//2150
f 168//4672 1023//4672 1022//4672
f 2049//4673 1852//2605 1853//2607
f 2021//4674 1813//2528 1814//2530
f 1892//4302 1966//4675 275//4303
f 2058//4273 1849//4676 2059//4274
f 1165//4612 1968//4677 136//4610
f 1759//2136 2062//4678 265//4644
f 1889//2670 1795//2498 1796//2500
f 89//4679 1731//4680 2063//4357
f 642//4681 1798//4681 1198//4681
f 1430//4682 1965//4683 212//4684
f 1888//2667 1793//2495 1794//2497
f 1891//4685 1801//2507 1802//2509
f 1723//4686 1971//4687 301//4688
f 1520//4636 2061//4689 226//4690
f 1906//4691 1835//2570 1836//2572
f 1241//4692 1972//4693 148//4694
f 1667//4695 1974//4696 190//4697
f 1896//2709 1817//2537 1818//2539
f 2055//4698 1819//2540 1820//2542
f 1055//4699 1969//4700 220//4701
f 1893//2694 1809//2522 1810//2524
f 1264//4702 1973//4703 204//4704
f 1924//4705 1879//2650 1880//2652
f 1314//4706 1975//4707 309//4708
f 1578//4709 1861//2620 1862//2622
f 1081//4710 1976//4711 292//4712
f 1651//1959 1986//4713 258//4629
f 1911//2772 622//2589 1845//2591
f 1637//4714 1989//4715 196//4716
f 1920//4717 1873//2639 1874//2641
f 1919//4718 1987//4719 80//4720
f 1132//4620 1988//4721 142//4618
f 936//4628 1978//4722 120//4626
f 1903//2730 625//2558 1829//2560
f 1567//4723 1979//4724 104//4725
f 1580//4726 1977//4727 283//4728
f 1679//4729 1983//4730 154//4731
f 1696//4732 1980//4733 95//4734
f 639//2798 2004//4735 1914//2799
f 1905//2733 1830//2561 1831//2563
f 1912//4310 1992//4736 236//4311
f 1298//4616 1981//4737 128//4614
f 1461//4738 1991//4739 174//4740
f 1552//4741 1990//4742 162//4743
f 1377//4744 1883//2657 1884//2659
f 951//4602 2060//4745 316//4746
f 1022//4747 1984//4748 168//4749
f 2010//4750 1864//4751 1865//4752
f 1042//4753 1985//4754 112//4755
f 662//1312 1102//1311 1841//4124
f 1884//4144 2005//4143 1377//4142
f 1378//2816 1377//4142 612//2817
f 2018//4175 1198//4756 1798//4176
f 1880//4232 2041//4230 1924//4229
f 617//4231 1482//4757 1924//4229
f 671//4758 1909//4758 2036//4758
f 2003//4759 1914//4759 2004//4759
f 644//1491 1284//1490 1914//4503
f 629//4760 1737//4761 2058//4762
f 1825//4763 2052//4258 1900//4257
f 632//4259 1259//4283 1900//4257
f 2002//4764 2001//4764 1915//4764
f 668//4765 1233//4765 2001//4765
f 1845//4248 2047//4247 1911//4246
f 252//2770 1651//2769 1634//3267
f 2032//4203 2030//4766 1878//4767
f 638//4768 923//4768 2030//4768
f 1829//4136 1996//4131 1903//4130
f 1874//4161 2014//4160 1920//4159
f 1191//1397 1920//4159 609//1398
f 864//4769 1513//4769 1881//4769
f 1820//4270 2056//4268 2055//4267
f 589//4770 1717//4770 2055//4770
f 2053//4261 1905//4260 1831//4266
f 1905//4260 654//2804 1219//2806
f 1865//4156 2011//4771 2010//4772
f 1034//1240 1015//1222 2010//4773
f 1836//4226 2039//4224 1906//4223
f 600//4225 1506//4774 1906//4223
f 2033//4209 1578//4775 1862//4210
f 1921//2850 1898//2852 1821//4127
f 1796//4177 2019//4173 1889//4172
f 2067//4776 1890//3351 1889//4777
f 597//1555 1350//1554 1918//4778
f 182//2759 1667//2758 416//4779
f 1818//4212 2034//4211 1896//2754
f 1794//4237 2043//4236 1888//4235
f 1401//1620 1888//4235 603//1621
f 665//4780 1478//4780 2026//4780
f 1545//1798 1544//1797 1922//4781
f 1853//4254 2050//4252 2049//4251
f 833//4782 1742//4782 2049//4782
f 1810//4242 2045//4241 1893//4240
f 606//2702 1895//2704 1893//4240
f 1802//4196 2028//4531 1891//4533
f 1051//1263 929//1262 1891//4783
f 2064//4784 2021//4784 1814//4784
f 1499//1731 2021//4674 1497//1729
f 650//4785 1039//4785 2009//4785
f 1348//4786 1949//4433 2017//4787
f 1476//4788 1950//4788 1691//4788
f 1047//4789 1934//4477 2012//4790
f 1376//4145 1938//4411 2006//4146
f 1033//4157 1932//4480 2013//4158
f 1685//4791 1951//4792 1471//4793
f 1704//4794 1703//4795 2066//4794
f 1543//4796 1933//4796 1037//4796
f 1100//4797 1109//4797 991//4797
f 946//4137 1945//4448 2000//4138
f 1512//4189 1939//4382 2025//4190
f 1189//4162 1948//4422 2015//4163
f 1673//4798 1943//4798 1155//4798
f 1998//4133 1999//4799 1563//4134
f 1231//4800 1929//4801 1226//4802
f 1282//4803 1277//4804 1748//4805
f 1658//4249 1941//4394 2048//4250
f 1620//4243 1947//4402 2046//4244
f 1161//4806 1946//4462 2008//4807
f 1049//4197 1937//4483 2029//4198
f 1321//4213 1930//4474 2035//4214
f 1195//4808 1942//4809 1626//4810
f 1481//4233 1931//4434 2042//4234
f 1127//4178 1940//4428 2020//4179
f 1504//4227 1935//4431 2040//4228
f 1741//4255 1944//4401 2051//4256
f 1716//4271 1925//4419 2057//4272
f 1736//4811 1756//4812 2065//4811
f 1399//4238 1926//4466 2044//4239
f 2023//4184 1814//4813 1494//4185
f 1035//1241 1037//1243 1026//1233
f 1025//4814 1024//4815 1017//4816
f 1469//1693 1471//1695 1466//1690
f 1465//4817 1464//4818 1509//4819
f 1011//1219 1013//1219 1046//4820
f 1045//4821 1044//4822 1040//4823
f 989//1201 991//1203 955//1176
f 954//4824 953//4824 1370//4824
f 1477//1800 1547//1802 1556//1809
f 1555//4825 1554//4826 1411//4827
f 1453//1676 1455//1678 1443//1669
f 1442//4828 1441//4829 1527//4830
f 1682//4831 1681//4832 1235//4833
f 1232//2019 1691//2021 1683//2005
f 1699//4323 1698//4834 1276//4835
f 1283//2054 1711//2056 1700//2035
f 1753//4836 1752//4349 1354//4837
f 1349//2132 1758//2134 1754//2128
f 947//1779 1533//1781 1571//1827
f 1570//4838 1569//4839 934//4840
f 940//4841 939//4842 1542//4843
f 920//1137 941//1159 918//1135
f 1563//1818 1565//1820 1582//4844
f 1067//1276 1069//1278 1084//4845
f 1222//1425 1224//1425 1213//4846
f 1318//4847 1317//4847 1483//4847
f 1294//1503 1296//1505 1319//1528
f 1136//4848 1135//4849 1665//4850
f 1124//1337 1126//1339 1137//1350
f 1272//1478 1303//1512 1270//1476
f 1302//4851 1301//4852 1692//4853
f 1647//4854 1646//4855 1108//4856
f 1101//1910 1626//1912 1648//1951
f 1190//1906 1623//1908 1639//4857
f 1659//1997 1677//1997 1653//4858
f 1322//1994 1675//1996 1669//4859
f 1523//4860 1522//4861 1525//4862
f 1505//1758 1518//1760 1524//1767
f 1162//1427 1226//1429 1245//1449
f 1244//4863 1243//4864 1171//4865
f 1153//1363 1155//1365 1170//1377
f 1169//4294 1168//4866 1755//4867
f 1050//2077 1719//2079 1725//4868
f 1251//1454 1253//1456 1268//1472
f 1267//4869 1266//4870 1660//4871
f 1494//1727 1496//1727 1460//4872
f 1459//4312 1458//4873 1366//4874
f 1059//4875 1058//4876 1714//4877
f 1087//1294 1089//1296 1060//1271
f 1733//4878 1732//4356 1193//4879
f 1196//2116 1748//2118 1734//4880
f 1096//1305 1098//1307 1116//4881
f 1400//1636 1415//1638 1434//1658
f 1433//4882 1432//4883 1394//4884
f 1762//4885 1761//4886 1122//4887
f 1128//2114 1746//2114 1763//4888
f 1271//4264 2054//4263 1825//4889
f 1834//4890 2008//4890 2007//4890
f 1910//2768 1843//3330 1986//3332
f 919//4204 2032//4203 1878//4767
f 2016//4165 2017//4167 1918//4891
f 1907//4892 1839//3294 1974//3296
f 1970//3284 1894//2696 1811//3282
f 1867//4153 2012//4155 2009//4893
f 1035//4894 1867//2629 1036//2628
f 1033//4895 1865//4896 1012//4895
f 1837//4897 1476//4898 2026//4899
f 946//1165 1829//2560 1532//2559
f 1376//1584 1884//2659 990//2658
f 1999//4900 1821//2545 1564//2544
f 1685//4901 1831//2563 1223//2562
f 1349//4902 2016//4903 1757//4904
f 1543//4905 1922//4906 1470//4907
f 1512//1750 1881//2654 1454//2653
f 1282//1488 2004//4735 1710//4908
f 1690//4909 1231//1434 1915//4910
f 1577//1837 1862//2622 1068//2621
f 1620//1902 1810//2524 1252//2523
f 1399//1617 1794//2497 1414//2496
f 1195//1403 1798//2503 1747//2502
f 1162//4911 1834//2569 1225//2568
f 1100//1309 1841//2582 1625//2581
f 1716//2073 1820//2542 1088//2541
f 1189//1394 1874//2641 1622//2640
f 1882//4912 1673//4913 2036//4914
f 1127//4915 1796//4916 1745//4917
f 1481//1708 1880//2652 1295//2651
f 1658//1967 1845//2591 1676//2590
f 1049//1260 1802//2509 1718//2508
f 1321//1530 1818//2539 1674//2538
f 1504//1743 1836//2572 1517//2571
f 1736//4918 1850//4918 1154//4918
f 1741//2108 1853//2607 1097//2606
f 1868//4919 1018//1226 1017//1225
f 1806//4920 1807//4921 1086//4922
f 1863//4923 1041//1249 1040//1248
f 1838//4924 1510//1748 1509//1747
f 1827//4925 1828//4926 1542//4927
f 1876//4928 935//1153 934//1152
f 1823//4929 1824//4930 1276//4931
f 1832//4932 1236//1439 1235//1438
f 1858//2810 1371//1577 1370//1576
f 1808//4933 1395//1605 1394//1604
f 1856//3318 1857//4414 1215//3319
f 1871//4934 1872//4935 1584//4936
f 1854//4937 1855//4938 1692//4939
f 1816//4940 1484//1713 1483//1712
f 1875//3340 1412//1634 1411//1633
f 1799//4941 1800//4942 1755//4943
f 1887//3347 1355//1560 1354//1559
f 1805//4944 1715//2070 1714//2069
f 1846//3345 1528//1777 1527//1776
f 1839//3294 1840//4473 1671//3295
f 1214//2578 1839//2577 1907//4945
f 1869//4946 1870//4947 1108//1321
f 1803//4948 1804//4949 1366//1571
f 1815//4950 1661//1974 1660//1973
f 1847//4951 1172//1380 1171//1379
f 1851//4952 1194//1401 1193//1400
f 1859//3285 1860//4482 1727//3286
f 1842//4953 1666//1983 1665//1982
f 1848//2781 1123//1336 1122//1335
f 1811//3282 1812//4400 1118//3283
f 1752//2526 1811//2525 1894//4954
f 1885//3337 1886//4421 1641//3338
f 1843//3330 1844//4393 1655//3331
f 1117//2587 1843//2586 1910//4955
f 1822//2715 1526//1774 1525//1773
f 1039//4956 1866//4957 2009//4958
f 1015//4959 1864//4751 2010//4750
f 1478//4960 1837//4897 2026//4899
f 1377//4744 660//4961 1883//2657
f 1900//2719 627//2718 1825//2552
f 1905//2733 651//2732 1830//2561
f 923//4962 1878//4767 2030//4766
f 1918//2826 831//2825 1757//4904
f 1922//4906 655//4963 1470//4907
f 601//4964 1893//4964 1895//4964
f 1888//2667 587//2666 1793//2495
f 2004//4735 639//2798 1710//4908
f 1233//4965 1915//4965 2001//4965
f 1578//4709 854//4966 1861//2620
f 1717//4967 1819//2540 2055//4698
f 1228//1431 1833//4968 2007//4494
f 1798//2503 642//4969 1797//2501
f 1889//2670 618//2669 1795//2498
f 1920//4717 604//4970 1873//2639
f 1909//4971 1882//4912 2036//4914
f 1891//2677 615//2676 1801//4972
f 1924//4705 610//4973 1879//2650
f 2021//4674 1499//1731 1813//2528
f 1896//2709 607//2708 1817//2537
f 1906//2745 862//2744 1835//4974
f 1737//4761 1849//4975 2058//4762
f 1742//4976 1852//2605 2049//4673
f 2059//4274 1849//4676 1850//4977
f 1833//4968 1834//4978 2007//4494
f 1866//4957 1867//4979 2009//4958
f 2016//4903 1918//2826 1757//4904
f 1970//4980 251//4980 1115//4980
f 1967//4358 2063//4357 1731//4680
f 1982//4981 181//4981 1210//4981
f 1993//4982 243//4982 1750//4982
f 1741//4255 1740//4399 1944//4401
f 1127//4178 1121//1334 1940//4428
f 1195//4983 1192//1399 1942//4427
f 1736//4984 1735//2129 1756//2131
f 1049//4197 1048//4481 1937//4483
f 1399//4238 1393//1603 1926//4466
f 1504//4227 1503//1772 1935//4431
f 1161//4806 1160//1378 1946//4462
f 1321//4213 1320//4472 1930//4474
f 1620//4243 1619//1972 1947//4402
f 1716//4271 1713//2068 1925//4419
f 1481//4233 1480//1711 1931//4434
f 1189//4162 1188//4420 1948//4422
f 1658//4249 1657//4392 1941//4394
f 1100//4985 1099//1320 1109//1322
f 1673//4986 1664//1981 1943//4390
f 1577//4987 1576//4436 1927//4438
f 946//4137 933//1151 1945//4448
f 1231//4988 1230//1437 1929//1439
f 1282//4989 1275//1481 1277//1483
f 1685//4990 1684//4413 1951//4415
f 1512//4189 1511//1775 1939//4382
f 1476//4991 1410//1632 1950//4396
f 1543//4992 1508//1746 1933//4452
f 1376//4145 1369//1575 1938//4411
f 1047//4789 1016//1224 1934//4477
f 1033//4157 1032//1247 1932//4480
f 1348//4786 1347//1558 1949//4433
f 1556//3018 1934//3017 1018//2632
f 1556//3018 1018//2632 1554//2631
f 1026//3014 1933//3013 1510//2576
f 1026//3014 1510//2576 1024//2575
f 1571//3011 1932//3010 1041//2625
f 1571//3011 1041//2625 1569//2624
f 1046//4993 1828//2557 1044//2556
f 1582//2968 1927//2967 1928//2969
f 1582//2968 1807//2518 1583//2517
f 1443//3095 1949//3094 1355//2665
f 1443//3095 1355//2665 1441//2664
f 955//4994 1870//2635 953//2634
f 941//3078 1703//3080 1693//3076
f 941//4995 1855//2610 939//2609
f 1466//3130 1951//3129 1857//2613
f 1466//3130 1857//2613 1464//2612
f 1683//3127 1950//3126 1412//2644
f 1683//3127 1412//2644 1681//2643
f 1700//3075 1945//3074 935//2647
f 1700//3075 935//2647 1698//2646
f 1319//3054 1938//3053 1371//2616
f 1319//3054 1371//2616 1317//2615
f 1213//2997 1930//2996 1840//2579
f 1213//2997 1840//2579 1214//2578
f 1245//2993 1929//2992 1236//2566
f 1245//2993 1236//2566 1243//2565
f 1734//4996 1824//2551 1732//2550
f 1303//2984 1800//2506 1301//2505
f 1460//4997 1872//2638 1458//2637
f 1268//2965 1926//2964 1395//2521
f 1268//2965 1395//2521 1266//2520
f 1434//2962 1925//2961 1715//2515
f 1434//2962 1715//2515 1432//2514
f 1524//3057 1939//3056 1528//2594
f 1524//3057 1528//2594 1522//2593
f 1754//3072 1944//3071 1812//2527
f 1754//3072 1812//2527 1752//2526
f 1084//3051 1937//3050 1860//2619
f 1084//3051 1860//2619 1085//2618
f 1725//3000 1931//2999 1484//2536
f 1725//3000 1484//2536 1726//2535
f 1639//3089 1947//3088 1661//2533
f 1639//3089 1661//2533 1640//2532
f 1137//3083 1946//3082 1172//2597
f 1137//3083 1172//2597 1135//2596
f 1648//3065 1942//3064 1194//2604
f 1648//3065 1194//2604 1646//2603
f 1669//3092 1948//3091 1886//2662
f 1669//3092 1886//2662 1670//2661
f 1170//3068 1943//3067 1666//2585
f 1170//3068 1666//2585 1168//2584
f 1763//4998 1804//2512 1761//2511
f 1653//3060 1940//3059 1123//2600
f 1653//3060 1123//2600 1654//2599
f 1060//3026 1935//3025 1526//2548
f 1060//3026 1526//2548 1058//2547
f 1116//3063 1941//3062 1844//2588
f 1116//3063 1844//2588 1117//2587
f 849//4205 1593//4999 1578//4206
f 995//1207 650//707 649//706
f 999//5000 1034//5001 626//5002
f 1492//5003 1545//5004 659//5005
f 1285//1496 644//5006 643//5007
f 1278//5008 668//723 667//722
f 1351//1563 597//666 596//665
f 911//5009 1904//5009 641//5009
f 1902//3210 638//697 637//696
f 312//3262 612//5010 611//5011
f 230//3251 864//5012 863//5013
f 176//5014 1219//2806 1916//2805
f 662//5015 661//5016 74//1303
f 1306//1661 617//5017 616//5018
f 1923//3257 665//720 664//719
f 1963//3242 632//691 631//690
f 925//5019 1921//5020 1499//5021
f 1908//5022 671//5023 670//5024
f 1156//3158 629//5025 628//5026
f 1326//3360 1897//3361 653//5027
f 1962//5028 1656//5028 592//5028
f 1953//3163 589//660 588//659
f 645//4168 1090//5029 1198//4169
f 198//3194 606//5030 605//5030
f 269//5031 1497//4524 620//4523
f 1956//3179 833//988 832//987
f 2067//4776 1149//3349 1890//3351
f 2067//5032 623//4337 1149//4336
f 1507//5033 600//669 599//668
f 1021//1228 1023//1230 402//492
f 1007//1215 1043//1251 371//1216
f 938//1156 937//1155 377//1790
f 1336//1737 1553//1806 400//1738
f 1345//1549 1751//2125 437//426
f 1300//1509 1299//1508 383//2025
f 1439//5034 434//1771 1066//1770
f 1212//1417 1211//1416 411//552
f 1463//1687 1462//1686 406//1757
f 1240//1443 1680//2002 397//1444
f 950//1169 1568//1824 366//1170
f 945//1163 1581//1842 460//1047
f 1258//1460 1697//2032 363//1461
f 1316//1525 1315//1524 471//1716
f 1057//1268 1056//1267 428//2063
f 1134//1347 1133//1346 389//1980
f 1148//1359 1638//1941 418//557
f 1107//1319 1645//1948 356//917
f 1634//1929 1652//1960 446//1930
f 1083//1290 1082//1289 463//1812
f 1131//1344 1242//1446 393//632
f 1202//1469 1265//1468 422//1971
f 1381//1590 1431//1655 425//535
f 416//1521 1668//1985 414//1522
f 1207//1681 1457//1680 711//5035
f 1730//5036 89//5036 359//5036
f 1167//1374 1166//1373 386//2091
f 1759//5037 451//1326 1112//1325
f 1029//1235 1724//2084 468//1055
f 1114//1328 1113//1327 440//2122
f 1109//1322 1108//1321 1870//4947
f 1277//5038 1276//4931 1824//4930
f 1756//5039 1755//4943 1800//4942
f 1693//5040 1692//4939 1855//4938
f 1536//5041 1542//4927 1828//4926
f 1367//1572 1366//1571 1804//4949
f 2023//5042 1365//1570 1367//1572
f 1936//5043 1584//4936 1872//4935
f 1998//5044 1997//5045 1936//5043
f 1928//4437 1086//4922 1807//4921
f 1625//1911 646//703 2018//4426
f 80//84 1646//2603 1851//2602
f 1879//5046 2005//5047 1295//5048
f 309//296 1317//2615 1858//2614
f 1295//5049 2005//5050 2006//5051
f 1826//2553 1825//2552 627//2718
f 1154//5052 1849//2784 669//2786
f 1125//5053 1882//2867 482//2869
f 1225//5054 1833//2741 666//2743
f 2063//5055 1732//2550 1823//2549
f 2065//5056 2059//4274 1850//4977
f 128//131 1301//2505 1799//2504
f 1819//5057 2039//5058 1088//5059
f 136//138 1168//2584 1842//2583
f 1877//2648 1878//2649 630//2863
f 622//683 2019//5060 1676//5061
f 1835//5062 2024//5063 1517//5064
f 1795//5065 2022//5066 1745//5067
f 1690//5068 1915//2801 663//2803
f 1793//5069 2056//5070 1414//5071
f 1801//5072 2041//5073 1718//5074
f 1830//5075 2034//5076 1223//5077
f 1564//4439 850//1014 2033//4440
f 1852//5078 2047//5079 1097//5080
f 1125//5081 482//5082 2008//5083
f 142//142 1135//2596 1847//2595
f 1817//5084 2014//5085 1674//5086
f 1873//5087 2045//5088 1622//5089
f 625//686 2011//5090 1532//5091
f 1012//5092 1864//2832 636//2834
f 1809//5093 2043//5094 1252//5095
f 1861//5096 2028//5097 1068//5098
f 148//146 1243//2565 1832//2564
f 595//5099 1454//5100 1513//5101
f 120//122 939//2609 1854//2608
f 2054//4445 1877//4444 2052//5102
f 1718//5074 2041//5073 2042//5103
f 301//289 1726//2535 1816//2534
f 95//97 1698//2646 1876//2645
f 1710//5104 1996//5105 2000//5106
f 1088//5107 2039//5108 2040//5109
f 220//208 1058//2547 1822//2546
f 1676//5061 2019//5060 2020//5110
f 258//248 1654//2599 1848//2598
f 1517//5111 2024//5111 2025//5111
f 212//201 1432//2514 1805//2513
f 1414//5112 2056//5113 2057//5114
f 1546//5115 1837//2747 648//2749
f 1117//5116 1910//5117 251//241
f 1097//5118 2047//5118 2048//5118
f 2064//5119 1745//5119 2022//5119
f 1674//5120 2014//5121 2015//5122
f 190//181 1670//2661 1885//2660
f 1036//5123 1866//2835 658//2837
f 283//273 1583//2517 1806//2516
f 154//150 1681//2643 1875//2642
f 1214//5124 1907//5125 181//173
f 1223//5126 2034//5127 2035//5128
f 1622//5129 2045//5130 2046//5131
f 196//185 1640//2532 1815//2531
f 174//167 1464//2612 1856//2611
f 112//115 1044//2556 1827//2555
f 2032//4460 1012//4459 2031//5132
f 1757//5133 2050//5134 2051//5135
f 1752//5136 1894//5137 243//232
f 1252//5138 2043//5139 2044//5140
f 204//194 1266//2520 1808//2519
f 104//106 1569//2624 1863//2623
f 1532//5091 2011//5090 2013//5141
f 275//264 1458//2637 1871//2636
f 292//282 1085//2618 1859//2617
f 1068//5098 2028//5097 2029//5142
f 1454//5143 595//5143 2017//5143
f 236//224 1441//2664 1887//2663
f 168//163 1024//2575 1838//2574
f 1546//5144 648//5145 2012//5146
f 162//159 1554//2631 1868//2630
f 920//3079 1877//5147 2066//4443
f 2065//5148 1271//5148 1826//5148
f 1097//2606 1096//2109 1741//2108
f 1116//1330 1740//4293 1096//5149
f 1495//5150 1494//5150 1814//5150
f 1459//1683 1494//5151 1460//1684
f 1745//4917 1128//5152 1127//4915
f 1762//2139 1128//5153 1763//2140
f 1747//2502 1196//1404 1195//1403
f 1733//2096 1196//5154 1734//2097
f 1154//5155 1153//2100 1736//2099
f 1169//1376 1153//1363 1170//1377
f 1718//2508 1050//1261 1049//1260
f 1725//2085 1048//4313 1050//5156
f 1414//2496 1400//1618 1399//1617
f 1433//1657 1400//1636 1434//1658
f 1517//2571 1505//1744 1504//1743
f 1523//1766 1505//1758 1524//1767
f 1834//5157 1162//1370 1161//1369
f 1244//1448 1162//1427 1245//1449
f 1674//2538 1322//1531 1321//1530
f 1669//1986 1320//4316 1322//5158
f 1252//2523 1251//1903 1620//1902
f 1267//1471 1251//1454 1268//1472
f 1088//2541 1087//2074 1716//2073
f 1059//1270 1087//1294 1060//1271
f 1295//2651 1294//1709 1481//1708
f 1318//1527 1294//1503 1319//1528
f 1622//2640 1190//1395 1189//1394
f 1639//1942 1188//4317 1190//5159
f 1676//2590 1659//1968 1658//1967
f 1653//1961 1657//4329 1659//5160
f 1625//2581 1101//1310 1100//1309
f 1647//1950 1101//1910 1648//1951
f 1125//5161 1124//1993 1673//1992
f 1136//1349 1124//1337 1137//1350
f 1068//2621 1067//1838 1577//1837
f 1084//1291 1576//4280 1067//5162
f 1532//2559 947//1166 946//1165
f 1570//1826 947//1779 1571//1827
f 919//5163 918//1785 1537//1784
f 1564//2544 1563//5164 1999//4900
f 1582//1843 1997//4290 1563//5165
f 1690//4909 1232//1435 1231//1434
f 1682//2004 1232//2019 1683//2005
f 1710//4908 1283//1489 1282//1488
f 1699//2034 1283//2054 1700//2035
f 1223//5166 1222//2008 1685//2007
f 1213//1418 1684//4288 1222//5167
f 1271//4264 1270//5168 1704//4262
f 1454//2653 1453//1751 1512//1750
f 1442//1668 1453//1676 1443//1669
f 1546//5169 1477//1703 1476//1702
f 1555//1808 1477//1800 1556//1809
f 1470//5170 1469//1796 1543//1795
f 1465//1689 1469//1693 1466//1690
f 990//2658 989//1585 1376//1584
f 954//1175 989//1201 955//1176
f 1867//5171 1035//1257 1047//1256
f 1025//1232 1035//1241 1026//1233
f 1012//4895 1011//5172 1033//4895
f 1045//1253 1011//5173 1046//1254
f 2016//5174 1349//1553 1348//1552
f 1753//2127 1349//2132 1754//2128
f 1812//4400 1740//4399 1118//3283
f 1366//4874 1365//4183 1459//4312
f 1122//5175 1121//1340 1762//4321
f 1193//5176 1192//1402 1733//4322
f 1755//4867 1735//2098 1169//4294
f 1860//4482 1048//4481 1727//3286
f 1394//5177 1393//1616 1433//4297
f 1525//5178 1503//1742 1523//4314
f 1171//5179 1160//1368 1244//4281
f 1840//4473 1320//4472 1671//3295
f 1660//5180 1619//1901 1267//4292
f 1714//5181 1713//2072 1059//4285
f 1483//5182 1480//1707 1318//4295
f 1886//4421 1188//4420 1641//3338
f 1844//4393 1657//4392 1655//3331
f 1108//5183 1099//1308 1647//4306
f 1665//5184 1664//1991 1136//4286
f 1928//4437 1576//4436 1086//4922
f 934//5185 933//1164 1570//4291
f 918//1785 940//1793 1536//1783
f 1936//5043 1997//5045 1584//4936
f 1235//5186 1230//1433 1682//4324
f 1276//4835 1275//1487 1699//4323
f 1857//4414 1684//4413 1215//3319
f 1270//4441 1302//2028 1693//2027
f 1527//5187 1511//1749 1442//4315
f 1411//5188 1410//1701 1555//4305
f 1509//5189 1508//1794 1465//4298
f 1370//5190 1369//1583 954//4279
f 1017//5191 1016//1255 1025//4277
f 1040//5192 1032//1237 1045//4278
f 1354//5193 1347//1551 1753//4325
f 2006//5051 1296//5194 1295//5049
f 2065//5195 1272//5195 1271//5195
f 2008//5083 1126//5196 1125//5081
f 2000//5197 1711//5197 1710//5197
f 1877//2648 920//1137 919//1136
f 2040//5109 1089//5198 1088//5107
f 2020//5199 1677//5199 1676//5199
f 2042//5103 1719//5200 1718//5074
f 2025//5201 1518//5201 1517//5201
f 2057//5114 1415//5202 1414//5112
f 2023//4384 1746//2970 1745//4385
f 2048//5203 1098//5203 1097//5203
f 2035//5128 1224//5204 1223//5126
f 2015//5122 1675//5205 1674//5120
f 1565//2966 1564//4439 1927//2967
f 2046//5131 1623//5206 1622//5129
f 1537//4458 1013//4457 1012//5207
f 2051//5135 1758//5208 1757//5133
f 2013//5209 1533//5209 1532//5209
f 2044//5140 1253//5210 1252//5138
f 2029//5142 1069//5211 1068//5098
f 2017//5212 1455//5212 1454//5212
f 1998//4469 1496//3027 1495//4470
f 2012//5146 1547//5213 1546//5144
f 991//5214 1994//4125 1100//4126
f 2006//4146 2005//4143 1884//4144
f 1626//4810 2018//5215 1195//4808
f 1736//4811 2065//4811 1850//5216
f 1748//4805 2003//5217 1282//4803
f 1155//5218 2037//4216 1673//4218
f 2042//4234 2041//4230 1880//4232
f 2008//5219 482//5219 2007//5219
f 2066//4794 2054//5220 1704//4794
f 2052//4258 1825//4763 2054//5221
f 1226//4802 2002//5222 1231//4800
f 2057//4272 2056//4268 1820//4270
f 2040//4228 2039//4224 1836//4226
f 2020//4179 2019//4173 1796//4177
f 2000//4138 1996//4131 1829//4136
f 2048//4250 2047//4247 1845//4248
f 2033//5223 1577//4987 1927//4438
f 2025//4190 2024//4187 1881//4186
f 2030//4199 2032//5224 2031//4200
f 2023//4184 2064//5225 1814//4813
f 2021//4181 2064//5226 2022//4182
f 2044//4239 2043//4236 1794//4237
f 2015//4163 2014//4160 1874//4161
f 2035//4214 2034//4211 1818//4212
f 1471//4793 2053//5227 1685//4791
f 2013//4158 2011//4771 1865//4156
f 1998//5228 1995//4128 1999//4135
f 2051//4256 2050//4252 1853//4254
f 2046//4244 2045//4241 1810//4242
f 2029//4198 2028//4531 1802//4196
f 1691//5229 2027//4192 1476//4194
f 2017//5230 595//5230 1918//5230
f 1037//5231 2038//5231 1543//5231
f 2012//5232 648//705 2009//4149
f 1970//4365 1118//1332 1117//1331
f 1966//4675 1366//4874 1458//4873
f 2062//5233 1122//4887 1761//4886
f 1967//4358 1193//4879 1732//4356
f 1968//4677 1755//5234 1168//5235
f 1971//4687 1727//2087 1726//2086
f 1965//4683 1394//4884 1432//4883
f 2061//5236 1525//4862 1522//4861
f 1972//4693 1171//4865 1243//4864
f 1974//4696 1671//1988 1670//1987
f 1973//4703 1660//4871 1266//4870
f 1969//4700 1714//4877 1058//4876
f 1975//4707 1483//5237 1317//5238
f 1989//4715 1641//1944 1640//1943
f 1986//4713 1655//1963 1654//1962
f 1987//4719 1108//4856 1646//4855
f 1988//4721 1665//4850 1135//4849
f 1976//4711 1086//1293 1085//1292
f 1979//4724 934//4840 1569//4839
f 1978//4722 1542//4843 939//4842
f 1977//4727 1584//1845 1583//1844
f 1983//4730 1235//4833 1681//4832
f 1980//4733 1276//5239 1698//5240
f 1982//4334 1215//1420 1214//1419
f 1981//4737 1692//4853 1301//4852
f 1992//4736 1527//4830 1441//4829
f 1990//4742 1411//4827 1554//4826
f 1991//4739 1509//4819 1464//4818
f 2060//4353 1370//4352 953//5241
f 1984//4748 1017//4816 1024//4815
f 1985//4754 1040//4823 1044//4822
f 1993//4351 1354//4837 1752//4349
f 2060//5242 953//2634 1869//2633
f 1646//4855 80//4720 1987//4719
f 1317//5238 309//4708 1975//4707
f 1168//5235 136//4610 1968//4677
f 1301//4852 128//4614 1981//4737
f 1135//4849 142//4618 1988//4721
f 1243//4864 148//4694 1972//4693
f 1698//5240 95//4734 1980//4733
f 939//4842 120//4626 1978//4722
f 1058//4876 220//4701 1969//4700
f 1654//1962 258//4629 1986//4713
f 2061//5243 1522//2593 1846//2592
f 1681//4832 154//4731 1983//4730
f 2062//5244 1761//2511 1803//2510
f 1726//2086 301//4688 1971//4687
f 1432//4883 212//4684 1965//4683
f 1640//1943 196//4716 1989//4715
f 1670//1987 190//4697 1974//4696
f 1583//1844 283//4728 1977//4727
f 1569//4839 104//4725 1979//4724
f 1266//4870 204//4704 1973//4703
f 1044//4822 112//4755 1985//4754
f 1085//1292 292//4712 1976//4711
f 1464//4818 174//4740 1991//4739
f 1441//4829 236//4311 1992//4736
f 1458//4873 275//4303 1966//4675
f 1554//4826 162//4743 1990//4742
f 1024//4815 168//4749 1984//4748
f 990//1202 1883//5245 1994//4380
f 1747//5246 1797//5247 2003//5248
f 627//5249 2059//4405 1826//4407
f 1154//1364 669//5250 2037//4391
f 1225//4408 666//721 2002//4409
f 630//689 2052//5102 1877//4444
f 1690//2020 663//5251 2027//4397
f 636//695 2031//5252 1012//5253
f 1495//4470 1813//5254 1995//4471
f 1036//4453 658//715 2038//4454
f 660//5255 662//5256 1883//5245
f 645//702 2018//4426 646//703
f 80//84 1851//2602 78//82
f 612//5257 2005//5257 610//5257
f 309//296 1858//2614 307//294
f 2063//5258 1823//5259 87//89
f 642//5260 644//5260 1797//5260
f 136//138 1842//2583 134//136
f 128//131 1799//2504 126//129
f 142//142 1847//2595 140//140
f 148//146 1832//2564 146//144
f 95//97 1876//2645 93//95
f 641//700 1996//5105 639//698
f 120//122 1854//2608 118//120
f 600//5261 2039//5261 598//5261
f 220//208 1822//2546 218//206
f 621//682 2019//5060 622//683
f 258//248 1848//2598 256//246
f 864//5262 2024//5262 862//5262
f 620//681 2022//5263 618//679
f 212//201 1805//2513 210//199
f 589//5264 2056//5264 587//5264
f 301//289 1816//2534 299//287
f 617//5265 2041//5265 615//5265
f 154//150 1875//2642 152//148
f 251//241 1910//5117 252//242
f 592//663 2047//5266 590//661
f 181//173 1907//5125 182//174
f 653//710 2034//5267 651//708
f 283//273 1806//2516 281//271
f 849//1013 2033//4440 850//1014
f 606//5268 2045//5268 604//5268
f 196//185 1815//2531 194//183
f 190//181 1885//2660 188//179
f 609//676 2014//5269 607//674
f 204//194 1808//2519 202//192
f 603//672 2043//5270 601//670
f 624//685 2011//5090 625//686
f 104//106 1863//2623 102//104
f 243//232 1894//5137 244//233
f 833//5271 2050//5134 831//5272
f 112//115 1827//2555 110//113
f 654//711 2053//5273 655//712
f 174//167 1856//2611 172//165
f 856//1022 2028//5097 854//1020
f 292//282 1859//2617 290//280
f 1921//5020 1813//5254 1499//5021
f 275//264 1871//2636 273//262
f 236//224 1887//2663 234//222
f 162//159 1868//2630 160//157
f 168//163 1838//2574 166//161
f 647//4605 646//2580 1102//2762
f 2005//5047 1879//5046 610//5274
f 611//5275 610//2864 1482//2866
f 643//4609 642//5276 1197//5277
f 628//4331 627//5278 1259//4332
f 670//5279 669//2786 1737//2785
f 483//4370 482//2869 1909//2868
f 667//4621 666//2743 1228//2742
f 631//4625 630//2863 923//2862
f 639//698 1996//5105 1710//5104
f 640//4375 639//2798 1284//2800
f 2041//5073 1801//5072 615//5280
f 2039//5058 1819//5057 598//5281
f 599//4347 598//2713 1717//2712
f 623//4327 622//5282 1656//4328
f 2024//5063 1835//5062 862//5283
f 863//4634 862//5284 1506//5285
f 2056//5070 1793//5069 587//5286
f 1416//5287 587//2666 1401//2668
f 2022//5066 1795//5065 618//5288
f 619//4362 618//5289 1890//4363
f 2047//5079 1852//5078 590//5290
f 591//4368 590//2795 1742//2794
f 2014//5085 1817//5084 607//5291
f 608//4341 607//2708 1897//2710
f 664//4639 663//2803 1233//2802
f 851//4369 850//2543 1898//2714
f 2034//5076 1830//5075 651//5292
f 652//5293 651//2732 1219//2734
f 2045//5088 1873//5087 604//5294
f 605//5295 604//2845 1191//2847
f 831//5272 2050//5134 1757//5133
f 832//4654 831//2825 1350//2827
f 2043//5094 1809//5093 601//5296
f 602//4343 601//5297 1895//4344
f 655//712 2053//5273 1470//5298
f 656//4656 655//5299 1544//5300
f 637//4664 636//2834 1015//2833
f 2028//5097 1861//5096 854//1020
f 626//5301 625//5301 1904//5301
f 596//5302 595//5099 1513//5101
f 659//4671 658//2837 1039//2836
f 649//5303 648//2749 1478//2748
f 1581//2988 283//5304 282//2987
f 1553//3041 162//5305 161//3039
f 1023//3043 168//5306 167//3042
f 1568//3038 104//5307 103//3036
f 1043//3035 112//5308 111//3033
f 1299//3005 128//5309 127//3003
f 1265//2978 204//5310 203//2976
f 1211//3023 181//5311 180//3022
f 1431//2975 212//5312 211//2974
f 87//89 89//91 2063//5258
f 1697//3119 95//5313 94//3117
f 1724//3032 301//5314 300//3031
f 1242//3021 148//5315 147//3019
f 937//3122 120//5316 119//3120
f 1803//5317 266//256 265//255
f 1760//2991 265//5318 267//2989
f 1869//5319 317//301 316//301
f 316//4746 318//4603 951//4602
f 1457//3047 275//5320 274//3048
f 1462//3145 174//5321 173//3143
f 1751//3116 243//5322 242//3114
f 1440//3139 236//5323 235//3137
f 1680//3142 154//5324 153//3140
f 1082//3086 292//5325 291//3084
f 1133//3125 142//5326 141//3123
f 1315//3102 309//5327 308//3100
f 1638//3133 196//5328 195//3132
f 1645//3110 80//5329 79//3109
f 1056//3046 220//5330 219//3044
f 1846//5331 227//214 226//213
f 226//4690 228//4637 1520//4636
f 1652//3105 258//5332 257//3103
f 1166//3113 136//5333 135//3111
f 1668//3136 190//5334 189//3134
f 1113//3108 251//5335 250//3106
f 2060//5336 1869//5336 316//5336
f 2061//5337 1846//5337 226//5337
f 2062//5338 1803//5338 265//5338
f 1994//4380 1883//5245 662//5256
f 1090//1299 645//702 647//704
f 629//5339 2059//4405 627//5249
f 2003//5248 1797//5247 644//5340
f 671//5341 2037//5341 669//5341
f 483//4464 1229//4465 481//5342
f 668//723 2002//4409 666//721
f 632//691 2052//5102 630//689
f 623//4337 2067//5032 621//5343
f 1593//1864 849//1013 851//1015
f 638//697 2031//5252 636//695
f 656//713 1916//4418 654//711
f 1995//4471 1813//5254 1921//5020
f 626//5002 1034//5001 624//5344
f 665//5345 2027//5345 663//5345
f 657//714 2038//4454 658//715
f 659//5005 1545//5004 657//5346
f 1919//2841 1107//5347 317//2842
f 312//299 1649//3402 1378//5348
f 307//4498 951//1171 952//1173
f 1730//5349 78//2788 1731//2788
f 1167//5350 126//2675 1165//2674
f 1908//3376 1611//3375 1909//5351
f 1134//5352 134//2765 1132//2764
f 1258//5353 87//2722 1696//2722
f 1316//5354 299//2706 1314//2706
f 632//4259 1963//3541 1259//4283
f 1300//5355 118//2797 1298//2797
f 1131//5356 140//2780 1241//2779
f 1240//5357 146//2740 1679//2739
f 218//4493 1520//4492 1521//5358
f 1057//5359 210//2684 1055//2683
f 1076//4282 589//5360 1953//3488
f 256//4490 1759//4489 1112//5361
f 1148//5362 188//2872 1637//2871
f 950//5363 93//2859 1567//2859
f 938//5364 110//2728 936//2728
f 1083//5365 281//2686 1081//2686
f 230//218 1687//3518 1514//5366
f 227//2776 1439//4496 1066//5367
f 1212//5368 172//2809 1210//2808
f 1103//4289 833//5369 1956//3500
f 945//5370 273//2849 1580//2849
f 1381//5371 202//2693 1430//2692
f 266//2680 1456//4487 1207//5372
f 1007//5373 102//2830 1042//2829
f 1895//5374 198//188 197//187
f 1202//5375 194//2701 1264//2700
f 1029//5376 290//2824 1723//2823
f 1345//5377 234//2875 1750//2874
f 1336//5378 152//2855 1552//2854
f 1923//3382 1573//3383 1479//5379
f 1338//1723 1545//5380 1492//1724
f 1463//5381 166//2752 1461//2751
f 1021//5382 160//2840 1022//2839
f 1157//5383 1737//5383 1156//5383
f 222//3558 1506//5384 1507//3556
f 1227//1430 1229//1432 1184//3400
f 1307//1516 1482//5385 1306//1514
f 1015//5386 1014//3391 106//109
f 1479//4371 649//4373 1478//5387
f 1038//2150 659//4671 1039//2836
f 106//2147 637//4664 1015//2833
f 587//5388 1416//4338 588//4339
f 83//1597 643//4609 1197//5277
f 1227//2166 667//4621 1228//2742
f 616//4643 615//5389 929//1146
f 1514//4377 596//4379 1513//5390
f 1307//5391 611//5275 1482//2866
f 1076//4345 599//4347 1717//2712
f 922//3224 631//4625 923//2862
f 640//4375 1284//2800 1709//4376
f 1378//1587 661//4360 660//1588
f 286//1854 855//4659 854//5392
f 222//4635 863//4634 1506//5285
f 238//1624 832//4654 1350//2827
f 1338//1542 656//4656 1544//5300
f 1421//1647 664//4639 1233//2802
f 1157//5393 670//5279 1737//2785
f 1614//5394 605//5295 1191//2847
f 1103//4366 591//4368 1742//2794
f 970//1187 647//4605 1102//2762
f 318//4603 474//5395 476//4601
f 79//3109 354//341 356//343
f 471//3101 308//3100 469//5396
f 386//3112 135//3111 384//5397
f 586//655 383//3004 127//3003
f 566//618 389//3252 141//5398
f 147//5399 394//383 393//382
f 363//3118 94//3117 361//5400
f 818//958 428//3045 219//3044
f 228//4637 860//1027 431//3201
f 684//746 446//3233 257//5401
f 505//513 397//3141 153//3140
f 454//1111 451//2990 267//2989
f 876//1042 377//3226 119//5402
f 211//2974 423//412 425//414
f 440//3107 250//3106 438//5403
f 180//3022 409//397 411//399
f 195//3132 419//408 418//407
f 282//2987 458//447 460//449
f 300//3031 466//456 468//458
f 840//997 414//3195 189//5404
f 373//1097 366//3037 103//3036
f 515//531 422//3172 203//5405
f 443//768 437//3115 242//3114
f 889//1085 463//3085 291//3084
f 380//573 371//3034 111//3033
f 488//482 406//3255 173//5406
f 692//3258 434//3138 235//3137
f 1457//3047 457//786 711//788
f 820//963 400//3040 161//3039
f 167//3042 403//391 402//390
f 1094//1301 74//1303 661//5016
f 611//5011 1773//3261 312//3262
f 647//704 969//1297 1090//1299
f 643//5007 1288//1494 1285//1496
f 628//5026 1952//3156 1156//3158
f 670//5024 1957//5407 1908//5022
f 1182//1389 1184//1391 483//4464
f 667//722 66//5408 1278//5008
f 616//5018 43//1659 1306//1661
f 631//690 1960//3240 1963//3242
f 599//668 1955//5409 1507//5033
f 588//659 1360//3162 1953//3163
f 895//5410 911//4449 640//4451
f 962//3232 1962//3231 591//662
f 863//5013 1597//3250 230//3251
f 1140//1385 1178//1387 608//4425
f 37//5411 269//4387 619//4389
f 851//1015 1559//1862 1593//1864
f 832//987 1403//3178 1956//3179
f 1325//5412 1326//5412 652//5412
f 1916//5413 1337//3246 176//3247
f 637//696 1767//3209 1902//3210
f 1382//1591 1383//1593 602//5414
f 605//5030 1613//3193 198//3194
f 664//719 1420//3256 1923//3257
f 1499//5021 924//5415 925//5019
f 1072//1280 1052//1282 855//4486
f 626//5002 788//5416 999//5000
f 596//665 1356//1561 1351//1563
f 659//5005 61//5417 1492//5003
f 649//706 994//1205 995//1207
