# Blender v2.91.2 OBJ File: ''
# www.blender.org
mtllib OpenLongCil.mtl
o membrane_0.017
v 0.438100 0.480836 -0.237200
v 0.438335 0.531265 -0.235250
v 0.458357 0.513185 -0.194444
v 0.489673 0.510844 -0.092543
v 0.475190 0.487702 -0.148374
v 0.475029 0.542216 -0.147728
v 0.420897 0.553771 0.265579
v 0.437681 0.544139 0.238236
v 0.442496 0.580569 0.226929
v 0.217893 0.550173 0.447278
v 0.182155 0.537613 0.463297
v 0.225772 0.498706 0.443454
v -0.242127 0.546724 0.434978
v -0.253056 0.610222 0.428639
v -0.280940 0.575989 0.411108
v -0.340587 0.531829 0.363008
v -0.293711 0.535847 0.401583
v -0.316454 0.577213 0.383626
v -0.416896 0.553261 0.272505
v -0.401818 0.511516 0.293381
v -0.381457 0.556073 0.319923
v -0.455383 0.501034 -0.201797
v -0.470747 0.478766 -0.161501
v -0.472175 0.541216 -0.156029
v -0.146117 0.594444 -0.475436
v -0.153564 0.545715 -0.473568
v -0.192127 0.597664 -0.459114
v -0.310868 0.538097 -0.388457
v -0.265514 0.537574 -0.420203
v -0.288550 0.484337 -0.405739
v -0.413206 0.496910 -0.277074
v -0.401894 0.530315 -0.293107
v -0.379037 0.508049 -0.322377
v -0.486301 0.547660 0.106659
v -0.478610 0.498091 0.139107
v -0.469297 0.549169 0.165322
v -0.031185 0.493921 0.497219
v -0.062506 0.544945 0.493379
v -0.069041 0.490423 0.492757
v 0.360856 0.496995 0.342572
v 0.370612 0.541429 0.332559
v 0.331453 0.542717 0.371168
v 0.453227 0.528529 0.206576
v 0.492239 0.462611 0.076302
v 0.494988 0.500971 0.058292
v 0.486020 0.506549 0.109635
v 0.376195 0.526488 -0.326750
v 0.394013 0.568758 -0.304457
v 0.411409 0.518952 -0.280935
v 0.002287 0.482563 -0.497928
v 0.024953 0.522261 -0.497035
v 0.048821 0.490374 -0.495091
v -0.042232 0.454449 -0.496502
v 0.004718 0.432091 -0.497715
v 0.057276 -0.341545 -0.494492
v 0.027222 -0.306131 -0.497109
v 0.078650 -0.308961 -0.491504
v 0.058928 0.410215 -0.494635
v 0.095137 0.464238 -0.488977
v 0.127990 0.401542 -0.481268
v 0.119417 -0.640400 -0.482325
v 0.092224 -0.657044 -0.488525
v 0.073207 -0.625812 -0.491033
v 0.058082 -0.388371 -0.494273
v 0.100452 -0.351919 -0.487717
v 0.124275 -0.409519 -0.482021
v 0.234770 -0.291304 -0.438838
v 0.215918 -0.352000 -0.448708
v 0.179068 -0.304436 -0.464321
v 0.300374 -0.343725 -0.397206
v 0.277696 -0.303425 -0.412997
v 0.312522 -0.292145 -0.387386
v 0.374588 -0.349088 -0.328107
v 0.370780 -0.307406 -0.331484
v 0.402910 -0.314068 -0.292287
v 0.413506 -0.626514 -0.275150
v 0.411982 -0.657581 -0.278002
v 0.393303 -0.639760 -0.304195
v 0.434257 -0.315947 -0.243579
v 0.444639 -0.350563 -0.224346
v 0.423984 -0.356304 -0.261075
v 0.497205 -0.653476 -0.020082
v 0.496504 -0.661425 0.019763
v 0.497114 -0.694542 -0.002249
v 0.488036 -0.672756 0.094103
v 0.493695 -0.645734 0.057012
v 0.486500 -0.628215 0.101310
v 0.474174 -0.312216 0.151293
v 0.484218 -0.264402 0.115125
v 0.465956 -0.263908 0.173999
v 0.439946 -0.686982 0.230061
v 0.455833 -0.693252 0.199114
v 0.457339 -0.657739 0.194807
v 0.454189 -0.304090 0.203471
v 0.434849 -0.298869 0.242736
v 0.438805 -0.338143 0.234697
v 0.388411 0.454254 0.311004
v 0.417051 0.476611 0.271832
v 0.398445 0.514988 0.297817
v 0.389395 -0.290681 0.310093
v 0.415931 -0.319424 0.275292
v 0.417793 -0.273730 0.270370
v 0.333487 -0.657205 0.368922
v 0.364379 -0.681651 0.338188
v 0.358568 -0.636254 0.344161
v 0.319204 -0.346975 0.382411
v 0.346698 -0.304220 0.357150
v 0.292633 -0.300750 0.402211
v 0.224866 -0.655537 0.442895
v 0.261366 -0.693087 0.423104
v 0.272240 -0.646572 0.415936
v 0.150709 0.456136 0.475021
v 0.189407 0.455740 0.460949
v 0.167602 0.494169 0.468414
v 0.147218 -0.310174 0.475465
v 0.106902 -0.331352 0.485852
v 0.167400 -0.353912 0.469013
v 0.069757 0.421520 0.493621
v 0.069463 0.460311 0.492886
v 0.045191 0.441479 0.495104
v 0.046810 -0.659923 0.494588
v 0.101664 -0.665473 0.486506
v 0.078100 -0.620733 0.490733
v -0.080522 -0.301925 0.490664
v -0.049758 -0.360101 0.495350
v -0.026958 -0.312081 0.497027
v -0.044357 0.443136 0.496549
v -0.101025 0.431125 0.488380
v -0.074135 0.395588 0.492509
v -0.095449 -0.663508 0.487753
v -0.080576 -0.630060 0.489959
v -0.133835 -0.639899 0.478553
v -0.135265 -0.305848 0.479036
v -0.108941 -0.351947 0.485466
v -0.188918 -0.297611 0.460601
v -0.242111 -0.300465 0.434984
v -0.213881 -0.352777 0.449657
v -0.383315 -0.632740 0.315922
v -0.360780 -0.650032 0.342519
v -0.354569 -0.611711 0.348042
v -0.380288 -0.379005 0.321808
v -0.395605 -0.320525 0.301728
v -0.415154 -0.383109 0.274871
v -0.412086 0.428118 0.279549
v -0.388141 0.463653 0.311851
v -0.420616 0.473455 0.267102
v -0.407200 -0.656343 0.285162
v -0.426308 -0.672878 0.255171
v -0.409424 -0.701262 0.283323
v -0.487550 -0.370877 0.101616
v -0.480821 -0.413141 0.129481
v -0.472538 -0.350595 0.156172
v -0.490774 -0.643949 0.079533
v -0.488061 -0.680203 0.093075
v -0.479598 -0.641697 0.129695
v -0.497639 -0.395957 0.023432
v -0.492622 -0.408925 0.069423
v -0.495438 -0.347986 0.048506
v -0.485954 0.492162 -0.110795
v -0.492301 0.445849 -0.073942
v -0.494667 0.498044 -0.055605
v -0.477051 -0.330079 -0.142593
v -0.484970 -0.364371 -0.114033
v -0.485988 -0.327057 -0.105536
v -0.466877 0.433469 -0.172466
v -0.457065 0.461232 -0.197959
v -0.449321 0.424536 -0.214223
v -0.447725 -0.335987 -0.217042
v -0.446762 -0.297727 -0.218922
v -0.428923 -0.344435 -0.252894
v -0.404009 0.417963 -0.291105
v -0.416298 0.386446 -0.273273
v -0.427738 0.420794 -0.254622
v -0.430830 -0.617979 -0.247843
v -0.409536 -0.631908 -0.281943
v -0.428557 -0.660585 -0.251783
v -0.308457 -0.316052 -0.390624
v -0.328480 -0.362531 -0.374385
v -0.353234 -0.311008 -0.350948
v -0.243326 -0.363849 -0.434381
v -0.264472 -0.317141 -0.421695
v -0.217492 -0.321222 -0.447591
v -0.237812 0.492749 -0.438230
v -0.187077 0.493177 -0.461726
v -0.211621 0.455407 -0.450709
v -0.217064 -0.655981 -0.447165
v -0.221820 -0.614609 -0.444548
v -0.174090 -0.637572 -0.465537
v -0.105851 -0.344074 -0.487374
v -0.147452 -0.378647 -0.475422
v -0.163256 -0.324259 -0.470288
v -0.086954 0.474442 -0.489730
v -0.134991 0.486348 -0.479298
v -0.097810 0.522940 -0.487959
v 0.216417 0.690971 -0.445866
v 0.205228 0.658626 -0.452978
v 0.185195 0.678781 -0.461247
v 0.322511 0.699757 -0.377485
v 0.348004 0.703396 -0.354959
v 0.341862 0.670036 -0.360966
v 0.496628 0.685458 0.023719
v 0.495983 0.633956 0.031186
v 0.496259 0.667384 -0.023394
v 0.319765 0.666874 0.380297
v 0.351382 0.643138 0.351096
v 0.339277 0.691893 0.363481
v 0.174256 0.654851 0.465371
v 0.131962 0.655693 0.478971
v 0.163453 0.618017 0.469322
v -0.092302 0.679008 0.488367
v -0.112671 0.695549 0.484112
v -0.130866 0.661044 0.479351
v -0.208516 0.638236 0.451387
v -0.217190 0.672906 0.446849
v -0.246684 0.657131 0.431287
v -0.317237 0.688462 0.382799
v -0.346502 0.680869 0.357200
v -0.322725 0.663394 0.378220
v -0.441897 0.637808 0.226892
v -0.419173 0.636358 0.268242
v -0.430310 0.672260 0.248754
v -0.449773 0.675542 0.210504
v -0.458896 0.646645 0.190973
v -0.059671 0.680126 -0.493413
v -0.074068 0.631220 -0.491833
v -0.109241 0.657677 -0.484709
v 0.107719 -0.524161 -0.485572
v 0.052340 -0.503814 -0.495082
v 0.098300 -0.463896 -0.487989
v 0.058657 -0.565310 -0.494339
v 0.178807 -0.445201 -0.464557
v 0.147485 -0.486841 -0.474277
v 0.137398 -0.451390 -0.477532
v 0.198027 -0.497868 -0.456544
v 0.253370 -0.506348 -0.428279
v 0.214081 -0.547555 -0.449079
v 0.469065 -0.546353 -0.166016
v 0.448913 -0.561975 -0.214624
v 0.457097 -0.514090 -0.196056
v 0.495956 -0.542074 -0.042043
v 0.490728 -0.504935 -0.084645
v 0.496741 -0.477264 -0.032057
v 0.486817 -0.495843 0.103578
v 0.480735 -0.448447 0.128736
v 0.473050 -0.494404 0.154357
v 0.451791 -0.496273 0.208673
v 0.466530 -0.531251 0.174602
v 0.327584 -0.514014 0.374809
v 0.292601 -0.518797 0.403094
v 0.308448 -0.558558 0.390393
v 0.168817 -0.507857 0.468601
v 0.176354 -0.462450 0.466179
v 0.133493 -0.490386 0.480012
v 0.065359 -0.545365 0.493337
v 0.097460 -0.520748 0.488748
v 0.051148 -0.505263 0.495542
v 0.087997 -0.472797 0.490225
v -0.184912 -0.505102 0.462302
v -0.221182 -0.491533 0.446005
v -0.211472 -0.548164 0.450551
v -0.436171 -0.553919 0.240228
v -0.456956 -0.565871 0.198224
v -0.436681 -0.599582 0.237617
v -0.497262 -0.486965 0.024489
v -0.493559 -0.531270 0.063876
v -0.489856 -0.487102 0.089278
v -0.495667 -0.544015 -0.041820
v -0.498237 -0.512847 -0.011496
v -0.496844 -0.479363 -0.042038
v -0.497478 -0.540416 0.013474
v -0.426283 -0.518947 -0.256932
v -0.450901 -0.509509 -0.210298
v -0.431152 -0.486160 -0.249189
v -0.339105 -0.491755 -0.364380
v -0.347581 -0.537260 -0.356365
v -0.377087 -0.502667 -0.325049
v -0.273360 -0.488135 -0.416020
v -0.235530 -0.463792 -0.438320
v -0.223615 -0.512178 -0.444548
v 0.207872 -0.606035 0.451210
v 0.230902 -0.582871 0.440987
v 0.208906 -0.562867 0.451537
v 0.301450 -0.681613 0.394754
v 0.257341 -0.554355 0.426201
v 0.125827 -0.623595 0.481317
v 0.103635 -0.573449 0.486868
v 0.369908 -0.505028 0.333668
v 0.348457 -0.555697 0.355060
v 0.379195 -0.554200 0.322201
v 0.393573 0.568687 0.303565
v 0.416753 0.600875 0.270945
v 0.448601 -0.606172 0.214017
v 0.422063 -0.618836 0.262754
v 0.438009 -0.647181 0.234041
v 0.469480 0.485653 0.168556
v 0.481387 0.448958 0.127121
v -0.238726 -0.629532 0.435803
v -0.209288 -0.598803 0.451492
v -0.237505 -0.587429 0.436664
v -0.167091 -0.591420 0.468132
v -0.189497 -0.636695 0.459195
v -0.201080 0.698253 0.453703
v -0.229097 0.696661 0.441905
v -0.111325 -0.588265 0.484605
v -0.145476 -0.535763 0.475820
v -0.217716 -0.675927 0.446558
v -0.260968 -0.674534 0.423032
v -0.242704 -0.713801 0.434276
v -0.295244 0.609559 0.399031
v 0.179227 -0.540155 0.464547
v 0.141291 -0.536190 0.477583
v 0.170296 -0.642712 0.467113
v -0.029926 -0.544419 0.496047
v 0.022244 -0.543856 0.497488
v -0.006348 -0.492166 0.497432
v -0.116274 0.503242 0.484152
v 0.346579 0.735433 -0.358748
v 0.368914 0.713016 -0.333598
v 0.344227 -0.660513 -0.358075
v 0.313732 -0.661732 -0.385097
v 0.326150 -0.623163 -0.375272
v 0.382708 0.691848 -0.315886
v 0.397631 0.704293 -0.299282
v 0.406524 0.677908 -0.286643
v 0.393051 -0.684376 -0.303718
v 0.428510 -0.597912 -0.251745
v 0.449166 -0.612349 -0.212134
v 0.433427 -0.645456 -0.243192
v 0.162892 -0.538469 -0.469693
v 0.207743 -0.640398 -0.451401
v 0.182381 -0.587918 -0.462081
v 0.224432 -0.590582 -0.443985
v 0.204534 0.502631 -0.453345
v 0.163687 0.455197 -0.470712
v 0.142116 0.509644 -0.477866
v 0.123859 -0.586591 -0.481490
v 0.064191 -0.678737 -0.492773
v 0.111132 -0.683278 -0.484209
v 0.129374 0.562109 -0.480530
v 0.080153 0.527780 -0.492098
v 0.496176 0.506006 -0.038866
v 0.495002 0.556643 -0.045250
v 0.497879 0.518912 0.010484
v 0.497173 -0.515632 0.016272
v 0.496758 -0.570878 0.014255
v 0.492513 -0.650479 -0.066971
v 0.494583 -0.687829 -0.047848
v 0.496763 -0.622384 0.015815
v 0.493356 -0.598706 0.062177
v 0.494595 -0.691135 0.048139
v 0.479743 -0.537374 0.130446
v 0.492621 -0.542357 0.071440
v 0.477525 -0.613360 0.138764
v 0.466909 -0.622158 0.171537
v 0.475698 -0.655984 0.142637
v 0.488996 -0.545245 -0.091025
v 0.481424 -0.575932 -0.124547
v 0.481557 -0.526975 -0.125742
v 0.491614 -0.576459 -0.078046
v 0.488452 -0.614790 -0.093138
v 0.486815 0.564104 -0.102248
v 0.470541 -0.720369 -0.163502
v 0.477269 -0.676897 -0.137519
v 0.479835 -0.717791 -0.131252
v 0.466077 -0.592478 -0.174151
v -0.241922 0.332110 0.435735
v -0.277324 0.365986 0.413657
v -0.294691 0.311813 0.401279
v -0.495402 0.336841 0.052199
v -0.497982 0.350583 0.009194
v -0.497801 0.295239 0.028511
v -0.495358 0.681282 0.048714
v -0.496515 0.685328 0.010112
v -0.496381 0.653114 0.021515
v -0.419553 0.263292 0.269041
v -0.441768 0.239127 0.229854
v -0.422289 0.218672 0.264550
v 0.037758 0.297703 0.496403
v -0.011727 0.278848 0.497674
v 0.044639 0.254972 0.495776
v -0.150195 0.284129 -0.474336
v -0.129172 0.334312 -0.480683
v -0.088755 0.282287 -0.489629
v -0.182666 0.324110 -0.462884
v -0.223398 0.313165 -0.445504
v -0.219646 0.357611 -0.446776
v -0.495217 0.257978 -0.054322
v -0.497706 0.255579 -0.010091
v -0.496928 0.307930 -0.037396
v 0.492769 0.321721 -0.073911
v 0.486170 0.274496 -0.111316
v 0.478673 0.325531 -0.142605
v 0.462323 0.310520 -0.188422
v 0.450374 0.276033 -0.213050
v 0.442502 0.322586 -0.228199
v 0.432526 0.655986 -0.244047
v 0.408456 0.620510 -0.284533
v 0.360829 0.288093 -0.341604
v 0.391070 0.267639 -0.308306
v 0.366917 0.247894 -0.336424
v 0.250107 0.302767 -0.430439
v 0.278182 0.277618 -0.412125
v 0.228057 0.258148 -0.442441
v 0.399607 0.237736 0.296853
v 0.359159 0.243634 0.344916
v 0.373521 0.194845 0.328955
v 0.225102 0.218688 0.443610
v 0.244428 0.269085 0.434313
v 0.193996 0.258207 0.457961
v 0.263240 0.228971 0.422019
v 0.289485 0.265614 0.405370
v -0.034930 0.247144 -0.496395
v -0.084001 0.222481 -0.490690
v 0.415821 0.290267 0.273601
v 0.428255 0.251221 0.254988
v -0.485473 0.704465 0.117708
v -0.488385 0.717380 0.097604
v -0.487122 0.695938 0.099796
v -0.484644 -0.531897 0.113622
v -0.489059 -0.564829 0.091484
v -0.476876 -0.695982 0.139907
v -0.488909 -0.574895 -0.092021
v -0.494440 -0.590012 -0.051335
v -0.495242 -0.621602 0.042147
v -0.497242 -0.642668 -0.004048
v -0.494866 -0.671045 0.042147
v -0.496312 -0.690807 -0.010866
v -0.493530 -0.660432 -0.054821
v -0.494123 -0.699794 -0.052878
v 0.036708 0.563446 -0.496201
v 0.081140 0.583199 -0.490863
v -0.414442 -0.570909 0.275207
v -0.477355 -0.579943 0.139700
v -0.470937 -0.528750 0.161928
v -0.459461 -0.620987 0.189400
v -0.185389 -0.586217 -0.461405
v -0.193398 -0.546260 -0.458518
v -0.150588 -0.551762 -0.474209
v -0.188762 -0.690006 -0.459326
v -0.062225 -0.540538 -0.493887
v -0.027544 -0.560840 -0.497002
v -0.072618 -0.583188 -0.492188
v -0.076366 -0.498764 -0.492292
v -0.032111 -0.518050 -0.496911
v -0.092952 -0.683539 -0.488351
v -0.135656 -0.677528 -0.477954
v -0.107063 -0.660395 -0.485991
v -0.055161 -0.688199 -0.493611
v -0.075036 -0.642267 -0.491250
v -0.461465 -0.572072 -0.185839
v -0.430974 -0.568870 -0.248220
v -0.446115 -0.603355 -0.216875
v -0.493017 0.665279 -0.062940
v -0.485260 0.681579 -0.107953
v -0.485710 0.629693 -0.105337
v -0.477891 -0.615051 -0.137579
v -0.477202 -0.669370 -0.137734
v -0.486693 -0.652304 -0.101357
v -0.476043 -0.710092 -0.143148
v -0.467095 -0.687967 -0.170480
v -0.467271 0.691305 -0.172080
v -0.453210 0.687580 -0.205542
v -0.470825 0.660823 -0.157903
v -0.464226 -0.653129 -0.177005
v -0.449399 -0.688642 -0.211449
v -0.447697 -0.640229 -0.215846
v 0.437185 0.645552 0.235641
v -0.317427 0.619686 -0.382824
v -0.344667 0.661943 -0.358463
v -0.302930 0.663995 -0.393912
v -0.404331 0.597654 0.290534
v -0.431864 0.595073 0.246255
v -0.494550 0.621402 -0.050670
v -0.490701 0.591320 -0.080290
v -0.495572 0.576388 -0.041116
v -0.027364 0.638842 -0.496065
v -0.048756 0.603499 -0.494888
v 0.473852 0.533218 0.155673
v 0.484107 0.570711 0.115623
v 0.123283 0.613500 -0.481772
v -0.377130 0.696808 0.323824
v -0.372936 0.655157 0.329069
v -0.395674 0.635585 0.301924
v -0.374302 0.609104 0.328380
v -0.174998 0.533272 0.465608
v -0.124053 0.552647 0.482055
v -0.154731 0.579469 0.472481
v 0.001638 0.586472 0.497328
v 0.044652 0.550998 0.495084
v 0.062918 0.590483 0.493096
v 0.487755 0.626383 0.092723
v 0.474837 0.619678 0.147050
v 0.493446 0.643959 -0.062505
v 0.496474 0.614053 -0.027631
v 0.490517 0.605735 -0.081413
v -0.496739 0.654881 -0.017540
v 0.454296 0.572194 -0.203136
v 0.436420 0.610421 -0.238395
v 0.455501 0.632317 -0.198814
v 0.208323 0.629930 0.451494
v 0.192588 0.582455 0.458610
v 0.236482 0.587011 0.437429
v -0.477038 0.595808 0.140852
v -0.126919 0.621923 -0.480925
v -0.101742 0.623620 -0.486783
v -0.095557 0.583872 -0.488080
v -0.475596 0.704398 -0.144760
v 0.091257 0.627681 0.488577
v 0.038324 0.641005 0.495333
v 0.300919 0.526151 -0.396243
v 0.340007 0.526891 -0.363916
v 0.319617 0.485023 -0.381311
v -0.109980 0.601623 0.484897
v -0.077969 0.646150 0.490853
v -0.291252 0.581242 -0.402997
v -0.022726 -0.448760 -0.497795
v 0.001108 -0.489055 -0.498117
v -0.038090 -0.483149 -0.496344
v 0.476139 0.604502 -0.142925
v 0.153724 0.688588 -0.472615
v 0.113452 0.667022 -0.483697
v 0.123790 0.706050 -0.481391
v 0.014101 -0.698607 -0.496954
v 0.023283 -0.647422 -0.496222
v 0.493122 0.590297 0.063832
v 0.042522 0.602127 -0.496085
v -0.003110 0.595105 -0.497217
v 0.023619 0.638629 -0.496469
v 0.388666 0.617240 0.309812
v 0.410846 0.640038 0.279586
v -0.265014 -0.599186 0.420473
v -0.334573 0.628946 0.367707
v -0.350130 0.580701 0.353433
v -0.457928 0.600507 0.194048
v 0.369090 -0.596164 0.333233
v 0.400059 -0.584608 0.295657
v -0.005323 0.550935 -0.497787
v -0.042240 0.568907 -0.495718
v 0.391055 -0.639925 0.306529
v -0.351120 0.549176 -0.352398
v -0.389924 0.566789 -0.308558
v -0.357328 0.605558 -0.345888
v -0.351908 -0.676588 0.350563
v -0.329997 -0.651878 0.371419
v -0.324316 -0.563185 -0.377263
v -0.353482 -0.589352 -0.349314
v -0.472464 0.269289 0.155823
v -0.479222 0.322463 0.134046
v -0.484931 0.277419 0.111886
v -0.379176 -0.676852 0.320727
v -0.459763 -0.705879 0.190459
v -0.465454 -0.665542 0.173859
v 0.288103 -0.602143 0.405783
v 0.305900 -0.638817 0.391904
v 0.324064 -0.723963 0.377741
v 0.333758 -0.698363 0.368091
v -0.397603 0.210737 -0.299078
v -0.404651 0.240930 -0.289565
v -0.390503 0.250140 -0.309220
v -0.056180 -0.667599 0.493436
v -0.083946 -0.694832 0.490083
v -0.032722 -0.721339 0.497137
v -0.447040 -0.662878 0.217930
v -0.436859 -0.704032 0.237420
v -0.385467 0.334067 0.314657
v -0.391969 0.286541 0.308206
v -0.365307 0.306519 0.338248
v 0.371862 -0.660635 -0.329502
v 0.365041 -0.617571 -0.337184
v -0.268514 -0.595299 -0.418800
v -0.227365 -0.566262 -0.442769
v -0.404294 -0.537229 -0.290724
v -0.397168 -0.588497 -0.299518
v -0.267135 -0.541990 -0.419922
v -0.308980 -0.524297 -0.390191
v -0.389244 0.616195 -0.308968
v -0.418818 0.608344 -0.267065
v 0.295616 0.658757 -0.399503
v 0.339176 0.618772 -0.362993
v 0.299338 0.604972 -0.396955
v 0.320449 0.568761 -0.380784
v 0.277961 0.566373 -0.412609
v 0.365050 0.686337 -0.339609
v -0.178159 -0.514212 -0.464980
v -0.457849 0.579747 -0.194115
v -0.450556 0.626614 -0.209835
v -0.440910 0.581792 -0.230279
v -0.363553 -0.684403 -0.338364
v -0.400000 -0.683744 -0.295063
v -0.377609 -0.637655 -0.323685
v -0.330266 -0.704956 -0.371738
v -0.331996 -0.647128 -0.368574
v -0.336478 0.497331 -0.366920
v 0.259325 0.612263 -0.424047
v 0.223571 0.565994 -0.443930
v 0.212265 0.621799 -0.449546
v 0.258187 0.520289 -0.425513
v 0.255856 -0.612924 -0.426133
v 0.254830 -0.653204 -0.426583
v 0.341790 -0.569747 -0.361213
v 0.296480 -0.590993 -0.399646
v 0.288849 -0.638253 -0.404275
v 0.281743 -0.687577 -0.408360
v -0.426884 -0.700219 -0.254322
v -0.246436 0.586974 -0.432184
v -0.276548 0.626403 -0.412975
v 0.127431 0.612854 0.480789
v 0.144351 0.573544 0.476174
v 0.104530 0.590160 0.485880
v 0.095939 0.546973 0.488089
v -0.490593 -0.619005 -0.079463
v 0.429867 0.697324 0.248973
v 0.416178 0.670196 0.271434
v 0.375503 0.653126 -0.326113
v -0.483571 0.582512 -0.117437
v -0.490259 0.545611 -0.085916
v 0.306867 0.631514 0.391066
v 0.289951 0.669524 0.403949
v 0.480821 -0.705250 0.127795
v 0.467635 -0.692594 0.168682
v 0.495617 -0.604337 -0.038651
v 0.251473 0.471124 -0.429648
v 0.250143 0.418401 -0.430521
v 0.213329 0.450124 -0.449683
v 0.263825 0.723759 -0.423280
v 0.242655 0.735895 -0.434164
v 0.259125 0.739494 -0.426120
v 0.439678 -0.722117 -0.232614
v 0.422201 -0.727740 -0.266528
v 0.422744 -0.691334 -0.261706
v 0.435846 0.014936 -0.240551
v 0.422062 0.037745 -0.263056
v 0.449085 0.042773 -0.214666
v 0.392260 0.354090 -0.307348
v 0.417372 0.338596 -0.271996
v 0.391730 0.312055 -0.306720
v -0.425322 0.750000 -0.260399
v -0.421385 0.737614 -0.267346
v -0.428187 0.737305 -0.253373
v -0.277115 0.722866 -0.413891
v -0.257349 0.730813 -0.425446
v -0.258679 0.704662 -0.424328
v 0.434421 -0.105400 -0.242543
v 0.410235 -0.126440 -0.281760
v 0.417353 -0.092468 -0.271433
v 0.399852 0.723835 -0.297042
v 0.409177 0.725544 -0.285038
v 0.410510 0.711617 -0.281812
v 0.264949 -0.734976 -0.422337
v 0.255361 -0.715430 -0.426786
v 0.277920 -0.722312 -0.412866
v 0.083530 -0.715577 -0.490520
v 0.061054 -0.732099 -0.493825
v -0.496975 -0.736350 0.025753
v -0.498902 -0.750000 0.007654
v -0.497708 -0.750000 0.025013
v -0.499830 0.722876 0.028103
v -0.495723 0.719169 0.037875
v -0.495837 0.731770 0.041590
v -0.497479 -0.723959 -0.034645
v -0.492411 -0.737714 -0.075590
v -0.048737 -0.739460 -0.494825
v -0.043576 -0.750000 -0.495484
v -0.059555 -0.750000 -0.494091
v 0.041931 0.455764 -0.496264
v 0.017837 0.735127 -0.497486
v 0.030513 0.715697 -0.496232
v 0.000271 0.721433 -0.498034
v -0.492752 0.709726 -0.067769
v -0.496491 0.724942 -0.030374
v -0.494749 0.750000 -0.053750
v -0.023089 0.737427 -0.497609
v -0.032274 0.718543 -0.496330
v -0.079888 -0.750000 -0.491730
v -0.110782 -0.738119 -0.487434
v -0.110340 -0.716326 -0.484877
v 0.495999 -0.740441 -0.037822
v 0.497913 -0.750000 -0.023526
v 0.496198 -0.750000 -0.039519
v 0.496843 0.729237 -0.032065
v 0.497683 0.706891 -0.009843
v 0.495053 0.705528 -0.045517
v -0.037557 0.053836 -0.496262
v -0.031474 -0.001512 -0.496776
v -0.079437 0.015773 -0.491443
v 0.373758 0.724027 0.328887
v 0.377586 0.750000 0.324193
v 0.364486 0.731703 0.341542
v 0.332969 0.737509 -0.369790
v 0.340770 0.750000 -0.365646
v 0.327401 -0.750000 0.374690
v 0.349079 -0.729286 0.356489
v -0.395719 0.715599 0.300953
v -0.403511 0.732236 0.291837
v -0.412084 0.730018 0.281077
v 0.366283 -0.737202 0.337846
v 0.377011 -0.722363 0.324799
v 0.396738 -0.495579 0.301673
v 0.389786 -0.471803 0.310196
v 0.349000 -0.362028 0.354973
v 0.385363 -0.347929 0.315367
v -0.274414 -0.716950 -0.415396
v -0.289488 -0.734897 -0.405638
v -0.301661 -0.718122 -0.395570
v -0.296215 -0.453850 -0.400054
v -0.267200 -0.438414 -0.420240
v 0.367619 0.691132 0.335019
v 0.369743 0.356220 0.332930
v 0.334730 0.295996 0.369013
v 0.381626 0.292389 0.319412
v 0.329742 -0.092516 -0.371794
v 0.373529 -0.129341 -0.328715
v 0.329384 -0.157939 -0.373366
v 0.340186 -0.387611 -0.363280
v 0.342392 -0.326604 -0.361563
v 0.354934 -0.059398 0.348474
v 0.371256 -0.011917 0.331540
v 0.337620 -0.003422 0.365494
v 0.323705 0.243406 0.378928
v -0.265671 -0.345084 0.420308
v -0.291118 -0.384460 0.403926
v -0.246760 -0.392679 0.432442
v -0.413479 -0.733828 0.279688
v -0.411867 -0.750000 0.281648
v -0.395556 -0.549144 0.301556
v -0.369012 -0.547676 0.334121
v -0.390806 -0.518909 0.310346
v -0.292901 0.750000 -0.403709
v -0.286597 0.738075 -0.408627
v -0.297675 0.741128 -0.398684
v -0.285384 0.452893 0.408240
v -0.310606 0.488244 0.389037
v -0.321565 0.437495 0.380474
v -0.283610 0.740480 0.411778
v -0.294059 0.735418 0.401676
v -0.282158 0.724718 0.410343
v -0.367397 -0.366977 -0.336022
v -0.310107 -0.143227 -0.389287
v -0.341651 -0.115419 -0.362284
v -0.317120 -0.087139 -0.383580
v 0.073729 0.750000 -0.492986
v 0.078644 0.738242 -0.493060
v 0.065283 0.740180 -0.492890
v -0.042452 0.400016 -0.496515
v 0.011036 0.390475 -0.497835
v -0.024357 0.750000 -0.497917
v 0.007858 -0.019499 -0.497480
v 0.013163 0.021386 -0.497691
v -0.488806 0.458608 0.094530
v -0.489120 0.400232 0.094111
v -0.476694 0.418813 0.143290
v -0.032921 -0.736814 -0.497486
v -0.042718 -0.722378 -0.495479
v -0.061060 -0.422784 -0.494953
v -0.014200 -0.391854 -0.497716
v -0.487850 -0.732745 -0.102002
v -0.492875 -0.185590 0.067835
v -0.489089 -0.151718 0.094175
v -0.495427 -0.152696 0.046905
v -0.495000 -0.730566 0.051554
v -0.492926 -0.733402 0.081258
v -0.493239 -0.707131 0.065363
v -0.493550 -0.154953 -0.064045
v -0.487517 -0.141814 -0.102565
v -0.484990 -0.171582 -0.111992
v 0.498757 0.045087 -0.009535
v 0.498291 0.094488 -0.019085
v 0.497454 0.081308 0.024419
v 0.493846 -0.729850 0.057846
v 0.490367 -0.710447 0.086553
v 0.491258 -0.734023 0.084031
v 0.488000 -0.421736 0.091732
v 0.492322 -0.457249 0.075847
v 0.496417 -0.360347 0.037010
v 0.497496 -0.340719 -0.018049
v 0.496897 -0.307653 0.027568
v 0.497187 -0.723386 0.023434
v 0.074337 0.732139 0.492170
v 0.056525 0.716151 0.493951
v 0.087262 0.713174 0.489227
v -0.497198 0.460380 -0.017214
v -0.491235 0.750000 -0.088593
v -0.489622 0.737389 -0.101808
v -0.491174 0.733258 -0.083878
v 0.488233 0.042735 -0.094852
v 0.494541 0.067568 -0.057583
v 0.494702 0.028851 -0.054674
v 0.494920 0.467940 -0.055755
v 0.494913 0.425123 -0.061313
v 0.487105 0.450456 -0.106613
v 0.487437 0.736854 -0.105379
v 0.482252 0.704475 -0.120457
v 0.482163 0.732534 -0.124187
v 0.080513 -0.736171 -0.491852
v -0.025984 0.738365 0.498928
v -0.004766 0.750000 0.499697
v -0.023213 0.750000 0.498365
v 0.496381 0.432225 0.042414
v 0.496994 0.472827 0.031038
v 0.493214 0.731628 0.061770
v 0.493707 0.750000 0.064778
v 0.492334 0.737577 0.082208
v 0.011725 0.322192 0.497982
v -0.021242 0.327946 0.497624
v -0.096540 -0.735985 0.489499
v -0.100356 -0.750000 0.489008
v -0.078114 -0.750000 0.492344
v 0.042438 -0.727543 0.495475
v 0.032123 -0.697985 0.496049
v 0.007298 -0.731082 0.498449
v -0.477392 -0.736811 -0.138965
v -0.472569 -0.750000 -0.156553
v -0.477859 -0.750000 -0.138702
v -0.486706 -0.518663 -0.104267
v -0.472972 -0.476101 -0.155416
v -0.471742 -0.527812 -0.158964
v 0.131668 -0.724326 0.480171
v 0.164465 -0.720311 0.469964
v 0.142993 -0.686234 0.475674
v 0.205209 -0.356683 0.453700
v 0.208830 -0.392965 0.451553
v 0.154528 -0.186098 0.472516
v 0.182005 -0.139609 0.463448
v 0.133977 -0.126345 0.479297
v 0.466470 -0.736134 0.174254
v 0.466565 -0.750000 0.176469
v 0.472056 -0.750000 0.158448
v 0.150997 0.731513 0.474078
v 0.167000 0.701797 0.468232
v 0.174549 0.729769 0.466275
v 0.471310 -0.014976 0.161549
v 0.465919 0.031826 0.176172
v 0.451228 -0.005891 0.210650
v 0.463065 0.270605 0.181208
v 0.460045 0.319415 0.190353
v 0.443227 0.284961 0.227651
v -0.143664 -0.737989 -0.476277
v -0.126287 -0.742632 -0.482877
v -0.135608 -0.750000 -0.478950
v 0.466983 -0.407710 0.171967
v 0.465304 -0.457383 0.177486
v 0.457651 0.733047 -0.198247
v 0.445807 0.731717 -0.223549
v -0.181719 -0.734848 0.464203
v -0.138781 -0.730951 0.478991
v -0.141740 -0.708147 0.476025
v -0.087186 -0.115461 0.490534
v -0.145300 -0.112612 0.475874
v -0.100768 -0.153934 0.487916
v 0.145325 -0.731803 -0.475532
v 0.162778 -0.750000 -0.470782
v 0.141060 -0.750000 -0.477175
v 0.474861 0.064528 -0.148616
v 0.467863 0.006867 -0.169357
v -0.464693 0.712176 -0.178256
v -0.462689 0.734288 -0.185342
v -0.454992 0.721682 -0.201547
v 0.466616 0.725926 0.171417
v 0.465278 0.750000 0.183121
v 0.461469 0.733971 0.191689
v 0.211765 0.047417 -0.450407
v 0.216666 0.002891 -0.447957
v 0.169000 0.013709 -0.468461
v 0.177228 0.286743 -0.465064
v 0.172190 0.328488 -0.467049
v 0.212723 0.312052 -0.449853
v 0.181705 0.710188 -0.462673
v 0.149651 0.723986 -0.474465
v 0.172392 0.736777 -0.467977
v 0.165482 0.366361 -0.469585
v 0.194645 0.403527 -0.458755
v 0.157446 0.750000 -0.472354
v 0.459307 0.716699 0.192859
v 0.463506 0.700219 0.181112
v 0.127759 0.750000 0.481369
v 0.130304 0.723843 0.480256
v -0.480447 0.730242 0.132678
v -0.479358 0.737819 0.133517
v -0.483733 0.737359 0.122152
v -0.169160 0.066222 -0.467225
v -0.156064 0.025655 -0.472875
v -0.180609 0.039756 -0.462351
v 0.459107 -0.318247 -0.192836
v 0.459824 -0.372456 -0.190692
v 0.456556 -0.124851 -0.198021
v 0.469414 -0.098481 -0.165590
v 0.474674 -0.138446 -0.148297
v -0.170518 0.737071 -0.470828
v -0.148327 0.723871 -0.474023
v -0.163833 0.716303 -0.469906
v 0.127402 -0.441453 0.482298
v -0.196118 -0.369769 -0.457346
v 0.135228 0.047338 0.478951
v 0.097176 -0.008137 0.488234
v 0.153960 -0.005859 0.473179
v 0.478638 -0.750000 0.135517
v 0.487276 -0.729883 0.106552
v 0.105705 0.390435 0.488006
v 0.057336 0.381121 0.494715
v 0.100434 0.750000 0.489228
v 0.097720 0.738468 0.491107
v 0.112268 0.737206 0.485407
v -0.486982 -0.729446 0.106597
v -0.488953 -0.750000 0.100068
v -0.483717 -0.750000 0.119735
v 0.425244 -0.733337 0.258772
v 0.421187 -0.750000 0.267348
v 0.430733 -0.750000 0.249982
v 0.241753 0.717110 0.434555
v 0.270141 0.722242 0.418333
v 0.243014 0.750000 0.434250
v -0.455049 -0.730929 0.203379
v -0.472102 0.003199 0.156945
v -0.481772 -0.045018 0.124603
v -0.469572 -0.056631 0.164533
v -0.442327 0.316793 0.229031
v -0.459336 0.310568 0.193232
v -0.440722 0.285992 0.231309
v -0.436561 -0.084119 0.238369
v -0.454525 -0.128067 0.202159
v -0.430839 -0.133732 0.249336
v -0.436118 0.750000 0.238490
v -0.444534 0.738477 0.226424
v -0.437631 0.729396 0.236767
v -0.211203 0.736407 0.450704
v -0.210136 0.750000 0.451665
v -0.234946 0.750000 0.438659
v -0.168610 -0.683793 0.467516
v -0.215238 -0.724676 0.448788
v -0.060105 -0.082482 -0.494674
v -0.050200 -0.126809 -0.496053
v -0.102634 -0.120725 -0.487192
v -0.471280 0.733300 -0.159050
v 0.483399 -0.739078 -0.119903
v 0.487363 -0.750000 -0.106803
v 0.483158 -0.750000 -0.122182
v -0.123124 -0.012957 -0.482167
v -0.071164 -0.032341 -0.492587
v -0.126663 0.244878 -0.481671
v -0.153461 -0.479624 0.473651
v -0.191869 -0.469680 0.459567
v -0.148087 0.428936 0.475298
v -0.124559 0.460746 0.482550
v -0.165412 0.473408 0.469543
v -0.166529 0.750000 0.469676
v -0.190724 0.742213 0.461424
v 0.123702 0.731263 -0.481546
v 0.108115 0.721290 -0.485843
v 0.107463 0.736255 -0.486304
v -0.202124 -0.115457 0.454822
v -0.186243 -0.157302 0.461606
v -0.458076 -0.467030 -0.195725
v -0.443628 -0.457600 -0.226338
v -0.482884 0.733285 -0.121543
v -0.128009 -0.732396 -0.481205
v -0.060300 -0.460820 -0.494200
v -0.102875 -0.450381 -0.487121
v -0.481187 -0.730320 0.129739
v -0.464684 0.460101 0.179724
v -0.478124 0.458877 0.139372
v -0.456213 0.728947 0.203455
v -0.464774 0.724607 0.179332
v -0.455731 0.707102 0.201589
v -0.098108 0.740644 -0.489376
v -0.109018 0.736344 -0.485811
v -0.104144 0.750000 -0.489087
v 0.450691 -0.734125 -0.211466
v 0.455360 -0.750000 -0.203447
v 0.445130 -0.750000 -0.222978
v 0.445394 -0.486489 -0.223189
v 0.464621 -0.462179 -0.179468
v -0.200513 0.365355 0.455892
v -0.149914 0.345083 0.474636
v -0.165942 0.391255 0.469102
v -0.275627 -0.738136 0.416751
v -0.282906 -0.750000 0.411319
v -0.266894 -0.750000 0.421529
v -0.254513 -0.470982 0.428358
v -0.258219 -0.513332 0.425319
v 0.451966 0.727744 0.208068
v 0.450319 0.695801 0.210780
v 0.222007 0.728363 0.444601
v 0.197969 0.725972 0.457891
v 0.216142 0.698918 0.447096
v 0.430916 0.707579 -0.249800
v 0.453105 0.686634 -0.204085
v 0.224345 -0.723621 -0.443757
v 0.235960 -0.687012 -0.437211
v -0.184170 0.730304 -0.464386
v -0.181628 0.750000 -0.465482
v -0.246585 -0.750000 0.431949
v -0.438357 -0.731518 0.237653
v -0.424988 -0.725565 0.260127
v 0.219873 -0.734469 0.446206
v 0.208836 -0.750000 0.452765
v 0.223126 -0.750000 0.445076
v 0.212108 -0.509600 0.450271
v 0.227716 -0.447386 0.442631
v -0.450922 -0.750000 -0.211376
v -0.456105 -0.729344 -0.201065
v -0.451894 -0.369423 -0.209091
v -0.460606 -0.424161 -0.188801
v -0.470916 -0.373264 -0.161446
v 0.264030 -0.327409 0.422390
v 0.238570 -0.351890 0.437310
v 0.283162 -0.356548 0.409739
v 0.224808 -0.145597 0.443734
v 0.269083 -0.149438 0.418734
v 0.248051 -0.105677 0.431377
v 0.423787 0.738079 0.264233
v 0.431170 0.750000 0.248805
v 0.424788 0.750000 0.263122
v 0.246415 -0.725792 0.432124
v 0.223186 -0.703383 0.444211
v 0.223702 0.735144 -0.444483
v 0.226794 0.750000 -0.442926
v 0.414827 0.052894 0.276505
v 0.424542 0.003056 0.260428
v 0.444326 0.051509 0.225209
v -0.187915 -0.119414 -0.461019
v -0.233129 -0.109212 -0.439519
v -0.200849 -0.061889 -0.455375
v -0.202918 -0.738297 -0.455625
v -0.184352 -0.724032 -0.463066
v -0.185061 -0.739264 -0.463868
v -0.176575 -0.414921 -0.465894
v -0.185806 -0.463919 -0.462009
v -0.224888 -0.416079 -0.443743
v -0.427818 0.721527 0.253257
v -0.439322 0.704351 0.233366
v -0.271790 0.735713 0.418156
v -0.256519 0.711775 0.426135
v -0.258032 0.732528 0.426048
v -0.458691 -0.750000 0.196925
v -0.452489 -0.750000 0.209766
v -0.431172 -0.469767 0.251682
v -0.450100 -0.511526 0.214888
v -0.417901 -0.521315 0.271682
v 0.232289 0.426066 0.440432
v 0.266081 0.367720 0.422090
v 0.278542 0.416788 0.412877
v 0.294928 0.718660 0.401023
v 0.284247 0.699066 0.407991
v -0.441659 0.285179 -0.229181
v -0.462471 0.273673 -0.183882
v -0.457864 0.330905 -0.195224
v 0.446348 -0.440060 0.220721
v 0.419033 -0.475959 0.269715
v -0.336258 0.302944 0.366673
v -0.349995 0.343208 0.354051
v 0.289084 -0.102735 0.405361
v -0.390825 0.226982 0.308284
v -0.359243 0.265726 0.344850
v 0.269290 -0.723676 0.419453
v 0.282694 -0.734590 0.410924
v 0.287948 -0.714918 0.406366
v -0.363073 -0.413537 0.341069
v -0.363728 -0.453988 0.340231
v -0.325859 -0.425190 0.377029
v -0.366974 -0.501485 0.337061
v -0.397966 -0.474655 0.300635
v -0.351454 -0.164701 0.352212
v -0.327793 -0.110874 0.374515
v -0.362804 -0.121218 0.341439
v 0.384053 0.742192 -0.316316
v 0.388303 0.733866 -0.310609
v 0.380069 0.732885 -0.320382
v 0.286688 0.728855 -0.406832
v 0.422111 -0.005716 -0.263957
v 0.398068 -0.030952 -0.297495
v 0.396175 0.016514 -0.300541
v 0.421072 0.284076 -0.265352
v 0.413265 -0.447952 -0.279495
v 0.438387 -0.442558 -0.237470
v 0.420545 -0.492589 -0.267220
v 0.425389 -0.057435 -0.257737
v 0.395994 -0.080508 -0.301210
v 0.269132 0.291327 0.419471
v 0.289626 0.315146 0.406696
v 0.251642 0.315170 0.429942
v 0.423007 0.719191 0.266051
v 0.408331 0.701625 0.283651
v 0.396578 -0.695810 0.299262
v 0.395232 -0.728236 0.304677
v 0.406603 -0.723244 0.287350
v 0.418576 -0.366897 0.270071
v -0.392160 0.458254 -0.306469
v -0.376322 0.416475 -0.325835
v -0.401133 0.732275 -0.294676
v -0.412675 0.728752 -0.279995
v -0.394186 0.735251 0.303261
v -0.404645 0.750000 0.293513
v 0.259356 -0.332868 -0.425171
v 0.263933 -0.373830 -0.421972
v 0.396479 0.401451 0.301182
v 0.419132 0.432616 0.268692
v -0.359594 0.721531 0.344262
v -0.335532 0.711600 0.367419
v -0.343465 0.733159 0.362343
v -0.335855 0.023382 -0.367336
v -0.332271 0.056800 -0.369965
v -0.306506 0.037194 -0.391851
v -0.327143 0.317171 -0.375266
v -0.362892 0.276536 -0.341057
v -0.362063 0.338831 -0.341089
v 0.296541 -0.734350 0.399697
v 0.291678 -0.750000 0.404513
v 0.307916 -0.750000 0.391122
v -0.392581 -0.086864 -0.305497
v -0.398707 -0.136341 -0.297593
v -0.419528 -0.105834 -0.267741
v -0.315684 0.718275 0.384026
v -0.322940 0.733962 0.376307
v -0.331176 0.727175 0.373747
v -0.343256 -0.730515 0.361447
v -0.354697 -0.750000 0.351061
v -0.341967 -0.750000 0.363223
v -0.342773 -0.527475 0.361515
v -0.304086 -0.531365 0.394019
v -0.333679 -0.486057 0.370334
v -0.358968 -0.704822 0.345288
v -0.364201 -0.730226 0.342615
v -0.322511 0.447265 -0.380410
v -0.344767 0.411581 -0.359116
v -0.359441 0.456610 -0.344353
v -0.333208 0.733522 -0.369146
v -0.322798 0.707156 -0.378107
v -0.346247 0.722127 -0.357946
v -0.330362 -0.698967 0.371880
v -0.304121 -0.717646 0.393892
v -0.298099 -0.681584 0.396189
v 0.300936 -0.723692 -0.396090
v 0.324451 -0.699129 -0.376374
v 0.377523 0.740559 -0.324288
v -0.390531 0.372231 -0.308530
v -0.362267 0.381341 -0.341243
v -0.365556 0.750000 -0.339333
v -0.357989 0.735657 -0.347659
v -0.369983 0.735612 -0.332695
v -0.361653 0.428410 0.342029
v -0.350249 0.476312 0.353650
v -0.373745 0.750000 0.328713
v -0.356907 0.750000 0.348570
v -0.411067 0.698317 -0.279364
v -0.424335 0.721975 -0.262097
v -0.326011 0.750000 0.376181
v -0.333525 0.738856 0.371591
v 0.302679 0.735160 0.397058
v 0.309518 0.750000 0.389422
v 0.295417 0.750000 0.402866
v 0.394662 -0.737802 -0.303065
v 0.401152 -0.750000 -0.295921
v 0.391272 -0.750000 -0.307789
v 0.305050 0.722863 0.392729
v -0.393811 -0.724714 -0.304300
v -0.378669 -0.710015 -0.322203
v -0.364065 0.718134 -0.339293
v -0.375241 -0.734544 -0.326647
v -0.361792 -0.750000 -0.343377
v -0.373266 -0.750000 -0.329823
v 0.025755 -0.739969 0.497165
v 0.018162 -0.750000 0.498345
v 0.032327 -0.750000 0.496981
v 0.497089 0.439471 -0.023629
v 0.497362 0.475363 -0.011204
v 0.497938 0.446846 0.009036
v -0.003280 0.435058 0.499046
v 0.015605 0.465531 0.497948
v -0.046494 0.716874 0.494207
v -0.049535 0.731125 0.494897
v -0.077005 -0.726260 0.492221
v -0.032583 0.721149 0.500099
v -0.019359 0.696177 0.497365
v -0.005039 0.727283 0.499270
v 0.049098 0.336191 0.495513
v 0.004005 0.369333 0.498211
v 0.494695 0.750000 -0.050102
v 0.493554 0.730458 -0.056107
v 0.066689 0.036088 -0.493329
v 0.021851 0.072278 -0.497231
v 0.081039 0.095140 -0.490716
v 0.031306 0.312175 -0.496717
v -0.008551 0.350854 -0.497992
v 0.043412 0.359790 -0.495801
v -0.091391 0.738750 0.490330
v -0.095183 0.750000 0.490893
v -0.498931 0.735217 0.024328
v -0.496679 0.750000 0.032496
v -0.499625 0.750000 0.014092
v 0.496319 -0.719846 -0.033902
v 0.492914 -0.718521 -0.069134
v 0.493180 -0.750000 0.071320
v 0.494662 -0.750000 0.054567
v 0.494477 -0.495393 0.058885
v -0.050443 -0.750000 0.494745
v -0.489175 0.750000 0.099066
v -0.492281 0.727346 0.073735
v -0.497422 -0.416417 -0.023506
v -0.499303 -0.454766 -0.004058
v -0.492365 -0.750000 -0.078703
v -0.493638 -0.750000 -0.065956
v 0.066358 -0.750000 -0.493649
v 0.046523 -0.750000 -0.495412
v 0.036229 -0.444660 -0.496544
v -0.495999 -0.710509 0.028871
v 0.065722 0.722504 -0.493061
v 0.020569 -0.750000 -0.497656
v -0.013734 -0.725860 -0.498903
v 0.021499 -0.352247 -0.496991
v -0.020904 -0.333243 -0.497276
v -0.080170 0.433825 -0.491696
v -0.066587 0.718766 -0.492675
v -0.083518 0.733968 -0.490914
v -0.052023 0.750000 -0.494876
v -0.060956 -0.735588 -0.493948
v -0.073707 -0.716038 -0.491681
v -0.496778 -0.368535 -0.038866
v -0.491849 -0.391355 -0.074667
v -0.495923 0.376229 -0.045891
v -0.496359 0.420390 -0.039172
v -0.493684 0.409947 -0.064909
v -0.495940 0.693635 -0.027274
v -0.498512 0.721182 0.005118
v -0.487186 0.718992 -0.107386
v 0.067238 -0.370903 0.493645
v 0.119100 -0.388673 0.483082
v 0.039067 -0.142350 0.496039
v 0.064186 -0.184191 0.493301
v 0.080986 -0.132644 0.490789
v 0.496990 -0.010012 -0.027357
v -0.277636 0.750000 0.415851
v 0.218329 0.043725 0.447028
v 0.176699 0.029072 0.465320
v 0.196882 -0.002822 0.457615
v 0.437578 -0.724559 0.236810
v 0.452998 -0.731703 0.210119
v 0.449581 -0.710922 0.212791
v -0.423387 0.736145 0.262046
v -0.417097 0.750000 0.273744
v -0.427266 0.750000 0.255935
v 0.464410 0.429453 0.180497
v 0.441478 0.406227 0.230163
v 0.460864 0.373085 0.188962
v 0.475861 0.343191 0.144542
v 0.212174 0.750000 0.451120
v 0.186569 0.750000 0.463823
v 0.407469 0.736420 -0.288177
v 0.416141 0.730287 -0.271416
v 0.155301 -0.353668 -0.472841
v -0.448825 0.736265 -0.214226
v -0.443620 0.720972 -0.223989
v 0.446706 -0.015146 -0.218493
v 0.430235 0.750000 -0.249255
v 0.449807 0.750000 -0.217506
v 0.245061 -0.737328 -0.432953
v 0.258661 -0.750000 -0.426090
v 0.242011 -0.750000 -0.434958
v -0.199500 -0.750000 -0.457326
v -0.215594 -0.750000 -0.449144
v 0.232916 0.378392 -0.440007
v 0.235709 0.716994 -0.437633
v 0.208290 0.722918 -0.451506
v 0.127480 0.343459 -0.480785
v 0.199861 -0.730982 0.456494
v 0.194908 -0.428574 0.458030
v -0.277060 -0.712693 0.413513
v -0.290637 -0.732938 0.407200
v -0.224658 -0.441172 0.444278
v -0.430726 -0.736878 -0.249084
v -0.427411 -0.750000 -0.256383
v -0.438293 -0.750000 -0.235625
v -0.280022 -0.124523 0.411155
v -0.273273 -0.166511 0.416072
v -0.235635 -0.149230 0.438290
v -0.463232 -0.718377 -0.181286
v 0.448041 -0.684925 -0.214140
v 0.453522 -0.716455 -0.205153
v -0.215374 -0.726201 -0.449099
v -0.248170 -0.726994 -0.431697
v -0.241863 -0.691693 -0.433850
v -0.186628 0.699525 -0.460170
v -0.212160 0.722559 -0.450064
v -0.215772 -0.156712 -0.447874
v -0.261513 -0.151322 -0.423638
v 0.093357 0.704319 -0.488056
v 0.091737 0.728703 -0.490251
v 0.488281 -0.690183 -0.094548
v 0.488793 -0.727575 -0.100876
v 0.480934 -0.482973 -0.128175
v 0.489977 -0.455352 -0.087942
v 0.484219 0.750000 -0.122725
v 0.117882 -0.750000 -0.484002
v 0.099635 -0.735521 -0.488667
v 0.114865 -0.722164 -0.483899
v 0.127027 -0.309247 -0.481660
v 0.486691 0.369365 -0.110258
v 0.495256 0.378787 -0.057829
v -0.483631 -0.750000 -0.119292
v -0.189021 -0.750000 0.461981
v -0.175621 -0.750000 0.466994
v -0.491352 0.307599 0.081594
v -0.483371 0.750000 0.125277
v 0.109816 -0.008688 -0.485220
v 0.121235 0.049481 -0.482453
v -0.449499 0.724423 0.220631
v -0.472515 -0.726916 0.160693
v -0.462094 -0.409141 0.185568
v -0.446133 -0.369283 0.219989
v 0.471730 -0.065781 -0.158731
v 0.480541 -0.031572 -0.129417
v 0.483153 -0.091220 -0.117239
v -0.420831 0.322620 0.266650
v -0.445211 0.348292 0.223745
v -0.478191 -0.133202 -0.138522
v -0.304375 -0.739284 -0.393565
v -0.293513 -0.750000 -0.403046
v -0.305395 -0.750000 -0.393273
v -0.309266 -0.481740 -0.390036
v -0.297962 0.726389 -0.398627
v 0.367402 0.735277 -0.335726
v 0.349228 0.446389 0.354953
v 0.320103 0.483287 0.381771
v 0.311376 0.433684 0.387985
v 0.326102 0.727200 0.375415
v 0.374885 -0.741917 0.327208
v 0.369184 -0.750000 0.334768
v 0.377133 -0.750000 0.324963
v 0.404347 -0.529764 0.289920
v 0.323403 -0.733238 -0.377909
v 0.338124 -0.750000 -0.366301
v 0.324442 -0.750000 -0.377598
v 0.382764 -0.723314 -0.317774
v 0.404434 -0.716875 -0.290292
v 0.471765 -0.725341 0.158940
v -0.150842 0.736030 -0.473891
v 0.105824 0.723790 0.487439
v 0.486808 0.750000 0.108069
v 0.477112 0.730951 0.139565
v 0.485410 0.710358 0.108239
v 0.110978 -0.732099 0.485771
v 0.101103 -0.750000 0.488761
v 0.119576 -0.750000 0.483857
v -0.201830 0.723578 0.455028
v -0.173551 0.717826 0.466159
v -0.288099 -0.633196 0.404944
v -0.297116 -0.584343 0.399268
v -0.289180 0.750000 0.406021
v -0.471479 0.603655 -0.157294
v 0.073711 0.630771 -0.491722
v -0.377008 -0.551205 -0.325300
v -0.379176 0.724150 -0.322560
v 0.088981 0.731433 0.491165
v -0.290557 -0.679772 -0.402949
v -0.287664 0.699113 -0.405354
v -0.433497 0.726736 -0.243687
v -0.432767 0.703192 -0.244441
v 0.385796 0.716073 -0.312984
v 0.257998 0.693520 -0.424262
v 0.187612 -0.688521 0.460477
v -0.403609 0.679225 0.289100
v -0.495995 0.707448 0.030288
v -0.497010 0.609877 0.004536
v -0.378683 0.691060 -0.322264
v -0.400803 0.653905 -0.292908
v -0.225170 0.716340 0.443218
v -0.177607 0.656932 0.464311
v -0.193119 0.674894 0.458436
v -0.198940 0.660793 0.455299
v -0.164058 0.621008 0.470038
v 0.471378 0.663468 -0.156730
v 0.468358 0.701685 -0.165399
v -0.141735 0.702307 0.477250
v -0.169538 0.685258 0.466591
v -0.289681 0.701348 0.403622
v -0.242970 0.684102 0.433424
v -0.265596 0.681922 0.419947
v -0.232536 0.636920 -0.439296
v -0.185167 0.654264 -0.461265
v -0.291470 0.655151 0.402950
v -0.321885 -0.610432 0.379091
v 0.108926 -0.707105 0.485811
v -0.256034 -0.645311 -0.426094
v 0.476229 -0.629167 -0.142409
v 0.485238 -0.652317 -0.107023
v 0.166934 0.645775 -0.467989
v 0.135381 -0.654625 0.478015
v 0.309190 0.698999 0.389312
v -0.478640 0.710393 0.134637
v -0.479064 0.695664 0.132929
v -0.471219 0.684762 0.160230
v 0.057154 0.680489 -0.493599
v -0.491248 0.701583 0.076633
v -0.489066 0.673206 0.087593
v -0.410260 -0.614377 0.280738
v 0.010065 -0.635637 0.497495
v 0.037593 -0.618406 0.495178
v 0.080770 0.676516 0.490121
v -0.146508 0.648828 -0.475486
v -0.148722 0.686956 -0.474565
v -0.312509 -0.599137 -0.387545
v -0.019246 -0.611402 -0.496589
v -0.022679 -0.664675 -0.496456
v 0.465002 -0.662686 -0.176294
v -0.429084 -0.639559 0.250565
v -0.495412 -0.620693 -0.038802
v -0.024031 -0.699935 -0.498417
v 0.458084 0.616759 0.193038
v 0.463971 0.663333 0.178244
v 0.228261 0.663853 0.441486
v 0.199140 0.669710 0.455472
v -0.057393 0.681880 0.493938
v -0.022455 0.647504 0.496431
v -0.004937 -0.675010 0.497429
v 0.041443 0.683362 0.495040
v 0.011593 0.675215 0.496883
v -0.470376 0.634291 0.161295
v -0.443964 -0.630825 0.224401
v 0.259692 0.635172 0.423869
v 0.256095 0.686423 0.425929
v 0.421050 -0.709015 0.265357
v 0.419718 -0.666276 0.267376
v -0.151545 0.129334 0.473361
v -0.201119 0.122153 0.455298
v -0.183174 0.082837 0.462607
v -0.488336 0.107538 -0.101357
v -0.484525 0.139898 -0.112566
v -0.477149 0.097480 -0.138560
v -0.211479 -0.190070 0.450655
v -0.249621 -0.196783 0.430731
v -0.221950 -0.227076 0.445302
v -0.402047 -0.186047 -0.293716
v -0.378868 -0.162924 -0.323108
v -0.367911 -0.212698 -0.334717
v -0.140405 -0.182861 0.477337
v -0.179325 -0.193941 0.464235
v -0.163809 -0.223144 0.469862
v -0.475548 -0.208070 0.148914
v -0.473946 -0.157227 0.151591
v -0.485839 -0.198317 0.107108
v -0.461064 0.057504 -0.185905
v -0.462427 0.110455 -0.185172
v -0.440286 0.103355 -0.232233
v -0.190203 -0.237648 -0.459941
v -0.238473 -0.204825 -0.436773
v -0.197079 -0.192684 -0.456944
v -0.279714 0.145931 0.411895
v -0.307118 0.125253 0.391580
v -0.271828 0.110406 0.416664
v -0.408136 0.162724 -0.284671
v -0.417815 0.125700 -0.270382
v -0.432016 0.155507 -0.247021
v -0.289109 -0.201663 0.405232
v -0.308534 -0.161014 0.390423
v -0.323839 -0.198603 0.377438
v 0.455205 0.099653 -0.201225
v 0.459341 0.151914 -0.192221
v 0.470891 0.115879 -0.160908
v 0.289178 0.100359 -0.404832
v 0.252211 0.118331 -0.428877
v 0.281301 0.156865 -0.410329
v 0.479005 -0.125045 0.134011
v 0.479879 -0.177157 0.130265
v 0.488432 -0.146631 0.094838
v 0.474771 0.107108 0.149288
v 0.481178 0.144117 0.128672
v 0.463507 0.147710 0.182608
v -0.342628 0.091714 0.361204
v -0.369555 0.124013 0.333403
v -0.382129 0.083532 0.318727
v 0.427668 0.096895 0.254642
v 0.399844 0.094077 0.296502
v 0.108525 -0.166573 0.485561
v 0.496446 -0.141244 -0.038481
v 0.497823 -0.155646 -0.003733
v 0.495611 -0.181145 -0.037367
v -0.496671 -0.190140 0.035298
v -0.494074 0.120095 -0.062819
v -0.497651 0.101679 0.005369
v -0.497174 0.164332 -0.020006
v 0.495566 -0.141546 0.043683
v 0.491269 -0.185705 0.077596
v -0.490146 -0.208151 -0.085672
v -0.496373 -0.208066 -0.035823
v 0.477494 0.151284 -0.141230
v 0.482730 0.112009 -0.119908
v -0.489673 0.183672 0.089113
v -0.495740 0.162177 0.043671
v -0.489519 0.148280 0.090313
v 0.423839 -0.203482 -0.260931
v 0.435962 -0.159168 -0.239096
v 0.447073 -0.209717 -0.218949
v -0.173806 -0.163425 -0.466189
v -0.126146 -0.176731 -0.481662
v -0.164266 -0.201362 -0.469356
v -0.287116 -0.193909 -0.406572
v -0.327155 -0.196100 -0.374143
v -0.381544 0.166505 -0.319543
v -0.356971 0.174573 -0.347067
v -0.357775 0.127081 -0.346184
v 0.315337 -0.201040 -0.384700
v 0.284177 -0.179668 -0.408538
v 0.321416 0.106234 0.380037
v 0.356160 0.147525 0.348244
v 0.321417 0.153368 0.380458
v -0.431328 -0.216088 -0.247565
v -0.457388 -0.199134 -0.196998
v -0.444593 -0.168347 -0.224001
v 0.024671 0.110620 0.497173
v -0.009170 0.134305 0.497697
v -0.022102 0.088636 0.496912
v 0.214652 -0.154621 -0.449168
v 0.252731 -0.152366 -0.428987
v 0.241477 -0.189821 -0.434226
v 0.436708 0.174946 -0.238455
v 0.440103 0.132093 -0.232079
v 0.417383 0.143052 -0.271170
v -0.210614 0.090450 -0.450563
v -0.168476 0.114185 -0.467568
v 0.497350 0.120488 0.020499
v 0.497426 0.138413 -0.023472
v -0.073539 0.108330 -0.492527
v -0.127853 0.090180 -0.480582
v -0.126238 0.138996 -0.481517
v -0.421084 -0.170290 0.265863
v -0.444179 -0.174451 0.224437
v -0.424591 -0.209896 0.257988
v -0.231648 0.251927 0.440560
v -0.183284 0.241446 0.462667
v -0.198307 0.278083 0.456657
v -0.252521 0.272842 -0.428927
v -0.258479 0.332172 -0.425469
v -0.470094 -0.284341 -0.164743
v -0.483132 -0.298567 -0.121212
v -0.484324 -0.253988 -0.114060
v -0.383583 -0.270779 -0.317684
v -0.401523 -0.232854 -0.292749
v -0.393257 -0.454513 -0.304959
v -0.379503 -0.412566 -0.322664
v -0.360753 -0.453614 -0.342736
v -0.118513 0.168282 0.483036
v -0.075789 0.174873 0.492232
v -0.107863 0.211602 0.485987
v -0.487125 -0.333455 0.103085
v -0.481635 -0.303705 0.126632
v -0.491079 -0.293886 0.081582
v -0.470682 -0.445028 0.164121
v -0.480509 -0.462224 0.130388
v -0.159917 -0.275811 -0.471478
v -0.194736 -0.285209 -0.458555
v 0.158498 -0.228414 -0.471202
v 0.191783 -0.254371 -0.459133
v 0.145968 -0.265975 -0.475716
v 0.409830 0.385311 -0.282387
v 0.403836 -0.274929 -0.289856
v 0.422097 -0.277799 -0.263629
v 0.394902 -0.430743 -0.305115
v 0.391070 -0.470129 -0.308472
v 0.291834 0.206518 -0.402966
v 0.275529 0.239138 -0.414568
v 0.322797 0.249741 -0.378353
v 0.474421 0.299510 0.150146
v 0.403115 0.180996 0.291812
v 0.383860 0.161607 0.317595
v 0.397251 0.153052 0.301613
v 0.303216 -0.475384 0.394891
v 0.319641 -0.411753 0.382024
v 0.275266 -0.445404 0.414723
v 0.016956 0.177488 -0.497475
v 0.004914 0.219897 -0.497653
v 0.057974 0.216195 -0.494238
v 0.495964 -0.422484 -0.048790
v -0.493905 -0.452901 0.060972
v -0.488365 -0.444930 0.096075
v -0.496752 0.247361 0.032409
v -0.406074 -0.252154 0.288079
v -0.374305 -0.269497 0.328069
v -0.382935 -0.234815 0.318260
v 0.080463 0.327173 -0.491322
v -0.492346 0.261487 0.071792
v -0.494229 0.215143 0.060746
v 0.451838 -0.246776 -0.209537
v 0.444670 -0.278905 -0.223911
v 0.433300 -0.242821 -0.243865
v 0.426778 0.209583 0.257670
v 0.211460 0.305220 0.450913
v 0.161002 0.300170 0.471011
v -0.116359 -0.295604 -0.484289
v -0.132495 -0.236837 -0.479734
v -0.078315 -0.259242 -0.490776
v -0.145315 -0.454445 -0.476251
v -0.139570 -0.422342 -0.478294
v -0.110758 0.395723 -0.485060
v -0.068039 0.343680 -0.493765
v 0.348638 -0.279723 -0.355008
v 0.321594 -0.242468 -0.378292
v 0.356329 -0.242156 -0.347630
v 0.309515 -0.430695 -0.390316
v 0.338974 -0.429322 -0.365364
v 0.337340 -0.462183 -0.366170
v -0.100843 -0.396787 -0.487890
v -0.438420 -0.260159 -0.235099
v -0.419538 -0.278805 -0.267792
v -0.423800 0.241189 -0.260931
v -0.406058 0.261381 -0.287837
v 0.259985 0.176256 0.424379
v 0.251926 0.203327 -0.429223
v 0.409871 0.241809 -0.282969
v 0.435313 0.229187 -0.240331
v 0.495533 0.246577 0.050764
v 0.498097 0.253222 0.006843
v 0.495635 0.293033 0.043791
v -0.451120 -0.316874 0.210905
v -0.450244 -0.267299 0.212024
v -0.469628 -0.288219 0.168139
v -0.374708 0.645811 -0.326283
v 0.155663 -0.665628 -0.471832
v 0.146527 -0.703595 -0.474929
v -0.225826 0.686635 -0.442382
v -0.264637 0.669619 -0.420631
v 0.320124 0.729081 -0.380678
v -0.150990 -0.716419 -0.473625
v -0.001178 0.684779 -0.496740
v 0.451984 -0.646931 -0.205706
v -0.474938 0.726748 0.147393
v 0.491702 0.677565 0.072142
v -0.064239 0.721803 0.493422
v -0.075128 0.733748 0.492313
v -0.082655 0.710133 0.490565
v -0.431401 0.737427 0.249839
v -0.407562 -0.019591 -0.285440
v -0.396647 0.021780 -0.300101
v -0.388761 -0.035883 -0.310373
v -0.355871 -0.067265 -0.349103
v -0.370528 -0.121182 -0.332473
v -0.479223 -0.076951 -0.135953
v -0.463490 -0.049242 -0.181269
v -0.464100 -0.101648 -0.180774
v -0.461162 -0.150796 -0.187051
v -0.173972 -0.430360 0.466373
v -0.119804 -0.442367 0.483020
v -0.138713 -0.393364 0.478538
v 0.465547 -0.035526 -0.176375
v 0.139255 -0.110487 -0.477752
v 0.125499 -0.061006 -0.481803
v 0.171240 -0.070812 -0.467641
v -0.407544 -0.413658 -0.286225
v -0.396414 -0.376746 -0.301184
v -0.482089 -0.418642 -0.124655
v 0.182131 -0.054079 0.463177
v 0.134946 -0.045325 0.479252
v 0.290429 -0.065970 -0.403908
v 0.302975 -0.011680 -0.394423
v 0.317369 -0.052981 -0.383190
v 0.375727 -0.048386 -0.326835
v 0.293032 0.015977 0.402085
v 0.331107 0.050895 0.371630
v 0.399017 -0.044159 0.297308
v 0.394876 0.014868 0.303487
v 0.479292 -0.363908 0.135553
v 0.482246 -0.404788 0.123315
v 0.165934 -0.411382 0.469327
v -0.435377 -0.081277 -0.242078
v -0.451222 -0.079616 -0.212776
v -0.441492 -0.045825 -0.229723
v -0.443636 -0.120383 -0.225371
v 0.365363 -0.436760 -0.338895
v 0.382847 -0.395252 -0.318545
v 0.274577 -0.411701 -0.415218
v 0.298494 -0.389513 -0.398416
v 0.365093 -0.448751 0.339539
v 0.369622 -0.399513 0.333088
v -0.152074 -0.049147 -0.473761
v -0.110319 -0.064755 -0.485420
v -0.408652 -0.012408 0.284221
v -0.377117 -0.045427 0.324153
v -0.380175 0.003622 0.321382
v 0.490891 -0.000771 -0.084158
v 0.248481 -0.034913 -0.430684
v 0.196884 -0.032696 -0.457658
v 0.028067 -0.055584 -0.496728
v -0.021667 -0.048821 -0.497266
v -0.003078 -0.102045 -0.497876
v 0.487269 -0.402591 -0.102234
v 0.494218 -0.374005 -0.058473
v -0.455158 -0.456626 0.204237
v 0.230804 -0.413105 -0.441464
v 0.181861 -0.394733 -0.463854
v 0.496073 -0.416192 0.043997
v 0.490003 -0.381891 0.086938
v 0.434731 -0.050736 0.243041
v 0.458329 -0.055688 0.192413
v 0.228908 0.000681 0.441903
v 0.259583 -0.400945 0.424247
v 0.480787 0.666104 0.125229
v -0.159933 0.623392 -0.471376
v -0.487422 -0.465602 -0.100270
v -0.267373 0.494636 0.420176
v -0.249355 0.455263 0.430992
v -0.218412 0.488180 0.447314
v -0.437400 0.467206 -0.237477
v -0.103609 -0.493608 0.487002
v -0.292610 -0.476517 0.403591
v -0.482993 0.643504 0.118656
v -0.482674 0.682941 0.119560
v 0.114109 0.489790 0.484862
v 0.141228 0.528206 0.477459
v -0.338833 0.391164 0.364530
v -0.054304 0.605410 0.494352
v -0.010358 0.412564 0.497903
v 0.025595 0.418227 0.496801
v 0.497336 0.576349 0.015971
v 0.494344 0.543973 0.062634
v -0.373496 0.507939 0.329443
v -0.214922 0.542233 -0.449539
v 0.299984 -0.537579 -0.397187
v 0.302181 -0.483175 -0.395503
v 0.378862 0.449147 -0.323250
v 0.401357 0.424241 -0.294607
v 0.373460 0.394816 -0.329362
v 0.471922 -0.506503 -0.159332
v 0.462475 -0.628797 -0.182362
v 0.473396 0.444737 -0.155318
v 0.163063 -0.583704 0.470245
v -0.415593 0.452440 -0.273817
v 0.459433 0.411405 -0.192342
v 0.448310 0.445856 -0.218453
v 0.459856 0.464080 -0.191444
v 0.431729 -0.524315 0.247424
v 0.364230 -0.482128 -0.339737
v 0.383091 -0.530492 -0.317871
v 0.361655 0.584707 0.341180
v 0.497657 0.414319 0.005843
v 0.497165 0.407086 -0.028902
v -0.048339 0.504762 -0.495251
v -0.012430 0.519399 -0.497431
v -0.031016 -0.631696 0.496226
v -0.055987 -0.588469 0.494304
v -0.388549 0.419527 0.310813
v 0.497513 -0.466028 0.026617
v 0.261985 -0.491802 0.422995
v 0.443317 0.467537 0.226028
v -0.444821 0.489074 0.224462
v -0.440611 0.433838 0.231191
v -0.116078 0.445364 -0.484463
v -0.164561 0.437355 -0.470163
v -0.469246 -0.483902 0.168738
v -0.497557 -0.436094 0.025145
v 0.490689 -0.208551 -0.082104
v 0.479483 -0.189848 -0.133167
v 0.489874 -0.150528 -0.088002
v -0.262251 -0.246736 0.422544
v -0.482730 -0.252256 0.123766
v -0.272402 -0.234637 -0.416592
v 0.267225 -0.216168 -0.419913
v 0.168314 -0.154204 -0.468120
v 0.193851 -0.201148 -0.458239
v 0.142400 -0.191624 -0.476356
v 0.466188 -0.151777 0.174023
v 0.452168 -0.179018 0.207652
v 0.467027 -0.190458 0.171603
v 0.388641 -0.187926 0.310182
v 0.357792 -0.169318 0.345791
v 0.363899 -0.218440 0.339297
v 0.378921 -0.215075 -0.322880
v 0.345095 -0.205831 -0.358713
v 0.363947 -0.176277 -0.340011
v -0.497725 -0.211250 0.008619
v -0.494378 -0.234910 0.055839
v 0.496969 -0.198038 0.019626
v 0.022710 -0.230254 0.497348
v 0.008240 -0.172852 0.497457
v -0.027242 -0.203819 0.496929
v 0.408911 -0.160935 0.283816
v 0.415211 -0.200025 0.274519
v -0.088107 -0.212076 -0.489731
v -0.448109 -0.222026 0.217353
v -0.487825 0.396972 -0.099984
v -0.476466 0.361016 -0.144303
v -0.488788 0.338403 -0.094111
v -0.492882 0.633809 0.061781
v -0.487541 0.599391 0.096570
v -0.416209 0.294056 -0.273118
v -0.434928 0.326223 -0.241882
v 0.270928 0.373979 -0.417245
v 0.243079 0.341163 -0.434137
v 0.376010 0.606178 -0.325248
v -0.497800 0.409158 0.006906
v -0.495283 0.378346 0.051496
v 0.424925 0.570467 -0.258357
v 0.203846 0.354975 -0.454327
v 0.478943 0.395391 0.138095
v 0.420262 0.389914 0.267515
v 0.331168 -0.606394 0.370819
v 0.369267 0.411475 0.333855
v 0.337884 0.399424 0.365680
v 0.339326 -0.510911 -0.363989
v 0.357411 0.485470 -0.346460
v 0.484542 -0.582905 0.111881
v -0.102193 -0.541389 -0.487132
v -0.064184 0.543416 -0.494009
v -0.134868 -0.496482 -0.479040
v -0.142657 -0.599889 -0.476369
v -0.105979 -0.608165 -0.486244
v -0.123639 -0.637763 -0.481573
v -0.415715 0.345458 -0.274086
v -0.422542 0.548829 -0.262158
v -0.418028 -0.602001 -0.269987
v 0.266664 -0.451301 -0.419612
v 0.226294 -0.462766 -0.443339
v -0.326301 0.578795 -0.375358
v 0.010489 -0.575726 -0.497466
v 0.010606 -0.535543 -0.498050
v 0.004375 0.524793 0.497839
v -0.461861 0.388391 -0.185002
v -0.461069 -0.616907 -0.187224
v -0.199943 0.588250 0.455222
v -0.262993 -0.560754 0.422767
v -0.481437 0.442138 -0.127923
v 0.079455 -0.426642 -0.491582
v 0.087736 0.368363 -0.490099
v -0.495082 -0.575739 0.049537
v 0.051504 -0.582553 0.494615
v -0.091061 0.465958 0.489699
v -0.402413 0.395216 0.294057
v -0.426887 0.514378 0.256422
v 0.174995 0.546520 -0.466050
v 0.172485 0.592537 -0.466740
v 0.466547 0.574886 0.174884
v 0.247266 -0.607982 0.431067
v 0.276332 0.462659 0.414451
v 0.250501 0.546512 0.429917
v 0.282959 0.518630 0.409647
v 0.286160 0.579423 0.406532
v -0.449051 0.389322 0.216353
v -0.460668 0.413948 0.189729
v -0.361722 -0.579195 0.341583
v -0.336770 -0.570420 0.366728
v -0.496660 0.457352 0.034279
v -0.497353 0.484053 0.014978
v -0.497318 0.552872 0.003856
v -0.497411 -0.590847 -0.004342
v 0.355695 -0.750000 0.351521
v 0.365621 0.750000 0.340809
v 0.336813 0.722388 -0.366548
v 0.342105 -0.726586 -0.362273
v 0.361204 -0.750000 -0.345562
v 0.355706 0.750000 -0.349928
v 0.360585 -0.700656 -0.342389
v 0.492654 0.750000 0.085023
v -0.413483 -0.719733 -0.277492
v -0.414461 0.750000 -0.279655
v -0.401179 0.750000 -0.295066
v 0.408095 -0.736492 -0.286803
v 0.416442 -0.750000 -0.277039
v 0.399216 0.738802 -0.300885
v 0.242115 0.655970 -0.434231
v 0.273888 0.737903 -0.417323
v 0.283988 0.750000 -0.410063
v 0.492818 0.715078 0.073527
v 0.490401 -0.750000 0.097751
v -0.104918 0.711247 -0.485931
v -0.124707 -0.750000 -0.482085
v -0.083811 0.750000 -0.491416
v -0.359488 -0.722339 -0.345438
v -0.341604 -0.750000 -0.364752
v -0.345899 0.738245 -0.359397
v -0.421840 -0.736032 -0.265556
v -0.408729 -0.750000 -0.287704
v 0.403127 0.750000 -0.294977
v 0.285896 -0.750000 -0.410067
v -0.164399 0.750000 -0.469618
v -0.176088 -0.750000 -0.467691
v -0.337676 0.750000 -0.366243
v 0.002050 0.738520 -0.498993
v 0.013206 0.750000 -0.498327
v 0.497081 0.729842 0.018447
v 0.498858 0.732605 -0.004533
v 0.498004 -0.737030 -0.019131
v 0.499910 -0.750000 0.005048
v -0.040319 0.750000 0.495418
v -0.305862 -0.750000 0.394431
v -0.272533 0.738332 -0.417787
v -0.261990 0.750000 -0.423841
v 0.492978 -0.750000 -0.081831
v 0.096135 0.750000 -0.490746
v 0.117861 0.750000 -0.484112
v -0.486384 0.750000 -0.114595
v -0.477193 0.750000 -0.140147
v -0.487762 -0.697242 -0.096004
v -0.484481 0.724925 0.118543
v -0.494309 -0.750000 0.071561
v 0.071430 -0.705341 0.492047
v 0.117402 0.699048 0.483194
v 0.079540 0.750000 0.493004
v 0.059352 0.750000 0.493636
v -0.110133 0.736444 0.485849
v -0.116072 -0.736757 0.486274
v -0.132354 -0.750000 0.481249
v -0.456614 0.738427 -0.201648
v -0.451643 0.750000 -0.210215
v -0.439660 -0.724698 -0.232167
v 0.460035 -0.731924 -0.193340
v 0.469316 -0.750000 -0.171446
v 0.187302 0.734383 -0.462583
v 0.204212 0.750000 -0.454742
v 0.183774 -0.750000 0.464982
v 0.456805 0.750000 0.200213
v 0.461499 -0.718133 0.187909
v -0.471141 -0.733068 -0.160279
v -0.466007 -0.750000 -0.181360
v -0.211949 -0.750000 0.452465
v -0.452526 0.738508 0.215163
v -0.457629 0.750000 0.200004
v -0.021376 -0.750000 -0.499424
v 0.498888 0.750000 0.003832
v -0.006985 -0.750000 0.499944
v 0.411230 0.730329 0.281467
v 0.266529 -0.750000 0.422776
v -0.432043 -0.750000 0.250149
v 0.290707 0.734928 0.406812
v 0.416346 -0.733095 0.274789
v 0.404537 -0.750000 0.293238
v -0.272487 -0.750000 -0.419253
v -0.376316 -0.750000 0.328155
v -0.380984 -0.715728 0.320141
v -0.341064 0.750000 0.365372
v -0.110449 0.750000 0.486171
v -0.122446 -0.684588 0.481542
v 0.093505 -0.728909 0.490274
v 0.073945 -0.750000 0.493981
v 0.089994 -0.750000 -0.491902
v 0.488990 0.750000 -0.100894
v -0.490637 -0.750000 -0.096633
v 0.171141 -0.730116 -0.467862
v 0.195871 -0.750000 -0.459992
v 0.459139 0.750000 -0.196305
v 0.160471 0.750000 0.471017
v 0.461659 -0.737174 0.189922
v 0.458288 -0.750000 0.200026
v -0.467572 -0.750000 0.176832
v -0.498771 -0.726920 -0.000945
v -0.499031 -0.750000 -0.022796
v -0.351472 0.700106 -0.351470
v -0.429186 0.663112 -0.250720
v 0.398141 -0.591363 -0.297932
v -0.489244 -0.604736 0.089054
v 0.427385 -0.569036 0.254195
v 0.450532 -0.550754 0.211300
v 0.473442 0.699465 0.150812
v 0.373093 -0.577349 -0.329298
v -0.423107 0.699860 0.260594
v 0.469074 -0.577681 0.165125
v -0.115024 -0.577000 -0.484265
v -0.385077 -0.586621 0.314906
v -0.445687 0.544314 0.221594
v 0.429385 0.514148 0.251529
v -0.287269 0.433200 -0.405892
v -0.034763 0.537322 -0.496649
v -0.496372 0.536188 -0.037305
v -0.083996 -0.542899 0.490616
v -0.494305 0.575858 0.054063
v 0.285189 0.489684 -0.407945
v 0.409134 0.464902 -0.283994
v 0.358811 0.569374 -0.345049
v 0.258216 -0.564302 -0.425102
v -0.409803 -0.492048 -0.283038
v 0.439460 -0.520933 -0.233373
v -0.236269 0.750000 -0.437934
v -0.200557 0.750000 -0.457208
v -0.397387 -0.730994 0.300094
v 0.162833 -0.716864 -0.469903
v 0.473077 0.727533 -0.153739
v 0.476307 0.750000 -0.142809
v 0.135689 0.750000 -0.478773
v -0.466630 0.750000 -0.176373
v -0.476525 0.750000 0.141452
v 0.442572 0.719982 0.228558
v -0.242565 0.732622 0.434342
v -0.261101 0.750000 0.424945
v -0.494313 0.714235 0.052219
v -0.494868 0.730848 0.056900
v 0.043190 0.750000 -0.495747
v 0.494298 -0.735762 -0.055595
v 0.490784 0.717453 -0.078394
v 0.491778 0.681621 -0.072962
v 0.032351 0.750000 0.496908
v -0.111104 -0.716786 0.486132
v -0.381262 0.728224 0.318908
v -0.387416 0.750000 0.312274
v 0.432024 0.729090 0.246858
v 0.443654 0.750000 0.225432
v -0.264418 -0.733806 0.423135
v -0.238229 0.718934 -0.436297
v 0.019636 0.708030 0.496835
v -0.081947 0.750000 0.492269
v 0.492401 0.750000 -0.074730
v -0.494031 0.750000 0.059772
v -0.314013 0.736258 0.385428
v -0.306226 0.750000 0.392287
v -0.322303 -0.729457 0.379147
v -0.165233 -0.736318 -0.469609
v -0.132443 0.734599 -0.479846
v -0.384630 0.750000 -0.315718
v -0.145920 0.729048 0.475477
v -0.119541 0.750000 -0.484097
v 0.470964 0.750000 0.162186
v 0.326347 0.750000 -0.375905
v 0.384791 0.729301 0.315265
v 0.397665 0.750000 0.299542
v -0.314727 0.750000 -0.385462
v 0.496485 0.750000 0.034424
v -0.438860 0.750000 -0.234536
v -0.426779 -0.723544 -0.255877
v -0.319049 -0.732513 -0.381622
v 0.387498 0.704672 0.311263
v 0.390917 0.666778 0.306695
v 0.380774 0.750000 -0.319408
v 0.158556 -0.624171 -0.471670
v -0.292793 -0.633523 -0.402164
v 0.430633 0.426602 -0.250278
v -0.462565 0.508238 0.186837
v -0.495210 0.510996 0.050043
v -0.488441 0.503863 0.097796
v 0.421168 -0.549288 -0.264475
v -0.422027 0.193749 -0.263448
v -0.425745 -0.009436 -0.257816
v -0.411158 0.082892 -0.280111
v 0.252361 0.073287 -0.429708
v 0.292965 0.048340 -0.402329
v 0.477613 0.195338 0.139639
v 0.467126 0.230613 0.171138
v 0.461473 0.198025 0.186832
v 0.450729 0.103918 0.210249
v 0.463521 0.109141 0.180908
v -0.136982 0.195298 -0.478747
v -0.171359 0.239999 -0.467565
v -0.133294 0.053939 -0.479490
v -0.095004 0.058537 -0.488591
v 0.491115 0.101600 0.082465
v 0.365285 0.088483 0.338455
v 0.388866 0.056648 0.311496
v 0.362077 0.040979 -0.341747
v 0.326404 0.031094 -0.376135
v 0.327560 0.075821 -0.374222
v 0.005503 0.218451 0.497791
v 0.028222 0.164027 0.496817
v 0.050153 0.208868 0.494870
v -0.489558 0.072695 -0.090240
v -0.494637 0.038006 -0.051853
v -0.496353 0.077814 -0.043060
v -0.451514 -0.000697 -0.209612
v -0.411870 0.176006 0.279024
v -0.399946 0.126430 0.297064
v -0.377564 0.168811 0.324495
v -0.396969 0.037742 0.300760
v -0.414602 0.078844 0.275798
v -0.424870 0.030409 0.259099
v 0.388706 0.231300 -0.310731
v 0.427127 0.090618 -0.254923
v 0.396917 0.067059 -0.300214
v 0.399741 0.111553 -0.296440
v 0.497243 0.180931 -0.020525
v 0.497075 0.219920 -0.018829
v 0.496468 0.199798 0.031384
v 0.493645 0.162673 -0.063814
v 0.493111 0.114418 -0.069082
v 0.487039 0.145906 -0.100619
v 0.291480 0.139705 0.403820
v 0.280310 0.097739 0.411007
v -0.363669 0.041940 0.339647
v -0.325284 0.038581 0.376834
v -0.243131 0.218181 -0.434804
v -0.198335 0.195072 -0.456599
v -0.243677 0.171815 -0.434231
v -0.157805 0.039253 0.471760
v -0.210514 0.036768 0.450773
v -0.053027 0.228026 0.494607
v -0.074620 0.092416 0.492181
v -0.105197 0.050800 0.486276
v -0.056154 0.052864 0.494626
v -0.497632 0.052574 0.016950
v -0.498151 0.056765 -0.015613
v -0.484115 0.226833 0.115249
v -0.488484 0.080304 0.096111
v -0.494479 0.067201 0.054975
v -0.488390 0.032673 0.096944
v 0.208233 0.171049 0.451606
v 0.177531 0.208043 0.464783
v -0.278754 0.256644 0.412293
v -0.254661 0.289373 0.427292
v -0.247945 0.050235 0.431704
v -0.280738 0.033415 0.410728
v -0.246323 0.018498 0.432343
v 0.454079 -0.071837 -0.203121
v 0.318204 0.354812 0.383303
v -0.098411 -0.317269 -0.488030
v -0.072631 -0.312299 -0.492427
v 0.344303 -0.041790 -0.359621
v 0.364679 -0.078513 -0.338517
v -0.324678 -0.049315 -0.377165
v 0.489994 0.414204 0.087532
v -0.265694 0.415091 0.421029
v -0.294143 0.426145 0.401705
v 0.480111 0.409492 -0.136128
v 0.474380 0.373813 -0.154903
v 0.134460 0.347909 0.480031
v 0.166903 0.404544 0.469304
v -0.308342 -0.010912 0.390225
v -0.287462 -0.065576 0.406032
v -0.265899 -0.014676 0.420530
v 0.497190 -0.066525 -0.016875
v 0.496830 -0.034335 0.025394
v 0.320880 0.375265 -0.380369
v 0.285675 0.324764 -0.407533
v -0.416799 -0.054923 -0.271903
v -0.461852 -0.331932 -0.186178
v 0.050849 -0.013337 -0.495183
v -0.331588 -0.323384 0.371586
v -0.360486 -0.307526 0.342592
v -0.358872 -0.347514 0.345089
v -0.336018 -0.053752 0.366716
v -0.359160 -0.086297 0.344165
v -0.000960 -0.122624 0.497509
v -0.001591 -0.072050 0.497650
v -0.045958 -0.095910 0.495520
v -0.487477 -0.071530 -0.100647
v -0.488547 -0.107635 -0.094296
v 0.078206 -0.054111 -0.491428
v 0.154729 -0.031878 -0.473116
v -0.496621 -0.070129 0.027591
v -0.497480 -0.088572 -0.018566
v -0.497431 -0.118194 0.016526
v 0.211251 -0.251630 0.450421
v 0.172563 -0.231291 0.467039
v 0.166048 -0.273461 0.469777
v -0.239360 0.380847 0.437361
v -0.207478 0.424959 0.452933
v -0.122459 0.390929 0.482181
v -0.095067 0.352183 0.488453
v -0.032539 -0.218773 -0.496529
v -0.476070 0.404549 -0.146328
v -0.496477 -0.290709 0.031215
v -0.391207 0.318003 -0.308008
v -0.403498 0.363359 0.292567
v 0.131336 0.091154 -0.480200
v 0.488009 0.080203 -0.098190
v -0.497631 -0.040668 -0.013971
v -0.496376 -0.021094 0.033848
v -0.495863 0.023358 0.045063
v -0.497724 0.013870 -0.005991
v -0.492346 -0.005083 0.072029
v -0.485950 -0.012430 0.105827
v -0.063783 -0.000147 0.493667
v -0.006897 -0.020120 0.497889
v -0.014377 0.033093 0.497668
v 0.478362 0.062365 0.137663
v -0.173426 -0.015128 -0.466902
v 0.227085 0.342317 0.443582
v 0.187051 0.346224 0.462313
v -0.224462 -0.013773 0.444256
v -0.244312 -0.050406 0.433555
v -0.494838 -0.011906 -0.057243
v -0.451192 -0.035609 0.210497
v -0.448641 0.018305 0.215642
v -0.428779 -0.040914 0.252203
v -0.212982 -0.011519 -0.449597
v -0.246719 0.001086 -0.432822
v -0.223224 0.021876 -0.445036
v -0.357720 -0.008633 -0.346112
v -0.393388 0.124129 -0.304686
v -0.378796 0.079917 -0.322690
v 0.255831 -0.082739 -0.427078
v 0.370396 -0.010283 -0.332080
v 0.365871 0.104535 -0.337638
v 0.491671 -0.050756 0.076917
v 0.493804 -0.001518 0.063382
v 0.498088 0.008764 0.019974
v 0.496508 0.045104 0.046678
v 0.496396 0.382628 0.043358
v 0.497632 0.339308 0.016472
v 0.498389 0.377658 -0.007962
v -0.198375 -0.063811 0.456077
v -0.148579 -0.050561 0.474771
v 0.093907 0.295657 0.488727
v 0.383953 -0.094400 0.316345
v -0.260960 -0.042817 -0.424249
v -0.287565 -0.047381 -0.405935
v -0.263286 -0.024267 -0.421998
v -0.297935 0.352318 -0.398769
v -0.289909 0.307097 -0.404830
v -0.491889 -0.344766 -0.071948
v -0.491697 -0.296716 -0.076930
v -0.339230 -0.277135 0.364455
v -0.294408 -0.296674 0.400560
v -0.428493 -0.335925 0.252558
v 0.482414 -0.235235 -0.121324
v 0.477290 -0.284985 -0.138780
v 0.467377 -0.230589 -0.171144
v 0.487063 0.308224 0.101719
v 0.490417 0.265133 0.083144
v 0.485521 -0.216749 0.108214
v 0.492799 -0.233162 0.067626
v 0.474302 -0.222456 0.149296
v 0.457738 -0.220933 0.194792
v 0.461014 -0.271897 -0.187529
v 0.294263 -0.219313 -0.401908
v 0.278513 -0.257110 -0.412439
v -0.392649 -0.192674 0.305975
v -0.497307 -0.319654 -0.020403
v -0.497347 -0.256739 -0.009212
v -0.495343 -0.281108 -0.042024
v -0.496481 0.215581 -0.040208
v -0.489197 0.229274 -0.089643
v 0.021072 -0.289818 0.497522
v -0.037331 -0.256897 0.496086
v 0.422559 -0.236250 0.262338
v 0.437630 -0.210234 0.236279
v 0.196329 -0.209167 0.457422
v 0.407696 -0.240269 -0.285284
v 0.382168 -0.267649 -0.318364
v -0.482349 -0.209136 -0.125692
v -0.472041 -0.229493 -0.160750
v -0.081100 -0.205507 0.490998
v -0.088006 -0.254013 0.489625
v -0.190841 -0.248623 0.459623
v -0.193669 -0.216531 0.458452
v -0.466250 -0.238620 0.176162
v -0.276043 0.230757 -0.413944
v -0.309257 0.260759 -0.390091
v -0.286827 -0.273376 -0.406503
v -0.238743 -0.267619 -0.436688
v 0.260445 -0.253147 0.423710
v 0.301341 -0.242850 0.396159
v 0.273533 -0.222669 0.415869
v 0.338816 -0.250706 0.364431
v 0.367754 -0.260457 0.335207
v -0.060295 -0.356766 -0.494438
v -0.161950 -0.438917 -0.470794
v 0.497551 -0.391389 -0.007922
v 0.497574 -0.434638 -0.003584
v 0.472531 -0.407887 -0.156924
v 0.478342 -0.353262 -0.136817
v 0.489657 -0.324043 0.088556
v 0.440551 -0.390056 -0.231811
v 0.414551 -0.403756 -0.276016
v -0.351543 -0.386683 0.352448
v -0.327600 -0.368420 0.374979
v -0.273392 -0.431877 0.416438
v -0.390062 -0.423032 0.309680
v 0.012117 -0.351011 0.497451
v 0.029299 -0.404613 0.497092
v -0.009189 -0.434767 0.497789
v 0.038675 -0.455525 0.496007
v -0.043855 -0.408813 0.496049
v -0.012236 -0.392021 0.497540
v -0.061013 -0.454365 0.493813
v -0.087136 -0.401977 0.490306
v -0.344553 -0.409433 -0.358184
v 0.400572 -0.363671 -0.295587
v -0.434142 -0.405968 -0.244181
v -0.420777 -0.451801 -0.266290
v -0.302945 -0.410523 -0.394965
v -0.326440 -0.450198 -0.376246
v -0.438956 -0.420298 0.236054
v -0.415740 -0.434135 0.275386
v 0.398967 -0.392880 0.298333
v -0.064011 -0.387910 -0.493873
v -0.082951 -0.371371 -0.491483
v 0.490106 0.406696 -0.094624
v 0.497581 -0.255991 0.020176
v 0.496959 -0.287098 -0.026917
v 0.493396 -0.277180 0.063938
v -0.498572 -0.369821 -0.002317
v -0.302731 0.398829 0.395150
v -0.376525 0.382141 0.325236
v -0.286313 -0.361287 -0.407114
v -0.263432 0.389961 -0.422100
v -0.161179 -0.347857 0.470887
v -0.034348 0.396086 0.496989
v -0.047314 0.358690 0.495749
v 0.113189 0.437097 0.485267
v 0.177309 -0.311744 0.465601
v -0.466127 0.367884 0.175920
v 0.216784 0.377321 0.449142
v 0.239499 -0.300800 0.436414
v -0.334767 0.366998 -0.368617
v -0.426002 0.382938 0.258364
v 0.303924 0.394444 0.396099
v 0.491528 -0.261995 -0.080255
v -0.479409 0.192524 -0.134520
v -0.491046 0.176885 -0.076793
v 0.123533 0.177736 -0.482308
v 0.116638 0.225390 -0.483709
v 0.157015 0.200261 -0.471729
v -0.241698 0.149932 0.435092
v -0.193721 0.158894 0.458361
v -0.212839 0.199848 0.449768
v -0.270673 0.197031 -0.417963
v -0.285340 0.159392 -0.408040
v -0.302727 0.204621 -0.395001
v -0.341796 0.149185 0.362302
v -0.302196 0.174891 0.394941
v -0.343464 0.209822 0.360165
v -0.272040 0.168647 0.416124
v -0.263998 0.203414 0.421954
v -0.097807 0.132497 0.487819
v -0.116554 -0.271828 0.484561
v -0.124059 -0.233505 0.481880
v -0.167938 0.157084 -0.468561
v -0.207675 0.141420 -0.452439
v -0.344284 0.215828 -0.359429
v -0.327051 0.163568 -0.375356
v -0.325950 -0.271434 -0.377409
v -0.354079 -0.260070 -0.349745
v -0.337347 -0.234745 -0.366374
v -0.496982 0.209935 0.011074
v -0.025830 0.175477 0.497146
v 0.028872 -0.198914 -0.496619
v 0.020968 -0.252180 -0.497950
v 0.496350 -0.232209 -0.031195
v 0.164101 0.158550 0.469915
v 0.192403 0.132187 0.459064
v -0.080543 0.168166 -0.490659
v -0.026269 -0.280272 -0.497105
v 0.354344 0.154387 -0.349752
v 0.324721 0.183255 -0.377622
v 0.365394 0.202262 -0.337167
v -0.034231 0.196974 -0.496021
v -0.027458 0.146384 -0.496892
v 0.093434 0.194789 -0.489004
v 0.074793 0.159771 -0.491444
v -0.252896 0.119293 -0.428233
v -0.213373 0.241115 -0.449595
v -0.199543 0.279228 -0.456050
v 0.494858 0.258640 -0.052298
v 0.201945 0.202374 -0.454946
v 0.172403 0.154735 -0.466520
v 0.453830 0.196581 -0.204823
v 0.461215 0.233894 -0.187734
v 0.449845 0.232744 0.215621
v 0.407234 0.196469 -0.286157
v 0.386144 0.152139 -0.314054
v 0.228220 0.132308 0.442174
v 0.325108 0.129263 -0.377422
v -0.320124 0.261445 0.381088
v -0.371218 0.199700 -0.331251
v -0.445054 0.198504 -0.222586
v -0.489276 0.281813 -0.092948
v -0.158862 0.192808 0.471647
v -0.460985 0.052033 0.188537
v -0.476799 0.072165 0.143867
v 0.341986 0.001702 -0.361773
v 0.254996 0.020900 -0.427396
v 0.076145 0.055580 0.491431
v 0.026064 0.064857 0.497242
v 0.037115 0.013377 0.496146
v -0.433259 0.042565 -0.245622
v 0.485183 -0.013078 0.112477
v 0.488243 0.035746 0.097056
v 0.479224 0.020323 0.137592
v -0.205917 0.048336 -0.453103
v -0.192433 0.018315 -0.459166
v -0.487555 0.018802 -0.099098
v -0.349650 -0.004214 0.354346
v 0.304395 -0.048591 0.393837
v 0.252687 0.017981 0.428617
v 0.256891 -0.025424 0.426159
v 0.387916 -0.173162 -0.311646
v -0.014269 -0.160039 -0.497333
v -0.069280 -0.169122 -0.493076
v -0.433361 -0.007999 0.244840
v -0.415161 -0.104809 0.273999
v -0.405893 -0.140977 0.288251
v -0.387917 -0.100942 0.310781
v 0.191350 -0.113637 -0.458723
v 0.236261 -0.116594 -0.437637
v -0.459525 -0.163410 0.190928
v 0.410340 -0.168655 -0.281940
v 0.396309 -0.149412 -0.301648
v 0.461902 -0.175467 -0.185452
v -0.381142 -0.143981 0.320325
v 0.481390 0.016318 -0.125443
v 0.494251 -0.102702 -0.056589
v -0.094446 -0.061520 0.488745
v -0.125035 -0.005309 0.481804
v -0.047982 -0.152989 0.494991
v 0.091690 -0.129775 -0.489077
v 0.126260 -0.153838 -0.481498
v -0.473310 -0.182223 -0.153798
v 0.490132 0.168730 0.086397
v -0.459729 0.098821 0.193100
v -0.473207 0.121364 0.155945
v 0.385808 0.130651 0.313832
v 0.365711 0.032621 0.338156
v 0.412726 0.138219 0.279956
v 0.156975 0.104472 0.472234
v 0.203096 0.094654 0.454217
v 0.242939 0.091906 0.434294
v 0.260864 0.127643 0.423883
v 0.207154 0.104317 -0.452545
v 0.160884 0.110230 -0.470953
v -0.114514 0.096978 0.484034
v -0.142686 0.079852 0.476563
v 0.124241 0.131477 -0.481264
v 0.024967 0.125462 -0.497023
v -0.018329 0.101347 -0.497552
v -0.299762 0.078774 0.396946
v -0.267163 0.072558 0.420125
v -0.479547 0.049329 -0.133706
v -0.255850 0.052528 -0.427171
v -0.309492 0.099669 -0.389324
v 0.105651 0.093722 0.486073
v 0.070022 0.123656 0.492588
v 0.076616 0.090300 0.491568
v -0.484156 0.116822 0.115052
v -0.492722 0.112698 0.067818
v 0.289159 -0.194455 0.404762
v 0.317188 -0.147579 0.383166
v 0.283615 -0.121095 -0.408836
v 0.464117 -0.104149 0.179830
v 0.206494 -0.101826 0.452907
v 0.447485 -0.133827 0.217383
v 0.418818 -0.110239 0.268853
v 0.430848 -0.165846 0.248637
v 0.108532 -0.202822 0.485828
v 0.041291 -0.144968 -0.495683
v 0.490116 -0.102829 0.087130
v 0.088482 -0.183224 -0.489949
v -0.277892 -0.100616 -0.413432
v 0.497582 -0.115614 -0.006070
v -0.483294 -0.112002 0.120097
v -0.462861 -0.193951 0.185242
v -0.497567 -0.166110 -0.002515
v 0.333720 0.196412 0.369169
v -0.460279 0.152777 0.190747
v -0.479530 0.166361 0.134394
v -0.098622 0.265445 0.487942
v -0.140899 0.239539 0.477397
v 0.228599 0.156681 -0.442041
v -0.302476 0.221318 0.395025
v 0.490168 0.221901 0.087469
v 0.480243 0.255941 0.131094
v -0.463825 0.181771 -0.180944
v -0.464478 0.223694 -0.180009
v 0.485431 0.189321 -0.108879
v 0.470476 0.192691 -0.162586
v -0.493474 -0.066338 -0.063794
v -0.485532 -0.035410 -0.107856
v -0.280688 0.001439 -0.410918
v -0.042685 -0.050086 0.495850
v 0.266107 -0.069466 0.420459
v 0.324588 -0.095252 0.376545
v 0.230139 -0.064442 0.441155
v 0.445999 -0.091041 0.221153
v 0.217228 -0.075221 -0.447943
v -0.150795 -0.091591 -0.473876
v -0.148658 -0.134269 -0.474830
v -0.241966 -0.094731 0.434466
v -0.409676 -0.064691 0.280931
v -0.478748 -0.078721 0.135460
v -0.470710 -0.102335 0.161958
v -0.250774 -0.065911 -0.430102
v 0.055861 -0.096091 -0.494996
v 0.043110 -0.098583 0.495601
v 0.097017 -0.076751 0.488175
v 0.492375 -0.050545 -0.072127
v -0.494674 -0.108946 -0.053095
v -0.497450 -0.127354 -0.024397
v -0.491824 -0.047953 0.077340
v -0.492302 -0.104334 0.069853
v -0.374305 0.230639 -0.329139
v 0.326972 0.311410 -0.375019
v 0.134021 0.273315 -0.480533
v 0.144869 0.307421 -0.476155
v 0.362022 0.339346 -0.341080
v -0.170901 0.376428 -0.467373
v -0.025210 0.299553 -0.497048
v 0.437901 0.372991 -0.236663
v 0.088454 0.350321 0.490693
v 0.113152 0.305133 -0.484428
v 0.079079 0.274398 -0.491440
v -0.063344 0.309587 0.493656
v -0.481121 0.372369 0.127692
v -0.324693 0.328704 0.377374
v 0.395033 -0.434098 0.303571
v 0.456430 -0.414980 -0.199621
v 0.078444 -0.422477 0.491578
v 0.480371 -0.442152 -0.131138
v -0.424225 -0.155468 -0.259932
v 0.497914 0.157793 0.011017
v 0.445500 0.183255 0.223350
v 0.438456 0.140206 0.235323
v 0.495410 0.149645 0.046553
v -0.440289 0.188090 0.231991
v -0.434091 0.126966 0.243457
v 0.234875 -0.234981 -0.437661
v 0.081290 -0.240762 0.491553
v 0.300989 0.176233 0.396385
v 0.200094 -0.176235 0.455491
v 0.241321 -0.200318 0.435303
v 0.402516 -0.200142 -0.293043
v -0.441880 0.067600 0.230139
v -0.432981 -0.248198 0.246177
v 0.396009 -0.238273 0.301100
v -0.473783 0.000032 -0.152298
v -0.239620 -0.034117 -0.436089
v 0.044348 -0.043916 0.495632
v -0.319934 -0.011002 -0.381309
v -0.339711 -0.034020 -0.363407
v 0.463689 0.077666 0.180385
v 0.177851 0.063724 0.463462
v 0.298684 0.065271 0.398289
v 0.264903 0.055404 0.421559
v 0.219170 -0.029376 0.446789
v -0.486622 -0.077609 0.105685
v 0.098244 -0.090261 -0.488024
v 0.355181 -0.117731 0.348483
v -0.457348 -0.081334 0.195793
v 0.054742 0.088854 0.494884
v -0.348177 0.081194 -0.355152
v -0.471531 0.145143 -0.160003
v -0.355172 -0.225351 0.348923
v 0.329021 -0.203884 0.373523
v 0.425908 0.170607 0.258054
v -0.453906 0.149097 -0.205350
v 0.059335 -0.274459 -0.494754
v 0.069319 -0.234665 -0.493206
v 0.169634 0.241033 -0.467886
v -0.493874 -0.250885 -0.060916
v -0.478232 0.251195 -0.137615
v 0.117740 -0.280131 0.482496
v 0.129159 0.193797 0.480412
v 0.141587 0.247652 0.477149
v -0.395119 -0.329506 -0.302164
v 0.049205 -0.262498 0.495192
v 0.072035 -0.288621 0.492058
v 0.081290 0.176965 0.491077
v -0.153383 -0.263452 0.473214
v -0.463920 0.215135 0.180192
v 0.199815 -0.293126 0.455486
v -0.448375 0.244493 -0.215895
v -0.429141 -0.290110 0.252733
v 0.018859 0.261553 -0.497278
v 0.470557 0.275605 -0.163895
v -0.195544 0.316854 0.458168
v -0.154497 0.285643 0.473013
v 0.118099 0.141799 0.483292
v -0.050946 0.133006 0.495380
v -0.112436 0.311804 0.484535
v 0.295990 0.214628 0.400479
v -0.415556 -0.379781 -0.273718
v -0.409526 -0.357669 -0.282916
v -0.179218 -0.385055 0.464051
v -0.265729 -0.397993 -0.421247
v -0.302932 -0.343552 0.395410
v 0.055984 -0.326465 0.494940
v -0.311768 -0.240923 0.387713
v 0.478807 0.233073 -0.138580
v 0.488667 0.232529 -0.094261
v 0.493798 0.207289 -0.059794
v 0.494270 0.337312 0.060601
v -0.394389 0.280137 -0.304899
v 0.303947 0.290923 -0.394091
v 0.497711 0.343784 -0.027491
v 0.460705 0.352876 -0.191129
v 0.204851 -0.328014 0.453631
v -0.489756 0.352879 0.090303
v 0.443553 -0.386884 0.225868
v -0.214510 0.410075 -0.449558
v -0.224752 0.293806 0.444356
v 0.488887 0.363467 0.096437
v -0.315648 0.356674 0.385420
v 0.337636 -0.470909 0.365632
v 0.289805 0.405876 -0.405117
v -0.439129 0.374849 -0.234904
v -0.309342 0.400262 -0.390260
v 0.478788 -0.066771 0.135545
v -0.477041 0.306222 -0.141880
v 0.099840 -0.270388 -0.487686
v 0.387443 0.489067 -0.312919
v -0.251248 0.444218 -0.429711
v -0.492628 -0.434424 -0.073382
v 0.391506 0.750000 -0.308773
v 0.370998 0.750000 -0.332182
v 0.328522 0.596096 0.373352
v 0.491062 -0.323634 -0.079321
v 0.488990 -0.363343 -0.094334
v 0.337320 0.435955 -0.365805
v 0.485797 0.650695 -0.106493
v -0.117541 0.028328 -0.483878
v -0.456871 0.263940 0.198582
v 0.090451 0.229703 0.489333
v -0.460526 0.750000 -0.194591
v 0.029414 -0.605182 -0.496043
v 0.057570 0.506392 0.494101
v -0.444641 -0.750000 0.222802
v -0.235277 -0.750000 -0.438245
v 0.000790 -0.592339 0.498095
v -0.208149 -0.400488 0.452600
v -0.056683 0.270660 0.494777
v 0.247479 0.750000 -0.432075
v 0.421307 -0.416106 0.265402
v -0.065762 0.750000 0.493770
v -0.177995 -0.009529 0.464837
v 0.141944 -0.750000 0.476643
v 0.477671 -0.750000 -0.138370
v 0.182395 0.750000 -0.465524
v -0.161031 -0.750000 0.470615
v -0.494530 -0.750000 -0.051758
v 0.385424 -0.750000 0.314195
v 0.224914 -0.750000 -0.443798
v 0.348335 0.750000 0.357138
v 0.320643 -0.274582 0.380957
v 0.310208 -0.750000 -0.388865
v -0.232364 0.089365 0.439777
v 0.046865 -0.750000 0.495004
v -0.317596 -0.750000 -0.382701
v -0.327953 -0.750000 0.373878
v -0.384844 -0.750000 -0.315019
v -0.151489 -0.750000 -0.473810
v -0.447423 0.750000 0.221278
v 0.414519 0.750000 -0.277950
v 0.327380 0.750000 0.374931
v -0.057003 -0.505674 0.494756
v -0.296694 -0.564958 -0.399443
v -0.498891 0.750000 -0.007998
v 0.415944 0.750000 0.276439
v 0.237915 -0.750000 0.436681
v -0.472007 0.750000 -0.158636
v 0.494447 0.705735 0.048957
v 0.143621 -0.080837 0.476476
v 0.496101 -0.750000 0.036922
v -0.306591 -0.233940 -0.391598
v -0.005867 0.750000 -0.499973
v -0.476788 -0.040326 -0.144752
v -0.131801 0.750000 0.479906
v 0.442838 -0.258421 0.226977
v 0.478553 0.750000 0.136375
v -0.098751 0.732591 -0.488153
v -0.138712 0.750000 -0.478031
v -0.221748 -0.264067 0.445771
v -0.476125 -0.750000 0.143747
v -0.494863 0.420722 0.056302
v 0.494288 -0.750000 -0.055378
v 0.460888 -0.352240 0.187746
v 0.380651 -0.750000 -0.320251
v -0.395758 -0.750000 0.301364
v -0.436328 0.511888 -0.239098
v 0.433193 0.344805 0.245954
v 0.292766 0.445970 -0.402447
v 0.169614 -0.100707 0.467498
v -0.495428 -0.750000 0.042304
v -0.352919 0.750000 -0.354130
v 0.133677 -0.235869 0.479909
v 0.117719 -0.229022 -0.483816
v -0.497448 0.507199 -0.006965
v 0.310467 0.415785 -0.388841
v 0.432973 -0.750000 -0.245209
v -0.470593 0.750000 0.162307
v -0.278549 0.750000 -0.415196
v 0.441287 -0.750000 0.229468
v -0.479824 -0.498850 0.133114
v -0.359485 0.042412 -0.344624
v 0.278347 0.750000 0.414582
v 0.167377 0.069393 -0.468848
v 0.498953 0.750000 -0.026079
v 0.386603 -0.140160 0.313273
v -0.350277 -0.158545 -0.353419
v 0.267105 0.750000 -0.422599
v 0.468137 0.750000 -0.170037
v -0.189332 0.750000 0.462770
v 0.496550 -0.085370 0.035278
v -0.448744 0.544323 -0.214537
v -0.112497 -0.750000 -0.487058
v 0.308375 0.750000 -0.390553
v 0.398066 0.723164 0.298383
v 0.405864 0.364431 0.288974
v 0.402439 0.329691 0.292882
v -0.478263 -0.561843 -0.135993
v 0.187824 -0.702108 -0.460206
v -0.453828 -0.247878 -0.204629
v 0.498732 -0.724900 -0.005367
v 0.497338 0.301587 -0.014378
vn 0.8999 0.0127 -0.4359
vn 0.9674 0.0059 -0.2534
vn 0.8584 0.0451 0.5110
vn 0.4105 -0.0049 0.9119
vn -0.5271 -0.0059 0.8498
vn -0.6347 -0.0135 0.7727
vn -0.8012 0.0098 0.5983
vn -0.9361 0.0094 -0.3517
vn -0.3334 0.0148 -0.9427
vn -0.5731 0.0254 -0.8191
vn -0.7957 -0.0211 -0.6053
vn -0.9602 0.0327 0.2775
vn -0.1173 0.0027 0.9931
vn 0.7022 0.0063 0.7120
vn 0.9006 0.0158 0.4344
vn 0.9852 0.0097 0.1710
vn 0.7919 -0.0118 -0.6106
vn 0.0631 -0.0136 -0.9979
vn -0.0285 -0.0056 -0.9996
vn 0.1094 0.0194 -0.9938
vn 0.1872 -0.0226 -0.9821
vn 0.1977 0.0418 -0.9794
vn 0.1741 -0.0253 -0.9844
vn 0.4120 0.0202 -0.9110
vn 0.5892 0.0150 -0.8078
vn 0.7749 0.0196 -0.6318
vn 0.8182 0.0126 -0.5749
vn 0.8723 -0.0101 -0.4889
vn 0.9998 0.0059 0.0188
vn 0.9876 0.0087 0.1570
vn 0.9549 0.0233 0.2960
vn 0.8909 0.0173 0.4539
vn 0.8971 -0.0001 0.4419
vn 0.8089 -0.0060 0.5880
vn 0.8069 0.0307 0.5899
vn 0.7040 -0.0033 0.7102
vn 0.6412 0.0404 0.7663
vn 0.4918 0.0192 0.8705
vn 0.3418 0.0114 0.9397
vn 0.2604 -0.0222 0.9653
vn 0.0760 0.0195 0.9969
vn 0.1440 -0.0176 0.9894
vn -0.1143 0.0196 0.9933
vn -0.1439 0.0061 0.9896
vn -0.2148 0.0311 0.9762
vn -0.2089 0.0171 0.9778
vn -0.4346 0.0180 0.9004
vn -0.7538 0.0275 0.6566
vn -0.8025 -0.0053 0.5966
vn -0.8083 0.0095 0.5887
vn -0.8482 0.0203 0.5292
vn -0.9656 0.0172 0.2593
vn -0.9761 0.0081 0.2171
vn -0.9943 -0.0097 0.1057
vn -0.9875 0.0104 -0.1570
vn -0.9713 0.0273 -0.2365
vn -0.9235 -0.0252 -0.3829
vn -0.8857 -0.0005 -0.4643
vn -0.8375 0.0176 -0.5461
vn -0.8475 0.0039 -0.5308
vn -0.6616 0.0231 -0.7495
vn -0.4813 0.0201 -0.8763
vn -0.4203 0.0084 -0.9074
vn -0.3975 0.0123 -0.9175
vn -0.2826 0.0084 -0.9592
vn -0.2152 -0.0125 -0.9765
vn 0.4250 0.0517 -0.9037
vn 0.6610 0.0134 -0.7502
vn 0.9999 -0.0129 -0.0029
vn 0.6691 -0.0226 0.7428
vn 0.3063 0.0123 0.9518
vn -0.2192 -0.0190 0.9755
vn -0.4663 -0.0009 0.8846
vn -0.6594 0.0070 0.7518
vn -0.8765 -0.0106 0.4813
vn -0.9042 -0.0032 0.4271
vn -0.1826 0.0220 -0.9830
vn 0.1643 -0.0139 -0.9863
vn 0.1713 0.0057 -0.9852
vn 0.2993 -0.0024 -0.9541
vn 0.4565 0.0138 -0.8896
vn 0.9249 -0.0107 -0.3800
vn 0.9932 0.0060 -0.1167
vn 0.9649 -0.0153 0.2620
vn 0.9302 0.0361 0.3653
vn 0.6286 0.0021 0.7778
vn 0.3073 -0.0002 0.9516
vn 0.1440 -0.0034 0.9896
vn 0.2242 0.0142 0.9744
vn -0.4089 0.0032 0.9126
vn -0.8944 -0.0156 0.4470
vn -0.9934 0.0180 0.1136
vn -0.9977 -0.0184 -0.0657
vn -0.9967 -0.0124 0.0798
vn -0.8860 -0.0222 -0.4632
vn -0.7210 0.0123 -0.6928
vn -0.5019 -0.0123 -0.8648
vn 0.4198 -0.0169 0.9074
vn 0.5793 -0.0098 0.8151
vn 0.4583 0.0356 0.8881
vn 0.1921 -0.0236 0.9811
vn 0.7306 -0.0212 0.6825
vn 0.7706 -0.0257 0.6369
vn 0.8127 0.0051 0.5826
vn 0.8774 0.0076 0.4797
vn 0.9623 0.0052 0.2720
vn -0.4666 -0.0046 0.8844
vn -0.3296 -0.0232 0.9438
vn -0.3880 -0.0026 0.9217
vn -0.2820 -0.0230 0.9591
vn -0.4769 0.0297 0.8785
vn -0.5743 0.0493 0.8172
vn 0.3236 -0.0145 0.9461
vn 0.4025 -0.0155 0.9153
vn -0.0275 -0.0141 0.9995
vn -0.1766 0.0099 0.9842
vn 0.7247 -0.0491 -0.6873
vn 0.6635 -0.0232 -0.7478
vn 0.7619 -0.0524 -0.6455
vn 0.8106 -0.0108 -0.5855
vn 0.8837 -0.0187 -0.4676
vn 0.8464 -0.0083 -0.5325
vn 0.3341 0.0160 -0.9424
vn 0.3955 0.0042 -0.9185
vn 0.3678 0.0236 -0.9296
vn 0.1852 -0.0000 -0.9827
vn 0.1761 -0.0349 -0.9838
vn 0.2253 0.0053 -0.9743
vn 0.9991 0.0182 -0.0392
vn 0.9998 -0.0069 -0.0178
vn 0.9950 0.0043 -0.0993
vn 0.9974 0.0023 0.0721
vn 0.9986 -0.0155 0.0510
vn 0.9762 -0.0270 0.2153
vn 0.9523 -0.0131 0.3049
vn 0.9769 -0.0079 -0.2135
vn 0.9768 0.0037 -0.2140
vn 0.9900 0.0279 -0.1385
vn 0.9604 0.0176 -0.2782
vn 0.9562 -0.0104 -0.2924
vn -0.5417 -0.0184 0.8404
vn -0.9976 0.0198 0.0662
vn -0.9995 0.0067 0.0307
vn -0.8710 0.0040 0.4913
vn 0.0295 -0.0099 0.9995
vn -0.2421 -0.0213 -0.9700
vn -0.3940 0.0070 -0.9191
vn -0.9983 -0.0149 -0.0570
vn 0.9796 0.0214 -0.1998
vn 0.8958 0.0069 -0.4443
vn 0.8557 0.0098 -0.5173
vn 0.7485 0.0280 -0.6626
vn 0.5262 -0.0314 -0.8498
vn 0.7659 0.0152 0.6427
vn 0.4237 0.0046 0.9058
vn 0.5402 -0.0046 0.8415
vn -0.1195 0.0081 -0.9928
vn 0.8261 -0.0056 0.5635
vn -0.9924 -0.0468 0.1137
vn -0.9842 0.0133 0.1765
vn -0.9730 -0.0054 0.2306
vn -0.9910 0.0013 -0.1342
vn -0.9989 -0.0076 0.0467
vn -0.9984 0.0123 -0.0547
vn 0.1104 0.0202 -0.9937
vn -0.8536 -0.0202 0.5205
vn -0.9419 -0.0273 0.3349
vn -0.9455 -0.0184 0.3252
vn -0.3443 -0.0012 -0.9389
vn -0.3935 0.0012 -0.9193
vn -0.0985 -0.0156 -0.9950
vn -0.1024 0.0033 -0.9947
vn -0.2428 -0.0492 -0.9688
vn -0.1390 -0.0092 -0.9903
vn -0.8983 -0.0049 -0.4393
vn -0.9855 -0.0000 -0.1698
vn -0.9689 -0.0116 -0.2473
vn -0.9533 0.0130 -0.3016
vn -0.9224 -0.0691 -0.3799
vn -0.9180 0.0013 -0.3965
vn -0.8852 -0.0111 -0.4651
vn 0.8638 0.0031 0.5038
vn -0.6478 0.0214 -0.7615
vn -0.8496 0.0266 0.5267
vn -0.9922 -0.0040 -0.1249
vn -0.0941 0.0238 -0.9953
vn 0.9675 0.0053 0.2527
vn 0.2100 0.0013 -0.9777
vn -0.7340 0.0116 0.6791
vn -0.7821 -0.0086 0.6231
vn -0.3044 -0.0082 0.9525
vn 0.0677 0.0189 0.9975
vn 0.9714 0.0330 0.2351
vn 0.9940 -0.0235 -0.1065
vn -0.9968 0.0128 -0.0788
vn 0.8977 0.0137 -0.4403
vn 0.4354 -0.0094 0.9002
vn -0.9603 -0.0132 0.2787
vn -0.2264 -0.0034 -0.9740
vn -0.9590 -0.0197 -0.2828
vn 0.1316 0.0202 0.9911
vn 0.6372 0.0099 -0.7707
vn -0.2075 0.0184 0.9781
vn -0.5735 -0.0153 -0.8191
vn -0.0483 -0.0206 -0.9986
vn 0.9678 0.0022 -0.2518
vn 0.2730 -0.0155 -0.9619
vn 0.0835 -0.0007 -0.9965
vn 0.9899 0.0376 0.1370
vn 0.0245 0.0022 -0.9997
vn 0.8090 -0.0077 0.5878
vn 0.8119 0.0069 0.5838
vn -0.5063 -0.0030 0.8624
vn -0.4611 0.0125 0.8873
vn -0.6678 -0.0049 0.7443
vn -0.8950 -0.0080 0.4460
vn 0.7746 -0.0203 0.6321
vn -0.0485 0.0153 -0.9987
vn 0.7558 -0.0200 0.6545
vn -0.7061 0.0103 0.7081
vn -0.7500 -0.0062 -0.6614
vn -0.6847 -0.0080 0.7288
vn -0.6814 -0.0218 -0.7315
vn -0.9625 -0.0113 0.2710
vn -0.8004 -0.0168 0.5992
vn -0.7873 -0.0067 0.6165
vn -0.9473 -0.0018 0.3203
vn 0.5845 -0.0233 0.8111
vn 0.6485 0.0410 0.7601
vn -0.8106 -0.0047 -0.5856
vn -0.1307 0.0112 0.9914
vn -0.8718 0.0162 0.4897
vn -0.7523 0.0135 0.6587
vn 0.7187 -0.0102 -0.6952
vn -0.4904 -0.0242 -0.8712
vn -0.8388 -0.0233 -0.5439
vn -0.5815 -0.0083 -0.8135
vn -0.8176 0.0065 -0.5758
vn 0.6470 0.0087 -0.7624
vn 0.5998 -0.0077 -0.8001
vn 0.7000 0.0590 -0.7117
vn -0.4096 0.0108 -0.9122
vn -0.9056 -0.0014 -0.4242
vn -0.7650 -0.0280 -0.6435
vn -0.7024 0.0179 -0.7116
vn -0.7244 -0.0115 -0.6893
vn 0.4777 0.0084 -0.8785
vn 0.4623 -0.0071 -0.8867
vn 0.4658 -0.0020 -0.8849
vn 0.6432 0.0132 -0.7656
vn 0.9937 0.0087 -0.1114
vn 0.5985 -0.0199 -0.8009
vn -0.8347 0.0001 -0.5508
vn -0.5450 -0.0078 -0.8384
vn 0.2176 0.0184 0.9759
vn 0.2377 0.0024 0.9713
vn -0.9763 -0.0239 -0.2150
vn 0.8593 -0.0102 0.5114
vn 0.7851 0.0037 -0.6193
vn -0.9814 0.0141 -0.1917
vn 0.6221 0.0115 0.7829
vn 0.9524 0.0072 0.3049
vn 0.9950 -0.0056 -0.0999
vn 0.4637 0.0030 -0.8860
vn 0.4438 -0.0291 -0.8957
vn 0.8846 0.0482 -0.4639
vn 0.8704 0.0421 -0.4905
vn 0.8112 -0.0190 -0.5845
vn -0.8981 -0.0398 -0.4381
vn -0.5012 -0.0115 -0.8653
vn 0.8563 -0.0226 -0.5160
vn 0.7925 -0.0646 -0.6064
vn 0.5399 0.0740 -0.8384
vn 0.1372 0.0115 -0.9905
vn -0.9964 0.0498 0.0685
vn -0.9305 -0.1113 0.3489
vn -0.9902 0.0359 -0.1346
vn -0.0868 0.0198 -0.9960
vn 0.0498 -0.0171 -0.9986
vn 0.0539 -0.0292 -0.9981
vn -0.9956 -0.0171 -0.0926
vn -0.0922 0.1179 -0.9887
vn 0.9935 0.0396 -0.1065
vn 0.9968 -0.0343 -0.0722
vn -0.1116 -0.0030 -0.9937
vn 0.8034 -0.0108 0.5953
vn 0.6136 -0.1245 -0.7797
vn 0.6466 -0.0065 0.7628
vn -0.7797 -0.0223 0.6258
vn 0.7441 0.0479 0.6663
vn 0.7671 -0.0057 0.6416
vn 0.7359 0.0038 0.6770
vn -0.5890 0.0564 -0.8062
vn -0.5715 0.0012 -0.8206
vn 0.7957 -0.0358 0.6047
vn 0.7262 -0.0104 0.6874
vn 0.7068 0.0131 -0.7072
vn 0.7184 -0.0064 -0.6956
vn 0.7112 0.0062 0.7030
vn 0.6188 0.0183 0.7854
vn -0.5408 -0.0004 0.8411
vn -0.7722 -0.0625 0.6323
vn -0.6751 -0.0535 -0.7358
vn -0.6081 -0.0026 0.7939
vn -0.6565 -0.1282 0.7433
vn -0.7012 -0.0127 -0.7128
vn -0.6526 -0.0045 -0.7577
vn -0.0126 0.0010 -0.9999
vn -0.0248 -0.0009 -0.9997
vn -0.0191 -0.0027 -0.9998
vn -0.9698 0.0035 0.2437
vn -0.0663 0.0113 -0.9977
vn -0.9911 0.0076 0.1327
vn -0.9968 0.0321 0.0726
vn -0.9858 -0.0314 -0.1651
vn 0.9996 0.0140 0.0235
vn 0.9944 0.0266 0.1025
vn 0.9774 0.0250 0.2100
vn 0.9998 -0.0060 0.0175
vn 0.9979 0.0443 0.0469
vn 0.1466 -0.0533 0.9878
vn -0.9965 -0.0164 -0.0818
vn -0.9952 -0.0298 -0.0930
vn 0.9868 -0.0080 -0.1617
vn 0.9871 0.0204 -0.1587
vn 0.9642 -0.0319 -0.2631
vn 0.1107 0.0480 -0.9927
vn -0.0719 0.0653 0.9953
vn 0.9940 0.0152 0.1079
vn 0.9979 -0.0355 0.0533
vn -0.0111 -0.0011 0.9999
vn -0.1483 0.0057 0.9889
vn 0.0834 0.0097 0.9965
vn -0.9584 0.0283 -0.2840
vn -0.9648 -0.0049 -0.2631
vn 0.2942 0.0253 0.9554
vn 0.3742 -0.0175 0.9272
vn 0.3134 0.0000 0.9496
vn 0.9552 0.0530 0.2911
vn 0.3133 -0.0181 0.9495
vn 0.9247 -0.0124 0.3805
vn 0.9175 -0.0177 0.3974
vn -0.3633 -0.0365 -0.9309
vn 0.9533 0.0013 0.3020
vn -0.3310 0.0793 0.9403
vn -0.2436 0.0200 0.9697
vn 0.2823 0.0204 -0.9591
vn 0.9291 0.0200 -0.3692
vn -0.9155 -0.0451 -0.3997
vn 0.9580 -0.0805 0.2752
vn 0.3938 -0.0072 -0.9192
vn 0.3918 0.0035 -0.9201
vn 0.3142 -0.0787 -0.9461
vn 0.3192 0.0256 -0.9473
vn 0.9454 0.0086 0.3259
vn 0.2903 -0.0125 0.9569
vn -0.9303 0.0945 0.3543
vn -0.3936 0.0010 -0.9193
vn 0.9104 -0.0043 -0.4136
vn 0.9368 -0.0277 -0.3489
vn -0.2050 -0.1092 -0.9727
vn 0.2119 -0.0193 0.9771
vn -0.3503 -0.0134 -0.9365
vn 0.2568 -0.0144 0.9664
vn 0.9577 0.0029 0.2876
vn 0.1405 -0.0164 0.9900
vn 0.3689 0.0643 0.9273
vn -0.9663 0.0110 0.2573
vn 0.8758 0.0345 0.4814
vn 0.4976 -0.0110 0.8673
vn -0.9566 -0.0035 0.2913
vn -0.9021 -0.0151 0.4312
vn -0.8939 -0.0040 0.4483
vn -0.8261 0.0136 0.5633
vn -0.4641 -0.0262 0.8854
vn -0.4061 0.0450 0.9127
vn -0.1674 -0.0067 -0.9859
vn -0.9503 -0.0135 -0.3110
vn 0.9640 0.0337 -0.2636
vn -0.2006 -0.0112 -0.9796
vn -0.2064 0.0010 -0.9785
vn -0.3431 0.0051 0.9393
vn -0.3017 0.0058 0.9534
vn 0.2596 0.0173 -0.9656
vn 0.2762 -0.0176 -0.9610
vn -0.3482 0.0198 0.9372
vn -0.9036 -0.0057 -0.4282
vn -0.9553 -0.0035 -0.2955
vn -0.3304 0.0977 -0.9388
vn -0.1597 0.0180 -0.9870
vn -0.9684 0.0492 0.2444
vn -0.9487 -0.0030 0.3161
vn -0.9384 -0.0499 0.3420
vn -0.2584 -0.1372 -0.9562
vn 0.8855 0.0261 -0.4638
vn 0.9164 -0.0049 -0.4003
vn -0.3507 -0.0095 0.9364
vn -0.5368 -0.0561 0.8418
vn -0.4780 -0.0212 0.8781
vn 0.8980 -0.0089 0.4399
vn 0.4854 -0.0226 0.8740
vn 0.8887 -0.0528 -0.4555
vn 0.4790 0.0050 -0.8778
vn -0.4288 0.0051 -0.9034
vn -0.4692 -0.0065 0.8831
vn -0.8642 0.0513 0.5005
vn 0.4735 0.0352 0.8801
vn 0.4149 0.0076 0.9098
vn -0.9290 0.0107 -0.3700
vn 0.5238 -0.0258 0.8515
vn 0.4906 -0.0159 0.8713
vn 0.9127 -0.0387 0.4068
vn 0.4789 0.0231 0.8776
vn 0.4585 0.0148 -0.8886
vn 0.4784 -0.0075 -0.8781
vn 0.8669 0.0082 0.4983
vn -0.4310 -0.0084 -0.9023
vn -0.4152 0.0671 -0.9073
vn -0.4169 0.0065 -0.9089
vn -0.8615 -0.0108 0.5076
vn -0.5031 -0.0331 0.8636
vn -0.9002 0.0248 0.4348
vn -0.8720 -0.0350 0.4883
vn 0.5160 0.0297 0.8561
vn 0.5706 -0.0191 0.8210
vn -0.9077 -0.0101 -0.4196
vn 0.8786 -0.0172 0.4772
vn -0.7003 -0.0152 0.7137
vn 0.5348 0.0129 0.8449
vn -0.7496 -0.0135 0.6618
vn 0.5605 0.0420 0.8271
vn -0.6955 -0.0036 0.7185
vn -0.7532 0.0224 0.6574
vn -0.6869 0.0008 0.7268
vn 0.7662 -0.0481 -0.6408
vn 0.8144 -0.0048 -0.5803
vn 0.8103 -0.0164 -0.5858
vn 0.8584 -0.0011 -0.5130
vn 0.8189 0.0361 -0.5729
vn 0.5220 0.0083 0.8529
vn 0.8300 -0.1574 0.5350
vn 0.8267 0.0591 0.5596
vn 0.8701 -0.0057 0.4929
vn -0.7821 -0.0076 -0.6231
vn -0.7558 -0.1092 0.6457
vn 0.7503 0.0785 0.6565
vn 0.5630 -0.0016 -0.8264
vn 0.8130 0.0159 0.5821
vn -0.7107 -0.0975 0.6967
vn -0.6435 0.0088 -0.7654
vn -0.6966 0.0089 -0.7174
vn 0.6357 0.0397 0.7709
vn -0.8160 0.0087 -0.5780
vn -0.4493 0.2184 0.8663
vn -0.6907 0.0202 0.7229
vn -0.6444 -0.0213 0.7644
vn -0.6670 0.0592 0.7427
vn -0.7071 0.0011 0.7071
vn -0.6976 0.0076 -0.7164
vn -0.6518 0.0004 -0.7584
vn -0.6191 0.0535 0.7835
vn 0.6079 0.0539 -0.7922
vn -0.7558 -0.0060 -0.6547
vn -0.7793 -0.0485 -0.6248
vn -0.7430 0.0146 0.6691
vn -0.7624 -0.0259 0.6465
vn -0.8269 -0.0553 -0.5596
vn -0.4350 -0.0762 0.8972
vn 0.6890 0.0543 0.7227
vn 0.7681 0.0342 -0.6394
vn -0.7736 0.0259 -0.6331
vn -0.7111 -0.0866 -0.6978
vn -0.7628 0.0352 -0.6457
vn 0.0958 0.0445 0.9944
vn 0.9997 0.0015 -0.0263
vn -0.0477 0.0655 0.9967
vn -0.1149 0.0421 0.9925
vn 0.0485 -0.0833 0.9953
vn 0.0638 0.0056 0.9979
vn 0.9905 -0.0160 -0.1363
vn 0.1021 0.0192 -0.9946
vn 0.0406 0.0089 -0.9991
vn -0.9855 0.0630 0.1577
vn 0.9953 0.0123 -0.0957
vn 0.9958 0.0260 0.0881
vn 0.9855 -0.0193 0.1687
vn -0.9884 -0.0306 0.1486
vn -0.9973 0.0122 -0.0725
vn -0.9948 0.0215 -0.0993
vn 0.0885 0.0164 -0.9959
vn 0.1407 0.0139 -0.9900
vn -0.9996 0.0223 0.0189
vn -0.0114 0.0094 -0.9999
vn 0.0504 0.0200 -0.9985
vn 0.0106 0.0087 -0.9999
vn -0.1261 0.0007 -0.9920
vn -0.1171 -0.0154 -0.9930
vn -0.1132 0.0413 -0.9927
vn -0.9924 -0.0253 -0.1205
vn -0.9944 0.0063 -0.1059
vn -0.9980 -0.0234 -0.0593
vn -0.9939 0.0852 -0.0700
vn -0.9893 -0.0982 -0.1083
vn 0.1978 -0.0053 0.9802
vn 0.1223 0.0085 0.9925
vn 0.9961 -0.0034 -0.0883
vn -0.4932 -0.0618 0.8677
vn -0.8974 0.0526 0.4380
vn 0.3940 0.0274 0.9187
vn 0.8723 0.0814 0.4821
vn -0.8681 -0.0244 0.4957
vn 0.9068 0.0063 0.4216
vn 0.9462 -0.0061 0.3235
vn 0.4444 -0.0103 0.8958
vn 0.8893 0.0077 -0.4573
vn 0.3703 -0.0180 -0.9288
vn -0.8921 -0.0154 -0.4516
vn -0.8991 0.0229 -0.4372
vn 0.9203 -0.0120 -0.3909
vn 0.8512 -0.0128 -0.5247
vn 0.4699 0.0265 -0.8823
vn -0.4532 -0.0028 -0.8914
vn 0.4495 0.0182 -0.8931
vn 0.4433 -0.0446 -0.8952
vn 0.2897 -0.0128 -0.9570
vn 0.4195 -0.0114 0.9077
vn -0.5154 0.0796 0.8533
vn -0.4689 -0.0021 0.8832
vn -0.8852 0.0345 -0.4640
vn -0.5143 0.0177 0.8574
vn 0.8905 0.0254 -0.4542
vn 0.4554 -0.0040 -0.8903
vn -0.4691 0.0300 -0.8827
vn -0.4343 -0.0881 -0.8964
vn -0.4696 -0.0163 -0.8827
vn 0.2286 -0.0722 -0.9708
vn 0.9625 0.0580 -0.2651
vn 0.9756 0.0002 -0.2194
vn 0.2721 0.0330 -0.9617
vn 0.1995 0.0149 -0.9798
vn 0.9868 0.0026 -0.1617
vn -0.3502 0.0315 0.9361
vn -0.9751 0.0147 0.2213
vn -0.9306 -0.0625 0.3608
vn -0.9590 -0.0451 -0.2798
vn 0.2754 -0.0083 -0.9613
vn -0.9346 -0.0507 0.3520
vn -0.9633 0.0424 0.2652
vn -0.9203 0.0317 0.3900
vn 0.9619 -0.0137 -0.2732
vn -0.8685 0.0037 0.4957
vn -0.9678 -0.0025 -0.2516
vn -0.6347 0.0394 -0.7717
vn -0.5864 -0.0010 -0.8100
vn -0.5987 -0.0981 -0.7950
vn 0.7415 -0.0138 -0.6708
vn 0.6616 -0.0225 0.7495
vn 0.6621 -0.0062 0.7494
vn 0.7761 0.0411 0.6292
vn 0.7721 -0.0461 0.6338
vn 0.6365 0.0251 -0.7709
vn 0.7831 0.0175 -0.6216
vn 0.9541 0.0317 0.2979
vn 0.3621 -0.0329 0.9315
vn 0.9606 -0.0327 0.2760
vn 0.2565 0.0199 0.9663
vn -0.3805 -0.0892 0.9205
vn -0.5528 -0.0052 0.8333
vn -0.9300 0.0067 -0.3674
vn -0.9484 -0.0079 -0.3169
vn -0.9875 0.0269 -0.1556
vn 0.1260 -0.0806 -0.9887
vn 0.1971 0.0009 -0.9804
vn 0.2224 -0.0001 -0.9750
vn -0.7234 -0.0115 -0.6904
vn -0.7418 0.0020 -0.6706
vn 0.7486 0.0143 0.6629
vn 0.7009 -0.0175 -0.7131
vn 0.1626 -0.1193 0.9795
vn 0.9912 0.0358 0.1271
vn -0.5887 0.0150 -0.8082
vn -0.5934 -0.0256 -0.8045
vn -0.8966 -0.0136 -0.4427
vn 0.5498 -0.0047 -0.8353
vn 0.7657 -0.0221 -0.6429
vn 0.4654 -0.0610 -0.8830
vn 0.5606 -0.0004 -0.8281
vn -0.6047 -0.1488 0.7825
vn -0.9709 0.1154 0.2098
vn 0.4290 0.0391 0.9025
vn 0.8748 -0.0771 0.4783
vn 0.8584 -0.0131 0.5128
vn -0.7831 -0.0325 0.6211
vn -0.9291 -0.1856 0.3200
vn -0.9999 0.0108 0.0097
vn -0.3079 0.1027 -0.9459
vn -0.8818 -0.1674 0.4409
vn -0.9374 0.0934 0.3356
vn -0.7982 -0.0008 -0.6024
vn -0.7954 -0.0186 -0.6058
vn -0.5311 0.0221 0.8470
vn -0.4824 0.0379 0.8751
vn -0.3951 -0.0411 0.9177
vn -0.3089 0.0350 0.9504
vn 0.9552 0.0084 -0.2958
vn -0.3273 0.0218 0.9447
vn -0.3359 -0.0406 0.9410
vn -0.5171 0.0046 0.8559
vn -0.5466 -0.0641 0.8349
vn -0.5119 0.0024 0.8590
vn -0.4128 0.0465 -0.9096
vn -0.4261 0.0180 -0.9045
vn -0.6064 0.0119 0.7951
vn -0.6888 0.0006 0.7250
vn 0.2678 0.0306 0.9630
vn -0.4754 0.0010 -0.8798
vn -0.8166 -0.0045 -0.5772
vn 0.9684 -0.0045 -0.2495
vn 0.2748 -0.0191 -0.9613
vn 0.2518 -0.0254 0.9674
vn 0.5368 -0.0198 -0.8435
vn 0.7999 0.0193 -0.5999
vn 0.6516 0.0016 0.7585
vn 0.7761 0.0337 0.6297
vn -0.9615 -0.0042 0.2746
vn -0.6306 0.0334 -0.7754
vn -0.6116 0.0081 -0.7911
vn 0.9894 -0.0087 0.1447
vn -0.9968 -0.0027 -0.0795
vn 0.0933 -0.0065 -0.9956
vn -0.9915 -0.0265 0.1277
vn -0.9875 -0.0154 0.1566
vn -0.7923 0.0066 0.6102
vn -0.8686 0.0384 -0.4940
vn 0.0814 0.0039 0.9967
vn 0.1255 -0.0044 0.9921
vn 0.3695 -0.0160 -0.9291
vn 0.5328 0.0540 -0.8445
vn -0.2423 0.0094 -0.9702
vn -0.6836 -0.0109 -0.7298
vn -0.7804 0.0414 0.6239
vn -0.0973 0.0038 -0.9952
vn -0.1059 0.0000 -0.9944
vn -0.1825 -0.0074 -0.9832
vn 0.0964 0.0163 -0.9952
vn 0.9131 -0.0027 -0.4076
vn -0.8744 -0.0058 0.4852
vn -0.9931 0.0004 -0.1177
vn -0.1532 -0.0018 -0.9882
vn 0.9033 0.0219 0.4284
vn 0.4346 0.0103 0.9006
vn -0.1434 -0.0015 0.9897
vn -0.0846 -0.0137 0.9963
vn 0.0560 0.0304 0.9980
vn 0.0610 0.0024 0.9981
vn -0.9333 0.0044 0.3592
vn -0.8714 -0.0154 0.4904
vn -0.8983 0.0558 0.4359
vn 0.4884 -0.0008 0.8726
vn 0.8104 -0.0024 0.5859
vn -0.3445 0.0173 0.9386
vn -0.9567 0.0119 -0.2909
vn -0.4634 0.0029 0.8861
vn -0.7758 -0.0237 -0.6305
vn -0.3219 0.0114 0.9467
vn -0.9699 0.0178 0.2429
vn -0.9057 -0.0175 -0.4235
vn -0.4364 -0.0068 -0.8997
vn -0.5851 -0.0211 0.8107
vn -0.8457 0.0152 -0.5335
vn -0.6256 -0.0148 0.7800
vn 0.9335 -0.0121 -0.3583
vn 0.5432 -0.0060 -0.8396
vn 0.9722 -0.0005 0.2342
vn 0.9504 0.0086 0.3108
vn -0.7301 -0.0208 0.6830
vn 0.8313 0.0331 0.5548
vn 0.2657 -0.0180 0.9639
vn 0.9986 -0.0223 -0.0488
vn -0.9932 -0.0031 0.1163
vn -0.9983 -0.0153 -0.0565
vn 0.9902 0.0105 0.1391
vn -0.9922 -0.0131 -0.1239
vn 0.9599 -0.0237 -0.2794
vn -0.9912 0.0002 0.1323
vn 0.8749 -0.0007 -0.4843
vn -0.3083 0.0019 -0.9513
vn -0.6286 -0.0200 -0.7775
vn -0.7460 0.0002 -0.6659
vn 0.6114 0.0088 -0.7913
vn 0.6793 -0.0066 0.7338
vn -0.8920 -0.0251 -0.4513
vn 0.0029 -0.0180 0.9998
vn 0.4690 -0.0174 -0.8830
vn 0.8638 -0.0065 -0.5039
vn -0.3736 -0.0013 -0.9276
vn 0.9997 0.0207 0.0102
vn -0.2110 -0.0117 -0.9774
vn -0.8724 -0.0199 0.4884
vn -0.4198 -0.0233 0.9073
vn -0.4956 0.0009 -0.8686
vn -0.9595 0.0194 -0.2810
vn -0.7876 0.0320 -0.6154
vn -0.7574 -0.0270 -0.6524
vn -0.2081 -0.0155 0.9780
vn -0.9779 0.0155 0.2084
vn -0.9600 -0.0009 0.2801
vn -0.3494 0.0060 -0.9370
vn 0.3405 -0.0006 -0.9403
vn 0.8159 0.0031 -0.5782
vn 0.8214 0.0160 -0.5702
vn 0.8036 -0.0275 -0.5945
vn 0.6053 0.0195 -0.7958
vn 0.9433 0.0114 0.3316
vn 0.7797 0.0552 0.6237
vn 0.5872 0.0121 0.8093
vn 0.0652 0.0143 -0.9978
vn 0.9912 -0.0257 -0.1300
vn -0.9877 -0.0012 0.1562
vn -0.9996 -0.0204 0.0185
vn -0.7874 -0.0217 0.6161
vn 0.1119 -0.0093 -0.9937
vn -0.9943 0.0152 0.1058
vn 0.8805 0.0155 -0.4737
vn 0.8242 0.0072 0.5663
vn 0.3699 0.0019 0.9291
vn -0.1902 0.0239 -0.9815
vn -0.2465 -0.0176 -0.9690
vn -0.2082 -0.0073 -0.9781
vn 0.6617 0.0118 -0.7497
vn 0.6466 -0.0134 -0.7627
vn -0.1794 -0.0073 -0.9837
vn -0.8704 -0.0186 -0.4921
vn -0.8312 -0.0102 -0.5558
vn 0.4909 0.0087 0.8712
vn 0.5108 0.0151 -0.8596
vn 0.8571 -0.0124 -0.5151
vn 0.9982 0.0067 0.0593
vn -0.9160 0.0071 0.4012
vn -0.3419 -0.0297 0.9393
vn -0.7848 0.0232 -0.6193
vn 0.2619 -0.0050 -0.9651
vn 0.2620 0.0157 -0.9649
vn -0.4856 -0.0096 -0.8741
vn 0.5966 -0.0162 -0.8024
vn 0.6159 -0.0356 -0.7870
vn 0.7705 -0.0086 -0.6374
vn 0.6340 -0.0007 0.7733
vn 0.5654 0.0576 0.8228
vn -0.6060 0.0125 0.7954
vn -0.8846 -0.0036 -0.4663
vn -0.7817 0.0132 0.6235
vn -0.2668 -0.0021 -0.9638
vn 0.0511 -0.0360 -0.9980
vn 0.4632 -0.0637 -0.8840
vn 0.8963 0.0054 -0.4435
vn -0.9604 0.0001 0.2786
vn 0.9948 0.0023 0.1016
vn -0.1195 0.0108 -0.9928
vn -0.1410 0.0219 0.9898
vn -0.1343 -0.0305 0.9905
vn -0.8372 -0.0721 0.5421
vn 0.0492 0.0194 0.9986
vn 0.4823 0.0072 0.8760
vn 0.4339 0.0058 0.9010
vn -0.7991 -0.0022 -0.6012
vn -0.7674 0.0109 -0.6411
vn -0.9462 0.0080 -0.3236
vn -0.9452 -0.0148 -0.3263
vn -0.2994 -0.0283 0.9537
vn 0.9527 -0.0017 -0.3040
vn 0.9623 -0.0112 -0.2718
vn 0.2966 0.0043 -0.9550
vn -0.7924 -0.0083 -0.6100
vn -0.9830 -0.0164 -0.1830
vn 0.3210 -0.0089 0.9470
vn 0.6104 -0.0027 -0.7921
vn 0.7919 0.0126 -0.6105
vn 0.6312 -0.0119 0.7755
vn 0.7708 -0.0126 0.6370
vn 0.9543 -0.0203 0.2982
vn 0.3845 -0.0048 0.9231
vn -0.8792 0.0143 -0.4762
vn -0.8799 -0.0170 -0.4748
vn 0.7522 0.0062 -0.6589
vn 0.5784 -0.0057 -0.8158
vn 0.6955 0.0301 0.7179
vn -0.2712 -0.0066 -0.9625
vn -0.7906 -0.0147 0.6122
vn 0.9938 -0.0186 -0.1097
vn 0.4627 -0.0156 -0.8864
vn 0.0086 -0.0160 -0.9998
vn -0.0592 -0.0092 -0.9982
vn -0.3168 0.0052 -0.9485
vn 0.9872 0.0038 -0.1592
vn -0.9320 0.0064 0.3625
vn 0.4138 -0.0071 -0.9103
vn 0.9912 0.0104 0.1318
vn 0.9051 -0.0264 0.4244
vn 0.4403 0.0013 0.8978
vn 0.4694 -0.0339 0.8823
vn -0.9819 0.0041 -0.1894
vn 0.2885 0.0186 -0.9573
vn 0.9732 -0.0169 0.2293
vn 0.6707 -0.0188 0.7415
vn -0.2778 0.0022 -0.9606
vn -0.2971 0.0219 0.9546
vn -0.9670 0.0061 -0.2546
vn -0.4827 0.0196 0.8756
vn -0.8824 -0.0099 -0.4705
vn -0.2586 0.0005 0.9660
vn -0.5557 -0.0287 0.8309
vn -0.9808 0.0035 0.1951
vn 0.9981 0.0077 -0.0606
vn 0.1346 0.0068 -0.9909
vn 0.2957 -0.0247 0.9550
vn -0.6934 0.0105 0.7205
vn -0.1006 0.0270 0.9946
vn 0.0406 -0.0634 0.9972
vn 0.1445 -0.0020 0.9895
vn 0.9964 0.0242 0.0807
vn -0.7174 -0.0127 0.6965
vn -0.7369 -0.0246 0.6755
vn -0.3623 0.0091 -0.9320
vn -0.5038 0.0358 -0.8631
vn 0.5564 0.0033 -0.8309
vn 0.7831 -0.0079 -0.6219
vn 0.9276 -0.0038 -0.3737
vn 0.9453 -0.0201 -0.3256
vn 0.9625 0.0037 -0.2713
vn 0.2715 0.0136 0.9623
vn 0.9528 0.0098 0.3034
vn -0.8560 0.0081 -0.5169
vn 0.9197 -0.0007 -0.3927
vn 0.8419 -0.0274 0.5390
vn 0.8207 -0.0213 0.5710
vn 0.7585 0.0012 -0.6516
vn 0.7611 -0.0065 0.6486
vn 0.7472 -0.0091 0.6645
vn 0.9999 0.0048 -0.0152
vn 0.4323 0.0013 0.9017
vn -0.0568 -0.0092 -0.9983
vn -0.1263 -0.0289 0.9916
vn -0.7564 -0.0084 0.6541
vn 0.9943 -0.0084 0.1063
vn 0.9998 -0.0157 0.0078
vn 0.4771 0.0096 0.8788
vn 0.8673 0.0076 0.4978
vn -0.8706 -0.0064 0.4919
vn -0.2472 0.0072 -0.9689
vn -0.2815 -0.0090 -0.9595
vn -0.1445 0.0038 -0.9895
vn -0.9279 -0.0215 0.3721
vn -0.9980 0.0598 0.0214
vn 0.9761 -0.0084 -0.2173
vn -0.4838 -0.0211 0.8749
vn -0.9698 0.0192 0.2432
vn -0.5241 0.0201 -0.8514
vn -0.3518 0.0086 -0.9360
vn 0.5098 0.0312 -0.8597
vn 0.3288 -0.0199 -0.9442
vn 0.9241 -0.0039 0.3821
vn 0.7579 0.0080 0.6524
vn 0.7237 -0.0252 -0.6897
vn -0.9980 -0.0242 0.0586
vn 0.9986 -0.0397 -0.0356
vn -0.0108 -0.0046 0.9999
vn 0.7996 -0.0139 0.6004
vn -0.2082 -0.0216 -0.9778
vn -0.8651 -0.0032 0.5016
vn -0.9703 -0.0083 -0.2419
vn -0.9856 0.0173 0.1684
vn -0.5741 -0.0228 0.8185
vn 0.9847 0.0071 0.1741
vn -0.7083 0.0196 0.7056
vn -0.8640 -0.0141 -0.5033
vn 0.5142 0.0051 -0.8577
vn 0.7775 0.0249 -0.6284
vn -0.9982 0.0055 0.0601
vn 0.8823 0.0247 -0.4700
vn 0.4408 0.0017 -0.8976
vn 0.9442 -0.0151 0.3290
vn 0.9997 -0.0062 -0.0246
vn 0.7479 0.0189 0.6636
vn 0.8677 0.0093 0.4969
vn -0.8199 0.0153 0.5724
vn -0.1806 0.0040 -0.9836
vn 0.7067 -0.0212 0.7072
vn 0.7144 -0.0128 0.6996
vn 0.6997 -0.0035 -0.7144
vn 0.7249 -0.0021 -0.6888
vn 0.7165 0.0071 -0.6976
vn 0.9836 -0.0167 0.1797
vn 0.9948 -0.0249 0.0989
vn 0.9979 0.0085 0.0635
vn -0.1389 0.0247 -0.9900
vn -0.1662 -0.0186 -0.9859
vn -0.1293 0.0449 -0.9906
vn -0.2483 0.0025 -0.9687
vn -0.2595 0.0024 -0.9657
vn -0.8073 0.0002 -0.5901
vn -0.8188 0.0039 -0.5741
vn -0.8637 -0.0064 -0.5040
vn 0.5662 -0.0122 -0.8242
vn 0.5036 0.0144 -0.8638
vn 0.4779 -0.0294 -0.8779
vn -0.6694 -0.0148 -0.7427
vn -0.7856 -0.0031 -0.6187
vn -0.3416 0.0285 -0.9394
vn -0.4103 -0.0085 -0.9119
vn -0.4111 -0.0136 -0.9115
vn -0.3875 -0.0170 -0.9217
vn -0.4488 0.0303 -0.8931
vn 0.9998 -0.0064 -0.0175
vn 0.9993 0.0061 -0.0361
vn -0.0179 -0.0145 -0.9997
vn 0.0933 -0.0030 0.9956
vn 0.0611 0.0110 0.9981
vn 0.0624 0.0113 -0.9980
vn -0.5838 -0.0068 0.8119
vn -0.9214 0.0055 -0.3886
vn -0.9354 0.0054 -0.3536
vn -0.8939 0.0059 -0.4481
vn -0.3671 0.0015 0.9302
vn -0.3871 -0.0014 0.9220
vn -0.4180 -0.0181 0.9082
vn -0.5575 -0.0202 0.8299
vn -0.9800 0.0159 -0.1983
vn 0.1269 -0.0314 -0.9914
vn 0.2222 -0.0101 -0.9750
vn 0.2169 0.0179 -0.9760
vn -0.9724 0.0220 0.2324
vn -0.9749 -0.0014 0.2225
vn -0.9893 -0.0130 0.1454
vn 0.9715 -0.0155 -0.2365
vn 0.9733 0.0276 -0.2280
vn 0.0708 0.0131 0.9974
vn 0.1708 -0.0104 0.9853
vn 0.1507 -0.0222 0.9883
vn -0.1428 0.0048 0.9897
vn -0.7939 0.0343 0.6071
vn -0.8267 0.0201 0.5623
vn -0.8550 -0.0163 0.5183
vn 0.4554 -0.0093 -0.8902
vn 0.4115 0.0088 -0.9114
vn 0.9380 0.0403 0.3443
vn 0.5286 -0.0223 0.8486
vn 0.5111 -0.0049 0.8595
vn 0.5387 0.0148 0.8423
vn 0.8680 0.0056 0.4966
vn -0.1679 0.0069 0.9858
vn 0.9391 0.0163 -0.3433
vn 0.3143 -0.0222 -0.9491
vn 0.3866 -0.0229 0.9219
vn 0.3649 0.0186 0.9309
vn 0.9261 0.0169 0.3768
vn -0.9055 0.0306 0.4233
vn -0.9405 -0.0175 0.3394
vn -0.7102 0.0024 0.7040
vn -0.9998 -0.0192 0.0093
vn -0.9993 0.0058 -0.0358
vn -0.9994 0.0105 -0.0334
vn 0.7786 0.0257 0.6269
vn 0.7086 -0.0033 0.7057
vn 0.6658 -0.0614 -0.7436
vn 0.6683 0.0143 -0.7437
vn 0.7187 0.0213 -0.6950
vn 0.6990 0.0091 -0.7151
vn -0.8435 0.0551 -0.5343
vn -0.8386 -0.0165 -0.5445
vn -0.7574 -0.0163 -0.6528
vn 0.7769 0.0253 -0.6291
vn 0.8245 -0.1076 -0.5556
vn 0.7751 -0.0232 -0.6314
vn 0.4586 0.0417 -0.8876
vn 0.6156 -0.0417 -0.7870
vn 0.9991 0.0055 0.0414
vn 0.9939 0.0364 0.1045
vn -0.1691 -0.0088 -0.9856
vn -0.1628 0.0014 -0.9867
vn -0.1198 -0.0333 -0.9922
vn -0.7270 0.0094 -0.6866
vn -0.7039 -0.0251 -0.7099
vn -0.6214 -0.0569 -0.7814
vn -0.8588 0.0061 -0.5123
vn 0.8195 0.0513 -0.5707
vn 0.8504 0.0066 -0.5262
vn 0.8382 -0.0051 -0.5453
vn 0.5071 0.0031 -0.8619
vn 0.5515 -0.0104 -0.8341
vn -0.4048 -0.0127 -0.9143
vn -0.7301 -0.0034 -0.6833
vn -0.6155 -0.0281 -0.7876
vn -0.6999 0.0138 -0.7141
vn 0.0889 -0.0286 -0.9956
vn -0.1207 -0.0294 -0.9922
vn -0.0003 0.0144 -0.9999
vn 0.9958 -0.0599 0.0698
vn 0.9974 0.0166 -0.0697
vn -0.1876 0.0645 0.9801
vn -0.1436 0.1594 -0.9767
vn -0.5910 -0.0738 0.8033
vn -0.6179 -0.0245 0.7859
vn -0.4652 -0.0385 -0.8844
vn 0.9756 -0.0042 -0.2194
vn 0.2092 0.0123 -0.9778
vn 0.2914 -0.0682 -0.9542
vn -0.9395 -0.0563 -0.3379
vn -0.9665 0.0451 -0.2525
vn -0.9848 0.0409 0.1689
vn -0.9825 -0.0260 0.1846
vn 0.1482 0.0250 0.9886
vn 0.2020 -0.0275 0.9790
vn 0.0312 -0.0557 0.9980
vn -0.2349 -0.0788 0.9688
vn -0.3884 0.0051 0.9215
vn -0.4576 -0.0269 0.8888
vn -0.8517 -0.0218 -0.5236
vn -0.8854 0.0275 -0.4640
vn 0.8959 0.0215 -0.4438
vn 0.9165 -0.0135 -0.3997
vn 0.9455 0.0122 -0.3254
vn 0.4497 -0.0389 -0.8923
vn 0.3335 -0.0240 0.9425
vn 0.3965 0.0323 0.9175
vn 0.4380 0.0305 0.8985
vn 0.8670 -0.0127 0.4982
vn 0.9309 0.0489 0.3621
vn 0.8970 -0.0006 0.4421
vn -0.9664 0.0253 -0.2556
vn -0.8536 -0.0858 -0.5138
vn -0.8919 0.0064 -0.4522
vn -0.3529 0.0688 0.9331
vn -0.3829 0.0492 0.9225
vn -0.9506 -0.0131 0.3101
vn -0.9229 0.0278 0.3839
vn -0.1747 -0.0083 -0.9846
vn 0.0811 -0.0643 -0.9946
vn 0.9967 -0.0367 0.0727
vn 0.0634 0.0309 0.9975
vn -0.2105 0.1464 0.9666
vn 0.8028 0.0242 0.5958
vn 0.6606 -0.1328 0.7389
vn 0.5876 0.0059 0.8091
vn -0.8419 -0.0186 0.5393
vn 0.8411 0.0028 0.5409
vn 0.7693 -0.0071 0.6389
vn -0.6103 0.0268 -0.7917
vn -0.4796 -0.0781 -0.8740
vn -0.7003 0.0217 0.7135
vn -0.5823 -0.0267 0.8125
vn -0.6807 -0.0017 0.7326
vn -0.6024 -0.0015 0.7982
vn -0.7261 -0.0563 0.6853
vn -0.7859 0.0272 0.6178
vn -0.7634 -0.0013 0.6460
vn -0.6689 -0.0382 0.7424
vn -0.2905 0.0138 0.9568
vn 0.1888 -0.0024 0.9820
vn 0.1097 0.0102 0.9939
vn 0.0627 -0.1112 0.9918
vn 0.1917 -0.0100 0.9814
vn 0.0736 0.0541 -0.9958
vn 0.2519 -0.0188 -0.9676
vn 0.9899 0.0402 -0.1356
vn 0.9835 0.0199 -0.1796
vn -0.9952 0.0206 -0.0959
vn -0.9556 -0.0042 -0.2947
vn -0.9846 -0.0131 -0.1744
vn 0.4237 -0.0947 -0.9008
vn 0.3407 0.0035 -0.9402
vn 0.3100 0.0092 -0.9507
vn 0.9147 -0.0342 -0.4026
vn 0.2655 -0.0410 0.9632
vn 0.9434 0.0132 0.3315
vn -0.9140 0.0378 0.4040
vn -0.9493 0.0182 0.3139
vn -0.9351 -0.0658 0.3482
vn -1.0000 0.0073 0.0042
vn -0.9976 -0.0208 -0.0657
vn -0.9967 0.0539 -0.0611
vn -0.0582 0.0185 -0.9981
vn 0.9314 -0.0089 -0.3638
vn 0.9527 0.0204 0.3033
vn -0.5484 0.0050 -0.8362
vn -0.2356 -0.0266 0.9715
vn 0.5491 -0.0383 0.8348
vn -0.0493 -0.0333 -0.9982
vn -0.9928 -0.0169 -0.1184
vn -0.6822 0.0123 -0.7311
vn -0.6337 0.0033 0.7736
vn -0.1581 0.0058 0.9874
vn -0.8842 -0.0056 -0.4671
vn 0.8418 -0.0222 -0.5394
vn 0.8362 0.0101 -0.5484
vn 0.4549 0.0383 -0.8897
vn 0.1237 -0.0022 0.9923
vn -0.1710 -0.0118 -0.9852
vn -0.9848 -0.0088 0.1733
vn -0.9923 0.0087 0.1238
vn 0.0555 0.0240 -0.9982
vn 0.9839 -0.0185 -0.1779
vn -0.8318 -0.0231 -0.5546
vn 0.6336 -0.0002 -0.7736
vn 0.7497 -0.0163 -0.6616
vn -0.6216 -0.0070 0.7833
vn -0.6919 0.0069 0.7219
vn -0.9221 -0.0664 0.3812
vn -0.6770 -0.0121 -0.7359
vn -0.7894 -0.0148 -0.6136
vn -0.9683 -0.0067 -0.2495
vn 0.2139 0.0011 -0.9769
vn 0.8563 0.0117 -0.5164
vn 0.8814 -0.0076 0.4724
vn 0.9501 -0.0123 0.3118
vn 0.6343 -0.0145 0.7730
vn 0.7742 -0.0311 -0.6321
vn -0.3344 0.0194 0.9422
vn -0.8514 0.0081 0.5244
vn -0.8321 -0.0206 0.5542
vn -0.4930 0.0125 -0.8699
vn 0.2886 0.0037 0.9574
vn -0.0270 -0.0008 -0.9996
vn 0.8972 -0.0033 -0.4417
vn 0.2954 0.0084 -0.9553
vn 0.9578 -0.0062 0.2875
vn 0.3389 0.0195 0.9406
vn -0.2612 0.0164 -0.9651
vn -0.8067 -0.0151 0.5907
vn -0.6989 -0.0023 -0.7152
vn -0.1793 0.0135 0.9837
vn -0.6113 0.0241 0.7910
vn -0.8541 -0.0226 0.5196
vn -0.8934 0.0253 0.4486
vn 0.8825 -0.0146 0.4700
vn 0.5265 -0.0144 0.8501
vn 0.8662 -0.0144 0.4996
vn -0.8842 0.0016 -0.4671
vn 0.3945 -0.0139 -0.9188
vn -0.5891 -0.0123 -0.8080
vn -0.4505 -0.0088 0.8928
vn -0.0876 0.0086 -0.9961
vn 0.0404 -0.0023 -0.9992
vn 0.0117 -0.0139 -0.9998
vn 0.9896 0.0239 -0.1422
vn -0.9971 0.0097 0.0758
vn -0.9924 0.0142 -0.1220
vn -0.0204 -0.0079 0.9998
vn -0.0994 0.0194 0.9949
vn 0.9972 -0.0200 0.0726
vn 0.0743 -0.0044 -0.9972
vn 0.9894 -0.0158 -0.1442
vn -0.9903 0.0086 -0.1386
vn -0.9881 0.0063 0.1537
vn -0.8231 0.0299 -0.5671
vn 0.6110 -0.0096 -0.7915
vn 0.7901 0.0088 -0.6129
vn -0.7262 -0.0116 0.6874
vn -0.6431 0.0031 0.7658
vn -0.6641 -0.0104 0.7475
vn -0.9621 0.0021 0.2728
vn -0.9594 -0.0101 0.2817
vn 0.7021 0.0035 0.7120
vn 0.6816 0.0051 -0.7317
vn 0.5548 0.0019 -0.8320
vn -0.6612 0.0114 -0.7501
vn -0.6188 -0.0091 -0.7855
vn -0.8407 -0.0104 -0.5414
vn -0.3657 0.0236 -0.9304
vn 0.1544 -0.0172 0.9879
vn -0.9576 0.0033 -0.2881
vn -0.2660 -0.0030 0.9640
vn 0.9032 0.0120 -0.4291
vn 0.9082 0.0419 -0.4165
vn 0.4644 -0.0069 0.8856
vn -0.4955 0.0058 -0.8686
vn -0.4747 0.0004 0.8801
vn -0.4748 -0.0283 -0.8797
vn 0.3002 0.0076 -0.9538
vn 0.9555 0.0061 -0.2948
vn 0.2575 -0.0218 -0.9660
vn 0.9437 -0.0234 -0.3300
vn -0.9482 -0.0597 -0.3121
vn -0.9490 0.0157 0.3148
vn 0.4794 -0.0462 0.8764
vn 0.8785 -0.0664 0.4731
vn 0.8691 0.0160 0.4945
vn -0.0753 -0.0117 -0.9971
vn -0.4723 -0.0273 0.8810
vn -0.9971 0.0292 0.0698
vn -0.9880 -0.0716 0.1369
vn -0.9973 0.0243 0.0690
vn -0.9944 -0.0319 -0.1003
vn 0.1339 0.0129 -0.9909
vn 0.9955 0.0025 -0.0946
vn 0.9802 -0.0028 -0.1980
vn 0.0749 -0.0196 0.9970
vn -0.1621 0.0498 0.9855
vn -0.0772 -0.1204 0.9897
vn -0.7768 -0.0279 0.6291
vn -0.8519 0.0479 0.5215
vn 0.4669 0.0070 0.8843
vn 0.8820 -0.0078 0.4711
vn -0.4616 -0.0096 0.8870
vn -0.4919 -0.0250 -0.8703
vn 0.0817 0.0258 0.9963
vn 0.0622 -0.0254 0.9977
vn 0.0786 -0.0030 0.9969
vn -0.1375 -0.0550 0.9890
vn -0.1092 -0.0353 -0.9934
vn 0.9953 -0.0296 -0.0927
vn 0.0908 -0.0058 -0.9959
vn -0.9953 0.0022 0.0966
vn -0.6310 -0.0293 0.7752
vn -0.6456 0.0113 0.7636
vn -0.6074 -0.0327 0.7937
vn -0.2941 0.0176 -0.9556
vn 0.9624 0.0037 0.2715
vn 0.9432 0.0085 0.3321
vn 0.2763 -0.0313 0.9606
vn -0.7769 -0.0505 -0.6275
vn -0.7880 -0.0172 -0.6155
vn -0.7671 0.0090 -0.6414
vn -0.3057 -0.0373 0.9514
vn -0.8589 0.0044 0.5122
vn 0.8912 0.0191 -0.4532
vn -0.8893 0.0737 0.4513
vn 0.8449 0.0421 -0.5333
vn 0.4749 0.0244 -0.8797
vn -0.2417 -0.0647 -0.9682
vn -0.2662 0.0731 -0.9611
vn 0.2544 0.0193 0.9669
vn 0.1941 0.0096 0.9809
vn 0.9509 -0.0549 0.3047
vn 0.7837 0.0131 -0.6210
vn 0.6550 -0.0225 -0.7553
vn 0.7753 -0.0025 0.6315
vn 0.6221 0.0064 0.7829
vn -0.6389 -0.0890 -0.7642
vn 0.9950 -0.0416 0.0911
vn 0.9996 -0.0070 0.0270
vn 0.9952 0.0052 0.0976
vn -0.8726 -0.0091 -0.4883
vn -0.8789 0.0173 -0.4767
vn -0.8878 -0.0128 -0.4600
vn -0.6293 0.0071 -0.7772
vn -0.6180 -0.0397 -0.7852
vn 0.6877 0.0555 0.7239
vn 0.7574 0.0111 0.6528
vn 0.7982 -0.0006 0.6023
vn 0.7650 0.0676 -0.6405
vn 0.6384 -0.0318 -0.7691
vn 0.6329 0.0154 -0.7741
vn 0.6195 -0.0232 -0.7847
vn -0.9977 0.0158 0.0653
vn 0.3154 0.0435 -0.9480
vn 0.9218 -0.0284 0.3867
vn 0.3266 0.0019 0.9452
vn -0.4340 -0.0437 0.8999
vn -0.5799 0.0138 -0.8146
vn -0.8540 -0.0350 -0.5190
vn 0.8486 0.0107 -0.5289
vn 0.5426 -0.0035 -0.8400
vn -0.9098 0.0373 0.4133
vn -0.9475 -0.0055 0.3197
vn -0.9992 0.0400 -0.0017
vn -0.1691 -0.0087 -0.9856
vn -0.9909 -0.0006 -0.1349
vn 0.9928 0.0198 -0.1185
vn -0.9901 -0.0021 0.1400
vn -0.7868 -0.0081 0.6171
vn -0.9897 -0.0041 0.1432
vn 0.8342 -0.0183 -0.5511
vn 0.8108 -0.0194 -0.5850
vn 0.6142 0.0234 0.7888
vn 0.8121 0.0167 0.5833
vn -0.6229 0.0368 -0.7814
vn -0.7512 -0.0489 -0.6582
vn 0.7628 0.0143 0.6464
vn 0.1909 -0.0077 -0.9816
vn 0.9847 0.0020 0.1740
vn -0.8701 -0.0057 0.4929
vn -0.8916 0.0256 -0.4522
vn -0.8758 0.0113 0.4825
vn -0.8435 -0.0103 -0.5370
vn -0.8313 0.0225 -0.5554
vn -0.8573 -0.0164 -0.5146
vn 0.5594 0.0008 -0.8289
vn 0.9460 -0.0081 0.3240
vn 0.9177 -0.0172 0.3970
vn -0.3016 0.0065 -0.9534
vn -0.2319 0.0055 -0.9727
vn 0.9945 0.0131 0.1040
vn 0.7879 0.0350 0.6148
vn 0.7695 0.0298 0.6379
vn 0.6921 0.0130 -0.7217
vn 0.0675 0.0103 0.9977
vn -0.9899 -0.0115 -0.1413
vn -0.9100 -0.0174 -0.4143
vn -0.7958 0.0287 0.6049
vn -0.8294 -0.0167 0.5584
vn 0.7973 -0.0116 -0.6035
vn 0.8333 -0.0060 -0.5527
vn 0.9999 0.0037 0.0136
vn 0.9835 0.0088 -0.1806
vn 0.6048 -0.0247 0.7960
vn -0.6965 -0.0163 0.7174
vn -0.4400 -0.0059 -0.8980
vn -0.3690 -0.0197 0.9292
vn -0.1627 0.0256 0.9863
vn -0.1671 -0.0171 0.9858
vn -0.9999 0.0035 0.0164
vn -0.9831 -0.0037 0.1833
vn -0.9805 0.0282 0.1946
vn -0.9896 0.0006 0.1440
vn 0.4047 0.0102 0.9144
vn -0.5155 -0.0132 0.8568
vn -0.5350 -0.0103 0.8448
vn 0.8839 -0.0118 -0.4674
vn 0.6991 -0.0261 0.7145
vn -0.1731 0.0266 -0.9846
vn 0.7223 0.0033 -0.6916
vn -0.6666 -0.0068 -0.7454
vn 0.9908 -0.0148 0.1344
vn -0.5661 -0.0160 0.8242
vn 0.9384 0.0304 -0.3442
vn 0.2889 0.0158 0.9572
vn -0.5802 0.0139 0.8143
vn 1.0000 0.0045 0.0051
vn 0.5935 0.0191 -0.8046
vn 0.9301 -0.0237 -0.3666
vn -0.8130 -0.0040 -0.5823
vn -0.9092 0.0024 -0.4165
vn 0.0522 0.0084 -0.9986
vn -0.7038 0.0159 0.7102
vn -0.9294 0.0073 -0.3690
vn -0.7165 0.0265 0.6971
vn -0.0462 -0.0034 0.9989
vn -0.9741 -0.0109 -0.2260
vn 0.1988 -0.0044 -0.9800
vn 0.3441 -0.0118 -0.9389
vn -0.9896 -0.0033 -0.1438
vn -0.9998 0.0138 0.0131
vn 0.3941 -0.0012 0.9191
vn -0.9891 0.0015 -0.1475
vn -0.4857 0.0429 0.8731
vn -0.2425 -0.0144 0.9700
vn -0.1218 -0.0033 -0.9925
vn -0.0688 -0.0175 -0.9975
vn -0.9396 -0.0074 -0.3421
vn -0.9943 -0.0094 0.1060
vn -0.8118 -0.0032 -0.5839
vn -0.7998 -0.0407 0.5989
vn 0.2049 0.0033 -0.9788
vn 0.9868 -0.0096 -0.1617
vn -0.9997 0.0017 0.0255
vn -0.9993 0.0025 0.0360
vn -0.9981 0.0039 0.0611
vn -0.9831 -0.0173 0.1823
vn -0.0763 -0.0066 0.9971
vn 0.9715 0.0166 0.2363
vn -0.1809 0.0010 -0.9835
vn -0.2897 -0.0168 -0.9570
vn 0.4238 0.0005 0.9057
vn -0.4966 -0.0160 0.8679
vn -0.5341 -0.0145 0.8453
vn -0.9982 0.0070 -0.0597
vn -0.6963 -0.0023 0.7178
vn -0.9293 0.0087 0.3692
vn -0.8805 0.0068 0.4740
vn -0.4500 -0.0161 -0.8929
vn -0.7594 0.0120 -0.6505
vn -0.7966 -0.0168 -0.6043
vn 0.5491 0.0214 -0.8355
vn 0.4606 -0.0012 -0.8876
vn 0.6902 0.0110 0.7235
vn 0.7781 -0.0093 -0.6281
vn 0.7675 -0.0044 -0.6411
vn 0.9954 -0.0172 0.0942
vn 0.9991 0.0141 0.0400
vn 0.9993 0.0047 0.0384
vn -0.3510 -0.0019 0.9364
vn 0.3155 0.0081 0.9489
vn 0.2576 -0.0392 0.9655
vn 0.7541 0.0226 0.6564
vn -0.5701 0.0282 -0.8211
vn -0.6228 -0.0057 -0.7824
vn -0.9443 -0.0155 -0.3286
vn -0.9834 -0.0148 -0.1806
vn -0.6225 0.0178 0.7824
vn -0.8345 0.0244 0.5505
vn -0.2856 -0.0009 -0.9584
vn 0.9574 0.0027 -0.2887
vn 0.9897 0.0157 0.1423
vn 0.9839 -0.0058 0.1788
vn 0.9391 -0.0254 0.3427
vn 0.9259 0.0072 -0.3778
vn 0.5543 0.0009 -0.8323
vn -0.7923 -0.0048 0.6101
vn -0.9975 0.0118 -0.0697
vn -0.9882 -0.0209 -0.1514
vn -0.0226 0.0035 0.9997
vn 0.8633 0.0054 0.5047
vn 0.3876 -0.0157 0.9217
vn 0.7951 -0.0085 -0.6065
vn -0.9632 -0.0270 -0.2675
vn -0.1270 -0.0100 0.9918
vn -0.3564 0.0027 0.9343
vn -0.9142 -0.0033 0.4054
vn -0.5683 0.0248 -0.8225
vn -0.5295 -0.0237 -0.8480
vn 0.5636 -0.0296 0.8255
vn 0.7100 -0.0034 0.7042
vn -0.0715 -0.0007 -0.9974
vn -0.1694 -0.0229 -0.9853
vn 0.1546 -0.0020 -0.9880
vn -0.2518 0.0182 -0.9676
vn -0.3151 -0.0040 -0.9491
vn 0.9974 -0.0130 -0.0702
vn 0.9999 -0.0123 -0.0108
vn 0.9657 -0.0072 -0.2595
vn 0.9861 -0.0299 0.1633
vn 0.9716 0.0246 0.2352
vn 0.9541 0.0042 0.2996
vn 0.9078 -0.0147 -0.4192
vn 0.8591 0.0197 -0.5114
vn 0.5144 -0.0083 -0.8575
vn -0.6874 0.0051 0.7263
vn -0.5981 0.0270 0.8009
vn -0.7564 -0.0123 0.6540
vn -0.4301 -0.0067 -0.9028
vn 0.0751 0.0174 0.9970
vn 0.0304 -0.0157 0.9994
vn -0.0514 0.0081 0.9986
vn -0.1858 -0.0269 0.9822
vn 0.4763 0.0212 0.8790
vn 0.2961 0.0324 0.9546
vn -0.7120 -0.0166 -0.7020
vn 0.8004 -0.0135 -0.5994
vn 0.8050 -0.0316 -0.5924
vn 0.6457 -0.0148 -0.7634
vn -0.8879 0.0102 -0.4598
vn -0.8672 -0.0127 -0.4978
vn -0.6624 -0.0315 -0.7484
vn -0.6613 0.0381 -0.7492
vn -0.8588 0.0150 0.5122
vn -0.8565 0.0281 0.5154
vn 0.5706 -0.0349 0.8205
vn 0.5674 -0.0156 0.8233
vn 0.8110 0.0239 0.5846
vn -0.1527 -0.0321 -0.9877
vn 0.0053 -0.0032 -1.0000
vn 0.8983 0.0256 -0.4387
vn 0.9722 0.0026 -0.2340
vn 0.9999 -0.0138 -0.0041
vn 0.9770 -0.0009 0.2132
vn 0.9848 0.0125 0.1734
vn 0.3377 0.0118 -0.9412
vn -0.9988 0.0076 -0.0488
vn -0.9951 0.0306 -0.0937
vn -0.5490 0.0150 0.8357
vn -0.6438 -0.0233 0.7649
vn -0.7191 -0.0210 0.6946
vn -0.5766 0.0155 -0.8169
vn -0.4857 0.0093 -0.8741
vn -0.9685 -0.0167 -0.2484
vn -0.3228 0.0155 0.9463
vn -0.0442 -0.0178 0.9989
vn 0.1787 0.0291 0.9835
vn 0.3117 0.0036 0.9502
vn -0.9261 -0.0229 0.3765
vn -0.9183 -0.0147 0.3956
vn -0.8761 0.0159 -0.4819
vn 0.4221 -0.0197 0.9063
vn 0.5404 0.0557 0.8396
vn -0.7076 -0.0081 -0.7066
vn -0.2050 -0.0415 0.9779
vn 0.5213 0.0279 -0.8529
vn 0.6644 0.0160 -0.7472
vn -0.9280 -0.0191 -0.3720
vn -0.8970 0.0103 -0.4420
vn -0.8343 0.0042 0.5513
vn 0.8589 0.0201 0.5118
vn 0.5885 -0.0485 0.8070
vn 0.7391 0.0100 0.6735
vn -0.9900 -0.0170 0.1402
vn -0.9650 -0.0152 -0.2618
vn 0.9773 0.0080 -0.2117
vn -0.9809 0.0145 -0.1938
vn 0.2925 0.0142 -0.9561
vn -0.4343 -0.0137 0.9007
vn -0.5805 0.0116 -0.8142
vn -0.7196 0.0037 0.6944
vn -0.6397 0.0095 0.7686
vn -0.5754 -0.0041 0.8179
vn -0.2586 -0.0206 0.9658
vn -0.1932 0.0308 0.9807
vn -0.3736 -0.0069 -0.9276
vn -0.6881 -0.0058 -0.7256
vn -0.7020 -0.0039 -0.7122
vn -0.9999 0.0101 -0.0087
vn -0.0167 0.0139 0.9998
vn 0.0098 0.0173 0.9998
vn -0.0100 0.0265 -0.9996
vn 0.9998 0.0104 -0.0192
vn 0.5492 0.0074 -0.8356
vn 0.6141 0.0322 -0.7886
vn 0.3773 0.0240 0.9258
vn -0.7820 0.0047 0.6233
vn -0.2005 0.0071 -0.9797
vn -0.0959 -0.0065 -0.9954
vn 0.6987 0.0267 -0.7150
vn 0.7409 -0.0198 -0.6714
vn -0.1160 0.0016 -0.9933
vn -0.3039 -0.0182 -0.9525
vn -0.3008 -0.0021 -0.9537
vn 0.1972 -0.0367 -0.9797
vn -0.4644 -0.0196 -0.8854
vn -0.4571 0.0153 -0.8893
vn 0.9985 0.0108 -0.0537
vn 0.3495 0.0109 -0.9369
vn 0.8959 0.0258 -0.4435
vn 0.9322 0.0035 0.3620
vn 0.8070 -0.0123 -0.5905
vn 0.8150 0.0253 -0.5789
vn 0.4265 -0.0002 0.9045
vn 0.6864 0.0022 -0.7272
vn -0.5980 0.0050 0.8015
vn -0.6790 0.0095 0.7341
vn -0.7455 -0.0032 -0.6665
vn -0.8715 -0.0066 -0.4904
vn -0.9825 0.0066 -0.1860
vn -0.9872 -0.0115 -0.1589
vn -0.2749 -0.0057 0.9615
vn 0.8218 0.0002 0.5697
vn -0.9818 -0.0190 0.1891
vn -0.6472 0.0188 -0.7621
vn -0.9428 -0.0010 0.3333
vn 0.8032 0.0013 0.5958
vn 0.6474 -0.0290 -0.7616
vn 0.4622 -0.0159 -0.8866
vn -0.8317 0.0107 0.5551
vn 0.1159 0.0037 0.9932
vn -0.8831 -0.0177 -0.4689
vn 0.9754 0.0084 0.2202
vn 0.9992 -0.0015 0.0400
vn 0.0778 0.0125 -0.9969
vn -0.4175 -0.0040 -0.9087
vn -0.9875 0.0209 -0.1565
vn -0.6576 -0.0213 0.7531
vn 0.6653 -0.0211 0.7463
vn 0.4889 -0.0020 0.8723
vn 0.7638 -0.0006 -0.6454
vn -0.0708 -0.0382 -0.9968
vn 0.8340 -0.0202 0.5513
vn -0.8470 0.0010 0.5316
vn -0.8047 0.0275 0.5931
vn 0.4265 0.0317 -0.9039
vn -0.9375 0.0223 0.3472
vn 0.8167 0.0045 -0.5771
vn -0.4028 -0.0216 -0.9150
vn -0.3461 -0.0282 -0.9378
vn 0.8985 -0.0141 -0.4387
vn -0.7403 -0.0268 0.6718
vn 0.9746 0.0013 -0.2238
vn 0.9914 -0.0049 -0.1306
vn -0.2534 -0.0185 0.9672
vn -0.1330 0.0085 0.9911
vn -0.9113 0.0064 -0.4117
vn -0.5882 0.0002 0.8087
vn 0.2252 0.0167 -0.9742
vn -0.4290 -0.0164 0.9031
vn -0.9639 -0.0131 -0.2660
vn 0.9780 0.0021 0.2084
vn 0.8099 0.0168 -0.5864
vn -0.9425 -0.0132 0.3339
vn 0.7599 0.0097 0.6500
vn 0.6957 0.0015 0.7184
vn 0.7824 0.0051 0.6228
vn 0.3605 -0.0177 0.9326
vn 0.4897 0.0084 0.8718
vn 0.3693 -0.0030 -0.9293
vn -0.2539 -0.0043 0.9672
vn 0.1910 -0.0192 -0.9814
vn 0.9729 0.0088 0.2310
vn 0.0104 0.0033 -0.9999
vn -0.5791 0.0032 0.8153
vn -0.9712 0.0245 -0.2369
vn -0.5693 0.0121 -0.8220
vn 0.1852 0.0066 0.9827
vn -0.9840 0.0252 0.1763
vn -0.7812 0.0161 -0.6241
vn 0.6969 0.0092 -0.7171
vn 0.5941 0.0153 0.8043
vn 0.8561 0.0203 -0.5164
vn 0.5217 0.0341 -0.8524
vn 0.9516 0.0039 0.3074
vn -0.1981 0.0105 -0.9801
vn -0.3209 0.0074 0.9471
vn 0.4164 -0.0163 0.9090
vn -0.3965 0.0254 -0.9177
vn 0.8764 0.0146 0.4814
vn -0.8927 0.0171 0.4503
vn -0.5132 0.0145 0.8581
vn -0.7393 -0.0236 0.6730
vn 0.2097 0.0196 0.9776
vn 0.2756 0.0071 0.9612
vn 0.0340 -0.0159 -0.9993
vn 0.9905 -0.0140 0.1367
vn 0.1274 0.0085 -0.9918
vn -0.5797 -0.0233 -0.8145
vn 0.9993 0.0038 -0.0380
vn -0.9672 -0.0239 0.2528
vn -0.9447 0.0050 0.3280
vn 0.0398 0.0063 0.9992
vn -0.9987 -0.0161 0.0476
vn -0.9933 0.0022 0.1156
vn 0.7110 0.0256 0.7027
vn -0.2130 -0.0141 -0.9770
vn 0.8569 -0.0136 -0.5153
vn -0.9442 0.0247 0.3285
vn 0.5477 0.0014 0.8367
vn -0.2461 0.0070 0.9692
vn 0.4000 -0.0254 -0.9162
vn 0.9323 0.0124 0.3616
vn -0.5749 -0.0049 0.8182
vn 0.9775 0.0154 0.2104
vn -0.9794 -0.0148 -0.2015
vn -0.5817 0.0043 -0.8134
vn -0.9109 -0.0050 -0.4126
vn -0.9831 -0.0037 0.1832
vn 0.9634 0.0258 -0.2667
vn 0.9728 -0.0053 0.2314
vn 0.6797 -0.0019 0.7335
vn 0.3109 -0.0122 0.9504
vn -0.9863 0.0205 -0.1634
vn -0.5420 -0.0046 -0.8404
vn -0.7217 -0.0258 0.6918
vn -0.1332 -0.0129 0.9910
vn 0.9621 -0.0319 0.2708
vn 0.4802 0.0136 0.8771
vn 0.6379 0.0139 0.7700
vn -0.1915 0.0143 -0.9814
vn 0.7234 0.0044 -0.6904
vn 0.5650 0.0158 0.8250
vn 0.6290 0.0094 0.7774
vn 0.6191 -0.0324 -0.7847
vn 0.6202 0.0155 -0.7843
vn 0.7882 -0.0161 -0.6152
vn -0.7769 -0.0044 -0.6296
vn -0.8527 0.0171 0.5221
vn 0.4592 -0.0112 0.8883
vn 0.9070 0.0253 0.4203
vn 0.4639 0.0196 -0.8857
vn 0.4754 -0.0004 -0.8798
vn -0.2709 -0.0056 -0.9626
vn -0.2617 0.0085 -0.9651
vn 0.9616 0.0078 -0.2744
vn -0.4507 0.0103 0.8926
vn -0.8012 0.0118 0.5983
vn -0.9551 0.0071 0.2961
vn -0.6130 0.0115 -0.7900
vn -0.4522 0.0097 -0.8918
vn 0.1042 0.0290 -0.9941
vn 0.1332 0.0081 0.9911
vn 0.9964 0.0109 -0.0837
vn -0.9964 0.0067 -0.0849
vn -0.9953 -0.0012 -0.0971
vn -0.6100 -0.0081 0.7923
vn -0.9952 -0.0046 0.0980
vn -0.9957 0.0216 0.0902
vn -0.7844 -0.0182 -0.6200
vn 0.6172 -0.0070 -0.7868
vn 0.5219 -0.0160 0.8528
vn 0.3329 0.0152 -0.9429
vn 0.7487 -0.0193 -0.6627
vn -0.3138 -0.0109 -0.9494
vn -0.7457 0.0244 0.6658
vn -0.1185 0.0096 -0.9929
vn 0.8666 -0.0047 -0.4990
vn 0.1296 -0.0227 0.9913
vn 0.2043 -0.0032 -0.9789
vn -0.0879 -0.0138 0.9960
vn -0.9402 -0.0048 -0.3406
vn -0.9549 0.0015 0.2970
vn -0.6349 -0.0355 0.7718
vn 0.7674 0.0059 0.6412
vn 0.7056 -0.0177 -0.7084
vn 0.8193 0.0213 -0.5730
vn -0.8922 0.0023 0.4517
vn 0.9350 0.0109 -0.3544
vn -0.8032 0.0187 0.5954
vn 0.3746 0.0222 0.9269
vn 0.5144 -0.0076 -0.8575
vn -0.8440 0.0126 -0.5362
vn 0.3020 -0.0050 -0.9533
vn -0.5378 0.0213 0.8428
vn 0.9993 -0.0031 -0.0364
vn 0.0128 0.0067 0.9999
vn 0.0465 0.0222 -0.9987
vn -0.7134 0.0167 -0.7005
vn 0.2010 0.0044 0.9796
vn -0.9380 0.0006 -0.3465
vn 0.1940 0.0394 -0.9802
vn 0.9647 0.0234 -0.2622
vn -0.5736 0.0071 -0.8191
vn 0.0130 0.0160 -0.9998
vn 0.8949 -0.0030 -0.4462
vn 0.8137 0.0062 -0.5812
vn -0.9091 -0.0011 -0.4167
vn -0.8253 -0.0107 -0.5646
vn -0.7161 -0.0205 -0.6977
vn 0.9298 -0.0155 -0.3679
vn 0.9999 -0.0164 -0.0049
vn 0.9755 0.0210 0.2189
vn 0.9736 0.0060 -0.2280
vn 0.9997 0.0120 -0.0203
vn -0.7674 -0.0097 0.6411
vn 0.9044 -0.0296 0.4256
vn -0.4384 0.0133 0.8987
vn -0.5315 -0.0034 -0.8471
vn 0.9953 -0.0183 0.0946
vn -0.2608 0.0198 0.9652
vn -0.8546 0.0107 0.5191
vn 0.8795 -0.0078 -0.4758
vn 0.4828 -0.0040 -0.8757
vn 0.3987 0.0206 -0.9169
vn -0.9899 -0.0126 -0.1412
vn -0.7960 -0.0252 0.6048
vn 0.0983 -0.0010 0.9952
vn 0.6151 0.0004 0.7884
vn 0.8615 -0.0097 0.5077
vn 0.4408 0.0022 0.8976
vn 0.7884 -0.0171 -0.6149
vn 0.6561 -0.0176 -0.7545
vn -0.8949 0.0174 0.4459
vn -0.8698 0.0389 0.4918
vn 0.7721 -0.0048 0.6354
vn 0.7643 -0.0045 0.6448
vn 0.8851 0.0147 -0.4653
vn 0.9609 0.0081 -0.2767
vn -0.9677 0.0046 -0.2521
vn -0.9480 -0.0029 -0.3183
vn 0.2938 -0.0098 -0.9558
vn 0.9869 -0.0085 -0.1614
vn -0.4705 0.0134 -0.8823
vn -0.4980 0.0427 -0.8662
vn 0.9947 0.0336 0.0969
vn 0.2039 -0.0203 0.9788
vn 0.2301 -0.0014 0.9732
vn -0.1681 0.0064 0.9857
vn -0.5818 -0.0138 0.8132
vn -0.3552 0.0143 -0.9347
vn -0.0001 0.0136 0.9999
vn 0.0440 -0.0001 0.9990
vn -0.9999 -0.0066 0.0151
vn -0.0202 0.0125 -0.9997
vn 0.9958 -0.0082 -0.0912
vn -0.6810 0.0157 -0.7321
vn -0.8341 0.0068 -0.5515
vn 0.9163 0.0078 0.4004
vn 0.3669 -0.0215 0.9300
vn 0.5676 -0.0017 0.8233
vn 0.4809 -0.0133 0.8767
vn -0.0867 0.0223 -0.9960
vn 0.7614 -0.0147 0.6481
vn 0.7196 -0.0141 -0.6942
vn -0.9250 -0.0343 0.3785
vn -0.9846 -0.0228 0.1731
vn -0.9152 -0.0466 -0.4004
vn -0.9693 0.0299 -0.2442
vn 0.2022 0.0199 -0.9791
vn 0.9828 -0.0193 -0.1835
vn -0.5061 -0.0187 -0.8623
vn -0.7637 0.0293 0.6449
vn -0.1274 0.0157 0.9917
vn 0.9165 0.0056 0.4001
vn 0.3918 -0.0227 -0.9198
vn -0.8504 0.0255 0.5255
vn 0.8360 0.0143 0.5485
vn 0.4999 0.0118 0.8660
vn 0.6772 0.0030 0.7358
vn -0.9306 0.0026 0.3659
vn -0.3140 0.0308 -0.9489
vn 0.8734 -0.0088 -0.4869
vn -0.6049 0.0084 0.7963
vn -0.4588 0.0293 -0.8881
vn -0.4555 -0.0054 0.8902
vn 0.2572 0.0157 0.9662
vn 0.1092 -0.0329 0.9935
vn -0.9716 -0.0075 0.2365
vn 0.6164 -0.0009 -0.7875
vn -0.6640 0.0073 -0.7477
vn -0.8744 -0.0226 0.4846
vn 0.2840 0.0247 -0.9585
vn 0.9949 0.0056 -0.1008
vn 0.9922 0.0164 0.1236
vn 0.9168 -0.0017 0.3994
vn -0.7593 0.0143 -0.6506
vn 0.7468 0.0025 -0.6651
vn -0.9468 0.0154 -0.3214
vn 0.6160 -0.0189 -0.7875
vn -0.8509 0.0173 -0.5251
vn 0.8884 -0.0166 0.4589
vn -0.8935 0.0105 0.4490
vn 0.7577 -0.0315 0.6518
vn -0.9386 -0.0023 -0.3450
vn 0.2400 -0.0295 -0.9703
vn -0.5307 -0.0205 -0.8473
vn -0.3880 0.0104 0.9216
vn -0.6736 0.0012 0.7391
vn -0.2182 0.0171 0.9757
vn -0.5867 0.0146 0.8097
vn -0.3565 -0.0117 -0.9342
vn -0.0355 0.0236 0.9991
vn -0.9995 -0.0041 -0.0307
vn 0.9989 0.0052 0.0460
vn 0.8325 -0.0115 -0.5540
vn -0.8307 0.0124 -0.5566
vn 0.9198 0.0109 0.3923
vn 0.9488 0.0123 -0.3157
vn 0.5346 0.0363 0.8443
vn -0.9064 0.0205 0.4219
vn -0.0789 0.0109 -0.9968
vn -0.3247 0.0282 -0.9454
vn 0.9779 0.0237 0.2076
vn 0.3345 0.0143 -0.9423
vn 0.8331 0.0006 -0.5531
vn 0.9253 0.0066 0.3793
vn -0.5119 0.0010 -0.8591
vn -0.4204 -0.0039 0.9073
vn -0.0153 -0.0130 0.9998
vn -0.8381 -0.0206 -0.5452
vn 0.6302 -0.0466 -0.7750
vn 0.7447 -0.0113 -0.6673
vn -0.7036 0.0430 -0.7093
vn 0.5160 -0.0012 0.8566
vn 0.7022 0.0087 0.7119
vn -0.0911 -0.0039 -0.9958
vn 0.9732 -0.0077 -0.2298
vn 0.8893 0.0071 -0.4573
vn 0.8665 -0.0153 0.4989
vn 0.7470 0.0112 -0.6647
vn -0.9059 -0.0211 -0.4230
vn -0.1103 -0.0076 -0.9939
vn 0.0920 0.0156 -0.9956
vn 0.2856 0.0019 -0.9584
vn 0.9950 0.0033 -0.0998
vn 0.9483 -0.0027 -0.3173
vn 0.9952 0.0053 0.0977
vn 0.4394 0.0179 -0.8981
vn 0.8694 0.0007 -0.4941
vn -0.9930 -0.0316 -0.1141
vn -0.9951 -0.0130 -0.0981
vn -0.7348 0.0214 0.6779
vn -0.9756 0.0080 -0.2193
vn -0.4136 0.0116 0.9104
vn -0.5192 -0.0044 -0.8547
vn -0.9941 0.0144 0.1075
vn -0.9979 -0.0270 0.0581
vn 0.2519 0.0207 0.9675
vn 0.3112 -0.0142 0.9502
vn -0.7537 -0.0255 -0.6568
vn -0.0507 0.0220 0.9985
vn -0.1190 -0.0054 0.9929
vn 0.1214 -0.0130 0.9925
vn 0.1101 -0.0107 0.9939
vn -0.2932 0.0060 0.9560
vn -0.9597 -0.0091 0.2810
vn -0.9557 -0.0186 0.2938
vn 0.7356 0.0128 -0.6773
vn 0.4318 -0.0089 0.9019
vn -0.5812 0.0036 -0.8138
vn -0.5966 0.0038 -0.8025
vn -0.9111 -0.0058 -0.4122
vn -0.8814 -0.0143 0.4722
vn 0.7656 0.0137 0.6432
vn -0.0207 0.0159 -0.9997
vn -0.3395 0.0244 -0.9403
vn 0.1949 0.0077 -0.9808
vn 0.9579 -0.0341 -0.2852
vn 0.9884 -0.0189 -0.1506
vn 0.9442 -0.0176 0.3288
vn 0.4018 -0.0102 -0.9157
vn -0.6032 -0.0151 0.7974
vn -0.7253 0.0043 0.6884
vn -0.4767 0.0172 0.8789
vn -0.3480 -0.0117 0.9374
vn -0.9932 -0.0124 0.1155
vn -0.8312 -0.0189 -0.5557
vn 0.2815 -0.0067 0.9595
vn 0.3471 -0.0187 0.9377
vn -0.0981 0.0166 0.9950
vn -0.9762 -0.0054 0.2166
vn -0.2710 0.0011 0.9626
vn -0.1819 0.0181 0.9832
vn 0.4636 0.0235 0.8857
vn -0.6517 -0.0095 -0.7584
vn 0.6307 -0.0266 0.7756
vn -0.8196 -0.0148 -0.5728
vn 0.8021 -0.0210 0.5969
vn 0.6774 0.0002 0.7356
vn 0.5628 -0.0013 -0.8266
vn 0.7224 -0.0139 -0.6913
vn -0.2665 0.0304 0.9634
vn -0.3745 0.0112 0.9271
vn -0.4877 -0.0157 -0.8728
vn -0.1526 0.0024 -0.9883
vn -0.8856 -0.0000 -0.4644
vn 0.5012 0.0061 0.8653
vn -0.9483 -0.0098 0.3173
vn -0.0375 0.0244 0.9990
vn -0.6265 -0.0187 0.7792
vn -0.7545 -0.0237 0.6559
vn -0.6883 0.0075 0.7254
vn 0.0643 -0.0128 0.9978
vn -0.6620 0.0209 0.7492
vn -0.9818 -0.0059 -0.1897
vn -0.1092 0.0182 -0.9939
vn 0.9761 0.0004 -0.2172
vn 0.3049 -0.0059 -0.9524
vn 0.9964 0.0042 -0.0846
vn 0.9971 0.0019 0.0760
vn -0.8139 -0.0218 -0.5806
vn 0.7704 -0.0392 -0.6364
vn 0.4286 -0.0238 0.9032
vn 0.6388 -0.0016 -0.7694
vn 0.8730 -0.0147 0.4875
vn 0.5382 -0.0358 0.8421
vn -0.1627 -0.0410 -0.9858
vn -0.1859 -0.0080 -0.9825
vn 0.0731 -0.0116 -0.9973
vn 0.9998 -0.0199 -0.0002
vn 0.2609 -0.0255 -0.9650
vn -0.4367 0.0071 -0.8996
vn 0.9367 -0.0059 -0.3502
vn -0.5290 -0.0021 0.8486
vn -0.9860 0.0089 -0.1662
vn 0.8262 0.0131 -0.5633
vn 0.3758 0.0069 0.9267
vn -0.9898 0.0019 0.1422
vn -0.8394 0.0028 -0.5435
vn -0.1482 -0.0209 0.9887
vn -0.1613 0.0251 0.9866
vn -0.9088 0.0036 0.4173
vn 0.8697 -0.0047 0.4935
vn 0.4838 -0.0021 0.8752
vn 0.6043 -0.0007 0.7968
vn 0.7351 0.0086 0.6779
vn 0.9994 0.0010 0.0344
vn -0.3855 -0.0112 -0.9226
vn 0.6393 -0.0072 0.7689
vn -0.4331 0.0087 0.9013
vn 0.2526 -0.0024 -0.9676
vn 0.9660 -0.0072 0.2585
vn -0.2776 -0.0151 -0.9606
vn -0.5942 0.0067 0.8043
vn 0.8547 0.0226 -0.5186
vn 0.4528 -0.0170 -0.8915
vn -0.6318 0.0068 -0.7751
vn -0.7236 0.0176 0.6900
vn -0.1026 -0.0066 -0.9947
vn -0.3121 0.0087 -0.9500
vn 0.9931 0.0072 -0.1174
vn 0.9519 -0.0091 -0.3064
vn 0.3262 -0.0247 -0.9450
vn 0.9185 0.0100 0.3954
vn -0.4211 0.0020 0.9070
vn -0.8139 0.0197 -0.5806
vn -0.6480 -0.0199 -0.7614
vn -0.8281 -0.0141 0.5603
vn 0.8116 0.0281 0.5835
vn 0.6981 -0.0104 0.7159
vn 0.9991 -0.0127 0.0411
vn 0.5395 0.0008 -0.8420
vn -0.7696 -0.0012 0.6385
vn -0.9551 -0.0084 0.2962
vn 0.3192 -0.0033 0.9477
vn -0.2881 -0.0209 0.9574
vn -0.0388 0.0011 0.9992
vn -0.8586 -0.0006 -0.5126
vn -0.6369 -0.0147 -0.7708
vn 0.5846 0.0563 0.8094
vn -0.4990 -0.0255 0.8662
vn 0.9961 0.0103 -0.0872
vn 0.9998 0.0055 -0.0172
vn -0.6012 0.0131 0.7990
vn -0.3303 0.0421 -0.9429
vn -0.9323 0.0241 -0.3608
vn -0.9219 -0.0007 -0.3873
vn -0.5135 0.0134 0.8580
vn -0.9893 0.0077 -0.1455
vn 0.7633 0.0093 -0.6460
vn -0.9997 -0.0215 -0.0121
vn 0.4668 -0.0219 0.8841
vn 0.3729 -0.0358 0.9272
vn 0.3694 0.0005 0.9293
vn -0.6475 -0.0001 -0.7621
vn 0.9779 -0.0274 0.2074
vn -0.9704 0.0023 -0.2415
vn -0.7937 0.0079 -0.6082
vn -0.9787 -0.0255 0.2035
vn -0.9879 0.0036 0.1552
vn -0.6626 -0.0007 0.7490
vn 0.6011 0.0013 -0.7991
vn 0.6949 -0.0112 -0.7190
vn 0.2449 -0.0059 0.9695
vn 0.3192 -0.0016 0.9477
vn 0.2251 -0.0126 0.9742
vn -0.6298 -0.0197 0.7765
vn 0.2809 -0.0019 0.9597
vn 0.8715 0.0025 -0.4905
vn 0.9127 0.0128 -0.4085
vn -0.9307 -0.0142 0.3656
vn 0.6128 0.0040 -0.7902
vn 0.1724 -0.0049 -0.9850
vn -0.6470 -0.0053 0.7625
vn -0.7426 -0.0263 0.6692
vn -0.2909 -0.0101 0.9567
vn -0.0375 -0.0021 -0.9993
vn 0.9892 0.0010 -0.1465
vn -0.9903 0.0057 -0.1391
vn -0.8591 -0.0021 -0.5118
vn 0.3409 0.0159 0.9400
vn 0.6883 0.0058 -0.7254
vn -0.4313 -0.0366 -0.9015
vn 0.4243 -0.0012 0.9055
vn -0.8971 -0.0081 0.4417
vn -0.8109 -0.0092 0.5851
vn 0.1011 -0.0008 0.9949
vn 0.7460 -0.0218 -0.6656
vn 0.7945 -0.0136 -0.6072
vn 0.9702 0.0239 -0.2412
vn 0.6310 0.0127 0.7757
vn 0.5820 -0.0064 0.8131
vn 0.3796 -0.0048 -0.9251
vn 0.1650 0.0199 -0.9861
vn 0.1528 -0.0096 -0.9882
vn 0.0937 0.0110 -0.9955
vn 0.9973 0.0055 0.0729
vn 0.5941 -0.0462 -0.8031
vn 0.9910 0.0151 -0.1332
vn -0.4699 0.0075 -0.8827
vn -0.8979 -0.0144 -0.4399
vn -0.9948 0.0150 -0.1010
vn -0.3360 -0.0283 -0.9415
vn 0.9852 -0.0077 0.1712
vn 0.9743 0.0196 0.2242
vn 0.7038 0.0143 -0.7102
vn 0.7782 -0.0600 -0.6251
vn 0.9379 -0.0377 0.3448
vn -0.9045 0.0190 -0.4260
vn -0.8998 -0.0184 -0.4360
vn 0.9286 0.0120 -0.3709
vn 0.9275 0.0074 -0.3737
vn 0.3383 -0.0051 -0.9410
vn -0.6182 0.0070 -0.7860
vn -0.9960 0.0125 -0.0883
vn 0.4791 0.0088 0.8777
vn 0.4402 0.0034 0.8979
vn 0.9961 -0.0025 -0.0886
vn -0.2446 -0.0008 0.9696
vn 0.2490 0.0240 -0.9682
vn 0.7225 0.0059 -0.6913
vn 0.7662 0.0095 -0.6426
vn -0.9481 -0.0111 -0.3179
vn -0.9519 0.0211 -0.3058
vn 0.8612 0.0012 -0.5083
vn 0.7935 0.0406 -0.6072
vn 0.7688 0.0319 0.6387
vn 0.6982 0.0090 0.7158
vn 0.7618 -0.0311 0.6471
vn -0.9321 -0.0055 -0.3621
vn 0.9875 0.0080 -0.1577
vn 0.9714 0.0380 -0.2345
vn 0.5270 -0.0098 -0.8498
vn -0.2697 0.0186 0.9628
vn -0.9324 0.0172 -0.3609
vn 0.9788 -0.0296 -0.2025
vn 0.9059 -0.0312 -0.4224
vn 0.4669 -0.0169 0.8842
vn 0.2673 0.0147 -0.9635
vn -0.9661 0.0072 0.2579
vn 0.5776 -0.0123 -0.8162
vn 0.6996 -0.0181 -0.7143
vn 0.6993 -0.0090 -0.7148
vn 0.0497 -0.0086 -0.9987
vn 0.0266 0.0112 -0.9996
vn -0.3303 0.0046 -0.9439
vn -0.5073 -0.0214 0.8615
vn -0.4630 0.0135 0.8862
vn 0.9390 0.0059 -0.3438
vn 0.8905 -0.0049 -0.4549
vn -0.9900 0.0109 0.1406
vn -0.4321 -0.0222 0.9015
vn -1.0000 -0.0009 0.0091
vn 0.3037 -0.0121 -0.9527
vn -0.7646 0.0229 -0.6441
vn -0.6717 0.0182 -0.7406
vn 0.4911 -0.0054 -0.8711
vn -0.9506 0.0107 0.3102
vn 0.9736 -0.0245 -0.2271
vn -0.0649 0.0054 0.9979
vn -0.3610 -0.0262 0.9322
vn 0.8595 0.0157 -0.5108
vn -0.2908 0.0104 -0.9567
vn -0.2744 -0.0040 -0.9616
vn -0.3494 0.0239 -0.9367
vn -0.9345 0.0271 -0.3550
vn -0.8985 0.0064 0.4390
vn -0.8976 0.0031 0.4408
vn 0.7082 -0.0167 0.7058
vn 0.2298 0.0059 0.9732
vn 0.4115 0.0115 -0.9114
vn 0.2644 -0.0205 -0.9642
vn 0.0326 -0.0012 0.9995
vn -0.5558 0.0094 0.8312
vn -0.5339 -0.0206 0.8453
vn 0.2221 -0.0103 -0.9750
vn -0.3285 -0.0071 0.9445
vn 0.8334 -0.0365 0.5515
vn -0.9879 -0.0073 -0.1552
vn -0.7925 0.0025 -0.6098
vn 0.0205 0.0228 0.9995
vn -0.0992 -0.0287 0.9946
vn -0.9486 -0.0096 0.3163
vn -0.9093 -0.0187 0.4158
vn -0.4405 -0.0073 -0.8977
vn 0.1279 -0.0075 0.9918
vn -0.7420 -0.0095 0.6703
vn -0.6781 -0.0009 0.7350
vn 0.9460 0.0078 0.3239
vn 0.8265 0.0076 -0.5629
vn 0.1376 -0.0030 0.9905
vn 0.0627 -0.0121 0.9980
vn 0.9980 0.0125 -0.0624
vn 0.9985 -0.0094 -0.0532
vn -0.7846 0.0019 -0.6200
vn -0.0239 0.0067 -0.9997
vn -0.9995 -0.0034 -0.0321
vn 0.2687 0.0176 -0.9631
vn 0.3445 0.0141 -0.9387
vn 0.0329 0.0088 0.9994
vn -0.6418 0.0168 0.7667
vn 0.0654 -0.0001 0.9979
vn 0.1359 0.0079 0.9907
vn -0.6496 0.0236 0.7599
vn 0.2540 0.0191 0.9670
vn -0.3177 -0.0000 -0.9482
vn 0.2367 -0.0134 -0.9715
vn 0.7542 -0.0174 -0.6564
vn -0.9922 -0.0132 0.1236
vn -0.9999 0.0088 -0.0115
vn 0.9916 -0.0243 -0.1270
vn -0.3532 0.0135 0.9355
vn 0.9760 -0.0023 -0.2178
vn -0.3898 -0.0075 0.9209
vn -0.9598 -0.0021 0.2807
vn 0.1627 -0.0027 -0.9867
vn -0.4242 -0.0051 0.9055
vn -0.9735 0.0068 -0.2286
vn 0.4699 -0.0011 0.8827
vn 0.6457 0.0194 -0.7634
vn 0.7260 0.0310 -0.6870
vn -0.9727 -0.0105 0.2318
vn -0.9727 -0.0121 0.2318
vn -0.5483 -0.0123 -0.8362
vn 0.6434 -0.0080 -0.7655
vn -0.9978 0.0071 -0.0662
vn -0.8594 -0.0087 -0.5113
vn -0.9467 -0.0564 -0.3172
vn 0.8307 -0.0176 -0.5564
vn -0.3509 -0.0389 0.9356
vn -0.8211 0.0164 -0.5705
vn -0.4839 -0.0042 -0.8751
vn -0.9475 0.0205 -0.3191
vn -0.9985 0.0336 -0.0433
vn -0.9962 -0.0244 -0.0840
vn 0.9990 0.0086 0.0450
vn -0.9347 -0.0366 -0.3536
vn 0.5718 -0.0233 -0.8200
vn 0.6319 -0.0137 0.7750
vn 0.5398 -0.0205 0.8416
vn 0.6859 0.0070 0.7277
vn 0.0994 -0.0304 -0.9946
vn -0.9998 -0.0039 0.0183
vn 0.9515 -0.0020 0.3077
vn 0.9426 0.0291 0.3327
vn 0.4128 -0.0329 0.9102
vn 0.2732 -0.0208 0.9617
vn -0.9258 -0.0889 -0.3675
vn -0.3943 0.0084 -0.9189
vn 0.4072 -0.0025 -0.9133
vn 0.3151 0.0121 -0.9490
vn 0.6459 -0.0025 -0.7634
vn 0.6489 -0.0075 -0.7608
vn 0.3032 0.0023 -0.9529
vn -0.1726 -0.0008 0.9850
vn 0.4582 0.0021 -0.8889
vn 0.0993 -0.0134 -0.9950
vn -0.5219 -0.0008 0.8530
vn 0.7022 0.0125 -0.7119
vn 0.7014 -0.0098 0.7127
vn 0.9332 -0.0156 -0.3591
vn 0.3442 0.0220 -0.9386
vn -0.9991 0.0216 0.0374
vn -0.4896 0.0101 -0.8719
vn -0.5344 0.0256 -0.8449
vn -0.5702 0.0064 0.8215
vn 0.3786 0.0112 -0.9255
vn -0.0257 0.0003 -0.9997
vn -0.7070 -0.0060 -0.7072
vn -0.7535 0.0094 -0.6573
vn 0.8342 0.0085 -0.5514
vn -0.1834 -0.0165 0.9829
vn -0.2457 0.0116 0.9693
vn 0.1921 0.0156 0.9813
vn -0.9780 -0.0054 0.2083
vn 0.1661 0.0169 0.9860
vn 0.5670 0.0125 -0.8236
vn 0.1246 -0.0016 0.9922
vn -0.3468 -0.0242 -0.9376
vn 0.9900 0.0032 0.1412
vn -0.3517 0.0113 -0.9360
vn 0.3001 -0.0082 -0.9539
vn -0.8553 0.0576 0.5149
vn 0.7619 0.0076 -0.6476
vn -0.0297 -0.0075 -0.9995
vn -0.4187 0.0097 -0.9081
vn -0.4844 0.0061 -0.8748
vn -0.9415 0.0202 0.3364
vn -0.0279 0.0248 0.9993
vn -0.4358 -0.0599 0.8980
vn -0.4357 0.0337 0.8994
vn -0.3737 0.0123 0.9275
vn -0.4982 -0.0155 0.8669
vn 0.7402 -0.0582 -0.6699
vn -0.3029 -0.0212 -0.9528
vn -0.3029 0.0048 -0.9530
vn 0.8137 -0.0226 0.5808
vn -0.3143 0.0634 -0.9472
vn -0.4812 -0.0591 0.8746
vn -0.3278 -0.0188 -0.9446
vn -0.4166 -0.0082 -0.9091
vn 0.9977 0.0023 -0.0681
vn 0.9723 0.0089 -0.2336
vn 0.1599 -0.0049 0.9871
vn 0.9027 0.0081 0.4301
vn -0.9713 0.0022 0.2380
vn -0.7694 0.0078 -0.6387
vn -0.1787 0.0115 -0.9838
vn -0.3084 0.0021 -0.9512
vn 0.7610 0.0048 -0.6487
vn 0.7244 -0.0371 -0.6884
vn -0.4274 -0.0116 0.9040
vn 0.1334 0.0080 0.9910
vn -0.9682 -0.0359 -0.2475
vn -0.9435 -0.0102 0.3313
vn -0.8039 0.0072 0.5947
vn -0.8192 -0.0133 0.5733
vn 0.4194 0.0102 0.9078
vn -0.5437 -0.0126 0.8392
vn 0.0629 -0.0104 0.9980
vn 0.1072 -0.0256 0.9939
vn 0.7959 -0.0037 -0.6054
vn 0.6414 -0.0088 -0.7671
vn 0.6741 0.0089 -0.7386
vn 0.9705 -0.0198 0.2404
vn 0.9885 0.0094 0.1508
vn 0.7970 0.0149 -0.6039
vn -0.8816 -0.0172 0.4716
vn -0.8792 0.0177 0.4760
vn 0.8269 -0.0129 0.5623
vn 0.9798 -0.0110 -0.1996
vn -0.7936 -0.0227 0.6080
vn -0.7998 -0.0067 0.6003
vn 0.4636 -0.0036 -0.8860
vn 0.4432 -0.0453 -0.8953
vn -0.0121 -0.0068 0.9999
vn -0.9098 0.0322 0.4138
vn -0.8747 -0.0950 0.4752
vn 0.8568 0.0155 0.5155
vn -0.9436 -0.0069 0.3309
vn -0.8355 0.0084 0.5494
vn 0.9078 0.0017 0.4193
vn 0.9398 -0.0102 0.3417
vn -0.0566 -0.0142 0.9983
vn -0.1587 -0.0175 0.9872
vn 0.4786 -0.0147 -0.8779
vn 0.4644 -0.0277 -0.8852
vn 0.1499 -0.0006 0.9887
vn -0.4301 0.0103 -0.9027
vn 0.1740 0.0045 0.9847
vn 0.9554 0.0237 -0.2943
vn 0.9564 -0.0097 -0.2920
vn 0.5694 -0.0251 0.8217
vn 0.6632 0.0315 0.7478
vn -0.8985 0.0055 0.4390
vn 0.9792 0.0060 0.2026
vn 0.4748 -0.0085 -0.8800
vn 0.4736 0.0228 0.8804
vn 0.8795 -0.0122 0.4757
vn 0.8758 0.0037 0.4827
vn 0.9422 0.0258 0.3339
vn -0.9871 -0.0013 -0.1600
vn -0.7265 0.0209 0.6868
vn 0.8215 0.0099 0.5701
vn 0.0453 -0.0184 -0.9988
vn -0.0715 0.0049 -0.9974
vn 0.9687 -0.0163 -0.2475
vn -0.9840 0.0154 -0.1777
vn 0.9577 -0.0205 -0.2872
vn -0.9936 -0.0168 0.1119
vn 0.0144 -0.0340 0.9993
vn -0.7352 -0.0331 0.6771
vn -0.7009 -0.0914 0.7074
vn 0.4409 -0.0407 -0.8966
vn 0.3290 -0.0726 -0.9416
vn -0.7343 0.0135 -0.6787
vn -0.1691 0.0878 0.9817
vn -0.4803 0.0081 -0.8771
vn -0.5477 -0.0465 0.8354
vn -0.4564 -0.0184 0.8896
vn -0.7427 -0.0263 0.6691
vn -0.7634 -0.0270 0.6453
vn -0.2374 -0.0049 -0.9714
vn -0.1642 0.0167 -0.9863
vn 0.5145 0.0008 0.8575
vn 0.8954 -0.0140 0.4449
vn 0.9430 -0.0374 0.3306
vn -0.3818 0.0009 -0.9243
vn 0.9949 0.0216 -0.0985
vn 0.9944 0.0120 -0.1050
vn -0.5920 0.0476 0.8045
vn -0.0646 0.0040 0.9979
vn -0.3555 -0.1207 0.9269
vn 0.5545 0.0059 -0.8322
vn 0.8768 -0.0001 0.4809
vn -0.8724 -0.0156 0.4885
vn -0.8866 0.0052 0.4625
vn -0.3475 0.0024 0.9377
vn -0.3464 -0.0213 0.9378
vn 0.7822 0.0046 -0.6230
vn -0.4428 0.0068 -0.8966
vn -0.1658 -0.0083 0.9861
vn 0.2532 0.0219 0.9672
vn 0.3069 -0.0079 0.9517
vn -0.9668 0.0034 0.2553
vn 0.0826 -0.0051 -0.9966
vn 0.8220 0.0270 0.5688
vn 0.7490 -0.0333 0.6617
vn -0.2702 -0.0200 0.9626
vn -0.2924 0.0096 0.9562
vn -0.8989 -0.0197 0.4376
vn -0.4272 0.0161 0.9040
vn 0.1646 0.0122 0.9863
vn 0.2528 0.0192 0.9673
vn -0.7274 -0.0197 0.6859
vn -0.3665 -0.0023 0.9304
vn 0.8743 0.0050 -0.4853
vn 0.8960 -0.0095 -0.4439
vn 0.9196 0.0095 0.3927
vn 0.5989 -0.0022 0.8008
vn 0.9601 0.0118 -0.2793
vn 0.9461 0.0460 -0.3207
vn -0.5489 -0.0151 -0.8357
vn 0.9970 -0.0222 0.0736
vn 0.9995 0.0036 0.0302
vn 0.9990 0.0135 -0.0424
vn 0.0816 0.0037 0.9967
vn 0.4429 -0.0296 -0.8961
vn 0.7632 0.0093 0.6461
vn 0.7028 -0.0283 0.7108
vn 0.9600 0.0128 -0.2798
vn 0.8177 0.0058 0.5756
vn 0.7678 -0.0041 0.6407
vn -0.9392 -0.0520 0.3393
vn -0.9202 -0.0397 0.3895
vn -0.2401 0.0815 0.9673
vn -0.5768 0.0140 0.8167
vn 0.9998 -0.0050 0.0166
vn -0.6821 -0.0188 -0.7310
vn 0.4971 -0.0184 0.8675
vn -0.9968 0.0505 -0.0626
vn 0.7761 -0.0067 0.6306
vn 0.7913 0.0509 0.6093
vn 0.4681 0.0286 -0.8832
vn 0.4591 0.0300 -0.8879
vn 0.4002 0.0272 -0.9160
vn -0.4618 0.0171 0.8868
vn -0.7600 0.0017 0.6499
vn -0.7687 -0.0225 0.6392
vn -0.7270 -0.0179 -0.6864
vn 0.7003 0.0053 0.7138
vn 0.4685 0.0245 -0.8831
vn 0.6517 0.0387 0.7574
vn 0.7834 0.0282 0.6209
vn -0.4201 -0.0130 -0.9074
vn -0.9760 -0.0255 0.2161
vn 0.9413 -0.0181 -0.3372
vn 0.9893 -0.0004 -0.1457
vn 0.9829 0.0122 0.1838
vn -0.9667 0.0229 0.2549
vn 0.0707 -0.0118 0.9974
vn 0.3551 -0.0276 0.9344
vn 0.4203 0.0193 0.9072
vn 0.9818 0.0155 -0.1894
vn 0.6641 -0.0496 0.7460
vn 0.7066 -0.0588 0.7052
vn -0.9995 0.0035 -0.0302
vn -0.9990 0.0205 0.0387
vn -0.4971 0.0159 0.8676
vn 0.3059 -0.0107 0.9520
vn 0.3714 -0.0093 0.9284
vn 0.5155 -0.0224 -0.8566
vn -0.6387 0.0014 0.7694
vn -0.5775 -0.0308 0.8158
vn -0.9038 0.0257 -0.4272
vn -0.9472 -0.0079 -0.3206
vn -0.9770 0.0249 -0.2118
vn -0.1110 -0.0090 -0.9938
vn -0.0138 -0.0099 -0.9999
vn 0.5510 0.0172 -0.8343
vn 0.6033 0.0052 0.7975
vn 0.6497 0.0313 0.7596
vn 0.8695 0.0177 -0.4937
vn 0.6382 0.0150 -0.7697
vn 0.6205 0.0239 -0.7839
vn -0.1366 0.0026 0.9906
vn -0.4989 0.0199 0.8664
vn 0.6361 0.0245 -0.7712
vn -0.1991 -0.0137 -0.9799
vn 0.1344 0.0699 0.9885
vn -0.5420 -0.0039 -0.8404
vn 0.6866 -0.0135 0.7269
vn -0.9970 0.0171 0.0757
vn -0.9989 -0.0216 0.0404
vn 0.9766 -0.0002 0.2152
vn -0.6312 0.0075 -0.7756
vn -0.6543 0.0417 -0.7551
vn 0.0357 -0.0264 0.9990
vn -0.0886 -0.0122 -0.9960
vn -0.0946 0.0102 -0.9955
vn -0.0299 0.0117 0.9995
vn 0.0920 0.0474 0.9946
vn -0.6846 0.0391 0.7279
vn -0.6049 0.0325 0.7956
vn 0.9918 -0.0315 0.1238
vn -0.7690 0.0083 -0.6392
vn -0.7874 0.0259 -0.6158
vn -0.0350 -0.0045 0.9994
vn -0.5251 0.0563 -0.8492
vn -0.6360 0.0372 -0.7708
vn -0.2728 -0.1605 -0.9486
vn -0.3031 0.1171 -0.9457
vn 0.9934 -0.0202 0.1125
vn 0.9954 0.0114 0.0948
vn -0.6686 -0.0038 0.7436
vn -0.7372 0.0586 0.6732
vn -0.3047 0.0136 -0.9524
vn -0.3079 0.0052 -0.9514
vn -0.6876 0.0612 -0.7235
vn -0.7716 0.0169 -0.6359
vn 0.2988 -0.0140 0.9542
vn -0.1846 0.0192 -0.9826
vn -0.0482 0.0149 -0.9987
vn -0.8273 0.0049 0.5617
vn -0.8931 -0.0250 0.4491
vn -0.9985 -0.0036 -0.0548
vn 0.8055 0.0502 -0.5905
vn 0.8636 -0.0130 -0.5039
vn -0.4820 -0.0123 0.8761
vn -0.4041 0.0256 0.9144
vn 0.5717 0.0163 0.8203
vn 0.9023 0.0184 -0.4308
vn -0.9800 0.0080 -0.1990
vn -0.9585 0.0049 -0.2850
vn -0.3367 0.0280 -0.9412
vn -0.2666 -0.0071 -0.9638
vn 0.5465 0.0024 0.8375
vn -0.7308 -0.0052 -0.6825
vn -0.3350 0.0095 0.9422
vn -0.3945 -0.0278 0.9185
vn 0.8712 -0.0049 -0.4910
vn 0.8573 0.0156 -0.5145
vn -0.8353 0.0356 0.5486
vn -0.8013 -0.0271 0.5977
vn 0.7525 -0.0100 -0.6586
vn 0.7628 0.0726 -0.6425
vn 0.8311 -0.0127 -0.5560
vn 0.7922 -0.0511 -0.6081
vn 0.3022 0.0085 0.9532
vn 0.2330 0.0115 0.9724
vn 0.5309 -0.0195 0.8472
vn -0.8465 -0.0093 -0.5323
vn 0.6471 -0.0201 0.7621
vn 0.7572 -0.0279 -0.6525
vn 0.9996 0.0275 0.0104
vn 0.9900 0.0030 0.1413
vn -0.1009 -0.0374 0.9942
vn 0.9686 -0.0068 0.2486
vn -0.9894 -0.0027 0.1451
vn -0.6683 -0.0100 0.7438
vn -0.5781 -0.0165 -0.8158
vn -0.8125 0.0009 -0.5829
vn -0.8549 0.0136 -0.5186
vn -0.0760 -0.0071 0.9971
vn -0.3443 0.0088 0.9388
vn 0.8950 -0.0153 -0.4458
vn 0.8978 -0.0329 -0.4392
vn 0.9199 0.0117 0.3920
vn 0.6899 0.0185 0.7237
vn -0.9944 0.0213 -0.1033
vn -0.6934 -0.0071 0.7205
vn -0.0539 0.0420 0.9977
vn -0.9708 0.1320 0.2004
vn -0.9990 -0.0282 -0.0332
vn -0.8802 0.0406 -0.4728
vn -0.8868 0.0152 -0.4619
vn -0.6369 0.0188 0.7707
vn 0.6951 -0.0271 -0.7184
vn -0.8538 0.0308 -0.5197
vn -0.8804 0.0192 -0.4739
vn 0.4740 -0.0035 -0.8805
vn 0.2054 0.0103 -0.9786
vn -0.9888 0.0055 0.1492
vn -0.1046 -0.0018 -0.9945
vn -0.9996 -0.0035 0.0296
vn -0.9815 0.0471 0.1853
vn 0.2684 -0.0150 -0.9632
vn 0.9740 -0.0334 0.2242
vn 0.9780 -0.0565 0.2010
vn 0.7651 -0.0004 0.6439
vn 0.7547 -0.0265 -0.6555
vn -0.6118 0.0070 0.7910
vn -0.8115 0.0466 0.5825
vn -0.8142 0.0540 0.5780
vn 0.9043 0.0037 0.4268
vn 0.8329 -0.0184 0.5531
vn 0.6487 -0.0079 -0.7610
vn 0.6645 0.0154 -0.7471
vn -0.2272 0.0093 -0.9738
vn 0.9536 0.0539 0.2964
vn 0.9612 0.0058 0.2759
vn 0.6493 -0.0147 0.7604
vn 0.6299 -0.0188 0.7764
vn 0.9545 0.0393 0.2957
vn 1.0000 0.0035 0.0072
vn 0.8252 -0.0070 0.5648
vn -0.5004 -0.0167 -0.8656
vn -0.7546 -0.0142 -0.6560
vn 0.4583 0.0082 0.8887
vn 0.4933 0.0401 0.8690
vn 0.9030 -0.0031 0.4297
vn -0.9564 -0.0344 -0.2899
vn 0.5637 0.0213 0.8257
vn -0.4666 0.0161 -0.8843
vn -0.5419 0.0199 -0.8402
vn -0.9138 0.0057 0.4062
vn 0.4629 0.0449 0.8853
vn 0.3242 0.0459 0.9449
vn 0.1766 0.1177 0.9772
vn -0.3434 0.0291 -0.9387
vn -0.9603 0.0198 -0.2782
vn -0.9581 0.0282 -0.2849
vn 0.9662 -0.0804 0.2451
vn 0.9964 -0.0325 0.0784
vn 0.3906 -0.0010 0.9206
vn 0.3008 -0.0089 0.9536
vn 0.1309 -0.0173 -0.9912
vn -0.9598 0.0045 -0.2807
vn 0.3233 0.0050 0.9463
vn 0.7737 -0.0157 -0.6334
vn 0.9683 -0.0096 -0.2495
vn -0.9832 -0.0256 0.1805
vn 0.9447 -0.0094 0.3278
vn -0.0665 -0.0298 0.9973
vn -0.8843 -0.0457 -0.4648
vn 0.4784 -0.0058 -0.8781
vn 0.5068 0.0171 -0.8619
vn -0.3514 -0.0158 0.9361
vn -0.4651 -0.0018 0.8853
vn 0.2834 0.0216 -0.9587
vn 0.2825 0.0204 -0.9591
vn 0.4477 0.0077 0.8942
vn 0.7951 -0.0001 0.6064
vn 0.9934 0.0094 0.1141
vn 0.9963 0.0271 0.0813
vn 0.1404 -0.1664 0.9760
vn 0.0610 -0.0676 0.9958
vn 0.0934 -0.0022 0.9956
vn 0.0757 0.0162 0.9970
vn 0.1007 0.0417 -0.9940
vn 0.0885 0.0055 -0.9961
vn 0.8957 0.0245 0.4440
vn -0.4485 -0.0055 -0.8937
vn -0.9441 0.0098 -0.3296
vn -0.9858 0.0112 -0.1673
vn -0.9679 0.0466 0.2469
vn -0.4752 0.0019 -0.8799
vn -0.1629 -0.0181 -0.9865
vn -0.1153 -0.0014 -0.9933
vn -0.0983 0.0230 0.9949
vn -0.1695 0.0220 -0.9853
vn -0.1095 0.0636 -0.9919
vn -0.6129 -0.0120 -0.7901
vn -0.5966 0.0043 -0.8025
vn 0.9746 0.0155 0.2236
vn 0.9939 0.0368 0.1041
vn -0.8764 0.0047 0.4816
vn -0.8693 0.0075 -0.4942
vn 0.8863 -0.0296 0.4622
vn 0.6287 0.0436 0.7764
vn 0.6447 -0.0070 0.7644
vn 0.8139 0.0117 0.5809
vn -0.8340 -0.0019 0.5518
vn -0.8763 0.0056 0.4817
vn 0.2829 0.0297 -0.9587
vn -0.1104 -0.0355 -0.9932
vn 0.6296 0.0118 0.7768
vn 0.8719 -0.0200 -0.4893
vn -0.9409 -0.0187 -0.3381
vn 0.7746 -0.0143 -0.6323
vn 0.9333 -0.0100 0.3590
vn -0.9419 -0.0083 0.3358
vn -0.0807 -0.0209 0.9965
vn -0.8862 -0.0077 -0.4633
vn 0.9521 0.0165 -0.3054
vn -0.2814 -0.0294 0.9591
vn 0.4355 0.0150 0.9001
vn -0.1468 0.0068 -0.9891
vn 0.8668 -0.0026 0.4987
vn -0.8835 -0.0038 -0.4684
vn -0.9987 -0.0184 0.0483
vn -0.9493 0.0181 -0.3138
vn 0.9868 0.0008 0.1620
vn -0.1633 0.0099 0.9865
vn -0.0864 0.0092 0.9962
vn -0.5096 -0.1244 0.8514
vn -0.6462 0.0808 0.7589
vn -0.6272 -0.0221 0.7785
vn -0.1646 0.0479 0.9852
vn -0.3061 0.0278 0.9516
vn 0.1674 -0.0250 -0.9856
vn 0.3083 0.0020 0.9513
vn 0.3150 0.0058 0.9491
vn 0.5148 -0.0237 0.8570
vn 0.4705 0.0065 0.8824
vn -0.3072 0.0109 0.9516
vn 0.9597 -0.0257 0.2799
vn 0.7871 0.0048 0.6169
vn 0.7026 0.0095 0.7115
vn -0.0483 -0.0441 -0.9979
vn -0.0494 -0.1187 -0.9917
vn 0.3416 -0.0109 0.9398
vn -0.9507 0.0027 -0.3102
vn -0.9392 0.0057 -0.3434
vn -0.6991 0.0089 -0.7150
vn -0.6265 -0.0120 -0.7793
vn -0.5398 0.0049 -0.8418
vn -0.8973 0.0262 -0.4406
vn -0.8319 -0.0085 -0.5549
vn -0.8247 -0.0014 -0.5656
vn -0.8888 0.1678 0.4264
vn -0.2604 -0.0066 0.9655
vn -0.5018 0.0120 -0.8649
vn -0.1648 -0.1353 -0.9770
vn -0.1606 -0.0648 -0.9849
vn -0.2954 -0.0296 0.9549
vn 0.9890 -0.0728 -0.1289
vn 0.9815 -0.0753 -0.1759
vn -0.3258 -0.1027 -0.9398
vn -0.2288 0.1975 -0.9532
vn 0.7461 -0.0728 -0.6618
vn 0.2885 -0.0105 -0.9574
vn 0.4836 -0.0138 0.8752
vn 0.4000 -0.0023 0.9165
vn 0.4751 -0.0197 0.8797
vn -0.8710 -0.0013 -0.4913
vn -0.3112 -0.0114 -0.9503
vn -0.1549 -0.0213 -0.9877
vn -0.8623 -0.0234 0.5059
vn -0.7948 -0.0078 -0.6069
vn 0.3841 -0.0162 0.9232
vn -0.9998 -0.0051 0.0207
vn 0.5784 0.0294 0.8152
vn 0.9761 -0.0425 -0.2133
vn -0.4956 -0.0239 0.8682
vn -0.4948 0.0083 0.8690
vn -0.7265 -0.0115 -0.6871
vn 0.1053 0.0214 -0.9942
vn 0.0861 0.0184 -0.9961
vn -0.9741 0.0219 0.2251
vn -0.9530 -0.0307 0.3013
vn 0.7545 -0.0187 -0.6561
vn 0.6771 -0.0509 -0.7341
vn -0.9224 -0.0106 0.3860
vn -0.9865 0.0229 0.1621
vn -0.1967 -0.0062 -0.9804
vn 0.9637 -0.0171 0.2665
vn 0.9591 -0.0253 0.2820
vn -0.9980 0.0107 -0.0616
vn -0.1137 -0.0426 -0.9926
vn -0.5621 -0.0385 -0.8262
vn 0.9711 -0.0136 0.2381
vn -0.6472 -0.0052 0.7623
vn -0.2054 0.0285 -0.9783
vn 0.3415 -0.0098 -0.9398
vn 0.2640 -0.0208 -0.9643
vn -0.8913 0.0334 -0.4522
vn -0.8418 -0.0622 -0.5361
vn 0.9323 0.0043 0.3617
vn -0.9983 0.0032 0.0586
vn 0.9962 0.0003 0.0876
vn 0.9946 0.0104 0.1030
vn 0.9942 0.0050 -0.1076
vn 0.9920 0.0419 -0.1195
vn -0.5473 0.0276 0.8365
vn 0.9932 0.0311 -0.1122
vn 0.9437 0.0096 0.3306
vn -0.9149 0.0233 -0.4030
vn -0.9809 0.0663 -0.1830
vn 0.2145 0.0126 -0.9766
vn -0.6242 -0.0237 0.7809
vn -0.7175 -0.0240 0.6961
vn -0.6317 -0.0172 0.7750
vn -0.9984 0.0176 0.0540
vn -0.9920 0.0351 -0.1214
vn -0.2443 0.0182 -0.9695
vn -0.3666 -0.0412 -0.9295
vn -0.8732 -0.0049 0.4873
vn 0.5481 0.0194 -0.8362
vn -0.3894 0.0223 0.9208
vn 0.9559 0.0269 -0.2925
vn 0.9135 -0.0047 -0.4069
vn 0.3287 -0.0740 -0.9415
vn 0.6779 -0.0248 -0.7348
vn 0.6419 0.0321 -0.7661
vn 0.1868 0.0085 0.9824
vn -0.8443 0.0037 0.5359
vn 0.1827 0.0358 -0.9825
vn -0.1030 -0.0843 0.9911
vn 0.1947 -0.0133 0.9808
vn 0.7102 -0.0212 0.7037
vn 0.7641 -0.0148 0.6449
vn 0.0346 0.0104 -0.9993
vn 0.1263 -0.0160 -0.9919
vn 0.7691 0.0355 -0.6382
vn 0.7605 0.0397 -0.6481
vn 0.7694 0.0301 -0.6380
vn 0.6796 0.0625 0.7309
vn -0.6030 0.0035 -0.7978
vn 0.9777 -0.0214 -0.2090
vn -0.0893 -0.0059 -0.9960
vn -0.7346 -0.0075 0.6785
vn -0.7345 -0.0070 0.6785
vn -0.0538 -0.0374 -0.9979
vn -0.9913 0.0287 0.1286
vn -0.9575 -0.0023 0.2884
vn -0.4175 -0.0039 -0.9087
vn -0.2167 -0.1215 0.9687
vn 0.8001 0.0003 -0.5998
vn 0.2009 0.0217 0.9794
vn 0.9900 -0.0205 -0.1394
vn 0.9940 -0.0114 -0.1090
vn -0.9896 -0.0111 -0.1437
vn -0.9886 -0.0343 -0.1469
vn -0.9484 -0.0701 -0.3093
vn -0.7744 -0.0005 0.6327
vn 0.1342 -0.0122 0.9909
vn -0.9156 -0.0332 -0.4007
vn 0.9407 0.0080 -0.3393
vn 0.9361 -0.0015 -0.3517
vn -0.2182 -0.0213 0.9757
vn 0.7144 0.0077 -0.6997
vn 0.2770 -0.0050 -0.9609
vn -0.7176 -0.0121 -0.6964
vn -0.5912 0.0485 0.8051
vn -0.0062 0.0013 1.0000
vn -0.8584 -0.0073 -0.5130
vn -0.9950 -0.0077 0.0994
vn -0.9191 0.0540 0.3903
vn -0.4432 0.0132 0.8963
vn -0.4860 -0.0128 0.8738
vn 0.3507 -0.0203 -0.9363
vn -0.1352 0.0214 -0.9906
vn -0.9970 -0.0765 -0.0150
vn -0.9996 -0.0018 0.0284
vn -0.8591 0.0057 0.5118
vn -0.8550 -0.0047 -0.5187
vn 0.8079 0.0032 0.5893
vn 0.2478 -0.0121 0.9687
vn 0.9330 0.0128 -0.3596
vn 0.8581 -0.0131 0.5133
vn 0.9998 -0.0096 -0.0165
vn 0.9769 -0.0082 -0.2136
vn -0.2203 0.0154 -0.9753
vn -0.1904 0.0519 -0.9803
vn 0.7185 -0.0199 -0.6952
vn 0.6329 -0.0163 -0.7740
vn 0.2621 0.0130 -0.9649
vn 0.3688 0.0353 -0.9288
vn 0.6778 0.0122 -0.7352
vn 0.6812 0.0234 -0.7317
vn 0.5629 0.0223 -0.8262
vn 0.4991 -0.0133 -0.8665
vn 0.3136 0.0010 0.9495
vn 0.3529 0.0275 0.9353
vn -0.9966 0.0283 0.0771
vn -0.9904 0.0461 0.1306
vn -0.7602 -0.0242 -0.6492
vn -0.7451 -0.0171 -0.6667
vn -0.9888 0.0412 -0.1434
vn -0.6271 0.0238 -0.7786
vn -0.1790 0.0066 -0.9838
vn -0.1948 -0.0150 -0.9807
vn 0.2592 -0.0369 0.9651
vn 0.2953 0.0163 -0.9553
vn 0.3001 -0.0169 -0.9537
vn -0.9962 0.0353 0.0795
vn -0.9312 0.0057 0.3645
vn -0.9992 -0.0066 0.0397
vn -0.9984 -0.0190 -0.0535
vn -0.3411 -0.0097 0.9400
vn -0.4192 0.0156 0.9077
vn 0.8122 0.0141 0.5832
vn -0.0336 -0.0137 -0.9993
vn 0.1793 -0.0177 -0.9836
vn -0.7786 -0.0349 -0.6265
vn 0.9144 0.0092 -0.4046
vn -0.9511 -0.0263 -0.3077
vn 0.9792 0.0251 -0.2012
vn -0.9984 0.0105 0.0551
vn -0.9986 0.0117 0.0520
vn -0.4449 -0.0204 0.8953
vn -0.8347 0.0027 0.5507
vn 0.2905 -0.0379 0.9561
vn 0.2815 -0.0328 0.9590
vn 0.2830 -0.0070 -0.9591
vn 0.8096 -0.0248 -0.5865
vn 0.6948 -0.1510 -0.7031
vn -0.9524 0.0278 -0.3036
vn 0.6532 0.0218 -0.7568
vn -0.7799 -0.0281 -0.6252
vn -0.6847 -0.0846 -0.7239
vn 0.0994 0.0478 -0.9939
vn 0.1648 -0.0210 -0.9861
vn -0.4053 0.0046 0.9142
vn -0.3707 0.0217 0.9285
vn -0.4699 -0.0054 -0.8827
vn -0.5731 0.0058 -0.8195
vn 0.6387 0.0279 -0.7690
vn 0.9995 -0.0306 -0.0111
vn -0.4640 -0.0063 0.8858
vn -0.5615 -0.0008 0.8275
vn 0.8871 0.0282 -0.4607
vn 0.8774 0.0057 -0.4798
vn 0.8875 0.0222 -0.4602
vn 0.9261 0.0546 -0.3733
vn -0.4619 -0.0277 -0.8865
vn -0.7640 -0.0045 -0.6452
vn -0.6808 0.0159 -0.7323
vn -0.8950 -0.0052 -0.4461
vn -0.0299 0.0097 0.9995
vn 0.7679 -0.0102 -0.6404
vn -0.9841 -0.0081 -0.1772
vn -0.5343 0.0077 0.8453
vn -0.4324 -0.0058 0.9017
vn -0.2323 -0.0117 0.9726
vn 0.9177 0.0131 0.3971
vn 0.1203 -0.0008 0.9927
vn -0.5759 0.0200 -0.8173
vn 0.8083 -0.0038 0.5888
vn -0.9357 -0.0924 0.3406
vn -0.9854 -0.0411 0.1655
vn -0.9888 -0.0182 -0.1484
vn 0.6628 0.0153 -0.7487
vn 0.9983 0.0120 -0.0567
vn -0.9252 0.0922 0.3682
vn -0.9456 0.0013 0.3252
vn 0.9498 0.0029 0.3129
vn 0.9667 0.0175 0.2555
vn 0.5772 -0.0913 -0.8115
vn 0.7441 0.0236 0.6676
vn 0.7681 -0.0017 0.6403
vn -0.3800 -0.0028 -0.9250
vn -0.5702 -0.0197 -0.8213
vn 0.8499 0.0074 0.5269
vn 0.8070 -0.0108 -0.5904
vn 0.0652 -0.0655 0.9957
vn -0.6211 -0.0134 0.7837
vn 0.1323 -0.1086 -0.9852
vn 0.1690 -0.0578 -0.9839
vn -0.1915 0.0170 0.9813
vn 0.0857 -0.0296 -0.9959
vn -0.6967 0.0124 0.7172
vn -0.6249 -0.0084 -0.7807
vn 0.8738 0.0368 0.4849
vn 0.8892 -0.0024 0.4575
vn 0.8741 0.0193 0.4853
vn -0.8842 -0.0058 -0.4670
vn 0.4816 0.0034 0.8764
vn 0.3928 0.0392 0.9188
vn -0.9614 -0.0215 0.2742
vn 0.9856 0.0062 0.1690
vn -0.9227 -0.0030 -0.3856
vn 0.1754 0.0226 0.9842
vn 0.2146 0.0084 0.9767
vn -0.7640 0.0447 -0.6437
vn 0.9958 -0.0133 -0.0906
vn 0.6198 -0.0134 0.7846
vn 0.6240 0.0194 0.7812
vn 0.0860 -0.0257 -0.9960
vn 0.4096 -0.0566 -0.9105
vn 0.7607 -0.0062 -0.6491
vn 0.7476 -0.0139 -0.6641
vn -0.3864 0.0013 0.9223
vn 0.1006 -0.0001 0.9949
vn 0.9147 -0.0199 0.4036
vn -0.9531 -0.0158 0.3022
vn -0.6860 0.0163 -0.7274
vn 0.6267 0.0081 -0.7793
vn -0.6664 0.0101 -0.7455
vn -0.5421 -0.0941 -0.8350
vn -0.0520 -0.0212 -0.9984
vn 0.1060 0.0077 -0.9943
vn -0.7199 -0.0028 0.6940
vn -0.7337 0.0160 0.6792
vn -0.7246 -0.0415 -0.6879
vn 0.7880 0.0256 -0.6152
vn -0.9618 0.0043 0.2736
vn -0.8639 -0.0323 0.5027
vn -0.8676 -0.0204 0.4969
vn -0.9998 0.0177 -0.0114
vn -0.9962 -0.0450 0.0750
vn 0.8347 -0.0160 -0.5504
vn 0.9863 -0.0110 0.1645
vn -0.9371 0.0034 -0.3491
vn -0.9975 -0.0094 -0.0696
vn -0.2012 -0.0098 0.9795
vn -0.1993 0.0074 0.9799
vn -0.8005 0.0196 -0.5990
vn -0.9181 0.0224 0.3957
vn -0.9322 -0.0224 0.3612
vn -0.0080 -0.0102 -0.9999
vn -0.6890 0.0153 0.7246
vn -0.6655 0.0132 0.7463
vn -0.9990 -0.0036 0.0442
vn -1.0000 0.0029 -0.0002
vn 0.9993 -0.0155 -0.0331
vn 0.3958 -0.0245 0.9180
vn 0.2621 0.0028 0.9650
vn -0.3777 -0.0187 0.9257
vn 0.9964 -0.0326 0.0783
vn -0.1017 -0.0179 -0.9947
vn 0.5589 -0.0160 -0.8291
vn -0.8776 0.0064 -0.4794
vn 0.5655 0.0390 0.8239
vn 0.9405 0.0068 -0.3399
vn 0.2815 0.0101 0.9595
vn 0.1509 -0.0982 0.9837
vn 0.1867 -0.0064 0.9824
vn -0.3068 -0.2626 0.9148
vn 0.0163 0.0616 0.9980
vn 0.2724 0.0335 -0.9616
vn -0.2492 0.0040 0.9684
vn -0.1081 -0.0331 -0.9936
vn 0.2641 -0.0153 0.9644
vn -0.1060 -0.0206 -0.9941
vn -0.5221 0.0177 0.8527
vn -0.5788 0.0050 0.8154
vn 0.9553 -0.0424 -0.2927
vn 0.9275 -0.0786 -0.3654
vn -0.8460 -0.0167 0.5329
vn -0.6732 0.0034 -0.7394
vn -0.5461 -0.0086 -0.8377
vn 0.9238 -0.0489 -0.3797
vn 0.8953 0.0069 -0.4453
vn 0.3709 0.0111 -0.9286
vn 0.2675 0.0310 0.9631
vn -0.9791 -0.0095 0.2032
vn -0.9980 -0.0301 0.0557
vn 0.2309 -0.0148 0.9729
vn -0.9870 0.0010 -0.1607
vn -0.0261 -0.0185 0.9995
vn 0.9997 0.0234 0.0004
vn -0.9985 0.0110 0.0542
vn -0.7803 -0.0158 -0.6252
vn 0.1691 0.0073 0.9856
vn -0.9983 0.0047 0.0578
vn -0.9883 0.0043 0.1527
vn -0.9874 -0.0080 0.1581
vn 0.9973 -0.0109 -0.0731
vn 1.0000 -0.0028 0.0022
vn 0.9640 -0.0926 -0.2491
vn -0.8858 0.0089 -0.4640
vn 0.3857 0.0048 -0.9226
vn 0.3365 0.0022 -0.9417
vn 0.8194 0.0128 -0.5731
vn -0.9589 -0.0244 0.2828
vn -0.9944 0.0087 0.1055
vn 0.8072 0.0071 0.5902
vn -0.2606 -0.0063 0.9654
vn -0.4329 -0.0073 0.9014
vn -0.8539 0.0016 -0.5205
vn -0.8957 0.0080 -0.4445
vn -0.7784 -0.0554 -0.6253
vn -0.7280 0.0185 -0.6853
vn 0.6691 -0.0579 -0.7409
vn 0.1595 0.1129 -0.9807
vn 0.9157 0.0033 0.4019
vn -0.8584 -0.0014 -0.5130
vn -0.9100 0.0149 -0.4143
vn -0.6663 0.0013 -0.7457
vn -0.4561 -0.0334 0.8893
vn -0.3630 0.0621 -0.9297
vn 0.9033 0.0014 -0.4290
vn -0.7639 -0.0161 -0.6451
vn 0.0062 -0.0029 -1.0000
vn -0.9488 -0.0172 0.3153
vn -0.9987 -0.0176 -0.0482
vn 0.4346 -0.0284 -0.9002
vn -0.8597 0.0256 0.5101
vn -0.2205 0.0180 -0.9752
vn -0.9967 0.0000 -0.0817
vn 0.9450 -0.0459 -0.3237
vn -0.9486 0.0394 0.3139
vn -0.9590 0.0032 0.2834
vn 0.9053 -0.0590 -0.4207
vn -0.4134 0.0643 -0.9083
vn -0.4595 0.0059 -0.8881
vn -0.8845 -0.0566 -0.4630
vn -0.6416 -0.0390 -0.7661
vn -0.9997 -0.0109 0.0221
vn -0.9964 -0.0206 0.0823
vn -0.4414 -0.0049 0.8973
vn -0.4774 -0.0237 0.8784
vn -0.9979 0.0204 -0.0615
vn 0.2194 -0.0059 0.9756
vn 0.7683 -0.0071 -0.6400
vn -0.8931 -0.0169 -0.4496
vn -0.1594 0.0152 0.9871
vn -0.2134 -0.0132 -0.9769
vn 0.9588 -0.0009 0.2842
vn 0.8875 0.0017 0.4607
vn -0.4685 -0.0111 -0.8834
vn -0.4333 0.0646 -0.8989
vn -0.9926 0.0053 -0.1214
vn 0.5022 -0.0933 -0.8597
vn -0.8865 -0.0226 -0.4622
vn 0.5589 -0.0044 -0.8292
vn 0.4573 0.0156 -0.8892
vn -0.2338 0.0228 -0.9720
vn -0.1309 0.0185 -0.9912
vn -0.9456 -0.0118 0.3251
vn -0.2556 -0.0118 -0.9667
vn -0.2733 -0.0019 -0.9619
vn -0.7430 -0.0098 0.6692
vn -0.0459 -0.0039 0.9989
vn -0.4698 -0.0682 0.8801
vn -0.3761 -0.0595 0.9247
vn -0.4156 0.0086 -0.9095
vn 0.8710 -0.0130 0.4911
vn 0.9169 -0.0088 0.3991
vn -0.6315 -0.0129 -0.7753
vn 0.2630 0.0176 -0.9646
vn -0.7191 -0.0335 -0.6941
vn -0.6220 -0.0207 -0.7827
vn -0.7659 -0.0077 -0.6429
vn -0.6007 -0.0075 -0.7994
vn 0.0036 0.0154 -0.9999
vn 0.5869 -0.0404 -0.8087
vn 0.0936 0.0246 0.9953
vn 0.3143 -0.0039 0.9493
vn 0.9999 -0.0033 0.0111
vn 0.9993 -0.0124 0.0340
vn 0.6144 0.0091 -0.7889
vn 0.9994 0.0036 -0.0346
vn -0.9509 -0.0063 -0.3096
vn -0.9670 0.0394 -0.2519
vn -0.3062 -0.1174 -0.9447
vn -0.9284 0.0335 -0.3700
vn -0.8752 -0.0201 -0.4834
vn 0.2777 0.0046 0.9607
vn 0.3704 0.0034 -0.9289
vn 0.8016 0.0171 0.5976
vn -0.0560 -0.0085 0.9984
vn -0.4607 -0.0184 0.8874
vn -0.3439 -0.0143 0.9389
vn -0.3257 0.0029 0.9455
vn -0.9535 0.0623 -0.2948
vn 0.4326 0.0227 0.9013
vn -0.0514 -0.0022 -0.9987
vn -0.0373 -0.0029 -0.9993
vn -0.9853 -0.0217 0.1695
vn -0.9455 0.0127 0.3253
vn -0.7752 -0.0217 -0.6313
vn -0.0974 -0.0099 -0.9952
vn -0.8601 -0.0144 0.5099
vn -0.8646 -0.0391 0.5009
vn -0.4455 -0.0238 0.8950
vn -0.9971 -0.0160 -0.0750
vn -0.9951 -0.0070 0.0981
vn 0.0025 -0.0168 0.9999
vn -0.2636 -0.1243 -0.9566
vn 0.2957 -0.0286 0.9549
vn 0.3017 0.0032 0.9534
vn 0.5171 -0.0322 -0.8553
vn 0.3786 -0.0006 -0.9256
vn -0.4954 0.0057 -0.8686
vn 0.8498 -0.0186 -0.5267
vn 0.7884 -0.0214 -0.6148
vn 0.8304 -0.0183 -0.5569
vn 0.8876 -0.0243 -0.4600
vn -0.9996 -0.0281 0.0076
vn -0.5864 0.0215 0.8097
vn -0.7276 -0.0077 0.6859
vn -0.4801 -0.0428 -0.8762
vn 0.7690 -0.0077 0.6392
vn -0.1727 -0.0264 0.9846
vn -0.9685 -0.2461 -0.0374
vn -0.9991 -0.0412 0.0083
vn -0.2820 0.0195 0.9592
vn 0.3425 -0.0024 0.9395
vn -0.3712 -0.1776 -0.9114
vn 0.9701 0.0067 -0.2426
vn 0.9684 -0.0044 -0.2495
vn -0.2599 0.0170 -0.9655
vn -0.9825 0.1125 -0.1485
vn 0.4533 0.0035 -0.8914
vn -0.2749 -0.0180 0.9613
vn -0.9973 -0.0409 -0.0611
vn -0.9936 -0.0102 -0.1122
vn 0.5437 0.0186 -0.8391
vn -0.3495 -0.0213 -0.9367
vn -0.1096 0.0051 0.9940
vn 0.8957 0.0058 -0.4446
vn 0.9995 0.0278 -0.0118
vn 0.9271 -0.0102 0.3747
vn 0.9703 0.0061 -0.2418
vn 0.9754 0.0087 -0.2203
vn 0.5748 0.0205 0.8180
vn 0.5257 0.0067 0.8506
vn -0.2021 0.0096 -0.9793
vn -0.6268 0.0161 0.7790
vn -0.6048 0.0203 0.7961
vn -0.5903 -0.0147 -0.8071
vn -0.4624 -0.0417 -0.8857
vn -0.1798 0.0047 -0.9837
vn -0.9865 -0.0032 -0.1636
vn 0.8671 -0.0019 -0.4982
vn -0.1984 -0.0362 -0.9795
vn -0.0728 -0.0098 0.9973
vn -0.0484 0.0024 0.9988
vn -0.9722 -0.0302 -0.2320
vn -0.9163 0.0214 -0.3999
vn -0.5823 0.0586 0.8109
vn -0.6640 -0.0179 0.7475
vn 0.8112 -0.0270 0.5841
vn -0.9749 -0.0017 0.2227
vn -0.9577 -0.0076 0.2876
vn 0.5587 -0.0164 -0.8292
vn -0.6842 -0.0162 -0.7291
vn 0.3684 0.0206 0.9295
vn 0.4926 0.0146 0.8701
vn -0.3509 -0.0080 -0.9364
vn -0.6815 0.0000 -0.7318
vn -0.7958 0.0091 -0.6055
vn -0.9733 -0.0018 0.2294
vn 0.0249 -0.0007 -0.9997
vn -0.9883 0.0071 -0.1524
vn -0.9838 0.0098 -0.1790
vn 0.2745 0.0333 -0.9610
vn 0.7772 -0.0009 0.6292
vn -0.7183 0.0007 -0.6957
vn -0.7161 0.0121 0.6979
vn -0.6927 -0.1271 0.7099
vn 0.1379 -0.0037 0.9904
vn 0.2676 0.0092 -0.9635
vn 0.6242 -0.0395 -0.7803
vn 0.5944 -0.0862 -0.7995
vn -0.5112 -0.0113 -0.8594
vn -0.9892 -0.0068 0.1466
vn 0.6961 0.0084 0.7179
vn 0.6468 0.0115 0.7626
vn 0.9504 -0.0046 0.3109
vn 0.9727 0.0035 0.2322
vn -0.9844 0.0586 -0.1657
vn -0.9744 0.0007 -0.2248
vn -0.5192 -0.0254 -0.8543
vn -0.4020 -0.0167 -0.9155
vn 0.2178 -0.0091 0.9760
vn -0.4132 -0.0108 0.9106
vn -0.3702 0.0047 0.9289
vn -0.3573 -0.1559 -0.9209
vn 0.5988 -0.0420 0.7998
vn -0.8407 -0.0218 0.5410
vn -0.2676 -0.0059 0.9635
vn -0.9995 -0.0049 -0.0325
vn -0.4005 0.0007 -0.9163
vn -0.4011 -0.0431 -0.9150
vn -0.5163 0.0794 0.8527
vn -0.4916 -0.0112 0.8707
vn 0.0897 -0.0869 -0.9922
vn -0.9305 0.0302 0.3650
vn -0.9826 -0.1153 0.1453
vn 0.7820 0.0042 0.6233
vn 0.5961 -0.0159 -0.8028
vn -0.6467 -0.0185 -0.7625
vn -0.8909 0.0029 -0.4542
vn 0.2528 -0.0188 -0.9673
vn -1.0000 -0.0022 -0.0037
vn 0.8512 -0.0061 -0.5248
vn 0.9690 -0.0118 -0.2466
vn -0.9472 0.0108 0.3204
vn -0.9734 -0.0079 0.2289
vn -0.9891 0.0108 -0.1467
vn -0.9622 -0.0352 -0.2699
vn -0.9909 -0.0180 0.1332
vn -0.2426 -0.0001 -0.9701
vn -0.2432 0.0175 -0.9698
vn 0.5407 -0.0107 0.8411
vn -0.4498 -0.0092 0.8931
vn -0.5136 0.0818 0.8541
vn -0.9996 0.0092 -0.0267
vn -0.9996 -0.0059 0.0286
vn -0.2879 0.0148 0.9575
vn 0.8769 0.0004 0.4807
vn 0.3418 0.0031 0.9398
vn 0.0142 -0.0020 0.9999
vn 0.9652 0.0048 0.2615
vn 0.9980 -0.0374 0.0519
vn 0.9950 -0.0158 0.0987
vn -0.8719 0.0217 0.4893
vn 0.5983 0.0249 0.8009
vn 0.2546 0.0189 0.9669
vn -0.1815 -0.0049 0.9834
vn -0.2093 0.0039 0.9778
vn 0.7830 -0.0318 0.6212
vn 0.8177 -0.0493 0.5736
vn -0.3093 -0.0080 -0.9509
vn -0.7513 0.0253 -0.6595
vn -0.9568 0.0130 -0.2904
vn 0.6919 0.0141 -0.7218
vn -0.3119 -0.0125 -0.9500
vn -0.1590 -0.0202 0.9871
vn -0.0915 -0.0251 0.9955
vn 0.7839 -0.0293 0.6202
vn 0.7957 -0.0344 0.6047
vn 0.9135 -0.0045 -0.4068
vn 0.9126 -0.0016 -0.4089
vn -0.9602 0.0421 -0.2763
vn -0.5681 -0.0026 -0.8229
vn -0.4203 -0.0007 -0.9074
vn 0.2984 -0.0117 0.9544
vn 0.2653 0.0349 0.9635
vn -0.9079 -0.0274 0.4183
vn 0.8875 -0.0597 -0.4569
vn 0.2191 0.0162 0.9756
vn 0.4765 0.0069 -0.8791
vn 0.4231 -0.0309 -0.9055
vn -0.2292 0.0067 0.9734
vn -0.9620 0.0059 -0.2728
vn 0.9058 -0.0356 -0.4221
vn -0.5504 -0.0130 0.8348
vn -0.2880 -0.1130 0.9509
vn 0.2822 0.0016 -0.9594
vn 0.4526 0.0032 -0.8917
vn -0.3008 -0.0105 -0.9536
vn -0.9981 -0.0539 -0.0292
vn -0.5375 -0.0170 0.8431
vn -0.0895 0.0092 -0.9959
vn -0.9812 -0.0305 0.1907
vn -0.8911 0.0049 -0.4538
vn 0.4888 -0.0001 0.8724
vn 0.8394 -0.0217 0.5431
vn -0.4324 0.0006 -0.9017
vn 0.0768 -0.0143 -0.9969
vn 0.2093 0.0200 0.9776
vn -0.9732 -0.0234 0.2289
vn -0.9475 0.0029 -0.3199
vn -0.9491 -0.0299 -0.3137
vn 0.0936 -0.0205 -0.9954
vn -0.2702 -0.0066 -0.9628
vn 0.7456 -0.0016 0.6664
vn 0.7954 -0.0053 0.6061
vn -0.4546 -0.0013 -0.8907
vn -0.4919 0.0172 0.8705
vn -0.6654 -0.0301 -0.7459
vn -0.3279 0.0098 0.9447
vn -0.6690 0.0191 0.7430
vn -0.0666 -0.0001 0.9978
vn -0.1251 0.0106 0.9921
vn -0.7870 0.0048 -0.6169
vn 0.7878 0.0028 0.6160
vn 0.8716 -0.0121 -0.4901
vn -0.9958 -0.0149 -0.0902
vn -0.9978 -0.0596 -0.0286
vn -0.9858 -0.0050 0.1678
vn 0.1380 -0.0272 -0.9901
vn 0.9357 -0.0006 -0.3528
vn -0.9253 -0.0918 -0.3680
vn -0.4209 0.0005 -0.9071
vn -0.9957 -0.0263 -0.0888
vn -0.0551 -0.0089 0.9984
vn -0.2116 0.0082 0.9773
vn -0.4510 -0.0098 -0.8925
vn -0.5581 -0.0341 -0.8290
vn 0.6616 0.0074 0.7498
vn -0.8583 -0.0017 0.5131
vn 0.2365 -0.0138 -0.9715
vn 0.3131 0.0099 0.9497
vn -0.6099 0.0088 -0.7925
vn 0.1710 0.0164 0.9851
vn 0.5553 -0.0088 -0.8316
vn 0.6221 0.0174 -0.7827
vn 0.3655 -0.0156 -0.9307
vn 0.5122 -0.0170 -0.8587
vn 0.7101 0.0145 -0.7039
vn 0.8517 -0.0033 0.5240
vn -0.8082 0.0308 0.5881
vn -0.8689 0.0162 -0.4947
vn -0.8453 -0.0027 -0.5343
vn -0.8935 -0.0000 -0.4490
vn -0.9758 0.0057 0.2188
vn -0.8393 -0.0178 0.5434
vn 0.9549 0.0015 -0.2971
vn -0.4236 0.0236 0.9055
vn -0.3074 0.0281 -0.9512
vn -0.4643 -0.0164 0.8855
vn -0.4751 -0.0282 0.8795
vn -0.9195 -0.0089 0.3930
vn -0.9140 0.0142 0.4055
vn -0.0690 0.0145 0.9975
vn -0.5288 0.0098 0.8487
vn -0.5032 -0.0339 0.8635
vn -0.4722 -0.0307 0.8809
vn -0.8463 -0.0056 0.5326
vn -0.7957 0.0100 -0.6057
vn -0.7706 0.0150 -0.6371
vn -0.5066 0.0707 -0.8593
vn 0.9154 -0.0513 0.3992
vn 0.9541 -0.1003 0.2821
vn -0.9909 0.0172 0.1333
vn -0.9969 -0.0324 0.0711
vn 0.4523 -0.0569 0.8901
vn -0.8549 0.0611 -0.5151
vn -0.0904 -0.0051 -0.9959
vn -0.3477 -0.0062 0.9376
vn -0.2914 0.0127 0.9565
vn -0.7345 -0.0750 0.6745
vn 0.9441 0.0046 0.3296
vn 0.9440 0.0211 0.3293
vn -0.3179 0.0151 -0.9480
vn 0.9692 0.0256 -0.2448
vn -0.3733 0.0203 0.9275
vn -0.9820 0.0114 0.1883
vn -0.9996 0.0170 0.0231
vn -0.9987 0.0307 -0.0419
vn 0.6189 0.0196 0.7852
vn -0.9859 0.0302 -0.1646
vn -0.8705 0.0033 -0.4922
vn 0.0896 -0.0054 -0.9960
vn 0.9887 -0.0327 -0.1461
vn 0.4578 -0.0150 -0.8889
vn -0.9603 0.0334 -0.2768
vn 0.6994 -0.0042 -0.7147
vn 0.4239 0.0274 -0.9053
vn 0.4683 0.0115 -0.8835
vn 0.9624 -0.0736 0.2614
vn -0.3261 -0.0030 0.9453
vn -0.2359 -0.0319 0.9712
vn 0.9600 0.0015 0.2801
vn -0.7728 -0.0142 0.6345
vn -0.7665 -0.1087 0.6330
vn -0.6843 0.0058 0.7292
vn -0.9282 0.0592 -0.3673
vn -0.9505 0.0841 -0.2990
vn 0.1104 -0.0026 -0.9939
vn -0.9540 -0.0578 0.2940
vn -0.9623 -0.0123 0.2716
vn 0.7751 -0.0064 0.6318
vn -0.1306 -0.0317 0.9909
vn -0.8421 -0.0033 0.5392
vn -0.8246 -0.0008 -0.5657
vn -0.3207 -0.0089 -0.9471
vn 0.9474 -0.0056 -0.3201
vn 0.6335 0.0168 0.7736
vn 0.8727 0.0038 -0.4883
vn -0.8197 0.0219 -0.5724
vn 0.8304 0.0061 -0.5571
vn 0.8011 0.0090 -0.5984
vn -0.5843 0.0064 -0.8115
vn -0.6358 -0.0072 0.7718
vn -0.6171 -0.0225 0.7866
vn 0.2866 -0.0417 -0.9571
vn 0.3877 -0.1050 0.9158
vn 0.3246 -0.0787 0.9426
vn 0.8652 0.0054 -0.5014
vn 0.8539 0.0163 -0.5202
vn 0.9154 -0.0037 0.4025
vn 0.1014 0.0168 0.9947
vn 0.0213 -0.0018 -0.9998
vn 0.1161 -0.0050 -0.9932
vn 0.9920 0.0085 -0.1257
vn 0.9941 -0.0380 -0.1014
vn 0.3031 -0.0002 -0.9529
vn 0.4870 0.0119 -0.8733
vn -0.2337 0.0210 -0.9721
vn -0.8789 0.0278 -0.4761
vn -0.8788 0.0177 -0.4768
vn -0.9433 0.0148 -0.3317
vn -0.8418 -0.0151 -0.5396
vn -0.8165 -0.0011 -0.5773
vn -0.7753 0.0082 0.6316
vn -0.8467 0.0459 -0.5301
vn 0.7383 -0.0382 0.6734
vn -0.7696 -0.0022 -0.6385
vn 0.9834 -0.0497 -0.1743
vn 0.2785 -0.0798 -0.9571
vn -0.2825 -0.0124 0.9592
vn -0.3239 0.0120 0.9460
vn 0.5950 -0.0248 0.8034
vn 0.6824 0.0183 0.7307
vn 0.7447 0.0082 0.6674
vn -0.2849 0.0108 -0.9585
vn -0.2863 0.0637 -0.9560
vn -0.8846 0.0107 -0.4661
vn -0.8812 0.0330 -0.4717
vn 0.4866 -0.0418 0.8726
vn -0.8813 0.0158 -0.4723
vn -0.3123 -0.0356 0.9493
vn -0.3702 -0.0169 -0.9288
vn -0.7244 0.0075 0.6893
vn -0.8286 0.0102 -0.5597
vn -0.9833 0.0258 0.1802
vn -0.9849 -0.0120 0.1726
vn -0.4453 -0.0445 -0.8943
vn -0.4656 -0.0121 -0.8849
vn -0.4650 -0.0173 -0.8851
vn -0.0923 -0.0360 0.9951
vn 0.6315 0.0096 -0.7753
vn 0.7159 0.0175 -0.6980
vn -0.7527 0.0121 -0.6582
vn -0.8051 0.0121 -0.5930
vn 0.1624 -0.0006 -0.9867
vn 0.4695 0.0155 -0.8828
vn 0.5665 0.0119 0.8240
vn 0.6751 -0.0021 0.7377
vn 0.9908 0.0020 -0.1354
vn 0.9946 -0.0830 -0.0626
vn -0.4900 0.0017 -0.8717
vn -0.9705 0.0116 0.2408
vn -0.1087 0.0049 -0.9941
vn -0.4547 -0.0027 0.8906
vn 0.0551 -0.0123 -0.9984
vn 0.1057 -0.0206 -0.9942
vn -0.5496 -0.0732 0.8322
vn -0.4812 -0.0557 0.8749
vn -0.9898 -0.0010 0.1427
vn 0.5342 0.0164 -0.8452
vn 0.3206 -0.0063 -0.9472
vn -0.1373 -0.0162 -0.9904
vn 0.8676 -0.0145 -0.4970
vn 0.9606 -0.0089 -0.2779
vn -0.2956 -0.0036 -0.9553
vn -0.9845 0.0210 0.1742
vn 0.6571 0.0247 -0.7534
vn 0.5901 0.0397 -0.8063
vn -0.4781 -0.0129 0.8782
vn 0.1116 -0.0004 -0.9938
vn 0.0976 -0.0202 -0.9950
vn -0.9613 -0.0056 -0.2755
vn 0.1014 -0.0009 0.9948
vn -0.5088 0.0586 0.8589
vn 0.4163 -0.0212 0.9090
vn 0.9923 0.0011 0.1235
vn -0.0662 0.0061 0.9978
vn 0.0655 0.0029 -0.9979
vn 0.0571 0.0225 -0.9981
vn -0.6446 -0.0187 0.7642
vn -0.9741 -0.0069 0.2258
vn -0.6594 -0.0048 -0.7518
vn 0.9620 0.0139 -0.2726
vn -0.6302 -0.0146 -0.7763
vn 0.8723 -0.0214 0.4885
vn -0.5005 -0.0053 -0.8657
vn -0.9804 -0.0325 0.1945
vn -0.9085 0.0140 -0.4177
vn 0.9642 -0.0169 0.2647
vn 0.8882 -0.0430 0.4574
vn -0.2410 0.0554 -0.9689
vn -0.6242 0.0116 0.7812
vn 0.8929 -0.0188 -0.4499
vn 0.8711 -0.0884 -0.4831
vn 0.0377 -0.0135 0.9992
vn 0.1045 0.0171 0.9944
vn 0.9227 0.0482 0.3826
vn 0.9546 0.0182 0.2973
vn 0.3852 0.0225 0.9226
vn -0.6812 -0.0004 0.7321
vn -0.6360 0.0158 0.7716
vn 0.6294 -0.0066 -0.7770
vn 0.6463 0.0007 -0.7631
vn -0.1438 0.0118 0.9895
vn -0.1676 0.0300 0.9854
vn -0.5984 0.1562 0.7858
vn 0.2649 -0.0275 0.9639
vn 0.9896 0.0371 -0.1391
vn 0.9889 -0.0135 -0.1482
vn -0.1984 0.0695 0.9777
vn 0.6317 -0.0111 -0.7751
vn 0.0695 -0.0019 0.9976
vn 0.6607 -0.0096 -0.7505
vn 0.6934 -0.0182 -0.7203
vn -0.8908 0.0113 0.4542
vn 0.1239 0.0218 0.9921
vn -0.9718 0.0286 -0.2341
vn -0.1086 -0.0158 0.9940
vn -0.9896 0.0146 -0.1432
vn -0.8099 -0.0050 0.5866
vn 0.2685 0.0130 0.9632
vn 0.1673 0.0828 0.9824
vn 0.5355 0.0504 -0.8430
vn -0.6326 -0.0048 -0.7745
vn -0.9881 -0.0110 -0.1536
vn -0.6319 -0.0285 0.7745
vn -0.9700 0.0012 0.2429
vn 0.9032 0.0125 0.4290
vn 0.9231 0.0570 0.3804
vn -0.1823 0.0095 -0.9832
vn -0.3295 0.0035 -0.9441
vn 0.1334 0.0144 -0.9910
vn 0.9224 0.0281 0.3853
vn -0.6427 -0.0133 0.7660
vn 0.9778 0.0033 0.2097
vn 0.8738 -0.0867 -0.4786
vn -0.2745 -0.0027 -0.9616
vn -0.5282 -0.0289 0.8486
vn -0.9602 -0.0515 0.2747
vn 0.8313 0.0271 0.5552
vn 0.5497 0.0059 0.8354
vn 0.5675 -0.0013 0.8233
vn -0.8918 0.0056 0.4524
vn 0.9077 0.0011 0.4196
vn 0.9121 -0.0175 0.4097
vn -0.5988 -0.0003 -0.8009
vn -0.6349 0.0186 -0.7723
vn 0.9750 0.0049 -0.2223
vn 0.9838 0.0834 0.1586
vn -0.2863 0.0780 0.9550
vn -0.7500 -0.0169 0.6613
vn -0.7071 -0.0151 0.7070
vn -0.1302 0.0600 -0.9897
vn 0.1083 -0.0115 -0.9941
vn 0.5119 0.0192 -0.8588
vn -0.6732 0.0485 0.7379
vn -0.4851 -0.0137 -0.8744
vn -0.1188 -0.0094 0.9929
vn -0.9983 0.0075 -0.0585
vn 0.8710 -0.0236 -0.4908
vn -0.3381 0.0163 -0.9410
vn -0.3302 0.0050 -0.9439
vn -0.9737 -0.0052 0.2276
vn 0.9875 0.0607 -0.1455
vn 0.9463 0.0111 0.3230
vn -0.0941 -0.0079 -0.9955
vn -0.5001 -0.0141 -0.8658
vn 0.4988 -0.0315 0.8661
vn -0.4990 -0.0117 -0.8665
vn 0.6851 0.0680 -0.7253
vn -0.0706 0.0030 -0.9975
vn -0.2339 -0.0336 -0.9717
vn -0.2441 -0.0352 -0.9691
vn 0.9963 0.0001 0.0861
vn 0.9950 -0.0424 0.0906
vn 0.1333 0.0504 0.9898
vn 0.5418 0.0714 -0.8375
vn -0.0443 0.0195 -0.9988
vn -0.0220 0.0148 -0.9996
vn 0.3781 0.0913 0.9213
vn 0.2541 -0.0264 -0.9668
vn -0.9059 0.0187 0.4231
vn -0.9602 -0.0538 -0.2742
vn -0.1460 0.0264 -0.9889
vn 0.6389 0.0012 0.7693
vn 0.6124 0.0023 0.7906
vn 0.2436 0.0120 0.9698
vn -0.9353 0.0057 -0.3538
vn -0.1828 0.0347 -0.9825
vn -0.1360 0.0262 -0.9904
vn -0.8900 0.0143 -0.4558
vn 0.7131 -0.0056 0.7011
vn 0.5591 0.0460 0.8278
vn -0.2643 0.0170 -0.9643
vn -0.7686 0.0917 0.6331
vn -0.6843 0.0350 0.7284
vn -0.7373 -0.0421 0.6742
vn -0.7981 -0.0172 0.6022
vn 0.8816 0.0031 0.4720
vn 0.5495 -0.0090 -0.8354
vn -0.9088 0.0110 -0.4170
vn -0.9424 0.0096 -0.3343
vn -0.1434 0.0036 0.9897
vn -0.1325 -0.0207 0.9910
vn -0.2880 -0.0911 -0.9533
vn -0.3017 -0.0104 -0.9534
vn 0.6696 0.0146 0.7426
vn 0.8794 -0.0015 -0.4761
vn -0.0114 0.0873 0.9961
vn -0.7449 0.0188 -0.6669
vn 0.7850 -0.0024 -0.6195
vn 0.0836 0.0241 -0.9962
vn 0.0772 0.0151 -0.9969
vn -0.9727 0.0090 -0.2317
vn 0.3359 -0.0040 -0.9419
vn -0.7898 -0.0182 0.6131
vn 0.8515 0.0038 -0.5244
vn 0.7495 0.0818 0.6569
vn -0.6174 -0.0106 -0.7866
vn -0.5357 -0.0012 -0.8444
vn 0.9094 0.0063 0.4160
vn 0.6947 0.0548 -0.7172
vn 0.9954 -0.0022 -0.0958
vn 0.9954 0.0045 -0.0960
vn 0.5623 0.0453 0.8257
vn 0.5052 0.0143 0.8629
vn -0.9967 -0.0376 -0.0719
vn 0.1076 -0.0261 0.9939
vn 0.7799 0.0201 -0.6256
vn -0.2080 -0.0046 0.9781
vn 0.3691 -0.0144 -0.9293
vn 0.9995 -0.0282 -0.0120
vn 0.0565 -0.0093 -0.9984
vn -0.1045 0.0545 -0.9930
vn -0.9886 -0.0185 -0.1494
vn -0.8548 0.0353 0.5178
vn -0.1004 0.0009 0.9950
vn -0.1048 0.0250 0.9942
vn 0.9988 -0.0015 -0.0495
vn -0.8879 0.0072 -0.4600
vn 0.6160 -0.0257 -0.7873
vn 0.4682 0.0019 0.8836
vn -0.3942 -0.0125 0.9189
vn -0.3959 0.0814 0.9147
vn -0.7895 0.0357 0.6127
vn -0.7602 0.0395 -0.6485
vn 0.1783 0.0223 -0.9837
vn 0.7211 0.0353 -0.6919
vn -0.3044 -0.0092 0.9525
vn 0.2442 0.0084 0.9697
vn 0.8405 -0.0167 -0.5416
vn 0.9772 0.0129 0.2119
vn 0.9809 -0.0261 0.1927
vn 0.9238 0.1085 -0.3673
vn -0.8774 -0.0231 -0.4792
vn -0.9058 0.0114 -0.4236
vn 0.2721 0.0114 0.9622
vn 0.8103 0.0473 -0.5842
vn -0.6469 -0.0183 -0.7624
vn -0.5913 0.0594 -0.8042
vn -0.5025 -0.0111 -0.8645
vn -0.9979 -0.0135 -0.0633
vn 0.4370 0.0158 0.8993
vn 0.9623 0.0023 0.2721
vn -0.7500 0.0168 -0.6613
vn 0.9964 0.0298 -0.0790
vn -0.9432 0.0135 -0.3319
vn -0.2185 -0.0077 0.9758
vn -0.8277 0.0132 -0.5611
vn -0.8102 -0.0062 -0.5861
vn 0.1628 0.0399 -0.9858
vn 0.7761 -0.0029 -0.6306
vn 0.0373 -0.0782 0.9962
vn -0.6570 -0.0104 -0.7538
vn 0.9251 -0.0071 0.3797
vn 0.9982 0.0320 -0.0507
vn 0.0986 0.0010 0.9951
vn -0.9967 -0.0161 0.0799
vn -0.9969 0.0322 0.0724
vn 0.0784 -0.0255 0.9966
vn 0.7657 0.0138 0.6430
vn -0.9982 0.0410 0.0439
vn 0.3729 0.0189 0.9277
vn -0.9262 -0.0122 0.3769
vn 0.7983 0.0185 -0.6020
vn 0.8497 -0.0242 -0.5267
vn 0.1202 -0.0223 0.9925
vn 0.0839 -0.0271 0.9961
vn 0.8149 -0.0198 -0.5792
vn 0.8043 0.0705 -0.5900
vn -0.8919 -0.0343 0.4509
vn 0.9803 -0.0273 0.1957
vn 0.1966 -0.0044 -0.9805
vn 0.9975 0.0182 -0.0688
vn 0.7930 -0.0062 -0.6092
vn 0.7582 0.0348 -0.6511
vn -0.9924 -0.0011 0.1226
vn -0.9731 -0.0088 0.2303
vn 0.9349 0.0553 -0.3506
vn -0.6875 0.0608 -0.7237
vn 0.0280 0.0164 0.9995
vn -0.8005 -0.0356 -0.5983
vn -0.3482 0.0010 -0.9374
vn -0.3242 -0.0137 -0.9459
vn 0.9114 0.0096 -0.4113
vn -0.9993 0.0038 0.0382
vn -0.9972 0.0034 0.0751
vn -0.9443 0.0418 -0.3263
vn 0.8510 0.0239 -0.5246
vn 0.9135 -0.0221 -0.4061
vn 0.9726 -0.0109 -0.2323
vn 0.9468 0.0053 -0.3218
vn 0.9951 0.0092 0.0983
vn -0.2251 -0.0607 0.9725
vn -0.9881 -0.0225 0.1519
vn -0.9876 0.0198 0.1559
vn 0.9701 -0.0342 0.2401
vn -0.8850 -0.0038 -0.4655
vn -0.8703 0.0159 -0.4923
vn 0.8133 0.0675 0.5779
vn 0.9919 0.0058 -0.1267
vn -0.9197 -0.0033 -0.3925
vn 0.7675 -0.0112 -0.6410
vn -0.7558 0.0050 -0.6548
vn 0.0919 -0.0047 0.9958
vn 0.4979 -0.0081 0.8672
vn 0.9927 0.0196 0.1186
vn 0.4606 0.0179 -0.8874
vn 0.3893 -0.0155 0.9210
vn -0.9392 0.0063 0.3433
vn -0.8253 -0.0389 0.5633
vn -0.9973 0.0338 0.0652
vn -0.9935 -0.0274 0.1105
vn -0.5880 -0.0153 -0.8087
vn 0.0641 0.0060 0.9979
vn 0.3294 0.0614 -0.9422
vn 0.3336 0.0535 -0.9412
vn -0.9349 -0.0157 -0.3545
vn 0.5487 -0.0239 0.8357
vn 0.6923 -0.0091 0.7216
vn 0.8757 -0.0368 -0.4814
vn 0.5361 -0.0128 0.8441
vn -0.9223 0.0818 -0.3777
vn -0.9953 -0.0056 0.0972
vn 0.3253 0.0030 0.9456
vn 0.9772 0.0166 0.2119
vn 0.9575 -0.0112 0.2881
vn -0.1418 -0.0109 -0.9898
vn -0.7202 0.0219 -0.6934
vn -0.6847 0.0088 -0.7288
vn 0.0379 0.0220 0.9990
vn -0.1264 0.0018 0.9920
vn -0.9077 -0.0125 -0.4195
vn -0.7832 -0.0256 0.6212
vn -0.7868 0.0292 0.6165
vn 0.8125 0.0648 0.5794
vn -0.9781 0.0257 0.2064
vn 0.7164 -0.0073 -0.6976
vn 0.7555 -0.0006 -0.6552
vn -0.2882 0.0051 0.9576
vn 0.2788 0.0093 -0.9603
vn 0.2653 -0.0069 -0.9641
vn -0.7943 -0.0035 0.6075
vn -0.0884 -0.0215 -0.9959
vn -0.5456 -0.0059 -0.8380
vn 0.4394 0.0080 -0.8983
vn 0.6124 0.0067 -0.7905
vn 0.8994 0.0062 -0.4372
vn 0.8856 0.0242 0.4639
vn 0.1233 -0.0050 0.9924
vn -0.9890 0.0457 0.1404
vn -0.7014 0.0117 0.7127
vn -0.6287 -0.0042 0.7776
vn 0.9676 -0.0261 0.2510
vn 0.9506 0.0201 0.3097
vn -0.8090 -0.0301 0.5871
vn -0.7851 0.0311 0.6186
vn 0.3852 0.0185 -0.9227
vn 0.7653 0.0005 -0.6437
vn -0.7786 -0.0541 -0.6251
vn 0.9977 -0.0069 -0.0675
vn -0.8447 -0.0041 -0.5352
vn -0.9980 -0.0116 0.0621
vn -0.7860 -0.0022 -0.6183
vn 0.7921 -0.0145 0.6102
vn 0.7930 -0.0034 -0.6092
vn 0.3414 0.0532 -0.9384
vn -0.6667 0.0178 -0.7451
vn 0.7960 -0.0340 0.6043
vn 0.7833 -0.0151 0.6214
vn 0.2977 0.0010 0.9546
vn 0.7740 -0.0265 0.6326
vn 0.4776 0.0242 0.8782
vn -0.9250 -0.0174 0.3795
vn 0.8340 0.0057 0.5518
vn -0.9601 -0.0049 0.2796
vn -0.7513 0.0030 -0.6600
vn -0.2648 0.0150 0.9642
vn -0.6315 -0.0018 0.7754
vn -0.6421 0.0019 0.7666
vn -0.9091 0.0021 0.4167
vn -0.8781 -0.0113 -0.4783
vn -0.3888 0.0161 0.9212
vn 0.1402 0.0018 0.9901
vn -0.6156 -0.0341 0.7873
vn 0.5258 -0.0013 0.8506
vn 0.9658 0.0192 -0.2585
vn 0.8560 0.0090 -0.5169
vn 0.9998 0.0054 0.0215
vn 0.9164 -0.0152 -0.4001
vn -0.9208 0.0709 0.3834
vn 0.8861 -0.0080 0.4635
vn -0.9869 -0.0106 -0.1612
vn 0.0644 0.0041 0.9979
vn -0.0515 0.0172 0.9985
vn -0.7541 0.0278 0.6561
vn 0.2710 -0.0191 -0.9624
vn -0.9728 0.0007 0.2316
vn -0.8868 -0.0021 0.4622
vn -0.9994 0.0107 -0.0324
vn -0.9874 -0.0227 -0.1565
vn -0.5101 -0.0121 0.8600
vn 0.9851 0.0190 0.1707
vn 0.9887 -0.0072 -0.1495
vn 0.9756 -0.0303 -0.2174
vn -0.9677 -0.0323 0.2502
vn 0.9569 -0.0353 -0.2882
vn 0.0421 0.0082 -0.9991
vn -0.3674 0.0969 0.9250
vn 0.0524 -0.0373 -0.9979
vn -0.0527 -0.0505 -0.9973
vn -0.5464 0.0079 -0.8375
vn 0.0656 -0.0146 0.9977
vn 0.9408 0.0153 -0.3386
vn 0.5064 -0.0061 0.8623
vn 0.9578 0.0021 -0.2874
vn -0.7017 -0.0056 -0.7125
vn -0.6652 -0.0400 -0.7456
vn 0.4603 0.0121 0.8877
vn -0.7564 0.0164 -0.6540
vn 0.9962 0.0208 -0.0841
vn -0.6051 0.0022 -0.7961
vn -0.1558 -0.0214 0.9876
vn 0.9354 -0.0476 -0.3503
vn 0.9431 -0.0327 -0.3309
vn -0.6990 0.0063 -0.7151
vn 0.0372 0.0335 -0.9987
vn -0.9576 0.0048 -0.2880
vn 0.1357 0.0073 0.9907
vn 0.8033 0.0030 0.5956
vn -0.2649 -0.0168 0.9641
vn -0.3512 0.0096 0.9363
vn 0.4401 0.0077 0.8979
vn -0.8984 -0.0455 0.4368
vn 0.1050 0.0238 -0.9942
vn 0.5447 -0.0078 -0.8386
vn 0.9954 0.0121 0.0953
vn 0.8007 -0.0210 0.5987
vn 0.7939 0.0139 -0.6079
vn -0.1034 -0.0295 0.9942
vn 0.7644 -0.0019 0.6447
vn 0.6486 -0.0136 0.7610
vn -0.9705 0.0034 -0.2410
vn -0.0165 -0.0109 -0.9998
vn -0.0946 -0.0237 -0.9952
vn 0.8908 0.0172 -0.4541
vn -0.0519 -0.0030 0.9986
vn 0.6291 -0.1106 0.7695
vn 0.6316 0.0056 0.7753
vn -0.8513 -0.1017 -0.5148
vn -0.8325 -0.0286 -0.5532
vn -0.7581 -0.0012 0.6522
vn -0.3222 -0.0396 0.9459
vn 0.5035 -0.0322 0.8634
vn 0.5516 -0.1489 0.8207
vn 0.5582 0.0028 0.8297
vn -0.7776 -0.0039 0.6288
vn -0.7875 -0.0298 0.6156
vn -0.2044 -0.0464 0.9778
vn 0.8894 -0.0074 -0.4571
vn 0.8802 0.0371 -0.4731
vn 0.4557 -0.0303 -0.8896
vn -0.0486 -0.0075 0.9988
vn -0.1093 -0.0067 0.9940
vn 0.0693 -0.0237 0.9973
vn 0.9012 0.0138 0.4332
vn -0.8637 0.0444 0.5020
vn -0.4623 -0.0050 0.8867
vn 0.9228 0.0082 -0.3852
vn -0.5170 0.0220 -0.8557
vn -0.7970 0.0770 -0.5991
vn 0.8676 0.0238 0.4967
vn -0.3392 0.0055 0.9407
vn -0.4378 -0.0008 -0.8990
vn 0.9910 -0.0132 -0.1331
vn -0.8102 -0.0156 -0.5859
vn -0.9956 0.0810 0.0480
vn -0.2049 -0.0254 0.9785
vn -0.4663 -0.0037 0.8846
vn -0.0611 -0.0613 0.9962
vn 0.9610 -0.0034 -0.2767
vn -0.7740 -0.0140 0.6330
vn -0.6343 0.0352 -0.7723
vn -0.1964 -0.0294 0.9801
vn 0.1135 -0.0089 -0.9935
vn 0.8634 -0.0196 0.5041
vn 0.8881 0.0264 0.4588
vn -0.2914 -0.0082 0.9566
vn 0.6460 -0.1397 0.7505
vn 0.7531 -0.0104 0.6579
vn 0.7675 0.0080 0.6410
vn 0.8674 0.0109 0.4975
vn 0.6406 -0.0032 -0.7678
vn 0.5989 0.0160 -0.8007
vn -0.3029 0.0108 0.9530
vn 0.9040 0.0210 0.4270
vn 0.4420 -0.0184 -0.8968
vn -0.8665 0.0349 0.4979
vn -0.8278 0.0119 -0.5609
vn 0.9783 -0.0366 0.2038
vn -0.6133 0.0123 -0.7897
vn 0.8953 -0.0010 -0.4455
vn 0.5024 0.0091 0.8646
vn -0.9934 -0.0076 0.1142
vn 0.8353 0.0205 -0.5494
vn 0.9992 -0.0384 0.0069
vn 0.6959 0.0023 0.7181
vn 0.9973 -0.0009 0.0738
vn -0.9990 -0.0030 0.0446
vn 0.0353 -0.0045 0.9994
vn -0.0674 0.0172 0.9976
vn -0.8138 0.0178 -0.5809
vn -0.6017 -0.0142 0.7986
vn -0.9243 -0.0050 -0.3816
vn 0.4719 0.0208 0.8814
vn 0.6160 -0.0054 0.7877
vn 0.6191 0.0163 0.7851
vn -0.5208 -0.0010 0.8537
vn 0.9083 0.0970 0.4069
vn 0.8725 0.0326 0.4874
vn -0.9999 -0.0085 -0.0149
vn -0.9758 -0.0149 0.2181
vn 0.9754 0.0173 0.2196
vn 0.9970 -0.0182 0.0751
vn 0.8705 0.0198 0.4918
vn 0.3031 -0.0085 -0.9529
vn 0.2956 -0.0045 -0.9553
vn 0.3609 -0.0158 0.9325
vn 0.3278 0.0397 0.9439
vn 0.8035 0.0102 0.5952
vn -0.8361 0.0238 0.5480
vn 0.9186 -0.0113 -0.3951
vn -0.6044 0.0055 -0.7967
vn -0.2089 0.0021 0.9779
vn 0.7356 -0.0356 0.6765
vn -0.9802 0.0118 -0.1978
vn -0.1754 0.0246 -0.9842
vn 0.9397 0.0144 0.3416
vn 0.8982 -0.0154 0.4393
vn -0.1735 -0.0522 -0.9834
vn -0.8406 0.0172 0.5414
vn -0.8038 -0.0177 -0.5946
vn -0.9594 -0.0132 -0.2819
vn 0.8578 0.0043 -0.5140
vn 0.8533 -0.0090 -0.5214
vn -0.1667 0.0013 -0.9860
vn 0.6024 0.0363 0.7974
vn 0.1716 0.0033 -0.9852
vn -0.6718 -0.0578 -0.7385
vn -0.6902 -0.0501 -0.7219
vn 0.6172 -0.0070 0.7868
vn 0.5638 -0.0146 0.8258
vn 0.7522 -0.0108 -0.6589
vn -0.0556 -0.0073 0.9984
vn -0.9900 0.0074 -0.1410
vn -0.9875 -0.0486 -0.1501
vn -0.9478 -0.0292 -0.3175
vn 0.9999 -0.0043 -0.0123
vn 0.0364 0.0541 -0.9979
vn 0.9998 0.0047 0.0207
vn -0.3089 -0.0136 -0.9510
vn 0.6563 -0.0155 -0.7544
vn 0.6433 -0.0212 -0.7653
vn 0.8266 0.0593 0.5596
vn -0.4128 0.0093 0.9108
vn 0.9946 -0.0186 0.1018
vn 0.6479 0.0073 -0.7617
vn 0.9995 0.0207 0.0235
vn 0.6617 -0.0240 -0.7494
vn -0.2800 -0.0185 -0.9598
vn 0.9588 0.0384 0.2814
vn 0.9847 0.0052 0.1741
vn 0.1503 -0.0059 0.9886
vn 0.4862 -0.0257 0.8735
vn 0.4976 -0.0112 0.8673
vn -0.8691 0.0100 0.4945
vn 0.4593 -0.0348 0.8876
vn 0.4494 -0.0089 0.8933
vn -0.0979 -0.0026 0.9952
vn 0.9980 -0.0032 -0.0628
vn -0.7365 0.0038 -0.6765
vn -0.4092 -0.0166 -0.9123
vn -0.5735 0.0129 -0.8191
vn -0.1187 0.0177 0.9928
vn 0.9062 0.0117 0.4227
vn 0.5902 0.0889 -0.8024
vn -0.3113 -0.0541 -0.9488
vn 0.5994 0.0062 0.8004
vn -0.1318 -0.0017 0.9913
vn 0.5462 -0.0107 0.8376
vn 0.8830 -0.0197 -0.4690
vn 0.9842 -0.0012 0.1770
vn -1.0000 -0.0009 0.0007
vn -0.7590 -0.0094 0.6510
vn 0.9939 0.0011 -0.1100
vn 0.5544 0.0019 -0.8322
vn 0.0097 -0.0036 0.9999
vn 0.6192 0.0076 0.7852
vn -0.2937 0.0158 0.9558
vn -0.2122 0.0237 0.9769
vn -0.6166 0.0026 -0.7873
vn -0.3450 -0.0112 0.9385
vn -0.8599 0.0293 -0.5097
vn 0.8132 0.0645 -0.5785
vn 0.8837 -0.0170 -0.4677
vn 0.1516 -0.0028 0.9884
vn -0.4630 -0.0009 0.8864
vn 0.9165 0.0087 0.4000
vn 0.8454 -0.0331 -0.5331
vn 0.9649 -0.0086 0.2623
vn -0.7585 0.0093 -0.6517
vn -0.5559 0.0127 -0.8311
vn -0.7035 -0.0128 -0.7106
vn -0.6202 0.0095 -0.7844
vn 0.7720 0.0054 -0.6356
vn 0.8824 0.0151 0.4703
vn 0.7648 0.0509 -0.6423
vn -0.8363 0.0375 0.5470
vn 0.6483 -0.0088 -0.7613
vn -0.9131 -0.0136 0.4076
vn 0.3426 0.0025 -0.9395
vn -0.9642 0.0005 0.2651
vn -0.6476 0.0475 0.7605
vn 0.9925 0.0127 0.1212
vn 0.9955 0.0606 -0.0734
vn -0.8728 -0.0124 0.4879
vn -0.8897 -0.0118 0.4563
vn 0.1054 -0.0169 0.9943
vn 0.8363 -0.0080 0.5482
vn 0.6886 -0.0112 -0.7251
vn 0.7121 0.0094 0.7020
vn 0.6987 -0.0077 0.7153
vn 0.6646 0.0282 0.7466
vn 0.6354 -0.0225 0.7719
vn -0.7446 0.0228 0.6671
vn 0.8710 0.0017 0.4914
vn 0.8141 -0.0031 0.5807
vn -0.7586 0.0084 0.6516
vn -0.9957 -0.0344 0.0861
vn -0.9957 -0.0329 0.0866
vn 0.0812 0.0477 0.9956
vn 0.9475 0.0167 0.3194
vn 0.9995 -0.0306 -0.0002
vn 0.9993 -0.0283 0.0251
vn -0.7107 -0.0090 0.7034
vn -0.9463 -0.0006 0.3232
vn -0.0626 -0.0093 0.9980
vn -0.1520 0.0075 0.9883
vn 0.7648 -0.0309 -0.6436
vn 0.9534 -0.0057 0.3016
vn 0.9541 0.0083 0.2993
vn -0.9711 -0.0004 -0.2386
vn 0.9188 -0.0191 0.3942
vn -0.7901 -0.0096 -0.6129
vn 0.9113 -0.0346 0.4103
vn -0.5334 0.0211 -0.8456
vn -0.9969 -0.0502 0.0601
vn -0.5381 -0.0631 -0.8405
vn -0.5444 -0.0496 -0.8373
vn -0.7701 -0.0036 0.6379
vn -0.7722 0.0038 0.6354
vn 0.9873 -0.0246 -0.1569
vn 0.4365 -0.0069 0.8997
vn 0.4401 0.0066 0.8979
vn -0.3384 -0.0088 0.9410
vn -0.0709 0.0037 0.9975
vn -0.3463 -0.0126 -0.9380
vn 0.2189 -0.0218 0.9755
vn 0.9978 0.0031 0.0661
vn -0.5770 -0.0117 0.8167
vn 0.9975 0.0002 0.0703
vn 0.9732 -0.0199 -0.2290
vn -0.9922 0.0147 -0.1240
vn -0.2327 0.0113 0.9725
vn 0.7652 -0.0124 0.6437
vn -0.9932 -0.0407 -0.1093
vn -0.7870 0.0368 0.6159
vn 0.9522 -0.0119 -0.3054
vn 0.4682 0.0019 -0.8836
vn 0.4498 0.0022 -0.8931
vn -0.9933 -0.0237 0.1135
vn -0.0776 -0.0088 -0.9969
vn 0.0016 0.0034 -1.0000
vn 0.9157 0.0165 -0.4016
vn 0.9950 -0.0248 -0.0971
vn 0.9550 -0.0157 0.2963
vn 0.9074 0.0111 0.4202
vn 0.8608 -0.0246 0.5084
vn -0.0492 0.0201 -0.9986
vn -0.1660 0.0055 -0.9861
vn -0.1927 0.0153 -0.9811
vn 0.8183 0.0084 -0.5747
vn 0.5096 -0.0138 -0.8603
vn 0.9502 0.0025 0.3115
vn -0.8033 0.0143 0.5954
vn 0.4794 0.0602 0.8755
vn 0.5946 -0.0886 -0.7991
vn 0.5117 -0.0022 -0.8591
vn 0.1898 0.0096 0.9818
vn 0.8779 -0.0052 0.4788
vn -0.9984 0.0438 -0.0344
vn 0.4513 -0.0279 -0.8920
vn -0.9756 0.0032 0.2198
vn -0.2900 0.0966 -0.9521
vn -0.6147 0.0325 -0.7881
vn -0.9246 0.0222 0.3804
vn 0.9163 0.0029 0.4006
vn -0.7581 0.0174 -0.6519
vn 0.9107 -0.0119 0.4130
vn 0.4830 0.0206 0.8754
vn -0.2661 -0.0036 0.9639
vn 0.6036 0.0017 0.7973
vn 0.5596 0.0135 0.8286
vn -0.6986 0.0119 0.7154
vn 0.8919 0.0336 0.4510
vn 0.8657 -0.0255 0.4999
vn 0.9132 0.0015 -0.4074
vn 0.9974 0.0285 -0.0657
vn 0.3577 0.0178 -0.9337
vn 0.3745 -0.0225 -0.9269
vn 0.7730 -0.0049 0.6343
vn 0.6352 -0.0004 0.7723
vn -0.8489 0.0069 -0.5285
vn -0.8985 -0.0145 0.4388
vn -0.1710 0.0309 0.9848
vn 0.4439 0.0706 -0.8933
vn -0.3930 0.0115 -0.9195
vn -0.3180 0.0133 -0.9480
vn -0.3597 0.0043 0.9330
vn 0.9095 -0.0327 0.4143
vn -0.8411 0.0075 0.5408
vn -0.9145 -0.0045 0.4046
vn 0.7540 0.0022 0.6569
vn 0.8874 -0.0120 -0.4609
vn 0.8489 0.0156 -0.5284
vn -0.9500 -0.0125 -0.3121
vn 0.8615 0.0203 -0.5074
vn 0.9965 0.0675 0.0499
vn -0.8698 0.0047 -0.4933
vn -0.9965 0.0401 0.0734
vn 0.6939 -0.0145 -0.7200
vn -0.1220 -0.0031 -0.9925
vn -0.4836 -0.0137 -0.8752
vn -0.8113 0.0006 -0.5846
vn 0.9969 0.0102 -0.0778
vn 0.9975 0.0479 0.0510
vn 0.7560 -0.0368 0.6535
vn -0.5353 0.0251 0.8443
vn -0.4926 -0.0250 0.8699
vn -0.8703 -0.0023 0.4926
vn -0.6619 0.0097 -0.7495
vn 0.7133 -0.0054 -0.7009
vn -0.8892 -0.0391 0.4558
vn -0.8144 0.0494 0.5781
vn 0.9827 -0.0110 0.1850
vn 0.8101 -0.0097 0.5863
vn -0.7475 -0.0326 0.6635
vn -0.9553 -0.0037 -0.2955
vn -0.9106 0.0569 -0.4094
vn 0.9938 0.0027 -0.1110
vn 0.6370 -0.0575 0.7687
vn 0.9673 0.0057 -0.2534
vn -0.9638 -0.0172 -0.2659
vn 0.3981 0.0171 0.9172
vn 0.9533 -0.0211 0.3013
vn 0.2687 -0.0050 -0.9632
vn 0.2169 -0.0615 -0.9743
vn -0.1666 -0.0121 0.9859
vn 0.9971 -0.0313 -0.0691
vn -0.8425 -0.0559 0.5358
vn -0.2901 0.0863 0.9531
vn -0.4124 -0.0168 -0.9108
vn 0.8228 -0.0087 -0.5683
vn 0.4474 -0.0133 0.8943
vn 0.4085 -0.0099 0.9127
vn -0.5603 -0.0293 -0.8277
vn 0.2671 -0.0486 -0.9625
vn -0.9634 0.0082 -0.2680
vn 0.5486 -0.0214 0.8358
vn -0.1524 -0.0097 0.9883
vn 0.1467 0.0016 0.9892
vn -0.9424 0.0104 -0.3344
vn -0.9843 -0.0161 -0.1759
vn -0.2626 -0.0163 0.9648
vn 0.9981 0.0182 0.0592
vn 0.9960 0.0035 0.0888
vn -0.8092 0.0044 -0.5876
vn 0.3932 -0.0068 -0.9194
vn -0.4918 0.0278 0.8702
vn -0.1276 -0.0028 -0.9918
vn -0.0847 0.0216 -0.9962
vn -0.9199 -0.0181 -0.3917
vn 0.9425 -0.0085 0.3342
vn -0.8583 0.0637 0.5091
vn 0.5487 -0.0067 -0.8360
vn -0.1670 0.0277 -0.9856
vn -0.9681 -0.0198 -0.2499
vn -0.9948 -0.0065 -0.1014
vn -0.7663 0.0218 0.6421
vn -0.7586 0.0074 0.6515
vn 0.0707 -0.0034 -0.9975
vn 0.2241 0.0908 -0.9703
vn -0.2836 -0.0036 -0.9589
vn -0.6877 -0.0318 0.7253
vn -0.6416 -0.0422 -0.7659
vn -0.6579 0.0129 -0.7530
vn 0.6293 -0.0070 0.7771
vn 0.8233 -0.0017 0.5677
vn -0.7552 -0.0109 0.6554
vn 0.9469 -0.0185 -0.3211
vn -0.8432 0.0196 0.5373
vn 0.3206 -0.0270 -0.9468
vn 0.2979 -0.0449 -0.9535
vn 0.3005 0.0225 -0.9535
vn -0.5928 -0.0076 -0.8053
vn 0.1395 -0.0012 0.9902
vn 0.8402 -0.0182 0.5420
vn 0.7800 -0.0159 0.6256
vn 0.7834 -0.0149 0.6214
vn 0.4122 -0.0123 -0.9110
vn 0.3913 0.0363 0.9196
vn -0.3348 -0.0116 -0.9422
vn 0.9841 0.0026 -0.1778
vn -0.6733 -0.0048 0.7393
vn -0.8639 -0.0323 -0.5026
vn 0.9083 -0.0208 -0.4178
vn -0.8296 -0.0156 0.5582
vn -0.2521 0.0176 0.9675
vn 0.9497 0.0012 0.3131
vn -0.5443 -0.0071 0.8389
vn 0.3631 -0.0253 -0.9314
vn -0.5390 -0.0283 0.8418
vn 0.1915 -0.0092 -0.9815
vn -0.9859 -0.0138 0.1666
vn -0.9911 0.0010 0.1329
vn 0.9870 -0.0075 0.1605
vn -0.1077 -0.0306 -0.9937
vn -0.9980 0.0059 -0.0630
vn 0.6847 -0.0150 0.7287
vn -0.0370 -0.0080 -0.9993
vn 0.6329 -0.0115 0.7741
vn 0.9418 -0.0145 0.3360
vn 0.4686 -0.0147 -0.8833
vn -0.9746 -0.0077 -0.2238
vn -0.9719 0.0002 -0.2353
vn 0.8192 0.0513 0.5713
vn -0.3266 -0.0205 -0.9449
vn -0.8291 -0.0139 0.5589
vn 0.0445 -0.0022 0.9990
vn 0.1262 0.0072 -0.9920
vn 0.7443 0.0128 -0.6678
vn -0.0489 -0.0096 0.9988
vn -0.5395 0.0015 -0.8420
vn 0.4032 -0.0104 -0.9151
vn 0.9523 -0.0105 -0.3051
vn 0.9236 0.0215 -0.3829
vn -0.9297 0.0074 0.3684
vn 0.9636 -0.0142 -0.2671
vn 0.9610 0.0337 -0.2744
vn 0.2486 0.0291 -0.9682
vn -0.7844 0.0069 0.6203
vn 0.3731 -0.0067 0.9278
vn -0.8258 0.0466 -0.5620
vn -0.3109 0.0053 -0.9504
vn 0.2052 0.0094 -0.9787
vn 0.6032 0.0065 -0.7976
vn 0.3900 -0.0172 0.9207
vn 0.9469 0.0189 0.3209
vn -0.6274 -0.0150 0.7785
vn -0.3539 0.0161 0.9352
vn 0.4100 0.0229 0.9118
vn 0.6985 0.0225 0.7153
vn -0.3278 -0.0192 -0.9446
vn 0.7416 0.0014 0.6709
vn 0.6923 -0.0023 0.7216
vn -0.8919 0.0033 -0.4523
vn -0.9471 0.0016 -0.3210
vn -0.8978 -0.0204 -0.4399
vn 0.9979 0.0093 0.0638
vn 0.2241 -0.0311 0.9741
vn 0.2902 0.0096 0.9569
vn 0.9755 -0.0095 -0.2198
vn 0.9307 0.0116 -0.3657
vn 0.9415 0.0060 -0.3369
vn -0.9702 0.0046 -0.2424
vn -0.4436 -0.0042 -0.8962
vn 0.4987 0.0286 -0.8663
vn 0.2014 0.0138 -0.9794
vn 0.3406 0.0040 0.9402
vn 0.9563 -0.0109 -0.2922
vn -0.9224 -0.0117 0.3860
vn -0.9895 0.0064 -0.1443
vn 0.2715 -0.0102 -0.9624
vn 0.9547 0.0067 -0.2976
vn -0.8806 0.0155 -0.4736
vn 0.9419 -0.0134 -0.3355
vn 0.9337 -0.0135 -0.3578
vn -0.6199 0.0174 -0.7845
vn -0.0750 0.0245 -0.9969
vn -0.6191 -0.0039 -0.7853
vn -0.9029 0.0097 0.4297
vn -0.2641 -0.0156 -0.9644
vn 0.9620 -0.0378 -0.2703
vn -0.7407 -0.0135 0.6717
vn 0.0660 -0.0058 -0.9978
vn -0.9945 0.0009 0.1046
vn 0.9954 -0.0246 0.0924
vn 0.3264 -0.0000 0.9452
vn 0.9970 -0.0094 -0.0769
vn 0.2491 0.0450 -0.9674
vn 0.1946 -0.0056 -0.9809
vn -0.3830 0.0159 0.9236
vn 0.1893 0.0100 -0.9819
vn 0.0935 0.0139 -0.9955
vn 0.1064 -0.0340 -0.9937
vn -0.7911 0.0111 0.6115
vn 0.1365 0.0177 0.9905
vn 0.0109 0.0027 -0.9999
vn -0.0221 0.0071 -0.9997
vn -0.8328 -0.0168 -0.5533
vn -0.5100 -0.0232 0.8599
vn 0.3030 0.0166 0.9529
vn 0.8662 0.0071 0.4997
vn 0.8668 -0.0052 0.4986
vn -0.9319 0.0184 -0.3623
vn 0.6850 -0.0056 -0.7285
vn 0.1885 -0.0155 -0.9820
vn 0.6446 -0.0063 -0.7645
vn 0.5434 -0.0046 -0.8394
vn 0.3919 0.0043 0.9200
vn -0.2502 -0.0019 -0.9682
vn 0.8492 0.0113 0.5280
vn -0.9578 0.0022 0.2874
vn 0.8720 -0.0015 0.4895
vn 0.1310 0.0100 0.9913
vn 0.7837 0.0116 -0.6210
vn 0.0819 0.0007 0.9966
vn -0.9176 0.0244 -0.3967
vn -0.6637 0.0220 -0.7477
vn 0.8198 -0.0158 -0.5725
vn 0.6206 -0.0157 0.7840
vn -0.7576 0.0254 0.6522
vn 0.9389 0.0140 -0.3438
vn -0.7080 0.0051 0.7061
vn -0.1725 0.0238 -0.9847
vn 0.9993 0.0055 0.0383
vn 0.4090 0.0002 0.9126
vn 0.5217 -0.0375 -0.8523
vn -0.8434 -0.0074 0.5372
vn 0.8874 0.0212 -0.4606
vn 0.1062 0.0057 0.9943
vn 0.7885 -0.0695 0.6110
vn -0.8229 -0.0113 -0.5680
vn -0.9963 0.0051 -0.0857
vn -0.2784 0.0243 0.9602
vn -0.3046 -0.0075 0.9524
vn 0.8411 0.0202 -0.5405
vn -0.1854 -0.0123 -0.9826
vn 0.1437 0.0080 -0.9896
vn -0.9459 -0.0047 -0.3245
vn 0.9787 -0.0166 0.2045
vn 0.4340 -0.0115 -0.9009
vn -0.4872 0.0065 -0.8733
vn -0.3590 -0.0109 0.9333
vn 0.9552 0.0076 -0.2959
vn -0.9895 0.0053 0.1444
vn -0.9896 0.0073 0.1436
vn -0.6364 0.0227 0.7710
vn -0.9085 -0.0217 0.4174
vn 0.9979 0.0160 -0.0623
vn 0.3853 -0.0089 0.9227
vn 0.6939 -0.0041 0.7200
vn -0.9838 0.0185 0.1786
vn -0.8145 0.0052 -0.5802
vn -0.9245 -0.0298 0.3801
vn -0.9816 -0.0063 -0.1911
vn 0.5489 -0.0030 0.8359
vn 0.1113 -0.0007 0.9938
vn -0.2631 -0.0151 -0.9646
vn -0.8305 0.0234 -0.5565
vn -0.7707 0.0181 -0.6369
vn -0.8074 0.0099 -0.5899
vn -0.8043 -0.0018 0.5942
vn 0.9547 0.0021 0.2975
vn 0.6317 -0.0127 0.7751
vn 0.6236 0.0264 -0.7813
vn 0.9733 -0.0099 0.2292
vn 0.4628 0.0098 -0.8864
vn 0.9981 0.0245 -0.0574
vn -0.7582 -0.0166 -0.6518
vn -0.9135 0.0051 -0.4069
vn -0.4959 0.0029 0.8684
vn -0.5295 -0.0005 0.8483
vn -0.9977 0.0588 -0.0331
vn 0.8832 0.0158 0.4687
vn 0.8406 0.0004 0.5417
vn -0.0310 -0.0202 0.9993
vn -0.5410 -0.0156 0.8408
vn -0.5424 -0.0005 0.8401
vn -0.5900 0.0094 -0.8073
vn -0.7203 0.0180 0.6934
vn -0.5308 0.0165 -0.8474
vn 0.0488 -0.0257 -0.9985
vn 0.8752 -0.0038 -0.4838
vn -0.9028 0.0082 0.4299
vn 0.9978 -0.0281 -0.0595
vn -0.7148 0.0131 -0.6992
vn 0.8162 0.0126 -0.5776
vn 0.8095 -0.0156 -0.5869
vn -0.6558 -0.0169 0.7547
vn -0.9115 -0.0159 -0.4109
vn 0.6437 0.0218 -0.7650
vn 0.7276 -0.0010 -0.6860
vn -0.4099 0.0021 0.9121
vn 0.2909 0.0369 0.9560
vn -0.4387 -0.0126 -0.8986
vn 0.0958 -0.0015 0.9954
vn -0.7166 0.0071 0.6975
vn -0.6666 0.0159 0.7453
vn 0.2188 0.0030 -0.9758
vn 0.8964 0.0090 -0.4432
vn 0.7292 0.0168 -0.6841
vn -0.8664 -0.0018 -0.4994
vn -0.9883 0.0042 0.1524
vn -0.1714 -0.0054 0.9852
vn 0.8201 -0.0246 0.5717
vn 0.9435 -0.0096 0.3311
vn 0.3911 0.0433 0.9193
vn -0.9990 -0.0244 0.0364
vn 0.5926 -0.0007 -0.8055
vn 0.4913 -0.0235 -0.8707
vn 0.2625 -0.0139 -0.9648
vn 0.3704 -0.0198 -0.9286
vn 0.7302 0.0038 0.6832
vn 0.6167 0.0069 -0.7871
vn -0.2215 -0.0172 -0.9750
vn 0.7239 0.0103 -0.6898
vn -0.9724 -0.0097 0.2330
vn -0.1314 0.0008 0.9913
vn -0.1628 0.0054 0.9867
vn 0.8245 0.0164 0.5656
vn 0.7745 0.0292 -0.6319
vn 0.3168 -0.0084 -0.9485
vn -0.2364 -0.0229 0.9714
vn 0.8803 0.0050 0.4744
vn 0.9763 -0.0240 0.2150
vn 0.8331 0.0342 0.5520
vn 0.9970 -0.0103 0.0773
vn 0.0233 -0.0163 0.9996
vn 0.0696 -0.0103 0.9975
vn 0.6932 0.0058 -0.7207
vn 0.6994 -0.0087 -0.7147
vn -0.9893 -0.0009 -0.1460
vn 0.5412 -0.0138 0.8408
vn 0.5786 0.0006 0.8156
vn 0.5326 -0.0314 -0.8458
vn 0.7634 -0.0733 -0.6417
vn -0.8300 0.0446 -0.5559
vn 0.4922 0.0167 -0.8703
vn 0.9913 -0.0244 0.1295
vn -0.2782 -0.0084 -0.9605
vn -0.3449 0.0026 -0.9386
vn 0.9156 -0.0192 0.4015
vn 0.1093 -0.0006 -0.9940
vn -0.8198 0.0191 0.5724
vn 0.0025 -0.0193 0.9998
vn -0.2895 0.0209 0.9570
vn 0.4555 0.0068 0.8902
vn 0.3410 -0.0355 -0.9394
vn -0.4892 0.0163 -0.8720
vn -0.4515 -0.0404 -0.8914
vn 0.4139 -0.0168 0.9102
vn 0.9340 0.0065 -0.3572
vn -0.9315 -0.0079 0.3636
vn -0.3593 0.0106 0.9332
vn 0.9371 -0.0061 -0.3491
vn -0.6105 0.0064 0.7920
vn -0.3724 -0.0156 0.9280
vn -0.0105 0.0004 0.9999
vn -0.7001 0.0052 -0.7140
vn -0.7358 -0.0000 -0.6772
vn 0.5619 -0.0080 -0.8272
vn -0.6444 0.0123 -0.7646
vn -0.6123 -0.0097 -0.7905
vn -0.9580 0.0137 0.2864
vn -0.9626 0.0016 0.2710
vn 0.7601 -0.0069 -0.6498
vn -0.9363 0.0373 0.3491
vn -0.4607 0.0021 -0.8875
vn 0.2552 0.0258 0.9665
vn -0.5362 -0.0135 -0.8440
vn -0.8152 -0.0197 -0.5788
vn 0.8197 0.0190 0.5725
vn 0.9642 0.0121 0.2650
vn 0.4466 -0.0118 0.8947
vn 0.7826 -0.0030 -0.6226
vn 0.9998 0.0096 -0.0195
vn -0.9842 -0.0188 0.1761
vn 0.9031 -0.0145 0.4291
vn 0.9172 0.0232 0.3978
vn -0.2668 -0.0223 0.9635
vn -0.3906 -0.0359 0.9198
vn -0.9116 -0.0092 0.4111
vn 0.0036 0.0102 -0.9999
vn 0.5716 -0.0341 0.8198
vn -0.6448 -0.0182 0.7641
vn -0.7420 0.0049 0.6703
vn -0.1241 -0.0229 -0.9920
vn 0.6672 -0.0001 0.7449
vn 0.0776 0.0177 0.9968
vn 0.1147 -0.0049 0.9934
vn 0.4814 0.0025 0.8765
vn -0.8285 0.0119 -0.5598
vn -0.0145 0.0073 -0.9999
vn 0.3848 -0.0166 -0.9229
vn 0.5999 -0.0053 0.8001
vn 0.6737 -0.0013 0.7390
vn -0.9815 0.0007 -0.1913
vn 0.2124 0.0049 0.9772
vn -0.9969 0.0140 0.0773
vn 0.9954 0.0005 0.0954
vn 0.9768 -0.0071 -0.2141
vn 0.4184 -0.0121 -0.9082
vn 0.9972 0.0009 0.0748
vn 0.9150 -0.0142 0.4032
vn 0.9457 -0.0003 -0.3249
vn 0.5008 -0.0156 0.8654
vn -0.2100 0.0050 -0.9777
vn 0.5428 0.0158 -0.8397
vn -0.9962 -0.0283 -0.0820
vn -0.9565 0.0171 -0.2912
vn -0.9057 0.0338 0.4226
vn 0.8684 -0.0140 0.4957
vn -0.4111 0.0164 0.9114
vn -0.7533 0.0097 -0.6576
vn -0.7542 -0.0031 -0.6567
vn -0.9998 0.0171 0.0115
vn 0.9994 0.0274 -0.0199
vn 0.9171 -0.0020 0.3987
vn 0.9311 -0.0322 0.3633
vn 0.3492 -0.0228 0.9368
vn 0.1757 0.0004 0.9844
vn 0.2101 -0.0303 0.9772
vn 0.9251 -0.0136 0.3794
vn -0.4504 0.0110 0.8928
vn -0.8761 0.0127 0.4819
vn -0.8485 -0.0208 0.5288
vn 0.8187 -0.0171 -0.5740
vn -0.9736 -0.0095 0.2279
vn -0.9631 -0.0246 -0.2681
vn -0.2467 -0.0212 -0.9689
vn -0.7116 -0.0055 -0.7026
vn 0.8616 0.0273 0.5069
vn 0.8254 -0.0223 0.5642
vn -0.1177 -0.0050 0.9930
vn -0.7303 -0.0083 0.6831
vn 0.4715 0.0034 -0.8819
vn -0.8870 -0.0183 -0.4614
vn -0.8978 -0.0060 -0.4403
vn -0.9879 -0.0148 0.1544
vn 0.9643 0.0185 -0.2641
vn -0.7669 0.0056 0.6417
vn 0.9384 -0.0093 -0.3455
vn -0.9048 0.0114 0.4256
vn -0.4290 0.0021 -0.9033
vn -0.7214 -0.0144 0.6924
vn 0.6946 0.0087 -0.7194
vn 0.9698 -0.0198 0.2431
vn -0.5265 0.0074 0.8501
vn 0.0107 -0.0219 -0.9997
vn -0.9605 0.0275 -0.2768
vn 0.0423 -0.0036 0.9991
vn 0.9874 0.0249 -0.1563
vn 0.4033 0.0096 0.9150
vn 0.2627 -0.0122 0.9648
vn -0.8789 -0.0010 0.4770
vn 0.6292 -0.0083 -0.7772
vn 0.5462 0.0047 0.8377
vn 0.2137 -0.0156 0.9768
vn -0.5952 0.0163 -0.8034
vn -0.3059 0.0112 0.9520
vn -0.7712 0.0134 0.6364
vn 0.3939 0.0216 -0.9189
vn 0.0714 0.0050 0.9974
vn 0.1819 0.0200 0.9831
vn -0.9652 -0.0007 0.2617
vn 0.8035 -0.0155 0.5951
vn -0.9988 0.0311 0.0371
vn -0.2219 0.0036 0.9751
vn 0.6403 0.0005 0.7681
vn -0.5283 -0.0179 -0.8489
vn -0.8027 0.0152 0.5961
vn -0.5553 0.0096 0.8316
vn -0.5745 0.0097 0.8184
vn 0.9429 -0.0114 -0.3328
vn 0.9758 0.0017 -0.2187
vn 0.4572 0.0124 -0.8893
vn -0.9941 0.0112 -0.1078
vn 0.3471 0.0153 0.9377
vn -0.8191 0.0055 0.5736
vn -0.8642 -0.0142 -0.5029
vn 0.7273 0.0237 0.6859
vn 0.9950 0.0097 -0.0992
vn 0.9917 0.0023 0.1284
vn -0.8677 -0.0084 0.4971
vn -0.6781 -0.0219 -0.7347
vn -0.6298 0.0159 -0.7766
vn -0.5770 0.0007 -0.8167
vn -0.9895 0.0194 0.1432
vn -0.9915 -0.0112 0.1295
vn 0.9403 0.0142 -0.3402
vn 0.8959 0.0103 -0.4441
vn 0.9794 0.0017 -0.2018
vn -0.9028 0.0146 0.4297
vn 0.8955 -0.0216 -0.4446
vn -0.5670 0.0128 0.8236
vn 0.2701 0.0036 -0.9628
vn 0.9851 -0.0041 -0.1719
vn 0.2421 -0.0167 0.9701
vn -0.6116 0.0024 0.7912
vn 0.8880 0.0091 -0.4597
vn -0.6549 0.0085 0.7556
vn 0.9936 -0.0029 0.1128
vn 0.9758 0.0136 0.2182
vn 0.9990 0.0305 0.0337
vn 0.6772 -0.0007 0.7358
vn -0.0471 0.0183 -0.9987
vn 0.7170 -0.0100 -0.6970
vn 0.0787 0.0039 0.9969
vn -0.0553 -0.0015 0.9985
vn -0.4001 0.0087 -0.9164
vn -0.9732 -0.0146 0.2296
vn -0.7578 -0.0095 -0.6524
vn 0.0722 -0.0195 0.9972
vn -0.9988 -0.0023 -0.0491
vn -0.9270 0.0037 -0.3750
vn -0.9317 -0.0116 -0.3631
vn -0.8704 -0.0049 0.4923
vn -0.8281 -0.0189 0.5602
vn -0.8610 0.0120 -0.5085
vn 0.9972 0.0077 -0.0739
vn 0.9586 0.0167 -0.2843
vn -0.0329 -0.0209 0.9992
vn 0.7439 0.0033 0.6683
vn 0.8249 -0.0078 0.5652
vn 0.9250 0.0098 -0.3797
vn -0.5161 0.0400 -0.8556
vn -0.5399 -0.0243 -0.8414
vn 0.2329 -0.0033 0.9725
vn -0.8133 -0.0149 0.5816
vn -0.8719 0.0010 0.4897
vn 0.5507 -0.0215 -0.8344
vn 0.4103 0.0122 -0.9119
vn -0.2403 0.0372 -0.9700
vn -0.6145 0.0274 0.7885
vn 0.7718 -0.0006 0.6359
vn -0.1427 -0.0031 -0.9898
vn 0.6307 0.0232 0.7757
vn -0.9485 0.0104 0.3166
vn -0.6253 0.0178 -0.7802
vn 0.9850 -0.0027 0.1723
vn 0.9998 0.0116 0.0165
vn 0.7175 -0.0347 -0.6957
vn -0.9838 -0.0031 -0.1795
vn -0.9861 -0.0225 -0.1649
vn -0.6874 -0.0019 -0.7263
vn -0.3064 -0.0024 -0.9519
vn 0.4734 -0.0188 -0.8807
vn 0.0093 0.0172 -0.9998
vn -0.5689 0.0393 0.8215
vn -0.4107 0.0257 0.9114
vn -0.7604 0.0181 0.6492
vn 0.0344 0.0112 -0.9993
vn -0.5350 -0.0110 0.8448
vn -0.8498 0.0025 -0.5272
vn -0.9278 0.0109 -0.3728
vn 0.6953 -0.0155 0.7185
vn -0.4474 -0.0072 -0.8943
vn -0.9098 0.0143 -0.4148
vn -0.9556 0.0092 0.2946
vn 0.9032 0.0278 -0.4283
vn -0.8187 -0.0065 0.5741
vn 0.9896 0.0026 -0.1435
vn 0.9944 0.0147 0.1043
vn 0.9926 -0.0059 0.1212
vn 0.1348 -0.0168 0.9907
vn 0.3010 0.0176 0.9535
vn 0.3261 0.0043 0.9453
vn -0.7496 0.0101 0.6618
vn -0.5491 -0.0113 -0.8357
vn -0.0439 0.0087 -0.9990
vn -0.6286 -0.0048 0.7777
vn -0.8702 0.0014 -0.4928
vn 0.9771 0.0069 0.2127
vn 0.8000 -0.0304 -0.5993
vn -0.9527 0.0085 0.3038
vn 0.5553 0.0008 -0.8317
vn 0.9882 0.0232 -0.1511
vn 0.9943 0.0040 -0.1061
vn -0.9448 0.0138 0.3275
vn 0.7012 -0.0677 -0.7097
vn -0.5682 0.0108 -0.8228
vn -0.5709 -0.0070 -0.8210
vn -0.6958 -0.0056 0.7182
vn -0.9295 0.0066 0.3687
vn -0.9289 -0.0057 0.3703
vn -0.9399 -0.0097 -0.3413
vn -0.6949 0.0179 0.7189
vn 0.6547 0.0145 0.7558
vn 0.7939 0.0384 -0.6069
vn 0.8976 -0.0185 -0.4404
vn 0.0198 0.0197 -0.9996
vn 0.0192 0.0054 0.9998
vn -0.8987 -0.0292 0.4376
vn -0.9984 0.0113 -0.0556
vn -0.9742 0.0091 0.2254
vn -0.0723 0.0371 0.9967
vn 0.9503 -0.0005 0.3114
vn -0.5604 0.0003 -0.8283
vn -0.5531 0.0073 -0.8331
vn 0.9950 -0.0156 -0.0985
vn -0.3176 0.0191 -0.9480
vn -0.7277 0.0261 -0.6854
vn -0.6942 -0.0030 -0.7198
vn 0.0634 -0.0122 -0.9979
vn -0.9668 -0.0044 0.2555
vn -0.9665 0.0138 0.2561
vn 0.5501 -0.0000 -0.8351
vn 0.3902 0.0011 -0.9207
vn -0.9990 0.0138 -0.0416
vn -0.9994 0.0171 -0.0299
vn 0.1935 0.0087 -0.9811
vn 0.9606 0.0230 0.2768
vn 0.9177 0.0012 0.3972
vn 0.5154 0.0233 -0.8566
vn 0.9019 0.0158 0.4317
vn -0.9926 -0.0045 0.1216
vn 0.7847 0.0585 -0.6171
vn -0.9524 -0.0184 0.3043
vn -0.5925 -0.0044 0.8056
vn 0.0033 -0.0147 -0.9999
vn -0.1132 0.0188 -0.9934
vn -1.0000 -0.0051 -0.0011
vn 0.6968 0.0008 0.7173
vn -0.9486 -0.0224 -0.3158
vn -0.9995 0.0111 0.0307
vn -0.7158 -0.0238 -0.6979
vn 0.8620 -0.0040 -0.5070
vn -0.3253 0.0093 0.9456
vn 0.0449 -0.0016 0.9990
vn 0.9867 -0.0194 -0.1611
vn 0.2996 -0.0015 -0.9541
vn 0.2828 0.0223 -0.9589
vn 0.3599 0.0163 0.9328
vn 0.3217 -0.0156 0.9467
vn 0.3675 -0.0125 0.9299
vn 0.9897 0.0079 0.1429
vn -0.0882 0.0204 0.9959
vn 0.9738 0.0682 0.2168
vn 0.9711 0.0297 0.2366
vn -0.9643 0.0060 -0.2648
vn -0.0163 -0.0013 0.9999
vn 0.9676 0.0005 0.2527
vn 0.3821 -0.0038 -0.9241
vn 0.0392 0.0131 0.9991
vn -0.6404 0.0115 0.7679
vn -0.3651 0.0154 -0.9308
vn 0.6426 -0.0037 -0.7662
vn 0.0616 0.0122 -0.9980
vn 0.6333 -0.0067 0.7739
vn 0.8277 -0.0017 -0.5611
vn 0.9283 -0.0158 -0.3715
vn -0.9317 0.0087 0.3631
vn -0.9890 -0.0091 -0.1474
vn -0.1892 -0.0114 0.9819
vn 0.0161 -0.0379 -0.9992
vn 0.8998 0.0099 -0.4362
vn 0.8998 0.0040 -0.4363
vn 0.9383 0.0099 -0.3457
vn -0.5334 -0.0117 0.8458
vn 0.2969 0.0121 -0.9548
vn -0.7274 -0.0001 -0.6862
vn 0.4265 0.0047 0.9045
vn 0.4827 -0.0151 0.8757
vn 0.7724 -0.0117 -0.6351
vn -0.3641 -0.0111 -0.9313
vn 0.7785 -0.0131 -0.6275
vn 0.1356 0.0033 -0.9908
vn 0.1702 0.0413 -0.9845
vn -0.9979 -0.0066 0.0639
vn -0.9940 0.0026 0.1092
vn 0.9974 0.0012 0.0715
vn -0.1340 -0.0206 -0.9908
vn 0.0724 -0.0089 0.9973
vn -0.4618 0.0060 0.8869
vn -0.4897 0.0276 0.8714
vn 0.0794 -0.0063 -0.9968
vn 0.4420 -0.0090 0.8970
vn -0.1576 -0.0329 -0.9870
vn 0.1993 -0.0125 -0.9799
vn 0.9917 -0.0329 -0.1241
vn -0.8769 0.0277 -0.4799
vn 0.9998 -0.0005 -0.0212
vn -0.5319 -0.0188 0.8466
vn -0.4982 0.0179 0.8669
vn -0.4045 -0.0063 0.9145
vn 0.6473 -0.0020 -0.7622
vn 0.9868 -0.0172 0.1608
vn 0.5059 0.0090 0.8626
vn -0.9517 -0.0203 -0.3062
vn 0.8034 0.0187 0.5952
vn -0.7857 0.0141 0.6185
vn 0.3105 -0.0058 0.9505
vn -0.5401 0.0120 0.8415
vn 0.9704 0.0200 -0.2406
vn -0.6801 -0.0098 0.7330
vn -0.4454 0.0006 0.8953
vn -0.2151 -0.0086 -0.9765
vn -0.2636 0.0154 -0.9645
vn -0.4458 0.0082 -0.8951
vn -0.3679 -0.0130 -0.9298
vn -0.9970 0.0175 0.0759
vn -0.3935 -0.0129 -0.9192
vn -0.8408 -0.0119 -0.5412
vn 0.9430 0.0219 -0.3319
vn -0.9881 0.0102 0.1536
vn -0.2593 0.0020 0.9658
vn -0.9968 -0.0164 0.0787
vn -0.2838 -0.0040 -0.9589
vn -0.8089 0.0044 -0.5880
vn -0.9025 -0.0104 0.4306
vn -0.0565 0.0139 0.9983
vn -0.6064 -0.0128 0.7950
vn 0.3902 0.0102 0.9207
vn -0.5758 0.0121 -0.8175
vn -0.9750 -0.0021 0.2222
vn -0.4361 -0.0024 0.8999
vn -0.5460 -0.0028 0.8378
vn -0.3263 -0.0096 0.9452
vn -0.0870 -0.0158 0.9961
vn -0.5669 -0.0194 0.8235
vn -0.7993 -0.0148 0.6007
vn -0.9910 0.0047 0.1336
vn -0.7624 0.0204 -0.6468
vn -0.9948 -0.0061 -0.1012
vn 0.7720 0.0049 -0.6356
vn 0.8251 -0.0085 -0.5650
vn -0.9896 -0.0133 -0.1429
vn -0.9997 -0.0114 0.0224
vn 0.1058 0.0308 0.9939
vn 0.1772 0.0162 0.9840
vn 0.8772 -0.0020 0.4801
vn -0.1120 0.0059 0.9937
vn 0.6135 0.0019 -0.7897
vn 0.8235 -0.0117 0.5673
vn -0.2606 -0.0073 0.9654
vn 0.0489 -0.0005 -0.9988
vn 0.4813 -0.0147 -0.8764
vn -0.3852 0.0158 -0.9227
vn -0.9062 -0.0169 0.4225
vn 0.8579 0.0116 -0.5137
vn -0.9692 -0.0026 -0.2463
vn 0.3528 -0.0064 0.9357
vn -0.7818 0.0072 -0.6235
vn -0.8386 -0.0086 -0.5447
vn -0.5771 -0.0113 -0.8166
vn -0.9060 0.0149 -0.4230
vn -0.7568 0.0013 0.6537
vn -0.9485 0.0136 -0.3165
vn -0.9804 -0.0215 -0.1958
vn 0.9996 -0.0028 0.0271
vn 0.9842 0.0431 0.1715
vn 0.7579 -0.0147 -0.6522
vn 0.5634 0.0029 -0.8262
vn 0.8666 -0.0033 0.4990
vn 0.8060 0.0006 0.5919
vn 0.3743 0.0048 -0.9273
vn -0.4399 0.0158 -0.8979
vn -0.3875 -0.0356 -0.9212
vn -0.7985 0.0228 0.6015
vn -0.8582 -0.0026 0.5133
vn 0.9966 0.0079 -0.0821
vn 0.4808 0.0119 -0.8767
vn -0.3341 -0.0128 -0.9424
vn -0.6757 0.0065 0.7371
vn -0.9731 -0.0159 -0.2297
vn -0.8458 0.0004 -0.5335
vn -0.5751 -0.0076 -0.8180
vn 0.2364 0.0203 0.9714
vn -0.8117 0.0051 -0.5841
vn 0.7148 -0.0052 -0.6993
vn 0.1679 -0.0168 -0.9857
vn 0.7554 0.0269 -0.6547
vn 0.1932 0.0267 -0.9808
vn 0.9984 -0.0087 -0.0555
vn 0.9983 -0.0039 0.0577
vn -0.7468 -0.0034 0.6650
vn 0.8718 -0.0064 0.4898
vn -0.0081 -0.0165 -0.9998
vn 0.9842 -0.0015 0.1768
vn -0.0078 0.0220 -0.9997
vn -0.0676 -0.0235 0.9974
vn -0.9923 0.0081 -0.1232
vn -0.2005 -0.0097 -0.9797
vn 0.7436 -0.0228 0.6682
vn -0.8399 0.0211 0.5423
vn 0.6290 -0.0192 0.7771
vn 0.6627 -0.0228 0.7485
vn 0.5671 0.0148 0.8235
vn -0.7268 -0.0089 -0.6868
vn -0.6897 -0.0253 -0.7236
vn 0.4605 0.0066 0.8876
vn -0.1117 -0.0145 0.9936
vn 0.9786 -0.0123 0.2053
vn 0.9892 0.0196 0.1451
vn 1.0000 -0.0086 0.0009
vn 0.5160 0.0012 -0.8566
vn 0.5265 0.0203 0.8500
vn 0.4779 0.0097 0.8784
vn -0.7265 0.0024 -0.6871
vn 0.9551 -0.0234 0.2952
vn 0.9954 -0.0364 -0.0887
vn -0.1610 0.0009 0.9870
vn 0.9000 -0.0024 0.4358
vn -0.9660 -0.0253 0.2573
vn -0.7879 0.0087 -0.6158
vn -0.8475 -0.0097 0.5307
vn -0.9888 0.0054 0.1492
vn -0.8661 0.0091 -0.4998
vn -0.0064 -0.0097 -0.9999
vn 0.5505 0.0034 0.8348
vn -0.7887 -0.0016 -0.6147
vn -0.2229 -0.0028 0.9748
vn -0.9276 -0.0235 -0.3727
vn 0.8933 -0.0070 -0.4494
vn 0.1421 -0.0067 -0.9898
vn 0.9999 0.0109 0.0052
vn 0.9975 0.0030 0.0710
vn 0.9995 0.0330 0.0029
vn 0.9854 0.0086 -0.1700
vn 0.5601 -0.0072 0.8284
vn -0.7599 0.0099 0.6499
vn -0.6320 -0.0183 0.7747
vn 0.8968 -0.0048 0.4424
vn -0.3922 0.0093 -0.9198
vn 0.6097 -0.0088 0.7926
vn -0.9403 -0.0052 -0.3404
vn -0.9697 -0.0216 -0.2434
vn 0.9842 0.0251 -0.1753
vn 0.9773 0.0079 -0.2116
vn 0.5454 -0.0109 -0.8381
vn 0.7785 0.0120 0.6276
vn 0.7737 -0.0127 0.6334
vn 0.9421 -0.0005 0.3352
vn 0.9917 0.0070 0.1280
vn 0.6760 -0.0042 0.7369
vn -0.7164 -0.0155 0.6976
vn 0.8802 -0.0145 0.4745
vn -0.9399 -0.0105 0.3414
vn 0.9345 0.0138 0.3558
vn -0.4327 -0.0250 0.9012
vn -0.7247 0.0122 -0.6889
vn 0.9733 -0.0024 0.2295
vn -0.9671 -0.0177 0.2538
vn -0.0230 0.0141 -0.9996
vn 0.1194 -0.0206 -0.9926
vn -0.8071 -0.0143 0.5903
vn -0.8172 -0.0388 0.5751
vn 0.9944 -0.0091 -0.1055
vn -0.8148 -0.0107 -0.5797
vn 0.2901 -0.0186 -0.9568
vn 0.8600 0.0311 0.5093
vn 0.3919 0.0219 -0.9198
vn 0.2161 0.0030 -0.9764
vn 0.2759 -0.0030 -0.9612
vn 0.9610 -0.0017 -0.2767
vn 0.0679 -0.0147 -0.9976
vn -0.3398 0.0005 0.9405
vn -0.6271 0.0285 0.7784
vn -0.5552 0.0128 0.8316
vn 0.8825 0.0066 0.4702
vn -0.0472 -0.0097 0.9988
vn 0.9956 -0.0008 -0.0938
vn 0.9850 0.0122 -0.1723
vn -0.9390 0.0054 0.3439
vn -0.4636 0.0064 -0.8860
vn -0.9619 0.0027 0.2734
vn 0.2065 0.0089 -0.9784
vn -0.9998 -0.0060 0.0213
vn -0.5786 0.0026 0.8156
vn -0.7570 -0.0092 -0.6534
vn -0.6711 0.0072 -0.7413
vn -0.4557 0.0174 -0.8899
vn 0.1755 -0.0092 0.9844
vn -0.2874 0.0179 -0.9577
vn 0.8479 -0.0093 0.5300
vn -0.4236 -0.0250 0.9055
vn 0.5575 0.0205 0.8299
vn 0.9015 -0.0104 0.4326
vn -0.0954 0.0006 -0.9954
vn -0.9993 0.0017 -0.0366
vn 0.9836 0.0213 0.1793
vn 0.9421 0.0106 -0.3352
vn -0.6908 -0.0109 0.7229
vn -0.8713 -0.0073 0.4907
vn 0.8311 -0.0191 0.5558
vn 0.8669 0.0195 0.4980
vn 0.9085 0.0242 0.4172
vn 0.7471 0.0031 0.6647
vn 0.9990 -0.0023 0.0456
vn 0.2435 -0.0100 0.9698
vn -0.8710 0.0042 0.4912
vn 0.6069 0.0086 -0.7947
vn -0.9845 -0.0189 0.1744
vn 0.0951 -0.0210 0.9952
vn 0.7018 0.0280 -0.7118
vn 0.5458 0.0010 -0.8379
vn -0.3455 -0.0052 0.9384
vn -0.3317 -0.0107 0.9433
vn -0.4754 0.0041 0.8798
vn -0.9975 -0.0178 -0.0690
vn -0.9643 -0.0054 -0.2647
vn -0.6190 0.0094 0.7853
vn -0.2839 0.0114 0.9588
vn -0.3393 -0.0258 -0.9403
vn 0.4195 0.0100 0.9077
vn -0.9709 -0.0141 -0.2392
vn -0.9082 -0.0263 0.4178
vn 0.3109 0.0273 -0.9501
vn -0.2099 0.0099 0.9777
vn 0.7808 -0.0072 0.6248
vn -0.6516 -0.0016 -0.7585
vn 0.9979 0.0295 -0.0583
vn -0.7914 0.0069 0.6113
vn 0.9720 0.0192 -0.2340
vn -0.6735 -0.0236 -0.7388
vn -0.9096 -0.0033 0.4155
vn 0.3128 0.0133 0.9497
vn 0.5634 0.0229 -0.8259
vn -0.9485 -0.0077 -0.3166
vn -0.8117 -0.0001 0.5840
vn -0.0090 -0.0235 -0.9997
vn 0.5309 0.0267 0.8470
vn -0.6343 0.0119 -0.7730
vn 0.3202 -0.0091 0.9473
vn 0.9408 -0.0053 0.3390
vn 0.9472 0.0156 0.3201
vn 0.8750 0.0004 -0.4842
vn -0.3853 0.0047 0.9228
vn 0.9599 -0.0131 0.2801
vn -0.8595 -0.0369 0.5098
vn -0.9656 -0.0113 0.2598
vn -0.9535 0.0229 0.3006
vn 0.9928 0.0079 -0.1196
vn 0.6374 -0.0126 -0.7704
vn -0.5751 0.0180 -0.8179
vn -0.6612 -0.0219 -0.7499
vn 0.9878 -0.0278 0.1535
vn 0.9900 -0.0033 -0.1410
vn 0.9943 -0.0077 -0.1065
vn 0.6057 -0.0105 -0.7956
vn 0.9569 -0.0139 -0.2901
vn 0.6202 -0.0046 -0.7845
vn -0.4175 -0.0133 0.9086
vn 0.8343 0.0136 0.5511
vn -0.9945 0.0282 -0.1011
vn 0.4766 -0.0203 0.8789
vn 0.8881 0.0078 0.4595
vn 0.8298 0.0266 -0.5574
vn -0.4785 -0.0176 0.8779
vn 0.6186 0.0261 -0.7853
vn 0.6891 0.0110 -0.7246
vn 0.7441 0.0128 -0.6679
vn -0.6820 0.0145 -0.7312
vn -0.9247 -0.0080 -0.3805
vn -0.1621 0.0078 0.9867
vn -0.1764 0.0207 0.9841
vn 0.4468 -0.0023 -0.8946
vn 0.6444 -0.0136 0.7645
vn -0.8901 -0.0103 0.4557
vn 0.4010 -0.0119 -0.9160
vn 0.8728 0.0020 0.4881
vn -0.9551 0.0172 0.2959
vn 0.6162 0.0016 0.7876
vn -0.9818 0.0042 -0.1901
vn -0.9586 0.0080 -0.2845
usemtl Default_OBJ.036
s off
f 1//1 2//1 3//1
f 4//2 5//2 6//2
f 7//3 8//3 9//3
f 10//4 11//4 12//4
f 13//5 14//5 15//5
f 16//6 17//6 18//6
f 19//7 20//7 21//7
f 22//8 23//8 24//8
f 25//9 26//9 27//9
f 28//10 29//10 30//10
f 31//11 32//11 33//11
f 34//12 35//12 36//12
f 37//13 38//13 39//13
f 40//14 41//14 42//14
f 8//15 43//15 9//15
f 44//16 45//16 46//16
f 47//17 48//17 49//17
f 50//18 51//18 52//18
f 53//19 50//19 54//19
f 55//20 56//20 57//20
f 58//21 59//21 60//21
f 61//22 62//22 63//22
f 64//23 65//23 66//23
f 67//24 68//24 69//24
f 70//25 71//25 72//25
f 73//26 74//26 75//26
f 76//27 77//27 78//27
f 79//28 80//28 81//28
f 82//29 83//29 84//29
f 85//30 86//30 87//30
f 88//31 89//31 90//31
f 91//32 92//32 93//32
f 94//33 95//33 96//33
f 97//34 98//34 99//34
f 100//35 101//35 102//35
f 103//36 104//36 105//36
f 106//37 107//37 108//37
f 109//38 110//38 111//38
f 112//39 113//39 114//39
f 115//40 116//40 117//40
f 118//41 119//41 120//41
f 121//42 122//42 123//42
f 124//43 125//43 126//43
f 127//44 128//44 129//44
f 130//45 131//45 132//45
f 133//46 134//46 124//46
f 135//47 136//47 137//47
f 138//48 139//48 140//48
f 141//49 142//49 143//49
f 144//50 145//50 146//50
f 147//51 148//51 149//51
f 150//52 151//52 152//52
f 153//53 154//53 155//53
f 156//54 157//54 158//54
f 159//55 160//55 161//55
f 162//56 163//56 164//56
f 165//57 166//57 167//57
f 168//58 169//58 170//58
f 171//59 172//59 173//59
f 174//60 175//60 176//60
f 177//61 178//61 179//61
f 180//62 181//62 182//62
f 183//63 184//63 185//63
f 186//64 187//64 188//64
f 189//65 190//65 191//65
f 192//66 193//66 194//66
f 195//67 196//67 197//67
f 198//68 199//68 200//68
f 201//69 202//69 203//69
f 204//70 205//70 206//70
f 207//71 208//71 209//71
f 210//72 211//72 212//72
f 213//73 214//73 215//73
f 216//74 217//74 218//74
f 219//75 220//75 221//75
f 222//76 223//76 219//76
f 224//77 225//77 226//77
f 227//78 228//78 229//78
f 227//79 230//79 228//79
f 231//80 232//80 233//80
f 234//81 235//81 236//81
f 237//82 238//82 239//82
f 240//83 241//83 242//83
f 243//84 244//84 245//84
f 246//85 247//85 245//85
f 248//86 249//86 250//86
f 251//87 252//87 253//87
f 254//88 255//88 256//88
f 257//89 255//89 253//89
f 258//90 259//90 260//90
f 261//91 262//91 263//91
f 264//92 265//92 266//92
f 267//93 268//93 269//93
f 270//94 265//94 264//94
f 271//95 272//95 273//95
f 274//96 275//96 276//96
f 277//97 278//97 279//97
f 280//98 281//98 282//98
f 111//99 110//99 283//99
f 282//100 281//100 284//100
f 285//101 286//101 123//101
f 287//102 288//102 289//102
f 41//103 40//103 99//103
f 290//104 7//104 291//104
f 292//105 293//105 294//105
f 46//106 295//106 296//106
f 297//107 298//107 299//107
f 300//108 301//108 132//108
f 302//109 303//109 214//109
f 300//110 304//110 305//110
f 306//111 307//111 308//111
f 15//112 14//112 309//112
f 310//113 251//113 311//113
f 109//114 280//114 312//114
f 313//115 314//115 315//115
f 38//116 316//116 39//116
f 199//117 317//117 318//117
f 319//118 320//118 321//118
f 322//119 323//119 324//119
f 325//120 78//120 77//120
f 326//121 238//121 327//121
f 76//122 326//122 328//122
f 329//123 232//123 234//123
f 330//124 331//124 332//124
f 333//125 334//125 335//125
f 63//126 336//126 61//126
f 337//127 62//127 338//127
f 339//128 335//128 340//128
f 341//129 342//129 343//129
f 344//130 345//130 240//130
f 346//131 82//131 347//131
f 348//132 345//132 349//132
f 84//133 83//133 350//133
f 243//134 351//134 352//134
f 353//135 354//135 355//135
f 356//136 357//136 358//136
f 357//137 359//137 360//137
f 4//138 361//138 342//138
f 362//139 363//139 364//139
f 357//140 365//140 237//140
f 366//141 367//141 368//141
f 369//142 370//142 371//142
f 372//143 373//143 374//143
f 375//144 376//144 377//144
f 378//145 379//145 380//145
f 381//146 382//146 383//146
f 384//147 385//147 386//147
f 387//148 388//148 389//148
f 390//149 391//149 392//149
f 393//150 394//150 395//150
f 324//151 396//151 397//151
f 398//152 399//152 400//152
f 401//153 402//153 403//153
f 404//154 405//154 406//154
f 407//155 408//155 409//155
f 410//156 411//156 408//156
f 412//157 413//157 383//157
f 414//158 404//158 415//158
f 416//159 417//159 418//159
f 419//160 265//160 420//160
f 155//161 154//161 421//161
f 422//162 423//162 267//162
f 424//163 425//163 426//163
f 427//164 428//164 429//164
f 340//165 430//165 431//165
f 261//166 263//166 432//166
f 433//167 262//167 434//167
f 155//168 435//168 433//168
f 436//169 437//169 438//169
f 186//170 188//170 439//170
f 440//171 441//171 442//171
f 443//172 444//172 440//172
f 445//173 446//173 447//173
f 448//174 445//174 449//174
f 450//175 451//175 452//175
f 453//176 454//176 455//176
f 456//177 457//177 458//177
f 459//178 457//178 460//178
f 461//179 462//179 463//179
f 460//180 464//180 465//180
f 466//181 176//181 465//181
f 291//182 9//182 467//182
f 468//183 469//183 470//183
f 19//184 471//184 472//184
f 473//185 474//185 475//185
f 225//186 476//186 477//186
f 478//187 46//187 479//187
f 339//188 431//188 480//188
f 217//189 481//189 482//189
f 483//190 471//190 484//190
f 485//191 486//191 487//191
f 488//192 489//192 490//192
f 479//193 491//193 492//193
f 493//194 494//194 495//194
f 473//195 496//195 453//195
f 497//196 498//196 499//196
f 500//197 501//197 502//197
f 34//198 36//198 503//198
f 504//199 505//199 506//199
f 507//200 461//200 463//200
f 490//201 508//201 509//201
f 510//202 511//202 512//202
f 212//203 513//203 514//203
f 515//204 29//204 28//204
f 516//205 517//205 518//205
f 361//206 6//206 519//206
f 520//207 521//207 522//207
f 337//208 523//208 524//208
f 525//209 202//209 491//209
f 526//210 527//210 528//210
f 529//211 291//211 530//211
f 291//212 529//212 290//212
f 531//213 297//213 299//213
f 14//214 213//214 215//214
f 18//215 532//215 533//215
f 534//216 472//216 219//216
f 289//217 535//217 536//217
f 537//218 538//218 527//218
f 539//219 535//219 105//219
f 482//220 484//220 532//220
f 540//221 541//221 542//221
f 139//222 543//222 544//222
f 545//223 546//223 275//223
f 547//224 548//224 549//224
f 19//225 21//225 471//225
f 550//226 138//226 147//226
f 551//227 552//227 421//227
f 553//228 111//228 554//228
f 283//229 555//229 556//229
f 557//230 558//230 559//230
f 560//231 561//231 562//231
f 148//232 563//232 564//232
f 565//233 566//233 567//233
f 568//234 319//234 569//234
f 570//235 571//235 187//235
f 451//236 572//236 573//236
f 277//237 574//237 575//237
f 576//238 541//238 577//238
f 578//239 579//239 580//239
f 581//240 582//240 580//240
f 583//241 199//241 318//241
f 584//242 437//242 279//242
f 585//243 586//243 587//243
f 588//244 589//244 590//244
f 591//245 588//245 592//245
f 593//246 33//246 540//246
f 594//247 595//247 596//247
f 595//248 597//248 333//248
f 330//249 598//249 599//249
f 600//250 321//250 601//250
f 495//251 494//251 342//251
f 602//252 320//252 603//252
f 176//253 589//253 604//253
f 605//254 515//254 606//254
f 508//255 607//255 208//255
f 608//256 609//256 610//256
f 422//257 456//257 611//257
f 467//258 612//258 613//258
f 397//259 614//259 324//259
f 474//260 615//260 616//260
f 617//261 204//261 618//261
f 619//262 355//262 620//262
f 621//263 82//263 346//263
f 622//264 623//264 624//264
f 625//265 626//265 627//265
f 628//266 629//266 630//266
f 631//267 632//267 633//267
f 634//268 635//268 636//268
f 637//269 638//269 639//269
f 640//270 641//270 642//270
f 643//271 644//271 645//271
f 646//272 647//272 648//272
f 649//273 650//273 651//273
f 652//274 653//274 337//274
f 654//275 655//275 656//275
f 657//276 658//276 659//276
f 660//277 429//277 661//277
f 662//278 663//278 664//278
f 58//279 54//279 665//279
f 666//280 667//280 668//280
f 669//281 670//281 671//281
f 674//282 675//282 676//282
f 677//283 678//283 679//283
f 680//284 681//284 682//284
f 683//285 684//285 685//285
f 686//286 687//286 688//286
f 689//287 690//287 317//287
f 691//288 692//288 555//288
f 693//289 694//289 695//289
f 692//290 696//290 697//290
f 287//291 698//291 699//291
f 107//292 700//292 701//292
f 702//293 703//293 704//293
f 277//294 705//294 706//294
f 688//295 707//295 686//295
f 708//296 709//296 710//296
f 711//297 712//297 713//297
f 73//298 714//298 715//298
f 716//299 717//299 718//299
f 719//300 709//300 411//300
f 720//301 721//301 722//301
f 725//302 726//302 727//302
f 728//303 729//303 730//303
f 731//304 732//304 733//304
f 734//305 735//305 736//305
f 737//306 179//306 178//306
f 738//307 739//307 740//307
f 741//308 742//308 743//308
f 744//309 54//309 745//309
f 747//310 684//310 748//310
f 749//311 750//311 751//311
f 754//312 755//312 516//312
f 757//313 758//313 759//313
f 760//314 761//314 762//314
f 763//315 764//315 765//315
f 766//316 767//316 768//316
f 769//317 770//317 771//317
f 772//318 244//318 773//318
f 774//319 775//319 776//319
f 777//320 84//320 350//320
f 778//321 779//321 780//321
f 160//322 781//322 161//322
f 782//323 783//323 784//323
f 785//324 786//324 787//324
f 788//325 789//325 790//325
f 791//326 792//326 793//326
f 653//327 652//327 794//327
f 795//328 796//328 797//328
f 798//329 799//329 44//329
f 800//330 801//330 802//330
f 379//331 803//331 804//331
f 805//332 806//332 807//332
f 808//333 809//333 810//333
f 811//334 812//334 813//334
f 814//335 815//335 816//335
f 817//336 818//336 819//336
f 820//337 117//337 821//337
f 822//338 823//338 824//338
f 825//339 826//339 827//339
f 828//340 829//340 830//340
f 831//341 832//341 833//341
f 834//342 835//342 836//342
f 837//343 838//343 839//343
f 840//344 841//344 244//344
f 844//345 845//345 846//345
f 847//346 848//346 849//346
f 850//347 851//347 852//347
f 853//348 854//348 633//348
f 855//349 856//349 857//349
f 858//350 859//350 860//350
f 861//351 862//351 863//351
f 864//352 865//352 866//352
f 867//353 868//353 869//353
f 870//354 60//354 871//354
f 858//355 873//355 874//355
f 828//356 875//356 876//356
f 877//357 878//357 879//357
f 880//358 881//358 882//358
f 883//359 884//359 80//359
f 885//360 886//360 887//360
f 888//361 889//361 890//361
f 891//362 257//362 253//362
f 892//363 191//363 190//363
f 893//364 894//364 895//364
f 896//365 897//365 619//365
f 898//366 118//366 899//366
f 900//367 901//367 902//367
f 903//368 904//368 905//368
f 906//369 907//369 908//369
f 909//370 910//370 911//370
f 913//371 914//371 915//371
f 916//372 917//372 918//372
f 919//373 920//373 921//373
f 922//374 923//374 924//374
f 925//375 926//375 927//375
f 844//376 928//376 929//376
f 930//377 931//377 932//377
f 933//378 856//378 855//378
f 934//379 935//379 936//379
f 937//380 685//380 938//380
f 413//381 939//381 383//381
f 940//382 941//382 258//382
f 942//383 943//383 944//383
f 334//384 60//384 59//384
f 947//385 948//385 949//385
f 848//386 950//386 951//386
f 272//387 952//387 953//387
f 933//388 507//388 954//388
f 837//389 955//389 838//389
f 956//390 443//390 957//390
f 903//391 958//391 421//391
f 751//392 959//392 960//392
f 961//393 962//393 963//393
f 964//394 965//394 966//394
f 967//395 968//395 969//395
f 239//396 970//396 971//396
f 972//397 973//397 974//397
f 975//398 976//398 977//398
f 978//399 979//399 259//399
f 873//400 980//400 981//400
f 982//401 983//401 984//401
f 985//402 843//402 986//402
f 987//403 988//403 650//403
f 989//404 990//404 888//404
f 991//405 929//405 308//405
f 564//406 992//406 993//406
f 994//407 995//407 996//407
f 997//408 998//408 252//408
f 1001//409 1002//409 1003//409
f 1004//410 1005//410 1006//410
f 1007//411 1008//411 1009//411
f 1010//412 1011//412 1012//412
f 1013//413 110//413 1014//413
f 622//414 624//414 333//414
f 626//415 1015//415 1016//415
f 1017//416 1018//416 1019//416
f 1020//417 1021//417 1022//417
f 1023//418 1024//418 1025//418
f 1026//419 1027//419 1028//419
f 1029//420 924//420 1030//420
f 1031//421 1032//421 1033//421
f 912//422 1034//422 1035//422
f 1036//423 1037//423 1038//423
f 1039//424 1040//424 1041//424
f 1042//425 910//425 1043//425
f 1044//426 1045//426 1046//426
f 246//427 1047//427 1048//427
f 1049//428 1050//428 567//428
f 1008//429 1051//429 1009//429
f 1052//430 1053//430 566//430
f 1054//431 1055//431 1056//431
f 1057//432 1058//432 1059//432
f 727//433 1060//433 1061//433
f 1062//434 1063//434 1064//434
f 1065//435 1066//435 1067//435
f 1069//436 1070//436 1071//436
f 1072//437 636//437 635//437
f 1073//438 1074//438 1075//438
f 1076//439 645//439 1077//439
f 1078//440 1079//440 1080//440
f 1081//441 1082//441 612//441
f 1083//442 1084//442 1085//442
f 101//443 1086//443 96//443
f 171//444 1087//444 1088//444
f 694//445 1091//445 1092//445
f 1084//446 1083//446 697//446
f 1093//447 70//447 1094//447
f 1095//448 1096//448 97//448
f 1097//449 1098//449 1099//449
f 1100//450 1101//450 1102//450
f 1103//451 1104//451 1105//451
f 1106//452 1107//452 1108//452
f 1109//453 1110//453 1111//453
f 1112//454 1113//454 1114//454
f 1115//455 1116//455 1117//455
f 1118//456 1119//456 1120//456
f 1115//457 1121//457 1122//457
f 1120//458 1058//458 1060//458
f 1123//459 1124//459 1125//459
f 1126//460 1127//460 1128//460
f 1129//461 1130//461 1131//461
f 1132//462 603//462 1133//462
f 1135//463 1136//463 1105//463
f 1137//464 1138//464 1139//464
f 145//465 1140//465 1141//465
f 1142//466 1097//466 1143//466
f 1144//467 1145//467 1090//467
f 1113//468 1146//468 1147//468
f 1148//469 1149//469 1150//469
f 1151//470 1152//470 1153//470
f 1155//471 589//471 1156//471
f 1157//472 1138//472 1128//472
f 1158//473 1159//473 1160//473
f 1161//474 1162//474 1163//474
f 1164//475 1165//475 1166//475
f 127//476 1167//476 1168//476
f 562//477 561//477 1171//477
f 1172//478 1173//478 1174//478
f 803//479 1175//479 1176//479
f 1177//480 680//480 1178//480
f 1179//481 1180//481 1181//481
f 1182//482 1183//482 1184//482
f 1187//483 1188//483 1189//483
f 1190//484 1191//484 347//484
f 769//485 1192//485 1193//485
f 773//486 243//486 1194//486
f 1196//487 1197//487 417//487
f 1198//488 269//488 1199//488
f 661//489 1200//489 1201//489
f 653//490 1202//490 1203//490
f 228//491 1204//491 229//491
f 1205//492 426//492 427//492
f 743//493 742//493 1206//493
f 1207//494 1208//494 523//494
f 1209//495 755//495 1210//495
f 1211//496 53//496 744//496
f 1212//497 1213//497 1214//497
f 1215//498 1216//498 753//498
f 1217//499 1218//499 1198//499
f 1219//500 1220//500 1221//500
f 1222//501 1223//501 670//501
f 429//502 660//502 427//502
f 1224//503 784//503 783//503
f 116//504 1225//504 1226//504
f 1227//505 1228//505 1229//505
f 766//506 1230//506 787//506
f 1031//507 1231//507 734//507
f 992//508 564//508 912//508
f 1232//509 1233//509 1234//509
f 1235//510 1236//510 1237//510
f 1238//511 1239//511 1240//511
f 1241//512 1242//512 1243//512
f 1243//513 835//513 1244//513
f 983//514 1245//514 1246//514
f 1247//515 1248//515 647//515
f 1249//516 69//516 68//516
f 1250//517 1251//517 857//517
f 1145//518 639//518 638//518
f 854//519 1252//519 633//519
f 843//520 1253//520 1254//520
f 1255//521 1256//521 1257//521
f 1023//522 1258//522 1259//522
f 871//523 623//523 1260//523
f 1261//524 1262//524 1015//524
f 870//525 865//525 1263//525
f 998//526 1265//526 252//526
f 975//527 1266//527 1267//527
f 1268//528 978//528 259//528
f 1269//529 1270//529 1271//529
f 1272//530 1273//530 1274//530
f 628//531 1276//531 1277//531
f 626//532 625//532 1261//532
f 1278//533 1279//533 1280//533
f 1281//534 1282//534 989//534
f 1283//535 1284//535 1021//535
f 948//536 1285//536 1286//536
f 1287//537 1288//537 364//537
f 241//538 1289//538 1290//538
f 1292//539 1293//539 1294//539
f 1295//540 65//540 57//540
f 1296//541 1297//541 390//541
f 844//542 1299//542 1300//542
f 548//543 1301//543 549//543
f 879//544 878//544 1302//544
f 1224//545 507//545 454//545
f 863//546 1303//546 1304//546
f 1305//547 961//547 963//547
f 958//548 1306//548 421//548
f 152//549 1307//549 1308//549
f 1309//550 1310//550 1311//550
f 916//551 1312//551 1313//551
f 765//552 764//552 1314//552
f 1315//553 1316//553 1317//553
f 575//554 1318//554 277//554
f 1319//555 729//555 640//555
f 317//556 1320//556 318//556
f 1321//557 1322//557 1323//557
f 688//558 1324//558 206//558
f 1325//559 1326//559 1327//559
f 1328//560 698//560 287//560
f 1329//561 1330//561 1331//561
f 1332//562 325//562 1333//562
f 620//563 1334//563 619//563
f 901//564 1336//564 902//564
f 1337//565 1338//565 1339//565
f 1340//566 1341//566 1342//566
f 946//567 1343//567 1344//567
f 1345//568 531//568 1346//568
f 586//569 1348//569 463//569
f 1275//570 459//570 460//570
f 474//571 473//571 455//571
f 1286//572 1285//572 1206//572
f 480//573 1349//573 521//573
f 62//574 61//574 338//574
f 1350//575 275//575 546//575
f 1139//576 1157//576 1351//576
f 104//577 692//577 697//577
f 600//578 569//578 321//578
f 1336//579 1352//579 780//579
f 85//580 770//580 350//580
f 702//581 704//581 1353//581
f 1319//582 640//582 1354//582
f 1355//583 1145//583 1356//583
f 598//584 602//584 599//584
f 1067//585 1066//585 1357//585
f 625//586 1358//586 1261//586
f 578//587 580//587 594//587
f 1112//588 1114//588 1098//588
f 761//589 903//589 762//589
f 1359//590 1264//590 1014//590
f 860//591 980//591 873//591
f 467//592 613//592 530//592
f 693//593 695//593 1360//593
f 658//594 657//594 1361//594
f 496//595 1362//595 374//595
f 955//596 675//596 838//596
f 963//597 1030//597 1305//597
f 1306//598 551//598 421//598
f 1144//599 1363//599 1364//599
f 175//600 573//600 590//600
f 307//601 297//601 1345//601
f 1365//602 1032//602 303//602
f 1366//603 1367//603 1368//603
f 212//604 1366//604 1369//604
f 1370//605 1371//605 792//605
f 928//606 132//606 301//606
f 212//607 1372//607 1373//607
f 307//608 1266//608 308//608
f 1032//609 736//609 1374//609
f 215//610 1375//610 1376//610
f 1278//611 439//611 1024//611
f 1377//612 1378//612 27//612
f 1379//613 1374//613 216//613
f 140//614 544//614 1380//614
f 122//615 1381//615 819//615
f 187//616 186//616 1382//616
f 577//617 1364//617 576//617
f 1383//618 1384//618 363//618
f 521//619 520//619 1385//619
f 285//620 122//620 1386//620
f 1068//621 578//621 1358//621
f 322//622 583//622 318//622
f 1387//623 204//623 206//623
f 697//624 1083//624 104//624
f 1388//625 1389//625 1390//625
f 1353//626 704//626 591//626
f 1127//627 1354//627 470//627
f 85//628 350//628 86//628
f 1222//629 669//629 453//629
f 1391//630 1349//630 528//630
f 153//631 426//631 154//631
f 1392//632 372//632 1393//632
f 138//633 1394//633 147//633
f 586//634 577//634 587//634
f 1395//635 121//635 1396//635
f 508//636 1397//636 509//636
f 1385//637 196//637 596//637
f 603//638 650//638 988//638
f 1398//639 1399//639 226//639
f 546//640 1400//640 592//640
f 483//641 482//641 1360//641
f 1401//642 1402//642 449//642
f 673//643 224//643 1212//643
f 445//644 1216//644 676//644
f 337//645 524//645 63//645
f 1276//646 1403//646 362//646
f 148//647 1404//647 563//647
f 611//648 428//648 1405//648
f 1406//649 753//649 448//649
f 1407//650 1408//650 467//650
f 1409//651 1410//651 500//651
f 560//652 131//652 130//652
f 1173//653 1411//653 1412//653
f 1413//654 810//654 809//654
f 509//655 1414//655 1415//655
f 1416//656 534//656 223//656
f 1404//657 1417//657 563//657
f 551//658 912//658 564//658
f 1409//659 1418//659 1419//659
f 1083//660 1420//660 1421//660
f 1422//661 1423//661 1424//661
f 1425//662 1426//662 1427//662
f 1428//663 1429//663 1430//663
f 1431//664 1432//664 1433//664
f 1434//665 1435//665 1436//665
f 1437//666 1438//666 1439//666
f 1440//667 1441//667 1442//667
f 1443//668 1444//668 1445//668
f 1446//669 1447//669 1448//669
f 1449//670 1450//670 1451//670
f 1452//671 1453//671 1454//671
f 1455//672 1456//672 1457//672
f 1458//673 1459//673 1460//673
f 1461//674 1462//674 1463//674
f 1464//675 1465//675 1466//675
f 1467//676 1468//676 1469//676
f 1470//677 1471//677 1017//677
f 824//678 1472//678 822//678
f 1473//679 1474//679 1475//679
f 759//680 1476//680 757//680
f 1477//681 1478//681 1479//681
f 1480//682 1463//682 1481//682
f 763//683 1482//683 1483//683
f 1484//684 1485//684 1457//684
f 1486//685 1487//685 1488//685
f 1489//686 1490//686 1491//686
f 1492//687 1493//687 1494//687
f 1495//688 1496//688 738//688
f 1497//689 1498//689 1499//689
f 713//690 1500//690 1501//690
f 1502//691 1503//691 1504//691
f 1505//692 1506//692 1507//692
f 1508//693 1509//693 1510//693
f 1511//694 1512//694 1513//694
f 1514//695 1515//695 1516//695
f 880//696 1517//696 1518//696
f 1519//697 767//697 1520//697
f 1521//698 1522//698 1523//698
f 1524//699 1525//699 1526//699
f 1527//700 1528//700 1529//700
f 385//701 1530//701 1531//701
f 1532//702 1533//702 1534//702
f 1433//703 1535//703 1536//703
f 1537//704 1538//704 1539//704
f 1540//705 1541//705 1542//705
f 1543//706 1544//706 1545//706
f 1546//707 151//707 1547//707
f 1548//708 1549//708 1443//708
f 1550//709 1551//709 1552//709
f 634//710 1553//710 635//710
f 75//711 1554//711 1555//711
f 1556//712 1073//712 1557//712
f 1558//713 1559//713 1560//713
f 1244//714 835//714 1561//714
f 1562//715 1563//715 1564//715
f 1565//716 1566//716 1567//716
f 1568//717 1569//717 1570//717
f 1571//718 242//718 1290//718
f 157//719 1572//719 1573//719
f 1574//720 371//720 388//720
f 1575//721 1576//721 1577//721
f 1184//722 1578//722 1182//722
f 1579//723 1574//723 1580//723
f 1581//724 1582//724 1583//724
f 1584//725 415//725 404//725
f 1585//726 1586//726 409//726
f 1587//727 1588//727 1589//727
f 1590//728 1591//728 957//728
f 1592//729 1593//729 382//729
f 1594//730 1595//730 1596//730
f 1597//731 1598//731 1599//731
f 754//732 957//732 1600//732
f 169//733 1601//733 1602//733
f 1603//734 1604//734 558//734
f 407//735 1605//735 410//735
f 403//736 1559//736 1606//736
f 1607//737 1072//737 1608//737
f 1609//738 1610//738 1611//738
f 1612//739 1613//739 1614//739
f 1373//740 1372//740 1344//740
f 1364//741 1615//741 576//741
f 868//742 522//742 947//742
f 1616//743 1617//743 338//743
f 642//744 1618//744 1619//744
f 603//745 320//745 1133//745
f 1620//746 198//746 1068//746
f 1067//747 318//747 1320//747
f 1154//748 1042//748 1387//748
f 1056//749 283//749 110//749
f 1131//750 544//750 1129//750
f 1251//751 1356//751 462//751
f 550//752 147//752 149//752
f 1621//753 446//753 676//753
f 667//754 1391//754 1622//754
f 1261//755 1358//755 195//755
f 328//756 1623//756 1276//756
f 1388//757 1390//757 1624//757
f 1625//758 202//758 201//758
f 1216//759 448//759 753//759
f 130//760 561//760 560//760
f 1626//761 1627//761 1628//761
f 1629//762 1029//762 1238//762
f 1413//763 809//763 121//763
f 110//764 109//764 1014//764
f 1409//765 984//765 1410//765
f 1630//766 1631//766 1632//766
f 1109//767 1633//767 1634//767
f 1635//768 1636//768 1637//768
f 1314//769 1637//769 1638//769
f 1639//770 1640//770 1641//770
f 854//771 1310//771 1642//771
f 1311//772 886//772 1309//772
f 1643//773 1644//773 1645//773
f 1646//774 1647//774 1538//774
f 1648//775 1218//775 163//775
f 1649//776 895//776 1650//776
f 1651//777 1652//777 1653//777
f 1077//778 1654//778 1070//778
f 1655//779 718//779 1656//779
f 1657//780 1658//780 717//780
f 1659//781 840//781 1660//781
f 1661//782 821//782 117//782
f 1662//783 1663//783 1664//783
f 1665//784 1663//784 1662//784
f 1666//785 1667//785 1556//785
f 1597//786 1668//786 1669//786
f 1670//787 1671//787 1566//787
f 1672//788 937//788 1673//788
f 1674//789 1675//789 1676//789
f 1677//790 787//790 1230//790
f 1678//791 1679//791 862//791
f 1680//792 1681//792 747//792
f 930//793 1681//793 1682//793
f 1026//794 190//794 1591//794
f 1571//795 1683//795 1684//795
f 1546//796 1685//796 1307//796
f 1686//797 1687//797 68//797
f 1688//798 774//798 1689//798
f 1690//799 1691//799 833//799
f 1692//800 1232//800 1234//800
f 821//801 1693//801 1005//801
f 455//802 615//802 474//802
f 1385//803 480//803 521//803
f 491//804 1694//804 492//804
f 204//805 617//805 205//805
f 504//806 25//806 1695//806
f 316//807 944//807 943//807
f 815//808 814//808 1696//808
f 1697//809 1698//809 1699//809
f 1700//810 173//810 167//810
f 1701//811 940//811 305//811
f 1119//812 979//812 1702//812
f 1703//813 1704//813 1393//813
f 1164//814 789//814 788//814
f 59//815 665//815 52//815
f 1705//816 114//816 1706//816
f 1140//817 1707//817 733//817
f 1412//818 514//818 1708//818
f 1167//819 1709//819 1710//819
f 257//820 256//820 255//820
f 1711//821 525//821 1712//821
f 1118//822 1060//822 726//822
f 1713//823 145//823 1141//823
f 1378//824 1695//824 27//824
f 183//825 29//825 1714//825
f 1715//826 235//826 1716//826
f 1717//827 1718//827 1719//827
f 239//828 1720//828 237//828
f 365//829 1383//829 1721//829
f 5//830 790//830 1722//830
f 286//831 285//831 1723//831
f 841//832 245//832 244//832
f 1724//833 1700//833 31//833
f 1725//834 1726//834 1727//834
f 1048//835 1328//835 1728//835
f 293//836 536//836 539//836
f 1729//837 1557//837 1730//837
f 290//838 529//838 1731//838
f 40//839 1321//839 97//839
f 1164//840 1732//840 1733//840
f 113//841 1039//841 12//841
f 1734//842 1735//842 50//842
f 131//843 1736//843 1737//843
f 145//844 1738//844 1140//844
f 1688//845 773//845 1739//845
f 343//846 799//846 1165//846
f 1740//847 997//847 284//847
f 1741//848 1096//848 1242//848
f 1742//849 1743//849 146//849
f 26//850 506//850 194//850
f 193//851 1744//851 1745//851
f 1734//852 192//852 194//852
f 434//853 1037//853 1746//853
f 1199//854 1747//854 1198//854
f 1748//855 1749//855 1750//855
f 1751//856 1430//856 1429//856
f 1437//857 1439//857 1752//857
f 1753//858 1495//858 1444//858
f 1445//859 1494//859 1443//859
f 1513//860 1501//860 1754//860
f 1755//861 1756//861 1757//861
f 1758//862 1759//862 1760//862
f 1761//863 1762//863 1763//863
f 1764//864 1765//864 1766//864
f 1767//865 1768//865 1476//865
f 1769//866 1475//866 1474//866
f 1770//867 1771//867 1772//867
f 1773//868 1761//868 1774//868
f 1589//869 1588//869 1775//869
f 1776//870 1526//870 1525//870
f 1777//871 1778//871 1779//871
f 1703//872 1780//872 1781//872
f 1379//873 309//873 14//873
f 479//874 525//874 491//874
f 532//875 484//875 533//875
f 1782//876 1044//876 1783//876
f 1784//877 1785//877 1260//877
f 48//878 1786//878 397//878
f 1787//879 370//879 1788//879
f 1789//880 497//880 2//880
f 1790//881 871//881 1260//881
f 1244//882 1791//882 1243//882
f 1164//883 1166//883 1732//883
f 1731//884 529//884 205//884
f 1096//885 1792//885 1242//885
f 471//886 483//886 220//886
f 505//887 225//887 506//887
f 1793//888 535//888 288//888
f 1794//889 1321//889 1795//889
f 1599//890 1729//890 1796//890
f 1730//891 600//891 1796//891
f 1797//892 511//892 47//892
f 349//893 352//893 1798//893
f 44//894 799//894 45//894
f 1712//895 45//895 343//895
f 53//896 1211//896 192//896
f 443//897 440//897 1799//897
f 1800//898 506//898 538//898
f 1801//899 1590//899 957//899
f 1802//900 1803//900 1804//900
f 1805//901 172//901 1135//901
f 1806//902 577//902 541//902
f 451//903 1807//903 174//903
f 582//904 510//904 597//904
f 1808//905 235//905 1809//905
f 332//906 598//906 330//906
f 1810//907 28//907 540//907
f 572//908 1350//908 573//908
f 1398//909 1695//909 1378//909
f 279//910 1027//910 584//910
f 571//911 436//911 187//911
f 184//912 1745//912 185//912
f 1714//913 605//913 27//913
f 345//914 621//914 240//914
f 1165//915 341//915 343//915
f 1811//916 441//916 1812//916
f 1168//917 120//917 119//917
f 488//918 1813//918 489//918
f 1812//919 517//919 228//919
f 17//920 732//920 1697//920
f 167//921 1814//921 165//921
f 22//922 166//922 23//922
f 1815//923 450//923 452//923
f 298//924 300//924 260//924
f 1699//925 944//925 485//925
f 485//926 1816//926 13//926
f 531//927 1817//927 1346//927
f 1777//928 160//928 1818//928
f 1819//929 229//929 1204//929
f 1820//930 60//930 1263//930
f 339//931 340//931 431//931
f 1781//932 34//932 503//932
f 1547//933 1573//933 266//933
f 265//934 1821//934 420//934
f 360//935 1383//935 357//935
f 361//936 519//936 495//936
f 118//937 120//937 1710//937
f 490//938 609//938 508//938
f 1822//939 286//939 254//939
f 1823//940 127//940 39//940
f 1738//941 144//941 1824//941
f 20//942 1825//942 146//942
f 263//943 1394//943 432//943
f 624//944 623//944 871//944
f 595//945 1826//945 1827//945
f 1407//946 1828//946 492//946
f 284//947 1829//947 553//947
f 1041//948 1830//948 1039//948
f 1831//949 1832//949 1833//949
f 1096//950 1741//950 98//950
f 513//951 38//951 1708//951
f 5//952 1722//952 1727//952
f 329//953 331//953 336//953
f 1723//954 282//954 310//954
f 209//955 501//955 500//955
f 295//956 478//956 43//956
f 1834//957 1743//957 1835//957
f 1416//958 503//958 534//958
f 1836//959 1837//959 726//959
f 781//960 1838//960 1839//960
f 1362//961 475//961 1840//961
f 267//962 1841//962 270//962
f 696//963 1842//963 1326//963
f 205//964 707//964 206//964
f 199//965 198//965 1844//965
f 1845//966 1846//966 1330//966
f 568//967 1848//967 319//967
f 319//968 321//968 569//968
f 1850//969 604//969 589//969
f 589//970 176//970 175//970
f 1089//971 1851//971 1852//971
f 1853//972 1854//972 1152//972
f 1247//973 646//973 1855//973
f 1357//974 322//974 318//974
f 1856//975 195//975 1358//975
f 1857//976 1858//976 1068//976
f 800//977 802//977 1859//977
f 771//978 1860//978 1192//978
f 226//979 1861//979 224//979
f 445//980 447//980 449//980
f 1213//981 964//981 1863//981
f 1864//982 1865//982 1159//982
f 546//983 592//983 590//983
f 1128//984 1866//984 1126//984
f 1867//985 1868//985 1270//985
f 325//986 630//986 1333//986
f 76//987 328//987 77//987
f 1247//988 1855//988 1869//988
f 649//989 1870//989 1256//989
f 602//990 603//990 599//990
f 1025//991 1872//991 1258//991
f 1363//992 469//992 1615//992
f 1866//993 1873//993 1126//993
f 592//994 588//994 590//994
f 1874//995 1875//995 666//995
f 753//996 1406//996 1208//996
f 524//997 523//997 1402//997
f 1876//998 681//998 1877//998
f 1878//999 1879//999 678//999
f 1170//1000 795//1000 1880//1000
f 888//1001 1871//1001 1335//1001
f 1267//1002 1881//1002 976//1002
f 1380//1003 544//1003 1345//1003
f 1882//1004 1883//1004 641//1004
f 1288//1005 1884//1005 935//1005
f 338//1006 1294//1006 652//1006
f 949//1007 1885//1007 1886//1007
f 954//1008 1887//1008 1888//1008
f 1889//1009 459//1009 756//1009
f 416//1010 1890//1010 417//1010
f 761//1011 1891//1011 904//1011
f 121//1012 1892//1012 122//1012
f 208//1013 1893//1013 1397//1013
f 778//1014 1894//1014 1895//1014
f 1897//1015 1898//1015 806//1015
f 1366//1016 1368//1016 213//1016
f 946//1017 926//1017 925//1017
f 1899//1018 1900//1018 1250//1018
f 1000//1019 465//1019 1901//1019
f 499//1020 498//1020 396//1020
f 1902//1021 1903//1021 968//1021
f 1383//1022 1403//1022 1721//1022
f 1904//1023 1905//1023 1262//1023
f 829//1024 983//1024 830//1024
f 1410//1025 984//1025 829//1025
f 1264//1026 1906//1026 995//1026
f 980//1027 860//1027 1907//1027
f 92//1028 1908//1028 620//1028
f 91//1029 93//1029 294//1029
f 1909//1030 1910//1030 812//1030
f 857//1031 1899//1031 1250//1031
f 1251//1032 462//1032 857//1032
f 302//1033 1367//1033 1373//1033
f 844//1034 1911//1034 1299//1034
f 1912//1035 1913//1035 961//1035
f 552//1036 551//1036 563//1036
f 752//1037 1914//1037 663//1037
f 668//1038 1874//1038 666//1038
f 1877//1039 1915//1039 1876//1039
f 810//1040 1916//1040 1162//1040
f 1170//1041 1172//1041 795//1041
f 1010//1042 1917//1042 1081//1042
f 1154//1043 1148//1043 1042//1043
f 1055//1044 1918//1044 1107//1044
f 723//1045 1919//1045 724//1045
f 1921//1046 1922//1046 907//1046
f 539//1047 104//1047 1083//1047
f 703//1048 1923//1048 1316//1048
f 640//1049 1882//1049 641//1049
f 734//1050 1347//1050 735//1050
f 1345//1051 1131//1051 307//1051
f 1099//1052 1114//1052 1147//1052
f 1112//1053 216//1053 1374//1053
f 1122//1054 1924//1054 1116//1054
f 149//1055 1925//1055 550//1055
f 550//1056 139//1056 138//1056
f 1926//1057 1099//1057 1147//1057
f 928//1058 846//1058 1928//1058
f 1929//1059 1930//1059 1341//1059
f 1396//1060 121//1060 123//1060
f 1352//1061 778//1061 780//1061
f 1397//1062 1893//1062 780//1062
f 794//1063 1931//1063 1202//1063
f 948//1064 1286//1064 949//1064
f 347//1065 1191//1065 1287//1065
f 346//1066 1287//1066 1384//1066
f 661//1067 1933//1067 1200//1067
f 1224//1068 954//1068 507//1068
f 453//1069 669//1069 454//1069
f 867//1070 1904//1070 1262//1070
f 520//1071 197//1071 1385//1071
f 1934//1072 1935//1072 851//1072
f 842//1073 1254//1073 1936//1073
f 830//1074 1246//1074 1937//1074
f 1938//1075 1939//1075 826//1075
f 912//1076 1940//1076 1034//1076
f 552//1077 435//1077 155//1077
f 961//1078 1305//1078 1912//1078
f 1941//1079 1942//1079 655//1079
f 425//1080 1405//1080 428//1080
f 1187//1081 1223//1081 657//1081
f 476//1082 224//1082 1622//1082
f 986//1083 1371//1083 1370//1083
f 1408//1084 492//1084 1694//1084
f 642//1085 1619//1085 1354//1085
f 1896//1086 1372//1086 211//1086
f 910//1087 1419//1087 1043//1087
f 668//1088 1622//1088 673//1088
f 1405//1089 423//1089 611//1089
f 469//1090 1943//1090 1127//1090
f 1346//1091 1837//1091 1380//1091
f 1411//1092 210//1092 514//1092
f 586//1093 462//1093 1944//1093
f 324//1094 648//1094 985//1094
f 326//1095 76//1095 1945//1095
f 1856//1096 196//1096 195//1096
f 1414//1097 509//1097 1397//1097
f 1212//1098 224//1098 1861//1098
f 1393//1099 418//1099 1392//1099
f 1946//1100 424//1100 153//1100
f 528//1101 1622//1101 1391//1101
f 346//1102 1384//1102 360//1102
f 1364//1103 1944//1103 1144//1103
f 578//1104 1068//1104 198//1104
f 322//1105 1357//1105 323//1105
f 218//1106 1379//1106 216//1106
f 1097//1107 217//1107 1098//1107
f 222//1108 963//1108 1390//1108
f 468//1109 542//1109 469//1109
f 1615//1110 1364//1110 1363//1110
f 457//1111 1889//1111 458//1111
f 521//1112 1285//1112 522//1112
f 498//1113 1789//1113 397//1113
f 1947//1114 292//1114 1948//1114
f 1949//1115 874//1115 1408//1115
f 283//1116 103//1116 554//1116
f 1950//1117 1945//1117 569//1117
f 1366//1118 1373//1118 1367//1118
f 1394//1119 263//1119 1404//1119
f 221//1120 1360//1120 1951//1120
f 1618//1121 1377//1121 1619//1121
f 829//1122 1893//1122 208//1122
f 441//1123 444//1123 1812//1123
f 497//1124 3//1124 2//1124
f 1827//1125 480//1125 1385//1125
f 247//1126 1952//1126 351//1126
f 501//1127 608//1127 11//1127
f 1953//1128 438//1128 1799//1128
f 432//1129 1954//1129 725//1129
f 1125//1130 593//1130 1123//1130
f 38//1131 486//1131 316//1131
f 18//1132 15//1132 309//1132
f 1038//1133 261//1133 432//1133
f 1955//1134 472//1134 534//1134
f 1948//1135 1728//1135 1947//1135
f 1418//1136 502//1136 1833//1136
f 1741//1137 1956//1137 98//1137
f 451//1138 272//1138 271//1138
f 236//1139 332//1139 331//1139
f 30//1140 1957//1140 1123//1140
f 1816//1141 213//1141 14//1141
f 1800//1142 538//1142 1958//1142
f 50//1143 665//1143 54//1143
f 537//1144 51//1144 1735//1144
f 359//1145 356//1145 240//1145
f 1821//1146 265//1146 270//1146
f 161//1147 1959//1147 616//1147
f 1168//1148 37//1148 127//1148
f 1737//1149 313//1149 1960//1149
f 344//1150 1194//1150 352//1150
f 230//1151 1812//1151 228//1151
f 495//1152 342//1152 361//1152
f 814//1153 422//1153 267//1153
f 1961//1154 34//1154 1781//1154
f 1806//1155 541//1155 32//1155
f 510//1156 512//1156 1962//1156
f 1717//1157 1963//1157 1718//1157
f 484//1158 21//1158 533//1158
f 1118//1159 1837//1159 1119//1159
f 1141//1160 732//1160 16//1160
f 419//1161 433//1161 434//1161
f 1703//1162 1416//1162 1390//1162
f 1731//1163 42//1163 41//1163
f 581//1164 579//1164 1964//1164
f 1715//1165 601//1165 1965//1165
f 575//1166 545//1166 275//1166
f 468//1167 515//1167 1810//1167
f 572//1168 271//1168 1966//1168
f 26//1169 184//1169 1714//1169
f 286//1170 255//1170 254//1170
f 23//1171 159//1171 24//1171
f 1369//1172 487//1172 513//1172
f 239//1173 238//1173 1967//1173
f 1727//1174 1726//1174 1//1174
f 282//1175 284//1175 997//1175
f 279//1176 571//1176 574//1176
f 1817//1177 260//1177 979//1177
f 1282//1178 1968//1178 1969//1178
f 850//1179 1617//1179 1971//1179
f 1972//1180 1973//1180 793//1180
f 1974//1181 868//1181 947//1181
f 842//1182 1972//1182 1371//1182
f 856//1183 933//1183 1975//1183
f 1624//1184 1976//1184 878//1184
f 982//1185 911//1185 1245//1185
f 1977//1186 612//1186 981//1186
f 906//1187 1235//1187 1420//1187
f 662//1188 1215//1188 753//1188
f 1033//1189 1978//1189 1979//1189
f 654//1190 760//1190 1205//1190
f 1980//1191 1197//1191 1981//1191
f 1361//1192 372//1192 1980//1192
f 784//1193 671//1193 782//1193
f 1982//1194 743//1194 1206//1194
f 677//1195 1983//1195 1190//1195
f 1984//1196 1985//1196 792//1196
f 1174//1197 1986//1197 796//1197
f 805//1198 1171//1198 1987//1198
f 1169//1199 1626//1199 1628//1199
f 1988//1200 1989//1200 1091//1200
f 723//1201 149//1201 993//1201
f 994//1202 1013//1202 1014//1202
f 1990//1203 1991//1203 1011//1203
f 925//1204 1978//1204 1365//1204
f 642//1205 1993//1205 1618//1205
f 1161//1206 808//1206 810//1206
f 121//1207 1395//1207 1413//1207
f 1414//1208 779//1208 1994//1208
f 1627//1209 1995//1209 1185//1209
f 672//1210 1214//1210 746//1210
f 1178//1211 1996//1211 1177//1211
f 667//1212 1206//1212 1391//1212
f 659//1213 1997//1213 1188//1213
f 1998//1214 1999//1214 1146//1214
f 1115//1215 2000//1215 1129//1215
f 735//1216 1374//1216 736//1216
f 837//1217 2001//1217 1621//1217
f 1339//1218 1949//1218 1694//1218
f 825//1219 1334//1219 1908//1219
f 902//1220 875//1220 900//1220
f 1139//1221 2003//1221 1137//1221
f 1363//1222 1089//1222 1351//1222
f 1158//1223 1155//1223 1156//1223
f 1344//1224 2004//1224 945//1224
f 1030//1225 221//1225 1951//1225
f 967//1226 628//1226 1277//1226
f 1629//1227 1240//1227 922//1227
f 1248//1228 985//1228 648//1228
f 1255//1229 987//1229 650//1229
f 2002//1230 2005//1230 965//1230
f 676//1231 955//1231 1621//1231
f 1340//1232 817//1232 1381//1232
f 122//1233 285//1233 123//1233
f 1338//1234 2006//1234 858//1234
f 1151//1235 1332//1235 1333//1235
f 1620//1236 2007//1236 689//1236
f 2008//1237 2009//1237 687//1237
f 1106//1238 555//1238 1056//1238
f 730//1239 2010//1239 728//1239
f 800//1240 2011//1240 801//1240
f 1876//1241 201//1241 681//1241
f 769//1242 777//1242 350//1242
f 2012//1243 639//1243 1355//1243
f 1269//1244 1901//1244 2013//1244
f 1251//1245 1355//1245 1356//1245
f 1315//1246 2014//1246 704//1246
f 1319//1247 1354//1247 1127//1247
f 1324//1248 1149//1248 1148//1248
f 539//1249 105//1249 104//1249
f 1082//1250 2015//1250 2016//1250
f 1134//1251 2017//1251 1065//1251
f 198//1252 1620//1252 1844//1252
f 1329//1253 1132//1253 1133//1253
f 602//1254 601//1254 321//1254
f 1961//1255 1780//1255 1362//1255
f 2018//1256 336//1256 331//1256
f 1952//1257 247//1257 1948//1257
f 11//1258 1706//1258 114//1258
f 298//1259 297//1259 301//1259
f 1400//1260 570//1260 2019//1260
f 1807//1261 175//1261 174//1261
f 1//1262 2020//1262 1963//1262
f 597//1263 1962//1263 622//1263
f 1417//1264 263//1264 435//1264
f 959//1265 2021//1265 35//1265
f 268//1266 264//1266 269//1266
f 449//1267 1803//1267 442//1267
f 611//1268 423//1268 422//1268
f 4//1269 341//1269 788//1269
f 2022//1270 749//1270 2023//1270
f 21//1271 20//1271 1713//1271
f 1946//1272 420//1272 1821//1272
f 2024//1273 326//1273 1945//1273
f 1730//1274 1075//1274 2024//1274
f 1322//1275 42//1275 1832//1275
f 1421//1276 293//1276 539//1276
f 593//1277 30//1277 1123//1277
f 546//1278 573//1278 1350//1278
f 40//1279 97//1279 99//1279
f 336//1280 63//1280 230//1280
f 1798//1281 87//1281 349//1281
f 263//1282 1417//1282 1404//1282
f 466//1283 452//1283 174//1283
f 1825//1284 1955//1284 1742//1284
f 1449//1285 1451//1285 2025//1285
f 1631//1286 1630//1286 2026//1286
f 1442//1287 1450//1287 2027//1287
f 2028//1288 1458//1288 2029//1288
f 2030//1289 2031//1289 2032//1289
f 2033//1290 2034//1290 1466//1290
f 939//1291 2035//1291 2036//1291
f 2037//1292 1522//1292 2038//1292
f 1519//1293 2039//1293 768//1293
f 406//1294 1563//1294 1562//1294
f 1471//1295 2040//1295 2041//1295
f 2042//1296 2043//1296 2044//1296
f 2045//1297 2046//1297 2047//1297
f 2048//1298 2049//1298 2050//1298
f 1664//1299 1636//1299 2051//1299
f 2052//1300 2053//1300 2054//1300
f 2055//1301 2056//1301 2057//1301
f 399//1302 1607//1302 2058//1302
f 2059//1303 2060//1303 2061//1303
f 2062//1304 2063//1304 2064//1304
f 2065//1305 2066//1305 2067//1305
f 1502//1306 2068//1306 2069//1306
f 2070//1307 2071//1307 1467//1307
f 2072//1308 2073//1308 2074//1308
f 2075//1309 1424//1309 2076//1309
f 1542//1310 1541//1310 2077//1310
f 2078//1311 2079//1311 2080//1311
f 2081//1312 1478//1312 2082//1312
f 1579//1313 2083//1313 549//1313
f 1573//1314 151//1314 157//1314
f 2084//1315 2085//1315 2086//1315
f 2087//1316 407//1316 2088//1316
f 2089//1317 1527//1317 2090//1317
f 2091//1318 2092//1318 2093//1318
f 2094//1319 1076//1319 1252//1319
f 708//1320 1795//1320 2095//1320
f 2096//1321 1587//1321 2097//1321
f 2098//1322 1654//1322 2099//1322
f 1633//1323 2100//1323 740//1323
f 44//1324 2101//1324 798//1324
f 2102//1325 731//1325 2103//1325
f 2104//1326 2105//1326 1725//1326
f 898//1327 2106//1327 2107//1327
f 2108//1328 2109//1328 2110//1328
f 2111//1329 1230//1329 2112//1329
f 2113//1330 2114//1330 1784//1330
f 2094//1331 1642//1331 1309//1331
f 2115//1332 1109//1332 1111//1332
f 169//1333 168//1333 2116//1333
f 1680//1334 747//1334 2117//1334
f 2118//1335 2119//1335 2120//1335
f 1663//1336 1637//1336 1636//1336
f 2121//1337 1675//1337 2122//1337
f 2123//1338 2124//1338 2125//1338
f 2126//1339 1635//1339 2127//1339
f 1303//1340 1644//1340 2128//1340
f 863//1341 1679//1341 2129//1341
f 1779//1342 389//1342 1219//1342
f 2130//1343 2131//1343 2132//1343
f 2133//1344 2134//1344 2135//1344
f 1219//1345 1777//1345 1779//1345
f 2136//1346 2137//1346 2102//1346
f 2138//1347 973//1347 2139//1347
f 1589//1348 1775//1348 2140//1348
f 1183//1349 1593//1349 744//1349
f 1814//1350 1778//1350 2141//1350
f 1545//1351 1768//1351 2142//1351
f 1782//1352 1805//1352 2143//1352
f 565//1353 2144//1353 1312//1353
f 1181//1354 2145//1354 1304//1354
f 2066//1355 786//1355 2146//1355
f 2147//1356 2130//1356 2148//1356
f 2148//1357 2149//1357 2150//1357
f 369//1358 1788//1358 370//1358
f 2086//1359 2151//1359 2152//1359
f 2153//1360 2154//1360 2155//1360
f 1464//1361 2156//1361 2039//1361
f 930//1362 1673//1362 938//1362
f 881//1363 937//1363 2157//1363
f 2158//1364 2159//1364 1585//1364
f 2110//1365 2160//1365 2093//1365
f 2109//1366 2161//1366 2110//1366
f 2150//1367 2162//1367 2147//1367
f 1063//1368 2121//1368 2122//1368
f 2163//1369 2164//1369 913//1369
f 2163//1370 919//1370 2165//1370
f 2166//1371 2167//1371 2168//1371
f 1631//1372 2169//1372 1632//1372
f 2170//1373 2171//1373 2027//1373
f 1651//1374 2172//1374 1678//1374
f 1785//1375 401//1375 866//1375
f 1656//1376 2040//1376 1502//1376
f 1071//1377 1070//1377 2173//1377
f 2174//1378 2060//1378 2042//1378
f 2175//1379 2112//1379 2176//1379
f 2177//1380 766//1380 2178//1380
f 2179//1381 2180//1381 2181//1381
f 2182//1382 848//1382 2183//1382
f 895//1383 1233//1383 893//1383
f 2106//1384 2184//1384 1586//1384
f 716//1385 2185//1385 1657//1385
f 2186//1386 2187//1386 2188//1386
f 1103//1387 2189//1387 2190//1387
f 2116//1388 162//1388 1532//1388
f 164//1389 2191//1389 2192//1389
f 2193//1390 2118//1390 2194//1390
f 2195//1391 143//1391 142//1391
f 1587//1392 189//1392 191//1392
f 2196//1393 2197//1393 2198//1393
f 2199//1394 2200//1394 1611//1394
f 2201//1395 2202//1395 1481//1395
f 2203//1396 1760//1396 2204//1396
f 2205//1397 1581//1397 2198//1397
f 2206//1398 2207//1398 1754//1398
f 2208//1399 1575//1399 1577//1399
f 2209//1400 2210//1400 2211//1400
f 2212//1401 387//1401 2213//1401
f 2214//1402 1770//1402 2215//1402
f 2216//1403 2217//1403 1774//1403
f 2134//1404 2133//1404 2218//1404
f 2219//1405 1554//1405 2220//1405
f 2221//1406 2222//1406 1534//1406
f 2215//1407 2223//1407 2224//1407
f 2225//1408 1436//1408 2226//1408
f 1614//1409 1613//1409 2227//1409
f 2228//1410 2229//1410 1530//1410
f 2230//1411 1753//1411 2231//1411
f 2232//1412 2233//1412 2234//1412
f 1763//1413 2235//1413 2236//1413
f 755//1414 2237//1414 1210//1414
f 754//1415 956//1415 957//1415
f 55//1416 65//1416 64//1416
f 1591//1417 190//1417 1600//1417
f 1591//1418 1590//1418 2238//1418
f 1684//1419 775//1419 2239//1419
f 2240//1420 1739//1420 242//1420
f 2241//1421 2242//1421 1683//1421
f 1688//1422 1689//1422 772//1422
f 88//1423 1659//1423 2243//1423
f 244//1424 1660//1424 840//1424
f 2244//1425 80//1425 884//1425
f 2244//1426 1074//1426 2245//1426
f 1686//1427 1094//1427 1668//1427
f 2246//1428 1059//1428 2247//1428
f 2248//1429 1059//1429 1702//1429
f 141//1430 2249//1430 1057//1430
f 1028//1431 1027//1431 278//1431
f 1225//1432 2250//1432 2251//1432
f 2251//1433 2252//1433 2253//1433
f 2254//1434 2255//1434 125//1434
f 2256//1435 2257//1435 1640//1435
f 1693//1436 821//1436 998//1436
f 1226//1437 891//1437 1661//1437
f 1538//1438 737//1438 2258//1438
f 2259//1439 2245//1439 1667//1439
f 1075//1440 1557//1440 1073//1440
f 1599//1441 1716//1441 1597//1441
f 170//1442 2260//1442 1001//1442
f 953//1443 2260//1443 2261//1443
f 2262//1444 2258//1444 178//1444
f 2258//1445 2262//1445 2263//1445
f 143//1446 2264//1446 2265//1446
f 1036//1447 2265//1447 2264//1447
f 1693//1448 1566//1448 1006//1448
f 1740//1449 1565//1449 1567//1449
f 701//1450 2266//1450 1086//1450
f 2267//1451 1600//1451 2268//1451
f 56//1452 1209//1452 1210//1452
f 79//1453 883//1453 80//1453
f 2104//1454 790//1454 2269//1454
f 2270//1455 776//1455 2271//1455
f 1791//1456 2101//1456 296//1456
f 89//1457 2243//1457 2272//1457
f 1551//1458 69//1458 1552//1458
f 2209//1459 1217//1459 2273//1459
f 160//1460 1220//1460 781//1460
f 136//1461 2194//1461 720//1461
f 2274//1462 733//1462 1707//1462
f 1140//1463 2275//1463 1707//1463
f 177//1464 181//1464 2276//1464
f 2277//1465 386//1465 1531//1465
f 1818//1466 2141//1466 1777//1466
f 133//1467 135//1467 2278//1467
f 1176//1468 2279//1468 2280//1468
f 118//1469 898//1469 2281//1469
f 117//1470 2282//1470 115//1470
f 1308//1471 1612//1471 152//1471
f 1834//1472 2283//1472 1313//1472
f 169//1473 1602//1473 170//1473
f 2159//1474 2158//1474 2284//1474
f 1004//1475 108//1475 2285//1475
f 1124//1476 2286//1476 1136//1476
f 128//1477 2138//1477 129//1477
f 1093//1478 67//1478 71//1478
f 715//1479 72//1479 1594//1479
f 2116//1480 1001//1480 1003//1480
f 1046//1481 1783//1481 1044//1481
f 2144//1482 2287//1482 1312//1482
f 101//1483 95//1483 102//1483
f 2095//1484 2288//1484 1040//1484
f 107//1485 701//1485 100//1485
f 1486//1486 1580//1486 1487//1486
f 2222//1487 1532//1487 1534//1487
f 1748//1488 2289//1488 2196//1488
f 2290//1489 1426//1489 2291//1489
f 2292//1490 2293//1490 2294//1490
f 2295//1491 2296//1491 2297//1491
f 2298//1492 2299//1492 2300//1492
f 1576//1493 2119//1493 2193//1493
f 2301//1494 2302//1494 2303//1494
f 2302//1495 2304//1495 2305//1495
f 1422//1496 2306//1496 1540//1496
f 2307//1497 2224//1497 2308//1497
f 2309//1498 2310//1498 2073//1498
f 1498//1499 2311//1499 2312//1499
f 2313//1500 2314//1500 2315//1500
f 2212//1501 1479//1501 2316//1501
f 2215//1502 126//1502 2214//1502
f 1509//1503 2046//1503 2317//1503
f 2318//1504 2319//1504 2140//1504
f 1769//1505 2270//1505 2320//1505
f 1558//1506 1460//1506 1606//1506
f 72//1507 2207//1507 1595//1507
f 2087//1508 2321//1508 2322//1508
f 1575//1509 142//1509 1576//1509
f 1521//1510 1523//1510 2323//1510
f 2097//1511 2324//1511 1210//1511
f 2325//1512 2326//1512 2327//1512
f 2220//1513 1594//1513 1596//1513
f 2328//1514 2329//1514 2323//1514
f 2309//1515 1523//1515 1518//1515
f 939//1516 2036//1516 381//1516
f 2330//1517 2292//1517 2331//1517
f 2074//1518 2310//1518 2332//1518
f 2333//1519 1530//1519 2334//1519
f 2335//1520 1610//1520 2063//1520
f 2336//1521 2337//1521 2294//1521
f 2338//1522 1608//1522 2339//1522
f 2031//1523 834//1523 2340//1523
f 2341//1524 1516//1524 2342//1524
f 1607//1525 399//1525 1072//1525
f 2343//1526 2087//1526 2322//1526
f 2344//1527 2326//1527 2325//1527
f 1446//1528 2302//1528 1447//1528
f 2345//1529 1053//1529 2303//1529
f 2346//1530 1498//1530 1497//1530
f 1603//1531 2025//1531 2347//1531
f 1426//1532 1477//1532 2291//1532
f 387//1533 2348//1533 2213//1533
f 2349//1534 1422//1534 1540//1534
f 1562//1535 1584//1535 404//1535
f 549//1536 1301//1536 1579//1536
f 2300//1537 2312//1537 2311//1537
f 913//1538 2350//1538 2351//1538
f 1658//1539 1017//1539 2041//1539
f 2043//1540 2352//1540 1652//1540
f 861//1541 2028//1541 2353//1541
f 1674//1542 2055//1542 2057//1542
f 2354//1543 2355//1543 2356//1543
f 2357//1544 2026//1544 2051//1544
f 2358//1545 2359//1545 2360//1545
f 2178//1546 766//1546 768//1546
f 748//1547 1179//1547 2117//1547
f 2361//1548 2362//1548 2168//1548
f 2363//1549 2162//1549 2049//1549
f 2071//1550 2364//1550 2108//1550
f 716//1551 718//1551 2365//1551
f 2366//1552 1692//1552 2367//1552
f 1766//1553 712//1553 2368//1553
f 931//1554 2369//1554 2370//1554
f 1018//1555 1657//1555 1690//1555
f 1674//1556 2371//1556 2165//1556
f 2372//1557 2373//1557 2374//1557
f 1511//1558 2375//1558 2376//1558
f 920//1559 1438//1559 2377//1559
f 644//1560 2378//1560 2379//1560
f 1020//1561 1492//1561 1283//1561
f 2157//1562 1672//1562 1022//1562
f 2380//1563 1490//1563 885//1563
f 1064//1564 2381//1564 1062//1564
f 1677//1565 1310//1565 2382//1565
f 1750//1566 2383//1566 1473//1566
f 2384//1567 2385//1567 2183//1567
f 2386//1568 849//1568 2223//1568
f 1507//1569 1638//1569 1665//1569
f 1272//1570 1453//1570 1273//1570
f 2387//1571 1643//1571 2388//1571
f 1274//1572 951//1572 950//1572
f 2389//1573 765//1573 1314//1573
f 2039//1574 2390//1574 1465//1574
f 2342//1575 1516//1575 2061//1575
f 2351//1576 2391//1576 2392//1576
f 1503//1577 2040//1577 2393//1577
f 2394//1578 2040//1578 1656//1578
f 1471//1579 2395//1579 2393//1579
f 2322//1580 2396//1580 2397//1580
f 2398//1581 2399//1581 2343//1581
f 2400//1582 2401//1582 2337//1582
f 2079//1583 2402//1583 2403//1583
f 2404//1584 2331//1584 2292//1584
f 2359//1585 2039//1585 2156//1585
f 2405//1586 1180//1586 2406//1586
f 2407//1587 2408//1587 1448//1587
f 2409//1588 2048//1588 1427//1588
f 2410//1589 2411//1589 2332//1589
f 2412//1590 2413//1590 2414//1590
f 2415//1591 2416//1591 2084//1591
f 1634//1592 1432//1592 1110//1592
f 1765//1593 713//1593 1766//1593
f 1008//1594 2417//1594 2418//1594
f 1489//1595 2378//1595 1490//1595
f 2419//1596 1512//1596 2376//1596
f 2420//1597 1758//1597 1461//1597
f 1493//1598 2370//1598 1775//1598
f 951//1599 1435//1599 1434//1599
f 2421//1600 823//1600 1007//1600
f 1445//1601 1283//1601 1492//1601
f 2422//1602 2423//1602 2424//1602
f 920//1603 1525//1603 921//1603
f 1274//1604 1273//1604 1429//1604
f 2381//1605 2208//1605 1062//1605
f 824//1606 1229//1606 1472//1606
f 2425//1607 822//1607 1472//1607
f 2426//1608 2369//1608 1682//1608
f 1480//1609 2427//1609 1463//1609
f 2387//1610 2428//1610 2426//1610
f 1284//1611 738//1611 2429//1611
f 2430//1612 1474//1612 1473//1612
f 758//1613 1438//1613 2431//1613
f 2432//1614 1437//1614 2227//1614
f 2123//1615 1771//1615 1227//1615
f 2433//1616 759//1616 2132//1616
f 1768//1617 757//1617 1476//1617
f 2434//1618 1503//1618 406//1618
f 2035//1619 413//1619 2323//1619
f 2341//1620 1607//1620 1608//1620
f 2435//1621 2436//1621 2392//1621
f 1605//1622 2399//1622 2068//1622
f 1542//1623 2437//1623 2438//1623
f 2439//1624 2337//1624 2336//1624
f 2032//1625 2031//1625 2340//1625
f 2302//1626 2305//1626 2440//1626
f 2441//1627 2200//1627 2442//1627
f 2213//1628 2290//1628 2291//1628
f 2300//1629 2228//1629 2298//1629
f 2443//1630 2444//1630 2347//1630
f 1579//1631 1580//1631 2083//1631
f 2445//1632 1484//1632 2446//1632
f 2390//1633 2441//1633 2030//1633
f 2434//1634 1504//1634 1503//1634
f 2282//1635 2135//1635 115//1635
f 2447//1636 2448//1636 2126//1636
f 2167//1637 2188//1637 2449//1637
f 2121//1638 2364//1638 1675//1638
f 2153//1639 2384//1639 2450//1639
f 2358//1640 2360//1640 831//1640
f 1232//1641 1692//1641 2366//1641
f 718//1642 1655//1642 2365//1642
f 938//1643 1673//1643 937//1643
f 2098//1644 2352//1644 2173//1644
f 1051//1645 2365//1645 2451//1645
f 2418//1646 2452//1646 1051//1646
f 711//1647 1651//1647 1653//1647
f 2419//1648 711//1648 713//1648
f 644//1649 712//1649 1077//1649
f 1110//1650 1109//1650 1634//1650
f 2372//1651 919//1651 921//1651
f 2453//1652 2421//1652 1009//1652
f 2454//1653 1691//1653 1690//1653
f 1678//1654 2455//1654 1679//1654
f 2376//1655 2455//1655 2172//1655
f 1672//1656 1673//1656 2456//1656
f 2456//1657 932//1657 2457//1657
f 1311//1658 887//1658 886//1658
f 950//1659 2458//1659 1274//1659
f 2459//1660 2374//1660 1675//1660
f 915//1661 2460//1661 2461//1661
f 2100//1662 2187//1662 740//1662
f 1022//1663 1021//1663 2462//1663
f 2128//1664 2463//1664 1680//1664
f 2464//1665 1229//1665 2465//1665
f 2466//1666 2111//1666 2383//1666
f 2131//1667 2447//1667 2467//1667
f 763//1668 2468//1668 2467//1668
f 1272//1669 2109//1669 1063//1669
f 2469//1670 2130//1670 2470//1670
f 759//1671 2470//1671 2132//1671
f 559//1672 2471//1672 557//1672
f 2113//1673 2472//1673 2114//1673
f 1080//1674 1079//1674 1040//1674
f 2473//1675 2474//1675 864//1675
f 636//1676 2475//1676 634//1676
f 2476//1677 382//1677 384//1677
f 565//1678 567//1678 1050//1678
f 383//1679 2477//1679 412//1679
f 2478//1680 395//1680 635//1680
f 1175//1681 2184//1681 2479//1681
f 1578//1682 2480//1682 2481//1682
f 804//1683 2280//1683 2482//1683
f 1814//1684 1046//1684 1778//1684
f 2483//1685 548//1685 2283//1685
f 368//1686 2484//1686 1049//1686
f 2485//1687 1670//1687 699//1687
f 1598//1688 1666//1688 1599//1688
f 1556//1689 2245//1689 1073//1689
f 2264//1690 1685//1690 1036//1690
f 2486//1691 2241//1691 971//1691
f 2249//1692 2265//1692 1061//1692
f 1661//1693 1265//1693 821//1693
f 1668//1694 1808//1694 1686//1694
f 2260//1695 1646//1695 2261//1695
f 66//1696 1687//1696 231//1696
f 721//1697 2248//1697 722//1697
f 1571//1698 2239//1698 2240//1698
f 2252//1699 2251//1699 2255//1699
f 64//1700 1204//1700 755//1700
f 1538//1701 2258//1701 1539//1701
f 1225//1702 2487//1702 1226//1702
f 1002//1703 952//1703 815//1703
f 64//1704 66//1704 1819//1704
f 2241//1705 1683//1705 2488//1705
f 705//1706 2262//1706 706//1706
f 1682//1707 1681//1707 1680//1707
f 1490//1708 643//1708 885//1708
f 644//1709 1077//1709 645//1709
f 1638//1710 1637//1710 1665//1710
f 1110//1711 2489//1711 1111//1711
f 1633//1712 739//1712 1634//1712
f 2446//1713 2338//1713 2339//1713
f 1520//1714 2490//1714 1519//1714
f 2390//1715 2030//1715 1465//1715
f 1485//1716 1484//1716 2067//1716
f 2320//1717 1475//1717 1769//1717
f 2054//1718 2053//1718 1468//1718
f 1466//1719 2491//1719 2492//1719
f 2295//1720 1423//1720 2296//1720
f 2299//1721 2074//1721 2332//1721
f 1519//1722 2493//1722 2039//1722
f 2402//1723 2306//1723 1422//1723
f 2052//1724 2494//1724 2495//1724
f 1581//1725 1583//1725 1491//1725
f 2496//1726 1513//1726 1754//1726
f 2439//1727 2400//1727 2337//1727
f 2050//1728 1477//1728 2048//1728
f 1469//1729 2053//1729 2056//1729
f 1770//1730 2497//1730 1228//1730
f 2498//1731 2068//1731 1504//1731
f 1774//1732 2217//1732 2424//1732
f 2499//1733 2218//1733 2500//1733
f 1764//1734 2501//1734 2219//1734
f 1595//1735 1500//1735 1765//1735
f 2391//1736 2502//1736 2495//1736
f 1776//1737 2503//1737 1526//1737
f 1471//1738 2393//1738 2040//1738
f 1763//1739 2504//1739 1761//1739
f 633//1740 2059//1740 1455//1740
f 853//1741 1457//1741 1485//1741
f 2363//1742 2505//1742 2448//1742
f 1314//1743 1635//1743 1637//1743
f 1645//1744 1644//1744 2129//1744
f 786//1745 785//1745 2146//1745
f 2167//1746 2410//1746 2168//1746
f 2506//1747 2186//1747 2188//1747
f 2039//1748 2178//1748 768//1748
f 2412//1749 2354//1749 893//1749
f 894//1750 2465//1750 1650//1750
f 2080//1751 2079//1751 2153//1751
f 2110//1752 2092//1752 2108//1752
f 2362//1753 881//1753 2157//1753
f 2155//1754 2355//1754 1510//1754
f 2154//1755 2124//1755 2507//1755
f 2150//1756 2081//1756 2082//1756
f 1180//1757 748//1757 683//1757
f 766//1758 786//1758 767//1758
f 2169//1759 2508//1759 2509//1759
f 1630//1760 2115//1760 2026//1760
f 2510//1761 1019//1761 832//1761
f 2397//1762 2511//1762 1232//1762
f 2512//1763 2513//1763 1655//1763
f 2514//1764 2367//1764 1692//1764
f 930//1765 938//1765 1681//1765
f 2041//1766 2394//1766 1658//1766
f 2042//1767 2173//1767 2352//1767
f 913//1768 2164//1768 2350//1768
f 2431//1769 2515//1769 2470//1769
f 1637//1770 1663//1770 1665//1770
f 2127//1771 1314//1771 764//1771
f 1644//1772 2516//1772 2128//1772
f 1311//1773 2466//1773 2383//1773
f 2462//1774 1021//1774 2429//1774
f 2374//1775 1064//1775 2122//1775
f 2125//1776 2384//1776 847//1776
f 2420//1777 1691//1777 2454//1777
f 2455//1778 1645//1778 1679//1778
f 2459//1779 919//1779 2372//1779
f 1657//1780 2423//1780 1690//1780
f 2451//1781 2453//1781 1009//1781
f 2517//1782 716//1782 2452//1782
f 2461//1783 2518//1783 915//1783
f 881//1784 880//1784 2037//1784
f 632//1785 2059//1785 633//1785
f 2092//1786 2071//1786 2108//1786
f 2410//1787 2361//1787 2168//1787
f 2091//1788 2093//1788 2076//1788
f 893//1789 2396//1789 2412//1789
f 2354//1790 2519//1790 2355//1790
f 2084//1791 2351//1791 2415//1791
f 2043//1792 1652//1792 2029//1792
f 2411//1793 2520//1793 1499//1793
f 2502//1794 2164//1794 2057//1794
f 2401//1795 2145//1795 2404//1795
f 786//1796 2066//1796 767//1796
f 2064//1797 2390//1797 2493//1797
f 2510//1798 2034//1798 2033//1798
f 1499//1799 2171//1799 2170//1799
f 2325//1800 2327//1800 2342//1800
f 2443//1801 2521//1801 2290//1801
f 2044//1802 1458//1802 2344//1802
f 2357//1803 1442//1803 2027//1803
f 1470//1804 2033//1804 2492//1804
f 2435//1805 2391//1805 2495//1805
f 1564//1806 1563//1806 2393//1806
f 1506//1807 2389//1807 1638//1807
f 2388//1808 1757//1808 2428//1808
f 1284//1809 1444//1809 1495//1809
f 1428//1810 2226//1810 1435//1810
f 1454//1811 1062//1811 2522//1811
f 1434//1812 2308//1812 2223//1812
f 1453//1813 1452//1813 1273//1813
f 1445//1814 1492//1814 1494//1814
f 2386//1815 1772//1815 1771//1815
f 1767//1816 2433//1816 1483//1816
f 1474//1817 1480//1817 1769//1817
f 2378//1818 1489//1818 2501//1818
f 2489//1819 1110//1819 1431//1819
f 2422//1820 1759//1820 1758//1820
f 2198//1821 2380//1821 1749//1821
f 2500//1822 2234//1822 2417//1822
f 1525//1823 2377//1823 2432//1823
f 2140//1824 2370//1824 2369//1824
f 1443//1825 1588//1825 1548//1825
f 1462//1826 2201//1826 1481//1826
f 1757//1827 1756//1827 1550//1827
f 1489//1828 2219//1828 2501//1828
f 1759//1829 2204//1829 1760//1829
f 1753//1830 1444//1830 2231//1830
f 2226//1831 1430//1831 2225//1831
f 1770//1832 1772//1832 2215//1832
f 1536//1833 1505//1833 1431//1833
f 2207//1834 2206//1834 1595//1834
f 1596//1835 1764//1835 2220//1835
f 1433//1836 1496//1836 2315//1836
f 2500//1837 2232//1837 2234//1837
f 1763//1838 2523//1838 2235//1838
f 2329//1839 2406//1839 1521//1839
f 1484//1840 2445//1840 2067//1840
f 1608//1841 2338//1841 1514//1841
f 2492//1842 2524//1842 2395//1842
f 2325//1843 2342//1843 2174//1843
f 2525//1844 1442//1844 1441//1844
f 2328//1845 2323//1845 413//1845
f 2526//1846 2319//1846 2527//1846
f 2293//1847 2528//1847 2294//1847
f 2271//1848 2289//1848 2320//1848
f 2197//1849 883//1849 2205//1849
f 2270//1850 2202//1850 2272//1850
f 2496//1851 67//1851 1551//1851
f 1582//1852 1555//1852 1583//1852
f 1479//1853 2212//1853 2291//1853
f 2211//1854 2529//1854 2192//1854
f 1052//1855 2054//1855 2303//1855
f 2530//1856 2290//1856 2213//1856
f 1527//1857 2297//1857 1528//1857
f 2298//1858 2072//1858 2074//1858
f 2142//1859 158//1859 1545//1859
f 1574//1860 2316//1860 1580//1860
f 2135//1861 2531//1861 115//1861
f 2532//1862 2088//1862 2533//1862
f 2534//1863 1535//1863 179//1863
f 2077//1864 2317//1864 2045//1864
f 124//1865 126//1865 2215//1865
f 2497//1866 2535//1866 2536//1866
f 2047//1867 2046//1867 2537//1867
f 2307//1868 2538//1868 133//1868
f 1544//1869 152//1869 1614//1869
f 2539//1870 547//1870 2083//1870
f 2220//1871 74//1871 1594//1871
f 2285//1872 2133//1872 2540//1872
f 2300//1873 2229//1873 2228//1873
f 2313//1874 2230//1874 177//1874
f 2347//1875 2444//1875 2541//1875
f 2542//1876 1612//1876 2195//1876
f 2504//1877 2236//1877 100//1877
f 412//1878 2543//1878 1569//1878
f 2073//1879 2035//1879 2309//1879
f 2473//1880 2481//1880 2480//1880
f 392//1881 391//1881 2544//1881
f 390//1882 2335//1882 391//1882
f 834//1883 2442//1883 1561//1883
f 2528//1884 864//1884 403//1884
f 2089//1885 368//1885 2345//1885
f 2301//1886 2303//1886 2054//1886
f 2295//1887 2297//1887 2305//1887
f 2545//1888 1529//1888 2546//1888
f 1579//1889 371//1889 1574//1889
f 1603//1890 558//1890 557//1890
f 2532//1891 2547//1891 2321//1891
f 2533//1892 409//1892 1586//1892
f 2548//1893 2317//1893 1541//1893
f 2436//1894 2083//1894 1486//1894
f 1542//1895 2349//1895 1540//1895
f 2549//1896 2437//1896 2482//1896
f 1605//1897 2087//1897 2343//1897
f 2229//1898 2300//1898 2311//1898
f 2434//1899 719//1899 2550//1899
f 1647//1900 2551//1900 2552//1900
f 101//1901 701//1901 1086//1901
f 106//1902 1566//1902 700//1902
f 1669//1903 1094//1903 70//1903
f 73//1904 1667//1904 714//1904
f 1641//1905 134//1905 2278//1905
f 2278//1906 137//1906 2553//1906
f 1028//1907 2554//1907 180//1907
f 2237//1908 189//1908 2097//1908
f 170//1909 1001//1909 168//1909
f 1005//1910 1004//1910 2285//1910
f 152//1911 151//1911 1307//1911
f 2250//1912 125//1912 2255//1912
f 721//1913 2555//1913 2247//1913
f 2119//1914 1576//1914 142//1914
f 2247//1915 2120//1915 2246//1915
f 1225//1916 2556//1916 2250//1916
f 2522//1917 2193//1917 2557//1917
f 2192//1918 1533//1918 164//1918
f 1521//1919 2323//1919 2329//1919
f 2558//1920 2559//1920 2445//1920
f 2292//1921 2294//1921 2337//1921
f 2065//1922 2560//1922 2062//1922
f 1611//1923 2180//1923 2561//1923
f 1604//1924 2562//1924 559//1924
f 2341//1925 2327//1925 2058//1925
f 408//1926 1585//1926 409//1926
f 2563//1927 2472//1927 1560//1927
f 1584//1928 2524//1928 2491//1928
f 411//1929 1078//1929 408//1929
f 744//1930 1592//1930 1211//1930
f 1600//1931 189//1931 2268//1931
f 56//1932 55//1932 1209//1932
f 2181//1933 2180//1933 2564//1933
f 65//1934 1295//1934 1249//1934
f 180//1935 892//1935 1028//1935
f 2565//1936 2105//1936 392//1936
f 2136//1937 2102//1937 367//1937
f 1218//1938 2191//1938 163//1938
f 2245//1939 2259//1939 81//1939
f 117//1940 820//1940 2566//1940
f 750//1941 1788//1941 2567//1941
f 170//1942 2552//1942 2551//1942
f 129//1943 2139//1943 2280//1943
f 2257//1944 125//1944 134//1944
f 2264//1945 1308//1945 1307//1945
f 2568//1946 96//1946 1086//1946
f 1040//1947 2158//1947 1080//1947
f 106//1948 1006//1948 1566//1948
f 701//1949 700//1949 1671//1949
f 798//1950 2179//1950 1732//1950
f 2569//1951 2476//1951 386//1951
f 1079//1952 709//1952 2095//1952
f 2545//1953 366//1953 2570//1953
f 2480//1954 1263//1954 2474//1954
f 2199//1955 2571//1955 1244//1955
f 1592//1956 2476//1956 1745//1956
f 367//1957 2572//1957 368//1957
f 635//1958 1553//1958 2478//1958
f 1785//1959 1790//1959 1260//1959
f 2189//1960 1103//1960 2286//1960
f 1707//1961 2275//1961 1050//1961
f 443//1962 956//1962 518//1962
f 1027//1963 1801//1963 584//1963
f 241//1964 1290//1964 242//1964
f 2488//1965 1289//1965 971//1965
f 231//1966 234//1966 232//1966
f 2568//1967 1047//1967 840//1967
f 259//1968 941//1968 1268//1968
f 1966//1969 2261//1969 1537//1969
f 274//1970 2263//1970 1318//1970
f 1061//1971 2265//1971 1036//1971
f 699//1972 698//1972 1048//1972
f 2573//1973 248//1973 287//1973
f 1732//1974 1166//1974 798//1974
f 623//1975 2574//1975 1784//1975
f 1738//1976 1824//1976 2275//1976
f 2283//1977 751//1977 2483//1977
f 2107//1978 2106//1978 2159//1978
f 974//1979 2138//1979 942//1979
f 127//1980 2279//1980 1709//1980
f 2575//1981 1805//1981 1783//1981
f 2189//1982 2286//1982 2576//1982
f 1041//1983 2288//1983 1323//1983
f 1817//1984 531//1984 299//1984
f 2062//1985 1520//1985 2065//1985
f 2062//1986 2490//1986 1520//1986
f 2089//1987 2345//1987 2440//1987
f 2362//1988 2361//1988 882//1988
f 586//1989 585//1989 1348//1989
f 462//1990 461//1990 855//1990
f 2089//1991 2305//1991 1527//1991
f 1889//1992 429//1992 428//1992
f 2368//1993 1764//1993 1766//1993
f 388//1994 2212//1994 2316//1994
f 1080//1995 2158//1995 1585//1995
f 1585//1996 2159//1996 1586//1996
f 1410//1997 829//1997 207//1997
f 1102//1998 1101//1998 2411//1998
f 2358//1999 2577//1999 2175//1999
f 2578//2000 2530//2000 2348//2000
f 590//2001 589//2001 175//2001
f 1393//2002 1704//2002 418//2002
f 1780//2003 1961//2003 1781//2003
f 218//2004 217//2004 532//2004
f 1460//2005 2326//2005 2344//2005
f 2344//2006 2174//2006 2044//2006
f 255//2007 286//2007 311//2007
f 2106//2008 1586//2008 2159//2008
f 2106//2009 2479//2009 2184//2009
f 2572//2010 2484//2010 368//2010
f 1226//2011 1661//2011 117//2011
f 81//2012 80//2012 2244//2012
f 1074//2013 971//2013 970//2013
f 1438//2014 920//2014 2461//2014
f 602//2015 321//2015 320//2015
f 2527//2016 2579//2016 2526//2016
f 2303//2017 2302//2017 2440//2017
f 1053//2018 1052//2018 2303//2018
f 928//2019 1928//2019 132//2019
f 2369//2020 931//2020 1682//2020
f 2559//2021 2335//2021 2560//2021
f 1779//2022 2348//2022 389//2022
f 2575//2023 172//2023 1805//2023
f 2533//2024 2088//2024 409//2024
f 2174//2025 2042//2025 2044//2025
f 1280//2026 186//2026 439//2026
f 821//2027 1265//2027 998//2027
f 2495//2028 2494//2028 2435//2028
f 1052//2029 375//2029 377//2029
f 1892//2030 121//2030 809//2030
f 47//2031 2580//2031 1797//2031
f 1963//2032 1717//2032 2580//2032
f 363//2033 1287//2033 364//2033
f 553//2034 554//2034 1793//2034
f 554//2035 111//2035 283//2035
f 331//2036 330//2036 2018//2036
f 2128//2037 2117//2037 1303//2037
f 55//2038 57//2038 65//2038
f 2318//2039 2527//2039 2319//2039
f 86//2040 350//2040 83//2040
f 1784//2041 2574//2041 2113//2041
f 346//2042 360//2042 621//2042
f 2569//2043 2581//2043 185//2043
f 1046//2044 2575//2044 1783//2044
f 2582//2045 1198//2045 1218//2045
f 25//2046 27//2046 1695//2046
f 2176//2047 2359//2047 2358//2047
f 2156//2048 2360//2048 2359//2048
f 2583//2049 1065//2049 2017//2049
f 1067//2050 1134//2050 1065//2050
f 831//2051 1691//2051 2577//2051
f 1002//2052 2260//2052 953//2052
f 1002//2053 1001//2053 2260//2053
f 886//2054 2094//2054 1309//2054
f 886//2055 885//2055 2094//2055
f 520//2056 867//2056 197//2056
f 2263//2057 705//2057 1318//2057
f 2468//2058 2131//2058 2467//2058
f 2367//2059 2514//2059 2453//2059
f 2514//2060 1692//2060 1234//2060
f 786//2061 766//2061 787//2061
f 847//2062 2384//2062 848//2062
f 2579//2063 1552//2063 1295//2063
f 2173//2064 1654//2064 2098//2064
f 1077//2065 712//2065 2099//2065
f 457//2066 456//2066 464//2066
f 464//2067 460//2067 457//2067
f 645//2068 1076//2068 643//2068
f 2017//2069 1134//2069 2584//2069
f 290//2070 1731//2070 41//2070
f 2585//2071 42//2071 1731//2071
f 716//2072 1657//2072 717//2072
f 2505//2073 1440//2073 2051//2073
f 1683//2074 1571//2074 1290//2074
f 2586//2075 2587//2075 2242//2075
f 1785//2076 1784//2076 2114//2076
f 2075//2077 2385//2077 2079//2077
f 2521//2078 2525//2078 1441//2078
f 1296//2079 390//2079 392//2079
f 1967//2080 970//2080 239//2080
f 2087//2081 1605//2081 407//2081
f 863//2082 2129//2082 1303//2082
f 2351//2083 2392//2083 2415//2083
f 2114//2084 2563//2084 402//2084
f 2113//2085 2588//2085 1719//2085
f 398//2086 2472//2086 2475//2086
f 1680//2087 2463//2087 1682//2087
f 2369//2088 2426//2088 2318//2088
f 1020//2089 2456//2089 2457//2089
f 1032//2090 1375//2090 303//2090
f 2093//2091 2160//2091 2076//2091
f 499//2092 519//2092 497//2092
f 396//2093 986//2093 499//2093
f 2086//2094 2149//2094 2151//2094
f 1368//2095 1367//2095 214//2095
f 373//2096 496//2096 374//2096
f 1687//2097 66//2097 1249//2097
f 1104//2098 2471//2098 559//2098
f 2229//2099 2311//2099 1104//2099
f 332//2100 1965//2100 598//2100
f 155//2101 421//2101 552//2101
f 2589//2102 495//2102 519//2102
f 38//2103 1813//2103 488//2103
f 487//2104 1369//2104 1816//2104
f 1//2105 49//2105 2//2105
f 937//2106 1672//2106 2157//2106
f 2590//2107 881//2107 2037//2107
f 2036//2108 2334//2108 381//2108
f 2389//2109 1506//2109 2222//2109
f 918//2110 2591//2110 376//2110
f 917//2111 2591//2111 918//2111
f 2112//1379 2177//1379 2176//1379
f 717//2112 2394//2112 718//2112
f 2532//2113 2533//2113 2592//2113
f 234//2114 231//2114 1809//2114
f 233//2115 229//2115 66//2115
f 315//2116 256//2116 2253//2116
f 1374//2117 1379//2117 1376//2117
f 215//2118 1376//2118 1379//2118
f 1263//2119 1578//2119 1820//2119
f 2546//2120 1528//2120 2438//2120
f 1470//2121 2395//2121 1471//2121
f 616//2122 159//2122 161//2122
f 1646//2123 1538//2123 1537//2123
f 509//2124 1412//2124 488//2124
f 514//2125 1412//2125 1411//2125
f 959//2126 35//2126 960//2126
f 1742//2127 959//2127 1743//2127
f 2073//2128 2072//2128 2333//2128
f 894//2129 2354//2129 2356//2129
f 1050//2130 2275//2130 565//2130
f 1050//2131 1049//2131 2484//2131
f 832//2132 831//2132 2360//2132
f 1077//2133 1070//2133 1076//2133
f 380//2134 2047//2134 2592//2134
f 380//2135 2045//2135 2047//2135
f 1164//2136 1733//2136 789//2136
f 1165//2137 788//2137 341//2137
f 572//2138 276//2138 1350//2138
f 683//2139 748//2139 684//2139
f 1220//2140 1787//2140 781//2140
f 1644//2141 1303//2141 2129//2141
f 1645//2142 2129//2142 1679//2142
f 2154//2143 2356//2143 2155//2143
f 1049//2144 2345//2144 368//2144
f 1710//2145 1176//2145 899//2145
f 898//2146 899//2146 2479//2146
f 2572//2147 2274//2147 1707//2147
f 2533//2148 1586//2148 2184//2148
f 1026//2149 1591//2149 2238//2149
f 2516//2150 1643//2150 2387//2150
f 1666//2151 1556//2151 1557//2151
f 371//2152 1301//2152 369//2152
f 371//2153 389//2153 388//2153
f 1473//2154 1475//2154 1750//2154
f 974//2155 942//2155 2137//2155
f 1290//2156 1289//2156 2488//2156
f 951//2157 1428//2157 1435//2157
f 1746//2158 1546//2158 1547//2158
f 2516//2159 2463//2159 2128//2159
f 1529//2160 2545//2160 2570//2160
f 2126//2161 2448//2161 1635//2161
f 502//2162 10//2162 1831//2162
f 1598//2163 1597//2163 714//2163
f 1666//2164 714//2164 1667//2164
f 35//2165 749//2165 960//2165
f 751//2166 960//2166 749//2166
f 1353//2167 2019//2167 1382//2167
f 1716//2168 1599//2168 1796//2168
f 2211//2169 2210//2169 2529//2169
f 1442//2170 1451//2170 1450//2170
f 856//2171 1975//2171 2593//2171
f 48//2172 397//2172 1789//2172
f 258//2173 260//2173 305//2173
f 1646//2174 2551//2174 1647//2174
f 706//2175 2554//2175 1028//2175
f 815//2176 1648//2176 1002//2176
f 2050//2177 1478//2177 1477//2177
f 2050//2178 2049//2178 2082//2178
f 2430//2179 1480//2179 1474//2179
f 952//2180 272//2180 815//2180
f 1808//2181 1668//2181 1597//2181
f 2365//2182 1051//2182 2452//2182
f 2500//2183 2417//2183 1008//2183
f 1670//2184 1566//2184 2573//2184
f 230//2185 63//2185 2594//2185
f 2210//2186 2209//2186 2142//2186
f 354//2187 353//2187 1952//2187
f 93//2188 620//2188 355//2188
f 113//2189 2107//2189 1039//2189
f 2107//2190 112//2190 2281//2190
f 1899//2191 856//2191 2593//2191
f 385//2192 384//2192 2334//2192
f 231//2193 1686//2193 1809//2193
f 69//2194 1249//2194 1295//2194
f 1716//2195 1796//2195 1715//2195
f 601//2196 1715//2196 600//2196
f 339//2197 1827//2197 1826//2197
f 1737//2198 304//2198 131//2198
f 1790//2199 1785//2199 866//2199
f 1182//2200 2481//2200 2543//2200
f 1274//2201 2458//2201 1272//2201
f 1560//2202 2327//2202 2326//2202
f 103//2203 556//2203 104//2203
f 1455//2204 853//2204 633//2204
f 1643//2205 2375//2205 1755//2205
f 1476//2206 759//2206 2433//2206
f 706//2207 1028//2207 278//2207
f 2276//2208 180//2208 2554//2208
f 1346//2209 1817//2209 1119//2209
f 1755//2210 1511//2210 1756//2210
f 53//2211 54//2211 744//2211
f 1136//2212 2286//2212 1105//2212
f 2143//2213 1104//2213 2562//2213
f 1718//2214 2020//2214 1553//2214
f 2139//2215 2549//2215 2482//2215
f 2549//2216 2139//2216 973//2216
f 2487//2217 891//2217 1226//2217
f 2469//2218 914//2218 2152//2218
f 1705//2219 2595//2219 119//2219
f 1668//2220 1094//2220 1669//2220
f 1227//2221 1229//2221 2464//2221
f 437//2222 584//2222 438//2222
f 2179//2223 2101//2223 2571//2223
f 1378//2224 1281//2224 1399//2224
f 233//2225 66//2225 231//2225
f 2596//2226 912//2226 1035//2226
f 1945//2227 78//2227 569//2227
f 444//2228 517//2228 1812//2228
f 1258//2229 1023//2229 1025//2229
f 1278//2230 1259//2230 2597//2230
f 534//2231 503//2231 36//2231
f 2598//2232 314//2232 313//2232
f 302//2233 1343//2233 1365//2233
f 1367//2234 302//2234 214//2234
f 2599//2235 2553//2235 137//2235
f 722//2236 2248//2236 1268//2236
f 1320//2237 317//2237 1847//2237
f 1802//2238 1804//2238 188//2238
f 446//2239 188//2239 1804//2239
f 613//2240 1082//2240 2016//2240
f 1024//2241 439//2241 1621//2241
f 303//2242 1375//2242 214//2242
f 1027//2243 1590//2243 1801//2243
f 1026//2244 1028//2244 892//2244
f 1297//2245 789//2245 1733//2245
f 1296//2246 2104//2246 2269//2246
f 610//2247 2595//2247 1705//2247
f 2033//2248 1466//2248 2492//2248
f 2351//2249 2084//2249 2086//2249
f 1647//2250 2534//2250 737//2250
f 1589//2251 2097//2251 1587//2251
f 1493//2252 1588//2252 1494//2252
f 569//2253 78//2253 568//2253
f 1847//2254 317//2254 690//2254
f 2570//2255 1527//2255 1529//2255
f 894//2256 2356//2256 2507//2256
f 616//2257 615//2257 24//2257
f 262//2258 433//2258 435//2258
f 2459//2259 2372//2259 2374//2259
f 2373//2260 1524//2260 2208//2260
f 109//2261 1359//2261 1014//2261
f 978//2262 1702//2262 979//2262
f 2556//2263 2214//2263 2250//2263
f 2536//2264 2535//2264 2214//2264
f 2058//2265 1607//2265 2341//2265
f 198//2266 200//2266 578//2266
f 583//2267 200//2267 199//2267
f 355//2268 87//2268 353//2268
f 2200//2269 2441//2269 1609//2269
f 2368//2270 2378//2270 2501//2270
f 2165//2271 2371//2271 2163//2271
f 2371//2272 2057//2272 2164//2272
f 2524//2273 1584//2273 1562//2273
f 2066//2274 1485//2274 2067//2274
f 1675//2275 1674//2275 2459//2275
f 1738//2276 145//2276 144//2276
f 1016//2277 1015//2277 1905//2277
f 195//2278 1262//2278 1261//2278
f 803//2279 1176//2279 804//2279
f 924//2280 1629//2280 922//2280
f 924//2281 1029//2281 1629//2281
f 530//2282 291//2282 467//2282
f 2351//2283 2350//2283 2391//2283
f 1629//2284 1238//2284 1240//2284
f 1828//2285 1407//2285 9//2285
f 1408//2286 1407//2286 492//2286
f 379//2287 2077//2287 2045//2287
f 2600//2288 2437//2288 2077//2288
f 1015//2289 626//2289 1261//2289
f 2601//2290 626//2290 1016//2290
f 2413//2291 2519//2291 2414//2291
f 1027//2292 279//2292 278//2292
f 119//2293 2281//2293 1705//2293
f 1720//2294 971//2294 1289//2294
f 358//2295 357//2295 237//2295
f 1418//2296 617//2296 618//2296
f 2585//2297 205//2297 617//2297
f 2518//2298 920//2298 919//2298
f 1625//2299 1694//2299 491//2299
f 1965//2300 236//2300 235//2300
f 984//2301 1409//2301 1419//2301
f 293//2302 292//2302 1947//2302
f 293//2303 1421//2303 294//2303
f 2420//2304 2577//2304 1691//2304
f 814//2305 269//2305 1696//2305
f 2246//2306 141//2306 1057//2306
f 2485//2307 1048//2307 2602//2307
f 1184//2308 1183//2308 745//2308
f 1183//2309 2477//2309 1593//2309
f 785//2310 853//2310 2146//2310
f 1534//2311 2192//2311 2529//2311
f 358//2312 237//2312 1720//2312
f 2149//2313 2148//2313 2151//2313
f 1415//2314 1412//2314 509//2314
f 1097//2315 1099//2315 1143//2315
f 1114//2316 1099//2316 1098//2316
f 1015//2317 1262//2317 1905//2317
f 1904//2318 867//2318 869//2318
f 542//2319 1615//2319 469//2319
f 1880//2320 795//2320 797//2320
f 1382//2321 570//2321 187//2321
f 976//2322 975//2322 1267//2322
f 1992//2323 977//2323 991//2323
f 1097//2324 481//2324 217//2324
f 1097//2325 1142//2325 1988//2325
f 1591//2326 1600//2326 957//2326
f 2267//2327 754//2327 1600//2327
f 1080//2328 408//2328 1078//2328
f 93//2329 292//2329 294//2329
f 354//2330 93//2330 355//2330
f 185//2331 1745//2331 2569//2331
f 2586//2332 775//2332 1684//2332
f 2289//2333 1748//2333 2320//2333
f 1130//2334 1266//2334 1131//2334
f 2603//2335 1170//2335 1880//2335
f 1169//2336 1172//2336 1170//2336
f 2419//2337 2172//2337 1651//2337
f 415//2338 1584//2338 2340//2338
f 1308//2339 143//2339 2195//2339
f 1612//2340 2542//2340 1613//2340
f 2182//2341 950//2341 848//2341
f 2182//2342 2183//2342 2604//2342
f 2259//2343 73//2343 75//2343
f 182//2344 2231//2344 1549//2344
f 125//2345 124//2345 134//2345
f 1340//2346 1929//2346 1341//2346
f 817//2347 1342//2347 2605//2347
f 1438//2348 758//2348 1439//2348
f 1179//2349 748//2349 1180//2349
f 1564//2350 2395//2350 1562//2350
f 2393//2351 1563//2351 1503//2351
f 134//2352 133//2352 2278//2352
f 2308//2353 2538//2353 2307//2353
f 2163//2354 2518//2354 919//2354
f 301//2355 297//2355 306//2355
f 1381//2356 122//2356 1892//2356
f 1929//2357 1340//2357 1381//2357
f 1099//2358 1926//2358 1143//2358
f 300//2359 298//2359 301//2359
f 238//2360 326//2360 2024//2360
f 328//2361 327//2361 1623//2361
f 354//2362 292//2362 93//2362
f 1832//2363 1830//2363 1322//2363
f 1288//2364 934//2364 364//2364
f 2606//2365 934//2365 936//2365
f 2019//2366 570//2366 1382//2366
f 344//2367 1739//2367 1194//2367
f 1688//2368 2240//2368 2239//2368
f 343//2369 342//2369 1711//2369
f 2598//2370 1395//2370 1396//2370
f 1905//2371 1904//2371 2607//2371
f 2266//2372 1671//2372 2485//2372
f 1566//2373 1671//2373 700//2373
f 934//2374 1288//2374 935//2374
f 1095//2375 1792//2375 1096//2375
f 1095//2376 1794//2376 708//2376
f 1624//2377 877//2377 1388//2377
f 1302//2378 878//2378 1976//2378
f 2608//2379 844//2379 1300//2379
f 2102//2380 2274//2380 367//2380
f 348//2381 83//2381 82//2381
f 2508//2382 2169//2382 1100//2382
f 1829//2383 109//2383 111//2383
f 2609//2384 661//2384 1201//2384
f 696//2385 1325//2385 697//2385
f 2610//2386 1325//2386 1327//2386
f 650//2387 649//2387 1255//2387
f 2611//2388 1255//2388 1257//2388
f 862//2389 1679//2389 863//2389
f 306//2390 308//2390 929//2390
f 1097//2391 1988//2391 481//2391
f 1989//2392 1988//2392 1142//2392
f 2171//2393 1499//2393 2520//2393
f 1793//2394 103//2394 105//2394
f 1255//2395 649//2395 1256//2395
f 692//2396 556//2396 555//2396
f 1325//2397 696//2397 1326//2397
f 184//2398 183//2398 1714//2398
f 1196//2399 879//2399 1302//2399
f 2544//2400 2558//2400 2339//2400
f 2559//2401 391//2401 2335//2401
f 1712//2402 479//2402 46//2402
f 914//2403 913//2403 2152//2403
f 2598//2404 1396//2404 1822//2404
f 2499//2405 823//2405 822//2405
f 2453//2406 1649//2406 2421//2406
f 1985//2407 2589//2407 792//2407
f 1324//2408 688//2408 2612//2408
f 707//2409 688//2409 206//2409
f 2210//2410 1767//2410 1483//2410
f 1768//2411 2210//2411 2142//2411
f 2160//2412 2110//2412 2161//2412
f 208//2413 207//2413 829//2413
f 500//2414 207//2414 209//2414
f 1460//2415 2439//2415 1606//2415
f 2555//2416 2118//2416 2247//2416
f 2557//2417 1751//2417 1452//2417
f 1440//2418 2357//2418 2051//2418
f 464//2419 456//2419 1815//2419
f 456//2420 458//2420 611//2420
f 2328//2421 413//2421 412//2421
f 2543//2422 412//2422 2477//2422
f 2028//2423 1459//2423 1458//2423
f 106//2424 108//2424 1006//2424
f 2613//2425 2235//2425 2233//2425
f 1555//2426 1582//2426 79//2426
f 1845//2427 1329//2427 1133//2427
f 2614//2428 1329//2428 1331//2428
f 2125//2429 2450//2429 2384//2429
f 2408//2430 2091//2430 2615//2430
f 1329//2431 1845//2431 1330//2431
f 685//2432 937//2432 2590//2432
f 2616//2433 1161//2433 1163//2433
f 2410//2434 2167//2434 2449//2434
f 688//2435 1843//2435 2612//2435
f 2085//2436 2416//2436 1478//2436
f 2150//2437 2149//2437 2081//2437
f 1659//2438 1689//2438 2243//2438
f 704//2439 703//2439 1315//2439
f 2617//2440 1315//2440 1317//2440
f 378//2441 803//2441 379//2441
f 442//2442 1401//2442 449//2442
f 448//2443 449//2443 1402//2443
f 562//2444 810//2444 1413//2444
f 1161//2445 810//2445 1162//2445
f 1121//2446 1115//2446 1129//2446
f 2618//2447 1115//2447 1117//2447
f 2441//2448 2064//2448 1609//2448
f 1864//2449 1158//2449 1156//2449
f 2619//2450 1158//2450 1160//2450
f 2279//2451 1176//2451 1709//2451
f 702//2452 1353//2452 1280//2452
f 1315//2453 703//2453 1316//2453
f 839//2454 838//2454 1862//2454
f 675//2455 955//2455 676//2455
f 2243//2456 776//2456 2272//2456
f 1769//2457 2202//2457 2270//2457
f 1115//2458 1122//2458 1116//2458
f 550//2459 1121//2459 543//2459
f 1621//2460 955//2460 837//2460
f 2620//2461 837//2461 839//2461
f 1864//2462 588//2462 591//2462
f 1158//2463 1864//2463 1159//2463
f 285//2464 312//2464 1723//2464
f 226//2465 225//2465 505//2465
f 538//2466 477//2466 527//2466
f 1038//2467 1061//2467 1036//2467
f 262//2468 261//2468 1037//2468
f 1841//2469 1405//2469 425//2469
f 1556//2470 1667//2470 2245//2470
f 2245//2471 81//2471 2244//2471
f 260//2472 259//2472 979//2472
f 941//2473 1639//2473 1268//2473
f 1833//2474 617//2474 1418//2474
f 2244//2475 884//2475 2486//2475
f 1648//2476 1696//2476 2582//2476
f 1003//2477 1648//2477 163//2477
f 439//2478 446//2478 1621//2478
f 446//2479 1804//2479 447//2479
f 249//2480 1740//2480 284//2480
f 1943//2481 469//2481 1363//2481
f 1641//2482 2553//2482 1639//2482
f 1639//2483 2599//2483 1268//2483
f 1967//2484 1075//2484 970//2484
f 1073//2485 2245//2485 1074//2485
f 923//2486 922//2486 2621//2486
f 924//2487 1305//2487 1030//2487
f 646//2488 323//2488 1357//2488
f 1869//2489 1855//2489 2583//2489
f 2622//2490 1247//2490 1869//2490
f 647//2491 646//2491 1247//2491
f 607//2492 209//2492 208//2492
f 1706//2493 608//2493 610//2493
f 2069//2494 2399//2494 2398//2494
f 2261//2495 1966//2495 273//2495
f 1324//2496 2612//2496 2623//2496
f 1320//2497 1847//2497 2584//2497
f 1166//2498 1165//2498 799//2498
f 2179//2499 798//2499 2101//2499
f 313//2500 2624//2500 1960//2500
f 87//2501 355//2501 85//2501
f 2084//2502 2416//2502 2085//2502
f 2557//2503 1454//2503 2522//2503
f 570//2504 1400//2504 2625//2504
f 1087//2505 1724//2505 31//2505
f 1700//2506 1724//2506 173//2506
f 2155//2507 2080//2507 2153//2507
f 973//2508 972//2508 2545//2508
f 2338//2509 1456//2509 1514//2509
f 1608//2510 394//2510 2339//2510
f 292//2511 354//2511 1952//2511
f 1321//2512 40//2512 1322//2512
f 2582//2513 269//2513 1198//2513
f 2247//2514 2118//2514 2120//2514
f 38//2515 37//2515 1813//2515
f 657//2516 659//2516 1187//2516
f 1223//2517 1189//2517 2626//2517
f 1269//2518 1867//2518 1270//2518
f 1901//2519 1271//2519 999//2519
f 2071//2520 2407//2520 1467//2520
f 711//2521 2098//2521 2099//2521
f 2013//2522 604//2522 1850//2522
f 1867//2523 1269//2523 2013//2523
f 862//2524 2353//2524 1678//2524
f 2404//2525 2145//2525 1181//2525
f 150//2526 158//2526 157//2526
f 518//2527 444//2527 443//2527
f 372//2528 1361//2528 373//2528
f 1187//2529 659//2529 1188//2529
f 1616//2530 61//2530 2018//2530
f 1339//2531 802//2531 1337//2531
f 1339//2532 1859//2532 802//2532
f 2394//2533 717//2533 1658//2533
f 1134//2534 1320//2534 2584//2534
f 17//2535 15//2535 18//2535
f 1305//2536 924//2536 923//2536
f 1912//2537 923//2537 2621//2537
f 1990//2538 1010//2538 1081//2538
f 2627//2539 1010//2539 1012//2539
f 715//2540 70//2540 72//2540
f 1595//2541 1594//2541 72//2541
f 505//2542 504//2542 226//2542
f 825//2543 1938//2543 826//2543
f 1334//2544 827//2544 896//2544
f 1387//2545 206//2545 1324//2545
f 1149//2546 1324//2546 2623//2546
f 1938//2547 825//2547 1908//2547
f 494//2548 203//2548 202//2548
f 2602//2549 2266//2549 2485//2549
f 29//2550 605//2550 1714//2550
f 1136//2551 1135//2551 1088//2551
f 1264//2552 994//2552 1014//2552
f 2628//2553 994//2553 996//2553
f 1010//2554 1990//2554 1011//2554
f 1975//2555 933//2555 2629//2555
f 2498//2556 1605//2556 2068//2556
f 1444//2557 1284//2557 1283//2557
f 2462//2558 2429//2558 2187//2558
f 435//2559 563//2559 1417//2559
f 994//2560 1264//2560 995//2560
f 818//2561 1359//2561 819//2561
f 901//2562 900//2562 1894//2562
f 1026//2563 892//2563 190//2563
f 811//2564 1909//2564 812//2564
f 1298//2565 811//2565 813//2565
f 802//2566 1849//2566 1337//2566
f 1859//2567 1625//2567 2630//2567
f 1723//2568 312//2568 280//2568
f 312//2569 285//2569 1386//2569
f 1184//2570 58//2570 1820//2570
f 1909//2571 811//2571 459//2571
f 1649//2572 1650//2572 2631//2572
f 2342//2573 2061//2573 2174//2573
f 2146//2574 853//2574 1485//2574
f 2415//2575 1488//2575 2416//2575
f 1464//2576 2510//2576 2156//2576
f 1709//2577 1167//2577 127//2577
f 2012//2578 1250//2578 1900//2578
f 1093//2579 68//2579 67//2579
f 67//2580 2496//2580 2207//2580
f 944//2581 2137//2581 942//2581
f 1699//2582 1698//2582 2137//2582
f 850//2583 1934//2583 851//2583
f 1292//2584 850//2584 852//2584
f 1232//2585 2398//2585 2397//2585
f 101//2586 100//2586 701//2586
f 770//2587 769//2587 350//2587
f 2632//2588 769//2588 1193//2588
f 1336//2589 901//2589 1352//2589
f 1352//2590 901//2590 1894//2590
f 2595//2591 1168//2591 119//2591
f 1813//2592 1168//2592 2595//2592
f 526//2593 528//2593 1349//2593
f 51//2594 340//2594 52//2594
f 1907//2595 860//2595 859//2595
f 2506//2596 2166//2596 1022//2596
f 1003//2597 162//2597 2116//2597
f 2191//2598 164//2598 163//2598
f 421//2599 154//2599 903//2599
f 186//2600 1280//2600 1382//2600
f 662//2601 752//2601 663//2601
f 1215//2602 664//2602 674//2602
f 1169//2603 1411//2603 1173//2603
f 752//2604 662//2604 753//2604
f 752//2605 753//2605 1208//2605
f 177//2606 2276//2606 178//2606
f 2230//2607 2313//2607 2633//2607
f 770//2608 85//2608 619//2608
f 769//2609 771//2609 1192//2609
f 1313//2610 2287//2610 1834//2610
f 1900//2611 1899//2611 2593//2611
f 1991//2612 980//2612 1907//2612
f 1106//2613 1055//2613 1107//2613
f 555//2614 1108//2614 691//2614
f 99//2615 7//2615 290//2615
f 144//2616 2287//2616 1824//2616
f 1743//2617 1834//2617 2287//2617
f 1934//2618 850//2618 1971//2618
f 672//2619 746//2619 2634//2619
f 1055//2620 1106//2620 1056//2620
f 970//2621 1075//2621 1074//2621
f 1635//2622 2635//2622 1636//2622
f 318//2623 1067//2623 1357//2623
f 90//2624 94//2624 88//2624
f 962//2625 961//2625 1913//2625
f 1736//2626 560//2626 1413//2626
f 604//2627 465//2627 176//2627
f 1310//2628 1309//2628 1642//2628
f 2636//2629 1896//2629 1927//2629
f 2540//2630 2566//2630 2285//2630
f 1734//2631 53//2631 192//2631
f 2216//2632 2637//2632 2217//2632
f 466//2633 174//2633 176//2633
f 1821//2634 270//2634 1841//2634
f 2141//2635 1818//2635 165//2635
f 2359//2636 2176//2636 2178//2636
f 805//2637 1897//2637 806//2637
f 1171//2638 807//2638 1195//2638
f 734//2639 736//2639 1031//2639
f 1347//2640 734//2640 1231//2640
f 1999//2641 735//2641 1347//2641
f 1897//2642 805//2642 1987//2642
f 1987//2643 1928//2643 846//2643
f 1285//2644 521//2644 1391//2644
f 311//2645 251//2645 253//2645
f 891//2646 252//2646 1661//2646
f 1831//2647 12//2647 1832//2647
f 1831//2648 10//2648 12//2648
f 1373//2649 1366//2649 212//2649
f 1338//2650 1337//2650 2638//2650
f 1328//2651 287//2651 289//2651
f 535//2652 1793//2652 105//2652
f 672//2653 668//2653 673//2653
f 1874//2654 672//2654 2634//2654
f 1234//2655 1233//2655 895//2655
f 2290//2656 2530//2656 2444//2656
f 1636//2657 2635//2657 2505//2657
f 2263//2658 274//2658 1539//2658
f 2625//2659 545//2659 575//2659
f 30//2660 29//2660 183//2660
f 452//2661 466//2661 1815//2661
f 1604//2662 1603//2662 1782//2662
f 2562//2663 1604//2663 1782//2663
f 1913//2664 1912//2664 2621//2664
f 2437//2665 2549//2665 2546//2665
f 1284//2666 2429//2666 1021//2666
f 964//2667 1213//2667 2639//2667
f 1861//2668 1213//2668 1212//2668
f 1927//2669 1896//2669 1186//2669
f 1996//2670 791//2670 1932//2670
f 792//2671 791//2671 1984//2671
f 989//2672 890//2672 1281//2672
f 1871//2673 888//2673 990//2673
f 1066//2674 1065//2674 2583//2674
f 60//2675 870//2675 1263//2675
f 1740//2676 998//2676 997//2676
f 997//2677 310//2677 282//2677
f 1409//2678 500//2678 1418//2678
f 638//2679 637//2679 1851//2679
f 2640//2680 1335//2680 1871//2680
f 889//2681 888//2681 1335//2681
f 144//2682 146//2682 1743//2682
f 1449//2683 557//2683 1497//2683
f 282//2684 1723//2684 280//2684
f 2147//2685 2131//2685 2130//2685
f 1566//2686 1693//2686 1567//2686
f 1932//2687 791//2687 1291//2687
f 136//2688 720//2688 137//2688
f 2641//2689 1430//2689 1751//2689
f 1125//2690 1124//2690 1088//2690
f 1202//2691 653//2691 794//2691
f 653//2692 1203//2692 1207//2692
f 761//2693 904//2693 903//2693
f 958//2694 905//2694 2642//2694
f 1357//2695 1066//2695 646//2695
f 1855//2696 1066//2696 2583//2696
f 435//2697 552//2697 563//2697
f 903//2698 154//2698 762//2698
f 685//2699 2590//2699 2038//2699
f 1338//2700 1949//2700 1339//2700
f 2006//2701 1338//2701 2638//2701
f 2162//2702 2150//2702 2049//2702
f 1863//2703 964//2703 966//2703
f 2187//2704 2186//2704 2462//2704
f 87//2705 1798//2705 353//2705
f 2301//2706 1467//2706 1447//2706
f 1744//2707 193//2707 192//2707
f 520//2708 868//2708 867//2708
f 869//2709 872//2709 2607//2709
f 639//2710 1145//2710 1355//2710
f 1090//2711 638//2711 1851//2711
f 620//2712 93//2712 92//2712
f 1787//2713 1788//2713 2643//2713
f 1711//2714 202//2714 525//2714
f 1739//2715 773//2715 1194//2715
f 1878//2716 677//2716 1190//2716
f 2644//2717 677//2717 679//2717
f 1697//2718 13//2718 17//2718
f 677//2719 1878//2719 678//2719
f 1659//2720 2645//2720 840//2720
f 2443//2721 2347//2721 2525//2721
f 783//2722 782//2722 1887//2722
f 1263//2723 2480//2723 1578//2723
f 218//2724 532//2724 1379//2724
f 482//2725 532//2725 217//2725
f 2108//2726 2121//2726 2109//2726
f 158//2727 2273//2727 156//2727
f 1217//2728 2209//2728 2191//2728
f 1398//2729 226//2729 504//2729
f 890//2730 1399//2730 1281//2730
f 2494//2731 377//2731 376//2731
f 1678//2732 1652//2732 1651//2732
f 306//2733 929//2733 928//2733
f 363//2734 362//2734 1403//2734
f 1623//2735 1721//2735 1403//2735
f 1904//2736 869//2736 2607//2736
f 512//2737 511//2737 1797//2737
f 580//2738 579//2738 581//2738
f 2413//2739 2412//2739 2547//2739
f 147//2740 1404//2740 148//2740
f 338//2741 652//2741 337//2741
f 1186//2742 1185//2742 1995//2742
f 2547//2743 2537//2743 2413//2743
f 405//2744 2434//2744 406//2744
f 404//2745 710//2745 405//2745
f 51//2746 537//2746 430//2746
f 526//2747 431//2747 430//2747
f 1151//2748 1853//2748 1152//2748
f 2646//2749 1151//2749 1153//2749
f 1853//2750 1151//2750 1333//2750
f 692//2751 104//2751 556//2751
f 2187//2752 2508//2752 2449//2752
f 1310//2753 1677//2753 2466//2753
f 476//2754 225//2754 224//2754
f 1675//2755 2364//2755 1676//2755
f 1676//2756 2364//2756 2070//2756
f 224//2757 673//2757 1622//2757
f 1838//2758 2643//2758 749//2758
f 2431//2759 2461//2759 2460//2759
f 2168//2760 2362//2760 2166//2760
f 1896//2761 1185//2761 1186//2761
f 2580//2762 49//2762 1963//2762
f 2536//2763 116//2763 2531//2763
f 241//2764 240//2764 356//2764
f 359//2765 240//2765 621//2765
f 1425//2766 2048//2766 1477//2766
f 784//2767 1224//2767 669//2767
f 954//2768 783//2768 1887//2768
f 2647//2769 723//2769 724//2769
f 610//2770 490//2770 489//2770
f 464//2771 1815//2771 466//2771
f 1727//2772 3//2772 5//2772
f 1727//2773 1722//2773 1725//2773
f 514//2774 210//2774 212//2774
f 1717//2775 1719//2775 2588//2775
f 869//2776 868//2776 872//2776
f 1539//2777 274//2777 276//2777
f 307//2778 1131//2778 1266//2778
f 1508//2779 1510//2779 2355//2779
f 2575//2780 173//2780 172//2780
f 2130//2781 2469//2781 2148//2781
f 2021//2782 1955//2782 36//2782
f 1816//2783 14//2783 13//2783
f 1697//2784 1699//2784 13//2784
f 2528//2785 2336//2785 2294//2785
f 445//2786 448//2786 1216//2786
f 269//2787 264//2787 1199//2787
f 264//2788 268//2788 270//2788
f 2056//2789 2502//2789 2057//2789
f 2648//2790 1806//2790 31//2790
f 1083//2791 1421//2791 539//2791
f 819//2792 1386//2792 122//2792
f 2565//2793 1725//2793 2105//2793
f 414//2794 836//2794 2649//2794
f 240//2795 242//2795 344//2795
f 241//2796 356//2796 358//2796
f 1799//2797 1801//2797 443//2797
f 447//2798 1804//2798 449//2798
f 2588//2799 1797//2799 1717//2799
f 2650//2800 512//2800 2588//2800
f 1249//2801 66//2801 65//2801
f 1687//2802 1249//2802 68//2802
f 1797//2803 2588//2803 512//2803
f 1964//2804 511//2804 581//2804
f 597//2805 510//2805 1962//2805
f 582//2806 595//2806 594//2806
f 823//2807 2651//2807 824//2807
f 2218//2808 822//2808 2134//2808
f 1941//2809 654//2809 1205//2809
f 2652//2810 654//2810 656//2810
f 1138//2811 1137//2811 2653//2811
f 1363//2812 1351//2812 1157//2812
f 429//2813 1889//2813 661//2813
f 592//2814 1353//2814 591//2814
f 932//2815 1673//2815 930//2815
f 2370//2816 1493//2816 932//2816
f 2531//2817 2135//2817 2654//2817
f 2655//2818 1550//2818 1552//2818
f 2292//2819 2337//2819 2404//2819
f 654//2820 1941//2820 655//2820
f 1037//2821 434//2821 262//2821
f 2656//2822 2022//2822 1840//2822
f 2656//2823 1959//2823 161//2823
f 1423//2824 1422//2824 2296//2824
f 2615//2825 2076//2825 1424//2825
f 613//2826 2016//2826 530//2826
f 1569//2827 1568//2827 2328//2827
f 2293//2828 1570//2828 2481//2828
f 2471//2829 2346//2829 557//2829
f 1252//2830 1642//2830 2094//2830
f 1441//2831 1427//2831 2521//2831
f 2146//2832 1485//2832 2066//2832
f 2022//2833 1961//2833 1840//2833
f 1839//2834 1838//2834 2022//2834
f 2160//2835 2161//2835 2182//2835
f 2144//2836 1824//2836 2287//2836
f 876//2837 1893//2837 829//2837
f 1336//2838 1893//2838 876//2838
f 868//2839 1974//2839 872//2839
f 323//2840 646//2840 648//2840
f 1066//2841 1855//2841 646//2841
f 461//2842 507//2842 855//2842
f 2098//2843 1653//2843 1652//2843
f 1157//2844 1139//2844 1138//2844
f 1866//2845 1138//2845 2653//2845
f 742//2846 741//2846 1885//2846
f 1206//2847 1285//2847 1391//2847
f 2604//2848 2160//2848 2182//2848
f 2075//2849 2076//2849 2604//2849
f 2310//2850 1517//2850 2332//2850
f 1102//2851 2411//2851 2410//2851
f 2657//2852 2650//2852 2588//2852
f 2112//2853 1230//2853 2177//2853
f 1375//2854 215//2854 214//2854
f 1376//2855 1032//2855 1374//2855
f 967//2856 1902//2856 968//2856
f 628//2857 969//2857 2658//2857
f 1902//2858 967//2858 1277//2858
f 1277//2859 1276//2859 362//2859
f 2581//2860 183//2860 185//2860
f 1109//2861 1632//2861 1633//2861
f 1633//2862 2169//2862 2509//2862
f 166//2863 22//2863 1700//2863
f 1395//2864 1736//2864 1413//2864
f 1848//2865 568//2865 325//2865
f 2162//2866 2363//2866 2448//2866
f 731//2867 2102//2867 1698//2867
f 2137//2868 2136//2868 972//2868
f 1372//2869 212//2869 211//2869
f 1047//2870 841//2870 840//2870
f 779//2871 1895//2871 1986//2871
f 2410//2872 2449//2872 1102//2872
f 1096//2873 98//2873 97//2873
f 416//2874 1704//2874 1389//2874
f 1392//2875 418//2875 417//2875
f 428//2876 611//2876 458//2876
f 320//2877 319//2877 1133//2877
f 1164//2878 788//2878 1165//2878
f 1624//2879 878//2879 877//2879
f 962//2880 1913//2880 2659//2880
f 2030//2881 2442//2881 2031//2881
f 2199//2882 1561//2882 2442//2882
f 690//2883 689//2883 2007//2883
f 1321//2884 1794//2884 97//2884
f 1794//2885 1095//2885 97//2885
f 2569//2886 1745//2886 2476//2886
f 1354//2887 1619//2887 470//2887
f 612//2888 1082//2888 613//2888
f 648//2889 324//2889 323//2889
f 778//2890 1352//2890 1894//2890
f 1345//2891 544//2891 1131//2891
f 1206//2892 742//2892 1286//2892
f 1286//2893 742//2893 1885//2893
f 2153//2894 2385//2894 2384//2894
f 1982//2895 666//2895 1875//2895
f 544//2896 543//2896 1129//2896
f 729//2897 728//2897 2660//2897
f 906//2898 1921//2898 907//2898
f 1235//2899 908//2899 2661//2899
f 1921//2900 906//2900 1420//2900
f 462//2901 1356//2901 1944//2901
f 1039//2902 2284//2902 1040//2902
f 1039//2903 2107//2903 2284//2903
f 419//2904 434//2904 2662//2904
f 352//2905 1194//2905 243//2905
f 857//2906 462//2906 855//2906
f 1228//2907 2497//2907 2425//2907
f 2547//2908 2532//2908 2537//2908
f 589//2909 588//2909 1156//2909
f 2466//2910 1230//2910 2111//2910
f 617//2911 1833//2911 2585//2911
f 555//2912 283//2912 1056//2912
f 1875//2913 1874//2913 2634//2913
f 1262//2914 195//2914 867//2914
f 2058//2915 400//2915 399//2915
f 634//2916 2475//2916 1719//2916
f 213//2917 1369//2917 1366//2917
f 1508//2918 2413//2918 2046//2918
f 1408//2919 874//2919 981//2919
f 1624//2920 962//2920 2659//2920
f 1101//2921 1100//2921 2663//2921
f 2044//2922 2029//2922 1458//2922
f 730//2923 729//2923 1319//2923
f 1882//2924 729//2924 2660//2924
f 1734//2925 1958//2925 1735//2925
f 2405//2926 1568//2926 2331//2926
f 2301//2927 1468//2927 1467//2927
f 1467//2928 1469//2928 2070//2928
f 1363//2929 1157//2929 1943//2929
f 1654//2930 2173//2930 1070//2930
f 1976//2931 1624//2931 2659//2931
f 1238//2932 695//2932 1239//2932
f 1029//2933 1951//2933 695//2933
f 496//2934 373//2934 1222//2934
f 1361//2935 1223//2935 373//2935
f 1718//2936 1963//2936 2020//2936
f 349//2937 87//2937 86//2937
f 24//2938 1348//2938 585//2938
f 428//2939 427//2939 425//2939
f 2078//2940 2306//2940 2402//2940
f 2402//2941 2079//2941 2078//2941
f 33//2942 1087//2942 31//2942
f 223//2943 222//2943 1390//2943
f 1390//2944 963//2944 962//2944
f 476//2945 1622//2945 528//2945
f 1064//2946 1063//2946 2122//2946
f 1454//2947 1453//2947 1062//2947
f 424//2948 1821//2948 1841//2948
f 2468//2949 2433//2949 2132//2949
f 342//2950 494//2950 1711//2950
f 12//2951 11//2951 114//2951
f 112//2952 1705//2952 2281//2952
f 2297//2953 2349//2953 1528//2953
f 2011//2954 1876//2954 1915//2954
f 672//2955 673//2955 1214//2955
f 1652//2956 2353//2956 2029//2956
f 2541//2957 1603//2957 2347//2957
f 1920//2958 1150//2958 2664//2958
f 5//2959 3//2959 6//2959
f 876//2960 902//2960 1336//2960
f 1893//2961 1336//2961 780//2961
f 2354//2962 2412//2962 2414//2962
f 1173//2963 1172//2963 1169//2963
f 1174//2964 795//2964 1172//2964
f 1293//2965 1292//2965 1931//2965
f 848//2966 2384//2966 2183//2966
f 1214//2967 1213//2967 1863//2967
f 902//2968 876//2968 875//2968
f 673//2969 1212//2969 1214//2969
f 1446//2970 2295//2970 2304//2970
f 2408//2971 2407//2971 2092//2971
f 792//2972 1371//2972 1972//2972
f 1291//2973 793//2973 1973//2973
f 1239//2974 695//2974 1092//2974
f 2508//2975 2100//2975 2509//2975
f 2187//2976 2449//2976 2188//2976
f 2544//2977 394//2977 393//2977
f 395//2978 2478//2978 2565//2978
f 2401//2979 2400//2979 2665//2979
f 822//2980 2425//2980 2654//2980
f 1544//2981 1752//2981 1545//2981
f 1767//2982 2210//2982 1768//2982
f 608//2983 607//2983 609//2983
f 2447//2984 2126//2984 2127//2984
f 795//2985 1174//2985 796//2985
f 202//2986 1711//2986 494//2986
f 1580//2987 2316//2987 1487//2987
f 1089//2988 1852//2988 2003//2988
f 1472//2989 1228//2989 2425//2989
f 1362//2990 1840//2990 1961//2990
f 1961//2991 2022//2991 34//2991
f 372//2992 1780//2992 1393//2992
f 203//2993 682//2993 681//2993
f 1915//2994 1877//2994 2666//2994
f 1291//2995 791//2995 793//2995
f 1451//2996 1442//2996 2525//2996
f 861//2997 863//2997 2665//2997
f 2473//2998 864//2998 2528//2998
f 632//2999 1069//2999 1071//2999
f 877//3000 879//3000 1890//3000
f 1572//3001 157//3001 1747//3001
f 2423//3002 2185//3002 2667//3002
f 973//3003 2546//3003 2549//3003
f 2136//3004 366//3004 972//3004
f 1700//3005 2648//3005 31//3005
f 1700//3006 167//3006 166//3006
f 1089//3007 1090//3007 1851//3007
f 2311//3008 1498//3008 2346//3008
f 317//3009 199//3009 1844//3009
f 1293//3010 1931//3010 794//3010
f 2491//3011 1466//3011 2032//3011
f 1782//3012 1783//3012 1805//3012
f 1045//3013 1044//3013 2541//3013
f 2668//3014 738//3014 1496//3014
f 946//3015 925//3015 1343//3015
f 881//3016 2362//3016 882//3016
f 1//3017 3//3017 1727//3017
f 2171//3018 2663//3018 1631//3018
f 1401//3019 524//3019 1402//3019
f 917//3020 2283//3020 548//3020
f 496//3021 473//3021 1362//3021
f 627//3022 2601//3022 2669//3022
f 144//3023 1743//3023 2287//3023
f 1522//3024 1521//3024 2038//3024
f 453//3025 496//3025 1222//3025
f 842//3026 1936//3026 2670//3026
f 1546//3027 1307//3027 151//3027
f 1547//3028 2662//3028 1746//3028
f 843//3029 1254//3029 842//3029
f 1023//3030 1278//3030 1024//3030
f 1259//3031 1278//3031 1023//3031
f 639//3032 2012//3032 637//3032
f 2010//3033 1126//3033 1873//3033
f 2316//3034 1479//3034 1487//3034
f 1478//3035 2416//3035 1487//3035
f 2458//3036 2182//3036 2161//3036
f 1698//3037 2102//3037 2137//3037
f 1483//3038 2433//3038 763//3038
f 2532//3039 2592//3039 2537//3039
f 2060//3040 1071//3040 2042//3040
f 1251//3041 1250//3041 2012//3041
f 2306//3042 2078//3042 2548//3042
f 2035//3043 939//3043 413//3043
f 492//3044 1828//3044 479//3044
f 1728//3045 1948//3045 246//3045
f 1279//3046 1278//3046 2597//3046
f 439//3047 1278//3047 1280//3047
f 616//3048 475//3048 474//3048
f 1857//3049 627//3049 2669//3049
f 1355//3050 1251//3050 2012//3050
f 1716//3051 235//3051 1808//3051
f 1606//3052 2439//3052 2336//3052
f 2037//3053 2038//3053 2590//3053
f 683//3054 685//3054 2038//3054
f 1835//3055 959//3055 751//3055
f 1799//3056 438//3056 1801//3056
f 438//3057 1953//3057 1802//3057
f 727//3058 726//3058 1060//3058
f 2125//3059 2124//3059 2450//3059
f 926//3060 946//3060 2671//3060
f 1344//3061 1343//3061 302//3061
f 1281//3062 1378//3062 1618//3062
f 2422//3063 2454//3063 2423//3063
f 2420//3064 2422//3064 1758//3064
f 30//3065 593//3065 28//3065
f 1294//3066 338//3066 1617//3066
f 1128//3067 1943//3067 1157//3067
f 1873//3068 1866//3068 2653//3068
f 2663//3069 2169//3069 1631//3069
f 2508//3070 1102//3070 2449//3070
f 2406//3071 2329//3071 2405//3071
f 402//3072 2563//3072 1560//3072
f 2519//3073 2413//3073 1508//3073
f 828//3074 830//3074 1937//3074
f 2111//3075 2112//3075 2672//3075
f 2672//3076 1480//3076 2430//3076
f 1560//3077 2326//3077 1558//3077
f 242//3078 1571//3078 2240//3078
f 23//3079 165//3079 1818//3079
f 159//3080 616//3080 24//3080
f 966//3081 965//3081 2005//3081
f 24//3082 2673//3082 22//3082
f 1806//3083 2673//3083 587//3083
f 2321//3084 2547//3084 2396//3084
f 865//3085 870//3085 1790//3085
f 414//3086 710//3086 404//3086
f 38//3087 488//3087 1708//3087
f 1978//3088 925//3088 927//3088
f 1422//3089 2349//3089 2296//3089
f 2403//3090 1422//3090 1424//3090
f 756//3091 1298//3091 1933//3091
f 10//3092 502//3092 501//3092
f 527//3093 477//3093 476//3093
f 1958//3094 537//3094 1735//3094
f 1439//3095 758//3095 757//3095
f 1438//3096 1437//3096 2432//3096
f 1433//3097 1536//3097 1431//3097
f 938//3098 684//3098 1681//3098
f 1030//3099 1951//3099 1029//3099
f 695//3100 1238//3100 1029//3100
f 1343//3101 925//3101 1365//3101
f 2162//3102 2447//3102 2147//3102
f 1572//3103 1747//3103 264//3103
f 2046//3104 2045//3104 2317//3104
f 965//3105 964//3105 2639//3105
f 828//3106 876//3106 829//3106
f 875//3107 828//3107 1937//3107
f 2376//3108 2172//3108 2419//3108
f 2375//3109 1511//3109 1755//3109
f 277//3110 279//3110 574//3110
f 1553//3111 2020//3111 2478//3111
f 1718//3112 1553//3112 1719//3112
f 1516//3113 2059//3113 2061//3113
f 2059//3114 1515//3114 1455//3114
f 1198//3115 156//3115 2273//3115
f 731//3116 1697//3116 732//3116
f 16//3117 533//3117 21//3117
f 1968//3118 641//3118 1883//3118
f 2016//3119 2015//3119 707//3119
f 1960//3120 304//3120 1737//3120
f 1223//3121 1361//3121 657//3121
f 1189//3122 1223//3122 1187//3122
f 2004//3123 1372//3123 1896//3123
f 608//3124 501//3124 209//3124
f 1862//3125 838//3125 2674//3125
f 1383//3126 360//3126 1384//3126
f 1287//3127 363//3127 1384//3127
f 1861//3128 1399//3128 889//3128
f 1933//3129 661//3129 756//3129
f 196//3130 1856//3130 596//3130
f 2636//3131 2004//3131 1896//3131
f 670//3132 1223//3132 2626//3132
f 784//3133 669//3133 671//3133
f 594//3134 1856//3134 578//3134
f 2361//3135 880//3135 882//3135
f 2223//3136 2215//3136 1772//3136
f 2565//3137 393//3137 395//3137
f 348//3138 82//3138 621//3138
f 43//3139 478//3139 1828//3139
f 2242//3140 2587//3140 1683//3140
f 2586//3141 2242//3141 2197//3141
f 250//3142 284//3142 553//3142
f 553//3143 1829//3143 111//3143
f 1523//3144 2035//3144 2323//3144
f 1063//3145 2109//3145 2121//3145
f 1063//3146 1453//3146 1272//3146
f 1495//3147 1753//3147 2633//3147
f 1883//3148 1882//3148 2660//3148
f 194//3149 506//3149 1800//3149
f 160//3150 1777//3150 1221//3150
f 395//3151 1072//3151 635//3151
f 1803//3152 449//3152 1804//3152
f 315//3153 2252//3153 2256//3153
f 2252//3154 2255//3154 2254//3154
f 1533//3155 162//3155 164//3155
f 2116//3156 1532//3156 169//3156
f 1147//3157 1146//3157 1926//3157
f 1453//3158 1063//3158 1062//3158
f 688//3159 687//3159 1843//3159
f 266//3160 2662//3160 1547//3160
f 1746//3161 2662//3161 434//3161
f 1678//3162 2353//3162 1652//3162
f 546//3163 545//3163 1400//3163
f 823//3164 2421//3164 2651//3164
f 1007//3165 2500//3165 1008//3165
f 2456//3166 1022//3166 1672//3166
f 2663//3167 2520//3167 1101//3167
f 2171//3168 1631//3168 2027//3168
f 155//3169 433//3169 1946//3169
f 527//3170 526//3170 430//3170
f 764//3171 763//3171 2127//3171
f 765//3172 1482//3172 763//3172
f 1294//3173 850//3173 1292//3173
f 687//3174 686//3174 2008//3174
f 739//3175 2668//3175 1634//3175
f 1113//3176 1112//3176 1998//3176
f 1146//3177 1113//3177 1998//3177
f 2464//3178 2465//3178 2507//3178
f 850//3179 1294//3179 1617//3179
f 2675//3180 1068//3180 1858//3180
f 1857//3181 1068//3181 625//3181
f 1619//3182 1377//3182 606//3182
f 2643//3183 1788//3183 750//3183
f 287//3184 248//3184 288//3184
f 248//3185 2573//3185 1565//3185
f 1461//3186 2577//3186 2420//3186
f 2427//3187 1461//3187 1463//3187
f 1426//3188 1425//3188 1477//3188
f 2048//3189 2409//3189 2363//3189
f 2167//3190 2506//3190 2188//3190
f 2157//3191 2166//3191 2362//3191
f 2425//3192 2497//3192 2654//3192
f 941//3193 259//3193 258//3193
f 2599//3194 1639//3194 2553//3194
f 890//3195 989//3195 888//3195
f 1043//3196 1387//3196 1042//3196
f 2459//3197 2165//3197 919//3197
f 128//3198 942//3198 2138//3198
f 1220//3199 1219//3199 1787//3199
f 990//3200 989//3200 1969//3200
f 1282//3201 1281//3201 1618//3201
f 975//3202 1992//3202 1266//3202
f 977//3203 1992//3203 975//3203
f 743//3204 1982//3204 741//3204
f 1890//3205 416//3205 1388//3205
f 1704//3206 416//3206 418//3206
f 99//3207 290//3207 41//3207
f 1858//3208 1857//3208 2669//3208
f 470//3209 469//3209 1127//3209
f 2648//3210 22//3210 2673//3210
f 1552//3211 2579//3211 2655//3211
f 1747//3212 156//3212 1198//3212
f 1//3213 1963//3213 49//3213
f 1750//3214 887//3214 1311//3214
f 548//3215 547//3215 917//3215
f 548//3216 2483//3216 2567//3216
f 2467//3217 2127//3217 763//3217
f 933//3218 1888//3218 2629//3218
f 1821//3219 424//3219 1946//3219
f 26//3220 25//3220 506//3220
f 26//3221 194//3221 193//3221
f 1043//3222 1419//3222 618//3222
f 308//3223 1992//3223 991//3223
f 308//3224 1266//3224 1992//3224
f 1959//3225 2656//3225 1840//3225
f 2147//3226 2148//3226 2150//3226
f 2138//3227 974//3227 973//3227
f 836//3228 415//3228 2340//3228
f 113//3229 112//3229 2107//3229
f 1415//3230 1994//3230 1173//3230
f 243//3231 245//3231 351//3231
f 802//3232 801//3232 1849//3232
f 2630//3233 1625//3233 201//3233
f 1825//3234 19//3234 1955//3234
f 2512//3235 1502//3235 2069//3235
f 1342//3236 817//3236 1340//3236
f 486//3237 38//3237 513//3237
f 1823//3238 316//3238 943//3238
f 1082//3239 1081//3239 1917//3239
f 1917//3240 1010//3240 2627//3240
f 1518//3241 1523//3241 1522//3241
f 590//3242 573//3242 546//3242
f 1818//3243 159//3243 23//3243
f 2352//3244 2043//3244 2042//3244
f 1493//3245 1492//3245 2457//3245
f 2306//3246 2548//3246 1541//3246
f 2548//3247 2078//3247 1510//3247
f 2009//3248 1917//3248 2627//3248
f 1082//3249 1917//3249 2676//3249
f 1403//3250 1276//3250 1623//3250
f 1721//3251 1623//3251 327//3251
f 756//3252 811//3252 1298//3252
f 2625//3253 574//3253 570//3253
f 571//3254 279//3254 437//3254
f 818//3255 817//3255 2605//3255
f 819//3256 1381//3256 817//3256
f 992//3257 2596//3257 1919//3257
f 1726//3258 1725//3258 2020//3258
f 1397//3259 508//3259 208//3259
f 2455//3260 1678//3260 2172//3260
f 2455//3261 2376//3261 2375//3261
f 132//3262 1928//3262 130//3262
f 811//3263 756//3263 459//3263
f 842//3264 986//3264 843//3264
f 2194//3265 136//3265 1751//3265
f 946//3266 945//3266 2671//3266
f 1304//3267 2665//3267 863//3267
f 861//3268 2400//3268 2028//3268
f 1523//3269 2309//3269 2035//3269
f 270//3270 268//3270 267//3270
f 2304//3271 2295//3271 2305//3271
f 1521//3272 2406//3272 683//3272
f 151//3273 150//3273 157//3273
f 1700//3274 22//3274 2648//3274
f 2399//3275 1605//3275 2343//3275
f 2649//3276 2677//3276 2678//3276
f 1443//3277 2231//3277 1444//3277
f 667//3278 666//3278 1982//3278
f 894//3279 893//3279 2354//3279
f 419//3280 420//3280 433//3280
f 450//3281 456//3281 2679//3281
f 450//3282 2679//3282 816//3282
f 1206//3283 667//3283 1982//3283
f 932//3284 2456//3284 1673//3284
f 2517//3285 2667//3285 2185//3285
f 1773//3286 2667//3286 1761//3286
f 1279//3287 2597//3287 1923//3287
f 1751//3288 136//3288 2641//3288
f 1123//3289 2576//3289 1124//3289
f 1528//3290 2349//3290 2438//3290
f 733//3291 732//3291 1141//3291
f 2598//3292 313//3292 1737//3292
f 131//3293 560//3293 1736//3293
f 1432//3294 1431//3294 1110//3294
f 289//3295 536//3295 1328//3295
f 395//3296 394//3296 1072//3296
f 671//3297 670//3297 2626//3297
f 1223//3298 1222//3298 373//3298
f 1439//3299 1768//3299 1752//3299
f 2426//3300 2463//3300 2387//3300
f 2241//3301 2486//3301 884//3301
f 856//3302 1899//3302 857//3302
f 1377//3303 1618//3303 1378//3303
f 670//3304 669//3304 1222//3304
f 2548//3305 1509//3305 2317//3305
f 2306//3306 1541//3306 1540//3306
f 2506//3307 1022//3307 2462//3307
f 2411//3308 2299//3308 2332//3308
f 250//3309 1793//3309 288//3309
f 564//3310 149//3310 148//3310
f 1643//3311 2516//3311 1644//3311
f 822//3312 2654//3312 2134//3312
f 730//3313 1319//3313 2010//3313
f 609//3314 490//3314 610//3314
f 2028//3315 2029//3315 2353//3315
f 2043//3316 2029//3316 2044//3316
f 1790//3317 870//3317 871//3317
f 1784//3318 1260//3318 623//3318
f 1666//3319 1598//3319 714//3319
f 8//3320 7//3320 1956//3320
f 1312//3321 566//3321 565//3321
f 2261//3322 273//3322 953//3322
f 1646//3323 2260//3323 2551//3323
f 1000//3324 999//3324 1910//3324
f 2436//3325 1488//3325 2415//3325
f 2459//3326 1674//3326 2165//3326
f 364//3327 934//3327 2606//3327
f 951//3328 1274//3328 1428//3328
f 2001//3329 1024//3329 1621//3329
f 1979//3330 1978//3330 927//3330
f 1365//3331 1978//3331 1032//3331
f 2283//3332 1834//3332 1835//3332
f 1313//3333 2283//3333 917//3333
f 2153//3334 2450//3334 2154//3334
f 2092//3335 2110//3335 2093//3335
f 1031//3336 1033//3336 1979//3336
f 1978//3337 1033//3337 1032//3337
f 1394//3338 1404//3338 147//3338
f 1449//3339 1497//3339 2170//3339
f 2346//3340 1497//3340 557//3340
f 702//3341 1279//3341 1923//3341
f 981//3342 874//3342 873//3342
f 858//3343 860//3343 873//3343
f 1980//3344 372//3344 1392//3344
f 1780//3345 372//3345 374//3345
f 281//3346 280//3346 1829//3346
f 1867//3347 2013//3347 1850//3347
f 1800//3348 1958//3348 1734//3348
f 845//3349 2608//3349 1898//3349
f 928//3350 844//3350 846//3350
f 1092//3351 1091//3351 1989//3351
f 827//3352 1334//3352 825//3352
f 1334//3353 620//3353 1908//3353
f 184//3354 193//3354 1745//3354
f 362//3355 2606//3355 1903//3355
f 2296//3356 2349//3356 2297//3356
f 2469//3357 2152//3357 2151//3357
f 1478//3358 1487//3358 1479//3358
f 2050//3359 2082//3359 1478//3359
f 1108//3360 555//3360 1106//3360
f 1889//3361 756//3361 661//3361
f 2489//3362 1507//3362 1665//3362
f 340//3363 51//3363 430//3363
f 791//3364 1996//3364 1984//3364
f 2336//3365 403//3365 1606//3365
f 2221//3366 765//3366 2389//3366
f 1666//3367 1729//3367 1599//3367
f 988//3368 987//3368 2680//3368
f 987//3369 1255//3369 2611//3369
f 859//3370 858//3370 2006//3370
f 951//3371 1434//3371 848//3371
f 849//3372 1434//3372 2223//3372
f 619//3373 1334//3373 896//3373
f 694//3374 693//3374 1091//3374
f 695//3375 694//3375 1092//3375
f 139//3376 544//3376 140//3376
f 1000//3377 1275//3377 465//3377
f 1275//3378 1910//3378 1909//3378
f 1180//3379 2405//3379 1181//3379
f 877//3380 1890//3380 1388//3380
f 1389//3381 1704//3381 1390//3381
f 697//3382 1325//3382 2610//3382
f 1628//3383 1627//3383 1185//3383
f 921//3384 2373//3384 2372//3384
f 2025//3385 1603//3385 557//3385
f 26//3386 193//3386 184//3386
f 2380//3387 887//3387 1749//3387
f 692//3388 691//3388 1842//3388
f 1608//3389 1072//3389 394//3389
f 2562//3390 1782//3390 2143//3390
f 2060//3391 2059//3391 632//3391
f 322//3392 614//3392 583//3392
f 2576//3393 1123//3393 1957//3393
f 1837//3394 1346//3394 1119//3394
f 1346//3395 1380//3395 1345//3395
f 947//3396 1886//3396 1974//3396
f 984//3397 983//3397 829//3397
f 830//3398 983//3398 1246//3398
f 1516//3399 1515//3399 2059//3399
f 2341//3400 1514//3400 1516//3400
f 2420//3401 2454//3401 2422//3401
f 1770//3402 2535//3402 2497//3402
f 755//3403 1204//3403 516//3403
f 64//3404 1819//3404 1204//3404
f 1985//3405 1984//3405 682//3405
f 1178//3406 1984//3406 1996//3406
f 2388//3407 1755//3407 1757//3407
f 1935//3408 987//3408 2611//3408
f 446//3409 445//3409 676//3409
f 1901//3410 604//3410 2013//3410
f 1271//3411 1901//3411 1269//3411
f 2505//3412 2409//3412 1440//3412
f 572//3413 451//3413 271//3413
f 1807//3414 573//3414 175//3414
f 725//3415 1954//3415 726//3415
f 1868//3416 1867//3416 1850//3416
f 1084//3417 2610//3417 1922//3417
f 1155//3418 1158//3418 2619//3418
f 680//3419 1177//3419 2666//3419
f 949//3420 1286//3420 1885//3420
f 945//3421 2004//3421 2636//3421
f 1372//3422 2004//3422 1344//3422
f 2418//3423 1051//3423 1008//3423
f 2418//3424 2523//3424 1762//3424
f 529//3425 2016//3425 205//3425
f 838//3426 675//3426 2674//3426
f 1024//3427 2001//3427 1025//3427
f 1000//3428 1901//3428 999//3428
f 1901//3429 465//3429 604//3429
f 983//3430 982//3430 1245//3430
f 173//3431 2575//3431 167//3431
f 1344//3432 945//3432 946//3432
f 1518//3433 2310//3433 2309//3433
f 1468//3434 2301//3434 2054//3434
f 1364//3435 577//3435 1944//3435
f 2470//3436 758//3436 2431//3436
f 1439//3437 757//3437 1768//3437
f 989//3438 1282//3438 1969//3438
f 1993//3439 1282//3439 1618//3439
f 1282//3440 1993//3440 1968//3440
f 1995//3441 1627//3441 2603//3441
f 1132//3442 1329//3442 2614//3442
f 1950//3443 600//3443 1730//3443
f 1868//3444 1155//3444 2619//3444
f 589//3445 1155//3445 1850//3445
f 2463//3446 2516//3446 2387//3446
f 988//3447 330//3447 599//3447
f 2367//3448 2451//3448 2365//3448
f 2452//3449 2418//3449 2517//3449
f 1178//3450 680//3450 682//3450
f 1877//3451 680//3451 2666//3451
f 2277//3452 2569//3452 386//3452
f 2483//3453 751//3453 750//3453
f 938//3454 685//3454 684//3454
f 2091//3455 2076//3455 2615//3455
f 748//3456 2117//3456 747//3456
f 2117//3457 2128//3457 1680//3457
f 1031//3458 736//3458 1032//3458
f 1231//3459 1031//3459 1979//3459
f 2085//3460 2149//3460 2086//3460
f 401//3461 1785//3461 2114//3461
f 865//3462 864//3462 2474//3462
f 477//3463 506//3463 225//3463
f 1967//3464 2024//3464 1075//3464
f 792//3465 2589//3465 1370//3465
f 2001//3466 837//3466 2620//3466
f 1768//3467 1545//3467 1752//3467
f 1870//3468 1132//3468 2614//3468
f 603//3469 1132//3469 651//3469
f 306//3470 297//3470 307//3470
f 2331//3471 1181//3471 2405//3471
f 1568//3472 1570//3472 2331//3472
f 455//3473 454//3473 463//3473
f 808//3474 1161//3474 2616//3474
f 929//3475 991//3475 1911//3475
f 1649//3476 2514//3476 1234//3476
f 1480//3477 2672//3477 2427//3477
f 1736//3478 2598//3478 1737//3478
f 745//3479 58//3479 1184//3479
f 665//3480 50//3480 52//3480
f 2000//3481 1115//3481 2618//3481
f 1890//3482 879//3482 1196//3482
f 1127//3483 1126//3483 2010//3483
f 1370//3484 2589//3484 519//3484
f 1319//3485 1127//3485 2010//3485
f 2454//3486 1690//3486 2423//3486
f 571//3487 570//3487 574//3487
f 1890//3488 1196//3488 417//3488
f 1001//3489 2116//3489 168//3489
f 478//3490 295//3490 46//3490
f 8//3491 1956//3491 43//3491
f 1872//3492 2001//3492 2620//3492
f 1452//3493 1454//3493 2557//3493
f 647//3494 1248//3494 648//3494
f 1248//3495 1247//3495 2622//3495
f 1930//3496 808//3496 2616//3496
f 809//3497 808//3497 1892//3497
f 1236//3498 1938//3498 1908//3498
f 897//3499 896//3499 1860//3499
f 2107//3500 2159//3500 2284//3500
f 1881//3501 2000//3501 2618//3501
f 1130//3502 1129//3502 2000//3502
f 1844//3503 689//3503 317//3503
f 689//3504 1844//3504 1620//3504
f 807//3505 1171//3505 805//3505
f 1171//3506 561//3506 1987//3506
f 1267//3507 1266//3507 1130//3507
f 286//3508 1723//3508 311//3508
f 340//128 335//128 59//128
f 1191//3509 1288//3509 1287//3509
f 1683//3510 2587//3510 1684//3510
f 1928//3511 1987//3511 561//3511
f 2007//3512 1620//3512 2675//3512
f 1813//3513 2595//3513 489//3513
f 2098//3514 711//3514 1653//3514
f 712//3515 711//3515 2099//3515
f 219//3516 221//3516 222//3516
f 256//3517 257//3517 2253//3517
f 2505//3518 2635//3518 2448//3518
f 562//3519 1171//3519 1195//3519
f 387//3520 389//3520 2348//3520
f 146//3521 145//3521 20//3521
f 818//3522 2605//3522 1906//3522
f 1929//3523 1381//3523 1892//3523
f 650//3524 603//3524 651//3524
f 2014//3525 1315//3525 2617//3525
f 660//3526 2609//3526 1942//3526
f 1999//3527 1998//3527 735//3527
f 905//3528 958//3528 903//3528
f 1908//3529 92//3529 1237//3529
f 1938//3530 1236//3530 1939//3530
f 1803//3531 1953//3531 442//3531
f 436//3532 1802//3532 188//3532
f 665//3533 59//3533 58//3533
f 836//3534 2340//3534 834//3534
f 1447//3535 1467//3535 2407//3535
f 2101//3536 44//3536 296//3536
f 1253//3537 1248//3537 2622//3537
f 881//3538 2590//3538 937//3538
f 297//3539 531//3539 1345//3539
f 1306//3540 958//3540 2642//3540
f 1956//3541 99//3541 98//3541
f 2367//3542 1655//3542 2366//3542
f 2513//3543 2512//3543 2069//3543
f 1685//3544 1037//3544 1036//3544
f 1242//3545 1241//3545 1741//3545
f 1741//3546 295//3546 43//3546
f 1865//3547 2014//3547 2617//3547
f 704//3548 2014//3548 591//3548
f 785//3549 1677//3549 2382//3549
f 771//3550 897//3550 1860//3550
f 845//3551 1897//3551 1987//3551
f 726//3552 1954//3552 1836//3552
f 140//3553 1837//3553 1836//3553
f 1402//3554 1406//3554 448//3554
f 2594//3555 63//3555 524//3555
f 1559//3556 403//3556 402//3556
f 1881//3557 1267//3557 1130//3557
f 2581//3558 2569//3558 2277//3558
f 562//3559 1195//3559 1916//3559
f 781//3560 2656//3560 161//3560
f 1967//3561 238//3561 2024//3561
f 2456//3562 1020//3562 1022//3562
f 1492//3563 1020//3563 2457//3563
f 2567//3564 2483//3564 750//3564
f 1288//3565 1191//3565 1884//3565
f 2032//3566 1466//3566 2030//3566
f 444//3567 441//3567 440//3567
f 1993//3568 641//3568 1968//3568
f 408//3569 407//3569 410//3569
f 641//3570 1993//3570 642//3570
f 1848//3571 1845//3571 1133//3571
f 664//3572 1215//3572 662//3572
f 1861//3573 965//3573 2639//3573
f 965//3574 1861//3574 2002//3574
f 201//3575 1876//3575 2630//3575
f 800//3576 1876//3576 2011//3576
f 1930//3577 1929//3577 1892//3577
f 649//3578 651//3578 1870//3578
f 50//3579 53//3579 1734//3579
f 744//3580 745//3580 1183//3580
f 1264//3581 818//3581 1906//3581
f 59//3582 335//3582 334//3582
f 2494//3583 2539//3583 2435//3583
f 1425//3584 1427//3584 2048//3584
f 189//3585 2237//3585 2268//3585
f 2434//3586 2550//3586 2498//3586
f 2550//3587 719//3587 411//3587
f 2531//3588 116//3588 115//3588
f 166//3589 165//3589 23//3589
f 1216//3590 674//3590 676//3590
f 674//3591 1216//3591 1215//3591
f 1505//3592 1601//3592 2681//3592
f 1795//3593 708//3593 1794//3593
f 110//3594 1054//3594 1056//3594
f 1399//3595 890//3595 889//3595
f 1122//3596 1121//3596 1925//3596
f 543//3597 1121//3597 1129//3597
f 139//3598 550//3598 543//3598
f 1394//3599 138//3599 1954//3599
f 612//3600 467//3600 981//3600
f 598//3601 1965//3601 601//3601
f 2575//3602 1046//3602 1814//3602
f 1046//3603 1045//3603 2578//3603
f 128//3604 127//3604 1823//3604
f 849//3605 2386//3605 847//3605
f 889//3606 2002//3606 1861//3606
f 2005//3607 2002//3607 2640//3607
f 2452//3608 716//3608 2365//3608
f 1076//3609 1069//3609 1252//3609
f 810//3610 562//3610 1916//3610
f 33//3611 541//3611 540//3611
f 2368//3612 2501//3612 1764//3612
f 523//3613 653//3613 1207//3613
f 653//3614 523//3614 337//3614
f 2635//3615 1635//3615 2448//3615
f 2680//3616 1617//3616 1616//3616
f 1674//3617 1676//3617 2055//3617
f 1514//3618 2341//3618 1608//3618
f 696//3619 692//3619 1842//3619
f 2312//3620 2300//3620 2299//3620
f 1530//3621 2072//3621 2228//3621
f 1241//3622 295//3622 1741//3622
f 1846//3623 1845//3623 1848//3623
f 1983//3624 677//3624 2644//3624
f 1983//3625 1191//3625 1190//3625
f 1918//3626 1055//3626 1054//3626
f 1832//3627 12//3627 1830//3627
f 2468//3628 763//3628 2433//3628
f 123//3629 1822//3629 1396//3629
f 614//3630 322//3630 324//3630
f 1628//3631 211//3631 210//3631
f 196//3632 1385//3632 197//3632
f 766//3633 2177//3633 1230//3633
f 517//3634 1204//3634 228//3634
f 1208//3635 1914//3635 752//3635
f 269//3636 814//3636 267//3636
f 1919//3637 723//3637 993//3637
f 1170//3638 1627//3638 1626//3638
f 1411//3639 1169//3639 1628//3639
f 1884//3640 1983//3640 2644//3640
f 2681//3641 1506//3641 1505//3641
f 1620//3642 1068//3642 2675//3642
f 1013//3643 994//3643 2628//3643
f 301//3644 306//3644 928//3644
f 844//3645 929//3645 1911//3645
f 1924//3646 1122//3646 1925//3646
f 588//3647 1864//3647 1156//3647
f 521//3648 1349//3648 1391//3648
f 1786//3649 1964//3649 579//3649
f 2385//3650 2075//3650 2604//3650
f 824//3651 2631//3651 2465//3651
f 79//3652 75//3652 1555//3652
f 243//3653 773//3653 244//3653
f 1660//3654 772//3654 1689//3654
f 362//3655 1902//3655 1277//3655
f 577//3656 586//3656 1944//3656
f 587//3657 2673//3657 585//3657
f 117//3658 116//3658 1226//3658
f 629//3659 1853//3659 1333//3659
f 592//3660 2019//3660 1353//3660
f 703//3661 702//3661 1923//3661
f 706//3662 278//3662 277//3662
f 267//3663 423//3663 1841//3663
f 1918//3664 1013//3664 2628//3664
f 2577//3665 2358//3665 831//3665
f 1139//3666 1351//3666 2003//3666
f 2682//3667 1878//3667 1190//3667
f 1440//3668 2409//3668 1427//3668
f 561//3669 130//3669 1928//3669
f 2025//3670 557//3670 1449//3670
f 558//3671 1604//3671 559//3671
f 1293//3672 794//3672 652//3672
f 1332//3673 1151//3673 2646//3673
f 1994//3674 1174//3674 1173//3674
f 274//3675 575//3675 275//3675
f 833//3676 1691//3676 831//3676
f 84//3677 1190//3677 347//3677
f 1895//3678 779//3678 778//3678
f 760//3679 654//3679 2652//3679
f 762//3680 1205//3680 760//3680
f 1174//3681 1994//3681 1986//3681
f 1670//3682 2485//3682 1671//3682
f 158//3683 2209//3683 2273//3683
f 252//3684 1265//3684 1661//3684
f 1685//3685 1746//3685 1037//3685
f 1554//3686 75//3686 2220//3686
f 2219//3687 1489//3687 1583//3687
f 1397//3688 779//3688 1414//3688
f 1994//3689 779//3689 1986//3689
f 77//3690 630//3690 325//3690
f 1853//3691 629//3691 1854//3691
f 221//3692 1030//3692 222//3692
f 1694//3693 1625//3693 1339//3693
f 1304//3694 1179//3694 1181//3694
f 1878//3695 2682//3695 1879//3695
f 1846//3696 1332//3696 2646//3696
f 325//3697 1332//3697 1848//3697
f 1197//3698 1196//3698 1997//3698
f 2023//3699 749//3699 35//3699
f 1902//3700 362//3700 1903//3700
f 1865//3701 1864//3701 591//3701
f 1710//3702 1709//3702 1176//3702
f 1089//3703 1363//3703 1144//3703
f 1548//3704 191//3704 1549//3704
f 1588//3705 1443//3705 1494//3705
f 2205//3706 883//3706 1582//3706
f 1891//3707 760//3707 2652//3707
f 426//3708 1205//3708 762//3708
f 1275//3709 1909//3709 459//3709
f 2219//3710 1583//3710 1555//3710
f 1582//3711 1581//3711 2205//3711
f 2197//3712 2289//3712 2586//3712
f 883//3713 2197//3713 2242//3713
f 777//3714 769//3714 2632//3714
f 1185//3715 1896//3715 1628//3715
f 1197//3716 1392//3716 417//3716
f 1981//3717 1197//3717 1997//3717
f 1464//3718 2039//3718 1465//3718
f 2347//3719 1451//3719 2525//3719
f 1451//3720 2347//3720 2025//3720
f 1085//3721 1921//3721 1420//3721
f 1178//3722 682//3722 1984//3722
f 464//3723 466//3723 465//3723
f 568//3724 78//3724 325//3724
f 576//3725 542//3725 541//3725
f 1168//3726 1710//3726 120//3726
f 2367//3727 2453//3727 2451//3727
f 1879//3728 777//3728 2632//3728
f 2028//3729 2400//3729 1459//3729
f 251//3730 997//3730 252//3730
f 547//3731 2539//3731 2591//3731
f 1524//3732 1526//3732 2208//3732
f 659//3733 1981//3733 1997//3733
f 1392//3734 1197//3734 1980//3734
f 705//3735 277//3735 1318//3735
f 1176//3736 1175//3736 899//3736
f 1934//3737 1971//3737 2680//3737
f 1971//3738 1617//3738 2680//3738
f 463//3739 462//3739 586//3739
f 1079//3740 1078//3740 411//3740
f 709//3741 719//3741 405//3741
f 1252//3742 1069//3742 631//3742
f 1051//3743 2451//3743 1009//3743
f 1910//3744 1275//3744 1000//3744
f 2132//3745 2470//3745 2130//3745
f 310//3746 311//3746 1723//3746
f 1798//3747 352//3747 351//3747
f 351//3748 245//3748 247//3748
f 675//3749 674//3749 2674//3749
f 33//3750 593//3750 1125//3750
f 1810//3751 540//3751 542//3751
f 314//3752 256//3752 315//3752
f 2224//3753 124//3753 2215//3753
f 2357//3754 1440//3754 1442//3754
f 1970//3755 723//3755 2647//3755
f 1970//3756 149//3756 723//3756
f 1921//3757 1085//3757 1922//3757
f 2515//3758 914//3758 2469//3758
f 511//3759 1964//3759 47//3759
f 1964//3760 1786//3760 48//3760
f 2538//3761 2308//3761 1436//3761
f 227//3762 329//3762 336//3762
f 61//3763 336//3763 2018//3763
f 1360//3764 482//3764 481//3764
f 754//3765 516//3765 956//3765
f 1530//3766 2190//3766 1531//3766
f 197//3767 867//3767 195//3767
f 1962//3768 512//3768 2650//3768
f 1515//3769 1514//3769 1456//3769
f 1470//3770 1019//3770 2033//3770
f 899//3771 1175//3771 2479//3771
f 426//3772 762//3772 154//3772
f 1120//3773 1059//3773 1058//3773
f 1119//3774 1702//3774 1120//3774
f 2571//3775 1791//3775 1244//3775
f 1241//3776 1791//3776 296//3776
f 1924//3777 1970//3777 2647//3777
f 1970//3778 1925//3778 149//3778
f 596//3779 1827//3779 1385//3779
f 712//3780 2379//3780 2368//3780
f 1090//3781 1089//3781 1144//3781
f 2383//3782 2111//3782 2430//3782
f 2260//3783 170//3783 2551//3783
f 1838//3784 1787//3784 2643//3784
f 1351//3785 1089//3785 2003//3785
f 1917//3786 2009//3786 2676//3786
f 1764//3787 2219//3787 2220//3787
f 1934//3788 2680//3788 1935//3788
f 1101//3789 2520//3789 2411//3789
f 2676//3790 2015//3790 1082//3790
f 2008//3791 2676//3791 2009//3791
f 819//3792 312//3792 1386//3792
f 707//3793 2015//3793 686//3793
f 2285//3794 2232//3794 2133//3794
f 416//3795 1389//3795 1388//3795
f 293//3796 1947//3796 536//3796
f 1752//3797 1544//3797 1614//3797
f 2143//3798 1135//3798 1105//3798
f 1422//3799 2403//3799 2402//3799
f 735//3800 1998//3800 1112//3800
f 216//3801 1112//3801 1098//3801
f 2164//3802 2502//3802 2350//3802
f 1044//3803 1603//3803 2541//3803
f 302//3804 1365//3804 303//3804
f 380//3805 2592//3805 2184//3805
f 1112//3806 1374//3806 735//3806
f 1006//3807 1005//3807 1693//3807
f 5//3808 4//3808 790//3808
f 397//3809 396//3809 498//3809
f 2239//3810 775//3810 774//3810
f 365//3811 327//3811 238//3811
f 1306//3812 1940//3812 912//3812
f 2424//3813 1759//3813 2422//3813
f 455//3814 473//3814 453//3814
f 803//3815 378//3815 1175//3815
f 2280//3816 804//3816 1176//3816
f 142//3817 141//3817 2120//3817
f 868//3818 520//3818 522//3818
f 35//3819 34//3819 2023//3819
f 2164//3820 2163//3820 2371//3820
f 1219//3821 389//3821 370//3821
f 1777//3822 1219//3822 1221//3822
f 2615//3823 2295//3823 1448//3823
f 897//3824 771//3824 770//3824
f 790//3825 4//3825 788//3825
f 2558//3826 391//3826 2559//3826
f 1940//3827 1306//3827 2642//3827
f 1972//3828 793//3828 792//3828
f 1208//3829 1207//3829 1914//3829
f 1113//3830 1147//3830 1114//3830
f 1622//3831 668//3831 667//3831
f 672//3832 1874//3832 668//3832
f 515//3833 605//3833 29//3833
f 1994//3834 1415//3834 1414//3834
f 885//3835 887//3835 2380//3835
f 1567//3836 1693//3836 998//3836
f 1973//3837 1972//3837 2670//3837
f 737//3838 178//3838 2258//3838
f 179//3839 2313//3839 177//3839
f 1585//3840 408//3840 1080//3840
f 1087//3841 1125//3841 1088//3841
f 493//3842 1985//3842 203//3842
f 2187//3843 2429//3843 740//3843
f 210//3844 1411//3844 1628//3844
f 986//3845 842//3845 1371//3845
f 1972//3846 842//3846 2670//3846
f 2258//3847 2263//3847 1539//3847
f 523//3848 1208//3848 1406//3848
f 615//3849 1348//3849 24//3849
f 2184//3850 378//3850 380//3850
f 1471//3851 2041//3851 1017//3851
f 2438//3852 2349//3852 1542//3852
f 1528//3853 2546//3853 1529//3853
f 2566//3854 820//3854 1005//3854
f 2596//3855 992//3855 912//3855
f 2428//3856 2527//3856 2318//3856
f 578//3857 1856//3857 1358//3857
f 2202//3858 1769//3858 1481//3858
f 2678//3859 710//3859 414//3859
f 2580//3860 47//3860 49//3860
f 1627//3861 1170//3861 2603//3861
f 1670//3862 287//3862 699//3862
f 1565//3863 2573//3863 1566//3863
f 2578//3864 2348//3864 1779//3864
f 441//3865 1811//3865 1401//3865
f 442//3866 441//3866 1401//3866
f 969//3867 628//3867 967//3867
f 2624//3868 313//3868 315//3868
f 1920//3869 1042//3869 1148//3869
f 1150//3870 1920//3870 1148//3870
f 1144//3871 1356//3871 1145//3871
f 638//3872 1090//3872 1145//3872
f 1057//3873 2249//3873 1058//3873
f 2608//3874 845//3874 844//3874
f 910//3875 1920//3875 2664//3875
f 910//3876 1042//3876 1920//3876
f 108//3877 2233//3877 2232//3877
f 1988//3878 693//3878 481//3878
f 481//3879 693//3879 1360//3879
f 2307//3880 133//3880 124//3880
f 629//3881 628//3881 2658//3881
f 1276//3882 628//3882 630//3882
f 1756//3883 1511//3883 1513//3883
f 2125//3884 2386//3884 2123//3884
f 1772//3885 2386//3885 2223//3885
f 1228//3886 1227//3886 1771//3886
f 2217//3887 2637//3887 2204//3887
f 992//3888 1919//3888 993//3888
f 1429//3889 1428//3889 1274//3889
f 238//3890 237//3890 365//3890
f 605//3891 606//3891 1377//3891
f 1155//3892 1868//3892 1850//3892
f 908//3893 1235//3893 906//3893
f 135//3894 2538//3894 2225//3894
f 1444//3895 1283//3895 1445//3895
f 1287//3896 346//3896 347//3896
f 171//3897 1135//3897 172//3897
f 427//3898 1941//3898 1205//3898
f 131//3899 304//3899 132//3899
f 298//3900 260//3900 299//3900
f 1170//3901 1626//3901 1169//3901
f 2606//3902 362//3902 364//3902
f 693//3903 1988//3903 1091//3903
f 2315//3904 2633//3904 2313//3904
f 1628//3905 1896//3905 211//3905
f 2318//3906 2426//3906 2428//3906
f 1236//3907 1235//3907 2661//3907
f 91//3908 1235//3908 1237//3908
f 2308//3909 1434//3909 1436//3909
f 1324//3910 1148//3910 1154//3910
f 1761//3911 2667//3911 1762//3911
f 2504//3912 1763//3912 2236//3912
f 1242//3913 1792//3913 2649//3913
f 579//3914 578//3914 200//3914
f 510//3915 582//3915 581//3915
f 1897//3916 845//3916 1898//3916
f 835//3917 2649//3917 836//3917
f 627//3918 626//3918 2601//3918
f 1308//3919 2264//3919 143//3919
f 2026//3920 2357//3920 1631//3920
f 1625//3921 1859//3921 1339//3921
f 2262//3922 178//3922 2276//3922
f 2094//3923 885//3923 643//3923
f 1830//3924 12//3924 1039//3924
f 426//3925 153//3925 424//3925
f 985//3926 1248//3926 1253//3926
f 681//3927 201//3927 203//3927
f 2394//3928 1656//3928 718//3928
f 348//3929 349//3929 86//3929
f 424//3930 1841//3930 425//3930
f 2252//3931 315//3931 2253//3931
f 379//3932 2482//3932 2600//3932
f 171//3933 1724//3933 1087//3933
f 2248//3934 721//3934 1059//3934
f 1532//3935 2222//3935 2681//3935
f 502//3936 1418//3936 500//3936
f 2417//3937 2523//3937 2418//3937
f 2417//3938 2233//3938 2523//3938
f 2295//3939 1446//3939 1448//3939
f 1237//3940 1236//3940 1908//3940
f 1235//3941 91//3941 1420//3941
f 371//3942 370//3942 389//3942
f 153//3943 155//3943 1946//3943
f 1791//3944 2571//3944 2101//3944
f 2179//3945 2561//3945 2180//3945
f 1990//3946 1977//3946 1991//3946
f 1755//3947 2388//3947 1643//3947
f 1757//3948 1550//3948 2655//3948
f 2511//3949 2397//3949 2396//3949
f 1233//3950 2511//3950 893//3950
f 2504//3951 1774//3951 1761//3951
f 1575//3952 2208//3952 1526//3952
f 2198//3953 1491//3953 2380//3953
f 740//3954 2429//3954 738//3954
f 2223//3955 2308//3955 2224//3955
f 2610//3956 1084//3956 697//3956
f 1648//3957 2582//3957 1218//3957
f 189//3958 1587//3958 2096//3958
f 2204//3959 90//3959 2203//3959
f 2204//3960 1759//3960 2217//3960
f 1213//3961 1861//3961 2639//3961
f 2503//3962 1575//3962 1526//3962
f 1630//3963 1632//3963 2115//3963
f 162//3964 1003//3964 163//3964
f 2378//3965 644//3965 1490//3965
f 644//3966 643//3966 1490//3966
f 442//3967 1799//3967 440//3967
f 1079//3968 2095//3968 1040//3968
f 57//3969 2526//3969 2579//3969
f 1943//3970 1128//3970 1127//3970
f 1138//3971 1866//3971 1128//3971
f 2068//3972 1502//3972 1504//3972
f 2550//3973 1605//3973 2498//3973
f 398//3974 2475//3974 636//3974
f 1708//3975 488//3975 1412//3975
f 2191//3976 1218//3976 1217//3976
f 1224//3977 454//3977 669//3977
f 783//3978 954//3978 1224//3978
f 344//3979 242//3979 1739//3979
f 1406//3980 1402//3980 523//3980
f 1519//3981 768//3981 767//3981
f 2002//3982 1335//3982 2640//3982
f 1500//3983 713//3983 1765//3983
f 1500//3984 1595//3984 2206//3984
f 1085//3985 1084//3985 1922//3985
f 1430//3986 2641//3986 2225//3986
f 1769//3987 1480//3987 1481//3987
f 2113//3988 2657//3988 2588//3988
f 2240//3989 1688//3989 1739//3989
f 1765//3990 1596//3990 1595//3990
f 1744//3991 1592//3991 1745//3991
f 478//3992 479//3992 1828//3992
f 2358//3993 2175//3993 2176//3993
f 2519//3994 2354//3994 2414//3994
f 911//3995 910//3995 2664//3995
f 909//3996 1419//3996 910//3996
f 261//3997 1038//3997 1037//3997
f 1419//3998 909//3998 984//3998
f 982//3999 909//3999 911//3999
f 1541//4000 2317//4000 2077//4000
f 2181//4001 1297//4001 1733//4001
f 2314//4002 179//4002 1535//4002
f 436//4003 188//4003 187//4003
f 1619//4004 606//4004 470//4004
f 127//4005 37//4005 39//4005
f 96//4006 2568//4006 2645//4006
f 1132//4007 1870//4007 651//4007
f 1335//4008 2002//4008 889//4008
f 1387//4009 1043//4009 618//4009
f 2254//4010 125//4010 2257//4010
f 411//4011 410//4011 2550//4011
f 498//4012 497//4012 1789//4012
f 89//4013 2202//4013 2201//4013
f 2131//4014 2468//4014 2132//4014
f 2070//4015 1469//4015 2055//4015
f 1475//4016 2320//4016 1748//4016
f 2206//4017 1754//4017 1501//4017
f 2250//4018 2255//4018 2251//4018
f 1832//4019 42//4019 1833//4019
f 944//4020 316//4020 485//4020
f 1823//4021 943//4021 128//4021
f 2312//4022 2299//4022 2411//4022
f 1436//4023 2225//4023 2538//4023
f 1664//4024 2115//4024 1662//4024
f 630//4025 629//4025 1333//4025
f 630//4026 328//4026 1276//4026
f 779//4027 1397//4027 780//4027
f 2599//4028 137//4028 722//4028
f 833//4029 832//4029 1019//4029
f 396//4030 324//4030 985//4030
f 2201//4031 1462//4031 2203//4031
f 2169//4032 1633//4032 1632//4032
f 2190//4033 2189//4033 1531//4033
f 2286//4034 1103//4034 1105//4034
f 2229//4035 1103//4035 2190//4035
f 2042//4036 1071//4036 2173//4036
f 1690//4037 833//4037 1018//4037
f 1848//4038 1332//4038 1846//4038
f 220//4039 1360//4039 221//4039
f 1796//4040 600//4040 1715//4040
f 1776//4041 2432//4041 2227//4041
f 1756//4042 1551//4042 1550//4042
f 150//4043 152//4043 1543//4043
f 2000//4044 1881//4044 1130//4044
f 776//4045 2243//4045 774//4045
f 84//4046 2682//4046 1190//4046
f 1525//4047 1524//4047 921//4047
f 2503//4048 1776//4048 1613//4048
f 1225//4049 2251//4049 2487//4049
f 536//4050 1947//4050 1328//4050
f 400//4051 2327//4051 1560//4051
f 107//4052 2236//4052 2235//4052
f 1763//4053 1762//4053 2523//4053
f 2288//4054 1795//4054 1323//4054
f 1079//4055 411//4055 709//4055
f 2208//4056 1577//4056 2522//4056
f 1086//4057 2602//4057 2568//4057
f 100//4058 102//4058 2504//4058
f 1061//4059 1060//4059 1058//4059
f 659//4060 658//4060 1980//4060
f 1980//4061 658//4061 1361//4061
f 808//4062 1930//4062 1892//4062
f 2510//4063 832//4063 2156//4063
f 1610//4064 2064//4064 2063//4064
f 1611//4065 2683//4065 2180//4065
f 2119//4066 2118//4066 2193//4066
f 2436//4067 2435//4067 2539//4067
f 379//4068 2600//4068 2077//4068
f 2139//4069 2482//4069 2280//4069
f 2099//4070 1654//4070 1077//4070
f 1462//4071 1461//4071 1758//4071
f 1760//4072 2203//4072 1462//4072
f 1778//4073 2578//4073 1779//4073
f 2340//4074 2491//4074 2032//4074
f 1537//4075 276//4075 1966//4075
f 612//4076 1990//4076 1081//4076
f 2231//4077 181//4077 2230//4077
f 1981//4078 659//4078 1980//4078
f 642//4079 1354//4079 640//4079
f 729//4080 1882//4080 640//4080
f 1824//4081 2144//4081 2275//4081
f 2275//4082 2144//4082 565//4082
f 1296//4083 2269//4083 1297//4083
f 2499//4084 2500//4084 1007//4084
f 2500//4085 2218//4085 2133//4085
f 2278//4086 2553//4086 1641//4086
f 2155//4087 1510//4087 2080//4087
f 2334//4088 384//4088 381//4088
f 2654//4089 2497//4089 2531//4089
f 1712//4090 343//4090 1711//4090
f 2305//4091 2089//4091 2440//4091
f 2490//4092 2064//4092 2493//4092
f 2196//4093 2289//4093 2197//4093
f 1482//4094 2529//4094 1483//4094
f 1960//4095 305//4095 304//4095
f 2266//4096 701//4096 1671//4096
f 2609//4097 660//4097 661//4097
f 1925//4098 1970//4098 1924//4098
f 2488//4099 971//4099 2241//4099
f 1512//4100 1511//4100 2376//4100
f 1513//4101 2496//4101 1756//4101
f 1572//4102 264//4102 266//4102
f 2237//4103 755//4103 2267//4103
f 2324//4104 56//4104 1210//4104
f 854//4105 1642//4105 1252//4105
f 682//4106 203//4106 1985//4106
f 90//4107 89//4107 2203//4107
f 1977//4108 980//4108 1991//4108
f 1977//4109 1990//4109 612//4109
f 1682//4110 931//4110 930//4110
f 932//4111 931//4111 2370//4111
f 1211//4112 1744//4112 192//4112
f 1072//4113 399//4113 636//4113
f 1808//4114 1809//4114 1686//4114
f 1949//4115 858//4115 874//4115
f 2249//4116 141//4116 143//4116
f 1054//4117 1013//4117 1918//4117
f 1358//4118 625//4118 1068//4118
f 627//4119 1857//4119 625//4119
f 257//4120 891//4120 2487//4120
f 294//4121 1421//4121 91//4121
f 1941//4122 660//4122 1942//4122
f 234//4123 1809//4123 235//4123
f 1488//4124 2436//4124 1486//4124
f 1025//4125 2001//4125 1872//4125
f 2014//4126 1865//4126 591//4126
f 551//4127 1306//4127 912//4127
f 246//4128 841//4128 1047//4128
f 276//4129 1537//4129 1539//4129
f 980//4130 1977//4130 981//4130
f 110//4131 1013//4131 1054//4131
f 513//4132 212//4132 1369//4132
f 1041//4133 1323//4133 1830//4133
f 2288//4134 1041//4134 1040//4134
f 567//4135 1053//4135 1049//4135
f 92//4136 91//4136 1237//4136
f 1236//4137 2661//4137 1939//4137
f 327//4138 365//4138 1721//4138
f 1983//4139 1884//4139 1191//4139
f 330//4140 2680//4140 1616//4140
f 2018//4141 330//4141 1616//4141
f 2677//4142 708//4142 2678//4142
f 1324//4143 1154//4143 1387//4143
f 1144//4144 1944//4144 1356//4144
f 551//4145 564//4145 563//4145
f 316//4146 1823//4146 39//4146
f 987//4147 1935//4147 2680//4147
f 2073//4148 2333//4148 2036//4148
f 384//4149 382//4149 381//4149
f 974//4150 2137//4150 972//4150
f 467//4151 1408//4151 981//4151
f 2503//4152 2542//4152 1575//4152
f 1776//4153 2227//4153 1613//4153
f 2394//4154 2041//4154 2040//4154
f 629//4155 2658//4155 1854//4155
f 328//4156 630//4156 77//4156
f 507//4157 933//4157 855//4157
f 843//4158 985//4158 1253//4158
f 2682//4159 777//4159 1879//4159
f 1111//4160 2489//4160 1665//4160
f 760//4161 1891//4161 761//4161
f 2344//4162 2325//4162 2174//4162
f 2324//4163 1589//4163 2140//4163
f 182//4164 181//4164 2231//4164
f 1602//4165 1536//4165 1535//4165
f 493//4166 203//4166 494//4166
f 777//4167 2682//4167 84//4167
f 707//4168 205//4168 2016//4168
f 1379//4169 14//4169 215//4169
f 366//4170 2090//4170 2570//4170
f 19//4171 472//4171 1955//4171
f 739//4172 1633//4172 740//4172
f 600//4173 1950//4173 569//4173
f 1030//4174 963//4174 222//4174
f 923//4175 1912//4175 1305//4175
f 772//4176 1660//4176 244//4176
f 1048//4177 2485//4177 699//4177
f 140//4178 1836//4178 1954//4178
f 933//4179 954//4179 1888//4179
f 1664//4180 1663//4180 1636//4180
f 1750//4181 1475//4181 1748//4181
f 108//4182 107//4182 2613//4182
f 4//4183 6//4183 361//4183
f 1426//4184 2290//4184 2521//4184
f 2135//4185 2282//4185 2540//4185
f 1949//4186 1408//4186 1694//4186
f 948//4187 947//4187 522//4187
f 1285//4188 948//4188 522//4188
f 513//4189 1708//4189 514//4189
f 680//4190 1877//4190 681//4190
f 1951//4191 1360//4191 695//4191
f 846//4192 845//4192 1987//4192
f 436//4193 571//4193 437//4193
f 1945//4194 76//4194 78//4194
f 909//4195 982//4195 984//4195
f 409//4196 2088//4196 407//4196
f 2229//4197 2190//4197 1530//4197
f 947//4198 949//4198 1886//4198
f 455//4199 463//4199 1348//4199
f 1655//4200 2513//4200 2366//4200
f 1542//4201 2077//4201 2437//4201
f 1822//4202 123//4202 286//4202
f 1314//4203 1638//4203 2389//4203
f 1534//4204 2529//4204 1482//4204
f 2079//4205 2403//4205 2075//4205
f 2630//4206 800//4206 1859//4206
f 800//4207 2630//4207 1876//4207
f 1632//4208 1109//4208 2115//4208
f 1645//4209 2455//4209 2375//4209
f 978//4210 1268//4210 2248//4210
f 2268//4211 2237//4211 2267//4211
f 2237//4212 2097//4212 1210//4212
f 1532//4213 2681//4213 169//4213
f 1659//4214 88//4214 2645//4214
f 149//4215 564//4215 993//4215
f 598//4216 601//4216 602//4216
f 1592//4217 744//4217 1593//4217
f 1648//4218 815//4218 1696//4218
f 2192//4219 2191//4219 2209//4219
f 2381//4220 1064//4220 2374//4220
f 1738//4221 2275//4221 1140//4221
f 55//4222 64//4222 1209//4222
f 1294//4223 1293//4223 652//4223
f 1588//4224 1587//4224 1548//4224
f 1380//4225 1837//4225 140//4225
f 592//4226 1400//4226 2019//4226
f 2576//4227 2286//4227 1124//4227
f 1565//4228 249//4228 248//4228
f 1018//4229 1658//4229 1657//4229
f 1675//4230 2374//4230 2122//4230
f 2198//4231 2197//4231 2205//4231
f 2053//4232 2495//4232 2056//4232
f 334//4233 871//4233 60//4233
f 2473//4234 2528//4234 2293//4234
f 865//4235 2474//4235 1263//4235
f 468//4236 470//4236 606//4236
f 894//4237 2507//4237 2465//4237
f 2677//4238 2649//4238 1792//4238
f 2015//4239 2008//4239 686//4239
f 2008//4240 2015//4240 2676//4240
f 1686//4241 231//4241 1687//4241
f 1233//4242 1232//4242 2511//4242
f 1027//4243 1026//4243 2238//4243
f 2065//4244 2067//4244 2445//4244
f 1050//4245 2572//4245 1707//4245
f 1111//4246 1665//4246 1662//4246
f 971//4247 1074//4247 2486//4247
f 2542//4248 142//4248 1575//4248
f 2546//4249 2438//4249 2437//4249
f 858//4250 1949//4250 1338//4250
f 1702//4251 978//4251 2248//4251
f 335//4252 1826//4252 333//4252
f 13//4253 15//4253 17//4253
f 2527//4254 2428//4254 2655//4254
f 2469//4255 2470//4255 2515//4255
f 758//4256 2470//4256 759//4256
f 2178//4257 2039//4257 2359//4257
f 383//4258 1593//4258 2477//4258
f 1841//4259 423//4259 1405//4259
f 1503//4260 1502//4260 2040//4260
f 412//4261 1569//4261 2328//4261
f 103//4262 283//4262 556//4262
f 1466//4263 2034//4263 1464//4263
f 2400//4264 2439//4264 1459//4264
f 1314//4265 2127//4265 1635//4265
f 422//4266 2679//4266 456//4266
f 1420//4267 1083//4267 1085//4267
f 446//4268 439//4268 188//4268
f 142//4269 2542//4269 2195//4269
f 2124//4270 2123//4270 2464//4270
f 1184//4271 1820//4271 1578//4271
f 1717//4272 1797//4272 2580//4272
f 2154//4273 2450//4273 2124//4273
f 2581//4274 30//4274 183//4274
f 596//4275 595//4275 1827//4275
f 1403//4276 1383//4276 363//4276
f 1491//4277 2198//4277 1581//4277
f 913//4278 915//4278 2163//4278
f 1296//4279 2105//4279 2104//4279
f 2104//4280 1722//4280 790//4280
f 2655//4281 2428//4281 1757//4281
f 484//4282 471//4282 21//4282
f 207//4283 500//4283 1410//4283
f 573//4284 1807//4284 451//4284
f 1801//4285 438//4285 584//4285
f 1819//4286 66//4286 229//4286
f 2344//4287 1458//4287 1460//4287
f 2282//4288 117//4288 2566//4288
f 2156//4289 832//4289 2360//4289
f 532//4290 309//4290 1379//4290
f 485//4291 487//4291 1816//4291
f 1359//4292 109//4292 312//4292
f 708//4293 2095//4293 709//4293
f 1590//4294 1027//4294 2238//4294
f 1503//4295 1563//4295 406//4295
f 405//4296 719//4296 2434//4296
f 169//4297 2681//4297 1601//4297
f 450//4298 1815//4298 456//4298
f 450//4299 272//4299 451//4299
f 343//4300 45//4300 799//4300
f 898//4301 2479//4301 2106//4301
f 2281//4302 898//4302 2107//4302
f 2488//4303 1683//4303 1290//4303
f 2338//4304 2446//4304 1456//4304
f 2558//4305 2446//4305 2339//4305
f 459//4306 1889//4306 457//4306
f 605//4307 1377//4307 27//4307
f 595//4308 582//4308 597//4308
f 1349//4309 480//4309 431//4309
f 1234//4310 895//4310 1649//4310
f 854//4311 853//4311 2382//4311
f 36//4312 1955//4312 534//4312
f 428//4313 458//4313 1889//4313
f 61//4314 1616//4314 338//4314
f 365//4315 357//4315 1383//4315
f 1664//4316 2051//4316 2026//4316
f 1484//4317 1456//4317 2446//4317
f 1457//4318 853//4318 1455//4318
f 1810//4319 515//4319 28//4319
f 754//4320 2267//4320 755//4320
f 705//4321 2263//4321 2262//4321
f 223//4322 534//4322 219//4322
f 189//4323 1600//4323 190//4323
f 2558//4324 2445//4324 2446//4324
f 140//4325 1954//4325 138//4325
f 2594//4326 1811//4326 230//4326
f 2469//4327 2151//4327 2148//4327
f 2178//4328 2176//4328 2177//4328
f 1649//4329 2631//4329 2651//4329
f 2560//4330 2335//4330 2063//4330
f 2474//4331 2473//4331 2480//4331
f 2481//4332 2473//4332 2293//4332
f 2137//4333 944//4333 1699//4333
f 2579//4334 2527//4334 2655//4334
f 2481//4335 1570//4335 2543//4335
f 56//4336 2526//4336 57//4336
f 2373//4337 2381//4337 2374//4337
f 489//4338 2595//4338 610//4338
f 2594//4339 524//4339 1401//4339
f 2324//4340 2140//4340 2319//4340
f 2027//4341 1631//4341 2357//4341
f 1375//4342 1032//4342 1376//4342
f 2321//4343 2088//4343 2532//4343
f 2395//4344 1470//4344 2492//4344
f 1019//4345 1470//4345 1017//4345
f 2505//4346 2051//4346 1636//4346
f 1133//4347 319//4347 1848//4347
f 336//4348 230//4348 227//4348
f 714//4349 1669//4349 70//4349
f 402//4350 401//4350 2114//4350
f 2135//4351 2540//4351 2133//4351
f 1861//4352 226//4352 1399//4352
f 2424//4353 1773//4353 1774//4353
f 2461//4354 2431//4354 1438//4354
f 2602//4355 1047//4355 2568//4355
f 2047//4356 2537//4356 2592//4356
f 73//4357 2259//4357 1667//4357
f 2214//4358 2535//4358 1770//4358
f 465//4359 1275//4359 460//4359
f 28//4360 593//4360 540//4360
f 1554//4361 2219//4361 1555//4361
f 204//4362 1387//4362 618//4362
f 1121//4363 550//4363 1925//4363
f 3//4364 497//4364 6//4364
f 1120//4365 1060//4365 1118//4365
f 2096//4366 2097//4366 189//4366
f 2179//4367 2181//4367 1732//4367
f 501//4368 11//4368 10//4368
f 1513//4369 1512//4369 1501//4369
f 2053//4370 2052//4370 2495//4370
f 643//4371 1076//4371 2094//4371
f 2046//4372 2413//4372 2537//4372
f 2395//4373 1564//4373 2393//4373
f 170//4374 1602//4374 2534//4374
f 2131//4375 2147//4375 2447//4375
f 513//4376 487//4376 486//4376
f 486//4377 485//4377 316//4377
f 75//4378 79//4378 81//4378
f 1953//4379 1799//4379 442//4379
f 337//4380 63//4380 62//4380
f 2578//4381 1045//4381 2530//4381
f 44//4382 46//4382 296//4382
f 988//4383 2680//4383 330//4383
f 2186//4384 2506//4384 2462//4384
f 1435//4385 2226//4385 1436//4385
f 1310//4386 854//4386 2382//4386
f 1788//4387 369//4387 2567//4387
f 2567//4388 369//4388 1301//4388
f 17//4389 16//4389 732//4389
f 2021//4390 959//4390 1742//4390
f 2181//4391 2564//4391 1297//4391
f 2088//4392 2321//4392 2087//4392
f 40//4393 42//4393 1322//4393
f 1486//4394 2083//4394 1580//4394
f 2170//4395 2027//4395 1450//4395
f 152//4396 1612//4396 1614//4396
f 2221//4397 1534//4397 1482//4397
f 2399//4398 2069//4398 2068//4398
f 2251//4399 2253//4399 2487//4399
f 1953//4400 1803//4400 1802//4400
f 1602//4401 1505//4401 1536//4401
f 737//4402 1538//4402 1647//4402
f 1647//4403 2552//4403 2534//4403
f 432//4404 1394//4404 1954//4404
f 1760//4405 1462//4405 1758//4405
f 2512//4406 1655//4406 1656//4406
f 2114//4407 2472//4407 2563//4407
f 2441//4408 2442//4408 2030//4408
f 403//4409 866//4409 401//4409
f 2239//4410 1571//4410 1684//4410
f 2170//4411 1497//4411 1499//4411
f 1045//4412 2541//4412 2444//4412
f 2570//4413 2090//4413 1527//4413
f 366//4414 2136//4414 367//4414
f 1941//4415 427//4415 660//4415
f 246//4416 1048//4416 1728//4416
f 1947//4417 1728//4417 1328//4417
f 2250//4418 126//4418 125//4418
f 1452//4419 1429//4419 1273//4419
f 1751//4420 1429//4420 1452//4420
f 1753//4421 2230//4421 2633//4421
f 16//4422 21//4422 1713//4422
f 2072//4423 2298//4423 2228//4423
f 755//4424 1209//4424 64//4424
f 1//4425 1726//4425 2020//4425
f 2021//4426 1742//4426 1955//4426
f 82//4427 84//4427 347//4427
f 2314//4428 1433//4428 2315//4428
f 2024//4429 1945//4429 1730//4429
f 1730//4430 1557//4430 1075//4430
f 216//4431 1098//4431 217//4431
f 1814//4432 167//4432 2575//4432
f 1597//4433 1669//4433 714//4433
f 715//4434 1594//4434 74//4434
f 2641//4435 135//4435 2225//4435
f 1705//4436 112//4436 114//4436
f 182//4437 892//4437 180//4437
f 314//4438 1822//4438 254//4438
f 1141//4439 16//4439 1713//4439
f 16//4440 18//4440 533//4440
f 2293//4441 2292//4441 2330//4441
f 2020//4442 1725//4442 2478//4442
f 1596//4443 1765//4443 1764//4443
f 1505//4444 1602//4444 1601//4444
f 750//4445 749//4445 2643//4445
f 124//4446 2224//4446 2307//4446
f 1658//4447 1018//4447 1017//4447
f 1791//4448 1241//4448 1243//4448
f 114//4449 113//4449 12//4449
f 425//4450 427//4450 426//4450
f 72//4451 71//4451 2207//4451
f 2496//4452 1754//4452 2207//4452
f 233//4453 232//4453 229//4453
f 236//4454 329//4454 234//4454
f 289//4455 288//4455 535//4455
f 2650//4456 2657//4456 2574//4456
f 443//4457 1801//4457 957//4457
f 73//4458 715//4458 74//4458
f 420//4459 1946//4459 433//4459
f 2257//4460 2256//4460 2254//4460
f 2624//4461 2256//4461 1701//4461
f 2216//4462 2504//4462 102//4462
f 2342//4463 2327//4463 2341//4463
f 1552//4464 69//4464 1295//4464
f 1960//4465 1701//4465 305//4465
f 1420//4466 91//4466 1421//4466
f 1463//4467 1462//4467 1481//4467
f 2395//4468 2524//4468 1562//4468
f 352//4469 345//4469 344//4469
f 2355//4470 2155//4470 2356//4470
f 509//4471 488//4471 490//4471
f 2113//4472 2475//4472 2472//4472
f 398//4473 1560//4473 2472//4473
f 2212//4474 2213//4474 2291//4474
f 2285//4475 108//4475 2232//4475
f 2417//4476 2234//4476 2233//4476
f 603//4477 988//4477 599//4477
f 1067//4478 1320//4478 1134//4478
f 170//4479 2534//4479 2552//4479
f 1686//4480 68//4480 1094//4480
f 1625//4481 491//4481 202//4481
f 1695//4482 1398//4482 504//4482
f 1378//4483 1399//4483 1398//4483
f 90//4484 2204//4484 2637//4484
f 1578//4485 2481//4485 1182//4485
f 1360//4486 220//4486 483//4486
f 1415//4487 1173//4487 1412//4487
f 940//4488 1640//4488 1639//4488
f 109//4489 1829//4489 280//4489
f 1645//4490 2375//4490 1643//4490
f 385//4491 1531//4491 386//4491
f 385//4492 2334//4492 1530//4492
f 2514//4493 1649//4493 2453//4493
f 986//4494 1370//4494 499//4494
f 223//4495 1390//4495 1416//4495
f 305//4496 260//4496 300//4496
f 499//4497 1370//4497 519//4497
f 731//4498 733//4498 2103//4498
f 2278//4499 135//4499 137//4499
f 2214//4500 126//4500 2250//4500
f 2314//4501 2313//4501 179//4501
f 1535//4502 1433//4502 2314//4502
f 70//4503 1093//4503 71//4503
f 1102//4504 2508//4504 1100//4504
f 2100//4505 2508//4505 2187//4505
f 1703//4506 503//4506 1416//4506
f 1704//4507 1703//4507 1390//4507
f 1729//4508 1666//4508 1557//4508
f 1438//4509 2432//4509 2377//4509
f 2410//4510 1517//4510 2361//4510
f 895//4511 894//4511 1650//4511
f 181//4512 180//4512 2276//4512
f 1646//4513 1537//4513 2261//4513
f 1792//4514 1095//4514 2677//4514
f 2203//4515 89//4515 2201//4515
f 2343//4516 2397//4516 2398//4516
f 1786//4517 614//4517 397//4517
f 2270//4518 2271//4518 2320//4518
f 266//4519 265//4519 419//4519
f 96//4520 2645//4520 94//4520
f 90//4521 2637//4521 94//4521
f 128//4522 943//4522 942//4522
f 1344//4523 302//4523 1373//4523
f 2539//4524 2494//4524 376//4524
f 2543//4525 2477//4525 1182//4525
f 250//4526 249//4526 284//4526
f 2440//4527 2345//4527 2303//4527
f 2522//4528 1577//4528 1576//4528
f 2140//4529 1775//4529 2370//4529
f 1795//4530 2288//4530 2095//4530
f 1770//4531 1228//4531 1771//4531
f 257//4532 2487//4532 2253//4532
f 2284//4533 2158//4533 1040//4533
f 1806//4534 32//4534 31//4534
f 747//4535 1681//4535 684//4535
f 866//4536 865//4536 1790//4536
f 1322//4537 1830//4537 1323//4537
f 2613//4538 107//4538 2235//4538
f 765//4539 2221//4539 1482//4539
f 607//4540 508//4540 609//4540
f 2149//4541 2085//4541 2081//4541
f 776//4542 2270//4542 2272//4542
f 359//4543 357//4543 356//4543
f 1551//4544 67//4544 69//4544
f 83//4545 348//4545 86//4545
f 840//4546 2645//4546 2568//4546
f 884//4547 883//4547 2242//4547
f 284//4548 281//4548 1829//4548
f 382//4549 1593//4549 383//4549
f 2574//4550 623//4550 2650//4550
f 2082//4551 2049//4551 2150//4551
f 2389//4552 2222//4552 2221//4552
f 1307//4553 1685//4553 2264//4553
f 95//4554 101//4554 96//4554
f 214//4555 213//4555 1368//4555
f 1104//4556 2143//4556 1105//4556
f 559//4557 2562//4557 1104//4557
f 1787//4558 1838//4558 781//4558
f 1733//4559 1732//4559 2181//4559
f 247//4560 246//4560 1948//4560
f 841//4561 246//4561 245//4561
f 2396//4562 893//4562 2511//4562
f 2536//4563 2556//4563 116//4563
f 2497//4564 2536//4564 2531//4564
f 292//4565 1952//4565 1948//4565
f 950//4566 2182//4566 2458//4566
f 219//4567 472//4567 220//4567
f 471//4568 220//4568 472//4568
f 1069//4569 1076//4569 1070//4569
f 2567//4570 1301//4570 548//4570
f 463//4571 454//4571 507//4571
f 506//4572 25//4572 504//4572
f 2471//4573 1104//4573 2311//4573
f 102//4574 95//4574 2637//4574
f 1774//4575 2504//4575 2216//4575
f 2125//4576 847//4576 2386//4576
f 141//4577 2246//4577 2120//4577
f 861//4578 2353//4578 862//4578
f 273//4579 272//4579 953//4579
f 174//4580 452//4580 451//4580
f 1545//4581 158//4581 1543//4581
f 2105//4582 1296//4582 392//4582
f 1468//4583 2053//4583 1469//4583
f 2104//4584 1725//4584 1722//4584
f 2432//4585 1776//4585 1525//4585
f 1021//4586 1020//4586 1283//4586
f 2193//4587 2522//4587 1576//4587
f 2113//4588 1719//4588 2475//4588
f 88//4589 2243//4589 89//4589
f 2109//4590 1272//4590 2458//4590
f 1183//4591 1182//4591 2477//4591
f 615//4592 455//4592 1348//4592
f 2154//4593 2507//4593 2356//4593
f 789//4594 2269//4594 790//4594
f 2540//4595 2282//4595 2566//4595
f 2547//4596 2412//4596 2396//4596
f 2195//4597 1612//4597 1308//4597
f 711//4598 2419//4598 1651//4598
f 618//4599 1419//4599 1418//4599
f 824//4600 2465//4600 1229//4600
f 468//4601 606//4601 515//4601
f 2183//4602 2385//4602 2604//4602
f 484//4603 482//4603 483//4603
f 2528//4604 403//4604 2336//4604
f 899//4605 118//4605 1710//4605
f 119//4606 118//4606 2281//4606
f 2152//4607 913//4607 2086//4607
f 2423//4608 1657//4608 2185//4608
f 2022//4609 2656//4609 1839//4609
f 2257//4610 1641//4610 1640//4610
f 103//4611 1793//4611 554//4611
f 2299//4612 2298//4612 2074//4612
f 2249//4613 143//4613 2265//4613
f 2555//4614 720//4614 2194//4614
f 2557//4615 2194//4615 1751//4615
f 393//4616 392//4616 2544//4616
f 1289//4617 241//4617 358//4617
f 597//4618 622//4618 333//4618
f 1220//4619 160//4619 1221//4619
f 822//4620 2218//4620 2499//4620
f 1312//4621 375//4621 566//4621
f 2026//4622 2115//4622 1664//4622
f 710//4623 709//4623 405//4623
f 767//4624 2066//4624 1520//4624
f 1689//4625 774//4625 2243//4625
f 1312//4626 916//4626 918//4626
f 1103//4627 2229//4627 1104//4627
f 2633//4628 1496//4628 1495//4628
f 2554//4629 706//4629 2262//4629
f 2023//4630 34//4630 2022//4630
f 1838//4631 749//4631 2022//4631
f 2565//4632 392//4632 393//4632
f 1725//4633 2565//4633 2478//4633
f 2466//4634 1311//4634 1310//4634
f 1835//4635 1743//4635 959//4635
f 396//4636 985//4636 986//4636
f 1817//4637 979//4637 1119//4637
f 232//4638 227//4638 229//4638
f 493//4639 2589//4639 1985//4639
f 1650//4640 2465//4640 2631//4640
f 733//4641 2274//4641 2103//4641
f 327//4642 328//4642 326//4642
f 2108//4643 2364//4643 2121//4643
f 2064//4644 2441//4644 2390//4644
f 2577//4645 2427//4645 2175//4645
f 1611//4646 1610//4646 2683//4646
f 700//4647 107//4647 106//4647
f 537//4648 1958//4648 538//4648
f 579//4649 200//4649 614//4649
f 2519//4650 1508//4650 2355//4650
f 1509//4651 2548//4651 1510//4651
f 2166//4652 2157//4652 1022//4652
f 503//4653 1703//4653 1781//4653
f 1615//4654 542//4654 576//4654
f 314//4655 2598//4655 1822//4655
f 2273//4656 1217//4656 1198//4656
f 815//4657 272//4657 816//4657
f 2443//4658 2525//4658 2521//4658
f 146//4659 1825//4659 1742//4659
f 19//4660 1825//4660 20//4660
f 1806//4661 587//4661 577//4661
f 390//4662 2683//4662 2335//4662
f 2558//4663 2544//4663 391//4663
f 1395//4664 2598//4664 1736//4664
f 716//4665 2517//4665 2185//4665
f 2266//4666 2602//4666 1086//4666
f 2339//4667 394//4667 2544//4667
f 1279//4668 702//4668 1280//4668
f 1353//4669 1382//4669 1280//4669
f 2184//4670 2592//4670 2533//4670
f 375//4671 1052//4671 566//4671
f 375//4672 1312//4672 918//4672
f 1558//4673 1606//4673 1559//4673
f 595//4674 333//4674 1826//4674
f 383//4675 939//4675 381//4675
f 309//4676 532//4676 18//4676
f 535//4677 539//4677 536//4677
f 506//4678 477//4678 538//4678
f 1504//4679 2434//4679 2498//4679
f 2021//4680 36//4680 35//4680
f 1400//4681 545//4681 2625//4681
f 45//4682 1712//4682 46//4682
f 2430//4683 2111//4683 2672//4683
f 1729//4684 1730//4684 1796//4684
f 2447//4685 2162//4685 2448//4685
f 269//4686 2582//4686 1696//4686
f 2312//4687 1499//4687 1498//4687
f 1518//4688 1522//4688 880//4688
f 1856//4689 594//4689 596//4689
f 51//4690 50//4690 1735//4690
f 2302//4691 1446//4691 2304//4691
f 485//4692 13//4692 1699//4692
f 1676//4693 2070//4693 2055//4693
f 430//4694 537//4694 527//4694
f 2161//4695 2109//4695 2458//4695
f 1111//4696 1662//4696 2115//4696
f 272//4697 450//4697 816//4697
f 287//4698 1670//4698 2573//4698
f 2506//4699 2167//4699 2166//4699
f 1507//4700 1506//4700 1638//4700
f 2460//4701 915//4701 914//4701
f 1491//4702 1490//4702 2380//4702
f 1038//4703 727//4703 1061//4703
f 2587//4704 2586//4704 1684//4704
f 2112//4705 2175//4705 2672//4705
f 2175//4706 2427//4706 2672//4706
f 378//4707 2184//4707 1175//4707
f 607//4708 608//4708 209//4708
f 1706//4709 11//4709 608//4709
f 2522//4710 1062//4710 2208//4710
f 1957//4711 30//4711 2581//4711
f 517//4712 444//4712 518//4712
f 1059//4713 1120//4713 1702//4713
f 2489//4714 1505//4714 1507//4714
f 1689//4715 1659//4715 1660//4715
f 2378//4716 2368//4716 2379//4716
f 962//4717 1624//4717 1390//4717
f 1965//4718 235//4718 1715//4718
f 785//4719 787//4719 1677//4719
f 1230//4720 2466//4720 1677//4720
f 1835//4721 751//4721 2283//4721
f 583//4722 614//4722 200//4722
f 2277//4723 2189//4723 2576//4723
f 2277//4724 2576//4724 1957//4724
f 1057//4725 1059//4725 2246//4725
f 2518//4726 2163//4726 915//4726
f 920//4727 2518//4727 2461//4727
f 2141//4728 165//4728 1814//4728
f 2364//4729 2071//4729 2070//4729
f 1227//1615 2464//1615 2123//1615
f 1323//4730 1795//4730 1321//4730
f 1719//4731 1553//4731 634//4731
f 883//4732 79//4732 1582//4732
f 1204//4733 517//4733 516//4733
f 1508//4734 2046//4734 1509//4734
f 435//4735 263//4735 262//4735
f 387//4736 2212//4736 388//4736
f 2662//4737 266//4737 419//4737
f 1413//4738 560//4738 562//4738
f 1466//4739 1465//4739 2030//4739
f 2189//4740 2277//4740 1531//4740
f 2581//4741 2277//4741 1957//4741
f 390//4742 1297//4742 2564//4742
f 2037//4743 880//4743 1522//4743
f 2520//4744 2663//4744 2171//4744
f 2169//4745 2663//4745 1100//4745
f 1569//4746 2543//4746 1570//4746
f 914//4747 2515//4747 2460//4747
f 2515//4748 2431//4748 2460//4748
f 623//4749 622//4749 2650//4749
f 334//4750 333//4750 624//4750
f 473//4751 475//4751 1362//4751
f 1840//4752 475//4752 1959//4752
f 1179//4753 1304//4753 1303//4753
f 1798//4754 1952//4754 353//4754
f 2033//4755 1019//4755 2510//4755
f 2439//4756 1460//4756 1459//4756
f 467//4757 9//4757 1407//4757
f 1301//4758 371//4758 1579//4758
f 712//4759 644//4759 2379//4759
f 2227//4760 1437//4760 1752//4760
f 2572//4761 367//4761 2274//4761
f 2318//4762 2140//4762 2369//4762
f 2097//4763 1589//4763 2324//4763
f 2656//4764 781//4764 1839//4764
f 1731//4765 205//4765 2585//4765
f 1648//4766 1003//4766 1002//4766
f 1476//4767 2433//4767 1767//4767
f 2471//4768 2311//4768 2346//4768
f 49//4769 1789//4769 2//4769
f 2075//4770 2403//4770 1424//4770
f 2124//4771 2464//4771 2507//4771
f 2560//4772 2445//4772 2559//4772
f 2145//4773 2401//4773 2665//4773
f 2337//4774 2401//4774 2404//4774
f 1359//4775 818//4775 1264//4775
f 312//4776 819//4776 1359//4776
f 2421//4777 1649//4777 2651//4777
f 2561//4778 2179//4778 2571//4778
f 2078//4779 2080//4779 1510//4779
f 897//4780 770//4780 619//4780
f 85//4781 355//4781 619//4781
f 814//4782 816//4782 2679//4782
f 37//4783 1168//4783 1813//4783
f 1561//4784 2199//4784 1244//4784
f 2400//4785 861//4785 2665//4785
f 2045//4786 380//4786 379//4786
f 2301//4787 1447//4787 2302//4787
f 2361//4788 1517//4788 880//4788
f 2352//4789 2098//4789 1652//4789
f 54//4790 58//4790 745//4790
f 2512//4791 1656//4791 1502//4791
f 2259//4792 75//4792 81//4792
f 1720//4793 239//4793 971//4793
f 1546//4794 1746//4794 1685//4794
f 2127//4795 2467//4795 2447//4795
f 2079//4796 2385//4796 2153//4796
f 2594//4797 1401//4797 1811//4797
f 1074//4798 2244//4798 2486//4798
f 1515//4799 1456//4799 1455//4799
f 497//4800 519//4800 6//4800
f 1697//4801 731//4801 1698//4801
f 480//4802 1827//4802 339//4802
f 2668//4803 1433//4803 1432//4803
f 2397//4804 2343//4804 2322//4804
f 2513//4805 2398//4805 1232//4805
f 75//4806 74//4806 2220//4806
f 1714//4807 27//4807 26//4807
f 1945//4808 1950//4808 1730//4808
f 526//4809 1349//4809 431//4809
f 2293//4810 2330//4810 1570//4810
f 264//4811 1747//4811 1199//4811
f 156//4812 1747//4812 157//4812
f 345//4813 352//4813 349//4813
f 2038//4814 1521//4814 683//4814
f 1710//4815 1168//4815 1167//4815
f 1268//4816 2599//4816 722//4816
f 137//4817 720//4817 722//4817
f 2319//4818 2526//4818 56//4818
f 1005//4819 820//4819 821//4819
f 1800//4820 1734//4820 194//4820
f 2579//4821 1295//4821 57//4821
f 621//4822 360//4822 359//4822
f 2673//4823 1806//4823 2648//4823
f 621//4824 345//4824 348//4824
f 2092//4825 2091//4825 2408//4825
f 2615//4826 1448//4826 2408//4826
f 2076//4827 2160//4827 2604//4827
f 70//4828 715//4828 714//4828
f 2571//4829 2199//4829 2561//4829
f 1567//4830 998//4830 1740//4830
f 1440//4831 1427//4831 1441//4831
f 2667//4832 1773//4832 2423//4832
f 145//4833 1713//4833 20//4833
f 891//4834 253//4834 252//4834
f 368//4835 2089//4835 2090//4835
f 1750//4836 1749//4836 887//4836
f 1053//4837 2345//4837 1049//4837
f 1423//4838 2295//4838 2615//4838
f 1588//4839 1493//4839 1775//4839
f 2457//4840 932//4840 1493//4840
f 2073//4841 2310//4841 2074//4841
f 1517//4842 2310//4842 1518//4842
f 1478//4843 2081//4843 2085//4843
f 2036//4844 2333//4844 2334//4844
f 2489//4845 1431//4845 1505//4845
f 2242//4846 2241//4846 884//4846
f 1572//4847 266//4847 1573//4847
f 849//4848 848//4848 1434//4848
f 1362//4849 1780//4849 374//4849
f 1587//4850 191//4850 1548//4850
f 1135//4851 2143//4851 1805//4851
f 917//4852 916//4852 1313//4852
f 2256//4853 2624//4853 315//4853
f 2071//4854 2092//4854 2407//4854
f 251//4855 310//4855 997//4855
f 575//4856 574//4856 2625//4856
f 1547//4857 151//4857 1573//4857
f 972//4858 366//4858 2545//4858
f 2090//4859 366//4859 368//4859
f 135//4860 133//4860 2538//4860
f 2482//4861 379//4861 804//4861
f 2102//4862 2103//4862 2274//4862
f 2052//4863 2054//4863 1052//4863
f 1488//4864 1487//4864 2416//4864
f 2534//4865 179//4865 737//4865
f 2209//4866 2211//4866 2192//4866
f 2174//4867 2061//4867 2060//4867
f 1071//4868 2060//4868 632//4868
f 2049//4869 2048//4869 2363//4869
f 2209//4870 158//4870 2142//4870
f 2214//4871 2556//4871 2536//4871
f 2556//4872 1225//4872 116//4872
f 2491//4873 2340//4873 1584//4873
f 129//4874 2280//4874 2279//4874
f 2419//4875 713//4875 1501//4875
f 1328//4876 1048//4876 698//4876
f 940//4877 1701//4877 1640//4877
f 1682//4878 2463//4878 2426//4878
f 1093//4879 1094//4879 68//4879
f 182//4880 191//4880 892//4880
f 2391//4881 2350//4881 2502//4881
f 631//4882 1069//4882 632//4882
f 1777//4883 2141//4883 1778//4883
f 2322//4884 2321//4884 2396//4884
f 1135//4885 171//4885 1088//4885
f 1724//4886 171//4886 173//4886
f 2230//4887 181//4887 177//4887
f 953//4888 952//4888 1002//4888
f 2249//4889 1061//4889 1058//4889
f 1045//4890 2444//4890 2530//4890
f 160//4891 159//4891 1818//4891
f 774//4892 1688//4892 2239//4892
f 773//4893 1688//4893 772//4893
f 400//4894 2058//4894 2327//4894
f 1808//4895 1597//4895 1716//4895
f 2637//4896 2216//4896 102//4896
f 2016//4897 529//4897 530//4897
f 329//4898 236//4898 331//4898
f 1549//4899 2231//4899 1443//4899
f 182//4900 1549//4900 191//4900
f 2055//4901 1469//4901 2056//4901
f 2495//4902 2502//4902 2056//4902
f 2063//4903 2062//4903 2560//4903
f 1965//4904 332//4904 236//4904
f 1802//4905 436//4905 438//4905
f 2572//4906 1050//4906 2484//4906
f 2348//4907 2530//4907 2213//4907
f 271//4908 273//4908 1966//4908
f 2276//4909 2554//4909 2262//4909
f 1706//4910 610//4910 1705//4910
f 1535//4911 2534//4911 1602//4911
f 579//4912 614//4912 1786//4912
f 1179//4913 1303//4913 2117//4913
f 47//4914 1964//4914 48//4914
f 58//4915 60//4915 1820//4915
f 2683//4916 1610//4916 2335//4916
f 2064//4917 1610//4917 1609//4917
f 566//4918 1053//4918 567//4918
f 2524//4919 2492//4919 2491//4919
f 56//4920 2324//4920 2319//4920
f 89//4921 2272//4921 2202//4921
f 528//4922 527//4922 476//4922
f 2254//4923 2256//4923 2252//4923
f 475//4924 616//4924 1959//4924
f 2566//3854 1005//3854 2285//3854
f 1211//4925 1592//4925 1744//4925
f 107//4926 100//4926 2236//4926
f 2373//4927 921//4927 1524//4927
f 250//4928 553//4928 1793//4928
f 288//4929 248//4929 250//4929
f 1004//4930 1006//4930 108//4930
f 1432//4931 1634//4931 2668//4931
f 2668//4932 1496//4932 1433//4932
f 2421//4933 1007//4933 1009//4933
f 2279//4934 127//4934 129//4934
f 2200//4935 2199//4935 2442//4935
f 1611//4936 2200//4936 1609//4936
f 2180//4937 2683//4937 2564//4937
f 71//4938 67//4938 2207//4938
f 2069//4939 2398//4939 2513//4939
f 2366//4940 2513//4940 1232//4940
f 276//4941 275//4941 1350//4941
f 296//4942 295//4942 1241//4942
f 390//4943 2564//4943 2683//4943
f 2600//4944 2482//4944 2437//4944
f 2649//4945 835//4945 1243//4945
f 152//4946 1544//4946 1543//4946
f 276//4947 572//4947 1966//4947
f 2057//4948 2371//4948 1674//4948
f 158//4949 150//4949 1543//4949
f 1044//4950 1782//4950 1603//4950
f 1568//4951 2405//4951 2329//4951
f 2550//4952 410//4952 1605//4952
f 33//4953 32//4953 541//4953
f 1641//4954 2257//4954 134//4954
f 585//4955 2673//4955 24//4955
f 631//4956 633//4956 1252//4956
f 1570//4957 2330//4957 2331//4957
f 776//4958 775//4958 2271//4958
f 2493//4959 1519//4959 2490//4959
f 2064//4960 2490//4960 2062//4960
f 2589//4961 493//4961 495//4961
f 2367//4962 2365//4962 1655//4962
f 2120//4963 2119//4963 142//4963
f 2193//4964 2194//4964 2557//4964
f 95//4965 94//4965 2637//4965
f 386//4966 2476//4966 384//4966
f 2613//4967 2233//4967 108//4967
f 1046//4968 2578//4968 1778//4968
f 2409//4969 2505//4969 2363//4969
f 2383//4970 1750//4970 1311//4970
f 2196//4971 1749//4971 1748//4971
f 1962//4972 2650//4972 622//4972
f 708//4973 710//4973 2678//4973
f 708//4974 2677//4974 1095//4974
f 2034//4975 2510//4975 1464//4975
f 2493//4976 2390//4976 2039//4976
f 2418//4977 1762//4977 2517//4977
f 1837//4978 1118//4978 726//4978
f 1019//4979 1018//4979 833//4979
f 917//4980 547//4980 2591//4980
f 88//4981 94//4981 2645//4981
f 136//4982 135//4982 2641//4982
f 1088//4983 1124//4983 1136//4983
f 1461//4984 2427//4984 2577//4984
f 913//4985 2351//4985 2086//4985
f 1568//4986 2329//4986 2328//4986
f 340//4987 59//4987 52//4987
f 725//4988 1038//4988 432//4988
f 727//4989 1038//4989 725//4989
f 2289//4990 2271//4990 2586//4990
f 2170//4991 1450//4991 1449//4991
f 2665//4992 1304//4992 2145//4992
f 415//4993 836//4993 414//4993
f 334//4994 624//4994 871//4994
f 2428//4995 2387//4995 2388//4995
f 329//4996 227//4996 232//4996
f 1720//4997 1289//4997 358//4997
f 1811//4998 1812//4998 230//4998
f 2545//4999 2546//4999 973//4999
f 2118//5000 2555//5000 2194//5000
f 2555//5001 721//5001 720//5001
f 43//5002 1956//5002 1741//5002
f 2123//5003 2386//5003 1771//5003
f 2066//5004 2065//5004 1520//5004
f 2560//5005 2065//5005 2445//5005
f 2391//5006 2435//5006 2392//5006
f 1517//5007 2410//5007 2332//5007
f 547//5008 549//5008 2083//5008
f 1181//5009 2331//5009 2404//5009
f 1574//5010 388//5010 2316//5010
f 1448//5011 1447//5011 2407//5011
f 33//5012 1125//5012 1087//5012
f 1633//5013 2509//5013 2100//5013
f 1530//5014 2333//5014 2072//5014
f 1228//5015 1472//5015 1229//5015
f 2476//5016 1592//5016 382//5016
f 2423//5017 1773//5017 2424//5017
f 1423//5018 2615//5018 1424//5018
f 249//5019 1565//5019 1740//5019
f 2649//5020 1243//5020 1242//5020
f 518//5021 956//5021 516//5021
f 1219//5022 370//5022 1787//5022
f 525//5023 479//5023 1712//5023
f 1456//5024 1484//5024 1457//5024
f 733//5025 1141//5025 1140//5025
f 1313//5026 1312//5026 2287//5026
f 1956//5027 7//5027 99//5027
f 7//5028 9//5028 291//5028
f 9//5029 43//5029 1828//5029
f 2667//5030 2517//5030 1762//5030
f 799//5031 798//5031 1166//5031
f 255//5032 311//5032 253//5032
f 376//5033 375//5033 918//5033
f 402//5034 1560//5034 1559//5034
f 1780//5035 1703//5035 1393//5035
f 256//5036 314//5036 254//5036
f 1766//5037 713//5037 712//5037
f 1501//5038 1512//5038 2419//5038
f 941//5039 940//5039 1639//5039
f 305//5040 940//5040 258//5040
f 260//5041 1817//5041 299//5041
f 2529//5042 2210//5042 1483//5042
f 1426//5043 2521//5043 1427//5043
f 1059//5044 721//5044 2247//5044
f 304//5045 300//5045 132//5045
f 2036//5046 2035//5046 2073//5046
f 1007//5047 823//5047 2499//5047
f 422//5048 814//5048 2679//5048
f 2591//5049 2539//5049 376//5049
f 339//5050 1826//5050 335//5050
f 129//5051 2138//5051 2139//5051
f 404//5052 406//5052 1562//5052
f 1318//5053 575//5053 274//5053
f 2430//5054 1473//5054 2383//5054
f 2208//5055 2381//5055 2373//5055
f 853//5056 785//5056 2382//5056
f 1499//5057 2312//5057 2411//5057
f 1525//5058 920//5058 2377//5058
f 2135//5059 2134//5059 2654//5059
f 594//5060 580//5060 582//5060
f 2290//5061 2444//5061 2443//5061
f 377//5062 2052//5062 1052//5062
f 1180//5063 683//5063 2406//5063
f 1833//5064 502//5064 1831//5064
f 2633//5065 2315//5065 1496//5065
f 824//5066 2651//5066 2631//5066
f 1561//5067 835//5067 834//5067
f 2442//5068 834//5068 2031//5068
f 1489//5069 1491//5069 1583//5069
f 1816//5070 1369//5070 213//5070
f 1798//5071 351//5071 1952//5071
f 377//5072 2494//5072 2052//5072
f 2415//5073 2392//5073 2436//5073
f 2083//5074 2436//5074 2539//5074
f 4//5075 342//5075 341//5075
f 511//5076 510//5076 581//5076
f 738//5077 1284//5077 1495//5077
f 739//5078 738//5078 2668//5078
f 2199//5079 1611//5079 2561//5079
f 789//5080 1297//5080 2269//5080
f 775//5081 2586//5081 2271//5081
f 2326//5082 1460//5082 1558//5082
f 2196//5083 2198//5083 1749//5083
f 2574//5084 2657//5084 2113//5084
f 2226//5085 1428//5085 1430//5085
f 414//5086 2649//5086 2678//5086
f 1477//5087 1479//5087 2291//5087
f 2133//5088 2232//5088 2500//5088
f 1759//5089 2424//5089 2217//5089
f 1789//5090 49//5090 48//5090
f 2305//5091 2297//5091 1527//5091
f 1501//5092 1500//5092 2206//5092
f 1560//5093 398//5093 400//5093
f 636//5094 399//5094 398//5094
f 542//5095 468//5095 1810//5095
f 2222//5096 1506//5096 2681//5096
f 1960//5097 2624//5097 1701//5097
f 2256//5098 1640//5098 1701//5098
f 1551//5099 1756//5099 2496//5099
f 2233//5100 2235//5100 2523//5100
f 2542//5101 2503//5101 1613//5101
f 866//5102 403//5102 864//5102
f 1048//5103 1047//5103 2602//5103
f 1614//5104 2227//5104 1752//5104
f 2585//5105 1833//5105 42//5105
f 2192//5106 1534//5106 1533//5106
f 162//5107 1533//5107 1532//5107
