# Regular open cylinder, R=0.5, length 1.5 along y, 72 verts/ring, 40 rows
o OpenLongCilReg
v 0.500000 -0.750000 0.000000
v 0.498097 -0.750000 0.043578
v 0.492404 -0.750000 0.086824
v 0.482963 -0.750000 0.129410
v 0.469846 -0.750000 0.171010
v 0.453154 -0.750000 0.211309
v 0.433013 -0.750000 0.250000
v 0.409576 -0.750000 0.286788
v 0.383022 -0.750000 0.321394
v 0.353553 -0.750000 0.353553
v 0.321394 -0.750000 0.383022
v 0.286788 -0.750000 0.409576
v 0.250000 -0.750000 0.433013
v 0.211309 -0.750000 0.453154
v 0.171010 -0.750000 0.469846
v 0.129410 -0.750000 0.482963
v 0.086824 -0.750000 0.492404
v 0.043578 -0.750000 0.498097
v 0.000000 -0.750000 0.500000
v -0.043578 -0.750000 0.498097
v -0.086824 -0.750000 0.492404
v -0.129410 -0.750000 0.482963
v -0.171010 -0.750000 0.469846
v -0.211309 -0.750000 0.453154
v -0.250000 -0.750000 0.433013
v -0.286788 -0.750000 0.409576
v -0.321394 -0.750000 0.383022
v -0.353553 -0.750000 0.353553
v -0.383022 -0.750000 0.321394
v -0.409576 -0.750000 0.286788
v -0.433013 -0.750000 0.250000
v -0.453154 -0.750000 0.211309
v -0.469846 -0.750000 0.171010
v -0.482963 -0.750000 0.129410
v -0.492404 -0.750000 0.086824
v -0.498097 -0.750000 0.043578
v -0.500000 -0.750000 0.000000
v -0.498097 -0.750000 -0.043578
v -0.492404 -0.750000 -0.086824
v -0.482963 -0.750000 -0.129410
v -0.469846 -0.750000 -0.171010
v -0.453154 -0.750000 -0.211309
v -0.433013 -0.750000 -0.250000
v -0.409576 -0.750000 -0.286788
v -0.383022 -0.750000 -0.321394
v -0.353553 -0.750000 -0.353553
v -0.321394 -0.750000 -0.383022
v -0.286788 -0.750000 -0.409576
v -0.250000 -0.750000 -0.433013
v -0.211309 -0.750000 -0.453154
v -0.171010 -0.750000 -0.469846
v -0.129410 -0.750000 -0.482963
v -0.086824 -0.750000 -0.492404
v -0.043578 -0.750000 -0.498097
v -0.000000 -0.750000 -0.500000
v 0.043578 -0.750000 -0.498097
v 0.086824 -0.750000 -0.492404
v 0.129410 -0.750000 -0.482963
v 0.171010 -0.750000 -0.469846
v 0.211309 -0.750000 -0.453154
v 0.250000 -0.750000 -0.433013
v 0.286788 -0.750000 -0.409576
v 0.321394 -0.750000 -0.383022
v 0.353553 -0.750000 -0.353553
v 0.383022 -0.750000 -0.321394
v 0.409576 -0.750000 -0.286788
v 0.433013 -0.750000 -0.250000
v 0.453154 -0.750000 -0.211309
v 0.469846 -0.750000 -0.171010
v 0.482963 -0.750000 -0.129410
v 0.492404 -0.750000 -0.086824
v 0.498097 -0.750000 -0.043578
v 0.499524 -0.712500 0.021810
v 0.495722 -0.712500 0.065263
v 0.488148 -0.712500 0.108220
v 0.476858 -0.712500 0.150353
v 0.461940 -0.712500 0.191342
v 0.443505 -0.712500 0.230874
v 0.421696 -0.712500 0.268650
v 0.396677 -0.712500 0.304381
v 0.368639 -0.712500 0.337795
v 0.337795 -0.712500 0.368639
v 0.304381 -0.712500 0.396677
v 0.268650 -0.712500 0.421696
v 0.230874 -0.712500 0.443505
v 0.191342 -0.712500 0.461940
v 0.150353 -0.712500 0.476858
v 0.108220 -0.712500 0.488148
v 0.065263 -0.712500 0.495722
v 0.021810 -0.712500 0.499524
v -0.021810 -0.712500 0.499524
v -0.065263 -0.712500 0.495722
v -0.108220 -0.712500 0.488148
v -0.150353 -0.712500 0.476858
v -0.191342 -0.712500 0.461940
v -0.230874 -0.712500 0.443505
v -0.268650 -0.712500 0.421696
v -0.304381 -0.712500 0.396677
v -0.337795 -0.712500 0.368639
v -0.368639 -0.712500 0.337795
v -0.396677 -0.712500 0.304381
v -0.421696 -0.712500 0.268650
v -0.443505 -0.712500 0.230874
v -0.461940 -0.712500 0.191342
v -0.476858 -0.712500 0.150353
v -0.488148 -0.712500 0.108220
v -0.495722 -0.712500 0.065263
v -0.499524 -0.712500 0.021810
v -0.499524 -0.712500 -0.021810
v -0.495722 -0.712500 -0.065263
v -0.488148 -0.712500 -0.108220
v -0.476858 -0.712500 -0.150353
v -0.461940 -0.712500 -0.191342
v -0.443505 -0.712500 -0.230874
v -0.421696 -0.712500 -0.268650
v -0.396677 -0.712500 -0.304381
v -0.368639 -0.712500 -0.337795
v -0.337795 -0.712500 -0.368639
v -0.304381 -0.712500 -0.396677
v -0.268650 -0.712500 -0.421696
v -0.230874 -0.712500 -0.443505
v -0.191342 -0.712500 -0.461940
v -0.150353 -0.712500 -0.476858
v -0.108220 -0.712500 -0.488148
v -0.065263 -0.712500 -0.495722
v -0.021810 -0.712500 -0.499524
v 0.021810 -0.712500 -0.499524
v 0.065263 -0.712500 -0.495722
v 0.108220 -0.712500 -0.488148
v 0.150353 -0.712500 -0.476858
v 0.191342 -0.712500 -0.461940
v 0.230874 -0.712500 -0.443505
v 0.268650 -0.712500 -0.421696
v 0.304381 -0.712500 -0.396677
v 0.337795 -0.712500 -0.368639
v 0.368639 -0.712500 -0.337795
v 0.396677 -0.712500 -0.304381
v 0.421696 -0.712500 -0.268650
v 0.443505 -0.712500 -0.230874
v 0.461940 -0.712500 -0.191342
v 0.476858 -0.712500 -0.150353
v 0.488148 -0.712500 -0.108220
v 0.495722 -0.712500 -0.065263
v 0.499524 -0.712500 -0.021810
v 0.500000 -0.675000 0.000000
v 0.498097 -0.675000 0.043578
v 0.492404 -0.675000 0.086824
v 0.482963 -0.675000 0.129410
v 0.469846 -0.675000 0.171010
v 0.453154 -0.675000 0.211309
v 0.433013 -0.675000 0.250000
v 0.409576 -0.675000 0.286788
v 0.383022 -0.675000 0.321394
v 0.353553 -0.675000 0.353553
v 0.321394 -0.675000 0.383022
v 0.286788 -0.675000 0.409576
v 0.250000 -0.675000 0.433013
v 0.211309 -0.675000 0.453154
v 0.171010 -0.675000 0.469846
v 0.129410 -0.675000 0.482963
v 0.086824 -0.675000 0.492404
v 0.043578 -0.675000 0.498097
v 0.000000 -0.675000 0.500000
v -0.043578 -0.675000 0.498097
v -0.086824 -0.675000 0.492404
v -0.129410 -0.675000 0.482963
v -0.171010 -0.675000 0.469846
v -0.211309 -0.675000 0.453154
v -0.250000 -0.675000 0.433013
v -0.286788 -0.675000 0.409576
v -0.321394 -0.675000 0.383022
v -0.353553 -0.675000 0.353553
v -0.383022 -0.675000 0.321394
v -0.409576 -0.675000 0.286788
v -0.433013 -0.675000 0.250000
v -0.453154 -0.675000 0.211309
v -0.469846 -0.675000 0.171010
v -0.482963 -0.675000 0.129410
v -0.492404 -0.675000 0.086824
v -0.498097 -0.675000 0.043578
v -0.500000 -0.675000 0.000000
v -0.498097 -0.675000 -0.043578
v -0.492404 -0.675000 -0.086824
v -0.482963 -0.675000 -0.129410
v -0.469846 -0.675000 -0.171010
v -0.453154 -0.675000 -0.211309
v -0.433013 -0.675000 -0.250000
v -0.409576 -0.675000 -0.286788
v -0.383022 -0.675000 -0.321394
v -0.353553 -0.675000 -0.353553
v -0.321394 -0.675000 -0.383022
v -0.286788 -0.675000 -0.409576
v -0.250000 -0.675000 -0.433013
v -0.211309 -0.675000 -0.453154
v -0.171010 -0.675000 -0.469846
v -0.129410 -0.675000 -0.482963
v -0.086824 -0.675000 -0.492404
v -0.043578 -0.675000 -0.498097
v -0.000000 -0.675000 -0.500000
v 0.043578 -0.675000 -0.498097
v 0.086824 -0.675000 -0.492404
v 0.129410 -0.675000 -0.482963
v 0.171010 -0.675000 -0.469846
v 0.211309 -0.675000 -0.453154
v 0.250000 -0.675000 -0.433013
v 0.286788 -0.675000 -0.409576
v 0.321394 -0.675000 -0.383022
v 0.353553 -0.675000 -0.353553
v 0.383022 -0.675000 -0.321394
v 0.409576 -0.675000 -0.286788
v 0.433013 -0.675000 -0.250000
v 0.453154 -0.675000 -0.211309
v 0.469846 -0.675000 -0.171010
v 0.482963 -0.675000 -0.129410
v 0.492404 -0.675000 -0.086824
v 0.498097 -0.675000 -0.043578
v 0.499524 -0.637500 0.021810
v 0.495722 -0.637500 0.065263
v 0.488148 -0.637500 0.108220
v 0.476858 -0.637500 0.150353
v 0.461940 -0.637500 0.191342
v 0.443505 -0.637500 0.230874
v 0.421696 -0.637500 0.268650
v 0.396677 -0.637500 0.304381
v 0.368639 -0.637500 0.337795
v 0.337795 -0.637500 0.368639
v 0.304381 -0.637500 0.396677
v 0.268650 -0.637500 0.421696
v 0.230874 -0.637500 0.443505
v 0.191342 -0.637500 0.461940
v 0.150353 -0.637500 0.476858
v 0.108220 -0.637500 0.488148
v 0.065263 -0.637500 0.495722
v 0.021810 -0.637500 0.499524
v -0.021810 -0.637500 0.499524
v -0.065263 -0.637500 0.495722
v -0.108220 -0.637500 0.488148
v -0.150353 -0.637500 0.476858
v -0.191342 -0.637500 0.461940
v -0.230874 -0.637500 0.443505
v -0.268650 -0.637500 0.421696
v -0.304381 -0.637500 0.396677
v -0.337795 -0.637500 0.368639
v -0.368639 -0.637500 0.337795
v -0.396677 -0.637500 0.304381
v -0.421696 -0.637500 0.268650
v -0.443505 -0.637500 0.230874
v -0.461940 -0.637500 0.191342
v -0.476858 -0.637500 0.150353
v -0.488148 -0.637500 0.108220
v -0.495722 -0.637500 0.065263
v -0.499524 -0.637500 0.021810
v -0.499524 -0.637500 -0.021810
v -0.495722 -0.637500 -0.065263
v -0.488148 -0.637500 -0.108220
v -0.476858 -0.637500 -0.150353
v -0.461940 -0.637500 -0.191342
v -0.443505 -0.637500 -0.230874
v -0.421696 -0.637500 -0.268650
v -0.396677 -0.637500 -0.304381
v -0.368639 -0.637500 -0.337795
v -0.337795 -0.637500 -0.368639
v -0.304381 -0.637500 -0.396677
v -0.268650 -0.637500 -0.421696
v -0.230874 -0.637500 -0.443505
v -0.191342 -0.637500 -0.461940
v -0.150353 -0.637500 -0.476858
v -0.108220 -0.637500 -0.488148
v -0.065263 -0.637500 -0.495722
v -0.021810 -0.637500 -0.499524
v 0.021810 -0.637500 -0.499524
v 0.065263 -0.637500 -0.495722
v 0.108220 -0.637500 -0.488148
v 0.150353 -0.637500 -0.476858
v 0.191342 -0.637500 -0.461940
v 0.230874 -0.637500 -0.443505
v 0.268650 -0.637500 -0.421696
v 0.304381 -0.637500 -0.396677
v 0.337795 -0.637500 -0.368639
v 0.368639 -0.637500 -0.337795
v 0.396677 -0.637500 -0.304381
v 0.421696 -0.637500 -0.268650
v 0.443505 -0.637500 -0.230874
v 0.461940 -0.637500 -0.191342
v 0.476858 -0.637500 -0.150353
v 0.488148 -0.637500 -0.108220
v 0.495722 -0.637500 -0.065263
v 0.499524 -0.637500 -0.021810
v 0.500000 -0.600000 0.000000
v 0.498097 -0.600000 0.043578
v 0.492404 -0.600000 0.086824
v 0.482963 -0.600000 0.129410
v 0.469846 -0.600000 0.171010
v 0.453154 -0.600000 0.211309
v 0.433013 -0.600000 0.250000
v 0.409576 -0.600000 0.286788
v 0.383022 -0.600000 0.321394
v 0.353553 -0.600000 0.353553
v 0.321394 -0.600000 0.383022
v 0.286788 -0.600000 0.409576
v 0.250000 -0.600000 0.433013
v 0.211309 -0.600000 0.453154
v 0.171010 -0.600000 0.469846
v 0.129410 -0.600000 0.482963
v 0.086824 -0.600000 0.492404
v 0.043578 -0.600000 0.498097
v 0.000000 -0.600000 0.500000
v -0.043578 -0.600000 0.498097
v -0.086824 -0.600000 0.492404
v -0.129410 -0.600000 0.482963
v -0.171010 -0.600000 0.469846
v -0.211309 -0.600000 0.453154
v -0.250000 -0.600000 0.433013
v -0.286788 -0.600000 0.409576
v -0.321394 -0.600000 0.383022
v -0.353553 -0.600000 0.353553
v -0.383022 -0.600000 0.321394
v -0.409576 -0.600000 0.286788
v -0.433013 -0.600000 0.250000
v -0.453154 -0.600000 0.211309
v -0.469846 -0.600000 0.171010
v -0.482963 -0.600000 0.129410
v -0.492404 -0.600000 0.086824
v -0.498097 -0.600000 0.043578
v -0.500000 -0.600000 0.000000
v -0.498097 -0.600000 -0.043578
v -0.492404 -0.600000 -0.086824
v -0.482963 -0.600000 -0.129410
v -0.469846 -0.600000 -0.171010
v -0.453154 -0.600000 -0.211309
v -0.433013 -0.600000 -0.250000
v -0.409576 -0.600000 -0.286788
v -0.383022 -0.600000 -0.321394
v -0.353553 -0.600000 -0.353553
v -0.321394 -0.600000 -0.383022
v -0.286788 -0.600000 -0.409576
v -0.250000 -0.600000 -0.433013
v -0.211309 -0.600000 -0.453154
v -0.171010 -0.600000 -0.469846
v -0.129410 -0.600000 -0.482963
v -0.086824 -0.600000 -0.492404
v -0.043578 -0.600000 -0.498097
v -0.000000 -0.600000 -0.500000
v 0.043578 -0.600000 -0.498097
v 0.086824 -0.600000 -0.492404
v 0.129410 -0.600000 -0.482963
v 0.171010 -0.600000 -0.469846
v 0.211309 -0.600000 -0.453154
v 0.250000 -0.600000 -0.433013
v 0.286788 -0.600000 -0.409576
v 0.321394 -0.600000 -0.383022
v 0.353553 -0.600000 -0.353553
v 0.383022 -0.600000 -0.321394
v 0.409576 -0.600000 -0.286788
v 0.433013 -0.600000 -0.250000
v 0.453154 -0.600000 -0.211309
v 0.469846 -0.600000 -0.171010
v 0.482963 -0.600000 -0.129410
v 0.492404 -0.600000 -0.086824
v 0.498097 -0.600000 -0.043578
v 0.499524 -0.562500 0.021810
v 0.495722 -0.562500 0.065263
v 0.488148 -0.562500 0.108220
v 0.476858 -0.562500 0.150353
v 0.461940 -0.562500 0.191342
v 0.443505 -0.562500 0.230874
v 0.421696 -0.562500 0.268650
v 0.396677 -0.562500 0.304381
v 0.368639 -0.562500 0.337795
v 0.337795 -0.562500 0.368639
v 0.304381 -0.562500 0.396677
v 0.268650 -0.562500 0.421696
v 0.230874 -0.562500 0.443505
v 0.191342 -0.562500 0.461940
v 0.150353 -0.562500 0.476858
v 0.108220 -0.562500 0.488148
v 0.065263 -0.562500 0.495722
v 0.021810 -0.562500 0.499524
v -0.021810 -0.562500 0.499524
v -0.065263 -0.562500 0.495722
v -0.108220 -0.562500 0.488148
v -0.150353 -0.562500 0.476858
v -0.191342 -0.562500 0.461940
v -0.230874 -0.562500 0.443505
v -0.268650 -0.562500 0.421696
v -0.304381 -0.562500 0.396677
v -0.337795 -0.562500 0.368639
v -0.368639 -0.562500 0.337795
v -0.396677 -0.562500 0.304381
v -0.421696 -0.562500 0.268650
v -0.443505 -0.562500 0.230874
v -0.461940 -0.562500 0.191342
v -0.476858 -0.562500 0.150353
v -0.488148 -0.562500 0.108220
v -0.495722 -0.562500 0.065263
v -0.499524 -0.562500 0.021810
v -0.499524 -0.562500 -0.021810
v -0.495722 -0.562500 -0.065263
v -0.488148 -0.562500 -0.108220
v -0.476858 -0.562500 -0.150353
v -0.461940 -0.562500 -0.191342
v -0.443505 -0.562500 -0.230874
v -0.421696 -0.562500 -0.268650
v -0.396677 -0.562500 -0.304381
v -0.368639 -0.562500 -0.337795
v -0.337795 -0.562500 -0.368639
v -0.304381 -0.562500 -0.396677
v -0.268650 -0.562500 -0.421696
v -0.230874 -0.562500 -0.443505
v -0.191342 -0.562500 -0.461940
v -0.150353 -0.562500 -0.476858
v -0.108220 -0.562500 -0.488148
v -0.065263 -0.562500 -0.495722
v -0.021810 -0.562500 -0.499524
v 0.021810 -0.562500 -0.499524
v 0.065263 -0.562500 -0.495722
v 0.108220 -0.562500 -0.488148
v 0.150353 -0.562500 -0.476858
v 0.191342 -0.562500 -0.461940
v 0.230874 -0.562500 -0.443505
v 0.268650 -0.562500 -0.421696
v 0.304381 -0.562500 -0.396677
v 0.337795 -0.562500 -0.368639
v 0.368639 -0.562500 -0.337795
v 0.396677 -0.562500 -0.304381
v 0.421696 -0.562500 -0.268650
v 0.443505 -0.562500 -0.230874
v 0.461940 -0.562500 -0.191342
v 0.476858 -0.562500 -0.150353
v 0.488148 -0.562500 -0.108220
v 0.495722 -0.562500 -0.065263
v 0.499524 -0.562500 -0.021810
v 0.500000 -0.525000 0.000000
v 0.498097 -0.525000 0.043578
v 0.492404 -0.525000 0.086824
v 0.482963 -0.525000 0.129410
v 0.469846 -0.525000 0.171010
v 0.453154 -0.525000 0.211309
v 0.433013 -0.525000 0.250000
v 0.409576 -0.525000 0.286788
v 0.383022 -0.525000 0.321394
v 0.353553 -0.525000 0.353553
v 0.321394 -0.525000 0.383022
v 0.286788 -0.525000 0.409576
v 0.250000 -0.525000 0.433013
v 0.211309 -0.525000 0.453154
v 0.171010 -0.525000 0.469846
v 0.129410 -0.525000 0.482963
v 0.086824 -0.525000 0.492404
v 0.043578 -0.525000 0.498097
v 0.000000 -0.525000 0.500000
v -0.043578 -0.525000 0.498097
v -0.086824 -0.525000 0.492404
v -0.129410 -0.525000 0.482963
v -0.171010 -0.525000 0.469846
v -0.211309 -0.525000 0.453154
v -0.250000 -0.525000 0.433013
v -0.286788 -0.525000 0.409576
v -0.321394 -0.525000 0.383022
v -0.353553 -0.525000 0.353553
v -0.383022 -0.525000 0.321394
v -0.409576 -0.525000 0.286788
v -0.433013 -0.525000 0.250000
v -0.453154 -0.525000 0.211309
v -0.469846 -0.525000 0.171010
v -0.482963 -0.525000 0.129410
v -0.492404 -0.525000 0.086824
v -0.498097 -0.525000 0.043578
v -0.500000 -0.525000 0.000000
v -0.498097 -0.525000 -0.043578
v -0.492404 -0.525000 -0.086824
v -0.482963 -0.525000 -0.129410
v -0.469846 -0.525000 -0.171010
v -0.453154 -0.525000 -0.211309
v -0.433013 -0.525000 -0.250000
v -0.409576 -0.525000 -0.286788
v -0.383022 -0.525000 -0.321394
v -0.353553 -0.525000 -0.353553
v -0.321394 -0.525000 -0.383022
v -0.286788 -0.525000 -0.409576
v -0.250000 -0.525000 -0.433013
v -0.211309 -0.525000 -0.453154
v -0.171010 -0.525000 -0.469846
v -0.129410 -0.525000 -0.482963
v -0.086824 -0.525000 -0.492404
v -0.043578 -0.525000 -0.498097
v -0.000000 -0.525000 -0.500000
v 0.043578 -0.525000 -0.498097
v 0.086824 -0.525000 -0.492404
v 0.129410 -0.525000 -0.482963
v 0.171010 -0.525000 -0.469846
v 0.211309 -0.525000 -0.453154
v 0.250000 -0.525000 -0.433013
v 0.286788 -0.525000 -0.409576
v 0.321394 -0.525000 -0.383022
v 0.353553 -0.525000 -0.353553
v 0.383022 -0.525000 -0.321394
v 0.409576 -0.525000 -0.286788
v 0.433013 -0.525000 -0.250000
v 0.453154 -0.525000 -0.211309
v 0.469846 -0.525000 -0.171010
v 0.482963 -0.525000 -0.129410
v 0.492404 -0.525000 -0.086824
v 0.498097 -0.525000 -0.043578
v 0.499524 -0.487500 0.021810
v 0.495722 -0.487500 0.065263
v 0.488148 -0.487500 0.108220
v 0.476858 -0.487500 0.150353
v 0.461940 -0.487500 0.191342
v 0.443505 -0.487500 0.230874
v 0.421696 -0.487500 0.268650
v 0.396677 -0.487500 0.304381
v 0.368639 -0.487500 0.337795
v 0.337795 -0.487500 0.368639
v 0.304381 -0.487500 0.396677
v 0.268650 -0.487500 0.421696
v 0.230874 -0.487500 0.443505
v 0.191342 -0.487500 0.461940
v 0.150353 -0.487500 0.476858
v 0.108220 -0.487500 0.488148
v 0.065263 -0.487500 0.495722
v 0.021810 -0.487500 0.499524
v -0.021810 -0.487500 0.499524
v -0.065263 -0.487500 0.495722
v -0.108220 -0.487500 0.488148
v -0.150353 -0.487500 0.476858
v -0.191342 -0.487500 0.461940
v -0.230874 -0.487500 0.443505
v -0.268650 -0.487500 0.421696
v -0.304381 -0.487500 0.396677
v -0.337795 -0.487500 0.368639
v -0.368639 -0.487500 0.337795
v -0.396677 -0.487500 0.304381
v -0.421696 -0.487500 0.268650
v -0.443505 -0.487500 0.230874
v -0.461940 -0.487500 0.191342
v -0.476858 -0.487500 0.150353
v -0.488148 -0.487500 0.108220
v -0.495722 -0.487500 0.065263
v -0.499524 -0.487500 0.021810
v -0.499524 -0.487500 -0.021810
v -0.495722 -0.487500 -0.065263
v -0.488148 -0.487500 -0.108220
v -0.476858 -0.487500 -0.150353
v -0.461940 -0.487500 -0.191342
v -0.443505 -0.487500 -0.230874
v -0.421696 -0.487500 -0.268650
v -0.396677 -0.487500 -0.304381
v -0.368639 -0.487500 -0.337795
v -0.337795 -0.487500 -0.368639
v -0.304381 -0.487500 -0.396677
v -0.268650 -0.487500 -0.421696
v -0.230874 -0.487500 -0.443505
v -0.191342 -0.487500 -0.461940
v -0.150353 -0.487500 -0.476858
v -0.108220 -0.487500 -0.488148
v -0.065263 -0.487500 -0.495722
v -0.021810 -0.487500 -0.499524
v 0.021810 -0.487500 -0.499524
v 0.065263 -0.487500 -0.495722
v 0.108220 -0.487500 -0.488148
v 0.150353 -0.487500 -0.476858
v 0.191342 -0.487500 -0.461940
v 0.230874 -0.487500 -0.443505
v 0.268650 -0.487500 -0.421696
v 0.304381 -0.487500 -0.396677
v 0.337795 -0.487500 -0.368639
v 0.368639 -0.487500 -0.337795
v 0.396677 -0.487500 -0.304381
v 0.421696 -0.487500 -0.268650
v 0.443505 -0.487500 -0.230874
v 0.461940 -0.487500 -0.191342
v 0.476858 -0.487500 -0.150353
v 0.488148 -0.487500 -0.108220
v 0.495722 -0.487500 -0.065263
v 0.499524 -0.487500 -0.021810
v 0.500000 -0.450000 0.000000
v 0.498097 -0.450000 0.043578
v 0.492404 -0.450000 0.086824
v 0.482963 -0.450000 0.129410
v 0.469846 -0.450000 0.171010
v 0.453154 -0.450000 0.211309
v 0.433013 -0.450000 0.250000
v 0.409576 -0.450000 0.286788
v 0.383022 -0.450000 0.321394
v 0.353553 -0.450000 0.353553
v 0.321394 -0.450000 0.383022
v 0.286788 -0.450000 0.409576
v 0.250000 -0.450000 0.433013
v 0.211309 -0.450000 0.453154
v 0.171010 -0.450000 0.469846
v 0.129410 -0.450000 0.482963
v 0.086824 -0.450000 0.492404
v 0.043578 -0.450000 0.498097
v 0.000000 -0.450000 0.500000
v -0.043578 -0.450000 0.498097
v -0.086824 -0.450000 0.492404
v -0.129410 -0.450000 0.482963
v -0.171010 -0.450000 0.469846
v -0.211309 -0.450000 0.453154
v -0.250000 -0.450000 0.433013
v -0.286788 -0.450000 0.409576
v -0.321394 -0.450000 0.383022
v -0.353553 -0.450000 0.353553
v -0.383022 -0.450000 0.321394
v -0.409576 -0.450000 0.286788
v -0.433013 -0.450000 0.250000
v -0.453154 -0.450000 0.211309
v -0.469846 -0.450000 0.171010
v -0.482963 -0.450000 0.129410
v -0.492404 -0.450000 0.086824
v -0.498097 -0.450000 0.043578
v -0.500000 -0.450000 0.000000
v -0.498097 -0.450000 -0.043578
v -0.492404 -0.450000 -0.086824
v -0.482963 -0.450000 -0.129410
v -0.469846 -0.450000 -0.171010
v -0.453154 -0.450000 -0.211309
v -0.433013 -0.450000 -0.250000
v -0.409576 -0.450000 -0.286788
v -0.383022 -0.450000 -0.321394
v -0.353553 -0.450000 -0.353553
v -0.321394 -0.450000 -0.383022
v -0.286788 -0.450000 -0.409576
v -0.250000 -0.450000 -0.433013
v -0.211309 -0.450000 -0.453154
v -0.171010 -0.450000 -0.469846
v -0.129410 -0.450000 -0.482963
v -0.086824 -0.450000 -0.492404
v -0.043578 -0.450000 -0.498097
v -0.000000 -0.450000 -0.500000
v 0.043578 -0.450000 -0.498097
v 0.086824 -0.450000 -0.492404
v 0.129410 -0.450000 -0.482963
v 0.171010 -0.450000 -0.469846
v 0.211309 -0.450000 -0.453154
v 0.250000 -0.450000 -0.433013
v 0.286788 -0.450000 -0.409576
v 0.321394 -0.450000 -0.383022
v 0.353553 -0.450000 -0.353553
v 0.383022 -0.450000 -0.321394
v 0.409576 -0.450000 -0.286788
v 0.433013 -0.450000 -0.250000
v 0.453154 -0.450000 -0.211309
v 0.469846 -0.450000 -0.171010
v 0.482963 -0.450000 -0.129410
v 0.492404 -0.450000 -0.086824
v 0.498097 -0.450000 -0.043578
v 0.499524 -0.412500 0.021810
v 0.495722 -0.412500 0.065263
v 0.488148 -0.412500 0.108220
v 0.476858 -0.412500 0.150353
v 0.461940 -0.412500 0.191342
v 0.443505 -0.412500 0.230874
v 0.421696 -0.412500 0.268650
v 0.396677 -0.412500 0.304381
v 0.368639 -0.412500 0.337795
v 0.337795 -0.412500 0.368639
v 0.304381 -0.412500 0.396677
v 0.268650 -0.412500 0.421696
v 0.230874 -0.412500 0.443505
v 0.191342 -0.412500 0.461940
v 0.150353 -0.412500 0.476858
v 0.108220 -0.412500 0.488148
v 0.065263 -0.412500 0.495722
v 0.021810 -0.412500 0.499524
v -0.021810 -0.412500 0.499524
v -0.065263 -0.412500 0.495722
v -0.108220 -0.412500 0.488148
v -0.150353 -0.412500 0.476858
v -0.191342 -0.412500 0.461940
v -0.230874 -0.412500 0.443505
v -0.268650 -0.412500 0.421696
v -0.304381 -0.412500 0.396677
v -0.337795 -0.412500 0.368639
v -0.368639 -0.412500 0.337795
v -0.396677 -0.412500 0.304381
v -0.421696 -0.412500 0.268650
v -0.443505 -0.412500 0.230874
v -0.461940 -0.412500 0.191342
v -0.476858 -0.412500 0.150353
v -0.488148 -0.412500 0.108220
v -0.495722 -0.412500 0.065263
v -0.499524 -0.412500 0.021810
v -0.499524 -0.412500 -0.021810
v -0.495722 -0.412500 -0.065263
v -0.488148 -0.412500 -0.108220
v -0.476858 -0.412500 -0.150353
v -0.461940 -0.412500 -0.191342
v -0.443505 -0.412500 -0.230874
v -0.421696 -0.412500 -0.268650
v -0.396677 -0.412500 -0.304381
v -0.368639 -0.412500 -0.337795
v -0.337795 -0.412500 -0.368639
v -0.304381 -0.412500 -0.396677
v -0.268650 -0.412500 -0.421696
v -0.230874 -0.412500 -0.443505
v -0.191342 -0.412500 -0.461940
v -0.150353 -0.412500 -0.476858
v -0.108220 -0.412500 -0.488148
v -0.065263 -0.412500 -0.495722
v -0.021810 -0.412500 -0.499524
v 0.021810 -0.412500 -0.499524
v 0.065263 -0.412500 -0.495722
v 0.108220 -0.412500 -0.488148
v 0.150353 -0.412500 -0.476858
v 0.191342 -0.412500 -0.461940
v 0.230874 -0.412500 -0.443505
v 0.268650 -0.412500 -0.421696
v 0.304381 -0.412500 -0.396677
v 0.337795 -0.412500 -0.368639
v 0.368639 -0.412500 -0.337795
v 0.396677 -0.412500 -0.304381
v 0.421696 -0.412500 -0.268650
v 0.443505 -0.412500 -0.230874
v 0.461940 -0.412500 -0.191342
v 0.476858 -0.412500 -0.150353
v 0.488148 -0.412500 -0.108220
v 0.495722 -0.412500 -0.065263
v 0.499524 -0.412500 -0.021810
v 0.500000 -0.375000 0.000000
v 0.498097 -0.375000 0.043578
v 0.492404 -0.375000 0.086824
v 0.482963 -0.375000 0.129410
v 0.469846 -0.375000 0.171010
v 0.453154 -0.375000 0.211309
v 0.433013 -0.375000 0.250000
v 0.409576 -0.375000 0.286788
v 0.383022 -0.375000 0.321394
v 0.353553 -0.375000 0.353553
v 0.321394 -0.375000 0.383022
v 0.286788 -0.375000 0.409576
v 0.250000 -0.375000 0.433013
v 0.211309 -0.375000 0.453154
v 0.171010 -0.375000 0.469846
v 0.129410 -0.375000 0.482963
v 0.086824 -0.375000 0.492404
v 0.043578 -0.375000 0.498097
v 0.000000 -0.375000 0.500000
v -0.043578 -0.375000 0.498097
v -0.086824 -0.375000 0.492404
v -0.129410 -0.375000 0.482963
v -0.171010 -0.375000 0.469846
v -0.211309 -0.375000 0.453154
v -0.250000 -0.375000 0.433013
v -0.286788 -0.375000 0.409576
v -0.321394 -0.375000 0.383022
v -0.353553 -0.375000 0.353553
v -0.383022 -0.375000 0.321394
v -0.409576 -0.375000 0.286788
v -0.433013 -0.375000 0.250000
v -0.453154 -0.375000 0.211309
v -0.469846 -0.375000 0.171010
v -0.482963 -0.375000 0.129410
v -0.492404 -0.375000 0.086824
v -0.498097 -0.375000 0.043578
v -0.500000 -0.375000 0.000000
v -0.498097 -0.375000 -0.043578
v -0.492404 -0.375000 -0.086824
v -0.482963 -0.375000 -0.129410
v -0.469846 -0.375000 -0.171010
v -0.453154 -0.375000 -0.211309
v -0.433013 -0.375000 -0.250000
v -0.409576 -0.375000 -0.286788
v -0.383022 -0.375000 -0.321394
v -0.353553 -0.375000 -0.353553
v -0.321394 -0.375000 -0.383022
v -0.286788 -0.375000 -0.409576
v -0.250000 -0.375000 -0.433013
v -0.211309 -0.375000 -0.453154
v -0.171010 -0.375000 -0.469846
v -0.129410 -0.375000 -0.482963
v -0.086824 -0.375000 -0.492404
v -0.043578 -0.375000 -0.498097
v -0.000000 -0.375000 -0.500000
v 0.043578 -0.375000 -0.498097
v 0.086824 -0.375000 -0.492404
v 0.129410 -0.375000 -0.482963
v 0.171010 -0.375000 -0.469846
v 0.211309 -0.375000 -0.453154
v 0.250000 -0.375000 -0.433013
v 0.286788 -0.375000 -0.409576
v 0.321394 -0.375000 -0.383022
v 0.353553 -0.375000 -0.353553
v 0.383022 -0.375000 -0.321394
v 0.409576 -0.375000 -0.286788
v 0.433013 -0.375000 -0.250000
v 0.453154 -0.375000 -0.211309
v 0.469846 -0.375000 -0.171010
v 0.482963 -0.375000 -0.129410
v 0.492404 -0.375000 -0.086824
v 0.498097 -0.375000 -0.043578
v 0.499524 -0.337500 0.021810
v 0.495722 -0.337500 0.065263
v 0.488148 -0.337500 0.108220
v 0.476858 -0.337500 0.150353
v 0.461940 -0.337500 0.191342
v 0.443505 -0.337500 0.230874
v 0.421696 -0.337500 0.268650
v 0.396677 -0.337500 0.304381
v 0.368639 -0.337500 0.337795
v 0.337795 -0.337500 0.368639
v 0.304381 -0.337500 0.396677
v 0.268650 -0.337500 0.421696
v 0.230874 -0.337500 0.443505
v 0.191342 -0.337500 0.461940
v 0.150353 -0.337500 0.476858
v 0.108220 -0.337500 0.488148
v 0.065263 -0.337500 0.495722
v 0.021810 -0.337500 0.499524
v -0.021810 -0.337500 0.499524
v -0.065263 -0.337500 0.495722
v -0.108220 -0.337500 0.488148
v -0.150353 -0.337500 0.476858
v -0.191342 -0.337500 0.461940
v -0.230874 -0.337500 0.443505
v -0.268650 -0.337500 0.421696
v -0.304381 -0.337500 0.396677
v -0.337795 -0.337500 0.368639
v -0.368639 -0.337500 0.337795
v -0.396677 -0.337500 0.304381
v -0.421696 -0.337500 0.268650
v -0.443505 -0.337500 0.230874
v -0.461940 -0.337500 0.191342
v -0.476858 -0.337500 0.150353
v -0.488148 -0.337500 0.108220
v -0.495722 -0.337500 0.065263
v -0.499524 -0.337500 0.021810
v -0.499524 -0.337500 -0.021810
v -0.495722 -0.337500 -0.065263
v -0.488148 -0.337500 -0.108220
v -0.476858 -0.337500 -0.150353
v -0.461940 -0.337500 -0.191342
v -0.443505 -0.337500 -0.230874
v -0.421696 -0.337500 -0.268650
v -0.396677 -0.337500 -0.304381
v -0.368639 -0.337500 -0.337795
v -0.337795 -0.337500 -0.368639
v -0.304381 -0.337500 -0.396677
v -0.268650 -0.337500 -0.421696
v -0.230874 -0.337500 -0.443505
v -0.191342 -0.337500 -0.461940
v -0.150353 -0.337500 -0.476858
v -0.108220 -0.337500 -0.488148
v -0.065263 -0.337500 -0.495722
v -0.021810 -0.337500 -0.499524
v 0.021810 -0.337500 -0.499524
v 0.065263 -0.337500 -0.495722
v 0.108220 -0.337500 -0.488148
v 0.150353 -0.337500 -0.476858
v 0.191342 -0.337500 -0.461940
v 0.230874 -0.337500 -0.443505
v 0.268650 -0.337500 -0.421696
v 0.304381 -0.337500 -0.396677
v 0.337795 -0.337500 -0.368639
v 0.368639 -0.337500 -0.337795
v 0.396677 -0.337500 -0.304381
v 0.421696 -0.337500 -0.268650
v 0.443505 -0.337500 -0.230874
v 0.461940 -0.337500 -0.191342
v 0.476858 -0.337500 -0.150353
v 0.488148 -0.337500 -0.108220
v 0.495722 -0.337500 -0.065263
v 0.499524 -0.337500 -0.021810
v 0.500000 -0.300000 0.000000
v 0.498097 -0.300000 0.043578
v 0.492404 -0.300000 0.086824
v 0.482963 -0.300000 0.129410
v 0.469846 -0.300000 0.171010
v 0.453154 -0.300000 0.211309
v 0.433013 -0.300000 0.250000
v 0.409576 -0.300000 0.286788
v 0.383022 -0.300000 0.321394
v 0.353553 -0.300000 0.353553
v 0.321394 -0.300000 0.383022
v 0.286788 -0.300000 0.409576
v 0.250000 -0.300000 0.433013
v 0.211309 -0.300000 0.453154
v 0.171010 -0.300000 0.469846
v 0.129410 -0.300000 0.482963
v 0.086824 -0.300000 0.492404
v 0.043578 -0.300000 0.498097
v 0.000000 -0.300000 0.500000
v -0.043578 -0.300000 0.498097
v -0.086824 -0.300000 0.492404
v -0.129410 -0.300000 0.482963
v -0.171010 -0.300000 0.469846
v -0.211309 -0.300000 0.453154
v -0.250000 -0.300000 0.433013
v -0.286788 -0.300000 0.409576
v -0.321394 -0.300000 0.383022
v -0.353553 -0.300000 0.353553
v -0.383022 -0.300000 0.321394
v -0.409576 -0.300000 0.286788
v -0.433013 -0.300000 0.250000
v -0.453154 -0.300000 0.211309
v -0.469846 -0.300000 0.171010
v -0.482963 -0.300000 0.129410
v -0.492404 -0.300000 0.086824
v -0.498097 -0.300000 0.043578
v -0.500000 -0.300000 0.000000
v -0.498097 -0.300000 -0.043578
v -0.492404 -0.300000 -0.086824
v -0.482963 -0.300000 -0.129410
v -0.469846 -0.300000 -0.171010
v -0.453154 -0.300000 -0.211309
v -0.433013 -0.300000 -0.250000
v -0.409576 -0.300000 -0.286788
v -0.383022 -0.300000 -0.321394
v -0.353553 -0.300000 -0.353553
v -0.321394 -0.300000 -0.383022
v -0.286788 -0.300000 -0.409576
v -0.250000 -0.300000 -0.433013
v -0.211309 -0.300000 -0.453154
v -0.171010 -0.300000 -0.469846
v -0.129410 -0.300000 -0.482963
v -0.086824 -0.300000 -0.492404
v -0.043578 -0.300000 -0.498097
v -0.000000 -0.300000 -0.500000
v 0.043578 -0.300000 -0.498097
v 0.086824 -0.300000 -0.492404
v 0.129410 -0.300000 -0.482963
v 0.171010 -0.300000 -0.469846
v 0.211309 -0.300000 -0.453154
v 0.250000 -0.300000 -0.433013
v 0.286788 -0.300000 -0.409576
v 0.321394 -0.300000 -0.383022
v 0.353553 -0.300000 -0.353553
v 0.383022 -0.300000 -0.321394
v 0.409576 -0.300000 -0.286788
v 0.433013 -0.300000 -0.250000
v 0.453154 -0.300000 -0.211309
v 0.469846 -0.300000 -0.171010
v 0.482963 -0.300000 -0.129410
v 0.492404 -0.300000 -0.086824
v 0.498097 -0.300000 -0.043578
v 0.499524 -0.262500 0.021810
v 0.495722 -0.262500 0.065263
v 0.488148 -0.262500 0.108220
v 0.476858 -0.262500 0.150353
v 0.461940 -0.262500 0.191342
v 0.443505 -0.262500 0.230874
v 0.421696 -0.262500 0.268650
v 0.396677 -0.262500 0.304381
v 0.368639 -0.262500 0.337795
v 0.337795 -0.262500 0.368639
v 0.304381 -0.262500 0.396677
v 0.268650 -0.262500 0.421696
v 0.230874 -0.262500 0.443505
v 0.191342 -0.262500 0.461940
v 0.150353 -0.262500 0.476858
v 0.108220 -0.262500 0.488148
v 0.065263 -0.262500 0.495722
v 0.021810 -0.262500 0.499524
v -0.021810 -0.262500 0.499524
v -0.065263 -0.262500 0.495722
v -0.108220 -0.262500 0.488148
v -0.150353 -0.262500 0.476858
v -0.191342 -0.262500 0.461940
v -0.230874 -0.262500 0.443505
v -0.268650 -0.262500 0.421696
v -0.304381 -0.262500 0.396677
v -0.337795 -0.262500 0.368639
v -0.368639 -0.262500 0.337795
v -0.396677 -0.262500 0.304381
v -0.421696 -0.262500 0.268650
v -0.443505 -0.262500 0.230874
v -0.461940 -0.262500 0.191342
v -0.476858 -0.262500 0.150353
v -0.488148 -0.262500 0.108220
v -0.495722 -0.262500 0.065263
v -0.499524 -0.262500 0.021810
v -0.499524 -0.262500 -0.021810
v -0.495722 -0.262500 -0.065263
v -0.488148 -0.262500 -0.108220
v -0.476858 -0.262500 -0.150353
v -0.461940 -0.262500 -0.191342
v -0.443505 -0.262500 -0.230874
v -0.421696 -0.262500 -0.268650
v -0.396677 -0.262500 -0.304381
v -0.368639 -0.262500 -0.337795
v -0.337795 -0.262500 -0.368639
v -0.304381 -0.262500 -0.396677
v -0.268650 -0.262500 -0.421696
v -0.230874 -0.262500 -0.443505
v -0.191342 -0.262500 -0.461940
v -0.150353 -0.262500 -0.476858
v -0.108220 -0.262500 -0.488148
v -0.065263 -0.262500 -0.495722
v -0.021810 -0.262500 -0.499524
v 0.021810 -0.262500 -0.499524
v 0.065263 -0.262500 -0.495722
v 0.108220 -0.262500 -0.488148
v 0.150353 -0.262500 -0.476858
v 0.191342 -0.262500 -0.461940
v 0.230874 -0.262500 -0.443505
v 0.268650 -0.262500 -0.421696
v 0.304381 -0.262500 -0.396677
v 0.337795 -0.262500 -0.368639
v 0.368639 -0.262500 -0.337795
v 0.396677 -0.262500 -0.304381
v 0.421696 -0.262500 -0.268650
v 0.443505 -0.262500 -0.230874
v 0.461940 -0.262500 -0.191342
v 0.476858 -0.262500 -0.150353
v 0.488148 -0.262500 -0.108220
v 0.495722 -0.262500 -0.065263
v 0.499524 -0.262500 -0.021810
v 0.500000 -0.225000 0.000000
v 0.498097 -0.225000 0.043578
v 0.492404 -0.225000 0.086824
v 0.482963 -0.225000 0.129410
v 0.469846 -0.225000 0.171010
v 0.453154 -0.225000 0.211309
v 0.433013 -0.225000 0.250000
v 0.409576 -0.225000 0.286788
v 0.383022 -0.225000 0.321394
v 0.353553 -0.225000 0.353553
v 0.321394 -0.225000 0.383022
v 0.286788 -0.225000 0.409576
v 0.250000 -0.225000 0.433013
v 0.211309 -0.225000 0.453154
v 0.171010 -0.225000 0.469846
v 0.129410 -0.225000 0.482963
v 0.086824 -0.225000 0.492404
v 0.043578 -0.225000 0.498097
v 0.000000 -0.225000 0.500000
v -0.043578 -0.225000 0.498097
v -0.086824 -0.225000 0.492404
v -0.129410 -0.225000 0.482963
v -0.171010 -0.225000 0.469846
v -0.211309 -0.225000 0.453154
v -0.250000 -0.225000 0.433013
v -0.286788 -0.225000 0.409576
v -0.321394 -0.225000 0.383022
v -0.353553 -0.225000 0.353553
v -0.383022 -0.225000 0.321394
v -0.409576 -0.225000 0.286788
v -0.433013 -0.225000 0.250000
v -0.453154 -0.225000 0.211309
v -0.469846 -0.225000 0.171010
v -0.482963 -0.225000 0.129410
v -0.492404 -0.225000 0.086824
v -0.498097 -0.225000 0.043578
v -0.500000 -0.225000 0.000000
v -0.498097 -0.225000 -0.043578
v -0.492404 -0.225000 -0.086824
v -0.482963 -0.225000 -0.129410
v -0.469846 -0.225000 -0.171010
v -0.453154 -0.225000 -0.211309
v -0.433013 -0.225000 -0.250000
v -0.409576 -0.225000 -0.286788
v -0.383022 -0.225000 -0.321394
v -0.353553 -0.225000 -0.353553
v -0.321394 -0.225000 -0.383022
v -0.286788 -0.225000 -0.409576
v -0.250000 -0.225000 -0.433013
v -0.211309 -0.225000 -0.453154
v -0.171010 -0.225000 -0.469846
v -0.129410 -0.225000 -0.482963
v -0.086824 -0.225000 -0.492404
v -0.043578 -0.225000 -0.498097
v -0.000000 -0.225000 -0.500000
v 0.043578 -0.225000 -0.498097
v 0.086824 -0.225000 -0.492404
v 0.129410 -0.225000 -0.482963
v 0.171010 -0.225000 -0.469846
v 0.211309 -0.225000 -0.453154
v 0.250000 -0.225000 -0.433013
v 0.286788 -0.225000 -0.409576
v 0.321394 -0.225000 -0.383022
v 0.353553 -0.225000 -0.353553
v 0.383022 -0.225000 -0.321394
v 0.409576 -0.225000 -0.286788
v 0.433013 -0.225000 -0.250000
v 0.453154 -0.225000 -0.211309
v 0.469846 -0.225000 -0.171010
v 0.482963 -0.225000 -0.129410
v 0.492404 -0.225000 -0.086824
v 0.498097 -0.225000 -0.043578
v 0.499524 -0.187500 0.021810
v 0.495722 -0.187500 0.065263
v 0.488148 -0.187500 0.108220
v 0.476858 -0.187500 0.150353
v 0.461940 -0.187500 0.191342
v 0.443505 -0.187500 0.230874
v 0.421696 -0.187500 0.268650
v 0.396677 -0.187500 0.304381
v 0.368639 -0.187500 0.337795
v 0.337795 -0.187500 0.368639
v 0.304381 -0.187500 0.396677
v 0.268650 -0.187500 0.421696
v 0.230874 -0.187500 0.443505
v 0.191342 -0.187500 0.461940
v 0.150353 -0.187500 0.476858
v 0.108220 -0.187500 0.488148
v 0.065263 -0.187500 0.495722
v 0.021810 -0.187500 0.499524
v -0.021810 -0.187500 0.499524
v -0.065263 -0.187500 0.495722
v -0.108220 -0.187500 0.488148
v -0.150353 -0.187500 0.476858
v -0.191342 -0.187500 0.461940
v -0.230874 -0.187500 0.443505
v -0.268650 -0.187500 0.421696
v -0.304381 -0.187500 0.396677
v -0.337795 -0.187500 0.368639
v -0.368639 -0.187500 0.337795
v -0.396677 -0.187500 0.304381
v -0.421696 -0.187500 0.268650
v -0.443505 -0.187500 0.230874
v -0.461940 -0.187500 0.191342
v -0.476858 -0.187500 0.150353
v -0.488148 -0.187500 0.108220
v -0.495722 -0.187500 0.065263
v -0.499524 -0.187500 0.021810
v -0.499524 -0.187500 -0.021810
v -0.495722 -0.187500 -0.065263
v -0.488148 -0.187500 -0.108220
v -0.476858 -0.187500 -0.150353
v -0.461940 -0.187500 -0.191342
v -0.443505 -0.187500 -0.230874
v -0.421696 -0.187500 -0.268650
v -0.396677 -0.187500 -0.304381
v -0.368639 -0.187500 -0.337795
v -0.337795 -0.187500 -0.368639
v -0.304381 -0.187500 -0.396677
v -0.268650 -0.187500 -0.421696
v -0.230874 -0.187500 -0.443505
v -0.191342 -0.187500 -0.461940
v -0.150353 -0.187500 -0.476858
v -0.108220 -0.187500 -0.488148
v -0.065263 -0.187500 -0.495722
v -0.021810 -0.187500 -0.499524
v 0.021810 -0.187500 -0.499524
v 0.065263 -0.187500 -0.495722
v 0.108220 -0.187500 -0.488148
v 0.150353 -0.187500 -0.476858
v 0.191342 -0.187500 -0.461940
v 0.230874 -0.187500 -0.443505
v 0.268650 -0.187500 -0.421696
v 0.304381 -0.187500 -0.396677
v 0.337795 -0.187500 -0.368639
v 0.368639 -0.187500 -0.337795
v 0.396677 -0.187500 -0.304381
v 0.421696 -0.187500 -0.268650
v 0.443505 -0.187500 -0.230874
v 0.461940 -0.187500 -0.191342
v 0.476858 -0.187500 -0.150353
v 0.488148 -0.187500 -0.108220
v 0.495722 -0.187500 -0.065263
v 0.499524 -0.187500 -0.021810
v 0.500000 -0.150000 0.000000
v 0.498097 -0.150000 0.043578
v 0.492404 -0.150000 0.086824
v 0.482963 -0.150000 0.129410
v 0.469846 -0.150000 0.171010
v 0.453154 -0.150000 0.211309
v 0.433013 -0.150000 0.250000
v 0.409576 -0.150000 0.286788
v 0.383022 -0.150000 0.321394
v 0.353553 -0.150000 0.353553
v 0.321394 -0.150000 0.383022
v 0.286788 -0.150000 0.409576
v 0.250000 -0.150000 0.433013
v 0.211309 -0.150000 0.453154
v 0.171010 -0.150000 0.469846
v 0.129410 -0.150000 0.482963
v 0.086824 -0.150000 0.492404
v 0.043578 -0.150000 0.498097
v 0.000000 -0.150000 0.500000
v -0.043578 -0.150000 0.498097
v -0.086824 -0.150000 0.492404
v -0.129410 -0.150000 0.482963
v -0.171010 -0.150000 0.469846
v -0.211309 -0.150000 0.453154
v -0.250000 -0.150000 0.433013
v -0.286788 -0.150000 0.409576
v -0.321394 -0.150000 0.383022
v -0.353553 -0.150000 0.353553
v -0.383022 -0.150000 0.321394
v -0.409576 -0.150000 0.286788
v -0.433013 -0.150000 0.250000
v -0.453154 -0.150000 0.211309
v -0.469846 -0.150000 0.171010
v -0.482963 -0.150000 0.129410
v -0.492404 -0.150000 0.086824
v -0.498097 -0.150000 0.043578
v -0.500000 -0.150000 0.000000
v -0.498097 -0.150000 -0.043578
v -0.492404 -0.150000 -0.086824
v -0.482963 -0.150000 -0.129410
v -0.469846 -0.150000 -0.171010
v -0.453154 -0.150000 -0.211309
v -0.433013 -0.150000 -0.250000
v -0.409576 -0.150000 -0.286788
v -0.383022 -0.150000 -0.321394
v -0.353553 -0.150000 -0.353553
v -0.321394 -0.150000 -0.383022
v -0.286788 -0.150000 -0.409576
v -0.250000 -0.150000 -0.433013
v -0.211309 -0.150000 -0.453154
v -0.171010 -0.150000 -0.469846
v -0.129410 -0.150000 -0.482963
v -0.086824 -0.150000 -0.492404
v -0.043578 -0.150000 -0.498097
v -0.000000 -0.150000 -0.500000
v 0.043578 -0.150000 -0.498097
v 0.086824 -0.150000 -0.492404
v 0.129410 -0.150000 -0.482963
v 0.171010 -0.150000 -0.469846
v 0.211309 -0.150000 -0.453154
v 0.250000 -0.150000 -0.433013
v 0.286788 -0.150000 -0.409576
v 0.321394 -0.150000 -0.383022
v 0.353553 -0.150000 -0.353553
v 0.383022 -0.150000 -0.321394
v 0.409576 -0.150000 -0.286788
v 0.433013 -0.150000 -0.250000
v 0.453154 -0.150000 -0.211309
v 0.469846 -0.150000 -0.171010
v 0.482963 -0.150000 -0.129410
v 0.492404 -0.150000 -0.086824
v 0.498097 -0.150000 -0.043578
v 0.499524 -0.112500 0.021810
v 0.495722 -0.112500 0.065263
v 0.488148 -0.112500 0.108220
v 0.476858 -0.112500 0.150353
v 0.461940 -0.112500 0.191342
v 0.443505 -0.112500 0.230874
v 0.421696 -0.112500 0.268650
v 0.396677 -0.112500 0.304381
v 0.368639 -0.112500 0.337795
v 0.337795 -0.112500 0.368639
v 0.304381 -0.112500 0.396677
v 0.268650 -0.112500 0.421696
v 0.230874 -0.112500 0.443505
v 0.191342 -0.112500 0.461940
v 0.150353 -0.112500 0.476858
v 0.108220 -0.112500 0.488148
v 0.065263 -0.112500 0.495722
v 0.021810 -0.112500 0.499524
v -0.021810 -0.112500 0.499524
v -0.065263 -0.112500 0.495722
v -0.108220 -0.112500 0.488148
v -0.150353 -0.112500 0.476858
v -0.191342 -0.112500 0.461940
v -0.230874 -0.112500 0.443505
v -0.268650 -0.112500 0.421696
v -0.304381 -0.112500 0.396677
v -0.337795 -0.112500 0.368639
v -0.368639 -0.112500 0.337795
v -0.396677 -0.112500 0.304381
v -0.421696 -0.112500 0.268650
v -0.443505 -0.112500 0.230874
v -0.461940 -0.112500 0.191342
v -0.476858 -0.112500 0.150353
v -0.488148 -0.112500 0.108220
v -0.495722 -0.112500 0.065263
v -0.499524 -0.112500 0.021810
v -0.499524 -0.112500 -0.021810
v -0.495722 -0.112500 -0.065263
v -0.488148 -0.112500 -0.108220
v -0.476858 -0.112500 -0.150353
v -0.461940 -0.112500 -0.191342
v -0.443505 -0.112500 -0.230874
v -0.421696 -0.112500 -0.268650
v -0.396677 -0.112500 -0.304381
v -0.368639 -0.112500 -0.337795
v -0.337795 -0.112500 -0.368639
v -0.304381 -0.112500 -0.396677
v -0.268650 -0.112500 -0.421696
v -0.230874 -0.112500 -0.443505
v -0.191342 -0.112500 -0.461940
v -0.150353 -0.112500 -0.476858
v -0.108220 -0.112500 -0.488148
v -0.065263 -0.112500 -0.495722
v -0.021810 -0.112500 -0.499524
v 0.021810 -0.112500 -0.499524
v 0.065263 -0.112500 -0.495722
v 0.108220 -0.112500 -0.488148
v 0.150353 -0.112500 -0.476858
v 0.191342 -0.112500 -0.461940
v 0.230874 -0.112500 -0.443505
v 0.268650 -0.112500 -0.421696
v 0.304381 -0.112500 -0.396677
v 0.337795 -0.112500 -0.368639
v 0.368639 -0.112500 -0.337795
v 0.396677 -0.112500 -0.304381
v 0.421696 -0.112500 -0.268650
v 0.443505 -0.112500 -0.230874
v 0.461940 -0.112500 -0.191342
v 0.476858 -0.112500 -0.150353
v 0.488148 -0.112500 -0.108220
v 0.495722 -0.112500 -0.065263
v 0.499524 -0.112500 -0.021810
v 0.500000 -0.075000 0.000000
v 0.498097 -0.075000 0.043578
v 0.492404 -0.075000 0.086824
v 0.482963 -0.075000 0.129410
v 0.469846 -0.075000 0.171010
v 0.453154 -0.075000 0.211309
v 0.433013 -0.075000 0.250000
v 0.409576 -0.075000 0.286788
v 0.383022 -0.075000 0.321394
v 0.353553 -0.075000 0.353553
v 0.321394 -0.075000 0.383022
v 0.286788 -0.075000 0.409576
v 0.250000 -0.075000 0.433013
v 0.211309 -0.075000 0.453154
v 0.171010 -0.075000 0.469846
v 0.129410 -0.075000 0.482963
v 0.086824 -0.075000 0.492404
v 0.043578 -0.075000 0.498097
v 0.000000 -0.075000 0.500000
v -0.043578 -0.075000 0.498097
v -0.086824 -0.075000 0.492404
v -0.129410 -0.075000 0.482963
v -0.171010 -0.075000 0.469846
v -0.211309 -0.075000 0.453154
v -0.250000 -0.075000 0.433013
v -0.286788 -0.075000 0.409576
v -0.321394 -0.075000 0.383022
v -0.353553 -0.075000 0.353553
v -0.383022 -0.075000 0.321394
v -0.409576 -0.075000 0.286788
v -0.433013 -0.075000 0.250000
v -0.453154 -0.075000 0.211309
v -0.469846 -0.075000 0.171010
v -0.482963 -0.075000 0.129410
v -0.492404 -0.075000 0.086824
v -0.498097 -0.075000 0.043578
v -0.500000 -0.075000 0.000000
v -0.498097 -0.075000 -0.043578
v -0.492404 -0.075000 -0.086824
v -0.482963 -0.075000 -0.129410
v -0.469846 -0.075000 -0.171010
v -0.453154 -0.075000 -0.211309
v -0.433013 -0.075000 -0.250000
v -0.409576 -0.075000 -0.286788
v -0.383022 -0.075000 -0.321394
v -0.353553 -0.075000 -0.353553
v -0.321394 -0.075000 -0.383022
v -0.286788 -0.075000 -0.409576
v -0.250000 -0.075000 -0.433013
v -0.211309 -0.075000 -0.453154
v -0.171010 -0.075000 -0.469846
v -0.129410 -0.075000 -0.482963
v -0.086824 -0.075000 -0.492404
v -0.043578 -0.075000 -0.498097
v -0.000000 -0.075000 -0.500000
v 0.043578 -0.075000 -0.498097
v 0.086824 -0.075000 -0.492404
v 0.129410 -0.075000 -0.482963
v 0.171010 -0.075000 -0.469846
v 0.211309 -0.075000 -0.453154
v 0.250000 -0.075000 -0.433013
v 0.286788 -0.075000 -0.409576
v 0.321394 -0.075000 -0.383022
v 0.353553 -0.075000 -0.353553
v 0.383022 -0.075000 -0.321394
v 0.409576 -0.075000 -0.286788
v 0.433013 -0.075000 -0.250000
v 0.453154 -0.075000 -0.211309
v 0.469846 -0.075000 -0.171010
v 0.482963 -0.075000 -0.129410
v 0.492404 -0.075000 -0.086824
v 0.498097 -0.075000 -0.043578
v 0.499524 -0.037500 0.021810
v 0.495722 -0.037500 0.065263
v 0.488148 -0.037500 0.108220
v 0.476858 -0.037500 0.150353
v 0.461940 -0.037500 0.191342
v 0.443505 -0.037500 0.230874
v 0.421696 -0.037500 0.268650
v 0.396677 -0.037500 0.304381
v 0.368639 -0.037500 0.337795
v 0.337795 -0.037500 0.368639
v 0.304381 -0.037500 0.396677
v 0.268650 -0.037500 0.421696
v 0.230874 -0.037500 0.443505
v 0.191342 -0.037500 0.461940
v 0.150353 -0.037500 0.476858
v 0.108220 -0.037500 0.488148
v 0.065263 -0.037500 0.495722
v 0.021810 -0.037500 0.499524
v -0.021810 -0.037500 0.499524
v -0.065263 -0.037500 0.495722
v -0.108220 -0.037500 0.488148
v -0.150353 -0.037500 0.476858
v -0.191342 -0.037500 0.461940
v -0.230874 -0.037500 0.443505
v -0.268650 -0.037500 0.421696
v -0.304381 -0.037500 0.396677
v -0.337795 -0.037500 0.368639
v -0.368639 -0.037500 0.337795
v -0.396677 -0.037500 0.304381
v -0.421696 -0.037500 0.268650
v -0.443505 -0.037500 0.230874
v -0.461940 -0.037500 0.191342
v -0.476858 -0.037500 0.150353
v -0.488148 -0.037500 0.108220
v -0.495722 -0.037500 0.065263
v -0.499524 -0.037500 0.021810
v -0.499524 -0.037500 -0.021810
v -0.495722 -0.037500 -0.065263
v -0.488148 -0.037500 -0.108220
v -0.476858 -0.037500 -0.150353
v -0.461940 -0.037500 -0.191342
v -0.443505 -0.037500 -0.230874
v -0.421696 -0.037500 -0.268650
v -0.396677 -0.037500 -0.304381
v -0.368639 -0.037500 -0.337795
v -0.337795 -0.037500 -0.368639
v -0.304381 -0.037500 -0.396677
v -0.268650 -0.037500 -0.421696
v -0.230874 -0.037500 -0.443505
v -0.191342 -0.037500 -0.461940
v -0.150353 -0.037500 -0.476858
v -0.108220 -0.037500 -0.488148
v -0.065263 -0.037500 -0.495722
v -0.021810 -0.037500 -0.499524
v 0.021810 -0.037500 -0.499524
v 0.065263 -0.037500 -0.495722
v 0.108220 -0.037500 -0.488148
v 0.150353 -0.037500 -0.476858
v 0.191342 -0.037500 -0.461940
v 0.230874 -0.037500 -0.443505
v 0.268650 -0.037500 -0.421696
v 0.304381 -0.037500 -0.396677
v 0.337795 -0.037500 -0.368639
v 0.368639 -0.037500 -0.337795
v 0.396677 -0.037500 -0.304381
v 0.421696 -0.037500 -0.268650
v 0.443505 -0.037500 -0.230874
v 0.461940 -0.037500 -0.191342
v 0.476858 -0.037500 -0.150353
v 0.488148 -0.037500 -0.108220
v 0.495722 -0.037500 -0.065263
v 0.499524 -0.037500 -0.021810
v 0.500000 0.000000 0.000000
v 0.498097 0.000000 0.043578
v 0.492404 0.000000 0.086824
v 0.482963 0.000000 0.129410
v 0.469846 0.000000 0.171010
v 0.453154 0.000000 0.211309
v 0.433013 0.000000 0.250000
v 0.409576 0.000000 0.286788
v 0.383022 0.000000 0.321394
v 0.353553 0.000000 0.353553
v 0.321394 0.000000 0.383022
v 0.286788 0.000000 0.409576
v 0.250000 0.000000 0.433013
v 0.211309 0.000000 0.453154
v 0.171010 0.000000 0.469846
v 0.129410 0.000000 0.482963
v 0.086824 0.000000 0.492404
v 0.043578 0.000000 0.498097
v 0.000000 0.000000 0.500000
v -0.043578 0.000000 0.498097
v -0.086824 0.000000 0.492404
v -0.129410 0.000000 0.482963
v -0.171010 0.000000 0.469846
v -0.211309 0.000000 0.453154
v -0.250000 0.000000 0.433013
v -0.286788 0.000000 0.409576
v -0.321394 0.000000 0.383022
v -0.353553 0.000000 0.353553
v -0.383022 0.000000 0.321394
v -0.409576 0.000000 0.286788
v -0.433013 0.000000 0.250000
v -0.453154 0.000000 0.211309
v -0.469846 0.000000 0.171010
v -0.482963 0.000000 0.129410
v -0.492404 0.000000 0.086824
v -0.498097 0.000000 0.043578
v -0.500000 0.000000 0.000000
v -0.498097 0.000000 -0.043578
v -0.492404 0.000000 -0.086824
v -0.482963 0.000000 -0.129410
v -0.469846 0.000000 -0.171010
v -0.453154 0.000000 -0.211309
v -0.433013 0.000000 -0.250000
v -0.409576 0.000000 -0.286788
v -0.383022 0.000000 -0.321394
v -0.353553 0.000000 -0.353553
v -0.321394 0.000000 -0.383022
v -0.286788 0.000000 -0.409576
v -0.250000 0.000000 -0.433013
v -0.211309 0.000000 -0.453154
v -0.171010 0.000000 -0.469846
v -0.129410 0.000000 -0.482963
v -0.086824 0.000000 -0.492404
v -0.043578 0.000000 -0.498097
v -0.000000 0.000000 -0.500000
v 0.043578 0.000000 -0.498097
v 0.086824 0.000000 -0.492404
v 0.129410 0.000000 -0.482963
v 0.171010 0.000000 -0.469846
v 0.211309 0.000000 -0.453154
v 0.250000 0.000000 -0.433013
v 0.286788 0.000000 -0.409576
v 0.321394 0.000000 -0.383022
v 0.353553 0.000000 -0.353553
v 0.383022 0.000000 -0.321394
v 0.409576 0.000000 -0.286788
v 0.433013 0.000000 -0.250000
v 0.453154 0.000000 -0.211309
v 0.469846 0.000000 -0.171010
v 0.482963 0.000000 -0.129410
v 0.492404 0.000000 -0.086824
v 0.498097 0.000000 -0.043578
v 0.499524 0.037500 0.021810
v 0.495722 0.037500 0.065263
v 0.488148 0.037500 0.108220
v 0.476858 0.037500 0.150353
v 0.461940 0.037500 0.191342
v 0.443505 0.037500 0.230874
v 0.421696 0.037500 0.268650
v 0.396677 0.037500 0.304381
v 0.368639 0.037500 0.337795
v 0.337795 0.037500 0.368639
v 0.304381 0.037500 0.396677
v 0.268650 0.037500 0.421696
v 0.230874 0.037500 0.443505
v 0.191342 0.037500 0.461940
v 0.150353 0.037500 0.476858
v 0.108220 0.037500 0.488148
v 0.065263 0.037500 0.495722
v 0.021810 0.037500 0.499524
v -0.021810 0.037500 0.499524
v -0.065263 0.037500 0.495722
v -0.108220 0.037500 0.488148
v -0.150353 0.037500 0.476858
v -0.191342 0.037500 0.461940
v -0.230874 0.037500 0.443505
v -0.268650 0.037500 0.421696
v -0.304381 0.037500 0.396677
v -0.337795 0.037500 0.368639
v -0.368639 0.037500 0.337795
v -0.396677 0.037500 0.304381
v -0.421696 0.037500 0.268650
v -0.443505 0.037500 0.230874
v -0.461940 0.037500 0.191342
v -0.476858 0.037500 0.150353
v -0.488148 0.037500 0.108220
v -0.495722 0.037500 0.065263
v -0.499524 0.037500 0.021810
v -0.499524 0.037500 -0.021810
v -0.495722 0.037500 -0.065263
v -0.488148 0.037500 -0.108220
v -0.476858 0.037500 -0.150353
v -0.461940 0.037500 -0.191342
v -0.443505 0.037500 -0.230874
v -0.421696 0.037500 -0.268650
v -0.396677 0.037500 -0.304381
v -0.368639 0.037500 -0.337795
v -0.337795 0.037500 -0.368639
v -0.304381 0.037500 -0.396677
v -0.268650 0.037500 -0.421696
v -0.230874 0.037500 -0.443505
v -0.191342 0.037500 -0.461940
v -0.150353 0.037500 -0.476858
v -0.108220 0.037500 -0.488148
v -0.065263 0.037500 -0.495722
v -0.021810 0.037500 -0.499524
v 0.021810 0.037500 -0.499524
v 0.065263 0.037500 -0.495722
v 0.108220 0.037500 -0.488148
v 0.150353 0.037500 -0.476858
v 0.191342 0.037500 -0.461940
v 0.230874 0.037500 -0.443505
v 0.268650 0.037500 -0.421696
v 0.304381 0.037500 -0.396677
v 0.337795 0.037500 -0.368639
v 0.368639 0.037500 -0.337795
v 0.396677 0.037500 -0.304381
v 0.421696 0.037500 -0.268650
v 0.443505 0.037500 -0.230874
v 0.461940 0.037500 -0.191342
v 0.476858 0.037500 -0.150353
v 0.488148 0.037500 -0.108220
v 0.495722 0.037500 -0.065263
v 0.499524 0.037500 -0.021810
v 0.500000 0.075000 0.000000
v 0.498097 0.075000 0.043578
v 0.492404 0.075000 0.086824
v 0.482963 0.075000 0.129410
v 0.469846 0.075000 0.171010
v 0.453154 0.075000 0.211309
v 0.433013 0.075000 0.250000
v 0.409576 0.075000 0.286788
v 0.383022 0.075000 0.321394
v 0.353553 0.075000 0.353553
v 0.321394 0.075000 0.383022
v 0.286788 0.075000 0.409576
v 0.250000 0.075000 0.433013
v 0.211309 0.075000 0.453154
v 0.171010 0.075000 0.469846
v 0.129410 0.075000 0.482963
v 0.086824 0.075000 0.492404
v 0.043578 0.075000 0.498097
v 0.000000 0.075000 0.500000
v -0.043578 0.075000 0.498097
v -0.086824 0.075000 0.492404
v -0.129410 0.075000 0.482963
v -0.171010 0.075000 0.469846
v -0.211309 0.075000 0.453154
v -0.250000 0.075000 0.433013
v -0.286788 0.075000 0.409576
v -0.321394 0.075000 0.383022
v -0.353553 0.075000 0.353553
v -0.383022 0.075000 0.321394
v -0.409576 0.075000 0.286788
v -0.433013 0.075000 0.250000
v -0.453154 0.075000 0.211309
v -0.469846 0.075000 0.171010
v -0.482963 0.075000 0.129410
v -0.492404 0.075000 0.086824
v -0.498097 0.075000 0.043578
v -0.500000 0.075000 0.000000
v -0.498097 0.075000 -0.043578
v -0.492404 0.075000 -0.086824
v -0.482963 0.075000 -0.129410
v -0.469846 0.075000 -0.171010
v -0.453154 0.075000 -0.211309
v -0.433013 0.075000 -0.250000
v -0.409576 0.075000 -0.286788
v -0.383022 0.075000 -0.321394
v -0.353553 0.075000 -0.353553
v -0.321394 0.075000 -0.383022
v -0.286788 0.075000 -0.409576
v -0.250000 0.075000 -0.433013
v -0.211309 0.075000 -0.453154
v -0.171010 0.075000 -0.469846
v -0.129410 0.075000 -0.482963
v -0.086824 0.075000 -0.492404
v -0.043578 0.075000 -0.498097
v -0.000000 0.075000 -0.500000
v 0.043578 0.075000 -0.498097
v 0.086824 0.075000 -0.492404
v 0.129410 0.075000 -0.482963
v 0.171010 0.075000 -0.469846
v 0.211309 0.075000 -0.453154
v 0.250000 0.075000 -0.433013
v 0.286788 0.075000 -0.409576
v 0.321394 0.075000 -0.383022
v 0.353553 0.075000 -0.353553
v 0.383022 0.075000 -0.321394
v 0.409576 0.075000 -0.286788
v 0.433013 0.075000 -0.250000
v 0.453154 0.075000 -0.211309
v 0.469846 0.075000 -0.171010
v 0.482963 0.075000 -0.129410
v 0.492404 0.075000 -0.086824
v 0.498097 0.075000 -0.043578
v 0.499524 0.112500 0.021810
v 0.495722 0.112500 0.065263
v 0.488148 0.112500 0.108220
v 0.476858 0.112500 0.150353
v 0.461940 0.112500 0.191342
v 0.443505 0.112500 0.230874
v 0.421696 0.112500 0.268650
v 0.396677 0.112500 0.304381
v 0.368639 0.112500 0.337795
v 0.337795 0.112500 0.368639
v 0.304381 0.112500 0.396677
v 0.268650 0.112500 0.421696
v 0.230874 0.112500 0.443505
v 0.191342 0.112500 0.461940
v 0.150353 0.112500 0.476858
v 0.108220 0.112500 0.488148
v 0.065263 0.112500 0.495722
v 0.021810 0.112500 0.499524
v -0.021810 0.112500 0.499524
v -0.065263 0.112500 0.495722
v -0.108220 0.112500 0.488148
v -0.150353 0.112500 0.476858
v -0.191342 0.112500 0.461940
v -0.230874 0.112500 0.443505
v -0.268650 0.112500 0.421696
v -0.304381 0.112500 0.396677
v -0.337795 0.112500 0.368639
v -0.368639 0.112500 0.337795
v -0.396677 0.112500 0.304381
v -0.421696 0.112500 0.268650
v -0.443505 0.112500 0.230874
v -0.461940 0.112500 0.191342
v -0.476858 0.112500 0.150353
v -0.488148 0.112500 0.108220
v -0.495722 0.112500 0.065263
v -0.499524 0.112500 0.021810
v -0.499524 0.112500 -0.021810
v -0.495722 0.112500 -0.065263
v -0.488148 0.112500 -0.108220
v -0.476858 0.112500 -0.150353
v -0.461940 0.112500 -0.191342
v -0.443505 0.112500 -0.230874
v -0.421696 0.112500 -0.268650
v -0.396677 0.112500 -0.304381
v -0.368639 0.112500 -0.337795
v -0.337795 0.112500 -0.368639
v -0.304381 0.112500 -0.396677
v -0.268650 0.112500 -0.421696
v -0.230874 0.112500 -0.443505
v -0.191342 0.112500 -0.461940
v -0.150353 0.112500 -0.476858
v -0.108220 0.112500 -0.488148
v -0.065263 0.112500 -0.495722
v -0.021810 0.112500 -0.499524
v 0.021810 0.112500 -0.499524
v 0.065263 0.112500 -0.495722
v 0.108220 0.112500 -0.488148
v 0.150353 0.112500 -0.476858
v 0.191342 0.112500 -0.461940
v 0.230874 0.112500 -0.443505
v 0.268650 0.112500 -0.421696
v 0.304381 0.112500 -0.396677
v 0.337795 0.112500 -0.368639
v 0.368639 0.112500 -0.337795
v 0.396677 0.112500 -0.304381
v 0.421696 0.112500 -0.268650
v 0.443505 0.112500 -0.230874
v 0.461940 0.112500 -0.191342
v 0.476858 0.112500 -0.150353
v 0.488148 0.112500 -0.108220
v 0.495722 0.112500 -0.065263
v 0.499524 0.112500 -0.021810
v 0.500000 0.150000 0.000000
v 0.498097 0.150000 0.043578
v 0.492404 0.150000 0.086824
v 0.482963 0.150000 0.129410
v 0.469846 0.150000 0.171010
v 0.453154 0.150000 0.211309
v 0.433013 0.150000 0.250000
v 0.409576 0.150000 0.286788
v 0.383022 0.150000 0.321394
v 0.353553 0.150000 0.353553
v 0.321394 0.150000 0.383022
v 0.286788 0.150000 0.409576
v 0.250000 0.150000 0.433013
v 0.211309 0.150000 0.453154
v 0.171010 0.150000 0.469846
v 0.129410 0.150000 0.482963
v 0.086824 0.150000 0.492404
v 0.043578 0.150000 0.498097
v 0.000000 0.150000 0.500000
v -0.043578 0.150000 0.498097
v -0.086824 0.150000 0.492404
v -0.129410 0.150000 0.482963
v -0.171010 0.150000 0.469846
v -0.211309 0.150000 0.453154
v -0.250000 0.150000 0.433013
v -0.286788 0.150000 0.409576
v -0.321394 0.150000 0.383022
v -0.353553 0.150000 0.353553
v -0.383022 0.150000 0.321394
v -0.409576 0.150000 0.286788
v -0.433013 0.150000 0.250000
v -0.453154 0.150000 0.211309
v -0.469846 0.150000 0.171010
v -0.482963 0.150000 0.129410
v -0.492404 0.150000 0.086824
v -0.498097 0.150000 0.043578
v -0.500000 0.150000 0.000000
v -0.498097 0.150000 -0.043578
v -0.492404 0.150000 -0.086824
v -0.482963 0.150000 -0.129410
v -0.469846 0.150000 -0.171010
v -0.453154 0.150000 -0.211309
v -0.433013 0.150000 -0.250000
v -0.409576 0.150000 -0.286788
v -0.383022 0.150000 -0.321394
v -0.353553 0.150000 -0.353553
v -0.321394 0.150000 -0.383022
v -0.286788 0.150000 -0.409576
v -0.250000 0.150000 -0.433013
v -0.211309 0.150000 -0.453154
v -0.171010 0.150000 -0.469846
v -0.129410 0.150000 -0.482963
v -0.086824 0.150000 -0.492404
v -0.043578 0.150000 -0.498097
v -0.000000 0.150000 -0.500000
v 0.043578 0.150000 -0.498097
v 0.086824 0.150000 -0.492404
v 0.129410 0.150000 -0.482963
v 0.171010 0.150000 -0.469846
v 0.211309 0.150000 -0.453154
v 0.250000 0.150000 -0.433013
v 0.286788 0.150000 -0.409576
v 0.321394 0.150000 -0.383022
v 0.353553 0.150000 -0.353553
v 0.383022 0.150000 -0.321394
v 0.409576 0.150000 -0.286788
v 0.433013 0.150000 -0.250000
v 0.453154 0.150000 -0.211309
v 0.469846 0.150000 -0.171010
v 0.482963 0.150000 -0.129410
v 0.492404 0.150000 -0.086824
v 0.498097 0.150000 -0.043578
v 0.499524 0.187500 0.021810
v 0.495722 0.187500 0.065263
v 0.488148 0.187500 0.108220
v 0.476858 0.187500 0.150353
v 0.461940 0.187500 0.191342
v 0.443505 0.187500 0.230874
v 0.421696 0.187500 0.268650
v 0.396677 0.187500 0.304381
v 0.368639 0.187500 0.337795
v 0.337795 0.187500 0.368639
v 0.304381 0.187500 0.396677
v 0.268650 0.187500 0.421696
v 0.230874 0.187500 0.443505
v 0.191342 0.187500 0.461940
v 0.150353 0.187500 0.476858
v 0.108220 0.187500 0.488148
v 0.065263 0.187500 0.495722
v 0.021810 0.187500 0.499524
v -0.021810 0.187500 0.499524
v -0.065263 0.187500 0.495722
v -0.108220 0.187500 0.488148
v -0.150353 0.187500 0.476858
v -0.191342 0.187500 0.461940
v -0.230874 0.187500 0.443505
v -0.268650 0.187500 0.421696
v -0.304381 0.187500 0.396677
v -0.337795 0.187500 0.368639
v -0.368639 0.187500 0.337795
v -0.396677 0.187500 0.304381
v -0.421696 0.187500 0.268650
v -0.443505 0.187500 0.230874
v -0.461940 0.187500 0.191342
v -0.476858 0.187500 0.150353
v -0.488148 0.187500 0.108220
v -0.495722 0.187500 0.065263
v -0.499524 0.187500 0.021810
v -0.499524 0.187500 -0.021810
v -0.495722 0.187500 -0.065263
v -0.488148 0.187500 -0.108220
v -0.476858 0.187500 -0.150353
v -0.461940 0.187500 -0.191342
v -0.443505 0.187500 -0.230874
v -0.421696 0.187500 -0.268650
v -0.396677 0.187500 -0.304381
v -0.368639 0.187500 -0.337795
v -0.337795 0.187500 -0.368639
v -0.304381 0.187500 -0.396677
v -0.268650 0.187500 -0.421696
v -0.230874 0.187500 -0.443505
v -0.191342 0.187500 -0.461940
v -0.150353 0.187500 -0.476858
v -0.108220 0.187500 -0.488148
v -0.065263 0.187500 -0.495722
v -0.021810 0.187500 -0.499524
v 0.021810 0.187500 -0.499524
v 0.065263 0.187500 -0.495722
v 0.108220 0.187500 -0.488148
v 0.150353 0.187500 -0.476858
v 0.191342 0.187500 -0.461940
v 0.230874 0.187500 -0.443505
v 0.268650 0.187500 -0.421696
v 0.304381 0.187500 -0.396677
v 0.337795 0.187500 -0.368639
v 0.368639 0.187500 -0.337795
v 0.396677 0.187500 -0.304381
v 0.421696 0.187500 -0.268650
v 0.443505 0.187500 -0.230874
v 0.461940 0.187500 -0.191342
v 0.476858 0.187500 -0.150353
v 0.488148 0.187500 -0.108220
v 0.495722 0.187500 -0.065263
v 0.499524 0.187500 -0.021810
v 0.500000 0.225000 0.000000
v 0.498097 0.225000 0.043578
v 0.492404 0.225000 0.086824
v 0.482963 0.225000 0.129410
v 0.469846 0.225000 0.171010
v 0.453154 0.225000 0.211309
v 0.433013 0.225000 0.250000
v 0.409576 0.225000 0.286788
v 0.383022 0.225000 0.321394
v 0.353553 0.225000 0.353553
v 0.321394 0.225000 0.383022
v 0.286788 0.225000 0.409576
v 0.250000 0.225000 0.433013
v 0.211309 0.225000 0.453154
v 0.171010 0.225000 0.469846
v 0.129410 0.225000 0.482963
v 0.086824 0.225000 0.492404
v 0.043578 0.225000 0.498097
v 0.000000 0.225000 0.500000
v -0.043578 0.225000 0.498097
v -0.086824 0.225000 0.492404
v -0.129410 0.225000 0.482963
v -0.171010 0.225000 0.469846
v -0.211309 0.225000 0.453154
v -0.250000 0.225000 0.433013
v -0.286788 0.225000 0.409576
v -0.321394 0.225000 0.383022
v -0.353553 0.225000 0.353553
v -0.383022 0.225000 0.321394
v -0.409576 0.225000 0.286788
v -0.433013 0.225000 0.250000
v -0.453154 0.225000 0.211309
v -0.469846 0.225000 0.171010
v -0.482963 0.225000 0.129410
v -0.492404 0.225000 0.086824
v -0.498097 0.225000 0.043578
v -0.500000 0.225000 0.000000
v -0.498097 0.225000 -0.043578
v -0.492404 0.225000 -0.086824
v -0.482963 0.225000 -0.129410
v -0.469846 0.225000 -0.171010
v -0.453154 0.225000 -0.211309
v -0.433013 0.225000 -0.250000
v -0.409576 0.225000 -0.286788
v -0.383022 0.225000 -0.321394
v -0.353553 0.225000 -0.353553
v -0.321394 0.225000 -0.383022
v -0.286788 0.225000 -0.409576
v -0.250000 0.225000 -0.433013
v -0.211309 0.225000 -0.453154
v -0.171010 0.225000 -0.469846
v -0.129410 0.225000 -0.482963
v -0.086824 0.225000 -0.492404
v -0.043578 0.225000 -0.498097
v -0.000000 0.225000 -0.500000
v 0.043578 0.225000 -0.498097
v 0.086824 0.225000 -0.492404
v 0.129410 0.225000 -0.482963
v 0.171010 0.225000 -0.469846
v 0.211309 0.225000 -0.453154
v 0.250000 0.225000 -0.433013
v 0.286788 0.225000 -0.409576
v 0.321394 0.225000 -0.383022
v 0.353553 0.225000 -0.353553
v 0.383022 0.225000 -0.321394
v 0.409576 0.225000 -0.286788
v 0.433013 0.225000 -0.250000
v 0.453154 0.225000 -0.211309
v 0.469846 0.225000 -0.171010
v 0.482963 0.225000 -0.129410
v 0.492404 0.225000 -0.086824
v 0.498097 0.225000 -0.043578
v 0.499524 0.262500 0.021810
v 0.495722 0.262500 0.065263
v 0.488148 0.262500 0.108220
v 0.476858 0.262500 0.150353
v 0.461940 0.262500 0.191342
v 0.443505 0.262500 0.230874
v 0.421696 0.262500 0.268650
v 0.396677 0.262500 0.304381
v 0.368639 0.262500 0.337795
v 0.337795 0.262500 0.368639
v 0.304381 0.262500 0.396677
v 0.268650 0.262500 0.421696
v 0.230874 0.262500 0.443505
v 0.191342 0.262500 0.461940
v 0.150353 0.262500 0.476858
v 0.108220 0.262500 0.488148
v 0.065263 0.262500 0.495722
v 0.021810 0.262500 0.499524
v -0.021810 0.262500 0.499524
v -0.065263 0.262500 0.495722
v -0.108220 0.262500 0.488148
v -0.150353 0.262500 0.476858
v -0.191342 0.262500 0.461940
v -0.230874 0.262500 0.443505
v -0.268650 0.262500 0.421696
v -0.304381 0.262500 0.396677
v -0.337795 0.262500 0.368639
v -0.368639 0.262500 0.337795
v -0.396677 0.262500 0.304381
v -0.421696 0.262500 0.268650
v -0.443505 0.262500 0.230874
v -0.461940 0.262500 0.191342
v -0.476858 0.262500 0.150353
v -0.488148 0.262500 0.108220
v -0.495722 0.262500 0.065263
v -0.499524 0.262500 0.021810
v -0.499524 0.262500 -0.021810
v -0.495722 0.262500 -0.065263
v -0.488148 0.262500 -0.108220
v -0.476858 0.262500 -0.150353
v -0.461940 0.262500 -0.191342
v -0.443505 0.262500 -0.230874
v -0.421696 0.262500 -0.268650
v -0.396677 0.262500 -0.304381
v -0.368639 0.262500 -0.337795
v -0.337795 0.262500 -0.368639
v -0.304381 0.262500 -0.396677
v -0.268650 0.262500 -0.421696
v -0.230874 0.262500 -0.443505
v -0.191342 0.262500 -0.461940
v -0.150353 0.262500 -0.476858
v -0.108220 0.262500 -0.488148
v -0.065263 0.262500 -0.495722
v -0.021810 0.262500 -0.499524
v 0.021810 0.262500 -0.499524
v 0.065263 0.262500 -0.495722
v 0.108220 0.262500 -0.488148
v 0.150353 0.262500 -0.476858
v 0.191342 0.262500 -0.461940
v 0.230874 0.262500 -0.443505
v 0.268650 0.262500 -0.421696
v 0.304381 0.262500 -0.396677
v 0.337795 0.262500 -0.368639
v 0.368639 0.262500 -0.337795
v 0.396677 0.262500 -0.304381
v 0.421696 0.262500 -0.268650
v 0.443505 0.262500 -0.230874
v 0.461940 0.262500 -0.191342
v 0.476858 0.262500 -0.150353
v 0.488148 0.262500 -0.108220
v 0.495722 0.262500 -0.065263
v 0.499524 0.262500 -0.021810
v 0.500000 0.300000 0.000000
v 0.498097 0.300000 0.043578
v 0.492404 0.300000 0.086824
v 0.482963 0.300000 0.129410
v 0.469846 0.300000 0.171010
v 0.453154 0.300000 0.211309
v 0.433013 0.300000 0.250000
v 0.409576 0.300000 0.286788
v 0.383022 0.300000 0.321394
v 0.353553 0.300000 0.353553
v 0.321394 0.300000 0.383022
v 0.286788 0.300000 0.409576
v 0.250000 0.300000 0.433013
v 0.211309 0.300000 0.453154
v 0.171010 0.300000 0.469846
v 0.129410 0.300000 0.482963
v 0.086824 0.300000 0.492404
v 0.043578 0.300000 0.498097
v 0.000000 0.300000 0.500000
v -0.043578 0.300000 0.498097
v -0.086824 0.300000 0.492404
v -0.129410 0.300000 0.482963
v -0.171010 0.300000 0.469846
v -0.211309 0.300000 0.453154
v -0.250000 0.300000 0.433013
v -0.286788 0.300000 0.409576
v -0.321394 0.300000 0.383022
v -0.353553 0.300000 0.353553
v -0.383022 0.300000 0.321394
v -0.409576 0.300000 0.286788
v -0.433013 0.300000 0.250000
v -0.453154 0.300000 0.211309
v -0.469846 0.300000 0.171010
v -0.482963 0.300000 0.129410
v -0.492404 0.300000 0.086824
v -0.498097 0.300000 0.043578
v -0.500000 0.300000 0.000000
v -0.498097 0.300000 -0.043578
v -0.492404 0.300000 -0.086824
v -0.482963 0.300000 -0.129410
v -0.469846 0.300000 -0.171010
v -0.453154 0.300000 -0.211309
v -0.433013 0.300000 -0.250000
v -0.409576 0.300000 -0.286788
v -0.383022 0.300000 -0.321394
v -0.353553 0.300000 -0.353553
v -0.321394 0.300000 -0.383022
v -0.286788 0.300000 -0.409576
v -0.250000 0.300000 -0.433013
v -0.211309 0.300000 -0.453154
v -0.171010 0.300000 -0.469846
v -0.129410 0.300000 -0.482963
v -0.086824 0.300000 -0.492404
v -0.043578 0.300000 -0.498097
v -0.000000 0.300000 -0.500000
v 0.043578 0.300000 -0.498097
v 0.086824 0.300000 -0.492404
v 0.129410 0.300000 -0.482963
v 0.171010 0.300000 -0.469846
v 0.211309 0.300000 -0.453154
v 0.250000 0.300000 -0.433013
v 0.286788 0.300000 -0.409576
v 0.321394 0.300000 -0.383022
v 0.353553 0.300000 -0.353553
v 0.383022 0.300000 -0.321394
v 0.409576 0.300000 -0.286788
v 0.433013 0.300000 -0.250000
v 0.453154 0.300000 -0.211309
v 0.469846 0.300000 -0.171010
v 0.482963 0.300000 -0.129410
v 0.492404 0.300000 -0.086824
v 0.498097 0.300000 -0.043578
v 0.499524 0.337500 0.021810
v 0.495722 0.337500 0.065263
v 0.488148 0.337500 0.108220
v 0.476858 0.337500 0.150353
v 0.461940 0.337500 0.191342
v 0.443505 0.337500 0.230874
v 0.421696 0.337500 0.268650
v 0.396677 0.337500 0.304381
v 0.368639 0.337500 0.337795
v 0.337795 0.337500 0.368639
v 0.304381 0.337500 0.396677
v 0.268650 0.337500 0.421696
v 0.230874 0.337500 0.443505
v 0.191342 0.337500 0.461940
v 0.150353 0.337500 0.476858
v 0.108220 0.337500 0.488148
v 0.065263 0.337500 0.495722
v 0.021810 0.337500 0.499524
v -0.021810 0.337500 0.499524
v -0.065263 0.337500 0.495722
v -0.108220 0.337500 0.488148
v -0.150353 0.337500 0.476858
v -0.191342 0.337500 0.461940
v -0.230874 0.337500 0.443505
v -0.268650 0.337500 0.421696
v -0.304381 0.337500 0.396677
v -0.337795 0.337500 0.368639
v -0.368639 0.337500 0.337795
v -0.396677 0.337500 0.304381
v -0.421696 0.337500 0.268650
v -0.443505 0.337500 0.230874
v -0.461940 0.337500 0.191342
v -0.476858 0.337500 0.150353
v -0.488148 0.337500 0.108220
v -0.495722 0.337500 0.065263
v -0.499524 0.337500 0.021810
v -0.499524 0.337500 -0.021810
v -0.495722 0.337500 -0.065263
v -0.488148 0.337500 -0.108220
v -0.476858 0.337500 -0.150353
v -0.461940 0.337500 -0.191342
v -0.443505 0.337500 -0.230874
v -0.421696 0.337500 -0.268650
v -0.396677 0.337500 -0.304381
v -0.368639 0.337500 -0.337795
v -0.337795 0.337500 -0.368639
v -0.304381 0.337500 -0.396677
v -0.268650 0.337500 -0.421696
v -0.230874 0.337500 -0.443505
v -0.191342 0.337500 -0.461940
v -0.150353 0.337500 -0.476858
v -0.108220 0.337500 -0.488148
v -0.065263 0.337500 -0.495722
v -0.021810 0.337500 -0.499524
v 0.021810 0.337500 -0.499524
v 0.065263 0.337500 -0.495722
v 0.108220 0.337500 -0.488148
v 0.150353 0.337500 -0.476858
v 0.191342 0.337500 -0.461940
v 0.230874 0.337500 -0.443505
v 0.268650 0.337500 -0.421696
v 0.304381 0.337500 -0.396677
v 0.337795 0.337500 -0.368639
v 0.368639 0.337500 -0.337795
v 0.396677 0.337500 -0.304381
v 0.421696 0.337500 -0.268650
v 0.443505 0.337500 -0.230874
v 0.461940 0.337500 -0.191342
v 0.476858 0.337500 -0.150353
v 0.488148 0.337500 -0.108220
v 0.495722 0.337500 -0.065263
v 0.499524 0.337500 -0.021810
v 0.500000 0.375000 0.000000
v 0.498097 0.375000 0.043578
v 0.492404 0.375000 0.086824
v 0.482963 0.375000 0.129410
v 0.469846 0.375000 0.171010
v 0.453154 0.375000 0.211309
v 0.433013 0.375000 0.250000
v 0.409576 0.375000 0.286788
v 0.383022 0.375000 0.321394
v 0.353553 0.375000 0.353553
v 0.321394 0.375000 0.383022
v 0.286788 0.375000 0.409576
v 0.250000 0.375000 0.433013
v 0.211309 0.375000 0.453154
v 0.171010 0.375000 0.469846
v 0.129410 0.375000 0.482963
v 0.086824 0.375000 0.492404
v 0.043578 0.375000 0.498097
v 0.000000 0.375000 0.500000
v -0.043578 0.375000 0.498097
v -0.086824 0.375000 0.492404
v -0.129410 0.375000 0.482963
v -0.171010 0.375000 0.469846
v -0.211309 0.375000 0.453154
v -0.250000 0.375000 0.433013
v -0.286788 0.375000 0.409576
v -0.321394 0.375000 0.383022
v -0.353553 0.375000 0.353553
v -0.383022 0.375000 0.321394
v -0.409576 0.375000 0.286788
v -0.433013 0.375000 0.250000
v -0.453154 0.375000 0.211309
v -0.469846 0.375000 0.171010
v -0.482963 0.375000 0.129410
v -0.492404 0.375000 0.086824
v -0.498097 0.375000 0.043578
v -0.500000 0.375000 0.000000
v -0.498097 0.375000 -0.043578
v -0.492404 0.375000 -0.086824
v -0.482963 0.375000 -0.129410
v -0.469846 0.375000 -0.171010
v -0.453154 0.375000 -0.211309
v -0.433013 0.375000 -0.250000
v -0.409576 0.375000 -0.286788
v -0.383022 0.375000 -0.321394
v -0.353553 0.375000 -0.353553
v -0.321394 0.375000 -0.383022
v -0.286788 0.375000 -0.409576
v -0.250000 0.375000 -0.433013
v -0.211309 0.375000 -0.453154
v -0.171010 0.375000 -0.469846
v -0.129410 0.375000 -0.482963
v -0.086824 0.375000 -0.492404
v -0.043578 0.375000 -0.498097
v -0.000000 0.375000 -0.500000
v 0.043578 0.375000 -0.498097
v 0.086824 0.375000 -0.492404
v 0.129410 0.375000 -0.482963
v 0.171010 0.375000 -0.469846
v 0.211309 0.375000 -0.453154
v 0.250000 0.375000 -0.433013
v 0.286788 0.375000 -0.409576
v 0.321394 0.375000 -0.383022
v 0.353553 0.375000 -0.353553
v 0.383022 0.375000 -0.321394
v 0.409576 0.375000 -0.286788
v 0.433013 0.375000 -0.250000
v 0.453154 0.375000 -0.211309
v 0.469846 0.375000 -0.171010
v 0.482963 0.375000 -0.129410
v 0.492404 0.375000 -0.086824
v 0.498097 0.375000 -0.043578
v 0.499524 0.412500 0.021810
v 0.495722 0.412500 0.065263
v 0.488148 0.412500 0.108220
v 0.476858 0.412500 0.150353
v 0.461940 0.412500 0.191342
v 0.443505 0.412500 0.230874
v 0.421696 0.412500 0.268650
v 0.396677 0.412500 0.304381
v 0.368639 0.412500 0.337795
v 0.337795 0.412500 0.368639
v 0.304381 0.412500 0.396677
v 0.268650 0.412500 0.421696
v 0.230874 0.412500 0.443505
v 0.191342 0.412500 0.461940
v 0.150353 0.412500 0.476858
v 0.108220 0.412500 0.488148
v 0.065263 0.412500 0.495722
v 0.021810 0.412500 0.499524
v -0.021810 0.412500 0.499524
v -0.065263 0.412500 0.495722
v -0.108220 0.412500 0.488148
v -0.150353 0.412500 0.476858
v -0.191342 0.412500 0.461940
v -0.230874 0.412500 0.443505
v -0.268650 0.412500 0.421696
v -0.304381 0.412500 0.396677
v -0.337795 0.412500 0.368639
v -0.368639 0.412500 0.337795
v -0.396677 0.412500 0.304381
v -0.421696 0.412500 0.268650
v -0.443505 0.412500 0.230874
v -0.461940 0.412500 0.191342
v -0.476858 0.412500 0.150353
v -0.488148 0.412500 0.108220
v -0.495722 0.412500 0.065263
v -0.499524 0.412500 0.021810
v -0.499524 0.412500 -0.021810
v -0.495722 0.412500 -0.065263
v -0.488148 0.412500 -0.108220
v -0.476858 0.412500 -0.150353
v -0.461940 0.412500 -0.191342
v -0.443505 0.412500 -0.230874
v -0.421696 0.412500 -0.268650
v -0.396677 0.412500 -0.304381
v -0.368639 0.412500 -0.337795
v -0.337795 0.412500 -0.368639
v -0.304381 0.412500 -0.396677
v -0.268650 0.412500 -0.421696
v -0.230874 0.412500 -0.443505
v -0.191342 0.412500 -0.461940
v -0.150353 0.412500 -0.476858
v -0.108220 0.412500 -0.488148
v -0.065263 0.412500 -0.495722
v -0.021810 0.412500 -0.499524
v 0.021810 0.412500 -0.499524
v 0.065263 0.412500 -0.495722
v 0.108220 0.412500 -0.488148
v 0.150353 0.412500 -0.476858
v 0.191342 0.412500 -0.461940
v 0.230874 0.412500 -0.443505
v 0.268650 0.412500 -0.421696
v 0.304381 0.412500 -0.396677
v 0.337795 0.412500 -0.368639
v 0.368639 0.412500 -0.337795
v 0.396677 0.412500 -0.304381
v 0.421696 0.412500 -0.268650
v 0.443505 0.412500 -0.230874
v 0.461940 0.412500 -0.191342
v 0.476858 0.412500 -0.150353
v 0.488148 0.412500 -0.108220
v 0.495722 0.412500 -0.065263
v 0.499524 0.412500 -0.021810
v 0.500000 0.450000 0.000000
v 0.498097 0.450000 0.043578
v 0.492404 0.450000 0.086824
v 0.482963 0.450000 0.129410
v 0.469846 0.450000 0.171010
v 0.453154 0.450000 0.211309
v 0.433013 0.450000 0.250000
v 0.409576 0.450000 0.286788
v 0.383022 0.450000 0.321394
v 0.353553 0.450000 0.353553
v 0.321394 0.450000 0.383022
v 0.286788 0.450000 0.409576
v 0.250000 0.450000 0.433013
v 0.211309 0.450000 0.453154
v 0.171010 0.450000 0.469846
v 0.129410 0.450000 0.482963
v 0.086824 0.450000 0.492404
v 0.043578 0.450000 0.498097
v 0.000000 0.450000 0.500000
v -0.043578 0.450000 0.498097
v -0.086824 0.450000 0.492404
v -0.129410 0.450000 0.482963
v -0.171010 0.450000 0.469846
v -0.211309 0.450000 0.453154
v -0.250000 0.450000 0.433013
v -0.286788 0.450000 0.409576
v -0.321394 0.450000 0.383022
v -0.353553 0.450000 0.353553
v -0.383022 0.450000 0.321394
v -0.409576 0.450000 0.286788
v -0.433013 0.450000 0.250000
v -0.453154 0.450000 0.211309
v -0.469846 0.450000 0.171010
v -0.482963 0.450000 0.129410
v -0.492404 0.450000 0.086824
v -0.498097 0.450000 0.043578
v -0.500000 0.450000 0.000000
v -0.498097 0.450000 -0.043578
v -0.492404 0.450000 -0.086824
v -0.482963 0.450000 -0.129410
v -0.469846 0.450000 -0.171010
v -0.453154 0.450000 -0.211309
v -0.433013 0.450000 -0.250000
v -0.409576 0.450000 -0.286788
v -0.383022 0.450000 -0.321394
v -0.353553 0.450000 -0.353553
v -0.321394 0.450000 -0.383022
v -0.286788 0.450000 -0.409576
v -0.250000 0.450000 -0.433013
v -0.211309 0.450000 -0.453154
v -0.171010 0.450000 -0.469846
v -0.129410 0.450000 -0.482963
v -0.086824 0.450000 -0.492404
v -0.043578 0.450000 -0.498097
v -0.000000 0.450000 -0.500000
v 0.043578 0.450000 -0.498097
v 0.086824 0.450000 -0.492404
v 0.129410 0.450000 -0.482963
v 0.171010 0.450000 -0.469846
v 0.211309 0.450000 -0.453154
v 0.250000 0.450000 -0.433013
v 0.286788 0.450000 -0.409576
v 0.321394 0.450000 -0.383022
v 0.353553 0.450000 -0.353553
v 0.383022 0.450000 -0.321394
v 0.409576 0.450000 -0.286788
v 0.433013 0.450000 -0.250000
v 0.453154 0.450000 -0.211309
v 0.469846 0.450000 -0.171010
v 0.482963 0.450000 -0.129410
v 0.492404 0.450000 -0.086824
v 0.498097 0.450000 -0.043578
v 0.499524 0.487500 0.021810
v 0.495722 0.487500 0.065263
v 0.488148 0.487500 0.108220
v 0.476858 0.487500 0.150353
v 0.461940 0.487500 0.191342
v 0.443505 0.487500 0.230874
v 0.421696 0.487500 0.268650
v 0.396677 0.487500 0.304381
v 0.368639 0.487500 0.337795
v 0.337795 0.487500 0.368639
v 0.304381 0.487500 0.396677
v 0.268650 0.487500 0.421696
v 0.230874 0.487500 0.443505
v 0.191342 0.487500 0.461940
v 0.150353 0.487500 0.476858
v 0.108220 0.487500 0.488148
v 0.065263 0.487500 0.495722
v 0.021810 0.487500 0.499524
v -0.021810 0.487500 0.499524
v -0.065263 0.487500 0.495722
v -0.108220 0.487500 0.488148
v -0.150353 0.487500 0.476858
v -0.191342 0.487500 0.461940
v -0.230874 0.487500 0.443505
v -0.268650 0.487500 0.421696
v -0.304381 0.487500 0.396677
v -0.337795 0.487500 0.368639
v -0.368639 0.487500 0.337795
v -0.396677 0.487500 0.304381
v -0.421696 0.487500 0.268650
v -0.443505 0.487500 0.230874
v -0.461940 0.487500 0.191342
v -0.476858 0.487500 0.150353
v -0.488148 0.487500 0.108220
v -0.495722 0.487500 0.065263
v -0.499524 0.487500 0.021810
v -0.499524 0.487500 -0.021810
v -0.495722 0.487500 -0.065263
v -0.488148 0.487500 -0.108220
v -0.476858 0.487500 -0.150353
v -0.461940 0.487500 -0.191342
v -0.443505 0.487500 -0.230874
v -0.421696 0.487500 -0.268650
v -0.396677 0.487500 -0.304381
v -0.368639 0.487500 -0.337795
v -0.337795 0.487500 -0.368639
v -0.304381 0.487500 -0.396677
v -0.268650 0.487500 -0.421696
v -0.230874 0.487500 -0.443505
v -0.191342 0.487500 -0.461940
v -0.150353 0.487500 -0.476858
v -0.108220 0.487500 -0.488148
v -0.065263 0.487500 -0.495722
v -0.021810 0.487500 -0.499524
v 0.021810 0.487500 -0.499524
v 0.065263 0.487500 -0.495722
v 0.108220 0.487500 -0.488148
v 0.150353 0.487500 -0.476858
v 0.191342 0.487500 -0.461940
v 0.230874 0.487500 -0.443505
v 0.268650 0.487500 -0.421696
v 0.304381 0.487500 -0.396677
v 0.337795 0.487500 -0.368639
v 0.368639 0.487500 -0.337795
v 0.396677 0.487500 -0.304381
v 0.421696 0.487500 -0.268650
v 0.443505 0.487500 -0.230874
v 0.461940 0.487500 -0.191342
v 0.476858 0.487500 -0.150353
v 0.488148 0.487500 -0.108220
v 0.495722 0.487500 -0.065263
v 0.499524 0.487500 -0.021810
v 0.500000 0.525000 0.000000
v 0.498097 0.525000 0.043578
v 0.492404 0.525000 0.086824
v 0.482963 0.525000 0.129410
v 0.469846 0.525000 0.171010
v 0.453154 0.525000 0.211309
v 0.433013 0.525000 0.250000
v 0.409576 0.525000 0.286788
v 0.383022 0.525000 0.321394
v 0.353553 0.525000 0.353553
v 0.321394 0.525000 0.383022
v 0.286788 0.525000 0.409576
v 0.250000 0.525000 0.433013
v 0.211309 0.525000 0.453154
v 0.171010 0.525000 0.469846
v 0.129410 0.525000 0.482963
v 0.086824 0.525000 0.492404
v 0.043578 0.525000 0.498097
v 0.000000 0.525000 0.500000
v -0.043578 0.525000 0.498097
v -0.086824 0.525000 0.492404
v -0.129410 0.525000 0.482963
v -0.171010 0.525000 0.469846
v -0.211309 0.525000 0.453154
v -0.250000 0.525000 0.433013
v -0.286788 0.525000 0.409576
v -0.321394 0.525000 0.383022
v -0.353553 0.525000 0.353553
v -0.383022 0.525000 0.321394
v -0.409576 0.525000 0.286788
v -0.433013 0.525000 0.250000
v -0.453154 0.525000 0.211309
v -0.469846 0.525000 0.171010
v -0.482963 0.525000 0.129410
v -0.492404 0.525000 0.086824
v -0.498097 0.525000 0.043578
v -0.500000 0.525000 0.000000
v -0.498097 0.525000 -0.043578
v -0.492404 0.525000 -0.086824
v -0.482963 0.525000 -0.129410
v -0.469846 0.525000 -0.171010
v -0.453154 0.525000 -0.211309
v -0.433013 0.525000 -0.250000
v -0.409576 0.525000 -0.286788
v -0.383022 0.525000 -0.321394
v -0.353553 0.525000 -0.353553
v -0.321394 0.525000 -0.383022
v -0.286788 0.525000 -0.409576
v -0.250000 0.525000 -0.433013
v -0.211309 0.525000 -0.453154
v -0.171010 0.525000 -0.469846
v -0.129410 0.525000 -0.482963
v -0.086824 0.525000 -0.492404
v -0.043578 0.525000 -0.498097
v -0.000000 0.525000 -0.500000
v 0.043578 0.525000 -0.498097
v 0.086824 0.525000 -0.492404
v 0.129410 0.525000 -0.482963
v 0.171010 0.525000 -0.469846
v 0.211309 0.525000 -0.453154
v 0.250000 0.525000 -0.433013
v 0.286788 0.525000 -0.409576
v 0.321394 0.525000 -0.383022
v 0.353553 0.525000 -0.353553
v 0.383022 0.525000 -0.321394
v 0.409576 0.525000 -0.286788
v 0.433013 0.525000 -0.250000
v 0.453154 0.525000 -0.211309
v 0.469846 0.525000 -0.171010
v 0.482963 0.525000 -0.129410
v 0.492404 0.525000 -0.086824
v 0.498097 0.525000 -0.043578
v 0.499524 0.562500 0.021810
v 0.495722 0.562500 0.065263
v 0.488148 0.562500 0.108220
v 0.476858 0.562500 0.150353
v 0.461940 0.562500 0.191342
v 0.443505 0.562500 0.230874
v 0.421696 0.562500 0.268650
v 0.396677 0.562500 0.304381
v 0.368639 0.562500 0.337795
v 0.337795 0.562500 0.368639
v 0.304381 0.562500 0.396677
v 0.268650 0.562500 0.421696
v 0.230874 0.562500 0.443505
v 0.191342 0.562500 0.461940
v 0.150353 0.562500 0.476858
v 0.108220 0.562500 0.488148
v 0.065263 0.562500 0.495722
v 0.021810 0.562500 0.499524
v -0.021810 0.562500 0.499524
v -0.065263 0.562500 0.495722
v -0.108220 0.562500 0.488148
v -0.150353 0.562500 0.476858
v -0.191342 0.562500 0.461940
v -0.230874 0.562500 0.443505
v -0.268650 0.562500 0.421696
v -0.304381 0.562500 0.396677
v -0.337795 0.562500 0.368639
v -0.368639 0.562500 0.337795
v -0.396677 0.562500 0.304381
v -0.421696 0.562500 0.268650
v -0.443505 0.562500 0.230874
v -0.461940 0.562500 0.191342
v -0.476858 0.562500 0.150353
v -0.488148 0.562500 0.108220
v -0.495722 0.562500 0.065263
v -0.499524 0.562500 0.021810
v -0.499524 0.562500 -0.021810
v -0.495722 0.562500 -0.065263
v -0.488148 0.562500 -0.108220
v -0.476858 0.562500 -0.150353
v -0.461940 0.562500 -0.191342
v -0.443505 0.562500 -0.230874
v -0.421696 0.562500 -0.268650
v -0.396677 0.562500 -0.304381
v -0.368639 0.562500 -0.337795
v -0.337795 0.562500 -0.368639
v -0.304381 0.562500 -0.396677
v -0.268650 0.562500 -0.421696
v -0.230874 0.562500 -0.443505
v -0.191342 0.562500 -0.461940
v -0.150353 0.562500 -0.476858
v -0.108220 0.562500 -0.488148
v -0.065263 0.562500 -0.495722
v -0.021810 0.562500 -0.499524
v 0.021810 0.562500 -0.499524
v 0.065263 0.562500 -0.495722
v 0.108220 0.562500 -0.488148
v 0.150353 0.562500 -0.476858
v 0.191342 0.562500 -0.461940
v 0.230874 0.562500 -0.443505
v 0.268650 0.562500 -0.421696
v 0.304381 0.562500 -0.396677
v 0.337795 0.562500 -0.368639
v 0.368639 0.562500 -0.337795
v 0.396677 0.562500 -0.304381
v 0.421696 0.562500 -0.268650
v 0.443505 0.562500 -0.230874
v 0.461940 0.562500 -0.191342
v 0.476858 0.562500 -0.150353
v 0.488148 0.562500 -0.108220
v 0.495722 0.562500 -0.065263
v 0.499524 0.562500 -0.021810
v 0.500000 0.600000 0.000000
v 0.498097 0.600000 0.043578
v 0.492404 0.600000 0.086824
v 0.482963 0.600000 0.129410
v 0.469846 0.600000 0.171010
v 0.453154 0.600000 0.211309
v 0.433013 0.600000 0.250000
v 0.409576 0.600000 0.286788
v 0.383022 0.600000 0.321394
v 0.353553 0.600000 0.353553
v 0.321394 0.600000 0.383022
v 0.286788 0.600000 0.409576
v 0.250000 0.600000 0.433013
v 0.211309 0.600000 0.453154
v 0.171010 0.600000 0.469846
v 0.129410 0.600000 0.482963
v 0.086824 0.600000 0.492404
v 0.043578 0.600000 0.498097
v 0.000000 0.600000 0.500000
v -0.043578 0.600000 0.498097
v -0.086824 0.600000 0.492404
v -0.129410 0.600000 0.482963
v -0.171010 0.600000 0.469846
v -0.211309 0.600000 0.453154
v -0.250000 0.600000 0.433013
v -0.286788 0.600000 0.409576
v -0.321394 0.600000 0.383022
v -0.353553 0.600000 0.353553
v -0.383022 0.600000 0.321394
v -0.409576 0.600000 0.286788
v -0.433013 0.600000 0.250000
v -0.453154 0.600000 0.211309
v -0.469846 0.600000 0.171010
v -0.482963 0.600000 0.129410
v -0.492404 0.600000 0.086824
v -0.498097 0.600000 0.043578
v -0.500000 0.600000 0.000000
v -0.498097 0.600000 -0.043578
v -0.492404 0.600000 -0.086824
v -0.482963 0.600000 -0.129410
v -0.469846 0.600000 -0.171010
v -0.453154 0.600000 -0.211309
v -0.433013 0.600000 -0.250000
v -0.409576 0.600000 -0.286788
v -0.383022 0.600000 -0.321394
v -0.353553 0.600000 -0.353553
v -0.321394 0.600000 -0.383022
v -0.286788 0.600000 -0.409576
v -0.250000 0.600000 -0.433013
v -0.211309 0.600000 -0.453154
v -0.171010 0.600000 -0.469846
v -0.129410 0.600000 -0.482963
v -0.086824 0.600000 -0.492404
v -0.043578 0.600000 -0.498097
v -0.000000 0.600000 -0.500000
v 0.043578 0.600000 -0.498097
v 0.086824 0.600000 -0.492404
v 0.129410 0.600000 -0.482963
v 0.171010 0.600000 -0.469846
v 0.211309 0.600000 -0.453154
v 0.250000 0.600000 -0.433013
v 0.286788 0.600000 -0.409576
v 0.321394 0.600000 -0.383022
v 0.353553 0.600000 -0.353553
v 0.383022 0.600000 -0.321394
v 0.409576 0.600000 -0.286788
v 0.433013 0.600000 -0.250000
v 0.453154 0.600000 -0.211309
v 0.469846 0.600000 -0.171010
v 0.482963 0.600000 -0.129410
v 0.492404 0.600000 -0.086824
v 0.498097 0.600000 -0.043578
v 0.499524 0.637500 0.021810
v 0.495722 0.637500 0.065263
v 0.488148 0.637500 0.108220
v 0.476858 0.637500 0.150353
v 0.461940 0.637500 0.191342
v 0.443505 0.637500 0.230874
v 0.421696 0.637500 0.268650
v 0.396677 0.637500 0.304381
v 0.368639 0.637500 0.337795
v 0.337795 0.637500 0.368639
v 0.304381 0.637500 0.396677
v 0.268650 0.637500 0.421696
v 0.230874 0.637500 0.443505
v 0.191342 0.637500 0.461940
v 0.150353 0.637500 0.476858
v 0.108220 0.637500 0.488148
v 0.065263 0.637500 0.495722
v 0.021810 0.637500 0.499524
v -0.021810 0.637500 0.499524
v -0.065263 0.637500 0.495722
v -0.108220 0.637500 0.488148
v -0.150353 0.637500 0.476858
v -0.191342 0.637500 0.461940
v -0.230874 0.637500 0.443505
v -0.268650 0.637500 0.421696
v -0.304381 0.637500 0.396677
v -0.337795 0.637500 0.368639
v -0.368639 0.637500 0.337795
v -0.396677 0.637500 0.304381
v -0.421696 0.637500 0.268650
v -0.443505 0.637500 0.230874
v -0.461940 0.637500 0.191342
v -0.476858 0.637500 0.150353
v -0.488148 0.637500 0.108220
v -0.495722 0.637500 0.065263
v -0.499524 0.637500 0.021810
v -0.499524 0.637500 -0.021810
v -0.495722 0.637500 -0.065263
v -0.488148 0.637500 -0.108220
v -0.476858 0.637500 -0.150353
v -0.461940 0.637500 -0.191342
v -0.443505 0.637500 -0.230874
v -0.421696 0.637500 -0.268650
v -0.396677 0.637500 -0.304381
v -0.368639 0.637500 -0.337795
v -0.337795 0.637500 -0.368639
v -0.304381 0.637500 -0.396677
v -0.268650 0.637500 -0.421696
v -0.230874 0.637500 -0.443505
v -0.191342 0.637500 -0.461940
v -0.150353 0.637500 -0.476858
v -0.108220 0.637500 -0.488148
v -0.065263 0.637500 -0.495722
v -0.021810 0.637500 -0.499524
v 0.021810 0.637500 -0.499524
v 0.065263 0.637500 -0.495722
v 0.108220 0.637500 -0.488148
v 0.150353 0.637500 -0.476858
v 0.191342 0.637500 -0.461940
v 0.230874 0.637500 -0.443505
v 0.268650 0.637500 -0.421696
v 0.304381 0.637500 -0.396677
v 0.337795 0.637500 -0.368639
v 0.368639 0.637500 -0.337795
v 0.396677 0.637500 -0.304381
v 0.421696 0.637500 -0.268650
v 0.443505 0.637500 -0.230874
v 0.461940 0.637500 -0.191342
v 0.476858 0.637500 -0.150353
v 0.488148 0.637500 -0.108220
v 0.495722 0.637500 -0.065263
v 0.499524 0.637500 -0.021810
v 0.500000 0.675000 0.000000
v 0.498097 0.675000 0.043578
v 0.492404 0.675000 0.086824
v 0.482963 0.675000 0.129410
v 0.469846 0.675000 0.171010
v 0.453154 0.675000 0.211309
v 0.433013 0.675000 0.250000
v 0.409576 0.675000 0.286788
v 0.383022 0.675000 0.321394
v 0.353553 0.675000 0.353553
v 0.321394 0.675000 0.383022
v 0.286788 0.675000 0.409576
v 0.250000 0.675000 0.433013
v 0.211309 0.675000 0.453154
v 0.171010 0.675000 0.469846
v 0.129410 0.675000 0.482963
v 0.086824 0.675000 0.492404
v 0.043578 0.675000 0.498097
v 0.000000 0.675000 0.500000
v -0.043578 0.675000 0.498097
v -0.086824 0.675000 0.492404
v -0.129410 0.675000 0.482963
v -0.171010 0.675000 0.469846
v -0.211309 0.675000 0.453154
v -0.250000 0.675000 0.433013
v -0.286788 0.675000 0.409576
v -0.321394 0.675000 0.383022
v -0.353553 0.675000 0.353553
v -0.383022 0.675000 0.321394
v -0.409576 0.675000 0.286788
v -0.433013 0.675000 0.250000
v -0.453154 0.675000 0.211309
v -0.469846 0.675000 0.171010
v -0.482963 0.675000 0.129410
v -0.492404 0.675000 0.086824
v -0.498097 0.675000 0.043578
v -0.500000 0.675000 0.000000
v -0.498097 0.675000 -0.043578
v -0.492404 0.675000 -0.086824
v -0.482963 0.675000 -0.129410
v -0.469846 0.675000 -0.171010
v -0.453154 0.675000 -0.211309
v -0.433013 0.675000 -0.250000
v -0.409576 0.675000 -0.286788
v -0.383022 0.675000 -0.321394
v -0.353553 0.675000 -0.353553
v -0.321394 0.675000 -0.383022
v -0.286788 0.675000 -0.409576
v -0.250000 0.675000 -0.433013
v -0.211309 0.675000 -0.453154
v -0.171010 0.675000 -0.469846
v -0.129410 0.675000 -0.482963
v -0.086824 0.675000 -0.492404
v -0.043578 0.675000 -0.498097
v -0.000000 0.675000 -0.500000
v 0.043578 0.675000 -0.498097
v 0.086824 0.675000 -0.492404
v 0.129410 0.675000 -0.482963
v 0.171010 0.675000 -0.469846
v 0.211309 0.675000 -0.453154
v 0.250000 0.675000 -0.433013
v 0.286788 0.675000 -0.409576
v 0.321394 0.675000 -0.383022
v 0.353553 0.675000 -0.353553
v 0.383022 0.675000 -0.321394
v 0.409576 0.675000 -0.286788
v 0.433013 0.675000 -0.250000
v 0.453154 0.675000 -0.211309
v 0.469846 0.675000 -0.171010
v 0.482963 0.675000 -0.129410
v 0.492404 0.675000 -0.086824
v 0.498097 0.675000 -0.043578
v 0.499524 0.712500 0.021810
v 0.495722 0.712500 0.065263
v 0.488148 0.712500 0.108220
v 0.476858 0.712500 0.150353
v 0.461940 0.712500 0.191342
v 0.443505 0.712500 0.230874
v 0.421696 0.712500 0.268650
v 0.396677 0.712500 0.304381
v 0.368639 0.712500 0.337795
v 0.337795 0.712500 0.368639
v 0.304381 0.712500 0.396677
v 0.268650 0.712500 0.421696
v 0.230874 0.712500 0.443505
v 0.191342 0.712500 0.461940
v 0.150353 0.712500 0.476858
v 0.108220 0.712500 0.488148
v 0.065263 0.712500 0.495722
v 0.021810 0.712500 0.499524
v -0.021810 0.712500 0.499524
v -0.065263 0.712500 0.495722
v -0.108220 0.712500 0.488148
v -0.150353 0.712500 0.476858
v -0.191342 0.712500 0.461940
v -0.230874 0.712500 0.443505
v -0.268650 0.712500 0.421696
v -0.304381 0.712500 0.396677
v -0.337795 0.712500 0.368639
v -0.368639 0.712500 0.337795
v -0.396677 0.712500 0.304381
v -0.421696 0.712500 0.268650
v -0.443505 0.712500 0.230874
v -0.461940 0.712500 0.191342
v -0.476858 0.712500 0.150353
v -0.488148 0.712500 0.108220
v -0.495722 0.712500 0.065263
v -0.499524 0.712500 0.021810
v -0.499524 0.712500 -0.021810
v -0.495722 0.712500 -0.065263
v -0.488148 0.712500 -0.108220
v -0.476858 0.712500 -0.150353
v -0.461940 0.712500 -0.191342
v -0.443505 0.712500 -0.230874
v -0.421696 0.712500 -0.268650
v -0.396677 0.712500 -0.304381
v -0.368639 0.712500 -0.337795
v -0.337795 0.712500 -0.368639
v -0.304381 0.712500 -0.396677
v -0.268650 0.712500 -0.421696
v -0.230874 0.712500 -0.443505
v -0.191342 0.712500 -0.461940
v -0.150353 0.712500 -0.476858
v -0.108220 0.712500 -0.488148
v -0.065263 0.712500 -0.495722
v -0.021810 0.712500 -0.499524
v 0.021810 0.712500 -0.499524
v 0.065263 0.712500 -0.495722
v 0.108220 0.712500 -0.488148
v 0.150353 0.712500 -0.476858
v 0.191342 0.712500 -0.461940
v 0.230874 0.712500 -0.443505
v 0.268650 0.712500 -0.421696
v 0.304381 0.712500 -0.396677
v 0.337795 0.712500 -0.368639
v 0.368639 0.712500 -0.337795
v 0.396677 0.712500 -0.304381
v 0.421696 0.712500 -0.268650
v 0.443505 0.712500 -0.230874
v 0.461940 0.712500 -0.191342
v 0.476858 0.712500 -0.150353
v 0.488148 0.712500 -0.108220
v 0.495722 0.712500 -0.065263
v 0.499524 0.712500 -0.021810
v 0.500000 0.750000 0.000000
v 0.498097 0.750000 0.043578
v 0.492404 0.750000 0.086824
v 0.482963 0.750000 0.129410
v 0.469846 0.750000 0.171010
v 0.453154 0.750000 0.211309
v 0.433013 0.750000 0.250000
v 0.409576 0.750000 0.286788
v 0.383022 0.750000 0.321394
v 0.353553 0.750000 0.353553
v 0.321394 0.750000 0.383022
v 0.286788 0.750000 0.409576
v 0.250000 0.750000 0.433013
v 0.211309 0.750000 0.453154
v 0.171010 0.750000 0.469846
v 0.129410 0.750000 0.482963
v 0.086824 0.750000 0.492404
v 0.043578 0.750000 0.498097
v 0.000000 0.750000 0.500000
v -0.043578 0.750000 0.498097
v -0.086824 0.750000 0.492404
v -0.129410 0.750000 0.482963
v -0.171010 0.750000 0.469846
v -0.211309 0.750000 0.453154
v -0.250000 0.750000 0.433013
v -0.286788 0.750000 0.409576
v -0.321394 0.750000 0.383022
v -0.353553 0.750000 0.353553
v -0.383022 0.750000 0.321394
v -0.409576 0.750000 0.286788
v -0.433013 0.750000 0.250000
v -0.453154 0.750000 0.211309
v -0.469846 0.750000 0.171010
v -0.482963 0.750000 0.129410
v -0.492404 0.750000 0.086824
v -0.498097 0.750000 0.043578
v -0.500000 0.750000 0.000000
v -0.498097 0.750000 -0.043578
v -0.492404 0.750000 -0.086824
v -0.482963 0.750000 -0.129410
v -0.469846 0.750000 -0.171010
v -0.453154 0.750000 -0.211309
v -0.433013 0.750000 -0.250000
v -0.409576 0.750000 -0.286788
v -0.383022 0.750000 -0.321394
v -0.353553 0.750000 -0.353553
v -0.321394 0.750000 -0.383022
v -0.286788 0.750000 -0.409576
v -0.250000 0.750000 -0.433013
v -0.211309 0.750000 -0.453154
v -0.171010 0.750000 -0.469846
v -0.129410 0.750000 -0.482963
v -0.086824 0.750000 -0.492404
v -0.043578 0.750000 -0.498097
v -0.000000 0.750000 -0.500000
v 0.043578 0.750000 -0.498097
v 0.086824 0.750000 -0.492404
v 0.129410 0.750000 -0.482963
v 0.171010 0.750000 -0.469846
v 0.211309 0.750000 -0.453154
v 0.250000 0.750000 -0.433013
v 0.286788 0.750000 -0.409576
v 0.321394 0.750000 -0.383022
v 0.353553 0.750000 -0.353553
v 0.383022 0.750000 -0.321394
v 0.409576 0.750000 -0.286788
v 0.433013 0.750000 -0.250000
v 0.453154 0.750000 -0.211309
v 0.469846 0.750000 -0.171010
v 0.482963 0.750000 -0.129410
v 0.492404 0.750000 -0.086824
v 0.498097 0.750000 -0.043578
f 1 73 2
f 2 73 74
f 2 74 3
f 3 74 75
f 3 75 4
f 4 75 76
f 4 76 5
f 5 76 77
f 5 77 6
f 6 77 78
f 6 78 7
f 7 78 79
f 7 79 8
f 8 79 80
f 8 80 9
f 9 80 81
f 9 81 10
f 10 81 82
f 10 82 11
f 11 82 83
f 11 83 12
f 12 83 84
f 12 84 13
f 13 84 85
f 13 85 14
f 14 85 86
f 14 86 15
f 15 86 87
f 15 87 16
f 16 87 88
f 16 88 17
f 17 88 89
f 17 89 18
f 18 89 90
f 18 90 19
f 19 90 91
f 19 91 20
f 20 91 92
f 20 92 21
f 21 92 93
f 21 93 22
f 22 93 94
f 22 94 23
f 23 94 95
f 23 95 24
f 24 95 96
f 24 96 25
f 25 96 97
f 25 97 26
f 26 97 98
f 26 98 27
f 27 98 99
f 27 99 28
f 28 99 100
f 28 100 29
f 29 100 101
f 29 101 30
f 30 101 102
f 30 102 31
f 31 102 103
f 31 103 32
f 32 103 104
f 32 104 33
f 33 104 105
f 33 105 34
f 34 105 106
f 34 106 35
f 35 106 107
f 35 107 36
f 36 107 108
f 36 108 37
f 37 108 109
f 37 109 38
f 38 109 110
f 38 110 39
f 39 110 111
f 39 111 40
f 40 111 112
f 40 112 41
f 41 112 113
f 41 113 42
f 42 113 114
f 42 114 43
f 43 114 115
f 43 115 44
f 44 115 116
f 44 116 45
f 45 116 117
f 45 117 46
f 46 117 118
f 46 118 47
f 47 118 119
f 47 119 48
f 48 119 120
f 48 120 49
f 49 120 121
f 49 121 50
f 50 121 122
f 50 122 51
f 51 122 123
f 51 123 52
f 52 123 124
f 52 124 53
f 53 124 125
f 53 125 54
f 54 125 126
f 54 126 55
f 55 126 127
f 55 127 56
f 56 127 128
f 56 128 57
f 57 128 129
f 57 129 58
f 58 129 130
f 58 130 59
f 59 130 131
f 59 131 60
f 60 131 132
f 60 132 61
f 61 132 133
f 61 133 62
f 62 133 134
f 62 134 63
f 63 134 135
f 63 135 64
f 64 135 136
f 64 136 65
f 65 136 137
f 65 137 66
f 66 137 138
f 66 138 67
f 67 138 139
f 67 139 68
f 68 139 140
f 68 140 69
f 69 140 141
f 69 141 70
f 70 141 142
f 70 142 71
f 71 142 143
f 71 143 72
f 72 143 144
f 72 144 1
f 1 144 73
f 73 146 74
f 73 145 146
f 74 147 75
f 74 146 147
f 75 148 76
f 75 147 148
f 76 149 77
f 76 148 149
f 77 150 78
f 77 149 150
f 78 151 79
f 78 150 151
f 79 152 80
f 79 151 152
f 80 153 81
f 80 152 153
f 81 154 82
f 81 153 154
f 82 155 83
f 82 154 155
f 83 156 84
f 83 155 156
f 84 157 85
f 84 156 157
f 85 158 86
f 85 157 158
f 86 159 87
f 86 158 159
f 87 160 88
f 87 159 160
f 88 161 89
f 88 160 161
f 89 162 90
f 89 161 162
f 90 163 91
f 90 162 163
f 91 164 92
f 91 163 164
f 92 165 93
f 92 164 165
f 93 166 94
f 93 165 166
f 94 167 95
f 94 166 167
f 95 168 96
f 95 167 168
f 96 169 97
f 96 168 169
f 97 170 98
f 97 169 170
f 98 171 99
f 98 170 171
f 99 172 100
f 99 171 172
f 100 173 101
f 100 172 173
f 101 174 102
f 101 173 174
f 102 175 103
f 102 174 175
f 103 176 104
f 103 175 176
f 104 177 105
f 104 176 177
f 105 178 106
f 105 177 178
f 106 179 107
f 106 178 179
f 107 180 108
f 107 179 180
f 108 181 109
f 108 180 181
f 109 182 110
f 109 181 182
f 110 183 111
f 110 182 183
f 111 184 112
f 111 183 184
f 112 185 113
f 112 184 185
f 113 186 114
f 113 185 186
f 114 187 115
f 114 186 187
f 115 188 116
f 115 187 188
f 116 189 117
f 116 188 189
f 117 190 118
f 117 189 190
f 118 191 119
f 118 190 191
f 119 192 120
f 119 191 192
f 120 193 121
f 120 192 193
f 121 194 122
f 121 193 194
f 122 195 123
f 122 194 195
f 123 196 124
f 123 195 196
f 124 197 125
f 124 196 197
f 125 198 126
f 125 197 198
f 126 199 127
f 126 198 199
f 127 200 128
f 127 199 200
f 128 201 129
f 128 200 201
f 129 202 130
f 129 201 202
f 130 203 131
f 130 202 203
f 131 204 132
f 131 203 204
f 132 205 133
f 132 204 205
f 133 206 134
f 133 205 206
f 134 207 135
f 134 206 207
f 135 208 136
f 135 207 208
f 136 209 137
f 136 208 209
f 137 210 138
f 137 209 210
f 138 211 139
f 138 210 211
f 139 212 140
f 139 211 212
f 140 213 141
f 140 212 213
f 141 214 142
f 141 213 214
f 142 215 143
f 142 214 215
f 143 216 144
f 143 215 216
f 144 145 73
f 144 216 145
f 145 217 146
f 146 217 218
f 146 218 147
f 147 218 219
f 147 219 148
f 148 219 220
f 148 220 149
f 149 220 221
f 149 221 150
f 150 221 222
f 150 222 151
f 151 222 223
f 151 223 152
f 152 223 224
f 152 224 153
f 153 224 225
f 153 225 154
f 154 225 226
f 154 226 155
f 155 226 227
f 155 227 156
f 156 227 228
f 156 228 157
f 157 228 229
f 157 229 158
f 158 229 230
f 158 230 159
f 159 230 231
f 159 231 160
f 160 231 232
f 160 232 161
f 161 232 233
f 161 233 162
f 162 233 234
f 162 234 163
f 163 234 235
f 163 235 164
f 164 235 236
f 164 236 165
f 165 236 237
f 165 237 166
f 166 237 238
f 166 238 167
f 167 238 239
f 167 239 168
f 168 239 240
f 168 240 169
f 169 240 241
f 169 241 170
f 170 241 242
f 170 242 171
f 171 242 243
f 171 243 172
f 172 243 244
f 172 244 173
f 173 244 245
f 173 245 174
f 174 245 246
f 174 246 175
f 175 246 247
f 175 247 176
f 176 247 248
f 176 248 177
f 177 248 249
f 177 249 178
f 178 249 250
f 178 250 179
f 179 250 251
f 179 251 180
f 180 251 252
f 180 252 181
f 181 252 253
f 181 253 182
f 182 253 254
f 182 254 183
f 183 254 255
f 183 255 184
f 184 255 256
f 184 256 185
f 185 256 257
f 185 257 186
f 186 257 258
f 186 258 187
f 187 258 259
f 187 259 188
f 188 259 260
f 188 260 189
f 189 260 261
f 189 261 190
f 190 261 262
f 190 262 191
f 191 262 263
f 191 263 192
f 192 263 264
f 192 264 193
f 193 264 265
f 193 265 194
f 194 265 266
f 194 266 195
f 195 266 267
f 195 267 196
f 196 267 268
f 196 268 197
f 197 268 269
f 197 269 198
f 198 269 270
f 198 270 199
f 199 270 271
f 199 271 200
f 200 271 272
f 200 272 201
f 201 272 273
f 201 273 202
f 202 273 274
f 202 274 203
f 203 274 275
f 203 275 204
f 204 275 276
f 204 276 205
f 205 276 277
f 205 277 206
f 206 277 278
f 206 278 207
f 207 278 279
f 207 279 208
f 208 279 280
f 208 280 209
f 209 280 281
f 209 281 210
f 210 281 282
f 210 282 211
f 211 282 283
f 211 283 212
f 212 283 284
f 212 284 213
f 213 284 285
f 213 285 214
f 214 285 286
f 214 286 215
f 215 286 287
f 215 287 216
f 216 287 288
f 216 288 145
f 145 288 217
f 217 290 218
f 217 289 290
f 218 291 219
f 218 290 291
f 219 292 220
f 219 291 292
f 220 293 221
f 220 292 293
f 221 294 222
f 221 293 294
f 222 295 223
f 222 294 295
f 223 296 224
f 223 295 296
f 224 297 225
f 224 296 297
f 225 298 226
f 225 297 298
f 226 299 227
f 226 298 299
f 227 300 228
f 227 299 300
f 228 301 229
f 228 300 301
f 229 302 230
f 229 301 302
f 230 303 231
f 230 302 303
f 231 304 232
f 231 303 304
f 232 305 233
f 232 304 305
f 233 306 234
f 233 305 306
f 234 307 235
f 234 306 307
f 235 308 236
f 235 307 308
f 236 309 237
f 236 308 309
f 237 310 238
f 237 309 310
f 238 311 239
f 238 310 311
f 239 312 240
f 239 311 312
f 240 313 241
f 240 312 313
f 241 314 242
f 241 313 314
f 242 315 243
f 242 314 315
f 243 316 244
f 243 315 316
f 244 317 245
f 244 316 317
f 245 318 246
f 245 317 318
f 246 319 247
f 246 318 319
f 247 320 248
f 247 319 320
f 248 321 249
f 248 320 321
f 249 322 250
f 249 321 322
f 250 323 251
f 250 322 323
f 251 324 252
f 251 323 324
f 252 325 253
f 252 324 325
f 253 326 254
f 253 325 326
f 254 327 255
f 254 326 327
f 255 328 256
f 255 327 328
f 256 329 257
f 256 328 329
f 257 330 258
f 257 329 330
f 258 331 259
f 258 330 331
f 259 332 260
f 259 331 332
f 260 333 261
f 260 332 333
f 261 334 262
f 261 333 334
f 262 335 263
f 262 334 335
f 263 336 264
f 263 335 336
f 264 337 265
f 264 336 337
f 265 338 266
f 265 337 338
f 266 339 267
f 266 338 339
f 267 340 268
f 267 339 340
f 268 341 269
f 268 340 341
f 269 342 270
f 269 341 342
f 270 343 271
f 270 342 343
f 271 344 272
f 271 343 344
f 272 345 273
f 272 344 345
f 273 346 274
f 273 345 346
f 274 347 275
f 274 346 347
f 275 348 276
f 275 347 348
f 276 349 277
f 276 348 349
f 277 350 278
f 277 349 350
f 278 351 279
f 278 350 351
f 279 352 280
f 279 351 352
f 280 353 281
f 280 352 353
f 281 354 282
f 281 353 354
f 282 355 283
f 282 354 355
f 283 356 284
f 283 355 356
f 284 357 285
f 284 356 357
f 285 358 286
f 285 357 358
f 286 359 287
f 286 358 359
f 287 360 288
f 287 359 360
f 288 289 217
f 288 360 289
f 289 361 290
f 290 361 362
f 290 362 291
f 291 362 363
f 291 363 292
f 292 363 364
f 292 364 293
f 293 364 365
f 293 365 294
f 294 365 366
f 294 366 295
f 295 366 367
f 295 367 296
f 296 367 368
f 296 368 297
f 297 368 369
f 297 369 298
f 298 369 370
f 298 370 299
f 299 370 371
f 299 371 300
f 300 371 372
f 300 372 301
f 301 372 373
f 301 373 302
f 302 373 374
f 302 374 303
f 303 374 375
f 303 375 304
f 304 375 376
f 304 376 305
f 305 376 377
f 305 377 306
f 306 377 378
f 306 378 307
f 307 378 379
f 307 379 308
f 308 379 380
f 308 380 309
f 309 380 381
f 309 381 310
f 310 381 382
f 310 382 311
f 311 382 383
f 311 383 312
f 312 383 384
f 312 384 313
f 313 384 385
f 313 385 314
f 314 385 386
f 314 386 315
f 315 386 387
f 315 387 316
f 316 387 388
f 316 388 317
f 317 388 389
f 317 389 318
f 318 389 390
f 318 390 319
f 319 390 391
f 319 391 320
f 320 391 392
f 320 392 321
f 321 392 393
f 321 393 322
f 322 393 394
f 322 394 323
f 323 394 395
f 323 395 324
f 324 395 396
f 324 396 325
f 325 396 397
f 325 397 326
f 326 397 398
f 326 398 327
f 327 398 399
f 327 399 328
f 328 399 400
f 328 400 329
f 329 400 401
f 329 401 330
f 330 401 402
f 330 402 331
f 331 402 403
f 331 403 332
f 332 403 404
f 332 404 333
f 333 404 405
f 333 405 334
f 334 405 406
f 334 406 335
f 335 406 407
f 335 407 336
f 336 407 408
f 336 408 337
f 337 408 409
f 337 409 338
f 338 409 410
f 338 410 339
f 339 410 411
f 339 411 340
f 340 411 412
f 340 412 341
f 341 412 413
f 341 413 342
f 342 413 414
f 342 414 343
f 343 414 415
f 343 415 344
f 344 415 416
f 344 416 345
f 345 416 417
f 345 417 346
f 346 417 418
f 346 418 347
f 347 418 419
f 347 419 348
f 348 419 420
f 348 420 349
f 349 420 421
f 349 421 350
f 350 421 422
f 350 422 351
f 351 422 423
f 351 423 352
f 352 423 424
f 352 424 353
f 353 424 425
f 353 425 354
f 354 425 426
f 354 426 355
f 355 426 427
f 355 427 356
f 356 427 428
f 356 428 357
f 357 428 429
f 357 429 358
f 358 429 430
f 358 430 359
f 359 430 431
f 359 431 360
f 360 431 432
f 360 432 289
f 289 432 361
f 361 434 362
f 361 433 434
f 362 435 363
f 362 434 435
f 363 436 364
f 363 435 436
f 364 437 365
f 364 436 437
f 365 438 366
f 365 437 438
f 366 439 367
f 366 438 439
f 367 440 368
f 367 439 440
f 368 441 369
f 368 440 441
f 369 442 370
f 369 441 442
f 370 443 371
f 370 442 443
f 371 444 372
f 371 443 444
f 372 445 373
f 372 444 445
f 373 446 374
f 373 445 446
f 374 447 375
f 374 446 447
f 375 448 376
f 375 447 448
f 376 449 377
f 376 448 449
f 377 450 378
f 377 449 450
f 378 451 379
f 378 450 451
f 379 452 380
f 379 451 452
f 380 453 381
f 380 452 453
f 381 454 382
f 381 453 454
f 382 455 383
f 382 454 455
f 383 456 384
f 383 455 456
f 384 457 385
f 384 456 457
f 385 458 386
f 385 457 458
f 386 459 387
f 386 458 459
f 387 460 388
f 387 459 460
f 388 461 389
f 388 460 461
f 389 462 390
f 389 461 462
f 390 463 391
f 390 462 463
f 391 464 392
f 391 463 464
f 392 465 393
f 392 464 465
f 393 466 394
f 393 465 466
f 394 467 395
f 394 466 467
f 395 468 396
f 395 467 468
f 396 469 397
f 396 468 469
f 397 470 398
f 397 469 470
f 398 471 399
f 398 470 471
f 399 472 400
f 399 471 472
f 400 473 401
f 400 472 473
f 401 474 402
f 401 473 474
f 402 475 403
f 402 474 475
f 403 476 404
f 403 475 476
f 404 477 405
f 404 476 477
f 405 478 406
f 405 477 478
f 406 479 407
f 406 478 479
f 407 480 408
f 407 479 480
f 408 481 409
f 408 480 481
f 409 482 410
f 409 481 482
f 410 483 411
f 410 482 483
f 411 484 412
f 411 483 484
f 412 485 413
f 412 484 485
f 413 486 414
f 413 485 486
f 414 487 415
f 414 486 487
f 415 488 416
f 415 487 488
f 416 489 417
f 416 488 489
f 417 490 418
f 417 489 490
f 418 491 419
f 418 490 491
f 419 492 420
f 419 491 492
f 420 493 421
f 420 492 493
f 421 494 422
f 421 493 494
f 422 495 423
f 422 494 495
f 423 496 424
f 423 495 496
f 424 497 425
f 424 496 497
f 425 498 426
f 425 497 498
f 426 499 427
f 426 498 499
f 427 500 428
f 427 499 500
f 428 501 429
f 428 500 501
f 429 502 430
f 429 501 502
f 430 503 431
f 430 502 503
f 431 504 432
f 431 503 504
f 432 433 361
f 432 504 433
f 433 505 434
f 434 505 506
f 434 506 435
f 435 506 507
f 435 507 436
f 436 507 508
f 436 508 437
f 437 508 509
f 437 509 438
f 438 509 510
f 438 510 439
f 439 510 511
f 439 511 440
f 440 511 512
f 440 512 441
f 441 512 513
f 441 513 442
f 442 513 514
f 442 514 443
f 443 514 515
f 443 515 444
f 444 515 516
f 444 516 445
f 445 516 517
f 445 517 446
f 446 517 518
f 446 518 447
f 447 518 519
f 447 519 448
f 448 519 520
f 448 520 449
f 449 520 521
f 449 521 450
f 450 521 522
f 450 522 451
f 451 522 523
f 451 523 452
f 452 523 524
f 452 524 453
f 453 524 525
f 453 525 454
f 454 525 526
f 454 526 455
f 455 526 527
f 455 527 456
f 456 527 528
f 456 528 457
f 457 528 529
f 457 529 458
f 458 529 530
f 458 530 459
f 459 530 531
f 459 531 460
f 460 531 532
f 460 532 461
f 461 532 533
f 461 533 462
f 462 533 534
f 462 534 463
f 463 534 535
f 463 535 464
f 464 535 536
f 464 536 465
f 465 536 537
f 465 537 466
f 466 537 538
f 466 538 467
f 467 538 539
f 467 539 468
f 468 539 540
f 468 540 469
f 469 540 541
f 469 541 470
f 470 541 542
f 470 542 471
f 471 542 543
f 471 543 472
f 472 543 544
f 472 544 473
f 473 544 545
f 473 545 474
f 474 545 546
f 474 546 475
f 475 546 547
f 475 547 476
f 476 547 548
f 476 548 477
f 477 548 549
f 477 549 478
f 478 549 550
f 478 550 479
f 479 550 551
f 479 551 480
f 480 551 552
f 480 552 481
f 481 552 553
f 481 553 482
f 482 553 554
f 482 554 483
f 483 554 555
f 483 555 484
f 484 555 556
f 484 556 485
f 485 556 557
f 485 557 486
f 486 557 558
f 486 558 487
f 487 558 559
f 487 559 488
f 488 559 560
f 488 560 489
f 489 560 561
f 489 561 490
f 490 561 562
f 490 562 491
f 491 562 563
f 491 563 492
f 492 563 564
f 492 564 493
f 493 564 565
f 493 565 494
f 494 565 566
f 494 566 495
f 495 566 567
f 495 567 496
f 496 567 568
f 496 568 497
f 497 568 569
f 497 569 498
f 498 569 570
f 498 570 499
f 499 570 571
f 499 571 500
f 500 571 572
f 500 572 501
f 501 572 573
f 501 573 502
f 502 573 574
f 502 574 503
f 503 574 575
f 503 575 504
f 504 575 576
f 504 576 433
f 433 576 505
f 505 578 506
f 505 577 578
f 506 579 507
f 506 578 579
f 507 580 508
f 507 579 580
f 508 581 509
f 508 580 581
f 509 582 510
f 509 581 582
f 510 583 511
f 510 582 583
f 511 584 512
f 511 583 584
f 512 585 513
f 512 584 585
f 513 586 514
f 513 585 586
f 514 587 515
f 514 586 587
f 515 588 516
f 515 587 588
f 516 589 517
f 516 588 589
f 517 590 518
f 517 589 590
f 518 591 519
f 518 590 591
f 519 592 520
f 519 591 592
f 520 593 521
f 520 592 593
f 521 594 522
f 521 593 594
f 522 595 523
f 522 594 595
f 523 596 524
f 523 595 596
f 524 597 525
f 524 596 597
f 525 598 526
f 525 597 598
f 526 599 527
f 526 598 599
f 527 600 528
f 527 599 600
f 528 601 529
f 528 600 601
f 529 602 530
f 529 601 602
f 530 603 531
f 530 602 603
f 531 604 532
f 531 603 604
f 532 605 533
f 532 604 605
f 533 606 534
f 533 605 606
f 534 607 535
f 534 606 607
f 535 608 536
f 535 607 608
f 536 609 537
f 536 608 609
f 537 610 538
f 537 609 610
f 538 611 539
f 538 610 611
f 539 612 540
f 539 611 612
f 540 613 541
f 540 612 613
f 541 614 542
f 541 613 614
f 542 615 543
f 542 614 615
f 543 616 544
f 543 615 616
f 544 617 545
f 544 616 617
f 545 618 546
f 545 617 618
f 546 619 547
f 546 618 619
f 547 620 548
f 547 619 620
f 548 621 549
f 548 620 621
f 549 622 550
f 549 621 622
f 550 623 551
f 550 622 623
f 551 624 552
f 551 623 624
f 552 625 553
f 552 624 625
f 553 626 554
f 553 625 626
f 554 627 555
f 554 626 627
f 555 628 556
f 555 627 628
f 556 629 557
f 556 628 629
f 557 630 558
f 557 629 630
f 558 631 559
f 558 630 631
f 559 632 560
f 559 631 632
f 560 633 561
f 560 632 633
f 561 634 562
f 561 633 634
f 562 635 563
f 562 634 635
f 563 636 564
f 563 635 636
f 564 637 565
f 564 636 637
f 565 638 566
f 565 637 638
f 566 639 567
f 566 638 639
f 567 640 568
f 567 639 640
f 568 641 569
f 568 640 641
f 569 642 570
f 569 641 642
f 570 643 571
f 570 642 643
f 571 644 572
f 571 643 644
f 572 645 573
f 572 644 645
f 573 646 574
f 573 645 646
f 574 647 575
f 574 646 647
f 575 648 576
f 575 647 648
f 576 577 505
f 576 648 577
f 577 649 578
f 578 649 650
f 578 650 579
f 579 650 651
f 579 651 580
f 580 651 652
f 580 652 581
f 581 652 653
f 581 653 582
f 582 653 654
f 582 654 583
f 583 654 655
f 583 655 584
f 584 655 656
f 584 656 585
f 585 656 657
f 585 657 586
f 586 657 658
f 586 658 587
f 587 658 659
f 587 659 588
f 588 659 660
f 588 660 589
f 589 660 661
f 589 661 590
f 590 661 662
f 590 662 591
f 591 662 663
f 591 663 592
f 592 663 664
f 592 664 593
f 593 664 665
f 593 665 594
f 594 665 666
f 594 666 595
f 595 666 667
f 595 667 596
f 596 667 668
f 596 668 597
f 597 668 669
f 597 669 598
f 598 669 670
f 598 670 599
f 599 670 671
f 599 671 600
f 600 671 672
f 600 672 601
f 601 672 673
f 601 673 602
f 602 673 674
f 602 674 603
f 603 674 675
f 603 675 604
f 604 675 676
f 604 676 605
f 605 676 677
f 605 677 606
f 606 677 678
f 606 678 607
f 607 678 679
f 607 679 608
f 608 679 680
f 608 680 609
f 609 680 681
f 609 681 610
f 610 681 682
f 610 682 611
f 611 682 683
f 611 683 612
f 612 683 684
f 612 684 613
f 613 684 685
f 613 685 614
f 614 685 686
f 614 686 615
f 615 686 687
f 615 687 616
f 616 687 688
f 616 688 617
f 617 688 689
f 617 689 618
f 618 689 690
f 618 690 619
f 619 690 691
f 619 691 620
f 620 691 692
f 620 692 621
f 621 692 693
f 621 693 622
f 622 693 694
f 622 694 623
f 623 694 695
f 623 695 624
f 624 695 696
f 624 696 625
f 625 696 697
f 625 697 626
f 626 697 698
f 626 698 627
f 627 698 699
f 627 699 628
f 628 699 700
f 628 700 629
f 629 700 701
f 629 701 630
f 630 701 702
f 630 702 631
f 631 702 703
f 631 703 632
f 632 703 704
f 632 704 633
f 633 704 705
f 633 705 634
f 634 705 706
f 634 706 635
f 635 706 707
f 635 707 636
f 636 707 708
f 636 708 637
f 637 708 709
f 637 709 638
f 638 709 710
f 638 710 639
f 639 710 711
f 639 711 640
f 640 711 712
f 640 712 641
f 641 712 713
f 641 713 642
f 642 713 714
f 642 714 643
f 643 714 715
f 643 715 644
f 644 715 716
f 644 716 645
f 645 716 717
f 645 717 646
f 646 717 718
f 646 718 647
f 647 718 719
f 647 719 648
f 648 719 720
f 648 720 577
f 577 720 649
f 649 722 650
f 649 721 722
f 650 723 651
f 650 722 723
f 651 724 652
f 651 723 724
f 652 725 653
f 652 724 725
f 653 726 654
f 653 725 726
f 654 727 655
f 654 726 727
f 655 728 656
f 655 727 728
f 656 729 657
f 656 728 729
f 657 730 658
f 657 729 730
f 658 731 659
f 658 730 731
f 659 732 660
f 659 731 732
f 660 733 661
f 660 732 733
f 661 734 662
f 661 733 734
f 662 735 663
f 662 734 735
f 663 736 664
f 663 735 736
f 664 737 665
f 664 736 737
f 665 738 666
f 665 737 738
f 666 739 667
f 666 738 739
f 667 740 668
f 667 739 740
f 668 741 669
f 668 740 741
f 669 742 670
f 669 741 742
f 670 743 671
f 670 742 743
f 671 744 672
f 671 743 744
f 672 745 673
f 672 744 745
f 673 746 674
f 673 745 746
f 674 747 675
f 674 746 747
f 675 748 676
f 675 747 748
f 676 749 677
f 676 748 749
f 677 750 678
f 677 749 750
f 678 751 679
f 678 750 751
f 679 752 680
f 679 751 752
f 680 753 681
f 680 752 753
f 681 754 682
f 681 753 754
f 682 755 683
f 682 754 755
f 683 756 684
f 683 755 756
f 684 757 685
f 684 756 757
f 685 758 686
f 685 757 758
f 686 759 687
f 686 758 759
f 687 760 688
f 687 759 760
f 688 761 689
f 688 760 761
f 689 762 690
f 689 761 762
f 690 763 691
f 690 762 763
f 691 764 692
f 691 763 764
f 692 765 693
f 692 764 765
f 693 766 694
f 693 765 766
f 694 767 695
f 694 766 767
f 695 768 696
f 695 767 768
f 696 769 697
f 696 768 769
f 697 770 698
f 697 769 770
f 698 771 699
f 698 770 771
f 699 772 700
f 699 771 772
f 700 773 701
f 700 772 773
f 701 774 702
f 701 773 774
f 702 775 703
f 702 774 775
f 703 776 704
f 703 775 776
f 704 777 705
f 704 776 777
f 705 778 706
f 705 777 778
f 706 779 707
f 706 778 779
f 707 780 708
f 707 779 780
f 708 781 709
f 708 780 781
f 709 782 710
f 709 781 782
f 710 783 711
f 710 782 783
f 711 784 712
f 711 783 784
f 712 785 713
f 712 784 785
f 713 786 714
f 713 785 786
f 714 787 715
f 714 786 787
f 715 788 716
f 715 787 788
f 716 789 717
f 716 788 789
f 717 790 718
f 717 789 790
f 718 791 719
f 718 790 791
f 719 792 720
f 719 791 792
f 720 721 649
f 720 792 721
f 721 793 722
f 722 793 794
f 722 794 723
f 723 794 795
f 723 795 724
f 724 795 796
f 724 796 725
f 725 796 797
f 725 797 726
f 726 797 798
f 726 798 727
f 727 798 799
f 727 799 728
f 728 799 800
f 728 800 729
f 729 800 801
f 729 801 730
f 730 801 802
f 730 802 731
f 731 802 803
f 731 803 732
f 732 803 804
f 732 804 733
f 733 804 805
f 733 805 734
f 734 805 806
f 734 806 735
f 735 806 807
f 735 807 736
f 736 807 808
f 736 808 737
f 737 808 809
f 737 809 738
f 738 809 810
f 738 810 739
f 739 810 811
f 739 811 740
f 740 811 812
f 740 812 741
f 741 812 813
f 741 813 742
f 742 813 814
f 742 814 743
f 743 814 815
f 743 815 744
f 744 815 816
f 744 816 745
f 745 816 817
f 745 817 746
f 746 817 818
f 746 818 747
f 747 818 819
f 747 819 748
f 748 819 820
f 748 820 749
f 749 820 821
f 749 821 750
f 750 821 822
f 750 822 751
f 751 822 823
f 751 823 752
f 752 823 824
f 752 824 753
f 753 824 825
f 753 825 754
f 754 825 826
f 754 826 755
f 755 826 827
f 755 827 756
f 756 827 828
f 756 828 757
f 757 828 829
f 757 829 758
f 758 829 830
f 758 830 759
f 759 830 831
f 759 831 760
f 760 831 832
f 760 832 761
f 761 832 833
f 761 833 762
f 762 833 834
f 762 834 763
f 763 834 835
f 763 835 764
f 764 835 836
f 764 836 765
f 765 836 837
f 765 837 766
f 766 837 838
f 766 838 767
f 767 838 839
f 767 839 768
f 768 839 840
f 768 840 769
f 769 840 841
f 769 841 770
f 770 841 842
f 770 842 771
f 771 842 843
f 771 843 772
f 772 843 844
f 772 844 773
f 773 844 845
f 773 845 774
f 774 845 846
f 774 846 775
f 775 846 847
f 775 847 776
f 776 847 848
f 776 848 777
f 777 848 849
f 777 849 778
f 778 849 850
f 778 850 779
f 779 850 851
f 779 851 780
f 780 851 852
f 780 852 781
f 781 852 853
f 781 853 782
f 782 853 854
f 782 854 783
f 783 854 855
f 783 855 784
f 784 855 856
f 784 856 785
f 785 856 857
f 785 857 786
f 786 857 858
f 786 858 787
f 787 858 859
f 787 859 788
f 788 859 860
f 788 860 789
f 789 860 861
f 789 861 790
f 790 861 862
f 790 862 791
f 791 862 863
f 791 863 792
f 792 863 864
f 792 864 721
f 721 864 793
f 793 866 794
f 793 865 866
f 794 867 795
f 794 866 867
f 795 868 796
f 795 867 868
f 796 869 797
f 796 868 869
f 797 870 798
f 797 869 870
f 798 871 799
f 798 870 871
f 799 872 800
f 799 871 872
f 800 873 801
f 800 872 873
f 801 874 802
f 801 873 874
f 802 875 803
f 802 874 875
f 803 876 804
f 803 875 876
f 804 877 805
f 804 876 877
f 805 878 806
f 805 877 878
f 806 879 807
f 806 878 879
f 807 880 808
f 807 879 880
f 808 881 809
f 808 880 881
f 809 882 810
f 809 881 882
f 810 883 811
f 810 882 883
f 811 884 812
f 811 883 884
f 812 885 813
f 812 884 885
f 813 886 814
f 813 885 886
f 814 887 815
f 814 886 887
f 815 888 816
f 815 887 888
f 816 889 817
f 816 888 889
f 817 890 818
f 817 889 890
f 818 891 819
f 818 890 891
f 819 892 820
f 819 891 892
f 820 893 821
f 820 892 893
f 821 894 822
f 821 893 894
f 822 895 823
f 822 894 895
f 823 896 824
f 823 895 896
f 824 897 825
f 824 896 897
f 825 898 826
f 825 897 898
f 826 899 827
f 826 898 899
f 827 900 828
f 827 899 900
f 828 901 829
f 828 900 901
f 829 902 830
f 829 901 902
f 830 903 831
f 830 902 903
f 831 904 832
f 831 903 904
f 832 905 833
f 832 904 905
f 833 906 834
f 833 905 906
f 834 907 835
f 834 906 907
f 835 908 836
f 835 907 908
f 836 909 837
f 836 908 909
f 837 910 838
f 837 909 910
f 838 911 839
f 838 910 911
f 839 912 840
f 839 911 912
f 840 913 841
f 840 912 913
f 841 914 842
f 841 913 914
f 842 915 843
f 842 914 915
f 843 916 844
f 843 915 916
f 844 917 845
f 844 916 917
f 845 918 846
f 845 917 918
f 846 919 847
f 846 918 919
f 847 920 848
f 847 919 920
f 848 921 849
f 848 920 921
f 849 922 850
f 849 921 922
f 850 923 851
f 850 922 923
f 851 924 852
f 851 923 924
f 852 925 853
f 852 924 925
f 853 926 854
f 853 925 926
f 854 927 855
f 854 926 927
f 855 928 856
f 855 927 928
f 856 929 857
f 856 928 929
f 857 930 858
f 857 929 930
f 858 931 859
f 858 930 931
f 859 932 860
f 859 931 932
f 860 933 861
f 860 932 933
f 861 934 862
f 861 933 934
f 862 935 863
f 862 934 935
f 863 936 864
f 863 935 936
f 864 865 793
f 864 936 865
f 865 937 866
f 866 937 938
f 866 938 867
f 867 938 939
f 867 939 868
f 868 939 940
f 868 940 869
f 869 940 941
f 869 941 870
f 870 941 942
f 870 942 871
f 871 942 943
f 871 943 872
f 872 943 944
f 872 944 873
f 873 944 945
f 873 945 874
f 874 945 946
f 874 946 875
f 875 946 947
f 875 947 876
f 876 947 948
f 876 948 877
f 877 948 949
f 877 949 878
f 878 949 950
f 878 950 879
f 879 950 951
f 879 951 880
f 880 951 952
f 880 952 881
f 881 952 953
f 881 953 882
f 882 953 954
f 882 954 883
f 883 954 955
f 883 955 884
f 884 955 956
f 884 956 885
f 885 956 957
f 885 957 886
f 886 957 958
f 886 958 887
f 887 958 959
f 887 959 888
f 888 959 960
f 888 960 889
f 889 960 961
f 889 961 890
f 890 961 962
f 890 962 891
f 891 962 963
f 891 963 892
f 892 963 964
f 892 964 893
f 893 964 965
f 893 965 894
f 894 965 966
f 894 966 895
f 895 966 967
f 895 967 896
f 896 967 968
f 896 968 897
f 897 968 969
f 897 969 898
f 898 969 970
f 898 970 899
f 899 970 971
f 899 971 900
f 900 971 972
f 900 972 901
f 901 972 973
f 901 973 902
f 902 973 974
f 902 974 903
f 903 974 975
f 903 975 904
f 904 975 976
f 904 976 905
f 905 976 977
f 905 977 906
f 906 977 978
f 906 978 907
f 907 978 979
f 907 979 908
f 908 979 980
f 908 980 909
f 909 980 981
f 909 981 910
f 910 981 982
f 910 982 911
f 911 982 983
f 911 983 912
f 912 983 984
f 912 984 913
f 913 984 985
f 913 985 914
f 914 985 986
f 914 986 915
f 915 986 987
f 915 987 916
f 916 987 988
f 916 988 917
f 917 988 989
f 917 989 918
f 918 989 990
f 918 990 919
f 919 990 991
f 919 991 920
f 920 991 992
f 920 992 921
f 921 992 993
f 921 993 922
f 922 993 994
f 922 994 923
f 923 994 995
f 923 995 924
f 924 995 996
f 924 996 925
f 925 996 997
f 925 997 926
f 926 997 998
f 926 998 927
f 927 998 999
f 927 999 928
f 928 999 1000
f 928 1000 929
f 929 1000 1001
f 929 1001 930
f 930 1001 1002
f 930 1002 931
f 931 1002 1003
f 931 1003 932
f 932 1003 1004
f 932 1004 933
f 933 1004 1005
f 933 1005 934
f 934 1005 1006
f 934 1006 935
f 935 1006 1007
f 935 1007 936
f 936 1007 1008
f 936 1008 865
f 865 1008 937
f 937 1010 938
f 937 1009 1010
f 938 1011 939
f 938 1010 1011
f 939 1012 940
f 939 1011 1012
f 940 1013 941
f 940 1012 1013
f 941 1014 942
f 941 1013 1014
f 942 1015 943
f 942 1014 1015
f 943 1016 944
f 943 1015 1016
f 944 1017 945
f 944 1016 1017
f 945 1018 946
f 945 1017 1018
f 946 1019 947
f 946 1018 1019
f 947 1020 948
f 947 1019 1020
f 948 1021 949
f 948 1020 1021
f 949 1022 950
f 949 1021 1022
f 950 1023 951
f 950 1022 1023
f 951 1024 952
f 951 1023 1024
f 952 1025 953
f 952 1024 1025
f 953 1026 954
f 953 1025 1026
f 954 1027 955
f 954 1026 1027
f 955 1028 956
f 955 1027 1028
f 956 1029 957
f 956 1028 1029
f 957 1030 958
f 957 1029 1030
f 958 1031 959
f 958 1030 1031
f 959 1032 960
f 959 1031 1032
f 960 1033 961
f 960 1032 1033
f 961 1034 962
f 961 1033 1034
f 962 1035 963
f 962 1034 1035
f 963 1036 964
f 963 1035 1036
f 964 1037 965
f 964 1036 1037
f 965 1038 966
f 965 1037 1038
f 966 1039 967
f 966 1038 1039
f 967 1040 968
f 967 1039 1040
f 968 1041 969
f 968 1040 1041
f 969 1042 970
f 969 1041 1042
f 970 1043 971
f 970 1042 1043
f 971 1044 972
f 971 1043 1044
f 972 1045 973
f 972 1044 1045
f 973 1046 974
f 973 1045 1046
f 974 1047 975
f 974 1046 1047
f 975 1048 976
f 975 1047 1048
f 976 1049 977
f 976 1048 1049
f 977 1050 978
f 977 1049 1050
f 978 1051 979
f 978 1050 1051
f 979 1052 980
f 979 1051 1052
f 980 1053 981
f 980 1052 1053
f 981 1054 982
f 981 1053 1054
f 982 1055 983
f 982 1054 1055
f 983 1056 984
f 983 1055 1056
f 984 1057 985
f 984 1056 1057
f 985 1058 986
f 985 1057 1058
f 986 1059 987
f 986 1058 1059
f 987 1060 988
f 987 1059 1060
f 988 1061 989
f 988 1060 1061
f 989 1062 990
f 989 1061 1062
f 990 1063 991
f 990 1062 1063
f 991 1064 992
f 991 1063 1064
f 992 1065 993
f 992 1064 1065
f 993 1066 994
f 993 1065 1066
f 994 1067 995
f 994 1066 1067
f 995 1068 996
f 995 1067 1068
f 996 1069 997
f 996 1068 1069
f 997 1070 998
f 997 1069 1070
f 998 1071 999
f 998 1070 1071
f 999 1072 1000
f 999 1071 1072
f 1000 1073 1001
f 1000 1072 1073
f 1001 1074 1002
f 1001 1073 1074
f 1002 1075 1003
f 1002 1074 1075
f 1003 1076 1004
f 1003 1075 1076
f 1004 1077 1005
f 1004 1076 1077
f 1005 1078 1006
f 1005 1077 1078
f 1006 1079 1007
f 1006 1078 1079
f 1007 1080 1008
f 1007 1079 1080
f 1008 1009 937
f 1008 1080 1009
f 1009 1081 1010
f 1010 1081 1082
f 1010 1082 1011
f 1011 1082 1083
f 1011 1083 1012
f 1012 1083 1084
f 1012 1084 1013
f 1013 1084 1085
f 1013 1085 1014
f 1014 1085 1086
f 1014 1086 1015
f 1015 1086 1087
f 1015 1087 1016
f 1016 1087 1088
f 1016 1088 1017
f 1017 1088 1089
f 1017 1089 1018
f 1018 1089 1090
f 1018 1090 1019
f 1019 1090 1091
f 1019 1091 1020
f 1020 1091 1092
f 1020 1092 1021
f 1021 1092 1093
f 1021 1093 1022
f 1022 1093 1094
f 1022 1094 1023
f 1023 1094 1095
f 1023 1095 1024
f 1024 1095 1096
f 1024 1096 1025
f 1025 1096 1097
f 1025 1097 1026
f 1026 1097 1098
f 1026 1098 1027
f 1027 1098 1099
f 1027 1099 1028
f 1028 1099 1100
f 1028 1100 1029
f 1029 1100 1101
f 1029 1101 1030
f 1030 1101 1102
f 1030 1102 1031
f 1031 1102 1103
f 1031 1103 1032
f 1032 1103 1104
f 1032 1104 1033
f 1033 1104 1105
f 1033 1105 1034
f 1034 1105 1106
f 1034 1106 1035
f 1035 1106 1107
f 1035 1107 1036
f 1036 1107 1108
f 1036 1108 1037
f 1037 1108 1109
f 1037 1109 1038
f 1038 1109 1110
f 1038 1110 1039
f 1039 1110 1111
f 1039 1111 1040
f 1040 1111 1112
f 1040 1112 1041
f 1041 1112 1113
f 1041 1113 1042
f 1042 1113 1114
f 1042 1114 1043
f 1043 1114 1115
f 1043 1115 1044
f 1044 1115 1116
f 1044 1116 1045
f 1045 1116 1117
f 1045 1117 1046
f 1046 1117 1118
f 1046 1118 1047
f 1047 1118 1119
f 1047 1119 1048
f 1048 1119 1120
f 1048 1120 1049
f 1049 1120 1121
f 1049 1121 1050
f 1050 1121 1122
f 1050 1122 1051
f 1051 1122 1123
f 1051 1123 1052
f 1052 1123 1124
f 1052 1124 1053
f 1053 1124 1125
f 1053 1125 1054
f 1054 1125 1126
f 1054 1126 1055
f 1055 1126 1127
f 1055 1127 1056
f 1056 1127 1128
f 1056 1128 1057
f 1057 1128 1129
f 1057 1129 1058
f 1058 1129 1130
f 1058 1130 1059
f 1059 1130 1131
f 1059 1131 1060
f 1060 1131 1132
f 1060 1132 1061
f 1061 1132 1133
f 1061 1133 1062
f 1062 1133 1134
f 1062 1134 1063
f 1063 1134 1135
f 1063 1135 1064
f 1064 1135 1136
f 1064 1136 1065
f 1065 1136 1137
f 1065 1137 1066
f 1066 1137 1138
f 1066 1138 1067
f 1067 1138 1139
f 1067 1139 1068
f 1068 1139 1140
f 1068 1140 1069
f 1069 1140 1141
f 1069 1141 1070
f 1070 1141 1142
f 1070 1142 1071
f 1071 1142 1143
f 1071 1143 1072
f 1072 1143 1144
f 1072 1144 1073
f 1073 1144 1145
f 1073 1145 1074
f 1074 1145 1146
f 1074 1146 1075
f 1075 1146 1147
f 1075 1147 1076
f 1076 1147 1148
f 1076 1148 1077
f 1077 1148 1149
f 1077 1149 1078
f 1078 1149 1150
f 1078 1150 1079
f 1079 1150 1151
f 1079 1151 1080
f 1080 1151 1152
f 1080 1152 1009
f 1009 1152 1081
f 1081 1154 1082
f 1081 1153 1154
f 1082 1155 1083
f 1082 1154 1155
f 1083 1156 1084
f 1083 1155 1156
f 1084 1157 1085
f 1084 1156 1157
f 1085 1158 1086
f 1085 1157 1158
f 1086 1159 1087
f 1086 1158 1159
f 1087 1160 1088
f 1087 1159 1160
f 1088 1161 1089
f 1088 1160 1161
f 1089 1162 1090
f 1089 1161 1162
f 1090 1163 1091
f 1090 1162 1163
f 1091 1164 1092
f 1091 1163 1164
f 1092 1165 1093
f 1092 1164 1165
f 1093 1166 1094
f 1093 1165 1166
f 1094 1167 1095
f 1094 1166 1167
f 1095 1168 1096
f 1095 1167 1168
f 1096 1169 1097
f 1096 1168 1169
f 1097 1170 1098
f 1097 1169 1170
f 1098 1171 1099
f 1098 1170 1171
f 1099 1172 1100
f 1099 1171 1172
f 1100 1173 1101
f 1100 1172 1173
f 1101 1174 1102
f 1101 1173 1174
f 1102 1175 1103
f 1102 1174 1175
f 1103 1176 1104
f 1103 1175 1176
f 1104 1177 1105
f 1104 1176 1177
f 1105 1178 1106
f 1105 1177 1178
f 1106 1179 1107
f 1106 1178 1179
f 1107 1180 1108
f 1107 1179 1180
f 1108 1181 1109
f 1108 1180 1181
f 1109 1182 1110
f 1109 1181 1182
f 1110 1183 1111
f 1110 1182 1183
f 1111 1184 1112
f 1111 1183 1184
f 1112 1185 1113
f 1112 1184 1185
f 1113 1186 1114
f 1113 1185 1186
f 1114 1187 1115
f 1114 1186 1187
f 1115 1188 1116
f 1115 1187 1188
f 1116 1189 1117
f 1116 1188 1189
f 1117 1190 1118
f 1117 1189 1190
f 1118 1191 1119
f 1118 1190 1191
f 1119 1192 1120
f 1119 1191 1192
f 1120 1193 1121
f 1120 1192 1193
f 1121 1194 1122
f 1121 1193 1194
f 1122 1195 1123
f 1122 1194 1195
f 1123 1196 1124
f 1123 1195 1196
f 1124 1197 1125
f 1124 1196 1197
f 1125 1198 1126
f 1125 1197 1198
f 1126 1199 1127
f 1126 1198 1199
f 1127 1200 1128
f 1127 1199 1200
f 1128 1201 1129
f 1128 1200 1201
f 1129 1202 1130
f 1129 1201 1202
f 1130 1203 1131
f 1130 1202 1203
f 1131 1204 1132
f 1131 1203 1204
f 1132 1205 1133
f 1132 1204 1205
f 1133 1206 1134
f 1133 1205 1206
f 1134 1207 1135
f 1134 1206 1207
f 1135 1208 1136
f 1135 1207 1208
f 1136 1209 1137
f 1136 1208 1209
f 1137 1210 1138
f 1137 1209 1210
f 1138 1211 1139
f 1138 1210 1211
f 1139 1212 1140
f 1139 1211 1212
f 1140 1213 1141
f 1140 1212 1213
f 1141 1214 1142
f 1141 1213 1214
f 1142 1215 1143
f 1142 1214 1215
f 1143 1216 1144
f 1143 1215 1216
f 1144 1217 1145
f 1144 1216 1217
f 1145 1218 1146
f 1145 1217 1218
f 1146 1219 1147
f 1146 1218 1219
f 1147 1220 1148
f 1147 1219 1220
f 1148 1221 1149
f 1148 1220 1221
f 1149 1222 1150
f 1149 1221 1222
f 1150 1223 1151
f 1150 1222 1223
f 1151 1224 1152
f 1151 1223 1224
f 1152 1153 1081
f 1152 1224 1153
f 1153 1225 1154
f 1154 1225 1226
f 1154 1226 1155
f 1155 1226 1227
f 1155 1227 1156
f 1156 1227 1228
f 1156 1228 1157
f 1157 1228 1229
f 1157 1229 1158
f 1158 1229 1230
f 1158 1230 1159
f 1159 1230 1231
f 1159 1231 1160
f 1160 1231 1232
f 1160 1232 1161
f 1161 1232 1233
f 1161 1233 1162
f 1162 1233 1234
f 1162 1234 1163
f 1163 1234 1235
f 1163 1235 1164
f 1164 1235 1236
f 1164 1236 1165
f 1165 1236 1237
f 1165 1237 1166
f 1166 1237 1238
f 1166 1238 1167
f 1167 1238 1239
f 1167 1239 1168
f 1168 1239 1240
f 1168 1240 1169
f 1169 1240 1241
f 1169 1241 1170
f 1170 1241 1242
f 1170 1242 1171
f 1171 1242 1243
f 1171 1243 1172
f 1172 1243 1244
f 1172 1244 1173
f 1173 1244 1245
f 1173 1245 1174
f 1174 1245 1246
f 1174 1246 1175
f 1175 1246 1247
f 1175 1247 1176
f 1176 1247 1248
f 1176 1248 1177
f 1177 1248 1249
f 1177 1249 1178
f 1178 1249 1250
f 1178 1250 1179
f 1179 1250 1251
f 1179 1251 1180
f 1180 1251 1252
f 1180 1252 1181
f 1181 1252 1253
f 1181 1253 1182
f 1182 1253 1254
f 1182 1254 1183
f 1183 1254 1255
f 1183 1255 1184
f 1184 1255 1256
f 1184 1256 1185
f 1185 1256 1257
f 1185 1257 1186
f 1186 1257 1258
f 1186 1258 1187
f 1187 1258 1259
f 1187 1259 1188
f 1188 1259 1260
f 1188 1260 1189
f 1189 1260 1261
f 1189 1261 1190
f 1190 1261 1262
f 1190 1262 1191
f 1191 1262 1263
f 1191 1263 1192
f 1192 1263 1264
f 1192 1264 1193
f 1193 1264 1265
f 1193 1265 1194
f 1194 1265 1266
f 1194 1266 1195
f 1195 1266 1267
f 1195 1267 1196
f 1196 1267 1268
f 1196 1268 1197
f 1197 1268 1269
f 1197 1269 1198
f 1198 1269 1270
f 1198 1270 1199
f 1199 1270 1271
f 1199 1271 1200
f 1200 1271 1272
f 1200 1272 1201
f 1201 1272 1273
f 1201 1273 1202
f 1202 1273 1274
f 1202 1274 1203
f 1203 1274 1275
f 1203 1275 1204
f 1204 1275 1276
f 1204 1276 1205
f 1205 1276 1277
f 1205 1277 1206
f 1206 1277 1278
f 1206 1278 1207
f 1207 1278 1279
f 1207 1279 1208
f 1208 1279 1280
f 1208 1280 1209
f 1209 1280 1281
f 1209 1281 1210
f 1210 1281 1282
f 1210 1282 1211
f 1211 1282 1283
f 1211 1283 1212
f 1212 1283 1284
f 1212 1284 1213
f 1213 1284 1285
f 1213 1285 1214
f 1214 1285 1286
f 1214 1286 1215
f 1215 1286 1287
f 1215 1287 1216
f 1216 1287 1288
f 1216 1288 1217
f 1217 1288 1289
f 1217 1289 1218
f 1218 1289 1290
f 1218 1290 1219
f 1219 1290 1291
f 1219 1291 1220
f 1220 1291 1292
f 1220 1292 1221
f 1221 1292 1293
f 1221 1293 1222
f 1222 1293 1294
f 1222 1294 1223
f 1223 1294 1295
f 1223 1295 1224
f 1224 1295 1296
f 1224 1296 1153
f 1153 1296 1225
f 1225 1298 1226
f 1225 1297 1298
f 1226 1299 1227
f 1226 1298 1299
f 1227 1300 1228
f 1227 1299 1300
f 1228 1301 1229
f 1228 1300 1301
f 1229 1302 1230
f 1229 1301 1302
f 1230 1303 1231
f 1230 1302 1303
f 1231 1304 1232
f 1231 1303 1304
f 1232 1305 1233
f 1232 1304 1305
f 1233 1306 1234
f 1233 1305 1306
f 1234 1307 1235
f 1234 1306 1307
f 1235 1308 1236
f 1235 1307 1308
f 1236 1309 1237
f 1236 1308 1309
f 1237 1310 1238
f 1237 1309 1310
f 1238 1311 1239
f 1238 1310 1311
f 1239 1312 1240
f 1239 1311 1312
f 1240 1313 1241
f 1240 1312 1313
f 1241 1314 1242
f 1241 1313 1314
f 1242 1315 1243
f 1242 1314 1315
f 1243 1316 1244
f 1243 1315 1316
f 1244 1317 1245
f 1244 1316 1317
f 1245 1318 1246
f 1245 1317 1318
f 1246 1319 1247
f 1246 1318 1319
f 1247 1320 1248
f 1247 1319 1320
f 1248 1321 1249
f 1248 1320 1321
f 1249 1322 1250
f 1249 1321 1322
f 1250 1323 1251
f 1250 1322 1323
f 1251 1324 1252
f 1251 1323 1324
f 1252 1325 1253
f 1252 1324 1325
f 1253 1326 1254
f 1253 1325 1326
f 1254 1327 1255
f 1254 1326 1327
f 1255 1328 1256
f 1255 1327 1328
f 1256 1329 1257
f 1256 1328 1329
f 1257 1330 1258
f 1257 1329 1330
f 1258 1331 1259
f 1258 1330 1331
f 1259 1332 1260
f 1259 1331 1332
f 1260 1333 1261
f 1260 1332 1333
f 1261 1334 1262
f 1261 1333 1334
f 1262 1335 1263
f 1262 1334 1335
f 1263 1336 1264
f 1263 1335 1336
f 1264 1337 1265
f 1264 1336 1337
f 1265 1338 1266
f 1265 1337 1338
f 1266 1339 1267
f 1266 1338 1339
f 1267 1340 1268
f 1267 1339 1340
f 1268 1341 1269
f 1268 1340 1341
f 1269 1342 1270
f 1269 1341 1342
f 1270 1343 1271
f 1270 1342 1343
f 1271 1344 1272
f 1271 1343 1344
f 1272 1345 1273
f 1272 1344 1345
f 1273 1346 1274
f 1273 1345 1346
f 1274 1347 1275
f 1274 1346 1347
f 1275 1348 1276
f 1275 1347 1348
f 1276 1349 1277
f 1276 1348 1349
f 1277 1350 1278
f 1277 1349 1350
f 1278 1351 1279
f 1278 1350 1351
f 1279 1352 1280
f 1279 1351 1352
f 1280 1353 1281
f 1280 1352 1353
f 1281 1354 1282
f 1281 1353 1354
f 1282 1355 1283
f 1282 1354 1355
f 1283 1356 1284
f 1283 1355 1356
f 1284 1357 1285
f 1284 1356 1357
f 1285 1358 1286
f 1285 1357 1358
f 1286 1359 1287
f 1286 1358 1359
f 1287 1360 1288
f 1287 1359 1360
f 1288 1361 1289
f 1288 1360 1361
f 1289 1362 1290
f 1289 1361 1362
f 1290 1363 1291
f 1290 1362 1363
f 1291 1364 1292
f 1291 1363 1364
f 1292 1365 1293
f 1292 1364 1365
f 1293 1366 1294
f 1293 1365 1366
f 1294 1367 1295
f 1294 1366 1367
f 1295 1368 1296
f 1295 1367 1368
f 1296 1297 1225
f 1296 1368 1297
f 1297 1369 1298
f 1298 1369 1370
f 1298 1370 1299
f 1299 1370 1371
f 1299 1371 1300
f 1300 1371 1372
f 1300 1372 1301
f 1301 1372 1373
f 1301 1373 1302
f 1302 1373 1374
f 1302 1374 1303
f 1303 1374 1375
f 1303 1375 1304
f 1304 1375 1376
f 1304 1376 1305
f 1305 1376 1377
f 1305 1377 1306
f 1306 1377 1378
f 1306 1378 1307
f 1307 1378 1379
f 1307 1379 1308
f 1308 1379 1380
f 1308 1380 1309
f 1309 1380 1381
f 1309 1381 1310
f 1310 1381 1382
f 1310 1382 1311
f 1311 1382 1383
f 1311 1383 1312
f 1312 1383 1384
f 1312 1384 1313
f 1313 1384 1385
f 1313 1385 1314
f 1314 1385 1386
f 1314 1386 1315
f 1315 1386 1387
f 1315 1387 1316
f 1316 1387 1388
f 1316 1388 1317
f 1317 1388 1389
f 1317 1389 1318
f 1318 1389 1390
f 1318 1390 1319
f 1319 1390 1391
f 1319 1391 1320
f 1320 1391 1392
f 1320 1392 1321
f 1321 1392 1393
f 1321 1393 1322
f 1322 1393 1394
f 1322 1394 1323
f 1323 1394 1395
f 1323 1395 1324
f 1324 1395 1396
f 1324 1396 1325
f 1325 1396 1397
f 1325 1397 1326
f 1326 1397 1398
f 1326 1398 1327
f 1327 1398 1399
f 1327 1399 1328
f 1328 1399 1400
f 1328 1400 1329
f 1329 1400 1401
f 1329 1401 1330
f 1330 1401 1402
f 1330 1402 1331
f 1331 1402 1403
f 1331 1403 1332
f 1332 1403 1404
f 1332 1404 1333
f 1333 1404 1405
f 1333 1405 1334
f 1334 1405 1406
f 1334 1406 1335
f 1335 1406 1407
f 1335 1407 1336
f 1336 1407 1408
f 1336 1408 1337
f 1337 1408 1409
f 1337 1409 1338
f 1338 1409 1410
f 1338 1410 1339
f 1339 1410 1411
f 1339 1411 1340
f 1340 1411 1412
f 1340 1412 1341
f 1341 1412 1413
f 1341 1413 1342
f 1342 1413 1414
f 1342 1414 1343
f 1343 1414 1415
f 1343 1415 1344
f 1344 1415 1416
f 1344 1416 1345
f 1345 1416 1417
f 1345 1417 1346
f 1346 1417 1418
f 1346 1418 1347
f 1347 1418 1419
f 1347 1419 1348
f 1348 1419 1420
f 1348 1420 1349
f 1349 1420 1421
f 1349 1421 1350
f 1350 1421 1422
f 1350 1422 1351
f 1351 1422 1423
f 1351 1423 1352
f 1352 1423 1424
f 1352 1424 1353
f 1353 1424 1425
f 1353 1425 1354
f 1354 1425 1426
f 1354 1426 1355
f 1355 1426 1427
f 1355 1427 1356
f 1356 1427 1428
f 1356 1428 1357
f 1357 1428 1429
f 1357 1429 1358
f 1358 1429 1430
f 1358 1430 1359
f 1359 1430 1431
f 1359 1431 1360
f 1360 1431 1432
f 1360 1432 1361
f 1361 1432 1433
f 1361 1433 1362
f 1362 1433 1434
f 1362 1434 1363
f 1363 1434 1435
f 1363 1435 1364
f 1364 1435 1436
f 1364 1436 1365
f 1365 1436 1437
f 1365 1437 1366
f 1366 1437 1438
f 1366 1438 1367
f 1367 1438 1439
f 1367 1439 1368
f 1368 1439 1440
f 1368 1440 1297
f 1297 1440 1369
f 1369 1442 1370
f 1369 1441 1442
f 1370 1443 1371
f 1370 1442 1443
f 1371 1444 1372
f 1371 1443 1444
f 1372 1445 1373
f 1372 1444 1445
f 1373 1446 1374
f 1373 1445 1446
f 1374 1447 1375
f 1374 1446 1447
f 1375 1448 1376
f 1375 1447 1448
f 1376 1449 1377
f 1376 1448 1449
f 1377 1450 1378
f 1377 1449 1450
f 1378 1451 1379
f 1378 1450 1451
f 1379 1452 1380
f 1379 1451 1452
f 1380 1453 1381
f 1380 1452 1453
f 1381 1454 1382
f 1381 1453 1454
f 1382 1455 1383
f 1382 1454 1455
f 1383 1456 1384
f 1383 1455 1456
f 1384 1457 1385
f 1384 1456 1457
f 1385 1458 1386
f 1385 1457 1458
f 1386 1459 1387
f 1386 1458 1459
f 1387 1460 1388
f 1387 1459 1460
f 1388 1461 1389
f 1388 1460 1461
f 1389 1462 1390
f 1389 1461 1462
f 1390 1463 1391
f 1390 1462 1463
f 1391 1464 1392
f 1391 1463 1464
f 1392 1465 1393
f 1392 1464 1465
f 1393 1466 1394
f 1393 1465 1466
f 1394 1467 1395
f 1394 1466 1467
f 1395 1468 1396
f 1395 1467 1468
f 1396 1469 1397
f 1396 1468 1469
f 1397 1470 1398
f 1397 1469 1470
f 1398 1471 1399
f 1398 1470 1471
f 1399 1472 1400
f 1399 1471 1472
f 1400 1473 1401
f 1400 1472 1473
f 1401 1474 1402
f 1401 1473 1474
f 1402 1475 1403
f 1402 1474 1475
f 1403 1476 1404
f 1403 1475 1476
f 1404 1477 1405
f 1404 1476 1477
f 1405 1478 1406
f 1405 1477 1478
f 1406 1479 1407
f 1406 1478 1479
f 1407 1480 1408
f 1407 1479 1480
f 1408 1481 1409
f 1408 1480 1481
f 1409 1482 1410
f 1409 1481 1482
f 1410 1483 1411
f 1410 1482 1483
f 1411 1484 1412
f 1411 1483 1484
f 1412 1485 1413
f 1412 1484 1485
f 1413 1486 1414
f 1413 1485 1486
f 1414 1487 1415
f 1414 1486 1487
f 1415 1488 1416
f 1415 1487 1488
f 1416 1489 1417
f 1416 1488 1489
f 1417 1490 1418
f 1417 1489 1490
f 1418 1491 1419
f 1418 1490 1491
f 1419 1492 1420
f 1419 1491 1492
f 1420 1493 1421
f 1420 1492 1493
f 1421 1494 1422
f 1421 1493 1494
f 1422 1495 1423
f 1422 1494 1495
f 1423 1496 1424
f 1423 1495 1496
f 1424 1497 1425
f 1424 1496 1497
f 1425 1498 1426
f 1425 1497 1498
f 1426 1499 1427
f 1426 1498 1499
f 1427 1500 1428
f 1427 1499 1500
f 1428 1501 1429
f 1428 1500 1501
f 1429 1502 1430
f 1429 1501 1502
f 1430 1503 1431
f 1430 1502 1503
f 1431 1504 1432
f 1431 1503 1504
f 1432 1505 1433
f 1432 1504 1505
f 1433 1506 1434
f 1433 1505 1506
f 1434 1507 1435
f 1434 1506 1507
f 1435 1508 1436
f 1435 1507 1508
f 1436 1509 1437
f 1436 1508 1509
f 1437 1510 1438
f 1437 1509 1510
f 1438 1511 1439
f 1438 1510 1511
f 1439 1512 1440
f 1439 1511 1512
f 1440 1441 1369
f 1440 1512 1441
f 1441 1513 1442
f 1442 1513 1514
f 1442 1514 1443
f 1443 1514 1515
f 1443 1515 1444
f 1444 1515 1516
f 1444 1516 1445
f 1445 1516 1517
f 1445 1517 1446
f 1446 1517 1518
f 1446 1518 1447
f 1447 1518 1519
f 1447 1519 1448
f 1448 1519 1520
f 1448 1520 1449
f 1449 1520 1521
f 1449 1521 1450
f 1450 1521 1522
f 1450 1522 1451
f 1451 1522 1523
f 1451 1523 1452
f 1452 1523 1524
f 1452 1524 1453
f 1453 1524 1525
f 1453 1525 1454
f 1454 1525 1526
f 1454 1526 1455
f 1455 1526 1527
f 1455 1527 1456
f 1456 1527 1528
f 1456 1528 1457
f 1457 1528 1529
f 1457 1529 1458
f 1458 1529 1530
f 1458 1530 1459
f 1459 1530 1531
f 1459 1531 1460
f 1460 1531 1532
f 1460 1532 1461
f 1461 1532 1533
f 1461 1533 1462
f 1462 1533 1534
f 1462 1534 1463
f 1463 1534 1535
f 1463 1535 1464
f 1464 1535 1536
f 1464 1536 1465
f 1465 1536 1537
f 1465 1537 1466
f 1466 1537 1538
f 1466 1538 1467
f 1467 1538 1539
f 1467 1539 1468
f 1468 1539 1540
f 1468 1540 1469
f 1469 1540 1541
f 1469 1541 1470
f 1470 1541 1542
f 1470 1542 1471
f 1471 1542 1543
f 1471 1543 1472
f 1472 1543 1544
f 1472 1544 1473
f 1473 1544 1545
f 1473 1545 1474
f 1474 1545 1546
f 1474 1546 1475
f 1475 1546 1547
f 1475 1547 1476
f 1476 1547 1548
f 1476 1548 1477
f 1477 1548 1549
f 1477 1549 1478
f 1478 1549 1550
f 1478 1550 1479
f 1479 1550 1551
f 1479 1551 1480
f 1480 1551 1552
f 1480 1552 1481
f 1481 1552 1553
f 1481 1553 1482
f 1482 1553 1554
f 1482 1554 1483
f 1483 1554 1555
f 1483 1555 1484
f 1484 1555 1556
f 1484 1556 1485
f 1485 1556 1557
f 1485 1557 1486
f 1486 1557 1558
f 1486 1558 1487
f 1487 1558 1559
f 1487 1559 1488
f 1488 1559 1560
f 1488 1560 1489
f 1489 1560 1561
f 1489 1561 1490
f 1490 1561 1562
f 1490 1562 1491
f 1491 1562 1563
f 1491 1563 1492
f 1492 1563 1564
f 1492 1564 1493
f 1493 1564 1565
f 1493 1565 1494
f 1494 1565 1566
f 1494 1566 1495
f 1495 1566 1567
f 1495 1567 1496
f 1496 1567 1568
f 1496 1568 1497
f 1497 1568 1569
f 1497 1569 1498
f 1498 1569 1570
f 1498 1570 1499
f 1499 1570 1571
f 1499 1571 1500
f 1500 1571 1572
f 1500 1572 1501
f 1501 1572 1573
f 1501 1573 1502
f 1502 1573 1574
f 1502 1574 1503
f 1503 1574 1575
f 1503 1575 1504
f 1504 1575 1576
f 1504 1576 1505
f 1505 1576 1577
f 1505 1577 1506
f 1506 1577 1578
f 1506 1578 1507
f 1507 1578 1579
f 1507 1579 1508
f 1508 1579 1580
f 1508 1580 1509
f 1509 1580 1581
f 1509 1581 1510
f 1510 1581 1582
f 1510 1582 1511
f 1511 1582 1583
f 1511 1583 1512
f 1512 1583 1584
f 1512 1584 1441
f 1441 1584 1513
f 1513 1586 1514
f 1513 1585 1586
f 1514 1587 1515
f 1514 1586 1587
f 1515 1588 1516
f 1515 1587 1588
f 1516 1589 1517
f 1516 1588 1589
f 1517 1590 1518
f 1517 1589 1590
f 1518 1591 1519
f 1518 1590 1591
f 1519 1592 1520
f 1519 1591 1592
f 1520 1593 1521
f 1520 1592 1593
f 1521 1594 1522
f 1521 1593 1594
f 1522 1595 1523
f 1522 1594 1595
f 1523 1596 1524
f 1523 1595 1596
f 1524 1597 1525
f 1524 1596 1597
f 1525 1598 1526
f 1525 1597 1598
f 1526 1599 1527
f 1526 1598 1599
f 1527 1600 1528
f 1527 1599 1600
f 1528 1601 1529
f 1528 1600 1601
f 1529 1602 1530
f 1529 1601 1602
f 1530 1603 1531
f 1530 1602 1603
f 1531 1604 1532
f 1531 1603 1604
f 1532 1605 1533
f 1532 1604 1605
f 1533 1606 1534
f 1533 1605 1606
f 1534 1607 1535
f 1534 1606 1607
f 1535 1608 1536
f 1535 1607 1608
f 1536 1609 1537
f 1536 1608 1609
f 1537 1610 1538
f 1537 1609 1610
f 1538 1611 1539
f 1538 1610 1611
f 1539 1612 1540
f 1539 1611 1612
f 1540 1613 1541
f 1540 1612 1613
f 1541 1614 1542
f 1541 1613 1614
f 1542 1615 1543
f 1542 1614 1615
f 1543 1616 1544
f 1543 1615 1616
f 1544 1617 1545
f 1544 1616 1617
f 1545 1618 1546
f 1545 1617 1618
f 1546 1619 1547
f 1546 1618 1619
f 1547 1620 1548
f 1547 1619 1620
f 1548 1621 1549
f 1548 1620 1621
f 1549 1622 1550
f 1549 1621 1622
f 1550 1623 1551
f 1550 1622 1623
f 1551 1624 1552
f 1551 1623 1624
f 1552 1625 1553
f 1552 1624 1625
f 1553 1626 1554
f 1553 1625 1626
f 1554 1627 1555
f 1554 1626 1627
f 1555 1628 1556
f 1555 1627 1628
f 1556 1629 1557
f 1556 1628 1629
f 1557 1630 1558
f 1557 1629 1630
f 1558 1631 1559
f 1558 1630 1631
f 1559 1632 1560
f 1559 1631 1632
f 1560 1633 1561
f 1560 1632 1633
f 1561 1634 1562
f 1561 1633 1634
f 1562 1635 1563
f 1562 1634 1635
f 1563 1636 1564
f 1563 1635 1636
f 1564 1637 1565
f 1564 1636 1637
f 1565 1638 1566
f 1565 1637 1638
f 1566 1639 1567
f 1566 1638 1639
f 1567 1640 1568
f 1567 1639 1640
f 1568 1641 1569
f 1568 1640 1641
f 1569 1642 1570
f 1569 1641 1642
f 1570 1643 1571
f 1570 1642 1643
f 1571 1644 1572
f 1571 1643 1644
f 1572 1645 1573
f 1572 1644 1645
f 1573 1646 1574
f 1573 1645 1646
f 1574 1647 1575
f 1574 1646 1647
f 1575 1648 1576
f 1575 1647 1648
f 1576 1649 1577
f 1576 1648 1649
f 1577 1650 1578
f 1577 1649 1650
f 1578 1651 1579
f 1578 1650 1651
f 1579 1652 1580
f 1579 1651 1652
f 1580 1653 1581
f 1580 1652 1653
f 1581 1654 1582
f 1581 1653 1654
f 1582 1655 1583
f 1582 1654 1655
f 1583 1656 1584
f 1583 1655 1656
f 1584 1585 1513
f 1584 1656 1585
f 1585 1657 1586
f 1586 1657 1658
f 1586 1658 1587
f 1587 1658 1659
f 1587 1659 1588
f 1588 1659 1660
f 1588 1660 1589
f 1589 1660 1661
f 1589 1661 1590
f 1590 1661 1662
f 1590 1662 1591
f 1591 1662 1663
f 1591 1663 1592
f 1592 1663 1664
f 1592 1664 1593
f 1593 1664 1665
f 1593 1665 1594
f 1594 1665 1666
f 1594 1666 1595
f 1595 1666 1667
f 1595 1667 1596
f 1596 1667 1668
f 1596 1668 1597
f 1597 1668 1669
f 1597 1669 1598
f 1598 1669 1670
f 1598 1670 1599
f 1599 1670 1671
f 1599 1671 1600
f 1600 1671 1672
f 1600 1672 1601
f 1601 1672 1673
f 1601 1673 1602
f 1602 1673 1674
f 1602 1674 1603
f 1603 1674 1675
f 1603 1675 1604
f 1604 1675 1676
f 1604 1676 1605
f 1605 1676 1677
f 1605 1677 1606
f 1606 1677 1678
f 1606 1678 1607
f 1607 1678 1679
f 1607 1679 1608
f 1608 1679 1680
f 1608 1680 1609
f 1609 1680 1681
f 1609 1681 1610
f 1610 1681 1682
f 1610 1682 1611
f 1611 1682 1683
f 1611 1683 1612
f 1612 1683 1684
f 1612 1684 1613
f 1613 1684 1685
f 1613 1685 1614
f 1614 1685 1686
f 1614 1686 1615
f 1615 1686 1687
f 1615 1687 1616
f 1616 1687 1688
f 1616 1688 1617
f 1617 1688 1689
f 1617 1689 1618
f 1618 1689 1690
f 1618 1690 1619
f 1619 1690 1691
f 1619 1691 1620
f 1620 1691 1692
f 1620 1692 1621
f 1621 1692 1693
f 1621 1693 1622
f 1622 1693 1694
f 1622 1694 1623
f 1623 1694 1695
f 1623 1695 1624
f 1624 1695 1696
f 1624 1696 1625
f 1625 1696 1697
f 1625 1697 1626
f 1626 1697 1698
f 1626 1698 1627
f 1627 1698 1699
f 1627 1699 1628
f 1628 1699 1700
f 1628 1700 1629
f 1629 1700 1701
f 1629 1701 1630
f 1630 1701 1702
f 1630 1702 1631
f 1631 1702 1703
f 1631 1703 1632
f 1632 1703 1704
f 1632 1704 1633
f 1633 1704 1705
f 1633 1705 1634
f 1634 1705 1706
f 1634 1706 1635
f 1635 1706 1707
f 1635 1707 1636
f 1636 1707 1708
f 1636 1708 1637
f 1637 1708 1709
f 1637 1709 1638
f 1638 1709 1710
f 1638 1710 1639
f 1639 1710 1711
f 1639 1711 1640
f 1640 1711 1712
f 1640 1712 1641
f 1641 1712 1713
f 1641 1713 1642
f 1642 1713 1714
f 1642 1714 1643
f 1643 1714 1715
f 1643 1715 1644
f 1644 1715 1716
f 1644 1716 1645
f 1645 1716 1717
f 1645 1717 1646
f 1646 1717 1718
f 1646 1718 1647
f 1647 1718 1719
f 1647 1719 1648
f 1648 1719 1720
f 1648 1720 1649
f 1649 1720 1721
f 1649 1721 1650
f 1650 1721 1722
f 1650 1722 1651
f 1651 1722 1723
f 1651 1723 1652
f 1652 1723 1724
f 1652 1724 1653
f 1653 1724 1725
f 1653 1725 1654
f 1654 1725 1726
f 1654 1726 1655
f 1655 1726 1727
f 1655 1727 1656
f 1656 1727 1728
f 1656 1728 1585
f 1585 1728 1657
f 1657 1730 1658
f 1657 1729 1730
f 1658 1731 1659
f 1658 1730 1731
f 1659 1732 1660
f 1659 1731 1732
f 1660 1733 1661
f 1660 1732 1733
f 1661 1734 1662
f 1661 1733 1734
f 1662 1735 1663
f 1662 1734 1735
f 1663 1736 1664
f 1663 1735 1736
f 1664 1737 1665
f 1664 1736 1737
f 1665 1738 1666
f 1665 1737 1738
f 1666 1739 1667
f 1666 1738 1739
f 1667 1740 1668
f 1667 1739 1740
f 1668 1741 1669
f 1668 1740 1741
f 1669 1742 1670
f 1669 1741 1742
f 1670 1743 1671
f 1670 1742 1743
f 1671 1744 1672
f 1671 1743 1744
f 1672 1745 1673
f 1672 1744 1745
f 1673 1746 1674
f 1673 1745 1746
f 1674 1747 1675
f 1674 1746 1747
f 1675 1748 1676
f 1675 1747 1748
f 1676 1749 1677
f 1676 1748 1749
f 1677 1750 1678
f 1677 1749 1750
f 1678 1751 1679
f 1678 1750 1751
f 1679 1752 1680
f 1679 1751 1752
f 1680 1753 1681
f 1680 1752 1753
f 1681 1754 1682
f 1681 1753 1754
f 1682 1755 1683
f 1682 1754 1755
f 1683 1756 1684
f 1683 1755 1756
f 1684 1757 1685
f 1684 1756 1757
f 1685 1758 1686
f 1685 1757 1758
f 1686 1759 1687
f 1686 1758 1759
f 1687 1760 1688
f 1687 1759 1760
f 1688 1761 1689
f 1688 1760 1761
f 1689 1762 1690
f 1689 1761 1762
f 1690 1763 1691
f 1690 1762 1763
f 1691 1764 1692
f 1691 1763 1764
f 1692 1765 1693
f 1692 1764 1765
f 1693 1766 1694
f 1693 1765 1766
f 1694 1767 1695
f 1694 1766 1767
f 1695 1768 1696
f 1695 1767 1768
f 1696 1769 1697
f 1696 1768 1769
f 1697 1770 1698
f 1697 1769 1770
f 1698 1771 1699
f 1698 1770 1771
f 1699 1772 1700
f 1699 1771 1772
f 1700 1773 1701
f 1700 1772 1773
f 1701 1774 1702
f 1701 1773 1774
f 1702 1775 1703
f 1702 1774 1775
f 1703 1776 1704
f 1703 1775 1776
f 1704 1777 1705
f 1704 1776 1777
f 1705 1778 1706
f 1705 1777 1778
f 1706 1779 1707
f 1706 1778 1779
f 1707 1780 1708
f 1707 1779 1780
f 1708 1781 1709
f 1708 1780 1781
f 1709 1782 1710
f 1709 1781 1782
f 1710 1783 1711
f 1710 1782 1783
f 1711 1784 1712
f 1711 1783 1784
f 1712 1785 1713
f 1712 1784 1785
f 1713 1786 1714
f 1713 1785 1786
f 1714 1787 1715
f 1714 1786 1787
f 1715 1788 1716
f 1715 1787 1788
f 1716 1789 1717
f 1716 1788 1789
f 1717 1790 1718
f 1717 1789 1790
f 1718 1791 1719
f 1718 1790 1791
f 1719 1792 1720
f 1719 1791 1792
f 1720 1793 1721
f 1720 1792 1793
f 1721 1794 1722
f 1721 1793 1794
f 1722 1795 1723
f 1722 1794 1795
f 1723 1796 1724
f 1723 1795 1796
f 1724 1797 1725
f 1724 1796 1797
f 1725 1798 1726
f 1725 1797 1798
f 1726 1799 1727
f 1726 1798 1799
f 1727 1800 1728
f 1727 1799 1800
f 1728 1729 1657
f 1728 1800 1729
f 1729 1801 1730
f 1730 1801 1802
f 1730 1802 1731
f 1731 1802 1803
f 1731 1803 1732
f 1732 1803 1804
f 1732 1804 1733
f 1733 1804 1805
f 1733 1805 1734
f 1734 1805 1806
f 1734 1806 1735
f 1735 1806 1807
f 1735 1807 1736
f 1736 1807 1808
f 1736 1808 1737
f 1737 1808 1809
f 1737 1809 1738
f 1738 1809 1810
f 1738 1810 1739
f 1739 1810 1811
f 1739 1811 1740
f 1740 1811 1812
f 1740 1812 1741
f 1741 1812 1813
f 1741 1813 1742
f 1742 1813 1814
f 1742 1814 1743
f 1743 1814 1815
f 1743 1815 1744
f 1744 1815 1816
f 1744 1816 1745
f 1745 1816 1817
f 1745 1817 1746
f 1746 1817 1818
f 1746 1818 1747
f 1747 1818 1819
f 1747 1819 1748
f 1748 1819 1820
f 1748 1820 1749
f 1749 1820 1821
f 1749 1821 1750
f 1750 1821 1822
f 1750 1822 1751
f 1751 1822 1823
f 1751 1823 1752
f 1752 1823 1824
f 1752 1824 1753
f 1753 1824 1825
f 1753 1825 1754
f 1754 1825 1826
f 1754 1826 1755
f 1755 1826 1827
f 1755 1827 1756
f 1756 1827 1828
f 1756 1828 1757
f 1757 1828 1829
f 1757 1829 1758
f 1758 1829 1830
f 1758 1830 1759
f 1759 1830 1831
f 1759 1831 1760
f 1760 1831 1832
f 1760 1832 1761
f 1761 1832 1833
f 1761 1833 1762
f 1762 1833 1834
f 1762 1834 1763
f 1763 1834 1835
f 1763 1835 1764
f 1764 1835 1836
f 1764 1836 1765
f 1765 1836 1837
f 1765 1837 1766
f 1766 1837 1838
f 1766 1838 1767
f 1767 1838 1839
f 1767 1839 1768
f 1768 1839 1840
f 1768 1840 1769
f 1769 1840 1841
f 1769 1841 1770
f 1770 1841 1842
f 1770 1842 1771
f 1771 1842 1843
f 1771 1843 1772
f 1772 1843 1844
f 1772 1844 1773
f 1773 1844 1845
f 1773 1845 1774
f 1774 1845 1846
f 1774 1846 1775
f 1775 1846 1847
f 1775 1847 1776
f 1776 1847 1848
f 1776 1848 1777
f 1777 1848 1849
f 1777 1849 1778
f 1778 1849 1850
f 1778 1850 1779
f 1779 1850 1851
f 1779 1851 1780
f 1780 1851 1852
f 1780 1852 1781
f 1781 1852 1853
f 1781 1853 1782
f 1782 1853 1854
f 1782 1854 1783
f 1783 1854 1855
f 1783 1855 1784
f 1784 1855 1856
f 1784 1856 1785
f 1785 1856 1857
f 1785 1857 1786
f 1786 1857 1858
f 1786 1858 1787
f 1787 1858 1859
f 1787 1859 1788
f 1788 1859 1860
f 1788 1860 1789
f 1789 1860 1861
f 1789 1861 1790
f 1790 1861 1862
f 1790 1862 1791
f 1791 1862 1863
f 1791 1863 1792
f 1792 1863 1864
f 1792 1864 1793
f 1793 1864 1865
f 1793 1865 1794
f 1794 1865 1866
f 1794 1866 1795
f 1795 1866 1867
f 1795 1867 1796
f 1796 1867 1868
f 1796 1868 1797
f 1797 1868 1869
f 1797 1869 1798
f 1798 1869 1870
f 1798 1870 1799
f 1799 1870 1871
f 1799 1871 1800
f 1800 1871 1872
f 1800 1872 1729
f 1729 1872 1801
f 1801 1874 1802
f 1801 1873 1874
f 1802 1875 1803
f 1802 1874 1875
f 1803 1876 1804
f 1803 1875 1876
f 1804 1877 1805
f 1804 1876 1877
f 1805 1878 1806
f 1805 1877 1878
f 1806 1879 1807
f 1806 1878 1879
f 1807 1880 1808
f 1807 1879 1880
f 1808 1881 1809
f 1808 1880 1881
f 1809 1882 1810
f 1809 1881 1882
f 1810 1883 1811
f 1810 1882 1883
f 1811 1884 1812
f 1811 1883 1884
f 1812 1885 1813
f 1812 1884 1885
f 1813 1886 1814
f 1813 1885 1886
f 1814 1887 1815
f 1814 1886 1887
f 1815 1888 1816
f 1815 1887 1888
f 1816 1889 1817
f 1816 1888 1889
f 1817 1890 1818
f 1817 1889 1890
f 1818 1891 1819
f 1818 1890 1891
f 1819 1892 1820
f 1819 1891 1892
f 1820 1893 1821
f 1820 1892 1893
f 1821 1894 1822
f 1821 1893 1894
f 1822 1895 1823
f 1822 1894 1895
f 1823 1896 1824
f 1823 1895 1896
f 1824 1897 1825
f 1824 1896 1897
f 1825 1898 1826
f 1825 1897 1898
f 1826 1899 1827
f 1826 1898 1899
f 1827 1900 1828
f 1827 1899 1900
f 1828 1901 1829
f 1828 1900 1901
f 1829 1902 1830
f 1829 1901 1902
f 1830 1903 1831
f 1830 1902 1903
f 1831 1904 1832
f 1831 1903 1904
f 1832 1905 1833
f 1832 1904 1905
f 1833 1906 1834
f 1833 1905 1906
f 1834 1907 1835
f 1834 1906 1907
f 1835 1908 1836
f 1835 1907 1908
f 1836 1909 1837
f 1836 1908 1909
f 1837 1910 1838
f 1837 1909 1910
f 1838 1911 1839
f 1838 1910 1911
f 1839 1912 1840
f 1839 1911 1912
f 1840 1913 1841
f 1840 1912 1913
f 1841 1914 1842
f 1841 1913 1914
f 1842 1915 1843
f 1842 1914 1915
f 1843 1916 1844
f 1843 1915 1916
f 1844 1917 1845
f 1844 1916 1917
f 1845 1918 1846
f 1845 1917 1918
f 1846 1919 1847
f 1846 1918 1919
f 1847 1920 1848
f 1847 1919 1920
f 1848 1921 1849
f 1848 1920 1921
f 1849 1922 1850
f 1849 1921 1922
f 1850 1923 1851
f 1850 1922 1923
f 1851 1924 1852
f 1851 1923 1924
f 1852 1925 1853
f 1852 1924 1925
f 1853 1926 1854
f 1853 1925 1926
f 1854 1927 1855
f 1854 1926 1927
f 1855 1928 1856
f 1855 1927 1928
f 1856 1929 1857
f 1856 1928 1929
f 1857 1930 1858
f 1857 1929 1930
f 1858 1931 1859
f 1858 1930 1931
f 1859 1932 1860
f 1859 1931 1932
f 1860 1933 1861
f 1860 1932 1933
f 1861 1934 1862
f 1861 1933 1934
f 1862 1935 1863
f 1862 1934 1935
f 1863 1936 1864
f 1863 1935 1936
f 1864 1937 1865
f 1864 1936 1937
f 1865 1938 1866
f 1865 1937 1938
f 1866 1939 1867
f 1866 1938 1939
f 1867 1940 1868
f 1867 1939 1940
f 1868 1941 1869
f 1868 1940 1941
f 1869 1942 1870
f 1869 1941 1942
f 1870 1943 1871
f 1870 1942 1943
f 1871 1944 1872
f 1871 1943 1944
f 1872 1873 1801
f 1872 1944 1873
f 1873 1945 1874
f 1874 1945 1946
f 1874 1946 1875
f 1875 1946 1947
f 1875 1947 1876
f 1876 1947 1948
f 1876 1948 1877
f 1877 1948 1949
f 1877 1949 1878
f 1878 1949 1950
f 1878 1950 1879
f 1879 1950 1951
f 1879 1951 1880
f 1880 1951 1952
f 1880 1952 1881
f 1881 1952 1953
f 1881 1953 1882
f 1882 1953 1954
f 1882 1954 1883
f 1883 1954 1955
f 1883 1955 1884
f 1884 1955 1956
f 1884 1956 1885
f 1885 1956 1957
f 1885 1957 1886
f 1886 1957 1958
f 1886 1958 1887
f 1887 1958 1959
f 1887 1959 1888
f 1888 1959 1960
f 1888 1960 1889
f 1889 1960 1961
f 1889 1961 1890
f 1890 1961 1962
f 1890 1962 1891
f 1891 1962 1963
f 1891 1963 1892
f 1892 1963 1964
f 1892 1964 1893
f 1893 1964 1965
f 1893 1965 1894
f 1894 1965 1966
f 1894 1966 1895
f 1895 1966 1967
f 1895 1967 1896
f 1896 1967 1968
f 1896 1968 1897
f 1897 1968 1969
f 1897 1969 1898
f 1898 1969 1970
f 1898 1970 1899
f 1899 1970 1971
f 1899 1971 1900
f 1900 1971 1972
f 1900 1972 1901
f 1901 1972 1973
f 1901 1973 1902
f 1902 1973 1974
f 1902 1974 1903
f 1903 1974 1975
f 1903 1975 1904
f 1904 1975 1976
f 1904 1976 1905
f 1905 1976 1977
f 1905 1977 1906
f 1906 1977 1978
f 1906 1978 1907
f 1907 1978 1979
f 1907 1979 1908
f 1908 1979 1980
f 1908 1980 1909
f 1909 1980 1981
f 1909 1981 1910
f 1910 1981 1982
f 1910 1982 1911
f 1911 1982 1983
f 1911 1983 1912
f 1912 1983 1984
f 1912 1984 1913
f 1913 1984 1985
f 1913 1985 1914
f 1914 1985 1986
f 1914 1986 1915
f 1915 1986 1987
f 1915 1987 1916
f 1916 1987 1988
f 1916 1988 1917
f 1917 1988 1989
f 1917 1989 1918
f 1918 1989 1990
f 1918 1990 1919
f 1919 1990 1991
f 1919 1991 1920
f 1920 1991 1992
f 1920 1992 1921
f 1921 1992 1993
f 1921 1993 1922
f 1922 1993 1994
f 1922 1994 1923
f 1923 1994 1995
f 1923 1995 1924
f 1924 1995 1996
f 1924 1996 1925
f 1925 1996 1997
f 1925 1997 1926
f 1926 1997 1998
f 1926 1998 1927
f 1927 1998 1999
f 1927 1999 1928
f 1928 1999 2000
f 1928 2000 1929
f 1929 2000 2001
f 1929 2001 1930
f 1930 2001 2002
f 1930 2002 1931
f 1931 2002 2003
f 1931 2003 1932
f 1932 2003 2004
f 1932 2004 1933
f 1933 2004 2005
f 1933 2005 1934
f 1934 2005 2006
f 1934 2006 1935
f 1935 2006 2007
f 1935 2007 1936
f 1936 2007 2008
f 1936 2008 1937
f 1937 2008 2009
f 1937 2009 1938
f 1938 2009 2010
f 1938 2010 1939
f 1939 2010 2011
f 1939 2011 1940
f 1940 2011 2012
f 1940 2012 1941
f 1941 2012 2013
f 1941 2013 1942
f 1942 2013 2014
f 1942 2014 1943
f 1943 2014 2015
f 1943 2015 1944
f 1944 2015 2016
f 1944 2016 1873
f 1873 2016 1945
f 1945 2018 1946
f 1945 2017 2018
f 1946 2019 1947
f 1946 2018 2019
f 1947 2020 1948
f 1947 2019 2020
f 1948 2021 1949
f 1948 2020 2021
f 1949 2022 1950
f 1949 2021 2022
f 1950 2023 1951
f 1950 2022 2023
f 1951 2024 1952
f 1951 2023 2024
f 1952 2025 1953
f 1952 2024 2025
f 1953 2026 1954
f 1953 2025 2026
f 1954 2027 1955
f 1954 2026 2027
f 1955 2028 1956
f 1955 2027 2028
f 1956 2029 1957
f 1956 2028 2029
f 1957 2030 1958
f 1957 2029 2030
f 1958 2031 1959
f 1958 2030 2031
f 1959 2032 1960
f 1959 2031 2032
f 1960 2033 1961
f 1960 2032 2033
f 1961 2034 1962
f 1961 2033 2034
f 1962 2035 1963
f 1962 2034 2035
f 1963 2036 1964
f 1963 2035 2036
f 1964 2037 1965
f 1964 2036 2037
f 1965 2038 1966
f 1965 2037 2038
f 1966 2039 1967
f 1966 2038 2039
f 1967 2040 1968
f 1967 2039 2040
f 1968 2041 1969
f 1968 2040 2041
f 1969 2042 1970
f 1969 2041 2042
f 1970 2043 1971
f 1970 2042 2043
f 1971 2044 1972
f 1971 2043 2044
f 1972 2045 1973
f 1972 2044 2045
f 1973 2046 1974
f 1973 2045 2046
f 1974 2047 1975
f 1974 2046 2047
f 1975 2048 1976
f 1975 2047 2048
f 1976 2049 1977
f 1976 2048 2049
f 1977 2050 1978
f 1977 2049 2050
f 1978 2051 1979
f 1978 2050 2051
f 1979 2052 1980
f 1979 2051 2052
f 1980 2053 1981
f 1980 2052 2053
f 1981 2054 1982
f 1981 2053 2054
f 1982 2055 1983
f 1982 2054 2055
f 1983 2056 1984
f 1983 2055 2056
f 1984 2057 1985
f 1984 2056 2057
f 1985 2058 1986
f 1985 2057 2058
f 1986 2059 1987
f 1986 2058 2059
f 1987 2060 1988
f 1987 2059 2060
f 1988 2061 1989
f 1988 2060 2061
f 1989 2062 1990
f 1989 2061 2062
f 1990 2063 1991
f 1990 2062 2063
f 1991 2064 1992
f 1991 2063 2064
f 1992 2065 1993
f 1992 2064 2065
f 1993 2066 1994
f 1993 2065 2066
f 1994 2067 1995
f 1994 2066 2067
f 1995 2068 1996
f 1995 2067 2068
f 1996 2069 1997
f 1996 2068 2069
f 1997 2070 1998
f 1997 2069 2070
f 1998 2071 1999
f 1998 2070 2071
f 1999 2072 2000
f 1999 2071 2072
f 2000 2073 2001
f 2000 2072 2073
f 2001 2074 2002
f 2001 2073 2074
f 2002 2075 2003
f 2002 2074 2075
f 2003 2076 2004
f 2003 2075 2076
f 2004 2077 2005
f 2004 2076 2077
f 2005 2078 2006
f 2005 2077 2078
f 2006 2079 2007
f 2006 2078 2079
f 2007 2080 2008
f 2007 2079 2080
f 2008 2081 2009
f 2008 2080 2081
f 2009 2082 2010
f 2009 2081 2082
f 2010 2083 2011
f 2010 2082 2083
f 2011 2084 2012
f 2011 2083 2084
f 2012 2085 2013
f 2012 2084 2085
f 2013 2086 2014
f 2013 2085 2086
f 2014 2087 2015
f 2014 2086 2087
f 2015 2088 2016
f 2015 2087 2088
f 2016 2017 1945
f 2016 2088 2017
f 2017 2089 2018
f 2018 2089 2090
f 2018 2090 2019
f 2019 2090 2091
f 2019 2091 2020
f 2020 2091 2092
f 2020 2092 2021
f 2021 2092 2093
f 2021 2093 2022
f 2022 2093 2094
f 2022 2094 2023
f 2023 2094 2095
f 2023 2095 2024
f 2024 2095 2096
f 2024 2096 2025
f 2025 2096 2097
f 2025 2097 2026
f 2026 2097 2098
f 2026 2098 2027
f 2027 2098 2099
f 2027 2099 2028
f 2028 2099 2100
f 2028 2100 2029
f 2029 2100 2101
f 2029 2101 2030
f 2030 2101 2102
f 2030 2102 2031
f 2031 2102 2103
f 2031 2103 2032
f 2032 2103 2104
f 2032 2104 2033
f 2033 2104 2105
f 2033 2105 2034
f 2034 2105 2106
f 2034 2106 2035
f 2035 2106 2107
f 2035 2107 2036
f 2036 2107 2108
f 2036 2108 2037
f 2037 2108 2109
f 2037 2109 2038
f 2038 2109 2110
f 2038 2110 2039
f 2039 2110 2111
f 2039 2111 2040
f 2040 2111 2112
f 2040 2112 2041
f 2041 2112 2113
f 2041 2113 2042
f 2042 2113 2114
f 2042 2114 2043
f 2043 2114 2115
f 2043 2115 2044
f 2044 2115 2116
f 2044 2116 2045
f 2045 2116 2117
f 2045 2117 2046
f 2046 2117 2118
f 2046 2118 2047
f 2047 2118 2119
f 2047 2119 2048
f 2048 2119 2120
f 2048 2120 2049
f 2049 2120 2121
f 2049 2121 2050
f 2050 2121 2122
f 2050 2122 2051
f 2051 2122 2123
f 2051 2123 2052
f 2052 2123 2124
f 2052 2124 2053
f 2053 2124 2125
f 2053 2125 2054
f 2054 2125 2126
f 2054 2126 2055
f 2055 2126 2127
f 2055 2127 2056
f 2056 2127 2128
f 2056 2128 2057
f 2057 2128 2129
f 2057 2129 2058
f 2058 2129 2130
f 2058 2130 2059
f 2059 2130 2131
f 2059 2131 2060
f 2060 2131 2132
f 2060 2132 2061
f 2061 2132 2133
f 2061 2133 2062
f 2062 2133 2134
f 2062 2134 2063
f 2063 2134 2135
f 2063 2135 2064
f 2064 2135 2136
f 2064 2136 2065
f 2065 2136 2137
f 2065 2137 2066
f 2066 2137 2138
f 2066 2138 2067
f 2067 2138 2139
f 2067 2139 2068
f 2068 2139 2140
f 2068 2140 2069
f 2069 2140 2141
f 2069 2141 2070
f 2070 2141 2142
f 2070 2142 2071
f 2071 2142 2143
f 2071 2143 2072
f 2072 2143 2144
f 2072 2144 2073
f 2073 2144 2145
f 2073 2145 2074
f 2074 2145 2146
f 2074 2146 2075
f 2075 2146 2147
f 2075 2147 2076
f 2076 2147 2148
f 2076 2148 2077
f 2077 2148 2149
f 2077 2149 2078
f 2078 2149 2150
f 2078 2150 2079
f 2079 2150 2151
f 2079 2151 2080
f 2080 2151 2152
f 2080 2152 2081
f 2081 2152 2153
f 2081 2153 2082
f 2082 2153 2154
f 2082 2154 2083
f 2083 2154 2155
f 2083 2155 2084
f 2084 2155 2156
f 2084 2156 2085
f 2085 2156 2157
f 2085 2157 2086
f 2086 2157 2158
f 2086 2158 2087
f 2087 2158 2159
f 2087 2159 2088
f 2088 2159 2160
f 2088 2160 2017
f 2017 2160 2089
f 2089 2162 2090
f 2089 2161 2162
f 2090 2163 2091
f 2090 2162 2163
f 2091 2164 2092
f 2091 2163 2164
f 2092 2165 2093
f 2092 2164 2165
f 2093 2166 2094
f 2093 2165 2166
f 2094 2167 2095
f 2094 2166 2167
f 2095 2168 2096
f 2095 2167 2168
f 2096 2169 2097
f 2096 2168 2169
f 2097 2170 2098
f 2097 2169 2170
f 2098 2171 2099
f 2098 2170 2171
f 2099 2172 2100
f 2099 2171 2172
f 2100 2173 2101
f 2100 2172 2173
f 2101 2174 2102
f 2101 2173 2174
f 2102 2175 2103
f 2102 2174 2175
f 2103 2176 2104
f 2103 2175 2176
f 2104 2177 2105
f 2104 2176 2177
f 2105 2178 2106
f 2105 2177 2178
f 2106 2179 2107
f 2106 2178 2179
f 2107 2180 2108
f 2107 2179 2180
f 2108 2181 2109
f 2108 2180 2181
f 2109 2182 2110
f 2109 2181 2182
f 2110 2183 2111
f 2110 2182 2183
f 2111 2184 2112
f 2111 2183 2184
f 2112 2185 2113
f 2112 2184 2185
f 2113 2186 2114
f 2113 2185 2186
f 2114 2187 2115
f 2114 2186 2187
f 2115 2188 2116
f 2115 2187 2188
f 2116 2189 2117
f 2116 2188 2189
f 2117 2190 2118
f 2117 2189 2190
f 2118 2191 2119
f 2118 2190 2191
f 2119 2192 2120
f 2119 2191 2192
f 2120 2193 2121
f 2120 2192 2193
f 2121 2194 2122
f 2121 2193 2194
f 2122 2195 2123
f 2122 2194 2195
f 2123 2196 2124
f 2123 2195 2196
f 2124 2197 2125
f 2124 2196 2197
f 2125 2198 2126
f 2125 2197 2198
f 2126 2199 2127
f 2126 2198 2199
f 2127 2200 2128
f 2127 2199 2200
f 2128 2201 2129
f 2128 2200 2201
f 2129 2202 2130
f 2129 2201 2202
f 2130 2203 2131
f 2130 2202 2203
f 2131 2204 2132
f 2131 2203 2204
f 2132 2205 2133
f 2132 2204 2205
f 2133 2206 2134
f 2133 2205 2206
f 2134 2207 2135
f 2134 2206 2207
f 2135 2208 2136
f 2135 2207 2208
f 2136 2209 2137
f 2136 2208 2209
f 2137 2210 2138
f 2137 2209 2210
f 2138 2211 2139
f 2138 2210 2211
f 2139 2212 2140
f 2139 2211 2212
f 2140 2213 2141
f 2140 2212 2213
f 2141 2214 2142
f 2141 2213 2214
f 2142 2215 2143
f 2142 2214 2215
f 2143 2216 2144
f 2143 2215 2216
f 2144 2217 2145
f 2144 2216 2217
f 2145 2218 2146
f 2145 2217 2218
f 2146 2219 2147
f 2146 2218 2219
f 2147 2220 2148
f 2147 2219 2220
f 2148 2221 2149
f 2148 2220 2221
f 2149 2222 2150
f 2149 2221 2222
f 2150 2223 2151
f 2150 2222 2223
f 2151 2224 2152
f 2151 2223 2224
f 2152 2225 2153
f 2152 2224 2225
f 2153 2226 2154
f 2153 2225 2226
f 2154 2227 2155
f 2154 2226 2227
f 2155 2228 2156
f 2155 2227 2228
f 2156 2229 2157
f 2156 2228 2229
f 2157 2230 2158
f 2157 2229 2230
f 2158 2231 2159
f 2158 2230 2231
f 2159 2232 2160
f 2159 2231 2232
f 2160 2161 2089
f 2160 2232 2161
f 2161 2233 2162
f 2162 2233 2234
f 2162 2234 2163
f 2163 2234 2235
f 2163 2235 2164
f 2164 2235 2236
f 2164 2236 2165
f 2165 2236 2237
f 2165 2237 2166
f 2166 2237 2238
f 2166 2238 2167
f 2167 2238 2239
f 2167 2239 2168
f 2168 2239 2240
f 2168 2240 2169
f 2169 2240 2241
f 2169 2241 2170
f 2170 2241 2242
f 2170 2242 2171
f 2171 2242 2243
f 2171 2243 2172
f 2172 2243 2244
f 2172 2244 2173
f 2173 2244 2245
f 2173 2245 2174
f 2174 2245 2246
f 2174 2246 2175
f 2175 2246 2247
f 2175 2247 2176
f 2176 2247 2248
f 2176 2248 2177
f 2177 2248 2249
f 2177 2249 2178
f 2178 2249 2250
f 2178 2250 2179
f 2179 2250 2251
f 2179 2251 2180
f 2180 2251 2252
f 2180 2252 2181
f 2181 2252 2253
f 2181 2253 2182
f 2182 2253 2254
f 2182 2254 2183
f 2183 2254 2255
f 2183 2255 2184
f 2184 2255 2256
f 2184 2256 2185
f 2185 2256 2257
f 2185 2257 2186
f 2186 2257 2258
f 2186 2258 2187
f 2187 2258 2259
f 2187 2259 2188
f 2188 2259 2260
f 2188 2260 2189
f 2189 2260 2261
f 2189 2261 2190
f 2190 2261 2262
f 2190 2262 2191
f 2191 2262 2263
f 2191 2263 2192
f 2192 2263 2264
f 2192 2264 2193
f 2193 2264 2265
f 2193 2265 2194
f 2194 2265 2266
f 2194 2266 2195
f 2195 2266 2267
f 2195 2267 2196
f 2196 2267 2268
f 2196 2268 2197
f 2197 2268 2269
f 2197 2269 2198
f 2198 2269 2270
f 2198 2270 2199
f 2199 2270 2271
f 2199 2271 2200
f 2200 2271 2272
f 2200 2272 2201
f 2201 2272 2273
f 2201 2273 2202
f 2202 2273 2274
f 2202 2274 2203
f 2203 2274 2275
f 2203 2275 2204
f 2204 2275 2276
f 2204 2276 2205
f 2205 2276 2277
f 2205 2277 2206
f 2206 2277 2278
f 2206 2278 2207
f 2207 2278 2279
f 2207 2279 2208
f 2208 2279 2280
f 2208 2280 2209
f 2209 2280 2281
f 2209 2281 2210
f 2210 2281 2282
f 2210 2282 2211
f 2211 2282 2283
f 2211 2283 2212
f 2212 2283 2284
f 2212 2284 2213
f 2213 2284 2285
f 2213 2285 2214
f 2214 2285 2286
f 2214 2286 2215
f 2215 2286 2287
f 2215 2287 2216
f 2216 2287 2288
f 2216 2288 2217
f 2217 2288 2289
f 2217 2289 2218
f 2218 2289 2290
f 2218 2290 2219
f 2219 2290 2291
f 2219 2291 2220
f 2220 2291 2292
f 2220 2292 2221
f 2221 2292 2293
f 2221 2293 2222
f 2222 2293 2294
f 2222 2294 2223
f 2223 2294 2295
f 2223 2295 2224
f 2224 2295 2296
f 2224 2296 2225
f 2225 2296 2297
f 2225 2297 2226
f 2226 2297 2298
f 2226 2298 2227
f 2227 2298 2299
f 2227 2299 2228
f 2228 2299 2300
f 2228 2300 2229
f 2229 2300 2301
f 2229 2301 2230
f 2230 2301 2302
f 2230 2302 2231
f 2231 2302 2303
f 2231 2303 2232
f 2232 2303 2304
f 2232 2304 2161
f 2161 2304 2233
f 2233 2306 2234
f 2233 2305 2306
f 2234 2307 2235
f 2234 2306 2307
f 2235 2308 2236
f 2235 2307 2308
f 2236 2309 2237
f 2236 2308 2309
f 2237 2310 2238
f 2237 2309 2310
f 2238 2311 2239
f 2238 2310 2311
f 2239 2312 2240
f 2239 2311 2312
f 2240 2313 2241
f 2240 2312 2313
f 2241 2314 2242
f 2241 2313 2314
f 2242 2315 2243
f 2242 2314 2315
f 2243 2316 2244
f 2243 2315 2316
f 2244 2317 2245
f 2244 2316 2317
f 2245 2318 2246
f 2245 2317 2318
f 2246 2319 2247
f 2246 2318 2319
f 2247 2320 2248
f 2247 2319 2320
f 2248 2321 2249
f 2248 2320 2321
f 2249 2322 2250
f 2249 2321 2322
f 2250 2323 2251
f 2250 2322 2323
f 2251 2324 2252
f 2251 2323 2324
f 2252 2325 2253
f 2252 2324 2325
f 2253 2326 2254
f 2253 2325 2326
f 2254 2327 2255
f 2254 2326 2327
f 2255 2328 2256
f 2255 2327 2328
f 2256 2329 2257
f 2256 2328 2329
f 2257 2330 2258
f 2257 2329 2330
f 2258 2331 2259
f 2258 2330 2331
f 2259 2332 2260
f 2259 2331 2332
f 2260 2333 2261
f 2260 2332 2333
f 2261 2334 2262
f 2261 2333 2334
f 2262 2335 2263
f 2262 2334 2335
f 2263 2336 2264
f 2263 2335 2336
f 2264 2337 2265
f 2264 2336 2337
f 2265 2338 2266
f 2265 2337 2338
f 2266 2339 2267
f 2266 2338 2339
f 2267 2340 2268
f 2267 2339 2340
f 2268 2341 2269
f 2268 2340 2341
f 2269 2342 2270
f 2269 2341 2342
f 2270 2343 2271
f 2270 2342 2343
f 2271 2344 2272
f 2271 2343 2344
f 2272 2345 2273
f 2272 2344 2345
f 2273 2346 2274
f 2273 2345 2346
f 2274 2347 2275
f 2274 2346 2347
f 2275 2348 2276
f 2275 2347 2348
f 2276 2349 2277
f 2276 2348 2349
f 2277 2350 2278
f 2277 2349 2350
f 2278 2351 2279
f 2278 2350 2351
f 2279 2352 2280
f 2279 2351 2352
f 2280 2353 2281
f 2280 2352 2353
f 2281 2354 2282
f 2281 2353 2354
f 2282 2355 2283
f 2282 2354 2355
f 2283 2356 2284
f 2283 2355 2356
f 2284 2357 2285
f 2284 2356 2357
f 2285 2358 2286
f 2285 2357 2358
f 2286 2359 2287
f 2286 2358 2359
f 2287 2360 2288
f 2287 2359 2360
f 2288 2361 2289
f 2288 2360 2361
f 2289 2362 2290
f 2289 2361 2362
f 2290 2363 2291
f 2290 2362 2363
f 2291 2364 2292
f 2291 2363 2364
f 2292 2365 2293
f 2292 2364 2365
f 2293 2366 2294
f 2293 2365 2366
f 2294 2367 2295
f 2294 2366 2367
f 2295 2368 2296
f 2295 2367 2368
f 2296 2369 2297
f 2296 2368 2369
f 2297 2370 2298
f 2297 2369 2370
f 2298 2371 2299
f 2298 2370 2371
f 2299 2372 2300
f 2299 2371 2372
f 2300 2373 2301
f 2300 2372 2373
f 2301 2374 2302
f 2301 2373 2374
f 2302 2375 2303
f 2302 2374 2375
f 2303 2376 2304
f 2303 2375 2376
f 2304 2305 2233
f 2304 2376 2305
f 2305 2377 2306
f 2306 2377 2378
f 2306 2378 2307
f 2307 2378 2379
f 2307 2379 2308
f 2308 2379 2380
f 2308 2380 2309
f 2309 2380 2381
f 2309 2381 2310
f 2310 2381 2382
f 2310 2382 2311
f 2311 2382 2383
f 2311 2383 2312
f 2312 2383 2384
f 2312 2384 2313
f 2313 2384 2385
f 2313 2385 2314
f 2314 2385 2386
f 2314 2386 2315
f 2315 2386 2387
f 2315 2387 2316
f 2316 2387 2388
f 2316 2388 2317
f 2317 2388 2389
f 2317 2389 2318
f 2318 2389 2390
f 2318 2390 2319
f 2319 2390 2391
f 2319 2391 2320
f 2320 2391 2392
f 2320 2392 2321
f 2321 2392 2393
f 2321 2393 2322
f 2322 2393 2394
f 2322 2394 2323
f 2323 2394 2395
f 2323 2395 2324
f 2324 2395 2396
f 2324 2396 2325
f 2325 2396 2397
f 2325 2397 2326
f 2326 2397 2398
f 2326 2398 2327
f 2327 2398 2399
f 2327 2399 2328
f 2328 2399 2400
f 2328 2400 2329
f 2329 2400 2401
f 2329 2401 2330
f 2330 2401 2402
f 2330 2402 2331
f 2331 2402 2403
f 2331 2403 2332
f 2332 2403 2404
f 2332 2404 2333
f 2333 2404 2405
f 2333 2405 2334
f 2334 2405 2406
f 2334 2406 2335
f 2335 2406 2407
f 2335 2407 2336
f 2336 2407 2408
f 2336 2408 2337
f 2337 2408 2409
f 2337 2409 2338
f 2338 2409 2410
f 2338 2410 2339
f 2339 2410 2411
f 2339 2411 2340
f 2340 2411 2412
f 2340 2412 2341
f 2341 2412 2413
f 2341 2413 2342
f 2342 2413 2414
f 2342 2414 2343
f 2343 2414 2415
f 2343 2415 2344
f 2344 2415 2416
f 2344 2416 2345
f 2345 2416 2417
f 2345 2417 2346
f 2346 2417 2418
f 2346 2418 2347
f 2347 2418 2419
f 2347 2419 2348
f 2348 2419 2420
f 2348 2420 2349
f 2349 2420 2421
f 2349 2421 2350
f 2350 2421 2422
f 2350 2422 2351
f 2351 2422 2423
f 2351 2423 2352
f 2352 2423 2424
f 2352 2424 2353
f 2353 2424 2425
f 2353 2425 2354
f 2354 2425 2426
f 2354 2426 2355
f 2355 2426 2427
f 2355 2427 2356
f 2356 2427 2428
f 2356 2428 2357
f 2357 2428 2429
f 2357 2429 2358
f 2358 2429 2430
f 2358 2430 2359
f 2359 2430 2431
f 2359 2431 2360
f 2360 2431 2432
f 2360 2432 2361
f 2361 2432 2433
f 2361 2433 2362
f 2362 2433 2434
f 2362 2434 2363
f 2363 2434 2435
f 2363 2435 2364
f 2364 2435 2436
f 2364 2436 2365
f 2365 2436 2437
f 2365 2437 2366
f 2366 2437 2438
f 2366 2438 2367
f 2367 2438 2439
f 2367 2439 2368
f 2368 2439 2440
f 2368 2440 2369
f 2369 2440 2441
f 2369 2441 2370
f 2370 2441 2442
f 2370 2442 2371
f 2371 2442 2443
f 2371 2443 2372
f 2372 2443 2444
f 2372 2444 2373
f 2373 2444 2445
f 2373 2445 2374
f 2374 2445 2446
f 2374 2446 2375
f 2375 2446 2447
f 2375 2447 2376
f 2376 2447 2448
f 2376 2448 2305
f 2305 2448 2377
f 2377 2450 2378
f 2377 2449 2450
f 2378 2451 2379
f 2378 2450 2451
f 2379 2452 2380
f 2379 2451 2452
f 2380 2453 2381
f 2380 2452 2453
f 2381 2454 2382
f 2381 2453 2454
f 2382 2455 2383
f 2382 2454 2455
f 2383 2456 2384
f 2383 2455 2456
f 2384 2457 2385
f 2384 2456 2457
f 2385 2458 2386
f 2385 2457 2458
f 2386 2459 2387
f 2386 2458 2459
f 2387 2460 2388
f 2387 2459 2460
f 2388 2461 2389
f 2388 2460 2461
f 2389 2462 2390
f 2389 2461 2462
f 2390 2463 2391
f 2390 2462 2463
f 2391 2464 2392
f 2391 2463 2464
f 2392 2465 2393
f 2392 2464 2465
f 2393 2466 2394
f 2393 2465 2466
f 2394 2467 2395
f 2394 2466 2467
f 2395 2468 2396
f 2395 2467 2468
f 2396 2469 2397
f 2396 2468 2469
f 2397 2470 2398
f 2397 2469 2470
f 2398 2471 2399
f 2398 2470 2471
f 2399 2472 2400
f 2399 2471 2472
f 2400 2473 2401
f 2400 2472 2473
f 2401 2474 2402
f 2401 2473 2474
f 2402 2475 2403
f 2402 2474 2475
f 2403 2476 2404
f 2403 2475 2476
f 2404 2477 2405
f 2404 2476 2477
f 2405 2478 2406
f 2405 2477 2478
f 2406 2479 2407
f 2406 2478 2479
f 2407 2480 2408
f 2407 2479 2480
f 2408 2481 2409
f 2408 2480 2481
f 2409 2482 2410
f 2409 2481 2482
f 2410 2483 2411
f 2410 2482 2483
f 2411 2484 2412
f 2411 2483 2484
f 2412 2485 2413
f 2412 2484 2485
f 2413 2486 2414
f 2413 2485 2486
f 2414 2487 2415
f 2414 2486 2487
f 2415 2488 2416
f 2415 2487 2488
f 2416 2489 2417
f 2416 2488 2489
f 2417 2490 2418
f 2417 2489 2490
f 2418 2491 2419
f 2418 2490 2491
f 2419 2492 2420
f 2419 2491 2492
f 2420 2493 2421
f 2420 2492 2493
f 2421 2494 2422
f 2421 2493 2494
f 2422 2495 2423
f 2422 2494 2495
f 2423 2496 2424
f 2423 2495 2496
f 2424 2497 2425
f 2424 2496 2497
f 2425 2498 2426
f 2425 2497 2498
f 2426 2499 2427
f 2426 2498 2499
f 2427 2500 2428
f 2427 2499 2500
f 2428 2501 2429
f 2428 2500 2501
f 2429 2502 2430
f 2429 2501 2502
f 2430 2503 2431
f 2430 2502 2503
f 2431 2504 2432
f 2431 2503 2504
f 2432 2505 2433
f 2432 2504 2505
f 2433 2506 2434
f 2433 2505 2506
f 2434 2507 2435
f 2434 2506 2507
f 2435 2508 2436
f 2435 2507 2508
f 2436 2509 2437
f 2436 2508 2509
f 2437 2510 2438
f 2437 2509 2510
f 2438 2511 2439
f 2438 2510 2511
f 2439 2512 2440
f 2439 2511 2512
f 2440 2513 2441
f 2440 2512 2513
f 2441 2514 2442
f 2441 2513 2514
f 2442 2515 2443
f 2442 2514 2515
f 2443 2516 2444
f 2443 2515 2516
f 2444 2517 2445
f 2444 2516 2517
f 2445 2518 2446
f 2445 2517 2518
f 2446 2519 2447
f 2446 2518 2519
f 2447 2520 2448
f 2447 2519 2520
f 2448 2449 2377
f 2448 2520 2449
f 2449 2521 2450
f 2450 2521 2522
f 2450 2522 2451
f 2451 2522 2523
f 2451 2523 2452
f 2452 2523 2524
f 2452 2524 2453
f 2453 2524 2525
f 2453 2525 2454
f 2454 2525 2526
f 2454 2526 2455
f 2455 2526 2527
f 2455 2527 2456
f 2456 2527 2528
f 2456 2528 2457
f 2457 2528 2529
f 2457 2529 2458
f 2458 2529 2530
f 2458 2530 2459
f 2459 2530 2531
f 2459 2531 2460
f 2460 2531 2532
f 2460 2532 2461
f 2461 2532 2533
f 2461 2533 2462
f 2462 2533 2534
f 2462 2534 2463
f 2463 2534 2535
f 2463 2535 2464
f 2464 2535 2536
f 2464 2536 2465
f 2465 2536 2537
f 2465 2537 2466
f 2466 2537 2538
f 2466 2538 2467
f 2467 2538 2539
f 2467 2539 2468
f 2468 2539 2540
f 2468 2540 2469
f 2469 2540 2541
f 2469 2541 2470
f 2470 2541 2542
f 2470 2542 2471
f 2471 2542 2543
f 2471 2543 2472
f 2472 2543 2544
f 2472 2544 2473
f 2473 2544 2545
f 2473 2545 2474
f 2474 2545 2546
f 2474 2546 2475
f 2475 2546 2547
f 2475 2547 2476
f 2476 2547 2548
f 2476 2548 2477
f 2477 2548 2549
f 2477 2549 2478
f 2478 2549 2550
f 2478 2550 2479
f 2479 2550 2551
f 2479 2551 2480
f 2480 2551 2552
f 2480 2552 2481
f 2481 2552 2553
f 2481 2553 2482
f 2482 2553 2554
f 2482 2554 2483
f 2483 2554 2555
f 2483 2555 2484
f 2484 2555 2556
f 2484 2556 2485
f 2485 2556 2557
f 2485 2557 2486
f 2486 2557 2558
f 2486 2558 2487
f 2487 2558 2559
f 2487 2559 2488
f 2488 2559 2560
f 2488 2560 2489
f 2489 2560 2561
f 2489 2561 2490
f 2490 2561 2562
f 2490 2562 2491
f 2491 2562 2563
f 2491 2563 2492
f 2492 2563 2564
f 2492 2564 2493
f 2493 2564 2565
f 2493 2565 2494
f 2494 2565 2566
f 2494 2566 2495
f 2495 2566 2567
f 2495 2567 2496
f 2496 2567 2568
f 2496 2568 2497
f 2497 2568 2569
f 2497 2569 2498
f 2498 2569 2570
f 2498 2570 2499
f 2499 2570 2571
f 2499 2571 2500
f 2500 2571 2572
f 2500 2572 2501
f 2501 2572 2573
f 2501 2573 2502
f 2502 2573 2574
f 2502 2574 2503
f 2503 2574 2575
f 2503 2575 2504
f 2504 2575 2576
f 2504 2576 2505
f 2505 2576 2577
f 2505 2577 2506
f 2506 2577 2578
f 2506 2578 2507
f 2507 2578 2579
f 2507 2579 2508
f 2508 2579 2580
f 2508 2580 2509
f 2509 2580 2581
f 2509 2581 2510
f 2510 2581 2582
f 2510 2582 2511
f 2511 2582 2583
f 2511 2583 2512
f 2512 2583 2584
f 2512 2584 2513
f 2513 2584 2585
f 2513 2585 2514
f 2514 2585 2586
f 2514 2586 2515
f 2515 2586 2587
f 2515 2587 2516
f 2516 2587 2588
f 2516 2588 2517
f 2517 2588 2589
f 2517 2589 2518
f 2518 2589 2590
f 2518 2590 2519
f 2519 2590 2591
f 2519 2591 2520
f 2520 2591 2592
f 2520 2592 2449
f 2449 2592 2521
f 2521 2594 2522
f 2521 2593 2594
f 2522 2595 2523
f 2522 2594 2595
f 2523 2596 2524
f 2523 2595 2596
f 2524 2597 2525
f 2524 2596 2597
f 2525 2598 2526
f 2525 2597 2598
f 2526 2599 2527
f 2526 2598 2599
f 2527 2600 2528
f 2527 2599 2600
f 2528 2601 2529
f 2528 2600 2601
f 2529 2602 2530
f 2529 2601 2602
f 2530 2603 2531
f 2530 2602 2603
f 2531 2604 2532
f 2531 2603 2604
f 2532 2605 2533
f 2532 2604 2605
f 2533 2606 2534
f 2533 2605 2606
f 2534 2607 2535
f 2534 2606 2607
f 2535 2608 2536
f 2535 2607 2608
f 2536 2609 2537
f 2536 2608 2609
f 2537 2610 2538
f 2537 2609 2610
f 2538 2611 2539
f 2538 2610 2611
f 2539 2612 2540
f 2539 2611 2612
f 2540 2613 2541
f 2540 2612 2613
f 2541 2614 2542
f 2541 2613 2614
f 2542 2615 2543
f 2542 2614 2615
f 2543 2616 2544
f 2543 2615 2616
f 2544 2617 2545
f 2544 2616 2617
f 2545 2618 2546
f 2545 2617 2618
f 2546 2619 2547
f 2546 2618 2619
f 2547 2620 2548
f 2547 2619 2620
f 2548 2621 2549
f 2548 2620 2621
f 2549 2622 2550
f 2549 2621 2622
f 2550 2623 2551
f 2550 2622 2623
f 2551 2624 2552
f 2551 2623 2624
f 2552 2625 2553
f 2552 2624 2625
f 2553 2626 2554
f 2553 2625 2626
f 2554 2627 2555
f 2554 2626 2627
f 2555 2628 2556
f 2555 2627 2628
f 2556 2629 2557
f 2556 2628 2629
f 2557 2630 2558
f 2557 2629 2630
f 2558 2631 2559
f 2558 2630 2631
f 2559 2632 2560
f 2559 2631 2632
f 2560 2633 2561
f 2560 2632 2633
f 2561 2634 2562
f 2561 2633 2634
f 2562 2635 2563
f 2562 2634 2635
f 2563 2636 2564
f 2563 2635 2636
f 2564 2637 2565
f 2564 2636 2637
f 2565 2638 2566
f 2565 2637 2638
f 2566 2639 2567
f 2566 2638 2639
f 2567 2640 2568
f 2567 2639 2640
f 2568 2641 2569
f 2568 2640 2641
f 2569 2642 2570
f 2569 2641 2642
f 2570 2643 2571
f 2570 2642 2643
f 2571 2644 2572
f 2571 2643 2644
f 2572 2645 2573
f 2572 2644 2645
f 2573 2646 2574
f 2573 2645 2646
f 2574 2647 2575
f 2574 2646 2647
f 2575 2648 2576
f 2575 2647 2648
f 2576 2649 2577
f 2576 2648 2649
f 2577 2650 2578
f 2577 2649 2650
f 2578 2651 2579
f 2578 2650 2651
f 2579 2652 2580
f 2579 2651 2652
f 2580 2653 2581
f 2580 2652 2653
f 2581 2654 2582
f 2581 2653 2654
f 2582 2655 2583
f 2582 2654 2655
f 2583 2656 2584
f 2583 2655 2656
f 2584 2657 2585
f 2584 2656 2657
f 2585 2658 2586
f 2585 2657 2658
f 2586 2659 2587
f 2586 2658 2659
f 2587 2660 2588
f 2587 2659 2660
f 2588 2661 2589
f 2588 2660 2661
f 2589 2662 2590
f 2589 2661 2662
f 2590 2663 2591
f 2590 2662 2663
f 2591 2664 2592
f 2591 2663 2664
f 2592 2593 2521
f 2592 2664 2593
f 2593 2665 2594
f 2594 2665 2666
f 2594 2666 2595
f 2595 2666 2667
f 2595 2667 2596
f 2596 2667 2668
f 2596 2668 2597
f 2597 2668 2669
f 2597 2669 2598
f 2598 2669 2670
f 2598 2670 2599
f 2599 2670 2671
f 2599 2671 2600
f 2600 2671 2672
f 2600 2672 2601
f 2601 2672 2673
f 2601 2673 2602
f 2602 2673 2674
f 2602 2674 2603
f 2603 2674 2675
f 2603 2675 2604
f 2604 2675 2676
f 2604 2676 2605
f 2605 2676 2677
f 2605 2677 2606
f 2606 2677 2678
f 2606 2678 2607
f 2607 2678 2679
f 2607 2679 2608
f 2608 2679 2680
f 2608 2680 2609
f 2609 2680 2681
f 2609 2681 2610
f 2610 2681 2682
f 2610 2682 2611
f 2611 2682 2683
f 2611 2683 2612
f 2612 2683 2684
f 2612 2684 2613
f 2613 2684 2685
f 2613 2685 2614
f 2614 2685 2686
f 2614 2686 2615
f 2615 2686 2687
f 2615 2687 2616
f 2616 2687 2688
f 2616 2688 2617
f 2617 2688 2689
f 2617 2689 2618
f 2618 2689 2690
f 2618 2690 2619
f 2619 2690 2691
f 2619 2691 2620
f 2620 2691 2692
f 2620 2692 2621
f 2621 2692 2693
f 2621 2693 2622
f 2622 2693 2694
f 2622 2694 2623
f 2623 2694 2695
f 2623 2695 2624
f 2624 2695 2696
f 2624 2696 2625
f 2625 2696 2697
f 2625 2697 2626
f 2626 2697 2698
f 2626 2698 2627
f 2627 2698 2699
f 2627 2699 2628
f 2628 2699 2700
f 2628 2700 2629
f 2629 2700 2701
f 2629 2701 2630
f 2630 2701 2702
f 2630 2702 2631
f 2631 2702 2703
f 2631 2703 2632
f 2632 2703 2704
f 2632 2704 2633
f 2633 2704 2705
f 2633 2705 2634
f 2634 2705 2706
f 2634 2706 2635
f 2635 2706 2707
f 2635 2707 2636
f 2636 2707 2708
f 2636 2708 2637
f 2637 2708 2709
f 2637 2709 2638
f 2638 2709 2710
f 2638 2710 2639
f 2639 2710 2711
f 2639 2711 2640
f 2640 2711 2712
f 2640 2712 2641
f 2641 2712 2713
f 2641 2713 2642
f 2642 2713 2714
f 2642 2714 2643
f 2643 2714 2715
f 2643 2715 2644
f 2644 2715 2716
f 2644 2716 2645
f 2645 2716 2717
f 2645 2717 2646
f 2646 2717 2718
f 2646 2718 2647
f 2647 2718 2719
f 2647 2719 2648
f 2648 2719 2720
f 2648 2720 2649
f 2649 2720 2721
f 2649 2721 2650
f 2650 2721 2722
f 2650 2722 2651
f 2651 2722 2723
f 2651 2723 2652
f 2652 2723 2724
f 2652 2724 2653
f 2653 2724 2725
f 2653 2725 2654
f 2654 2725 2726
f 2654 2726 2655
f 2655 2726 2727
f 2655 2727 2656
f 2656 2727 2728
f 2656 2728 2657
f 2657 2728 2729
f 2657 2729 2658
f 2658 2729 2730
f 2658 2730 2659
f 2659 2730 2731
f 2659 2731 2660
f 2660 2731 2732
f 2660 2732 2661
f 2661 2732 2733
f 2661 2733 2662
f 2662 2733 2734
f 2662 2734 2663
f 2663 2734 2735
f 2663 2735 2664
f 2664 2735 2736
f 2664 2736 2593
f 2593 2736 2665
f 2665 2738 2666
f 2665 2737 2738
f 2666 2739 2667
f 2666 2738 2739
f 2667 2740 2668
f 2667 2739 2740
f 2668 2741 2669
f 2668 2740 2741
f 2669 2742 2670
f 2669 2741 2742
f 2670 2743 2671
f 2670 2742 2743
f 2671 2744 2672
f 2671 2743 2744
f 2672 2745 2673
f 2672 2744 2745
f 2673 2746 2674
f 2673 2745 2746
f 2674 2747 2675
f 2674 2746 2747
f 2675 2748 2676
f 2675 2747 2748
f 2676 2749 2677
f 2676 2748 2749
f 2677 2750 2678
f 2677 2749 2750
f 2678 2751 2679
f 2678 2750 2751
f 2679 2752 2680
f 2679 2751 2752
f 2680 2753 2681
f 2680 2752 2753
f 2681 2754 2682
f 2681 2753 2754
f 2682 2755 2683
f 2682 2754 2755
f 2683 2756 2684
f 2683 2755 2756
f 2684 2757 2685
f 2684 2756 2757
f 2685 2758 2686
f 2685 2757 2758
f 2686 2759 2687
f 2686 2758 2759
f 2687 2760 2688
f 2687 2759 2760
f 2688 2761 2689
f 2688 2760 2761
f 2689 2762 2690
f 2689 2761 2762
f 2690 2763 2691
f 2690 2762 2763
f 2691 2764 2692
f 2691 2763 2764
f 2692 2765 2693
f 2692 2764 2765
f 2693 2766 2694
f 2693 2765 2766
f 2694 2767 2695
f 2694 2766 2767
f 2695 2768 2696
f 2695 2767 2768
f 2696 2769 2697
f 2696 2768 2769
f 2697 2770 2698
f 2697 2769 2770
f 2698 2771 2699
f 2698 2770 2771
f 2699 2772 2700
f 2699 2771 2772
f 2700 2773 2701
f 2700 2772 2773
f 2701 2774 2702
f 2701 2773 2774
f 2702 2775 2703
f 2702 2774 2775
f 2703 2776 2704
f 2703 2775 2776
f 2704 2777 2705
f 2704 2776 2777
f 2705 2778 2706
f 2705 2777 2778
f 2706 2779 2707
f 2706 2778 2779
f 2707 2780 2708
f 2707 2779 2780
f 2708 2781 2709
f 2708 2780 2781
f 2709 2782 2710
f 2709 2781 2782
f 2710 2783 2711
f 2710 2782 2783
f 2711 2784 2712
f 2711 2783 2784
f 2712 2785 2713
f 2712 2784 2785
f 2713 2786 2714
f 2713 2785 2786
f 2714 2787 2715
f 2714 2786 2787
f 2715 2788 2716
f 2715 2787 2788
f 2716 2789 2717
f 2716 2788 2789
f 2717 2790 2718
f 2717 2789 2790
f 2718 2791 2719
f 2718 2790 2791
f 2719 2792 2720
f 2719 2791 2792
f 2720 2793 2721
f 2720 2792 2793
f 2721 2794 2722
f 2721 2793 2794
f 2722 2795 2723
f 2722 2794 2795
f 2723 2796 2724
f 2723 2795 2796
f 2724 2797 2725
f 2724 2796 2797
f 2725 2798 2726
f 2725 2797 2798
f 2726 2799 2727
f 2726 2798 2799
f 2727 2800 2728
f 2727 2799 2800
f 2728 2801 2729
f 2728 2800 2801
f 2729 2802 2730
f 2729 2801 2802
f 2730 2803 2731
f 2730 2802 2803
f 2731 2804 2732
f 2731 2803 2804
f 2732 2805 2733
f 2732 2804 2805
f 2733 2806 2734
f 2733 2805 2806
f 2734 2807 2735
f 2734 2806 2807
f 2735 2808 2736
f 2735 2807 2808
f 2736 2737 2665
f 2736 2808 2737
f 2737 2809 2738
f 2738 2809 2810
f 2738 2810 2739
f 2739 2810 2811
f 2739 2811 2740
f 2740 2811 2812
f 2740 2812 2741
f 2741 2812 2813
f 2741 2813 2742
f 2742 2813 2814
f 2742 2814 2743
f 2743 2814 2815
f 2743 2815 2744
f 2744 2815 2816
f 2744 2816 2745
f 2745 2816 2817
f 2745 2817 2746
f 2746 2817 2818
f 2746 2818 2747
f 2747 2818 2819
f 2747 2819 2748
f 2748 2819 2820
f 2748 2820 2749
f 2749 2820 2821
f 2749 2821 2750
f 2750 2821 2822
f 2750 2822 2751
f 2751 2822 2823
f 2751 2823 2752
f 2752 2823 2824
f 2752 2824 2753
f 2753 2824 2825
f 2753 2825 2754
f 2754 2825 2826
f 2754 2826 2755
f 2755 2826 2827
f 2755 2827 2756
f 2756 2827 2828
f 2756 2828 2757
f 2757 2828 2829
f 2757 2829 2758
f 2758 2829 2830
f 2758 2830 2759
f 2759 2830 2831
f 2759 2831 2760
f 2760 2831 2832
f 2760 2832 2761
f 2761 2832 2833
f 2761 2833 2762
f 2762 2833 2834
f 2762 2834 2763
f 2763 2834 2835
f 2763 2835 2764
f 2764 2835 2836
f 2764 2836 2765
f 2765 2836 2837
f 2765 2837 2766
f 2766 2837 2838
f 2766 2838 2767
f 2767 2838 2839
f 2767 2839 2768
f 2768 2839 2840
f 2768 2840 2769
f 2769 2840 2841
f 2769 2841 2770
f 2770 2841 2842
f 2770 2842 2771
f 2771 2842 2843
f 2771 2843 2772
f 2772 2843 2844
f 2772 2844 2773
f 2773 2844 2845
f 2773 2845 2774
f 2774 2845 2846
f 2774 2846 2775
f 2775 2846 2847
f 2775 2847 2776
f 2776 2847 2848
f 2776 2848 2777
f 2777 2848 2849
f 2777 2849 2778
f 2778 2849 2850
f 2778 2850 2779
f 2779 2850 2851
f 2779 2851 2780
f 2780 2851 2852
f 2780 2852 2781
f 2781 2852 2853
f 2781 2853 2782
f 2782 2853 2854
f 2782 2854 2783
f 2783 2854 2855
f 2783 2855 2784
f 2784 2855 2856
f 2784 2856 2785
f 2785 2856 2857
f 2785 2857 2786
f 2786 2857 2858
f 2786 2858 2787
f 2787 2858 2859
f 2787 2859 2788
f 2788 2859 2860
f 2788 2860 2789
f 2789 2860 2861
f 2789 2861 2790
f 2790 2861 2862
f 2790 2862 2791
f 2791 2862 2863
f 2791 2863 2792
f 2792 2863 2864
f 2792 2864 2793
f 2793 2864 2865
f 2793 2865 2794
f 2794 2865 2866
f 2794 2866 2795
f 2795 2866 2867
f 2795 2867 2796
f 2796 2867 2868
f 2796 2868 2797
f 2797 2868 2869
f 2797 2869 2798
f 2798 2869 2870
f 2798 2870 2799
f 2799 2870 2871
f 2799 2871 2800
f 2800 2871 2872
f 2800 2872 2801
f 2801 2872 2873
f 2801 2873 2802
f 2802 2873 2874
f 2802 2874 2803
f 2803 2874 2875
f 2803 2875 2804
f 2804 2875 2876
f 2804 2876 2805
f 2805 2876 2877
f 2805 2877 2806
f 2806 2877 2878
f 2806 2878 2807
f 2807 2878 2879
f 2807 2879 2808
f 2808 2879 2880
f 2808 2880 2737
f 2737 2880 2809
f 2809 2882 2810
f 2809 2881 2882
f 2810 2883 2811
f 2810 2882 2883
f 2811 2884 2812
f 2811 2883 2884
f 2812 2885 2813
f 2812 2884 2885
f 2813 2886 2814
f 2813 2885 2886
f 2814 2887 2815
f 2814 2886 2887
f 2815 2888 2816
f 2815 2887 2888
f 2816 2889 2817
f 2816 2888 2889
f 2817 2890 2818
f 2817 2889 2890
f 2818 2891 2819
f 2818 2890 2891
f 2819 2892 2820
f 2819 2891 2892
f 2820 2893 2821
f 2820 2892 2893
f 2821 2894 2822
f 2821 2893 2894
f 2822 2895 2823
f 2822 2894 2895
f 2823 2896 2824
f 2823 2895 2896
f 2824 2897 2825
f 2824 2896 2897
f 2825 2898 2826
f 2825 2897 2898
f 2826 2899 2827
f 2826 2898 2899
f 2827 2900 2828
f 2827 2899 2900
f 2828 2901 2829
f 2828 2900 2901
f 2829 2902 2830
f 2829 2901 2902
f 2830 2903 2831
f 2830 2902 2903
f 2831 2904 2832
f 2831 2903 2904
f 2832 2905 2833
f 2832 2904 2905
f 2833 2906 2834
f 2833 2905 2906
f 2834 2907 2835
f 2834 2906 2907
f 2835 2908 2836
f 2835 2907 2908
f 2836 2909 2837
f 2836 2908 2909
f 2837 2910 2838
f 2837 2909 2910
f 2838 2911 2839
f 2838 2910 2911
f 2839 2912 2840
f 2839 2911 2912
f 2840 2913 2841
f 2840 2912 2913
f 2841 2914 2842
f 2841 2913 2914
f 2842 2915 2843
f 2842 2914 2915
f 2843 2916 2844
f 2843 2915 2916
f 2844 2917 2845
f 2844 2916 2917
f 2845 2918 2846
f 2845 2917 2918
f 2846 2919 2847
f 2846 2918 2919
f 2847 2920 2848
f 2847 2919 2920
f 2848 2921 2849
f 2848 2920 2921
f 2849 2922 2850
f 2849 2921 2922
f 2850 2923 2851
f 2850 2922 2923
f 2851 2924 2852
f 2851 2923 2924
f 2852 2925 2853
f 2852 2924 2925
f 2853 2926 2854
f 2853 2925 2926
f 2854 2927 2855
f 2854 2926 2927
f 2855 2928 2856
f 2855 2927 2928
f 2856 2929 2857
f 2856 2928 2929
f 2857 2930 2858
f 2857 2929 2930
f 2858 2931 2859
f 2858 2930 2931
f 2859 2932 2860
f 2859 2931 2932
f 2860 2933 2861
f 2860 2932 2933
f 2861 2934 2862
f 2861 2933 2934
f 2862 2935 2863
f 2862 2934 2935
f 2863 2936 2864
f 2863 2935 2936
f 2864 2937 2865
f 2864 2936 2937
f 2865 2938 2866
f 2865 2937 2938
f 2866 2939 2867
f 2866 2938 2939
f 2867 2940 2868
f 2867 2939 2940
f 2868 2941 2869
f 2868 2940 2941
f 2869 2942 2870
f 2869 2941 2942
f 2870 2943 2871
f 2870 2942 2943
f 2871 2944 2872
f 2871 2943 2944
f 2872 2945 2873
f 2872 2944 2945
f 2873 2946 2874
f 2873 2945 2946
f 2874 2947 2875
f 2874 2946 2947
f 2875 2948 2876
f 2875 2947 2948
f 2876 2949 2877
f 2876 2948 2949
f 2877 2950 2878
f 2877 2949 2950
f 2878 2951 2879
f 2878 2950 2951
f 2879 2952 2880
f 2879 2951 2952
f 2880 2881 2809
f 2880 2952 2881
