# Blender 5.2.1 LTS
# www.blender.org
mtllib Planar_mem.mtl
o disk.002
v 0.000000 -0.947516 0.687784
v 0.000000 -0.908894 0.714390
v 0.000000 -0.977190 0.723246
v -0.000000 0.045042 -1.073704
v -0.000000 0.088950 -1.052064
v -0.000000 0.059708 -1.011084
v -0.000000 1.035800 -1.373360
v -0.000000 1.034218 -1.319828
v -0.000000 0.989050 -1.355276
v 0.000000 -1.137646 0.785342
v 0.000000 -1.118286 0.732120
v 0.000000 -1.090048 0.790290
v -0.000000 0.146846 -0.764762
v -0.000000 0.198940 -0.763588
v -0.000000 0.173586 -0.714462
v -0.000000 0.818362 0.067482
v -0.000000 0.806922 0.123178
v -0.000000 0.766580 0.090876
v 0.000000 -0.274530 -0.193022
v 0.000000 -0.221098 -0.188140
v 0.000000 -0.255964 -0.142028
v -0.000000 0.512156 -0.878734
v -0.000000 0.500874 -0.830348
v -0.000000 0.464366 -0.863048
v -0.000000 0.210990 -1.879710
v -0.000000 0.158564 -1.868184
v -0.000000 0.198616 -1.921616
v -0.000000 1.093636 -0.467788
v -0.000000 1.042438 -0.471564
v -0.000000 1.077270 -0.512886
v -0.000000 1.802024 -0.038124
v -0.000000 1.845284 -0.004278
v -0.000000 1.792654 0.016480
v -0.000000 0.829814 -0.213424
v -0.000000 0.884432 -0.234876
v -0.000000 0.868740 -0.185340
v -0.000000 1.746932 -0.012790
v -0.000000 1.757468 -0.064724
v -0.000000 0.469122 -1.152954
v -0.000000 0.416618 -1.117172
v -0.000000 0.419704 -1.163366
v -0.000000 0.415788 -1.067450
v -0.000000 0.369350 -1.093228
v -0.000000 0.570714 -0.283494
v -0.000000 0.560818 -0.233812
v -0.000000 0.524330 -0.284164
v -0.000000 1.585548 -0.434386
v -0.000000 1.529162 -0.452488
v -0.000000 1.558994 -0.492030
v -0.000000 1.668812 0.526618
v -0.000000 1.693440 0.574242
v -0.000000 1.637662 0.572236
v -0.000000 0.633002 0.319944
v -0.000000 0.673142 0.357022
v -0.000000 0.618086 0.360420
v 0.000000 -1.319540 1.308318
v 0.000000 -1.284390 1.350376
v 0.000000 -1.325726 1.374380
v -0.000000 -0.496002 -1.639626
v -0.000000 -0.501386 -1.698926
v -0.000000 -0.457850 -1.675208
v 0.000000 -1.553060 -1.235908
v 0.000000 -1.501536 -1.230256
v 0.000000 -1.535654 -1.181204
v 0.000000 -0.624372 0.072920
v 0.000000 -0.612066 0.029946
v 0.000000 -0.574148 0.077098
v -0.000000 0.651176 -0.283540
v -0.000000 0.670054 -0.321050
v -0.000000 0.705444 -0.280806
v 0.000000 0.045156 0.661474
v 0.000000 0.021006 0.704886
v 0.000000 -0.006648 0.646632
v -0.000000 1.209332 -0.762920
v -0.000000 1.167642 -0.727458
v -0.000000 1.158666 -0.773232
v -0.000000 0.691920 0.462662
v -0.000000 0.650938 0.503986
v -0.000000 0.645348 0.452728
v 0.000000 -0.027816 1.328678
v 0.000000 -0.021624 1.384548
v 0.000000 -0.066292 1.362352
v -0.000000 -0.168176 -1.340380
v -0.000000 -0.135846 -1.388734
v -0.000000 -0.115154 -1.338282
v -0.000000 0.196516 0.186208
v -0.000000 0.241988 0.216596
v -0.000000 0.193834 0.237806
v -0.000000 0.394362 -0.324448
v -0.000000 0.369306 -0.371714
v -0.000000 0.417902 -0.372660
v -0.000000 1.035474 1.136052
v -0.000000 1.077898 1.105922
v -0.000000 1.088776 1.158406
v -0.000000 0.241272 -0.849628
v -0.000000 0.221482 -0.907014
v -0.000000 0.268952 -0.883236
v -0.000000 -0.299084 -1.728024
v -0.000000 -0.251996 -1.745774
v -0.000000 -0.252870 -1.693072
v -0.000000 0.652144 0.892366
v -0.000000 0.704212 0.876680
v -0.000000 0.696402 0.926668
v -0.000000 0.530342 0.223062
v -0.000000 0.496822 0.257504
v -0.000000 0.475580 0.211470
v -0.000000 0.948410 -0.004524
v -0.000000 0.923876 0.044578
v -0.000000 0.894566 -0.002608
v 0.000000 -1.552902 -0.362222
v 0.000000 -1.595226 -0.395802
v 0.000000 -1.553234 -0.422980
v -0.000000 1.285130 0.345816
v -0.000000 1.227122 0.354056
v -0.000000 1.269008 0.302312
v -0.000000 0.372678 0.298988
v -0.000000 0.340924 0.337876
v -0.000000 0.318476 0.292502
v -0.000000 0.342624 -0.322698
v -0.000000 1.314128 -1.358734
v -0.000000 1.273618 -1.394904
v -0.000000 1.322534 -1.406676
v -0.000000 0.373220 0.471028
v -0.000000 0.419498 0.458324
v -0.000000 0.413206 0.516618
v -0.000000 1.102056 -1.043064
v -0.000000 1.117480 -0.988048
v -0.000000 1.065294 -0.997142
v 0.000000 -0.314868 -0.163092
v 0.000000 -0.300746 -0.118964
v 0.000000 -0.614922 1.902602
v 0.000000 -0.632328 1.845104
v 0.000000 -0.582360 1.871160
v -0.000000 1.180134 -0.102756
v -0.000000 1.143440 -0.062884
v -0.000000 1.143154 -0.128450
v 0.000000 -1.598326 -0.821836
v 0.000000 -1.604526 -0.881388
v 0.000000 -1.550274 -0.858332
v -0.000000 1.520928 -0.631468
v -0.000000 1.498302 -0.583964
v -0.000000 1.467994 -0.632588
v 0.000000 0.197160 1.986734
v 0.000000 0.152636 1.990946
v 0.000000 0.189614 1.931050
v 0.000000 -1.387982 1.438622
v 0.000000 -1.378948 1.386262
v 0.000000 -1.331278 1.426376
v -0.000000 1.139392 0.253048
v -0.000000 1.094808 0.259644
v -0.000000 1.109262 0.204608
v -0.000000 1.443478 -0.585336
v -0.000000 -0.514746 -1.026134
v -0.000000 -0.471276 -1.000844
v -0.000000 -0.510136 -0.960070
v -0.000000 -0.017358 -0.056882
v -0.000000 0.027238 -0.091994
v -0.000000 0.033366 -0.042072
v 0.000000 -0.181000 0.830190
v 0.000000 -0.239108 0.821110
v 0.000000 -0.207474 0.784162
v -0.000000 0.817554 0.804140
v -0.000000 0.868204 0.821070
v -0.000000 0.825052 0.857664
v -0.000000 1.166072 1.414698
v -0.000000 1.114488 1.392986
v -0.000000 1.165000 1.357656
v 0.000000 -0.784206 1.785180
v 0.000000 -0.745558 1.750002
v 0.000000 -0.732238 1.805640
v -0.000000 1.663010 0.696878
v -0.000000 1.626402 0.662880
v -0.000000 1.682352 0.652552
v 0.000000 0.623922 1.203878
v 0.000000 0.564508 1.198088
v 0.000000 0.598990 1.155286
v 0.000000 -0.285022 1.565794
v 0.000000 -0.234120 1.569702
v 0.000000 -0.263052 1.616810
v 0.000000 0.644698 1.254216
v 0.000000 0.587902 1.248678
v 0.000000 -1.246868 1.501646
v 0.000000 -1.194728 1.486266
v 0.000000 -1.202410 1.540394
v -0.000000 0.762128 -0.942960
v -0.000000 0.803572 -0.907844
v -0.000000 0.752014 -0.891602
v -0.000000 1.831984 0.762816
v -0.000000 1.802550 0.727220
v -0.000000 1.854562 0.704182
v 0.000000 -0.373738 1.598032
v 0.000000 -0.313126 1.612490
v 0.000000 -0.349098 1.645376
v 0.000000 -0.497904 0.864830
v 0.000000 -0.532312 0.827752
v 0.000000 -0.484352 0.804980
v -0.000000 -0.538506 -1.478992
v -0.000000 -0.549202 -1.420388
v -0.000000 -0.588236 -1.461242
v 0.000000 -1.179936 -0.288580
v 0.000000 -1.203344 -0.244402
v 0.000000 -1.232772 -0.295292
v -0.000000 1.854948 0.310236
v -0.000000 1.898724 0.355790
v -0.000000 1.850974 0.374210
v -0.000000 1.517108 1.205236
v -0.000000 1.457496 1.213476
v -0.000000 1.468834 1.168698
v -0.000000 0.438316 -1.924532
v -0.000000 0.467134 -1.870920
v -0.000000 0.414828 -1.887756
v 0.000000 -0.147682 1.678758
v 0.000000 -0.165944 1.633812
v 0.000000 -0.111100 1.647344
v -0.000000 1.668984 0.104196
v -0.000000 1.618738 0.122834
v -0.000000 1.613472 0.075018
v 0.000000 -0.009132 0.911328
v 0.000000 -0.031182 0.962256
v 0.000000 -0.060920 0.914582
v -0.000000 0.663708 0.197840
v -0.000000 0.707722 0.165808
v -0.000000 0.710650 0.216724
v -0.000000 0.968848 -0.185266
v -0.000000 0.960218 -0.236406
v -0.000000 1.012822 -0.214186
v -0.000000 1.668368 -0.482544
v -0.000000 1.611008 -0.482154
v -0.000000 1.638556 -0.526088
v 0.000000 -0.110472 0.602360
v 0.000000 -0.164890 0.597874
v 0.000000 -0.137336 0.554120
v 0.000000 -0.860574 1.310312
v 0.000000 -0.870644 1.367790
v 0.000000 -0.911730 1.318890
v -0.000000 0.438986 -0.515848
v -0.000000 0.469016 -0.471564
v -0.000000 0.416404 -0.467940
v -0.000000 0.921312 -0.205912
v 0.000000 0.067438 1.093086
v 0.000000 0.035724 1.046176
v 0.000000 0.092216 1.048978
v 0.000000 -0.561436 -0.944584
v 0.000000 -0.593566 -0.989214
v -0.000000 -0.545632 -0.991638
v 0.000000 -1.015128 -0.749262
v 0.000000 -0.967234 -0.790904
v 0.000000 -0.956252 -0.742094
v -0.000000 -0.222238 -0.444114
v -0.000000 -0.256766 -0.488216
v -0.000000 -0.202288 -0.493732
v 0.000000 0.434924 0.774692
v -0.000000 0.432932 0.720710
v -0.000000 0.483020 0.734460
v 0.000000 -0.131620 1.182450
v 0.000000 -0.079706 1.150830
v 0.000000 -0.075552 1.200054
v -0.000000 0.299892 0.044578
v -0.000000 0.345864 0.077238
v -0.000000 0.301672 0.099282
v -0.000000 1.292450 0.138962
v -0.000000 1.260662 0.086358
v -0.000000 1.313564 0.094704
v 0.000000 -1.031132 0.068620
v 0.000000 -1.089314 0.082808
v 0.000000 -1.074808 0.036716
v -0.000000 1.548276 0.091982
v -0.000000 1.570938 0.044088
v 0.000000 -1.460200 -1.277756
v 0.000000 -1.450714 -1.223152
v -0.000000 1.388094 -0.495328
v -0.000000 1.407302 -0.438936
v -0.000000 1.355452 -0.458222
v -0.000000 0.381088 -1.197808
v -0.000000 0.371498 -1.146714
v -0.000000 0.640832 0.631530
v -0.000000 0.624538 0.677848
v -0.000000 0.593552 0.636690
v 0.000000 -0.214302 0.868600
v -0.000000 1.382504 -0.681250
v -0.000000 1.417304 -0.635258
v -0.000000 1.367170 -0.634316
v 0.000000 0.350772 1.085600
v 0.000000 0.310090 1.044150
v 0.000000 0.365516 1.033798
v -0.000000 1.687942 0.959196
v -0.000000 1.659586 1.011894
v -0.000000 1.638212 0.966464
v -0.000000 0.269634 -1.369400
v -0.000000 0.317696 -1.357318
v -0.000000 0.285696 -1.313800
v 0.000000 -1.028780 -1.580238
v 0.000000 -1.027164 -1.633664
v 0.000000 -0.978502 -1.602016
v -0.000000 -0.151452 -1.649686
v -0.000000 -0.201778 -1.669020
v -0.000000 -0.157744 -1.705888
v -0.000000 -0.088946 -0.344462
v -0.000000 -0.093362 -0.401352
v -0.000000 -0.049456 -0.377178
v -0.000000 1.121926 -1.307792
v -0.000000 1.075602 -1.284014
v -0.000000 1.081980 -1.339962
v 0.000000 0.198160 0.920562
v 0.000000 0.225402 0.968728
v 0.000000 0.170586 0.967270
v 0.000000 0.052826 0.412840
v 0.000000 0.000202 0.432638
v 0.000000 0.011906 0.377762
v 0.000000 -0.801884 -0.384920
v 0.000000 -0.748220 -0.372608
v 0.000000 -0.788404 -0.336376
v -0.000000 0.239396 -1.337268
v -0.000000 0.291240 -1.952562
v -0.000000 0.319814 -1.904436
v -0.000000 0.258612 -1.909742
v -0.000000 -0.121208 -0.301450
v -0.000000 -0.137952 -0.357412
v -0.000000 0.682632 -1.746138
v -0.000000 0.745490 -1.770798
v -0.000000 0.739986 -1.719830
v 0.000000 -1.261876 -1.228906
v 0.000000 -1.216592 -1.251538
v 0.000000 -1.225738 -1.192398
v -0.000000 1.438506 -0.683694
v 0.000000 -0.303282 1.871016
v 0.000000 -0.349284 1.844256
v 0.000000 -0.316266 1.802488
v 0.000000 -1.204326 -0.756144
v 0.000000 -1.208370 -0.707400
v 0.000000 -1.258386 -0.733822
v -0.000000 0.493040 -0.513814
v -0.000000 0.467308 -0.559504
v -0.000000 0.519136 -0.564498
v 0.000000 -1.061448 -1.102866
v 0.000000 -1.017560 -1.125160
v 0.000000 -1.021010 -1.062358
v -0.000000 0.991250 -1.407874
v -0.000000 0.342942 -1.238034
v -0.000000 0.331008 -1.295362
v -0.000000 0.379068 -1.283664
v 0.000000 -0.315384 0.556334
v 0.000000 -0.268478 0.531150
v 0.000000 -0.257322 0.576342
v 0.000000 -1.340518 1.061034
v 0.000000 -1.382974 1.029274
v 0.000000 -1.325396 1.012032
v 0.000000 0.142840 1.886322
v 0.000000 0.176660 1.833724
v 0.000000 0.201338 1.880692
v 0.000000 0.354396 1.699900
v 0.000000 0.418976 1.704062
v 0.000000 0.379624 1.741478
v -0.000000 1.370866 1.129488
v -0.000000 1.354498 1.181324
v -0.000000 1.313584 1.145642
v 0.000000 -1.122390 0.675628
v 0.000000 -1.075906 0.686954
v 0.000000 -1.406382 0.629270
v 0.000000 -1.353852 0.648824
v 0.000000 -1.389082 0.689016
v 0.000000 -0.295342 1.661326
v 0.000000 -0.402080 -0.496612
v 0.000000 -0.402232 -0.545614
v 0.000000 -0.352078 -0.501818
v -0.000000 0.361700 -1.384274
v -0.000000 0.366484 -1.334904
v -0.000000 1.932138 0.003034
v -0.000000 1.932198 0.067110
v -0.000000 1.887642 0.032576
v 0.000000 -0.450008 0.844006
v -0.000000 0.922696 0.154674
v -0.000000 0.948138 0.097996
v -0.000000 0.970034 0.155522
v -0.000000 0.866210 -1.211056
v -0.000000 0.922968 -1.232192
v -0.000000 0.907336 -1.181932
v -0.000000 0.998614 -1.165686
v -0.000000 1.047366 -1.135150
v -0.000000 0.993528 -1.118532
v 0.000000 -1.851612 0.459370
v 0.000000 -1.898248 0.446852
v 0.000000 -1.861538 0.402348
v -0.000000 0.875430 -0.826008
v -0.000000 0.830596 -0.806032
v -0.000000 0.837404 -0.865028
v 0.000000 -1.178916 1.347594
v 0.000000 -1.209364 1.396928
v 0.000000 -1.234230 1.353298
v -0.000000 0.364576 -0.141352
v -0.000000 0.325172 -0.173562
v -0.000000 0.380090 -0.186538
v 0.000000 -0.436822 -0.641510
v 0.000000 -0.388516 -0.633164
v 0.000000 -0.422356 -0.592934
v -0.000000 1.861616 0.205456
v -0.000000 1.920270 0.186374
v -0.000000 1.918600 0.241204
v -0.000000 1.027500 1.082018
v -0.000000 0.972752 1.065808
v -0.000000 1.018016 1.030916
v 0.000000 0.406854 1.220848
v 0.000000 0.359496 1.185822
v 0.000000 0.414074 1.166792
v -0.000000 0.402132 0.350564
v 0.000000 -0.618816 0.950612
v 0.000000 -0.666074 0.908394
v 0.000000 -0.607084 0.900186
v -0.000000 1.846470 -0.522352
v -0.000000 1.802986 -0.560000
v -0.000000 1.853946 -0.566478
v -0.000000 0.845624 -1.164406
v -0.000000 0.886644 -1.135354
v 0.000000 0.119048 1.004894
v 0.000000 0.071550 0.952904
v 0.000000 0.119200 0.955720
v 0.000000 -0.686436 0.288390
v 0.000000 -0.643138 0.318204
v 0.000000 -0.692596 0.341796
v 0.000000 -1.129836 0.897444
v 0.000000 -1.122240 0.840206
v 0.000000 -1.084650 0.882112
v 0.000000 0.059654 1.301006
v 0.000000 0.027510 1.248368
v 0.000000 0.094706 1.267092
v 0.000000 -0.655324 -0.831486
v 0.000000 -0.662790 -0.778690
v 0.000000 -0.706890 -0.825320
v -0.000000 0.940680 -0.369628
v -0.000000 0.915668 -0.415396
v -0.000000 0.968366 -0.417258
v 0.000000 -1.251624 0.623038
v 0.000000 -1.219194 0.566110
v 0.000000 -1.195892 0.608638
v 0.000000 -1.403122 0.957732
v 0.000000 -1.459212 0.986538
v 0.000000 -1.446310 0.933578
v 0.000000 -1.325806 -0.334794
v 0.000000 -1.274906 -0.320984
v 0.000000 -1.299160 -0.280428
v 0.000000 -0.823086 0.286932
v 0.000000 -0.817430 0.236064
v 0.000000 -0.775258 0.281110
v 0.000000 -0.800784 -0.035820
v 0.000000 -0.775158 0.011162
v 0.000000 -0.833936 -0.005106
v 0.000000 -1.383916 -0.117660
v 0.000000 -1.336226 -0.137782
v 0.000000 -1.334120 -0.088390
v 0.000000 -1.983260 -0.184160
v 0.000000 -1.939280 -0.135702
v 0.000000 -1.987380 -0.140630
v -0.000000 0.641016 -1.657198
v -0.000000 0.687380 -1.634604
v -0.000000 0.645930 -1.603190
v 0.000000 -0.025214 1.119732
v 0.000000 -0.028254 1.060484
v 0.000000 0.015382 1.089642
v 0.000000 -0.120950 1.093258
v 0.000000 -0.085150 1.054392
v 0.000000 -0.070472 1.102012
v 0.000000 -0.573000 1.409014
v 0.000000 -0.591998 1.363212
v 0.000000 -0.542088 1.354404
v -0.000000 0.785740 1.227186
v -0.000000 0.780170 1.171846
v -0.000000 0.831204 1.196750
v -0.000000 1.587878 0.965064
v -0.000000 1.604564 1.014470
v -0.000000 1.552728 0.998486
v -0.000000 1.363434 1.383322
v -0.000000 1.323976 1.423420
v -0.000000 1.309624 1.363570
v -0.000000 -0.103842 -1.487880
v -0.000000 -0.052548 -1.481296
v -0.000000 -0.094356 -1.436720
v 0.000000 0.204702 1.588420
v 0.000000 0.175554 1.542096
v 0.000000 0.233702 1.538968
v 0.000000 -1.506464 0.265174
v 0.000000 -1.446310 0.268586
v 0.000000 -1.485924 0.312532
v 0.000000 -0.000368 1.010350
v 0.000000 -0.054854 1.011258
v 0.000000 -0.745040 0.780494
v 0.000000 -0.699114 0.793574
v 0.000000 -0.732020 0.837668
v 0.000000 -0.574206 -0.456382
v 0.000000 -0.616776 -0.420642
v 0.000000 -0.611536 -0.484584
v 0.000000 -1.153170 -0.379444
v 0.000000 -1.116602 -0.417536
v 0.000000 -1.098658 -0.367752
v 0.000000 -0.449002 -0.144220
v 0.000000 -0.419626 -0.185100
v 0.000000 -0.403828 -0.128780
v -0.000000 0.537392 0.917846
v 0.000000 0.515250 0.970092
v 0.000000 0.478256 0.935186
v -0.000000 0.255500 0.066382
v -0.000000 -0.114532 -1.234836
v -0.000000 -0.176092 -1.246220
v -0.000000 -0.146642 -1.288816
v -0.000000 -0.148246 -0.889674
v -0.000000 -0.119962 -0.940550
v -0.000000 -0.105206 -0.886330
v 0.000000 -1.301578 -0.229260
v 0.000000 -1.347500 -0.251740
v -0.000000 0.787966 -1.153868
v -0.000000 0.827258 -1.118068
v -0.000000 0.778886 -1.102000
v -0.000000 1.248706 0.641042
v -0.000000 1.246322 0.593046
v -0.000000 1.290144 0.605394
v 0.000000 -1.436778 0.668038
v 0.000000 -1.464974 0.622236
v -0.000000 0.963888 1.366286
v -0.000000 1.011440 1.394006
v -0.000000 0.967842 1.426714
v 0.000000 -0.832532 0.183652
v 0.000000 -0.786704 0.189546
v -0.000000 0.547540 0.022044
v -0.000000 0.556362 -0.033110
v -0.000000 0.594082 0.024310
v 0.000000 -0.367558 1.787470
v 0.000000 -0.403014 1.825378
v -0.000000 0.460208 0.485446
v -0.000000 1.758706 -0.802840
v -0.000000 1.769862 -0.753474
v -0.000000 1.717788 -0.773126
v -0.000000 0.938366 0.729352
v -0.000000 0.874576 0.725776
v -0.000000 0.910688 0.685730
v -0.000000 1.307524 0.194726
v -0.000000 1.312630 0.250476
v -0.000000 1.270454 0.224374
v -0.000000 1.529010 0.571560
v -0.000000 1.554066 0.618242
v -0.000000 1.499006 0.613348
v 0.000000 -1.427062 -0.202686
v 0.000000 -1.430796 -0.147652
v 0.000000 -1.477824 -0.179384
v 0.000000 0.792218 1.829386
v 0.000000 0.739952 1.794036
v 0.000000 0.803664 1.773318
v -0.000000 0.967418 -0.915912
v -0.000000 0.970386 -0.859022
v -0.000000 0.927928 -0.890324
v -0.000000 1.673694 -0.617738
v -0.000000 1.633640 -0.643710
v -0.000000 1.696122 -0.670052
v -0.000000 0.979400 0.502694
v -0.000000 1.023692 0.484044
v -0.000000 1.025296 0.535740
v -0.000000 0.224368 -0.220384
v -0.000000 0.229516 -0.168298
v -0.000000 0.182580 -0.199408
v -0.000000 0.275284 -0.579520
v -0.000000 0.318888 -0.558648
v -0.000000 0.286286 -0.521558
v 0.000000 -0.295242 0.443500
v 0.000000 -0.311350 0.501788
v 0.000000 -0.342774 0.462318
v 0.000000 0.068418 1.355244
v 0.000000 0.029028 1.393932
v 0.000000 0.019496 1.344906
v 0.000000 0.561738 1.050668
v 0.000000 0.510690 1.028546
v 0.000000 0.557878 0.998674
v -0.000000 1.703222 -0.046900
v -0.000000 1.717920 -0.097618
v 0.000000 -1.063250 1.455512
v 0.000000 -1.006632 1.439510
v 0.000000 -1.040174 1.496196
v -0.000000 0.568250 0.948744
v 0.000000 -0.710580 1.716740
v 0.000000 -0.751314 1.684058
v -0.000000 1.232718 -1.211964
v -0.000000 1.178146 -1.229052
v -0.000000 1.212642 -1.269422
v 0.000000 0.730952 1.637064
v 0.000000 0.689640 1.681250
v 0.000000 0.681726 1.617830
v 0.000000 0.077486 0.707832
v -0.000000 1.260598 -0.149116
v -0.000000 1.314950 -0.143836
v -0.000000 1.285218 -0.099200
v -0.000000 0.928988 0.637100
v -0.000000 0.967100 0.672464
v 0.000000 0.865560 1.543288
v 0.000000 0.814740 1.562232
v 0.000000 0.811348 1.506540
v -0.000000 1.718588 0.683650
v -0.000000 1.722542 0.620204
v -0.000000 1.764782 0.648902
v -0.000000 0.491436 -1.511440
v -0.000000 0.546736 -1.515076
v -0.000000 0.522362 -1.470990
v 0.000000 -1.547670 -0.967820
v 0.000000 -1.575118 -1.029186
v 0.000000 -1.523706 -1.019716
v -0.000000 1.342218 1.469494
v -0.000000 1.271512 1.463514
v 0.000000 -0.239352 -0.234328
v 0.000000 -0.259322 -0.277746
v 0.000000 -0.216262 -0.296808
v 0.000000 -1.418530 -1.320504
v 0.000000 -1.378830 -1.365266
v 0.000000 -1.366574 -1.313270
v -0.000000 0.790676 -1.807904
v -0.000000 0.794894 -1.748100
v -0.000000 0.638732 -1.280310
v -0.000000 0.666550 -1.331128
v -0.000000 0.686328 -1.272350
v 0.000000 -0.367160 -0.588428
v 0.000000 -0.345820 -0.545072
v 0.000000 -0.814072 -0.260888
v 0.000000 -0.832160 -0.303668
v 0.000000 -0.772926 -0.289330
v -0.000000 1.351764 -0.405878
v 0.000000 -0.516454 0.329610
v 0.000000 -0.510600 0.275712
v 0.000000 -0.469708 0.307902
v -0.000000 1.811656 -0.299316
v -0.000000 1.788700 -0.348148
v -0.000000 1.850788 -0.332832
v -0.000000 -0.031334 -0.269346
v -0.000000 0.010136 -0.302464
v -0.000000 0.018184 -0.249124
v -0.000000 0.254348 -1.544048
v -0.000000 0.202530 -1.583538
v -0.000000 0.257870 -1.589724
v -0.000000 1.296026 0.426610
v -0.000000 1.329938 0.462882
v -0.000000 1.285118 0.484328
v 0.000000 -0.327002 1.520350
v 0.000000 -0.334850 1.570272
v 0.000000 -1.465908 0.424384
v 0.000000 -1.512062 0.408018
v 0.000000 -1.476002 0.366362
v 0.000000 -0.184550 1.153804
v 0.000000 -0.233774 1.129608
v 0.000000 -0.180384 1.100622
v -0.000000 0.283266 -1.204870
v -0.000000 0.218506 -1.200736
v -0.000000 0.244026 -1.237736
v -0.000000 1.282110 -0.697048
v -0.000000 1.301146 -0.757210
v -0.000000 1.333754 -0.714602
v 0.000000 -0.954492 1.406790
v 0.000000 -0.999372 1.384772
v 0.000000 -0.957086 1.345456
v -0.000000 0.363846 -0.467680
v -0.000000 0.388474 -0.516576
v 0.000000 -1.088108 -0.594350
v 0.000000 -1.037702 -0.628038
v 0.000000 -1.025436 -0.576268
v 0.000000 0.032934 0.807728
v 0.000000 0.066072 0.855724
v 0.000000 0.012866 0.859234
v -0.000000 0.110172 -1.723142
v -0.000000 0.074736 -1.783622
v -0.000000 0.123836 -1.775924
v 0.000000 -1.110190 -1.640368
v 0.000000 -1.072098 -1.605110
v 0.000000 -1.111032 -1.573940
v -0.000000 1.644936 -0.435670
v -0.000000 1.703426 -0.435996
v 0.000000 0.269390 1.011410
v 0.000000 0.278650 0.959858
v 0.000000 0.323642 0.994918
v -0.000000 1.000106 -0.746912
v -0.000000 1.061910 -0.755496
v -0.000000 1.034104 -0.711428
v -0.000000 -0.388806 -1.171726
v -0.000000 -0.352714 -1.138932
v -0.000000 -0.400768 -1.114340
v 0.000000 -1.512718 -0.322912
v 0.000000 -1.562976 -0.308068
v 0.000000 -1.291702 1.069776
v -0.000000 0.740960 0.969404
v -0.000000 0.802650 0.982266
v -0.000000 0.760160 1.017424
v -0.000000 0.436044 0.392884
v -0.000000 0.392726 0.416058
v -0.000000 1.462410 0.700176
v -0.000000 1.516292 0.707204
v -0.000000 1.472252 0.745522
v 0.000000 -0.045090 0.456892
v 0.000000 0.002712 0.490880
v 0.000000 -0.028552 0.529316
v -0.000000 1.240508 -0.196288
v -0.000000 1.224962 -0.243182
v -0.000000 1.277924 -0.243408
v -0.000000 1.528142 -0.537362
v -0.000000 1.471152 -0.536194
v 0.000000 -1.159894 -0.529586
v 0.000000 -1.200800 -0.565472
v 0.000000 -1.144388 -0.581468
v 0.000000 -1.163716 -1.054892
v 0.000000 -1.189984 -1.092812
v 0.000000 -1.150050 -1.126222
v 0.000000 0.236038 1.214754
v 0.000000 0.184078 1.234028
v 0.000000 0.188058 1.177376
v 0.000000 -0.383276 0.006544
v 0.000000 -0.415114 -0.040708
v 0.000000 -0.356868 -0.033422
v -0.000000 1.062964 0.651898
v -0.000000 1.011466 0.639452
v -0.000000 1.049850 0.595260
v 0.000000 0.212784 0.747190
v 0.000000 0.208664 0.798806
v 0.000000 0.164168 0.761862
v -0.000000 1.107196 1.655340
v -0.000000 1.057678 1.631764
v -0.000000 1.096850 1.601588
v 0.000000 0.289928 1.535604
v 0.000000 0.261904 1.488220
v 0.000000 -0.847646 1.005516
v 0.000000 -0.797334 1.013642
v 0.000000 -0.821120 1.062868
v 0.000000 0.215632 0.565434
v 0.000000 0.241954 0.609454
v 0.000000 0.183416 0.608480
v -0.000000 0.306886 -0.469974
v -0.000000 0.338526 -0.512616
v 0.000000 -0.352332 1.905510
v 0.000000 -0.397006 1.883202
v 0.000000 -1.644904 0.734142
v 0.000000 -1.636968 0.683452
v 0.000000 -1.591074 0.707528
v 0.000000 -0.512674 1.621658
v 0.000000 -0.543824 1.660358
v 0.000000 -0.559702 1.598820
v 0.000000 -1.460544 -0.056048
v 0.000000 -1.424458 -0.087940
v 0.000000 -1.403336 -0.029170
v -0.000000 0.111960 -0.896530
v -0.000000 0.160724 -0.911068
v -0.000000 0.140700 -0.858426
v 0.000000 -1.482044 -1.174514
v 0.000000 -1.516056 -1.126274
v 0.000000 -1.526698 0.207418
v 0.000000 -1.477308 0.228666
v -0.000000 0.735468 0.261942
v -0.000000 0.740622 0.316784
v -0.000000 0.692030 0.307512
v 0.000000 -0.520052 0.767172
v 0.000000 -0.473786 0.743162
v 0.000000 -0.784960 1.202294
v 0.000000 -0.840520 1.205646
v 0.000000 -0.810132 1.158942
v 0.000000 -0.279624 0.385676
v 0.000000 -0.318862 0.351002
v 0.000000 -0.264980 0.331880
v 0.000000 -0.794910 0.511088
v 0.000000 -0.773634 0.465696
v 0.000000 -0.729984 0.493176
v 0.000000 -1.156442 -1.317238
v 0.000000 -1.171372 -1.269834
v 0.000000 -1.205550 -1.318696
v 0.000000 -0.106954 -0.151864
v 0.000000 -0.113784 -0.099784
v 0.000000 -0.151962 -0.144392
v -0.000000 0.540914 0.283072
v 0.000000 -0.274112 0.272202
v 0.000000 -0.313098 0.299784
v 0.000000 -0.324896 0.247284
v -0.000000 1.722252 0.781242
v -0.000000 1.667786 0.781698
v -0.000000 1.696062 0.734890
v 0.000000 -0.033420 1.432072
v 0.000000 -0.071538 1.470852
v 0.000000 -0.082202 1.417672
v 0.000000 -0.843148 -0.351214
v 0.000000 -0.884460 -0.308988
v -0.000000 1.360162 0.117728
v -0.000000 1.154032 0.440420
v -0.000000 1.210694 0.422152
v -0.000000 1.197096 0.470896
v 0.000000 -1.132896 -0.890648
v 0.000000 -1.181222 -0.860690
v 0.000000 -1.183938 -0.910970
v -0.000000 1.512040 0.054340
v -0.000000 1.486876 0.118482
v -0.000000 1.466012 0.072456
v 0.000000 -0.382288 -0.224564
v 0.000000 -0.397682 -0.281428
v 0.000000 -0.347594 -0.262074
v 0.000000 -1.239368 -1.428694
v 0.000000 -1.288522 -1.445536
v 0.000000 -1.235548 -1.479116
v 0.000000 -0.123248 1.953638
v 0.000000 -0.158314 1.991690
v 0.000000 -0.185252 1.946524
v -0.000000 -0.675340 -1.254434
v -0.000000 -0.670968 -1.302952
v -0.000000 -0.623586 -1.266788
v 0.000000 -0.312238 1.474874
v 0.000000 -0.371976 1.479782
v 0.000000 -0.344350 1.441820
v 0.000000 -0.069936 1.303290
v 0.000000 -0.072844 1.248658
v 0.000000 -0.027220 1.270544
v 0.000000 -0.760958 1.576802
v 0.000000 -0.809090 1.560106
v 0.000000 -0.791286 1.512190
v 0.000000 -0.669214 -1.119616
v 0.000000 -0.698140 -1.072974
v 0.000000 -0.721360 -1.118962
v 0.000000 0.247564 0.911786
v 0.000000 0.223708 0.863440
v 0.000000 -1.476712 0.822824
v 0.000000 -1.505636 0.870302
v 0.000000 -1.530036 0.825234
v -0.000000 -0.252342 -1.587526
v -0.000000 -0.300858 -1.554088
v -0.000000 -0.295176 -1.610350
v -0.000000 0.146192 -1.361670
v -0.000000 0.195456 -1.358986
v -0.000000 0.158008 -1.308030
v 0.000000 -1.792760 0.095624
v 0.000000 -1.839192 0.075536
v 0.000000 -1.790362 0.040828
v 0.000000 0.083538 0.805398
v -0.000000 0.147430 -1.447596
v -0.000000 0.126472 -1.486146
v -0.000000 0.164902 -1.505136
v -0.000000 0.883802 -0.369534
v -0.000000 0.831144 -0.344980
v -0.000000 0.835286 -0.392140
v -0.000000 1.419336 0.726676
v -0.000000 1.380210 0.764028
v -0.000000 1.370448 0.712304
v 0.000000 -0.078314 1.610180
v 0.000000 -0.129924 1.596336
v 0.000000 -0.090322 1.558628
v -0.000000 -0.460712 -1.599156
v -0.000000 -0.415790 -1.572324
v -0.000000 -0.467016 -1.545088
v -0.000000 -0.598818 -1.691136
v -0.000000 -0.648852 -1.658270
v -0.000000 -0.650536 -1.711354
v -0.000000 -0.161864 -1.202040
v -0.000000 -0.179720 -1.151576
v -0.000000 -0.214714 -1.191160
v 0.000000 -0.171884 -0.097088
v -0.000000 0.756896 0.144678
v 0.000000 -1.202820 -1.519786
v 0.000000 -1.206344 -1.571980
v 0.000000 -1.156866 -1.546816
v 0.000000 -0.108558 0.121370
v 0.000000 -0.144284 0.083914
v 0.000000 -0.085792 0.077092
v 0.000000 -1.714416 -0.904830
v 0.000000 -1.684440 -0.951936
v 0.000000 -1.661462 -0.899848
v -0.000000 0.627638 -1.763286
v -0.000000 0.603824 -1.831358
v -0.000000 0.650748 -1.807162
v 0.000000 -1.094486 -1.141086
v 0.000000 -1.128510 -1.178514
v 0.000000 -0.811250 -0.582448
v 0.000000 -0.752042 -0.603318
v 0.000000 -0.759168 -0.557630
v -0.000000 0.728680 -0.792408
v -0.000000 0.715008 -0.738532
v -0.000000 0.681500 -0.772398
v -0.000000 -0.419560 -0.732994
v 0.000000 -0.458858 -0.766822
v -0.000000 -0.403332 -0.781234
v -0.000000 0.480482 -0.953506
v -0.000000 0.469130 -0.997810
v -0.000000 0.526012 -0.975296
v 0.000000 -1.317972 -1.223614
v 0.000000 -1.287126 -1.184190
v 0.000000 -0.894746 -0.610896
v 0.000000 -0.848832 -0.626754
v 0.000000 -0.866584 -0.566538
v -0.000000 0.013170 -1.358476
v -0.000000 0.026974 -1.296320
v -0.000000 -0.015980 -1.317716
v 0.000000 -1.149270 -0.941470
v 0.000000 -1.201524 -0.959280
v 0.000000 -0.050290 0.292232
v 0.000000 -0.066842 0.350394
v 0.000000 -0.100098 0.307498
v 0.000000 -1.656592 0.485500
v 0.000000 -1.639056 0.438612
v 0.000000 -1.609050 0.493542
v 0.000000 -1.503080 0.469444
v 0.000000 -1.544894 0.448004
v 0.000000 -0.474158 -0.193606
v 0.000000 -0.936898 -0.887284
v 0.000000 -0.912008 -0.944624
v 0.000000 -0.888234 -0.897484
v 0.000000 -1.289590 -0.370044
v 0.000000 0.278510 1.245328
v 0.000000 0.323484 1.280942
v 0.000000 0.271342 1.300780
v 0.000000 -1.392552 0.794768
v 0.000000 -1.376556 0.850956
v 0.000000 -1.426584 0.832874
v -0.000000 0.723580 -1.669730
v -0.000000 0.738998 -1.619432
v -0.000000 1.793162 -0.167344
v -0.000000 1.738672 -0.188208
v -0.000000 1.777750 -0.224472
v -0.000000 0.079564 -1.927658
v -0.000000 0.127142 -1.971202
v -0.000000 0.142032 -1.920206
v 0.000000 -0.247624 -0.040410
v 0.000000 -0.226988 -0.094756
v 0.000000 -0.196976 -0.050028
v 0.000000 -0.713810 -0.775776
v 0.000000 -1.742044 0.079762
v 0.000000 -1.745058 0.131002
v 0.000000 -0.336480 0.652844
v 0.000000 -0.294574 0.613116
v 0.000000 -0.288070 0.669960
v 0.000000 -0.198962 0.555848
v -0.000000 0.066628 -1.564946
v -0.000000 0.048136 -1.505380
v -0.000000 0.022252 -1.551360
v 0.000000 -1.563170 0.395480
v 0.000000 -1.526010 0.354176
v 0.000000 -1.323594 -1.148742
v 0.000000 -1.352798 -1.102900
v 0.000000 -1.381604 -1.148160
v 0.000000 -0.446014 -0.089384
v 0.000000 -0.492490 -0.135484
v -0.000000 0.780648 0.035450
v 0.000000 -0.523364 -0.327846
v 0.000000 -0.578412 -0.319506
v 0.000000 -0.547452 -0.367468
v 0.000000 -0.228588 1.008058
v 0.000000 -0.201460 1.050364
v 0.000000 -0.271180 1.043522
v -0.000000 0.438330 0.573196
v -0.000000 0.466314 0.534806
v 0.000000 0.336162 1.824816
v 0.000000 0.287040 1.845024
v 0.000000 0.278046 1.790460
v 0.000000 -1.566890 0.656944
v 0.000000 -1.572786 0.603002
v 0.000000 -1.521064 0.624516
v 0.000000 -1.557532 -0.104248
v 0.000000 -1.596676 -0.136160
v 0.000000 -1.556816 -0.168006
v 0.000000 -0.651496 1.288666
v 0.000000 -0.636766 1.337614
v 0.000000 -0.688748 1.319776
v -0.000000 0.740012 -0.002112
v -0.000000 0.705452 -0.060638
v -0.000000 0.754810 -0.056392
v 0.000000 -1.363202 1.335448
v -0.000000 0.821978 -1.064026
v -0.000000 0.865004 -1.086606
v -0.000000 0.877258 -1.035160
v 0.000000 -0.715738 0.130836
v 0.000000 -0.697238 0.179566
v 0.000000 -0.750492 0.159026
v -0.000000 1.574340 0.135108
v 0.000000 -1.365476 0.984352
v 0.000000 -1.427334 1.015782
v -0.000000 1.721066 -0.481968
v -0.000000 1.761814 -0.453646
v 0.000000 -0.020518 0.580992
v 0.000000 -0.078308 0.558352
v -0.000000 1.645770 0.207622
v -0.000000 1.701176 0.246370
v -0.000000 1.648584 0.251278
v -0.000000 1.241236 -0.663222
v -0.000000 1.222248 -0.710938
v 0.000000 0.515832 1.502752
v 0.000000 0.497982 1.559476
v 0.000000 0.468758 1.503846
v 0.000000 -1.513048 1.143590
v 0.000000 -1.516498 1.084204
v 0.000000 -1.469366 1.107914
v -0.000000 1.309942 -1.259720
v -0.000000 1.263888 -1.246664
v -0.000000 1.256410 -1.294896
v -0.000000 0.505122 -1.601182
v -0.000000 0.552082 -1.627902
v -0.000000 0.566368 -1.571868
v 0.000000 -0.905436 -0.726416
v 0.000000 -0.913232 -0.783486
v -0.000000 0.551862 -1.840976
v -0.000000 0.570728 -1.889346
v 0.000000 -0.733748 0.208054
v 0.000000 -0.770952 0.235328
v 0.000000 -0.926002 -0.029640
v 0.000000 -0.879942 -0.027308
v 0.000000 -0.925632 0.021394
v 0.000000 -1.683764 0.050624
v 0.000000 -1.698474 0.107792
v 0.000000 -1.111178 -0.146618
v 0.000000 -1.062952 -0.116302
v 0.000000 -1.109184 -0.092856
v 0.000000 -0.871140 -1.234548
v 0.000000 -0.829842 -1.272124
v 0.000000 -0.826676 -1.218374
v -0.000000 -0.145828 -1.970716
v -0.000000 -0.087124 -1.973466
v -0.000000 -0.117082 -1.922982
v 0.000000 -0.321154 1.749592
v -0.000000 1.063984 -1.662556
v -0.000000 1.010372 -1.638692
v -0.000000 1.013824 -1.692746
v -0.000000 -0.347800 -1.575816
v -0.000000 0.137190 -1.030556
v -0.000000 0.126864 -1.086382
v -0.000000 0.177632 -1.052196
v 0.000000 -1.295154 -1.105152
v 0.000000 -1.277494 -1.040924
v 0.000000 -1.322476 -1.062020
v -0.000000 0.137368 -1.139740
v -0.000000 0.077750 -1.110232
v -0.000000 0.086288 -1.155006
v 0.000000 -1.945188 0.164378
v 0.000000 -1.939798 0.102640
v 0.000000 -1.897810 0.146420
v -0.000000 1.942736 0.393942
v -0.000000 1.886782 0.416556
v 0.000000 -1.847490 -0.383264
v 0.000000 -1.904320 -0.366598
v 0.000000 -1.889198 -0.425218
v 0.000000 -1.278330 1.021536
v 0.000000 -1.240674 0.990214
v 0.000000 -1.238032 1.051436
v -0.000000 0.903482 1.006488
v -0.000000 0.957954 1.019624
v -0.000000 0.915668 1.054928
v -0.000000 1.081788 -1.447392
v -0.000000 1.123648 -1.409624
v -0.000000 1.080740 -1.391834
v -0.000000 0.221910 -1.402026
v 0.000000 -0.616358 -0.756362
v 0.000000 -0.564020 -0.755626
v 0.000000 -0.590408 -0.711502
v 0.000000 0.046082 1.934354
v 0.000000 -0.003322 1.955446
v 0.000000 -0.006826 1.904324
v 0.000000 -0.742894 -1.171400
v 0.000000 -0.769282 -1.120638
v 0.000000 -0.786882 -1.188886
v 0.000000 -1.795806 0.471298
v 0.000000 -1.818512 0.424790
v -0.000000 -0.803520 -1.404854
v 0.000000 -0.840254 -1.373532
v 0.000000 -0.865456 -1.428460
v -0.000000 0.346314 -0.421620
v -0.000000 0.321794 -0.372156
v -0.000000 0.301466 -0.420356
v -0.000000 0.735328 -1.083560
v -0.000000 0.736038 -1.141106
v 0.000000 -0.842778 0.808702
v 0.000000 -0.819198 0.852506
v 0.000000 -0.867682 0.865898
v 0.000000 -0.670412 1.883028
v 0.000000 -0.681640 1.824530
v 0.000000 -0.890414 0.773372
v 0.000000 -0.864258 0.726790
v -0.000000 0.485960 0.086418
v -0.000000 0.439806 0.113230
v -0.000000 0.438182 0.057830
v 0.000000 -1.458974 -0.664276
v 0.000000 -1.515228 -0.691830
v 0.000000 -1.471716 -0.725682
v 0.000000 -1.359646 0.133658
v 0.000000 -1.372462 0.077092
v 0.000000 -1.318236 0.102380
v -0.000000 0.847896 -1.515454
v -0.000000 0.849752 -1.458002
v -0.000000 0.804572 -1.491516
v -0.000000 -0.411598 -1.837604
v -0.000000 -0.383044 -1.792828
v -0.000000 -0.441570 -1.781418
v 0.000000 -1.759716 -0.609300
v 0.000000 -1.789536 -0.566948
v 0.000000 -1.821300 -0.619998
v 0.000000 -1.748582 -0.114110
v 0.000000 -1.786382 -0.065386
v 0.000000 -1.799352 -0.119262
v -0.000000 1.028474 0.691022
v -0.000000 1.075992 0.712602
v 0.000000 -0.515158 0.587788
v 0.000000 -0.462884 0.580376
v 0.000000 -0.477110 0.629418
v 0.000000 -0.732542 0.583402
v 0.000000 -0.676288 0.590576
v 0.000000 -0.723456 0.633238
v -0.000000 1.846892 -0.703340
v -0.000000 1.810232 -0.660936
v -0.000000 1.791402 -0.709110
v -0.000000 1.510722 -0.038476
v -0.000000 1.462444 -0.040946
v -0.000000 1.493944 -0.086536
v 0.000000 -1.646698 0.271718
v 0.000000 -1.696652 0.264234
v 0.000000 -1.671728 0.215916
v 0.000000 -1.399614 0.740586
v 0.000000 -1.447316 0.774420
v 0.000000 -1.102030 0.578098
v 0.000000 -1.054672 0.540642
v 0.000000 -1.045266 0.589776
v 0.000000 0.153702 1.400364
v 0.000000 0.201630 1.388020
v 0.000000 0.176652 1.446306
v -0.000000 1.217066 -0.458534
v -0.000000 1.282064 -0.478360
v -0.000000 1.258264 -0.429538
v 0.000000 -0.123752 1.454240
v 0.000000 -1.241276 -0.092172
v 0.000000 -1.285284 -0.050730
v 0.000000 -1.288152 -0.102314
v 0.000000 0.425380 1.447862
v 0.000000 0.373722 1.477120
v 0.000000 0.396296 1.406452
v -0.000000 0.393010 0.096718
v -0.000000 -0.032036 -0.957904
v -0.000000 -0.080004 -0.979504
v -0.000000 -0.033844 -1.012468
v -0.000000 1.635502 -0.387424
v -0.000000 1.684688 -0.340648
v -0.000000 1.633422 -0.336098
v 0.000000 -1.192514 -0.613248
v -0.000000 -0.799322 -1.566720
v -0.000000 -0.833816 -1.599580
v -0.000000 -0.782582 -1.619868
v 0.000000 -0.569648 0.623714
v 0.000000 -0.567338 0.681372
v 0.000000 -0.617266 0.664098
v -0.000000 1.415694 0.673352
v 0.000000 0.256474 1.687734
v 0.000000 0.300182 1.733332
v 0.000000 0.245174 1.740372
v 0.000000 -1.241688 0.020010
v 0.000000 -1.241344 -0.035032
v 0.000000 -1.197430 -0.016426
v -0.000000 -0.358114 -0.669534
v -0.000000 -0.331890 -0.627176
v 0.000000 -0.470602 -0.038700
v 0.000000 -0.475342 -0.615452
v 0.000000 -0.459844 -0.560258
v 0.000000 -0.056814 0.614992
v 0.000000 -0.861562 -1.485304
v -0.000000 -0.850182 -1.542140
v -0.000000 -0.812356 -1.511738
v -0.000000 -0.743060 -1.588446
v -0.000000 -0.689706 -1.626538
v -0.000000 -0.696880 -1.574616
v -0.000000 0.340010 0.243530
v -0.000000 0.725944 0.366608
v -0.000000 0.784384 0.345240
v 0.000000 -1.860374 -0.204920
v 0.000000 -1.812148 -0.199892
v 0.000000 -1.841430 -0.148242
v 0.000000 -1.349030 0.304426
v 0.000000 -1.286178 0.307420
v 0.000000 -1.321236 0.345756
v -0.000000 0.771586 -1.669352
v -0.000000 0.810798 -1.702218
v 0.000000 -0.726568 0.259850
v -0.000000 1.486320 0.272144
v -0.000000 1.427914 0.268870
v -0.000000 1.463542 0.224042
v -0.000000 1.149626 0.171590
v -0.000000 1.118906 0.140154
v 0.000000 0.287618 1.438562
v 0.000000 0.252412 1.395258
v 0.000000 0.310434 1.388330
v 0.000000 -0.616676 0.124736
v 0.000000 -0.669996 0.135962
v 0.000000 -0.662822 0.093266
v -0.000000 1.473166 -0.436598
v -0.000000 1.497078 -0.490692
v 0.000000 -0.684078 0.230328
v 0.000000 -0.642130 0.264466
v -0.000000 -0.039070 -1.110232
v -0.000000 -0.024386 -1.157876
v -0.000000 0.014370 -1.114272
v -0.000000 1.807324 0.471366
v -0.000000 1.833468 0.427338
v -0.000000 1.869692 0.475062
v 0.000000 -1.242462 -0.997154
v 0.000000 -1.254742 -0.942132
v 0.000000 -1.293198 -0.983046
v 0.000000 -1.434844 0.325886
v 0.000000 -1.397036 0.287192
v 0.000000 -1.383848 0.346578
v -0.000000 0.620424 -1.331406
v -0.000000 0.630684 -1.379082
v 0.000000 -1.384672 -0.983762
v 0.000000 -1.377934 -1.052026
v 0.000000 -1.336962 -1.013328
v 0.000000 -0.324710 1.025346
v 0.000000 -0.281678 0.993136
v -0.000000 -0.723064 -1.276212
v 0.000000 -0.740928 -1.226476
v 0.000000 -0.783238 -1.248676
v -0.000000 0.094898 0.146448
v -0.000000 0.104132 0.098174
v -0.000000 0.153874 0.107104
v -0.000000 1.347710 -0.189560
v -0.000000 1.329262 -0.241586
v -0.000000 1.380762 -0.236956
v -0.000000 -0.425740 -1.025926
v -0.000000 -0.478780 -1.057562
v -0.000000 0.352866 -0.713952
v -0.000000 0.371756 -0.761238
v -0.000000 0.410014 -0.715150
v 0.000000 -1.231574 1.154148
v 0.000000 -1.246120 1.105742
v 0.000000 -1.185528 1.138006
v 0.000000 -0.540850 1.748002
v 0.000000 -0.585546 1.766190
v 0.000000 -0.571246 1.704928
v 0.000000 -1.428558 0.382166
v 0.000000 0.221204 0.657580
v 0.000000 0.248054 0.707310
v 0.000000 0.190860 0.704350
v 0.000000 -1.259506 -1.145648
v -0.000000 0.427214 -1.687654
v -0.000000 0.378764 -1.697860
v -0.000000 0.422360 -1.738814
v 0.000000 -0.170468 -0.194606
v 0.000000 -0.202022 -0.141928
v 0.000000 -0.892818 -0.365228
v 0.000000 -0.932978 -0.333364
v -0.000000 1.547264 0.277778
v -0.000000 1.502350 0.320330
v -0.000000 1.241342 -1.113008
v -0.000000 1.197826 -1.082268
v -0.000000 1.181280 -1.126512
v -0.000000 1.569804 -0.788918
v -0.000000 1.578296 -0.739102
v -0.000000 1.525136 -0.754926
v -0.000000 0.744132 0.915620
v -0.000000 0.786350 0.940996
v -0.000000 1.076050 1.554972
v -0.000000 1.123024 1.514496
v -0.000000 1.135736 1.568238
v -0.000000 1.456224 0.422226
v -0.000000 1.424172 0.365654
v -0.000000 1.472072 0.371696
v 0.000000 -0.495750 1.252494
v 0.000000 -0.553236 1.266006
v 0.000000 -0.538862 1.219648
v -0.000000 0.158424 -1.554460
v -0.000000 0.103144 -1.525494
v 0.000000 -1.042332 0.163100
v 0.000000 -1.003374 0.112130
v 0.000000 -1.000424 0.175888
v 0.000000 -1.770624 0.317182
v 0.000000 -1.818082 0.326178
v 0.000000 -1.800570 0.274838
v -0.000000 1.562418 0.733102
v -0.000000 1.557412 0.790382
v -0.000000 1.518340 0.762880
v -0.000000 -0.841090 -1.743318
v -0.000000 -0.789220 -1.763280
v -0.000000 -0.801202 -1.710738
v -0.000000 1.502880 0.527732
v -0.000000 1.559796 0.529826
v -0.000000 1.734922 -0.945366
v -0.000000 1.709302 -0.883642
v -0.000000 1.684796 -0.931382
v 0.000000 -0.153690 0.460450
v 0.000000 -0.171760 0.510040
v 0.000000 -0.207566 0.465490
v -0.000000 1.755866 0.820896
v -0.000000 1.698804 0.824904
v 0.000000 -0.018696 0.812034
v 0.000000 0.003320 0.759940
v 0.000000 -1.909680 -0.305138
v 0.000000 -1.861474 -0.327852
v 0.000000 -1.856638 -0.265696
v 0.000000 -0.894926 0.822268
v 0.000000 -1.091724 1.173308
v 0.000000 -1.148460 1.193948
v 0.000000 -1.136776 1.145656
v -0.000000 1.755674 -0.518360
v -0.000000 1.755010 -0.569432
v 0.000000 -0.723640 1.350330
v 0.000000 -0.744380 1.302310
v 0.000000 -1.011208 -0.197520
v 0.000000 -1.065322 -0.209370
v 0.000000 -1.036092 -0.243176
v -0.000000 0.404780 -0.616996
v -0.000000 0.380956 -0.668706
v -0.000000 0.433144 -0.659666
v 0.000000 -1.234628 0.313566
v 0.000000 -1.264862 0.253696
v 0.000000 -1.216710 0.266188
v 0.000000 0.537822 1.451518
v 0.000000 0.566944 1.499320
v -0.000000 1.282700 -0.635542
v -0.000000 1.231478 -0.605100
v -0.000000 -0.760692 -1.539106
v 0.000000 -0.540386 -0.127006
v 0.000000 -0.501930 -0.083138
v -0.000000 0.691474 -1.121698
v 0.000000 0.643420 1.657670
v -0.000000 1.569220 0.895704
v -0.000000 1.520882 0.881616
v -0.000000 1.560232 0.847410
v 0.000000 -1.496192 0.113216
v 0.000000 -1.450236 0.140162
v 0.000000 -1.480002 0.178598
v -0.000000 -0.145948 -1.870934
v -0.000000 -0.136450 -1.806248
v -0.000000 -0.184238 -1.826470
v 0.000000 -1.328178 0.432048
v 0.000000 -1.290048 0.393266
v 0.000000 -1.278256 0.439480
v 0.000000 0.224990 0.512796
v 0.000000 0.175746 0.505172
v 0.000000 0.199974 0.460974
v 0.000000 -1.760080 0.364628
v 0.000000 -0.790246 0.567064
v 0.000000 -0.751632 0.536290
v -0.000000 1.325858 -0.663514
v 0.000000 -0.557436 0.307524
v -0.000000 1.253662 0.798012
v -0.000000 1.249808 0.842312
v -0.000000 1.196090 0.817466
v -0.000000 1.536964 -0.146816
v -0.000000 1.481002 -0.133584
v -0.000000 1.508006 -0.183174
v -0.000000 0.180878 -0.415714
v -0.000000 0.226480 -0.396412
v -0.000000 0.187642 -0.363884
v 0.000000 0.089852 1.995108
v 0.000000 0.140402 1.943496
v 0.000000 -0.352416 -0.122734
v 0.000000 -0.386210 -0.080542
v 0.000000 -0.099768 0.455958
v 0.000000 -0.070260 0.503270
v 0.000000 -0.119560 0.506900
v -0.000000 0.507380 0.455310
v -0.000000 0.555970 0.486408
v -0.000000 0.507142 0.506966
v 0.000000 -1.663806 -0.644668
v 0.000000 -1.697256 -0.595756
v 0.000000 -1.718966 -0.646962
v -0.000000 0.964590 -0.521664
v -0.000000 0.945162 -0.462886
v -0.000000 0.917238 -0.502682
v -0.000000 1.115646 -0.246614
v -0.000000 1.123496 -0.295814
v -0.000000 1.164852 -0.253728
v -0.000000 0.580874 -0.654764
v -0.000000 0.628612 -0.646750
v -0.000000 0.595518 -0.603178
v -0.000000 1.237574 -0.501290
v -0.000000 1.223996 -0.552748
v -0.000000 1.276506 -0.531248
v 0.000000 -1.470996 -0.115594
v 0.000000 -1.515540 -0.141690
v 0.000000 -1.183810 -1.432110
v 0.000000 -1.124464 -1.455876
v 0.000000 -1.132134 -1.402310
v 0.000000 0.585404 1.737914
v 0.000000 0.609144 1.692100
v 0.000000 0.651006 1.727780
v 0.000000 -0.026670 0.714404
v 0.000000 -0.161280 0.131598
v 0.000000 -0.199180 0.093062
v 0.000000 -1.550920 -0.737234
v 0.000000 -1.577602 -0.695776
v -0.000000 1.535666 -0.357308
v -0.000000 1.490428 -0.323666
v -0.000000 1.485240 -0.378958
v 0.000000 -1.152244 -0.050352
v 0.000000 -1.196476 -0.073580
v 0.000000 -1.153860 -0.110090
v 0.000000 -1.504662 0.777500
v -0.000000 1.600530 -0.092498
v -0.000000 1.615532 -0.049398
v -0.000000 1.560988 -0.048140
v 0.000000 -0.529080 0.523170
v 0.000000 -0.587830 0.530402
v 0.000000 -0.571060 0.482758
v -0.000000 0.979726 0.219916
v -0.000000 0.934500 0.204800
v -0.000000 0.612966 -0.915102
v -0.000000 0.656562 -0.891740
v -0.000000 0.604514 -0.863796
v -0.000000 1.016518 -0.421536
v -0.000000 0.993020 -0.367408
v -0.000000 0.778190 0.830932
v -0.000000 0.795192 0.892516
v -0.000000 0.749988 0.865970
v -0.000000 -0.255592 -0.801806
v -0.000000 -0.305920 -0.824870
v -0.000000 -0.265488 -0.850788
v 0.000000 -0.176276 1.251866
v 0.000000 -0.237212 1.234902
v 0.000000 -0.185198 1.204626
v -0.000000 -0.183774 -0.341914
v -0.000000 -0.166572 -0.294090
v 0.000000 -1.893042 -0.162706
v 0.000000 -1.758000 -0.511674
v 0.000000 -1.817514 -0.526572
v 0.000000 -0.759024 -0.811834
v -0.000000 1.657182 0.914726
v 0.000000 -1.943188 -0.018426
v 0.000000 -1.993534 0.001126
v 0.000000 -1.991990 -0.047842
v -0.000000 0.545658 0.428824
v 0.000000 0.132738 1.221384
v 0.000000 -1.058176 1.587552
v 0.000000 -1.009474 1.545500
v 0.000000 -1.011844 1.605450
v 0.000000 0.264454 0.553298
v 0.000000 0.294062 0.599512
v -0.000000 1.170370 -0.312340
v -0.000000 1.187724 -0.360864
v -0.000000 1.227764 -0.331634
v 0.000000 -1.076788 -0.908134
v 0.000000 -1.104010 -0.950248
v 0.000000 -1.053030 -0.960090
v -0.000000 0.438852 -1.500928
v -0.000000 0.464188 -1.553130
v -0.000000 -0.059762 -1.671234
v -0.000000 -0.026034 -1.709040
v -0.000000 -0.008900 -1.648296
v 0.000000 0.315834 1.585440
v 0.000000 0.344282 1.533672
v 0.000000 0.368456 1.592356
v -0.000000 0.606050 0.493654
v -0.000000 1.514570 0.826110
v 0.000000 0.456776 0.879536
v 0.000000 0.428336 0.915814
v 0.000000 0.396270 0.869832
v -0.000000 0.962604 1.626320
v -0.000000 1.008976 1.655728
v 0.000000 0.958496 1.683666
v -0.000000 0.547480 -0.607928
v -0.000000 1.585554 -0.539560
v -0.000000 1.620276 -0.582434
v -0.000000 0.997402 -0.674032
v -0.000000 1.048306 -0.659620
v -0.000000 1.014564 -0.621652
v -0.000000 0.947958 -0.757920
v -0.000000 0.971392 -0.804230
v -0.000000 0.158338 -1.743714
v -0.000000 0.160664 -1.811076
v -0.000000 0.198472 -1.776342
v -0.000000 1.176764 0.126942
v -0.000000 1.233982 0.128564
v -0.000000 1.202164 0.170842
v 0.000000 -1.431214 0.580304
v 0.000000 -1.452450 0.531362
v 0.000000 -1.391692 0.545674
v -0.000000 1.167038 0.710098
v -0.000000 1.207356 0.669636
v -0.000000 1.216902 0.720754
v -0.000000 0.842042 0.256928
v -0.000000 0.883334 0.202210
v -0.000000 0.897652 0.253564
v -0.000000 -0.550428 -1.370438
v -0.000000 -0.496420 -1.389336
v -0.000000 0.327332 -1.126064
v -0.000000 0.320092 -1.077538
v -0.000000 0.272886 -1.102926
v 0.000000 -0.442814 -0.388074
v 0.000000 -0.395318 -0.405354
v 0.000000 -0.410088 -0.342410
v -0.000000 0.671682 -0.488440
v -0.000000 0.674942 -0.536706
v -0.000000 0.718220 -0.500878
v -0.000000 1.054828 -1.604938
v -0.000000 0.998212 -1.585544
v 0.000000 -0.389938 0.771214
v 0.000000 -0.321424 0.756968
v 0.000000 -0.348158 0.800232
v 0.000000 -0.567860 0.429148
v 0.000000 -0.522952 0.464576
v 0.000000 -1.306824 -0.924150
v 0.000000 -1.343610 -0.957680
v 0.000000 -0.299734 0.943632
v 0.000000 -0.335234 0.979544
v 0.000000 -0.361166 0.937404
v -0.000000 1.067426 -0.609988
v -0.000000 1.031350 -0.573824
v -0.000000 0.741020 -1.273066
v -0.000000 0.712472 -1.226198
v 0.000000 -1.613846 0.640564
v -0.000000 0.185198 -0.552190
v -0.000000 0.137752 -0.575300
v -0.000000 0.183508 -0.604504
v -0.000000 1.370640 0.268850
v -0.000000 1.345788 0.331576
v -0.000000 1.319918 0.296212
v 0.000000 0.614464 1.300866
v 0.000000 0.588438 1.350814
v 0.000000 0.560674 1.298044
v 0.000000 -0.930222 -1.330380
v 0.000000 -0.987390 -1.352918
v 0.000000 -0.944668 -1.378174
v 0.000000 -0.743312 0.047558
v 0.000000 -0.709558 0.083854
v 0.000000 -0.756148 0.101500
v 0.000000 -0.714898 0.445466
v -0.000000 0.554156 -1.105012
v -0.000000 0.556408 -1.051732
v -0.000000 0.509870 -1.072822
v 0.000000 -0.661160 0.750800
v 0.000000 -0.654584 0.805994
v 0.000000 -1.246740 -1.092294
v 0.000000 -1.210484 -1.136574
v -0.000000 1.256246 -0.841144
v -0.000000 1.204176 -0.813564
v -0.000000 1.210192 -0.864644
v 0.000000 -1.055276 0.115098
v -0.000000 1.591006 0.359844
v -0.000000 1.587456 0.312354
v -0.000000 1.640988 0.336782
v -0.000000 0.989912 1.164996
v -0.000000 0.984924 1.113566
v 0.000000 -0.953510 0.196018
v 0.000000 -0.952092 0.250762
v 0.000000 -0.992138 0.229242
v -0.000000 0.399006 0.153230
v -0.000000 0.376856 0.201588
v -0.000000 0.336088 0.185002
v 0.000000 -1.411290 -0.456474
v 0.000000 -1.455476 -0.410944
v 0.000000 -1.455118 -0.472424
v -0.000000 0.074782 -0.080886
v 0.000000 0.386778 1.652588
v 0.000000 0.102522 0.400096
v 0.000000 0.151258 0.423306
v 0.000000 0.096388 0.454780
v -0.000000 0.541212 0.727326
v -0.000000 0.521966 0.682750
v -0.000000 0.576132 0.690308
v -0.000000 1.069646 0.490104
v -0.000000 1.075448 0.542594
v 0.000000 -1.346710 -0.667024
v 0.000000 -1.361064 -0.611770
v 0.000000 -1.397314 -0.664554
v 0.000000 -1.748846 0.708012
v 0.000000 -1.700634 0.742586
v 0.000000 -1.747760 0.758006
v 0.000000 -0.991576 0.975238
v 0.000000 -0.966664 0.927086
v 0.000000 -0.936508 0.971014
v 0.000000 -1.248470 0.676106
v 0.000000 -1.281112 0.716682
v 0.000000 -1.299590 0.661846
v 0.000000 0.579472 1.794434
v 0.000000 0.536392 1.820410
v 0.000000 0.532528 1.762502
v 0.000000 -1.195562 1.081168
v 0.000000 -0.331666 -0.209854
v 0.000000 -0.294554 -0.241910
v -0.000000 1.743500 -0.395896
v -0.000000 1.739630 -0.342212
v 0.000000 -0.970480 -0.840394
v 0.000000 -1.036278 -0.860994
v 0.000000 -0.989078 -0.885774
v 0.000000 -1.219704 0.720436
v 0.000000 -1.209914 0.779282
v 0.000000 -1.255384 0.767272
v 0.000000 -0.295998 1.420122
v 0.000000 -0.318670 1.363206
v 0.000000 -0.262628 1.383024
v 0.000000 0.138276 0.712052
v 0.000000 0.164544 0.659792
v -0.000000 1.298252 0.786740
v -0.000000 1.304418 0.840602
v -0.000000 0.992396 0.445666
v -0.000000 1.023646 0.398858
v -0.000000 1.050466 0.440454
v -0.000000 -0.185946 -1.098760
v -0.000000 -0.235988 -1.134110
v -0.000000 0.293976 -1.868046
v -0.000000 0.251632 -1.851844
v -0.000000 0.628498 -1.712120
v -0.000000 0.681156 -1.694960
v -0.000000 0.462240 -1.099562
v -0.000000 0.508494 -1.122890
v 0.000000 -1.015818 0.929192
v -0.000000 1.932504 -0.060632
v -0.000000 1.886782 -0.034408
v -0.000000 0.698786 -0.233056
v -0.000000 0.667570 -0.191408
v -0.000000 0.653714 -0.238726
v -0.000000 -0.326286 -1.182348
v 0.000000 -1.708376 0.169756
v 0.000000 -1.228016 -0.897808
v -0.000000 1.255774 0.175418
v 0.000000 -0.699174 1.157034
v 0.000000 -0.754346 1.154286
v 0.000000 -0.731800 1.105504
v -0.000000 1.328918 -0.503694
v -0.000000 1.309988 -0.438902
v 0.000000 -0.336872 1.119738
v 0.000000 -0.385754 1.089150
v 0.000000 -0.335890 1.069406
v 0.000000 -0.473766 -0.719986
v 0.000000 0.464520 1.061630
v 0.000000 0.404808 1.074154
v 0.000000 0.420994 1.022956
v 0.000000 -0.205540 0.332570
v 0.000000 -0.229716 0.292742
v 0.000000 -0.182278 0.043630
v 0.000000 -0.479132 0.533964
v 0.000000 -0.418784 0.544900
v -0.000000 0.929274 0.374384
v -0.000000 0.977074 0.343002
v -0.000000 0.979468 0.389976
v 0.000000 0.025934 1.493598
v 0.000000 0.004216 1.542692
v 0.000000 -0.020696 1.484384
v -0.000000 1.122006 1.336148
v -0.000000 1.388690 -0.588058
v -0.000000 1.418568 -0.537958
v -0.000000 0.032366 -1.155524
v -0.000000 0.056376 -1.196656
v -0.000000 1.240428 1.019962
v -0.000000 1.225566 1.074004
v -0.000000 1.184704 1.022002
v -0.000000 0.772560 -1.235258
v -0.000000 0.808154 -1.199604
v -0.000000 0.747748 -1.190132
v -0.000000 0.428918 -1.280908
v -0.000000 0.415788 -1.334472
v -0.000000 0.462738 -1.311886
v 0.000000 -1.112980 -0.200090
v 0.000000 -1.092162 -0.253026
v 0.000000 -1.338418 0.809584
v 0.000000 -1.324106 0.861770
v 0.000000 -1.655832 0.359586
v 0.000000 -1.623508 0.324494
v 0.000000 -1.614720 0.388208
v 0.000000 -1.722960 0.313222
v 0.000000 -1.748502 0.268240
v 0.000000 0.046864 0.254344
v 0.000000 0.068874 0.297842
v 0.000000 0.002214 0.279090
v 0.000000 0.646408 1.445596
v 0.000000 0.647758 1.498268
v 0.000000 0.596804 1.458620
v -0.000000 1.591026 -0.620574
v 0.000000 0.041744 0.906912
v -0.000000 -0.051158 -1.282822
v -0.000000 -0.063702 -1.334990
v 0.000000 0.548334 1.549528
v -0.000000 0.067550 0.058454
v -0.000000 0.051222 0.007644
v -0.000000 0.103396 0.013434
v -0.000000 0.662570 1.058080
v 0.000000 0.612104 1.067452
v -0.000000 0.605632 1.019404
v -0.000000 1.755588 -0.669282
v -0.000000 1.792396 -0.103160
v -0.000000 1.749844 -0.136616
v 0.000000 -0.931838 -0.578182
v -0.000000 0.284656 -0.081980
v -0.000000 0.236424 -0.117256
v -0.000000 0.282404 -0.139120
v -0.000000 1.131836 -1.360748
v -0.000000 1.170814 -1.320464
v -0.000000 0.865852 -0.978708
v -0.000000 0.823742 -1.013894
v 0.000000 -0.949524 1.516542
v 0.000000 -0.965790 1.569994
v 0.000000 -0.681176 1.379282
v 0.000000 -0.714136 1.426818
v 0.000000 -0.746406 1.389356
v 0.000000 -0.769296 0.672270
v 0.000000 -0.776610 0.618310
v -0.000000 0.252268 -0.485492
v -0.000000 0.799154 -0.756230
v -0.000000 0.839908 -0.751434
v -0.000000 0.808804 -0.702910
v -0.000000 1.979146 -0.025202
v -0.000000 1.824486 -0.245998
v -0.000000 1.881700 -0.225200
v -0.000000 1.838288 -0.192738
v -0.000000 1.681060 -1.036558
v -0.000000 1.664580 -0.981396
v -0.000000 1.635874 -1.035544
v -0.000000 0.961742 -1.667610
v -0.000000 0.060310 -0.726272
v -0.000000 0.093288 -0.765576
v -0.000000 0.116406 -0.719660
v 0.000000 -0.354966 1.966772
v 0.000000 -0.304136 1.929104
v -0.000000 -0.425912 -1.515032
v 0.000000 0.132368 0.802780
v 0.000000 0.121108 0.855910
v 0.000000 -0.973540 -0.110348
v 0.000000 -1.015058 -0.141868
v 0.000000 -0.968704 -0.167098
v 0.000000 -1.308830 0.159854
v 0.000000 -1.310228 0.216532
v 0.000000 -1.356646 0.190818
v -0.000000 1.763926 0.253444
v -0.000000 1.730126 0.293616
v -0.000000 0.496662 0.576622
v -0.000000 -0.060304 -0.494752
v -0.000000 -0.107054 -0.458898
v -0.000000 -0.097914 -0.519372
v -0.000000 1.017858 -1.008156
v -0.000000 1.014664 -0.956856
v -0.000000 0.969802 -1.005488
v -0.000000 1.292192 0.045750
v -0.000000 -0.266376 -1.181998
v -0.000000 1.692836 0.007366
v -0.000000 1.736512 0.039266
v -0.000000 1.676992 0.056480
v 0.000000 -1.009222 1.020106
v 0.000000 -1.051566 0.978372
v 0.000000 -0.407988 0.050260
v 0.000000 -0.353344 0.052632
v 0.000000 -0.313914 -0.472524
v -0.000000 -0.293718 -0.525214
v -0.000000 1.155488 0.083146
v 0.000000 -0.804574 -0.838938
v 0.000000 -0.810786 -0.786818
v 0.000000 -1.511352 1.307722
v 0.000000 -1.451866 1.291468
v 0.000000 -1.473970 1.350126
v -0.000000 1.338590 0.621500
v -0.000000 1.322256 0.569916
v -0.000000 1.373468 0.588218
v -0.000000 1.366554 0.544292
v -0.000000 0.163458 0.008094
v -0.000000 0.175110 -0.048980
v -0.000000 0.213804 -0.017280
v -0.000000 1.247126 0.263610
v -0.000000 1.214430 0.307538
v -0.000000 0.831450 1.253402
v -0.000000 0.967532 0.611276
v -0.000000 0.761538 -0.704116
v -0.000000 1.329688 -0.603862
v 0.000000 -1.265468 0.193714
v 0.000000 -1.062250 1.539076
v -0.000000 0.522388 -0.141246
v -0.000000 0.489642 -0.098022
v -0.000000 0.465818 -0.142016
v -0.000000 1.819500 0.160854
v -0.000000 1.800106 0.209218
v 0.000000 -0.330514 0.702832
v 0.000000 -1.817526 -0.298312
v 0.000000 -1.804470 -0.348306
v -0.000000 1.393314 0.815836
v -0.000000 1.442538 0.827076
v -0.000000 1.412674 0.866932
v -0.000000 0.996648 -1.458114
v -0.000000 0.996020 -1.523806
v -0.000000 1.040272 -1.490060
v 0.000000 -1.057520 -0.405554
v 0.000000 -1.084530 -0.450824
v 0.000000 -1.430022 1.070074
v 0.000000 -1.386088 1.083314
v -0.000000 0.349938 0.133286
v -0.000000 0.623988 -1.559064
v -0.000000 0.664066 -1.524542
v -0.000000 0.593758 -1.519958
v 0.000000 -0.829246 -1.000182
v 0.000000 -0.801150 -0.955546
v 0.000000 -0.859184 -0.953824
v -0.000000 0.861030 -0.623408
v -0.000000 0.814342 -0.603346
v -0.000000 0.835286 -0.661990
v -0.000000 1.220698 0.216498
v -0.000000 1.118740 -0.429588
v -0.000000 1.151738 -0.395470
v -0.000000 1.096140 -0.380098
v 0.000000 -0.974314 -0.052590
v 0.000000 -0.972196 0.001650
v 0.000000 -1.017666 -0.032004
v 0.000000 -1.376436 -0.351068
v 0.000000 -1.408284 -0.307338
v 0.000000 -1.429420 -0.354080
v 0.000000 -1.272076 1.404650
v 0.000000 -1.287834 1.461746
v -0.000000 -0.037936 -0.324680
v -0.000000 -0.076134 -0.290482
v 0.000000 -1.281058 0.525554
v 0.000000 -1.225308 0.517280
v 0.000000 -0.168414 0.178008
v 0.000000 -0.216978 0.142248
v -0.000000 1.356056 0.667740
v 0.000000 -0.618808 -0.019280
v 0.000000 -0.560178 0.017852
v 0.000000 -1.963534 -0.330388
v 0.000000 -1.954812 -0.378422
v -0.000000 0.929214 0.523924
v -0.000000 0.884472 0.540150
v -0.000000 0.884392 0.487800
v 0.000000 -0.745572 0.362150
v 0.000000 -0.798772 0.378562
v 0.000000 -0.790008 0.329422
v -0.000000 1.038152 1.238698
v -0.000000 1.041350 1.187782
v -0.000000 1.091578 1.211654
v 0.000000 0.027722 1.139628
v -0.000000 0.511314 0.174114
v -0.000000 0.562554 0.176784
v -0.000000 1.022334 -0.057624
v -0.000000 1.059970 -0.022612
v -0.000000 1.005742 -0.005458
v -0.000000 1.791680 0.295636
v -0.000000 1.814418 0.339114
v -0.000000 -0.745378 -1.387262
v -0.000000 -0.723408 -1.331128
v -0.000000 -0.782094 -1.352072
v -0.000000 0.459816 -1.819814
v -0.000000 0.415698 -1.843266
v -0.000000 0.245974 -1.799094
v -0.000000 0.204260 -1.830960
v -0.000000 1.513860 -0.266292
v -0.000000 1.544230 -0.221054
v -0.000000 1.483796 -0.226584
v 0.000000 -1.498800 -0.501196
v 0.000000 -1.501610 -0.444194
v -0.000000 1.241004 0.504238
v -0.000000 1.274090 0.546080
v 0.000000 -0.518660 0.709508
v 0.000000 -0.565238 0.736064
v 0.000000 -1.272878 0.575202
v -0.000000 1.075900 -0.560048
v -0.000000 1.123342 -0.542622
v -0.000000 1.430140 0.116662
v 0.000000 -1.147296 1.389430
v -0.000000 -0.564602 -1.129214
v -0.000000 -0.529390 -1.081168
v -0.000000 -0.587724 -1.082408
v 0.000000 -1.456066 0.480220
v 0.000000 -1.418392 0.442614
v 0.000000 -1.405646 0.496754
v 0.000000 -1.403058 -0.399902
v 0.000000 -0.496226 1.828916
v 0.000000 -0.502604 1.886844
v 0.000000 -0.541372 1.852780
v -0.000000 1.300550 0.656428
v -0.000000 0.416100 -0.861584
v -0.000000 0.443656 -0.816956
v 0.000000 -0.718216 0.952142
v 0.000000 -0.738192 1.008542
v 0.000000 -0.771304 0.971364
v 0.000000 -1.943168 0.041656
v 0.000000 -1.893352 0.054050
v 0.000000 -0.909948 1.266622
v 0.000000 -0.893898 1.214152
v 0.000000 -0.857290 1.259304
v 0.000000 -0.146284 1.407996
v 0.000000 -0.155524 1.357424
v 0.000000 -0.110426 1.378692
v 0.000000 -1.644982 -0.391974
v 0.000000 -1.698082 -0.378680
v 0.000000 -1.671908 -0.436850
v 0.000000 -0.615390 1.683396
v 0.000000 -0.662254 1.712130
v 0.000000 -0.649676 1.651138
v -0.000000 0.050740 -0.590476
v -0.000000 0.093050 -0.560140
v -0.000000 0.040254 -0.544362
v -0.000000 1.779664 -0.615996
v 0.000000 -0.236318 1.338892
v 0.000000 -0.281782 1.335740
v 0.000000 -0.262602 1.287380
v 0.000000 0.054064 0.755278
v 0.000000 -0.614444 -0.940934
v -0.000000 1.232546 -0.999678
v -0.000000 1.281800 -0.974224
v -0.000000 1.226266 -0.950010
v -0.000000 0.717962 0.762562
v -0.000000 0.761294 0.721776
v -0.000000 0.765850 0.779110
v -0.000000 0.771308 1.068022
v -0.000000 0.717180 1.063472
v -0.000000 0.495796 0.394260
v -0.000000 0.462180 0.349884
v -0.000000 0.516964 0.335192
v 0.000000 -1.034046 -1.331014
v 0.000000 -1.032072 -1.387930
v 0.000000 -0.595718 1.562524
v 0.000000 -0.600680 1.509978
v 0.000000 -0.554586 1.536678
v 0.000000 -0.548712 -0.498640
v -0.000000 1.778154 0.774016
v -0.000000 0.168884 -1.407106
v 0.000000 -1.328702 0.557240
v 0.000000 -1.369390 0.593418
v 0.000000 -0.732886 -0.323110
v 0.000000 -1.162126 0.256770
v 0.000000 -1.217798 0.220266
v 0.000000 -1.173134 0.201018
v 0.000000 -1.410642 -0.257012
v 0.000000 -1.467936 -0.238202
v 0.000000 -0.374340 0.266540
v 0.000000 -0.367658 0.214186
v -0.000000 0.233866 -0.966044
v -0.000000 0.270026 -0.935614
v -0.000000 1.554688 -0.586198
v 0.000000 -0.949842 1.226496
v 0.000000 -0.988376 1.177958
v 0.000000 -0.931282 1.175514
v -0.000000 1.361322 0.497894
v -0.000000 1.406924 0.515718
v -0.000000 1.437180 0.911302
v -0.000000 1.490394 0.920846
v -0.000000 1.452070 0.960216
v 0.000000 -0.054124 1.789148
v 0.000000 -0.063776 1.735498
v 0.000000 -0.011542 1.756810
v 0.000000 -0.884612 0.571566
v 0.000000 -0.831160 0.596598
v 0.000000 -0.874036 0.622714
v -0.000000 1.478956 0.796938
v 0.000000 -0.271364 1.826358
v 0.000000 -0.271232 1.768224
v 0.000000 -0.224808 1.787426
v 0.000000 -1.988592 0.149952
v 0.000000 -1.991130 0.097532
v 0.000000 0.017390 1.440596
v 0.000000 0.093904 0.903240
v 0.000000 -0.548832 0.885490
v 0.000000 -0.956380 -0.500878
v 0.000000 -0.990496 -0.465006
v 0.000000 -1.016692 -0.513860
v 0.000000 -0.369188 -0.171570
v -0.000000 0.979374 0.885868
v -0.000000 0.925842 0.869864
v -0.000000 0.972552 0.833918
v -0.000000 1.185724 -0.207926
v -0.000000 0.432276 -0.187440
v -0.000000 0.402146 -0.233400
v 0.000000 -1.029270 0.879840
v 0.000000 -1.062892 0.837066
v 0.000000 -0.340634 1.219616
v 0.000000 -0.286552 1.198724
v 0.000000 -0.295050 1.249228
v -0.000000 0.603844 -1.240610
v -0.000000 0.556050 -1.264030
v -0.000000 0.589784 -1.296950
v -0.000000 1.701408 -0.528420
v -0.000000 -0.816072 -1.655496
v -0.000000 -0.764414 -1.676302
v 0.000000 0.252274 0.822798
v 0.000000 -0.941964 -0.687320
v 0.000000 -0.994134 -0.704876
v 0.000000 -1.001730 0.833210
v 0.000000 -0.973082 0.876714
v -0.000000 0.158226 -1.690778
v 0.000000 0.388500 0.756078
v 0.000000 0.345414 0.784766
v 0.000000 0.342076 0.727876
v -0.000000 1.007034 0.583482
v -0.000000 1.135592 -0.494520
v 0.000000 -1.775486 -0.166734
v -0.000000 -0.851428 -1.689348
v -0.000000 0.968916 0.554306
v -0.000000 0.620708 0.849842
v -0.000000 0.584438 0.819546
v -0.000000 0.624644 0.789296
v -0.000000 -0.168540 -0.450254
v -0.000000 1.349200 -0.768636
v 0.000000 -0.500400 -0.385052
v 0.000000 -0.473648 -0.430184
v -0.000000 1.929782 -0.125396
v -0.000000 1.886336 -0.097034
v 0.000000 0.052938 1.574446
v 0.000000 0.058064 1.630998
v 0.000000 0.008706 1.603150
v 0.000000 -1.606428 -0.343974
v 0.000000 -0.602276 -0.530228
v 0.000000 -0.661882 -0.515716
v 0.000000 -1.089414 -0.999706
v 0.000000 -1.039464 -1.010864
v 0.000000 -0.411314 1.506170
v 0.000000 -0.429456 1.451598
v 0.000000 0.507982 1.299476
v 0.000000 0.473050 1.252672
v 0.000000 0.530278 1.246382
v -0.000000 0.044514 -1.887418
v -0.000000 0.062410 -1.836372
v -0.000000 0.009110 -1.846910
v -0.000000 0.628280 -0.113096
v -0.000000 0.647898 -0.055014
v -0.000000 0.595288 -0.076110
v 0.000000 -0.962332 1.285360
v 0.000000 -1.616270 -0.289296
v 0.000000 -1.569170 -0.257224
v -0.000000 0.206976 -1.527192
v -0.000000 0.196430 -1.462718
v 0.000000 -1.222458 -1.048718
v 0.000000 -0.792810 1.722886
v 0.000000 -0.636632 0.859710
v 0.000000 -0.609106 0.814504
v 0.000000 -0.581068 0.850808
v 0.000000 -1.233110 1.445962
v -0.000000 0.271084 -1.660484
v -0.000000 0.293380 -1.708054
v -0.000000 0.327702 -1.665894
v 0.000000 0.363066 1.367492
v 0.000000 0.375822 1.310928
v 0.000000 0.419076 1.348766
v 0.000000 -0.936052 -1.280656
v 0.000000 -0.883326 -1.285128
v 0.000000 -0.921214 -1.235298
v 0.000000 0.536140 1.351622
v -0.000000 -0.360668 -1.319728
v -0.000000 -0.331110 -1.358218
v -0.000000 -0.309562 -1.312270
v 0.000000 -0.647124 1.139430
v 0.000000 -0.680296 1.101338
v 0.000000 -0.857594 1.471834
v 0.000000 -0.899442 1.423986
v 0.000000 -0.847230 1.417368
v 0.000000 -0.710730 0.737346
v 0.000000 -0.763586 0.727452
v 0.000000 -0.718632 0.685910
v -0.000000 0.421962 -0.279982
v -0.000000 0.367596 -0.276922
v -0.000000 -0.396370 -0.834202
v -0.000000 -0.449822 -0.858664
v -0.000000 -0.394424 -0.883204
v -0.000000 0.918034 -1.746742
v -0.000000 0.856250 -1.727428
v -0.000000 0.876206 -1.768056
v -0.000000 0.125586 -0.078734
v -0.000000 0.131254 -0.029056
v -0.000000 0.083672 -0.034408
v 0.000000 0.632606 1.602932
v -0.000000 0.202452 -1.724210
v 0.000000 -0.057656 1.946688
v 0.000000 -0.054078 1.884340
v -0.000000 1.620362 -0.988604
v -0.000000 1.582150 -0.965812
v -0.000000 1.589502 -1.028140
v 0.000000 -1.177432 0.348704
v 0.000000 -1.184672 0.301598
v -0.000000 0.474812 0.679770
v -0.000000 0.457636 0.623118
v -0.000000 0.505658 0.628588
v -0.000000 -0.300660 -0.885648
v -0.000000 -0.241346 -0.892862
v 0.000000 0.074166 0.583702
v 0.000000 0.128016 0.570202
v 0.000000 0.129612 0.618640
v -0.000000 -0.249182 -1.640454
v 0.000000 -1.103666 1.281226
v 0.000000 -1.123014 1.335512
v 0.000000 -1.157020 1.295164
v 0.000000 -0.588918 1.817046
v 0.000000 -0.749994 -0.973482
v 0.000000 -0.698398 -0.979224
v 0.000000 -0.712884 -0.923408
v 0.000000 -1.390830 1.293798
v 0.000000 -1.408070 1.247990
v 0.000000 -1.346976 1.261528
v -0.000000 0.320966 -0.949836
v -0.000000 0.284226 -0.989836
v -0.000000 1.328402 -1.008122
v -0.000000 1.378966 -1.000460
v -0.000000 1.333932 -0.960540
v 0.000000 -1.073164 -1.053150
v -0.000000 0.354694 -1.537696
v -0.000000 0.301302 -1.514162
v -0.000000 0.306368 -1.564720
v 0.000000 -0.851030 -1.044574
v 0.000000 -0.885784 -0.996552
v 0.000000 -0.910702 -1.038434
v -0.000000 0.229760 -0.588038
v -0.000000 0.225396 -0.636218
v -0.000000 0.474706 -0.283150
v -0.000000 0.447284 -0.326528
v -0.000000 0.502028 -0.332310
v -0.000000 0.463030 0.433314
v 0.000000 -1.268758 0.870190
v 0.000000 -1.282946 0.816242
v 0.000000 -1.228818 0.831886
v -0.000000 0.828358 -1.246956
v 0.000000 -1.019370 1.288340
v 0.000000 -1.001478 1.329978
v 0.000000 -1.068502 1.316670
v 0.000000 -0.808204 1.247962
v 0.000000 0.306952 1.681912
v 0.000000 0.337432 1.638668
v -0.000000 1.084206 0.930808
v -0.000000 1.103520 0.974498
v -0.000000 1.042478 0.963150
v 0.000000 -0.270364 0.859346
v 0.000000 0.170864 1.017974
v -0.000000 -0.866962 -1.633380
v -0.000000 0.973612 0.044306
v 0.000000 -0.913112 -1.471540
v 0.000000 -0.926930 -1.425672
v -0.000000 1.670634 -0.784070
v -0.000000 1.722556 -0.834322
v -0.000000 1.021942 1.343800
v -0.000000 1.064316 1.380494
v 0.000000 -0.590700 1.050416
v 0.000000 -0.538532 1.024770
v 0.000000 -0.536544 1.075380
v 0.000000 -1.425100 -0.706838
v 0.000000 -0.477324 -0.245356
v 0.000000 -0.526828 -0.232222
v -0.000000 0.670922 0.842780
v -0.000000 0.965916 -0.712328
v -0.000000 1.161906 0.861300
v -0.000000 1.113288 0.847032
v -0.000000 1.139260 0.803962
v -0.000000 -0.438662 -1.205248
v -0.000000 -0.417956 -1.261562
v -0.000000 -0.386124 -1.219336
v 0.000000 -1.630458 -1.040294
v 0.000000 -1.599122 -0.982856
v 0.000000 -1.778474 0.664694
v 0.000000 -1.803828 0.609314
v 0.000000 -1.758802 0.620264
v 0.000000 -0.772304 -1.299360
v -0.000000 0.506572 -0.009756
v -0.000000 0.509632 -0.056080
v -0.000000 0.192332 -0.863598
v -0.000000 0.226330 -0.805396
v 0.000000 0.169136 1.120858
v 0.000000 0.136912 1.165560
v -0.000000 0.331378 -1.184588
v -0.000000 0.290134 -1.152702
v -0.000000 -0.083520 -1.386320
v 0.000000 -0.452744 1.804388
v 0.000000 -0.450392 1.857688
v -0.000000 0.576034 -1.736668
v -0.000000 0.580822 -1.789312
v -0.000000 0.791298 -0.853900
v -0.000000 0.629286 -0.160296
v -0.000000 0.613244 -0.211448
v -0.000000 1.056532 0.227844
v -0.000000 1.016538 0.256306
v -0.000000 1.015632 0.192560
v -0.000000 0.921198 0.582350
v -0.000000 0.868680 0.587662
v -0.000000 1.198096 0.613786
v -0.000000 1.159944 0.655300
v -0.000000 1.144168 0.605234
v -0.000000 1.531156 0.005372
v -0.000000 1.589408 -0.004092
v 0.000000 0.454724 1.206660
v 0.000000 0.508506 1.195830
v -0.000000 0.663092 -0.678390
v -0.000000 0.615120 -0.696194
v 0.000000 -0.111584 1.864240
v 0.000000 -0.094834 1.912690
v 0.000000 -0.148166 1.907240
v -0.000000 1.256842 -0.792738
v -0.000000 -0.257798 -1.289002
v -0.000000 -0.221176 -1.341222
v -0.000000 -0.202638 -1.292372
v 0.000000 -0.916544 1.373248
v -0.000000 -0.900224 -1.666478
v -0.000000 -0.891408 -1.719188
v 0.000000 -1.207714 -0.192850
v 0.000000 -1.252512 -0.245680
v -0.000000 1.864228 -0.655188
v -0.000000 1.830818 -0.611692
v -0.000000 1.187136 -0.502740
v 0.000000 -0.490106 1.671932
v 0.000000 -0.438352 1.678494
v 0.000000 -0.465168 1.725992
v -0.000000 1.167582 0.213868
v 0.000000 -0.700386 1.477508
v 0.000000 -0.686588 1.524060
v 0.000000 -0.739954 1.527338
v -0.000000 -0.120712 -1.177038
v -0.000000 0.797836 -0.250210
v -0.000000 0.759584 -0.286786
v -0.000000 0.813692 -0.298298
v -0.000000 -0.092496 -0.577554
v -0.000000 -0.135508 -0.548742
v 0.000000 -1.313474 0.610586
v 0.000000 0.774726 1.342150
v 0.000000 0.735640 1.379182
v 0.000000 0.727896 1.314642
v -0.000000 0.170002 -1.194206
v -0.000000 0.190834 -1.151192
v 0.000000 -1.885814 0.100672
v 0.000000 0.668670 1.827928
v 0.000000 0.629478 1.784062
v 0.000000 0.685222 1.778430
v -0.000000 0.945818 0.257470
v -0.000000 0.929108 0.311468
v 0.000000 -0.861642 -0.812080
v -0.000000 0.247100 -1.703014
v -0.000000 0.210340 -1.673790
v 0.000000 -1.674556 0.313554
v 0.000000 -1.299418 1.118574
v 0.000000 -1.348896 1.113910
v 0.000000 0.524978 1.710878
v 0.000000 0.475520 1.734708
v 0.000000 0.522622 1.082322
v 0.000000 0.573616 1.105908
v 0.000000 -1.602088 -0.758396
v 0.000000 -1.649214 -0.798814
v -0.000000 -0.346828 -0.856822
v -0.000000 -0.348358 -0.908598
v -0.000000 -0.649854 -1.398138
v -0.000000 -0.697014 -1.375764
v -0.000000 -0.698788 -1.428594
v 0.000000 -1.758232 -0.015206
v 0.000000 -1.805552 -0.012498
v 0.000000 -1.459336 -0.783506
v 0.000000 -1.413794 -0.756202
v 0.000000 -1.593722 0.886166
v 0.000000 -1.639902 0.857578
v 0.000000 -1.588762 0.830150
v 0.000000 -1.051560 1.408288
v 0.000000 -1.109840 1.431350
v 0.000000 -1.093492 1.376932
v -0.000000 1.472112 0.865758
v -0.000000 -0.174832 -0.936846
v -0.000000 -0.199552 -0.992870
v -0.000000 -0.152300 -0.978662
v -0.000000 0.324304 -0.666222
v -0.000000 0.301188 -0.723556
v -0.000000 1.888192 -0.381264
v -0.000000 1.941696 -0.376442
v -0.000000 1.902498 -0.326912
v -0.000000 0.087016 -1.468918
v -0.000000 0.106702 -1.418174
v -0.000000 0.048554 -1.444954
v -0.000000 -0.137422 -0.248308
v 0.000000 -0.190960 -0.244314
v -0.000000 0.388864 -1.590128
v -0.000000 0.419718 -1.639388
v -0.000000 0.441496 -1.592558
v 0.000000 -0.019304 0.334954
v -0.000000 -0.205692 -1.724528
v -0.000000 -0.218256 -1.782954
v -0.000000 -0.300574 -0.770856
v -0.000000 -0.011304 -0.646352
v -0.000000 -0.027300 -0.701864
v -0.000000 0.024668 -0.687928
v -0.000000 -0.264152 -0.571798
v -0.000000 -0.233848 -0.610420
v -0.000000 -0.231604 -0.540382
v -0.000000 1.116348 -0.016432
v -0.000000 1.064950 0.019804
v 0.000000 0.767142 1.599482
v 0.000000 0.816474 1.614730
v 0.000000 0.632168 1.113472
v 0.000000 -0.648066 0.174312
v 0.000000 -0.599316 0.176122
v 0.000000 -0.464864 0.195562
v 0.000000 -0.464818 0.252074
v 0.000000 -0.508480 0.218438
v 0.000000 -0.515620 1.710512
v 0.000000 -1.137724 -0.632660
v -0.000000 -0.598674 -1.642044
v -0.000000 -0.645284 -1.598912
v 0.000000 -0.744444 -0.101320
v 0.000000 -0.697544 -0.121350
v 0.000000 -0.710228 -0.062016
v -0.000000 0.671106 -1.458698
v -0.000000 0.675724 -1.400986
v -0.000000 0.625994 -1.432216
v 0.000000 -1.845020 0.023130
v 0.000000 -1.847836 -0.034746
v 0.000000 -1.336716 0.705846
v -0.000000 1.022260 1.493438
v -0.000000 1.064056 1.436456
v -0.000000 1.072970 1.496692
v -0.000000 0.684984 -0.401764
v -0.000000 0.629538 -0.411004
v -0.000000 0.666108 -0.443070
v 0.000000 -0.285274 1.145610
v 0.000000 -0.235910 1.181146
v 0.000000 -1.791820 -0.860312
v 0.000000 -1.768294 -0.906484
v 0.000000 -1.741102 -0.855636
v -0.000000 1.105136 -1.585498
v -0.000000 1.072176 -1.541976
v 0.000000 -1.013566 -0.316234
v 0.000000 -1.044486 -0.355638
v 0.000000 -0.986190 -0.356982
v -0.000000 0.224462 -1.064734
v -0.000000 0.273456 -1.050110
v 0.000000 -0.522404 0.651454
v 0.000000 -0.471800 0.686154
v -0.000000 -0.176958 -1.920572
v -0.000000 -0.211678 -1.964492
v -0.000000 -0.281042 -1.787080
v -0.000000 0.375412 -1.435774
v -0.000000 0.411100 -1.388754
v -0.000000 0.785928 -0.645980
v -0.000000 0.571522 -1.001566
v -0.000000 0.514784 -1.021456
v -0.000000 1.394068 -1.396826
v -0.000000 1.428596 -1.362298
v -0.000000 1.366282 -1.367304
v -0.000000 0.986542 -0.569228
v -0.000000 0.942102 -0.579362
v -0.000000 0.261938 0.011618
v 0.000000 -0.511248 0.920324
v 0.000000 -0.469012 0.954840
v 0.000000 -0.528742 0.970146
v -0.000000 1.354710 -1.236802
v -0.000000 1.304166 -1.209154
v -0.000000 1.261126 1.168918
v -0.000000 1.274686 1.106960
v 0.000000 -0.620610 1.734882
v -0.000000 1.182392 1.546408
v -0.000000 1.177200 1.502996
v -0.000000 1.230366 1.505952
v 0.000000 -0.623154 1.094894
v -0.000000 0.625796 -1.187548
v -0.000000 0.687340 -1.177190
v -0.000000 0.642958 -1.140978
v 0.000000 -1.474294 -0.352584
v 0.000000 -1.508724 -0.389344
v 0.000000 0.786092 1.459474
v 0.000000 0.830516 1.437894
v -0.000000 -0.182106 -0.543262
v -0.000000 1.566134 -0.925296
v -0.000000 1.524644 -0.961844
v -0.000000 1.283818 -1.080372
v -0.000000 1.292590 -1.126348
v -0.000000 1.341934 -1.105026
v -0.000000 1.183830 -0.681508
v -0.000000 1.207012 0.081080
v 0.000000 -0.908372 0.655360
v 0.000000 -0.932090 0.596736
v -0.000000 0.423896 0.207562
v -0.000000 0.445206 0.257180
v -0.000000 1.294894 -0.194294
v 0.000000 -1.174326 -1.369538
v 0.000000 -1.220864 -1.382620
v -0.000000 0.907078 -0.937768
v -0.000000 0.387592 0.042292
v 0.000000 -0.909158 1.613352
v 0.000000 -0.916968 1.563140
v 0.000000 -1.155912 1.631446
v 0.000000 -1.205318 1.594932
v 0.000000 -1.156066 1.578340
v 0.000000 -0.193770 1.331984
v 0.000000 -0.202122 1.385674
v -0.000000 1.142836 -1.160796
v -0.000000 1.126570 -1.206452
v -0.000000 1.183804 -1.183516
v -0.000000 1.339146 -0.347200
v -0.000000 1.299714 -0.387800
v 0.000000 -1.352612 -0.761382
v 0.000000 -1.312024 -0.711892
v 0.000000 -1.370986 -0.715118
v -0.000000 0.335108 -1.842252
v 0.000000 -0.937892 0.759094
v 0.000000 -1.214412 -0.515558
v 0.000000 -1.176472 -0.482558
v -0.000000 0.058276 -1.337260
v -0.000000 0.074624 -1.282988
v -0.000000 -0.146968 -0.788712
v -0.000000 -0.130316 -0.735656
v -0.000000 -0.183390 -0.746360
v -0.000000 1.688154 -0.196196
v -0.000000 1.636278 -0.183538
v -0.000000 1.659274 -0.238680
v 0.000000 -0.450384 -0.508390
v -0.000000 -0.147180 -0.497158
v 0.000000 -0.812874 1.608774
v 0.000000 -0.863416 1.578266
v -0.000000 1.312876 0.704574
v -0.000000 1.259664 0.691068
v -0.000000 0.892514 -0.464442
v 0.000000 0.695084 1.466806
v -0.000000 1.317786 0.519460
v -0.000000 1.867746 0.535688
v -0.000000 1.913170 0.521366
v -0.000000 1.896370 0.579184
v -0.000000 0.414770 -0.000192
v -0.000000 0.403482 -0.050570
v -0.000000 0.458102 -0.043840
v -0.000000 0.505042 -0.387482
v -0.000000 0.464908 -0.373434
v -0.000000 0.495882 -0.432424
v 0.000000 0.383374 0.702284
v 0.000000 0.331426 0.669040
v -0.000000 1.133258 -1.456538
v -0.000000 1.149208 -1.500630
v -0.000000 1.186864 -1.462732
v -0.000000 0.377114 -1.756690
v -0.000000 0.608006 0.588714
v -0.000000 0.437654 -0.092570
v -0.000000 0.414114 -0.139120
v -0.000000 -0.273848 -1.866158
v -0.000000 -0.240936 -1.916616
v -0.000000 -0.209282 -1.873816
v 0.000000 -0.859868 -0.456056
v 0.000000 -0.909464 -0.475286
v 0.000000 -0.863754 -0.509522
v -0.000000 1.514132 -0.803966
v -0.000000 1.554430 -0.833970
v -0.000000 1.032144 -1.552698
v 0.000000 -1.587874 0.989002
v 0.000000 -1.603180 1.038440
v 0.000000 -1.632260 0.988904
v -0.000000 0.660912 -0.728212
v -0.000000 0.707318 -0.693510
v -0.000000 0.001976 -1.469102
v -0.000000 -0.042858 -1.431090
v 0.000000 0.470168 1.158116
v 0.000000 0.436652 1.113836
v 0.000000 0.491038 1.115386
v 0.000000 -0.650212 0.372788
v 0.000000 -0.661564 0.427762
v 0.000000 -0.702604 0.393836
v -0.000000 -0.741100 -1.782298
v -0.000000 -0.746824 -1.725150
v 0.000000 -1.018004 -1.498942
v 0.000000 -1.071402 -1.480000
v 0.000000 -1.062084 -1.538848
v -0.000000 0.692746 -1.070088
v -0.000000 0.659840 -1.038538
v -0.000000 0.647262 -1.088374
v -0.000000 0.360284 -0.620426
v -0.000000 0.365086 -0.567074
v -0.000000 0.316992 -0.609974
v 0.000000 0.189728 1.736278
v 0.000000 0.215512 1.786338
v -0.000000 1.072872 0.066290
v -0.000000 1.021208 0.047736
v -0.000000 0.647872 -0.607758
v 0.000000 -0.127554 1.229034
v 0.000000 -0.116942 1.276252
v 0.000000 -0.824032 0.956648
v -0.000000 1.737300 0.384994
v -0.000000 1.759946 0.339040
v -0.000000 1.794846 0.385406
v 0.000000 -0.753492 -0.467284
v 0.000000 -0.716540 -0.520258
v 0.000000 -0.700458 -0.470702
v -0.000000 1.565266 -1.202690
v -0.000000 1.504144 -1.213466
v -0.000000 1.537124 -1.238968
v -0.000000 -0.541228 -1.181116
v -0.000000 -0.494954 -1.215898
v -0.000000 -0.484610 -1.168732
v -0.000000 0.986454 1.263092
v -0.000000 1.032932 1.291924
v 0.000000 0.107702 0.754754
v -0.000000 0.538708 0.541278
v -0.000000 0.553108 0.589906
v 0.000000 0.266396 0.486886
v 0.000000 0.303872 0.526388
v 0.000000 -0.667300 0.959918
v 0.000000 -0.630294 1.005614
v 0.000000 -0.686416 1.005992
v -0.000000 0.821794 0.388486
v -0.000000 0.875152 0.391002
v -0.000000 0.856646 0.439002
v 0.000000 0.346328 1.429390
v 0.000000 -1.117074 -1.088916
v -0.000000 1.506766 0.424358
v -0.000000 1.562882 0.399122
v -0.000000 1.551138 0.446400
v -0.000000 -0.335480 -1.045368
v -0.000000 -0.289030 -1.091032
v -0.000000 -0.284002 -1.040128
v -0.000000 0.187402 -0.144300
v -0.000000 0.132116 -0.126442
v -0.000000 0.147000 -0.172186
v -0.000000 -0.546930 -1.667444
v -0.000000 -0.549070 -1.719500
v -0.000000 0.782608 1.123294
v -0.000000 0.834312 1.142762
v -0.000000 1.202774 0.971014
v -0.000000 1.151300 0.966270
v -0.000000 1.180426 0.918138
v -0.000000 1.207694 1.458666
v -0.000000 1.153574 1.464090
v 0.000000 -1.175102 0.866096
v 0.000000 -1.170570 0.923808
v -0.000000 0.932970 -1.042190
v -0.000000 0.992224 -1.054276
v 0.000000 -1.436838 0.201224
v -0.000000 -0.024280 -1.575628
v -0.000000 -0.011654 -1.518256
v -0.000000 -0.062696 -1.533244
v 0.000000 0.026450 0.545714
v 0.000000 0.062522 0.500642
v 0.000000 -1.634464 0.810200
v 0.000000 -1.690918 0.840336
v 0.000000 -1.462100 0.082026
v 0.000000 -1.411350 0.108116
v 0.000000 -1.001968 -0.407632
v -0.000000 0.461022 -0.698140
v -0.000000 0.179806 -1.966226
v -0.000000 0.585638 0.393526
v -0.000000 0.637460 0.404388
v -0.000000 0.594890 0.443990
v 0.000000 0.537416 1.146512
v 0.000000 -0.494844 1.192060
v 0.000000 -0.525198 1.128812
v 0.000000 -0.478694 1.144604
v -0.000000 0.078432 -0.674886
v -0.000000 0.129116 -0.672600
v 0.000000 -1.219280 -0.456264
v 0.000000 -0.665538 1.435636
v 0.000000 -0.951284 0.353580
v 0.000000 -0.895058 0.369012
v 0.000000 -0.943582 0.398726
v 0.000000 -1.719200 -0.995002
v 0.000000 -1.654580 -0.995266
v -0.000000 -0.001468 -0.588852
v -0.000000 0.039320 -0.637038
v -0.000000 1.048736 -1.184534
v -0.000000 0.124678 -0.218174
v 0.000000 -0.482416 1.356226
v 0.000000 -0.517740 1.394112
v -0.000000 1.714052 1.002926
v -0.000000 1.683008 1.055424
v -0.000000 1.032568 0.909744
v -0.000000 1.076210 0.879946
v -0.000000 0.888546 1.147148
v -0.000000 0.881134 1.196308
v 0.000000 -1.252836 -0.618766
v 0.000000 -1.303128 -0.646476
v 0.000000 -1.262314 -0.679616
v 0.000000 -1.208908 1.301588
v 0.000000 -1.261870 1.303232
v 0.000000 -0.417130 0.941010
v 0.000000 -0.460150 0.902248
v 0.000000 -0.413300 0.883132
v 0.000000 -0.482424 1.093000
v -0.000000 0.628802 -1.486218
v 0.000000 -0.599912 -0.367368
v 0.000000 -0.565232 -0.408964
v -0.000000 0.855904 0.677868
v 0.000000 -1.404886 -0.512298
v 0.000000 -1.358910 -0.496402
v 0.000000 -0.893826 -1.381910
v -0.000000 -0.098656 -1.839260
v 0.000000 -0.435012 1.002708
v -0.000000 1.437884 -0.394902
v -0.000000 1.391366 -0.380204
v -0.000000 0.472202 -1.463268
v -0.000000 0.427818 -1.439296
v -0.000000 1.239884 -1.474620
v -0.000000 1.224876 -1.425116
v 0.000000 -1.306798 -0.544190
v 0.000000 -1.308726 -0.496964
v 0.000000 -0.776304 1.345422
v 0.000000 -1.091778 -0.861922
v 0.000000 -0.182934 1.583896
v 0.000000 -0.191438 1.532570
v -0.000000 -0.100742 -1.633532
v -0.000000 -0.140112 -1.595062
v -0.000000 0.870702 -0.312518
v -0.000000 0.853474 -0.266856
v -0.000000 1.104864 -0.102612
v -0.000000 1.075980 1.324414
v -0.000000 1.129630 1.281206
v -0.000000 1.016314 1.444418
v -0.000000 0.637386 0.051804
v -0.000000 0.585870 0.078232
v -0.000000 1.113456 -0.737822
v 0.000000 -1.410256 0.894280
v -0.000000 0.810508 0.433810
v -0.000000 -0.002838 -0.005092
v -0.000000 1.609398 -0.841814
v -0.000000 1.620308 -0.792322
v 0.000000 0.431998 1.764634
v 0.000000 0.385010 1.792300
v 0.000000 -1.174102 0.090578
v 0.000000 -1.127074 0.116264
v 0.000000 -1.172464 0.146400
v -0.000000 0.029696 -0.831254
v -0.000000 0.080386 -0.857762
v -0.000000 0.072372 -0.809584
v -0.000000 1.882178 0.092082
v 0.000000 -0.418282 0.234202
v -0.000000 0.889524 -0.106552
v -0.000000 0.841432 -0.091670
v -0.000000 0.853222 -0.140054
v -0.000000 1.103466 0.437770
v -0.000000 1.129522 0.383836
v -0.000000 1.066004 0.825572
v -0.000000 1.085756 0.781280
v 0.000000 -1.290258 0.968482
v 0.000000 -1.303844 0.910420
v 0.000000 -1.253828 0.930358
v 0.000000 -1.541788 0.562910
v 0.000000 -1.592888 0.545226
v 0.000000 -1.556902 0.500954
v -0.000000 1.800018 -0.503548
v -0.000000 1.865884 -0.482114
v -0.000000 0.446184 -0.421614
v -0.000000 0.085042 -1.619000
v -0.000000 0.024590 -1.603038
v -0.000000 0.044194 -1.648236
v 0.000000 0.137124 1.737020
v 0.000000 0.157418 1.784936
v 0.000000 -1.110388 -0.773868
v 0.000000 -1.076344 -0.817696
v 0.000000 -1.056964 -0.772536
v -0.000000 0.368436 -1.041584
v -0.000000 0.247982 0.167630
v -0.000000 0.200888 0.136896
v 0.000000 -0.111770 1.011828
v 0.000000 0.421272 1.498234
v -0.000000 0.372498 -1.644778
v -0.000000 0.820846 0.588510
v -0.000000 0.836378 0.535436
v 0.000000 0.768652 1.735886
v 0.000000 0.820130 1.708942
v 0.000000 -0.385686 0.681152
v 0.000000 -0.381938 0.628788
v 0.000000 0.257102 1.887646
v 0.000000 0.302440 1.925566
v 0.000000 0.242710 1.934720
v -0.000000 0.788232 0.236316
v -0.000000 0.752842 0.200364
v -0.000000 0.796180 0.177438
v -0.000000 -0.941038 -1.694488
v -0.000000 -0.946524 -1.643368
v 0.000000 -0.987442 -1.663166
v -0.000000 0.577126 0.230952
v -0.000000 0.592996 0.281668
v -0.000000 1.924210 -0.194428
v -0.000000 1.961276 -0.259058
v -0.000000 1.967886 -0.203416
v 0.000000 0.260414 1.586010
v 0.000000 0.228720 1.636706
v -0.000000 0.171110 0.058208
v -0.000000 0.208646 0.088252
v 0.000000 -0.706636 1.569768
v 0.000000 -1.158648 -0.780750
v 0.000000 -1.196250 -0.811682
v 0.000000 -0.158796 1.300256
v 0.000000 -0.214110 1.284890
v -0.000000 0.938308 0.473260
v -0.000000 0.706530 1.017670
v -0.000000 0.652130 1.005262
v -0.000000 1.195502 1.183272
v -0.000000 1.235626 1.215866
v 0.000000 -0.757744 1.254170
v 0.000000 -0.702890 1.263680
v 0.000000 -1.199920 0.658946
v 0.000000 -1.166702 0.695136
v -0.000000 1.827320 0.516922
v -0.000000 -0.917432 -1.609694
v -0.000000 0.924398 -0.840602
v -0.000000 0.918564 -0.793938
v -0.000000 0.246758 -1.494496
v -0.000000 0.341162 -0.811682
v -0.000000 0.366596 -0.858432
v -0.000000 0.392362 -0.811496
v 0.000000 -1.554020 -0.647140
v -0.000000 -0.394438 -1.742900
v -0.000000 -0.336704 -1.768540
v -0.000000 -0.349018 -1.712148
v 0.000000 0.145218 0.467650
v -0.000000 0.769308 -0.995982
v -0.000000 0.813110 -0.961972
v -0.000000 1.274844 -0.583754
v 0.000000 -1.507272 1.019080
v 0.000000 -1.473718 1.050358
v 0.000000 -0.769164 1.632534
v 0.000000 -0.967598 0.144540
v -0.000000 0.512526 -0.706064
v -0.000000 0.465896 -0.741380
v -0.000000 0.520190 -0.752442
v 0.000000 -1.170954 0.747170
v 0.000000 -1.175698 0.816352
v 0.000000 -0.072114 1.832386
v 0.000000 -0.017610 1.843088
v 0.000000 -0.868160 0.916182
v 0.000000 -0.921532 0.868660
v 0.000000 -0.035724 0.395202
v -0.000000 0.991216 0.099400
v -0.000000 1.021256 0.144142
v -0.000000 0.808680 -0.437564
v -0.000000 0.788914 -0.381928
v -0.000000 0.761056 -0.422052
v 0.000000 -1.141366 -0.329222
v 0.000000 -1.091262 -0.315902
v 0.000000 -0.818548 0.039854
v -0.000000 0.469334 -1.635428
v -0.000000 1.496746 1.067326
v -0.000000 1.472498 1.112956
v -0.000000 1.442712 1.057960
v -0.000000 1.207244 -0.285416
v -0.000000 1.258828 -0.290196
v -0.000000 1.433484 0.470016
v -0.000000 1.453950 0.521586
v -0.000000 0.627002 0.233804
v -0.000000 0.645104 0.278614
v -0.000000 0.535722 0.819446
v -0.000000 0.570594 0.770848
v -0.000000 0.901090 -0.054724
v -0.000000 0.936766 -0.094610
v -0.000000 1.440566 -0.087192
v 0.000000 -0.260614 0.906420
v 0.000000 -1.079756 -1.309674
v 0.000000 -1.027602 -1.276616
v 0.000000 -1.074304 -1.253684
v 0.000000 -1.061110 -0.165276
v 0.000000 -0.529688 -0.705784
v 0.000000 -0.566966 -0.665580
v 0.000000 -1.511810 -0.080296
v 0.000000 0.735322 1.433822
v 0.000000 0.747562 1.491830
v 0.000000 -1.499584 0.963662
v 0.000000 -1.544920 0.972028
v 0.000000 -1.544710 0.920316
v -0.000000 1.132682 -0.688264
v -0.000000 1.082522 -0.697718
v 0.000000 -1.000392 -0.966110
v 0.000000 -0.991238 -1.014052
v 0.000000 -0.943250 -0.989280
v 0.000000 -1.297598 -1.498638
v 0.000000 -1.252140 -1.536458
v -0.000000 1.176736 -0.593562
v -0.000000 1.170914 -0.548038
v -0.000000 0.904666 0.770804
v -0.000000 0.917054 0.822844
v 0.000000 -1.416132 -0.621414
v 0.000000 -1.411542 -0.569328
v 0.000000 -1.461510 -0.599742
v 0.000000 -1.971166 -0.282248
v 0.000000 -1.932874 -0.256986
v 0.000000 -0.825180 -1.320550
v 0.000000 -1.325668 -0.452022
v -0.000000 -0.425024 -0.973198
v -0.000000 -0.377248 -1.005290
v -0.000000 -0.391588 -0.939206
v -0.000000 -0.769944 -1.487848
v -0.000000 1.148440 1.627308
v -0.000000 1.189380 1.596772
v 0.000000 -0.436172 1.170218
v -0.000000 1.614818 0.527732
v -0.000000 1.584548 0.573534
v -0.000000 1.149282 -0.638826
v -0.000000 1.100260 -0.645994
v 0.000000 0.109218 0.668582
v 0.000000 -1.380762 -0.168270
v -0.000000 0.366994 -1.881392
v -0.000000 0.391734 -1.934944
v 0.000000 -0.222098 1.844354
v -0.000000 -0.557284 -1.562190
v -0.000000 -0.593666 -1.596188
v -0.000000 -0.545818 -1.616940
v -0.000000 0.622194 -1.008892
v -0.000000 0.617106 -0.964328
v -0.000000 0.709630 -1.490814
v -0.000000 0.716292 -1.432420
v -0.000000 1.310850 -0.294104
v -0.000000 1.283102 -0.338760
v -0.000000 -0.108418 -1.689566
v -0.000000 1.119542 0.312362
v -0.000000 -0.254342 -1.531708
v -0.000000 -0.291672 -1.493472
v -0.000000 -0.437378 -1.150834
v -0.000000 0.550612 0.641420
v -0.000000 0.495974 0.040450
v 0.000000 -0.565608 0.790714
v 0.000000 -0.338036 0.134638
v 0.000000 -0.290586 0.133704
v 0.000000 -0.319372 0.187182
v -0.000000 -0.032804 -1.775674
v -0.000000 -0.070564 -1.731866
v -0.000000 1.745024 0.736466
v -0.000000 1.765740 0.695692
v -0.000000 0.233296 0.265288
v -0.000000 1.374224 0.371238
v -0.000000 1.396902 0.316864
v 0.000000 -0.236590 1.082336
v -0.000000 1.167146 0.343604
v -0.000000 0.506070 -1.838466
v 0.000000 0.620072 1.401458
v 0.000000 0.566680 1.404612
v 0.000000 0.114682 1.375652
v 0.000000 0.076524 1.411716
v -0.000000 0.408410 -1.543100
v -0.000000 0.614344 0.181970
v -0.000000 -0.677010 -1.485424
v -0.000000 -0.715512 -1.524124
v -0.000000 -0.662604 -1.539532
v -0.000000 1.149314 -1.021530
v 0.000000 -0.782120 -1.018622
v 0.000000 -0.801274 -1.069392
v 0.000000 -0.751096 -1.070186
v 0.000000 -1.223606 0.167808
v -0.000000 -0.613642 -1.551586
v 0.000000 -1.682086 0.893106
v 0.000000 -1.709278 0.936882
v 0.000000 -1.731930 0.887438
v 0.000000 -0.049138 0.765274
v 0.000000 -0.070524 0.819670
v 0.000000 -0.706928 -0.626546
v 0.000000 -0.700842 -0.571724
v -0.000000 -0.080500 -1.883314
v -0.000000 0.036996 -0.776146
v 0.000000 -0.878366 -0.145056
v 0.000000 -0.886420 -0.087398
v 0.000000 -0.926580 -0.129264
v 0.000000 -1.052148 -0.290622
v -0.000000 0.468374 -1.729904
v -0.000000 0.802864 -0.492944
v -0.000000 0.759876 -0.470590
v 0.000000 -0.869954 1.161844
v 0.000000 -0.764400 1.057126
v 0.000000 -0.784802 1.107068
v -0.000000 1.318334 -0.556788
v -0.000000 1.364890 -0.545402
v -0.000000 0.078764 -0.127456
v -0.000000 0.101178 -0.174742
v -0.000000 1.013280 -1.217414
v -0.000000 0.974878 -1.250300
v -0.000000 1.028838 -1.265230
v -0.000000 0.965430 -0.318830
v -0.000000 1.390014 -0.330970
v -0.000000 1.440764 -0.337820
v 0.000000 -0.996246 -0.263928
v -0.000000 0.682188 0.253014
v -0.000000 0.991342 0.761338
v -0.000000 0.989752 0.716398
v -0.000000 1.042026 0.750728
v 0.000000 -0.279994 0.722020
v 0.000000 -0.236332 0.685722
v 0.000000 -0.226436 0.733294
v -0.000000 1.597722 0.821202
v -0.000000 1.043622 -0.371660
v -0.000000 0.568866 -0.946950
v 0.000000 0.121638 0.511392
v 0.000000 -0.685582 0.853312
v 0.000000 -0.720248 0.896862
v 0.000000 -1.353976 0.755926
v 0.000000 -1.306268 0.763332
v 0.000000 -1.612634 -0.650062
v -0.000000 1.198958 -0.638350
v -0.000000 1.339186 -0.856424
v -0.000000 1.360598 -0.902822
v -0.000000 1.393206 -0.861278
v 0.000000 -1.080298 -0.728232
v -0.000000 1.231712 -0.104306
v 0.000000 -0.430792 -0.237248
v -0.000000 1.711442 -0.579692
v -0.000000 1.728384 -0.626316
v -0.000000 -0.508700 -1.443688
v 0.000000 -0.250302 0.635378
v -0.000000 -0.351542 -0.803852
v 0.000000 0.200132 0.406182
v 0.000000 0.242140 0.439380
v 0.000000 -0.853768 -0.861120
v 0.000000 -1.255656 1.208290
v 0.000000 -1.201416 1.196770
v -0.000000 1.367712 -1.052582
v -0.000000 0.491272 0.131530
v -0.000000 0.452186 0.164656
v 0.000000 -0.472500 0.419118
v 0.000000 -0.421382 0.392764
v 0.000000 -0.431058 0.446018
v 0.000000 -0.644236 1.188708
v 0.000000 -0.169248 1.009198
v 0.000000 -0.146616 1.053834
v 0.000000 -0.051150 1.524452
v 0.000000 -0.267782 -0.328448
v 0.000000 -1.331026 1.166030
v 0.000000 -0.862192 0.677862
v 0.000000 -0.812720 0.708196
v -0.000000 0.005520 -0.739770
v -0.000000 0.688572 -0.821174
v 0.000000 -0.210772 1.475590
v 0.000000 -0.159904 1.491616
v -0.000000 1.270306 0.742236
v -0.000000 1.219624 0.768234
v -0.000000 1.349868 0.057394
v 0.000000 -1.548524 0.107296
v 0.000000 -1.595956 0.100228
v 0.000000 -1.572508 0.052824
v 0.000000 -0.293620 0.806272
v 0.000000 0.112080 1.650284
v 0.000000 0.149874 1.687410
v 0.000000 0.094124 1.712572
v -0.000000 1.328840 1.091972
v -0.000000 1.380994 1.068862
v -0.000000 1.584456 -0.380702
v -0.000000 1.531574 -0.407110
v -0.000000 0.498260 -0.610346
v -0.000000 1.095438 0.595524
v 0.000000 -0.098866 0.776188
v 0.000000 -0.124414 0.828772
v -0.000000 0.536742 0.073382
v 0.000000 -0.492452 -0.478982
v 0.000000 -0.430554 -0.452130
v -0.000000 -0.366226 -1.664292
v -0.000000 -0.336336 -1.628186
v -0.000000 -0.385342 -1.613338
v 0.000000 0.094692 1.935230
v 0.000000 0.085752 1.879452
v -0.000000 1.360002 -0.289310
v 0.000000 0.559780 1.676322
v -0.000000 -0.188854 -1.393648
v -0.000000 -0.247574 -1.386686
v -0.000000 -0.228906 -1.428414
v -0.000000 0.019808 -1.796936
v -0.000000 -0.042560 -1.830842
v 0.000000 -1.135420 -0.829314
v -0.000000 1.171258 1.073672
v 0.000000 -0.279200 1.517040
v 0.000000 -1.120372 -1.281338
v 0.000000 -0.716222 -0.002052
v 0.000000 -0.754266 -0.041780
v 0.000000 -1.156488 0.006346
v 0.000000 -1.112474 0.003974
v 0.000000 -0.052210 -0.016226
v -0.000000 0.283072 -0.814304
v -0.000000 0.263494 -0.765582
v -0.000000 0.660098 -1.859714
v -0.000000 0.702066 -1.844606
v -0.000000 1.178344 -0.975384
v -0.000000 1.772512 0.429664
v 0.000000 0.319026 1.483616
v -0.000000 0.515374 -1.660734
v 0.000000 -1.407416 -1.102676
v 0.000000 -1.432526 -1.158710
v 0.000000 -0.845442 0.339610
v 0.000000 -0.848660 0.392540
v -0.000000 0.110544 -0.472404
v -0.000000 0.061482 -0.453422
v -0.000000 0.082102 -0.510020
v 0.000000 -0.994888 -1.545612
v -0.000000 1.916022 -0.267638
v -0.000000 0.829330 0.635748
v -0.000000 0.775228 0.621038
v 0.000000 -1.723644 -0.174106
v 0.000000 -1.691804 -0.226504
v 0.000000 -1.670714 -0.178636
v -0.000000 0.077254 -1.684428
v 0.000000 -1.739826 -0.698248
v 0.000000 -1.798132 -0.713714
v 0.000000 -1.750430 -0.750290
v -0.000000 1.865392 -0.280990
v 0.000000 0.061628 0.362050
v 0.000000 0.104132 0.342306
v -0.000000 1.518728 0.374696
v -0.000000 1.546940 0.335968
v -0.000000 0.016410 -0.932562
v -0.000000 0.061754 -0.960652
v -0.000000 0.065590 -0.911048
v -0.000000 1.147196 -1.073200
v -0.000000 1.073362 -1.226594
v 0.000000 -0.809388 0.432546
v 0.000000 -0.839870 0.486494
v 0.000000 -0.858270 0.443296
v 0.000000 -0.125804 0.216764
v 0.000000 -0.177648 0.227128
v -0.000000 1.745660 0.472048
v -0.000000 1.712496 0.427876
v 0.000000 -1.028244 -1.444324
v 0.000000 -0.973102 -1.461148
v 0.000000 -0.984416 -1.410478
v -0.000000 1.222168 0.557690
v -0.000000 1.171974 0.564710
v 0.000000 -0.912516 -0.531692
v 0.000000 -0.530682 -0.904696
v 0.000000 -0.963836 -0.225784
v 0.000000 -0.921378 -0.181220
v -0.000000 -0.470270 -1.110286
v -0.000000 1.201832 -0.057856
v -0.000000 1.257622 -0.055014
v -0.000000 -0.053562 -1.929816
v -0.000000 -0.028506 -1.975306
v -0.000000 0.011078 -1.927730
v -0.000000 -0.437800 -1.883042
v -0.000000 -0.459394 -1.830538
v -0.000000 0.862176 -0.710230
v -0.000000 0.869484 0.871846
v -0.000000 0.889214 0.911124
v -0.000000 1.473254 0.657706
v 0.000000 -0.932858 -0.078158
v 0.000000 -0.394568 1.959492
v -0.000000 1.379238 -1.144866
v -0.000000 1.326992 -1.160432
v -0.000000 1.364374 -1.192736
v 0.000000 0.349660 1.965460
v 0.000000 0.368748 1.919400
v -0.000000 1.148692 -0.817166
v 0.000000 -1.098036 1.498114
v 0.000000 -0.604748 1.270854
v 0.000000 -1.920694 0.343074
v 0.000000 -1.932034 0.283502
v 0.000000 -1.890578 0.304016
v 0.000000 -0.245148 -0.398778
v -0.000000 -0.190046 -0.395822
v 0.000000 -0.230854 -0.354068
v -0.000000 0.881194 -0.767840
v 0.000000 -0.209016 0.915422
v 0.000000 -0.245288 0.956102
v 0.000000 -1.093154 1.222244
v 0.000000 -1.055360 1.256600
v 0.000000 -0.975804 -0.549012
v -0.000000 0.241384 -1.446926
v -0.000000 0.277012 -1.412982
v 0.000000 -0.697734 1.665672
v 0.000000 -0.723416 1.622148
v 0.000000 -0.673526 1.605614
v -0.000000 0.726858 -0.327374
v -0.000000 0.691462 -0.359314
v -0.000000 0.911820 -0.154460
v -0.000000 1.783222 0.069454
v -0.000000 1.605266 0.178578
v 0.000000 -0.180688 1.438630
v 0.000000 -0.234928 1.425328
v -0.000000 0.781914 0.285456
v -0.000000 0.822878 0.304126
v -0.000000 0.144906 -1.608144
v -0.000000 1.083616 1.266124
v -0.000000 1.140644 1.227908
v 0.000000 -0.197908 0.647790
v 0.000000 -0.434204 0.091320
v 0.000000 -0.376540 0.098466
v -0.000000 0.543446 0.124040
v -0.000000 0.596472 0.133360
v 0.000000 -1.868394 -0.530704
v 0.000000 -1.920554 -0.520486
v 0.000000 -1.906268 -0.569652
v -0.000000 -0.086706 -1.036154
v -0.000000 -0.090812 -1.091528
v -0.000000 -0.050092 -1.061350
v -0.000000 1.165436 -1.593194
v -0.000000 1.111866 -1.630014
v 0.000000 -0.909060 0.268824
v 0.000000 -0.956410 0.302200
v -0.000000 0.561554 0.867592
v -0.000000 0.853548 -0.924832
v -0.000000 0.103992 -0.995380
v -0.000000 1.208026 1.379694
v -0.000000 1.220146 1.327996
v -0.000000 1.258166 1.361226
v -0.000000 -0.366538 -1.271324
v -0.000000 -0.410366 -1.314702
v 0.000000 -0.421810 0.289900
v 0.000000 -0.554342 1.920200
v 0.000000 -1.669516 -0.280658
v 0.000000 -1.658196 -0.336244
v -0.000000 0.968014 1.530008
v -0.000000 0.920166 1.578710
v -0.000000 0.915232 1.520886
v -0.000000 1.136252 -0.941444
v -0.000000 1.186460 -0.916196
v -0.000000 0.577774 -0.179418
v 0.000000 -0.180462 0.695102
v 0.000000 -0.147152 0.645366
v 0.000000 -0.127912 0.691474
v 0.000000 0.396364 1.838626
v -0.000000 1.174822 0.034980
v -0.000000 1.015564 -0.838780
v -0.000000 0.960126 -1.196736
v -0.000000 0.069510 -0.227518
v -0.000000 0.016614 -0.199288
v -0.000000 -0.024570 -0.902802
v -0.000000 -0.017748 -0.850172
v -0.000000 -0.064200 -0.866400
v -0.000000 1.108910 0.645512
v 0.000000 0.173752 0.828070
v 0.000000 -0.646502 1.490246
v -0.000000 1.166914 -0.857850
v -0.000000 1.139710 -0.891820
v 0.000000 -1.114610 -1.513600
v 0.000000 -1.288556 -0.151076
v 0.000000 -1.240482 -0.146460
v -0.000000 0.838516 0.015824
v -0.000000 0.794338 -0.013578
v 0.000000 -1.110362 -0.538162
v 0.000000 -1.061222 -0.547694
v 0.000000 -1.071158 -0.498772
v -0.000000 1.968138 0.222884
v 0.000000 -0.999928 0.338900
v 0.000000 -1.004572 0.279594
v 0.000000 -0.796764 -0.888576
v -0.000000 1.662348 -0.085358
v -0.000000 1.653864 -0.025348
v -0.000000 1.509258 -1.017972
v -0.000000 1.548814 -1.060204
v -0.000000 1.552126 -1.003958
v 0.000000 -1.614998 0.238136
v -0.000000 0.992926 -0.097206
v -0.000000 1.049870 -0.110950
v -0.000000 0.563436 -0.896040
v -0.000000 0.519230 -0.924496
v 0.000000 -1.775082 -0.659268
v -0.000000 1.766728 -0.281428
v 0.000000 0.195364 1.069976
v 0.000000 0.219480 1.117362
v -0.000000 0.342618 -1.600396
v -0.000000 0.423658 -0.767828
v -0.000000 0.481282 -0.786096
v 0.000000 -1.829992 -0.433630
v 0.000000 -0.360822 -0.316784
v 0.000000 -1.155176 -0.228214
v 0.000000 -0.379282 0.423928
v 0.000000 -0.390508 0.476936
v -0.000000 1.420138 1.392908
v -0.000000 1.402692 1.341164
v -0.000000 1.658746 0.614984
v -0.000000 1.604192 0.620834
v -0.000000 0.725070 -0.555656
v -0.000000 0.688210 -0.585900
v -0.000000 0.894770 -1.315814
v -0.000000 0.942290 -1.338998
v -0.000000 0.935228 -1.284670
v 0.000000 -1.004850 1.120790
v 0.000000 -1.056116 1.093986
v 0.000000 -1.018654 1.067922
v -0.000000 1.523028 0.231588
v -0.000000 1.496766 0.182128
v -0.000000 1.553610 0.189766
v -0.000000 0.850280 -0.036502
v -0.000000 0.804056 -0.061182
v 0.000000 -0.888486 -0.666342
v -0.000000 1.118394 -1.253922
v 0.000000 0.012362 1.295978
v -0.000000 1.462484 -0.279346
v -0.000000 1.432252 -0.230512
v -0.000000 1.413224 -0.283494
v 0.000000 -0.264152 0.169842
v 0.000000 -0.143020 -0.055366
v 0.000000 -0.090276 -0.048424
v 0.000000 -0.116890 -0.010338
v 0.000000 -0.769396 -0.511862
v 0.000000 -0.812362 -0.484352
v 0.000000 -0.817290 -0.535652
v 0.000000 -0.316028 0.898214
v -0.000000 -0.637832 -1.216520
v -0.000000 -0.693948 -1.210572
v 0.000000 -0.959744 -1.046540
v -0.000000 0.704450 -1.361144
v 0.000000 0.071550 1.227888
v -0.000000 0.357026 -0.904120
v -0.000000 0.374914 -0.948690
v -0.000000 -0.309570 -0.942464
v -0.000000 1.692160 -0.144094
v 0.000000 -1.460470 -0.295044
v 0.000000 -1.514314 -0.268830
v -0.000000 0.938296 1.231220
v -0.000000 0.934328 1.186318
v -0.000000 -0.011092 -0.797462
v 0.000000 -1.871886 -0.478590
v 0.000000 -1.934120 -0.470994
v 0.000000 -0.763852 -0.237924
v 0.000000 -0.819688 -0.215874
v -0.000000 1.119900 0.034304
v 0.000000 -1.168638 -1.484840
v 0.000000 -1.861170 -0.701354
v 0.000000 -1.824698 -0.669084
v 0.000000 -1.876556 -0.658606
v -0.000000 1.075350 -0.277460
v -0.000000 1.035780 0.351626
v 0.000000 -1.508868 -0.762582
v 0.000000 -0.926208 -0.273982
v 0.000000 -0.966956 -0.300438
v -0.000000 1.008862 -0.893994
v -0.000000 1.081952 -0.062956
v -0.000000 -0.642462 -1.447690
v -0.000000 1.384384 -0.728854
v -0.000000 1.406042 -0.775730
v -0.000000 1.434040 -0.732736
v -0.000000 1.023804 0.857068
v -0.000000 1.094936 -0.154984
v -0.000000 1.121754 -0.201772
v -0.000000 1.155334 -0.171212
v -0.000000 1.787738 0.863858
v -0.000000 1.764152 0.910156
v -0.000000 1.731810 0.865480
v 0.000000 -1.262672 -0.194706
v 0.000000 -0.381592 1.034830
v 0.000000 0.099124 1.597468
v 0.000000 0.115346 1.545718
v -0.000000 0.313290 -0.855094
v -0.000000 -0.565112 -1.038538
v -0.000000 -0.203234 -0.652412
v -0.000000 -0.191126 -0.593728
v -0.000000 1.873276 0.258956
v -0.000000 1.823744 0.255444
v 0.000000 -0.215820 1.626240
v -0.000000 0.791292 -1.285214
v 0.000000 -1.407860 -1.267096
v 0.000000 -0.360728 0.313804
v -0.000000 0.916622 -0.628296
v -0.000000 0.892872 -0.588780
v -0.000000 1.719422 -0.243440
v -0.000000 1.718708 -0.296370
v 0.000000 -0.582022 1.314464
v -0.000000 1.874302 0.149898
v -0.000000 1.926742 0.127962
v -0.000000 -0.064404 -0.132716
v -0.000000 -0.021968 -0.165006
v -0.000000 -0.018080 -0.111666
v -0.000000 1.120866 -1.542604
v -0.000000 1.165846 -1.546466
v 0.000000 -1.773480 0.416416
v 0.000000 -1.812690 0.374052
v 0.000000 -0.900330 0.420390
v 0.000000 -0.952862 0.446852
v 0.000000 -0.404086 1.639872
v 0.000000 -0.381502 1.684362
v 0.000000 0.587988 1.634402
v -0.000000 0.491510 -1.197748
v -0.000000 0.441038 -1.204856
v -0.000000 -0.656034 -1.346674
v -0.000000 -0.610252 -1.314040
v 0.000000 -0.711208 -0.216232
v 0.000000 -0.720506 -0.270718
v 0.000000 -0.669030 -0.264552
v 0.000000 -0.853430 1.636314
v 0.000000 -0.848236 1.700352
v 0.000000 -0.890838 1.665870
v -0.000000 -0.461162 -1.302640
v -0.000000 -0.450194 -1.354090
v 0.000000 -1.326874 -0.188744
v 0.000000 0.968738 1.741564
v 0.000000 0.910144 1.772914
v 0.000000 0.919272 1.721708
v 0.000000 0.282834 1.634322
v -0.000000 0.532344 -0.190306
v -0.000000 0.483952 -0.188466
v 0.000000 -1.735268 -0.558960
v 0.000000 -1.688738 -0.535534
v -0.000000 0.262600 -0.038296
v 0.000000 -0.117440 0.360380
v 0.000000 -0.153598 0.319248
v 0.000000 -1.694446 0.451018
v 0.000000 -1.725464 0.408794
v 0.000000 -1.673372 0.403434
v 0.000000 -0.836202 -0.115288
v 0.000000 -0.842706 -0.063128
v 0.000000 -1.341632 1.481968
v 0.000000 0.788760 1.661332
v -0.000000 0.834492 -1.788948
v 0.000000 -0.260788 0.478988
v -0.000000 -0.008920 -1.257016
v -0.000000 -0.003746 -1.203492
v -0.000000 -0.057138 -1.234226
v 0.000000 -1.605612 1.190306
v 0.000000 -1.632364 1.152532
v 0.000000 -1.561898 1.170198
v 0.000000 -0.277578 0.219730
v 0.000000 -1.054990 1.642754
v 0.000000 -1.533052 0.690360
v 0.000000 -1.492680 0.728950
v 0.000000 -1.548834 0.739878
v -0.000000 0.179322 -0.097876
v -0.000000 0.989374 0.937352
v -0.000000 1.410024 0.216636
v -0.000000 1.430214 0.776744
v -0.000000 -0.267410 -0.928620
v 0.000000 -0.469210 -0.339536
v -0.000000 -0.466162 -1.434422
v -0.000000 -0.478516 -1.490120
v 0.000000 0.229192 1.442028
v 0.000000 -1.536594 0.010712
v 0.000000 -1.482474 0.028734
v 0.000000 -1.519108 0.063978
v -0.000000 0.716738 0.623178
v -0.000000 0.698210 0.564068
v -0.000000 0.743906 0.583370
v 0.000000 0.107510 0.191024
v -0.000000 0.149184 0.157132
v -0.000000 0.608434 -0.261796
v -0.000000 0.577596 -1.464068
v 0.000000 -1.366734 1.211528
v 0.000000 -1.379198 1.156546
v -0.000000 0.848532 -1.401014
v -0.000000 0.894640 -1.424970
v -0.000000 0.899448 -1.371796
v -0.000000 1.342722 0.163072
v -0.000000 1.394784 0.161788
v -0.000000 1.232724 0.036224
v -0.000000 1.224742 -0.012028
v 0.000000 -0.198538 1.680680
v -0.000000 1.658890 0.432778
v -0.000000 1.639094 0.480526
v -0.000000 1.603670 0.436876
v 0.000000 -1.045346 -0.688570
v 0.000000 -0.992694 -0.655904
v -0.000000 0.451098 -0.607988
v -0.000000 0.485694 -0.656512
v 0.000000 -1.563188 1.124236
v 0.000000 -1.605698 1.105438
v 0.000000 -1.563448 1.072294
v 0.000000 -1.358170 -0.296782
v 0.000000 -0.730872 -0.160588
v 0.000000 -0.771410 -0.189962
v -0.000000 -0.379030 -1.481522
v -0.000000 -0.390404 -1.428878
v -0.000000 -0.428834 -1.463692
v 0.000000 -0.876518 -1.333354
v -0.000000 0.691284 -0.637952
v 0.000000 -1.644340 -0.849912
v -0.000000 -0.483152 -0.896954
v 0.000000 -0.510124 -0.853240
v 0.000000 -0.478582 0.478054
v 0.000000 -1.336684 0.948878
v -0.000000 -0.083732 -0.241030
v 0.000000 -1.265790 0.355672
v 0.000000 -1.725220 -0.062088
v 0.000000 -0.422136 1.767966
v -0.000000 -0.586320 -1.223112
v -0.000000 0.308520 -0.018902
v -0.000000 0.365470 -0.016736
v -0.000000 0.340566 0.023654
v -0.000000 1.640694 -0.132450
v 0.000000 -0.082572 0.406480
v -0.000000 -0.427368 -1.636918
v -0.000000 -0.391648 -1.366936
v -0.000000 0.143330 -0.338932
v -0.000000 0.198272 -0.315088
v -0.000000 0.153410 -0.292018
v -0.000000 0.585676 -0.438220
v -0.000000 0.590540 -0.377184
v -0.000000 1.539216 -0.701646
v -0.000000 -0.097038 -1.286232
v -0.000000 0.714836 0.114488
v -0.000000 0.659304 0.143136
v -0.000000 0.779668 -0.804706
v -0.000000 0.757612 -0.754852
v 0.000000 0.428282 0.966542
v -0.000000 0.892196 -1.480408
v -0.000000 0.803504 -1.551056
v -0.000000 0.760644 -1.520230
v -0.000000 0.753976 -1.573656
v -0.000000 -0.303528 -1.670778
v 0.000000 0.162676 1.342562
v 0.000000 0.143244 1.277544
v 0.000000 0.186708 1.293700
v 0.000000 -0.293818 -0.384178
v 0.000000 -0.279088 -0.437386
v 0.000000 -1.327946 -0.869738
v 0.000000 -1.288086 -0.827380
v 0.000000 -1.339386 -0.814928
v -0.000000 1.063830 0.294748
v -0.000000 0.721850 -0.188056
v -0.000000 0.688196 -0.145326
v 0.000000 -0.646164 1.551878
v -0.000000 -0.554680 -1.320702
v -0.000000 -0.503420 -1.336592
v -0.000000 -0.512568 -1.281034
v -0.000000 0.796232 -1.608508
v 0.000000 -1.504662 -0.819842
v 0.000000 -1.440360 -0.831632
v -0.000000 0.903256 0.433346
v -0.000000 0.911992 -0.721410
v -0.000000 0.532782 -1.165354
v -0.000000 0.975798 1.577934
v -0.000000 1.024242 1.543268
v -0.000000 1.025010 1.596860
v 0.000000 -0.523954 1.307874
v -0.000000 -0.048812 -1.618390
v -0.000000 -0.084806 -1.580788
v 0.000000 0.010932 1.659054
v 0.000000 0.058926 1.682832
v 0.000000 0.021396 1.716600
v -0.000000 0.426996 0.666894
v 0.000000 -1.193124 -0.339920
v -0.000000 -0.134694 -1.124320
v 0.000000 -0.551098 0.250092
v -0.000000 0.137846 -0.386172
v -0.000000 0.091838 -0.416156
v -0.000000 0.137482 -0.434034
v 0.000000 -0.494962 0.371304
v 0.000000 -0.522336 0.412660
v -0.000000 1.114712 0.490090
v 0.000000 0.378486 0.654176
v -0.000000 1.204144 -0.152910
v 0.000000 -0.861330 -0.760410
v -0.000000 -0.603250 -1.362038
v -0.000000 -0.598826 -1.411094
v 0.000000 -0.950562 -0.438724
v 0.000000 -0.901258 -0.419554
v -0.000000 0.669756 0.600366
v 0.000000 -0.370698 0.730326
v 0.000000 -0.425328 0.719776
v 0.000000 -0.178304 0.743606
v -0.000000 -0.279596 -1.441330
v -0.000000 -0.332844 -1.452742
v 0.000000 -0.939482 -0.635840
v 0.000000 -0.982118 -0.603902
v -0.000000 1.112196 0.089292
v -0.000000 -0.934428 -1.745298
v -0.000000 -0.983410 -1.718756
v 0.000000 -0.318352 0.089936
v -0.000000 0.672948 -0.992154
v 0.000000 -0.465694 0.047598
v 0.000000 -0.334732 -0.419852
v -0.000000 1.283474 1.052554
v 0.000000 0.144402 0.913414
v 0.000000 0.173044 0.875184
v 0.000000 -1.560578 -0.047264
v 0.000000 -1.587696 0.002134
v 0.000000 -0.120884 -0.199726
v 0.000000 -0.891362 1.522098
v 0.000000 -0.842412 1.522616
v 0.000000 -0.756672 0.413728
v 0.000000 -1.759438 0.182056
v 0.000000 -1.781282 0.228176
v 0.000000 -1.813750 0.188070
v -0.000000 0.908560 -0.545230
v 0.000000 -0.836804 -0.912360
v 0.000000 -0.083864 0.964422
v -0.000000 1.129074 1.021994
v 0.000000 -1.737228 0.034404
v 0.000000 0.111814 1.321114
v 0.000000 0.712684 1.734842
v -0.000000 0.569840 -0.761706
v -0.000000 0.565136 -0.709534
v 0.000000 -0.039878 0.864220
v 0.000000 -0.094694 0.870018
v 0.000000 -0.580108 0.991950
v 0.000000 0.667842 1.307628
v -0.000000 -0.043872 -0.759072
v 0.000000 -1.453722 1.227650
v 0.000000 -1.457364 1.159658
v 0.000000 -1.416922 1.190446
v 0.000000 0.848844 1.654994
v 0.000000 0.909900 1.641926
v 0.000000 0.882564 1.691550
v -0.000000 -0.141562 -0.596298
v 0.000000 -1.062858 -0.012332
v 0.000000 -1.019660 0.020970
v 0.000000 0.661080 1.161764
v -0.000000 0.943204 -1.142032
v -0.000000 0.957198 -1.089242
v -0.000000 0.910940 -1.089620
v -0.000000 1.514496 -0.913408
v -0.000000 1.467994 -0.920302
v -0.000000 1.228392 1.131600
v 0.000000 -1.406362 -1.203630
v -0.000000 1.473444 -1.173724
v -0.000000 1.530274 -1.163194
v -0.000000 1.485672 -1.125546
v 0.000000 -1.591306 0.443230
v -0.000000 0.042818 -0.395618
v -0.000000 0.012462 -0.443140
v 0.000000 -1.040000 1.202512
v 0.000000 -0.999690 1.237996
v -0.000000 1.633072 0.024872
v 0.000000 -1.342014 -1.459472
v -0.000000 -0.434026 -1.400642
v -0.000000 0.580246 -1.407066
v 0.000000 -1.629080 0.190216
v 0.000000 -1.579502 0.203344
v -0.000000 0.799168 -1.379564
v -0.000000 0.807718 -1.436554
v -0.000000 1.278752 -1.442006
v -0.000000 1.328878 -1.459108
v -0.000000 0.545770 -0.090748
v -0.000000 0.881676 0.143010
v -0.000000 1.529976 -1.108390
v -0.000000 1.497992 -1.070470
v 0.000000 -0.826172 1.820564
v 0.000000 -0.830624 1.760804
v -0.000000 1.578926 -0.184956
v -0.000000 1.588806 -0.138570
v -0.000000 -0.295632 -1.138474
v -0.000000 0.429250 -0.959222
v -0.000000 0.408986 -0.909280
v 0.000000 -1.365674 -0.908246
v -0.000000 -0.724474 -1.472276
v -0.000000 -0.760202 -1.435302
v 0.000000 0.427884 1.890082
v 0.000000 0.371584 1.872864
v -0.000000 1.393882 0.629410
v -0.000000 1.442712 0.618614
v -0.000000 0.688872 0.030906
v -0.000000 0.691304 -0.018154
v 0.000000 -0.339858 0.601472
v -0.000000 0.381480 -0.094278
v 0.000000 -1.043882 1.357390
v 0.000000 -1.185534 1.246964
v 0.000000 -1.137426 1.244028
v 0.000000 -1.623542 0.589180
v 0.000000 -0.801552 1.397398
v 0.000000 -0.825690 1.351126
v -0.000000 0.272502 -0.687146
v -0.000000 0.542074 0.376324
v 0.000000 -0.348104 1.395908
v -0.000000 1.394744 0.081814
v -0.000000 1.387498 0.016342
v -0.000000 1.427482 0.043366
v 0.000000 -0.625206 0.496230
v 0.000000 -0.617358 0.448958
v 0.000000 -1.035450 -0.456394
v -0.000000 0.201046 -1.306792
v 0.000000 -0.699154 0.537926
v 0.000000 -0.441338 1.271292
v 0.000000 -0.475898 1.304668
v 0.000000 -0.275492 -0.080880
v -0.000000 0.593202 -1.670332
v -0.000000 0.404172 0.613712
v 0.000000 -0.433230 1.114234
v 0.000000 -0.373122 -0.453620
v 0.000000 -1.548854 -1.077664
v 0.000000 -1.496178 -1.070636
v 0.000000 -1.861572 0.187672
v 0.000000 -1.837158 0.235382
v 0.000000 -1.888060 0.247158
v -0.000000 -0.466400 -1.252864
v -0.000000 -0.337230 -1.226456
v -0.000000 -0.311728 -1.268602
v 0.000000 -0.838320 -1.099920
v 0.000000 -0.808950 -1.139024
v 0.000000 -1.024860 -0.917308
v 0.000000 -0.963672 -0.933874
v -0.000000 -0.270326 -0.980602
v -0.000000 -0.223794 -0.949320
v -0.000000 0.593858 -0.809642
v -0.000000 0.538610 -0.799370
v -0.000000 0.554586 -0.846158
v 0.000000 -0.809256 -0.437160
v -0.000000 -0.120492 -1.009236
v -0.000000 0.833816 0.211022
v 0.000000 -0.892262 -1.187476
v 0.000000 -0.921666 -1.143310
v 0.000000 -0.946848 -1.192224
v 0.000000 -0.982608 -1.091316
v -0.000000 1.337562 1.038526
v -0.000000 -0.595142 -1.173884
v -0.000000 -0.053316 -0.438816
v 0.000000 -1.359058 -0.554410
v -0.000000 1.606850 0.711794
v -0.000000 1.571306 0.673702
v -0.000000 0.915828 -0.992234
v 0.000000 0.252572 1.068062
v 0.000000 0.271184 1.127534
v 0.000000 -1.069694 -1.667730
v 0.000000 -0.689488 1.211992
v 0.000000 -0.735190 1.205866
v 0.000000 -0.782404 -0.137750
v -0.000000 1.415038 -1.047952
v -0.000000 1.463920 -1.032822
v -0.000000 1.428326 -1.000342
v -0.000000 1.740394 0.956786
v -0.000000 1.710084 0.910658
v 0.000000 -0.408148 1.557396
v 0.000000 -0.428376 1.596926
v 0.000000 -0.455566 1.544680
v -0.000000 0.809208 0.752482
v 0.000000 -1.832416 0.653700
v 0.000000 -0.330486 -0.076144
v -0.000000 1.841050 -0.071116
v -0.000000 0.361000 0.379954
v -0.000000 1.952420 0.337112
v -0.000000 0.090944 -0.365654
v -0.000000 0.050096 -0.337130
v 0.000000 -0.764044 -0.419772
v 0.000000 -1.659800 1.027710
v 0.000000 -1.636716 1.069638
v -0.000000 0.426408 0.305060
v -0.000000 0.480574 0.301624
v 0.000000 -1.734956 0.990506
v 0.000000 -1.755966 0.952832
v -0.000000 1.465198 -1.322544
v -0.000000 1.406414 -1.320920
v -0.000000 0.940700 -1.448444
v 0.000000 -0.528948 0.109058
v 0.000000 -0.484828 0.095248
v 0.000000 -0.510176 0.158814
v 0.000000 0.147562 0.374080
v -0.000000 1.380786 -0.949484
v -0.000000 1.413402 -0.907856
v -0.000000 0.113816 -1.828940
v -0.000000 0.519428 0.771374
v 0.000000 -0.770044 0.924722
v 0.000000 -0.819218 0.903102
v 0.000000 -0.770416 0.874428
v -0.000000 0.576278 -0.554246
v -0.000000 0.578776 -0.491918
v -0.000000 0.540576 -0.520556
v 0.000000 0.120148 1.831340
v -0.000000 -0.815754 -1.455550
v 0.000000 -0.781378 0.821280
v 0.000000 -1.428982 -1.375472
v -0.000000 0.967894 -0.624966
v -0.000000 1.587476 0.234150
v -0.000000 0.059058 -0.281790
v 0.000000 -0.154524 0.875620
v 0.000000 -0.113194 0.917568
v 0.000000 -0.162472 0.924264
v 0.000000 0.418042 1.274664
v 0.000000 0.454684 1.307226
v 0.000000 -1.581144 -0.212582
v 0.000000 -1.620388 -0.180636
v 0.000000 -1.633696 -0.235004
v 0.000000 -1.865600 0.349864
v 0.000000 -1.030344 -1.222356
v 0.000000 -1.849180 0.287112
v -0.000000 0.630460 -0.564008
v -0.000000 0.478356 0.793848
v 0.000000 0.438688 0.831692
v -0.000000 1.019288 0.802432
v -0.000000 0.953840 0.785878
v 0.000000 -1.604580 0.765432
v 0.000000 -1.366588 0.460478
v 0.000000 -1.190216 -1.010158
v 0.000000 -0.617790 -1.034544
v 0.000000 -0.962942 1.752924
v 0.000000 -0.913610 1.713194
v 0.000000 -0.919738 1.774932
v -0.000000 0.248466 -1.750848
v 0.000000 -0.688126 1.766348
v 0.000000 -1.132280 -0.276698
v 0.000000 -1.177062 -1.170486
v 0.000000 -1.941308 -0.077680
v -0.000000 -0.626200 -1.499364
v -0.000000 0.885538 1.243406
v -0.000000 1.543258 0.938974
v -0.000000 1.608186 0.922104
v 0.000000 -0.474840 -0.674608
v -0.000000 1.239918 -1.056026
v -0.000000 1.088060 0.345724
v 0.000000 0.062820 0.204868
v 0.000000 0.012256 0.216810
v 0.000000 0.038160 0.163914
v 0.000000 -1.650472 0.537038
v -0.000000 -0.318562 -0.998652
v -0.000000 -0.352232 -0.962912
v 0.000000 -0.978368 -1.242128
v 0.000000 -1.044432 1.150034
v 0.000000 -1.708032 -0.003702
v -0.000000 0.874000 0.051718
v -0.000000 0.054608 -1.393582
v -0.000000 0.099104 -1.371120
v 0.000000 -0.643284 -1.076804
v -0.000000 -0.617524 -1.125308
v -0.000000 1.256802 -0.742412
v -0.000000 1.304418 -1.307204
v -0.000000 1.024380 1.708658
v 0.000000 -0.646442 1.239406
v 0.000000 -1.959290 0.379372
v 0.000000 -1.909714 0.393876
v 0.000000 -1.946534 0.437612
v 0.000000 -1.297650 1.520742
v 0.000000 -1.417092 1.125600
v 0.000000 -0.142562 1.545546
v -0.000000 1.977152 -0.088516
v -0.000000 0.965756 -1.721176
v 0.000000 0.043056 0.458928
v 0.000000 -0.136946 0.967378
v 0.000000 -1.300168 -0.770280
v 0.000000 -1.247842 -0.789222
v -0.000000 1.162362 -1.273688
v -0.000000 0.461300 -0.909990
v 0.000000 -1.146236 1.093258
v 0.000000 -0.575106 -0.032058
v 0.000000 -0.525654 -0.033302
v -0.000000 -0.216508 -0.843230
v -0.000000 -0.195916 -0.891800
v -0.000000 -0.165216 -0.840362
v -0.000000 0.842014 0.346260
v -0.000000 0.875278 0.298544
v -0.000000 0.891718 0.344354
v -0.000000 0.882538 -0.881754
v 0.000000 -0.417460 0.183500
v 0.000000 -0.982316 -1.301024
v 0.000000 -0.672824 0.646080
v 0.000000 0.714970 1.576100
v -0.000000 1.318228 0.379802
v -0.000000 1.256922 0.393724
v -0.000000 0.376970 -1.817110
v -0.000000 1.228354 1.278074
v -0.000000 1.280766 1.309178
v -0.000000 0.190536 -0.948094
v -0.000000 0.190920 -1.003766
v 0.000000 -0.874008 0.027766
v 0.000000 -0.910648 0.067886
v 0.000000 0.020668 0.960224
v 0.000000 0.060906 1.001586
v -0.000000 1.406944 -1.228588
v -0.000000 1.458430 -1.226132
v -0.000000 1.419748 -1.182626
v -0.000000 1.322376 -1.056660
v 0.000000 -0.454856 1.495242
v -0.000000 0.740674 -0.841138
v 0.000000 -1.027636 -1.692602
v -0.000000 0.863124 1.044556
v -0.000000 0.822322 1.086642
v -0.000000 0.813170 1.032916
v -0.000000 0.319980 0.477478
v -0.000000 0.289172 0.432916
v 0.000000 -0.371070 0.163914
v 0.000000 -0.825860 -0.166250
v -0.000000 0.763658 -0.525286
v -0.000000 0.773692 -0.578474
v -0.000000 0.812784 -0.541858
v -0.000000 0.634136 0.101302
v -0.000000 -0.495028 -1.865728
v 0.000000 -1.079324 -1.422454
v -0.000000 0.018740 -1.030486
v -0.000000 -0.006230 -1.067762
v -0.000000 0.951296 -1.556898
v -0.000000 0.891690 -1.541160
v -0.000000 0.905838 -1.589638
v 0.000000 -1.368682 -0.438332
v 0.000000 -1.343724 -0.391000
v -0.000000 0.673598 -0.099326
v -0.000000 0.728858 -0.106406
v 0.000000 0.688382 1.871676
v 0.000000 0.639586 1.889248
v -0.000000 1.094438 -1.495896
v -0.000000 -0.144842 -1.440224
v -0.000000 0.831462 0.483578
v 0.000000 -0.550170 1.171092
v 0.000000 -0.575862 1.111902
v -0.000000 1.344424 0.803842
v -0.000000 1.630072 -0.935980
v -0.000000 1.203290 -0.410448
v -0.000000 1.245270 -0.379106
v -0.000000 0.922152 1.322948
v -0.000000 0.907700 1.366114
v -0.000000 1.308458 -0.812842
v 0.000000 -0.551362 0.190574
v -0.000000 1.469226 0.011094
v 0.000000 -0.493320 1.937414
v 0.000000 -0.445490 1.908224
v 0.000000 -0.933554 -1.093462
v 0.000000 -1.931762 -0.196996
v -0.000000 0.108344 -1.322372
v -0.000000 1.036238 0.096162
v 0.000000 -0.762254 -0.654956
v 0.000000 -0.766726 -0.706078
v 0.000000 -0.721290 -0.678398
v -0.000000 -0.884240 -1.770872
v -0.000000 -0.831398 -1.796148
v 0.000000 -0.566802 0.135910
v -0.000000 1.531202 0.487820
v 0.000000 -0.751128 1.477588
v 0.000000 -0.808660 1.460678
v -0.000000 -0.495882 -1.753738
v -0.000000 -0.448790 -1.727758
v -0.000000 0.026364 -0.880746
v -0.000000 1.228314 -1.377010
v -0.000000 1.266758 -1.343970
v -0.000000 1.216948 -1.326054
v -0.000000 1.930428 -0.426840
v -0.000000 1.838256 -0.131622
v 0.000000 -0.459852 1.633958
v 0.000000 -0.069160 0.196886
v 0.000000 -0.112922 0.168954
v -0.000000 -0.100874 -0.630858
v 0.000000 -1.495316 1.255124
v -0.000000 1.614738 0.281144
v -0.000000 1.673402 0.296378
v 0.000000 -0.261872 0.770432
v 0.000000 -0.982846 0.782626
v -0.000000 1.479936 1.256556
v -0.000000 -0.083738 -1.787642
v -0.000000 0.944462 -1.395138
v 0.000000 -0.902158 -1.524172
v -0.000000 1.314394 1.250342
v -0.000000 1.269352 1.250898
v -0.000000 0.576868 -1.356872
v -0.000000 0.525906 -1.378326
v -0.000000 1.172060 -1.415868
v -0.000000 1.230832 1.564630
v -0.000000 1.433642 -1.135362
v -0.000000 1.130848 1.122434
v -0.000000 1.181214 1.127044
v -0.000000 1.142498 1.175164
v -0.000000 0.838716 0.927940
v 0.000000 -0.404836 0.337300
v 0.000000 -0.450980 0.353574
v -0.000000 -0.077884 -0.720972
v -0.000000 -0.062504 -0.665522
v -0.000000 -0.114538 -0.682974
v -0.000000 0.296048 -1.760584
v 0.000000 -1.552300 1.025584
v 0.000000 -0.229378 0.242330
v 0.000000 -1.214114 -0.656268
v -0.000000 1.815094 -0.459270
v 0.000000 -1.944766 -0.423378
v 0.000000 -1.095672 1.118684
v 0.000000 -1.456424 0.876164
v 0.000000 -1.586230 -0.556452
v 0.000000 -1.541284 -0.531446
v 0.000000 -1.594804 -0.501480
v 0.000000 0.206068 1.493206
v -0.000000 0.389056 -0.993512
v -0.000000 0.424214 -1.018926
v -0.000000 1.666084 -0.565856
v -0.000000 0.200220 -0.504834
v -0.000000 0.211732 -0.452726
v 0.000000 -1.148460 -0.729146
v 0.000000 -0.806480 1.668406
v -0.000000 1.008332 -0.149360
v -0.000000 0.958450 -0.137484
v -0.000000 -0.274272 -1.344482
v -0.000000 1.084450 -1.095216
v -0.000000 1.092716 -1.161756
v -0.000000 1.126338 -1.116922
v 0.000000 -1.724266 -0.268730
v -0.000000 0.274086 -0.636072
v -0.000000 1.310068 -0.044370
v -0.000000 1.332482 0.007452
v -0.000000 1.276970 -0.002126
v 0.000000 0.100794 0.243932
v 0.000000 0.468890 0.998402
v -0.000000 1.449150 -0.871660
v 0.000000 -1.628026 -0.939914
v -0.000000 0.350666 -0.228684
v -0.000000 0.312158 -0.276196
v 0.000000 -1.574680 -0.921626
v 0.000000 -0.908192 1.127992
v -0.000000 0.699674 -0.870194
v -0.000000 0.645454 -0.840070
v 0.000000 0.367802 1.252374
v 0.000000 0.324770 1.223974
v 0.000000 -1.744430 0.461690
v 0.000000 -1.748926 0.512888
v -0.000000 0.225456 -0.070712
v 0.000000 -1.281250 -1.387720
v 0.000000 -1.328218 -1.356370
v 0.000000 -1.333338 -1.407676
v -0.000000 0.239112 -0.343608
v -0.000000 0.273066 -0.379534
v -0.000000 0.292208 -0.328368
v 0.000000 -0.499494 1.519510
v 0.000000 -0.517304 1.566728
v -0.000000 0.190800 -1.254440
v 0.000000 -1.683650 -0.694274
v 0.000000 -1.656070 -0.748442
v 0.000000 -1.629742 -0.702268
v -0.000000 -0.219018 -0.705910
v -0.000000 -0.272742 -0.719284
v -0.000000 -0.239008 -0.755878
v -0.000000 0.454438 -0.235114
v 0.000000 -0.735438 0.312134
v 0.000000 -0.314816 1.302482
v 0.000000 -0.359484 1.327862
v 0.000000 -0.349462 1.269384
v 0.000000 -0.993370 0.607128
v 0.000000 -0.991462 0.557616
v -0.000000 1.080158 -0.952068
v -0.000000 1.047138 -0.918938
v -0.000000 1.202388 -1.509468
v -0.000000 1.253920 -1.524562
v -0.000000 1.107454 -0.847000
v 0.000000 -1.670690 0.585186
v 0.000000 0.239266 1.165454
v 0.000000 -1.253750 -0.566274
v -0.000000 0.552288 -1.690748
v -0.000000 0.519104 -1.729182
v -0.000000 1.884642 -0.159428
v -0.000000 1.073496 1.053020
v -0.000000 1.120536 1.072434
v -0.000000 0.977540 1.313882
v -0.000000 0.932042 1.277664
v 0.000000 -0.500042 0.009022
v -0.000000 0.775098 0.457106
v -0.000000 1.677524 0.382596
v -0.000000 0.308058 0.385074
v -0.000000 0.341134 0.428392
v 0.000000 0.204320 1.686080
v 0.000000 -0.875068 -1.133680
v 0.000000 -0.843308 -1.172466
v -0.000000 1.049512 -0.171410
v -0.000000 1.069362 -0.218762
v 0.000000 -0.094608 0.654666
v 0.000000 -1.725438 0.220618
v 0.000000 -1.578462 0.343916
v 0.000000 -1.983128 0.207722
v 0.000000 -1.939810 0.230188
v 0.000000 -1.977472 0.264564
v -0.000000 0.883266 -1.261482
v -0.000000 0.845948 -1.295790
v -0.000000 0.942296 -0.671356
v 0.000000 -1.895080 -0.237182
v 0.000000 -1.417026 -1.019854
v -0.000000 1.164926 -0.450830
v -0.000000 0.543466 -1.319292
v 0.000000 -1.552598 0.869520
v -0.000000 0.706664 0.711860
v -0.000000 0.738846 0.669350
v -0.000000 0.663908 0.752860
v -0.000000 1.302570 1.202050
v 0.000000 -0.674798 0.484076
v 0.000000 -0.590044 1.640746
v 0.000000 -0.622902 1.603040
v 0.000000 -1.233516 0.418352
v 0.000000 -1.248608 0.475824
v 0.000000 -1.485124 -0.867646
v 0.000000 -1.426498 -0.883686
v 0.000000 -0.581638 -0.220286
v 0.000000 -0.648782 -0.219862
v 0.000000 -0.611954 -0.262736
v 0.000000 -1.595762 0.940226
v 0.000000 -1.444256 0.717564
v -0.000000 0.393368 0.253650
v -0.000000 1.538052 -0.308054
v -0.000000 1.569606 -0.268572
v -0.000000 0.243458 -1.283736
v 0.000000 -1.570288 -1.133818
v -0.000000 0.235324 -1.960974
v -0.000000 -0.570304 -1.274112
v -0.000000 0.337506 -1.724832
v 0.000000 -1.669106 0.782560
v -0.000000 1.651790 1.103994
v -0.000000 1.623912 1.060100
v -0.000000 1.772868 0.515266
v -0.000000 1.799350 0.558942
v -0.000000 1.746674 0.570362
v -0.000000 0.689302 -1.580160
v -0.000000 0.760346 -1.332042
v 0.000000 0.508128 0.884854
v -0.000000 0.493204 0.840886
v -0.000000 1.407414 0.414740
v -0.000000 -0.071200 -0.924382
v -0.000000 0.644746 0.000948
v -0.000000 0.178176 -0.660242
v -0.000000 1.038404 -1.428838
v 0.000000 0.100608 1.775940
v 0.000000 -0.510958 -0.584156
v 0.000000 -0.503850 -0.530308
v 0.000000 -0.553930 -0.553292
v -0.000000 -0.153856 -1.496398
v -0.000000 -0.116916 -1.539404
v 0.000000 -0.106914 1.507328
v -0.000000 0.468584 -1.247810
v -0.000000 0.718936 -0.972370
v -0.000000 0.720380 -1.026080
v 0.000000 -0.433276 0.500656
v -0.000000 0.099562 -0.314426
v -0.000000 0.971182 1.480378
v 0.000000 -1.612242 0.145202
v -0.000000 0.599532 -1.614356
v 0.000000 -0.612324 -0.855034
v 0.000000 -0.585618 -0.898834
v 0.000000 -0.561760 -0.853100
v 0.000000 -1.292372 0.005074
v 0.000000 -1.206244 0.956256
v 0.000000 -1.156230 0.979670
v 0.000000 -1.196158 1.018604
v 0.000000 0.681884 1.406638
v 0.000000 -1.280878 0.063494
v 0.000000 -1.232910 0.074932
v 0.000000 -1.267606 0.125908
v 0.000000 -0.385566 0.985168
v -0.000000 -0.068114 -1.190436
v 0.000000 -0.166090 1.724528
v 0.000000 -0.112120 1.712022
v 0.000000 -0.620816 -0.178332
v 0.000000 -0.215056 0.601578
v 0.000000 0.064702 1.820390
v 0.000000 0.537510 1.606310
v 0.000000 0.512042 1.652220
v 0.000000 0.476328 1.609470
v 0.000000 -0.857826 -0.706680
v 0.000000 -0.812098 -0.733094
v -0.000000 1.555782 -0.878276
v -0.000000 1.604538 -0.892172
v 0.000000 -1.710728 -0.322018
v 0.000000 -1.750594 -0.358234
v 0.000000 -0.567192 0.936054
v -0.000000 0.534662 -0.660142
v 0.000000 0.393176 1.540936
v 0.000000 0.446488 1.552812
v -0.000000 1.021996 -0.522790
v -0.000000 1.476624 -0.975118
v 0.000000 -1.536216 -0.590072
v 0.000000 -1.502668 -0.633476
v -0.000000 0.526714 -1.227450
v -0.000000 0.385460 0.566380
v 0.000000 0.344626 0.616334
v 0.000000 0.170002 0.551392
v -0.000000 1.450950 -1.274568
v -0.000000 1.503508 -1.279086
v -0.000000 0.912734 -1.697450
v -0.000000 0.865462 -1.675062
v 0.000000 -1.121928 -1.347256
v 0.000000 -0.447220 1.220112
v 0.000000 -0.404802 0.822898
v 0.000000 -0.438396 0.781090
v 0.000000 -1.311626 1.213586
v 0.000000 -1.279734 1.163810
v 0.000000 0.471426 1.682304
v 0.000000 -0.867272 -0.255888
v 0.000000 -0.911908 -0.228466
v 0.000000 -1.620536 -0.038602
v 0.000000 -1.640418 0.013738
v 0.000000 -0.130474 0.738030
v 0.000000 -0.080560 0.717722
v -0.000000 1.618116 1.153552
v -0.000000 1.591854 1.104828
v -0.000000 0.809474 -0.158296
v -0.000000 0.777204 -0.198210
v -0.000000 1.422384 1.149822
v -0.000000 1.419384 1.101510
v 0.000000 -0.221324 1.985734
v -0.000000 1.447712 0.168272
v -0.000000 1.352618 0.417954
v 0.000000 -0.223172 1.731642
v 0.000000 -0.246082 1.673156
v -0.000000 1.018870 0.308288
v -0.000000 1.829574 0.107998
v -0.000000 1.836972 0.053154
v 0.000000 0.220686 1.334428
v -0.000000 1.355352 -1.283928
v -0.000000 1.352750 -1.326086
v 0.000000 -1.368914 -1.239198
v 0.000000 -1.338710 -1.277264
v 0.000000 -0.905880 0.322336
v 0.000000 -1.154620 0.570572
v 0.000000 -1.173378 0.523208
v 0.000000 -1.313348 0.268136
v 0.000000 -0.956260 1.125846
v -0.000000 -0.281684 -0.624912
v -0.000000 -0.311490 -0.579766
v -0.000000 0.479210 -1.776270
v -0.000000 0.421128 -1.787816
v 0.000000 -1.216438 0.119722
v 0.000000 -1.201092 -0.398008
v 0.000000 -1.248648 -0.409494
v 0.000000 -0.944880 -0.386900
v -0.000000 0.292068 -1.462902
v -0.000000 0.121400 -1.658304
v 0.000000 -0.169912 1.768900
v 0.000000 -0.179276 1.814078
v 0.000000 -0.615046 0.714376
v -0.000000 1.583774 1.200982
v -0.000000 1.562126 1.155194
v -0.000000 0.109828 -0.264544
v 0.000000 -0.727316 -1.024238
v 0.000000 -0.864106 0.234580
v 0.000000 -1.289696 1.258952
v 0.000000 0.297188 0.911552
v 0.000000 0.286578 0.863288
v 0.000000 -0.912470 -0.838520
v 0.000000 -0.255766 1.887182
v 0.000000 -0.245466 1.938496
v -0.000000 0.746118 -0.238362
v -0.000000 0.505850 -1.280960
v 0.000000 -1.253432 -1.343440
v 0.000000 -1.300042 -1.319178
v -0.000000 0.311010 -0.903564
v -0.000000 0.175898 -1.100978
v -0.000000 0.683652 1.109750
v -0.000000 0.178548 -1.637704
v -0.000000 0.031848 -0.494228
v 0.000000 -0.666896 -0.038496
v 0.000000 -0.661392 0.007750
v -0.000000 1.051724 -1.047408
v -0.000000 -0.701936 -1.685428
v -0.000000 -0.698046 -1.740854
v 0.000000 -1.463252 -1.116418
v 0.000000 -1.440758 -1.065066
v 0.000000 -0.969644 -1.141316
v 0.000000 0.033590 1.868928
v 0.000000 0.013336 1.803342
v -0.000000 1.741896 0.211160
v -0.000000 1.552510 1.241286
v -0.000000 1.521498 1.280836
v 0.000000 -1.557148 0.250436
v 0.000000 -1.541714 0.303902
v 0.000000 -1.592300 0.286674
v 0.000000 -1.664614 0.153580
v 0.000000 0.382028 0.927298
v -0.000000 1.812794 0.677146
v -0.000000 1.828580 0.635544
v -0.000000 1.292556 -0.872426
v 0.000000 -0.667068 -0.411824
v 0.000000 -0.715408 -0.420542
v -0.000000 -0.654822 -1.866496
v -0.000000 -0.655092 -1.819158
v -0.000000 -0.717554 -1.843910
v -0.000000 0.604382 -1.053794
v -0.000000 0.326708 -0.112712
v 0.000000 -0.761924 -0.757224
v 0.000000 -0.112386 1.328652
v -0.000000 1.951644 -0.319858
v 0.000000 -0.476172 1.587056
v 0.000000 -0.869252 -0.198752
v 0.000000 -0.994160 0.664966
v -0.000000 0.610814 -0.320546
v -0.000000 0.224906 -1.113590
v -0.000000 0.245034 -1.159894
v 0.000000 -1.298054 -0.415972
v -0.000000 1.057254 -0.866532
v 0.000000 -0.557322 -0.274506
v 0.000000 -1.610660 -0.085232
v 0.000000 -1.670020 -0.076012
v 0.000000 -1.647950 -0.127636
v -0.000000 1.032454 -0.263092
v -0.000000 0.985056 -0.274718
v -0.000000 1.887696 -0.436862
v 0.000000 -1.056592 0.487196
v 0.000000 -1.045472 0.428704
v 0.000000 -1.002896 0.458610
v -0.000000 0.882762 0.634504
v 0.000000 -0.417354 -0.684146
v -0.000000 1.224140 -1.158334
v 0.000000 0.151072 1.495480
v 0.000000 0.101998 1.494392
v 0.000000 0.120810 1.442908
v 0.000000 0.641494 1.354742
v 0.000000 0.142794 1.063140
v 0.000000 0.118922 1.108942
v 0.000000 -1.307824 -0.594146
v -0.000000 0.735840 -0.381112
v 0.000000 -1.491726 1.193254
v 0.000000 -1.531786 1.212542
v 0.000000 -1.649916 0.102274
v -0.000000 0.057522 -0.177624
v -0.000000 0.025630 -0.141816
v 0.000000 0.054714 0.114310
v 0.000000 -0.084328 0.250346
v 0.000000 -0.035572 0.090870
v 0.000000 0.017132 0.084902
v 0.000000 -0.002262 0.131154
v -0.000000 0.339162 -0.061698
v 0.000000 -0.488630 0.999480
v -0.000000 -0.380310 -1.895188
v -0.000000 -0.330062 -1.878914
v -0.000000 -0.363578 -1.840956
v 0.000000 0.343248 0.889822
v 0.000000 0.334478 0.945878
v 0.000000 -0.111584 1.763918
v -0.000000 0.920642 -0.273718
v 0.000000 -0.908940 0.214352
v 0.000000 -0.921348 0.156476
v -0.000000 0.480912 -1.414902
v -0.000000 0.459174 -1.371292
v 0.000000 -0.775806 1.842354
v -0.000000 -0.061398 -0.814372
v -0.000000 -0.069710 -0.187770
v 0.000000 -1.518612 0.154178
v 0.000000 -0.234658 0.052008
v 0.000000 -0.269258 0.008664
v 0.000000 -0.217138 0.001842
v 0.000000 -1.727744 -0.421118
v 0.000000 -1.710422 -0.480810
v -0.000000 -0.359616 -0.757264
v -0.000000 -0.372948 -0.711626
v 0.000000 -1.090816 0.629688
v 0.000000 -1.040000 0.642830
v 0.000000 -1.752800 -0.222842
v 0.000000 -1.133626 0.055824
v 0.000000 -0.554634 -0.610604
v 0.000000 -0.600646 -0.581746
v -0.000000 1.667680 -0.834532
v -0.000000 1.279050 1.409162
v -0.000000 0.297592 -1.620178
v 0.000000 -0.524808 -0.438524
v -0.000000 0.214176 0.033132
v 0.000000 -1.220440 0.367892
v -0.000000 1.022658 -0.318322
v 0.000000 -0.386640 1.142748
v 0.000000 0.603228 1.845274
v -0.000000 0.997482 0.986394
v 0.000000 -0.501958 -0.286726
v -0.000000 0.271616 -0.190400
v 0.000000 -1.742692 -0.955274
v 0.000000 -0.995386 0.399692
v 0.000000 -0.871544 1.049244
v -0.000000 0.851426 0.988824
v 0.000000 -1.376664 -0.065618
v 0.000000 0.290736 1.184650
v -0.000000 0.234404 -0.727808
v -0.000000 0.222038 -0.683410
v -0.000000 -0.112810 -0.832898
v -0.000000 1.493626 -0.676848
v -0.000000 1.484392 -0.725424
v -0.000000 1.194474 0.258340
v -0.000000 1.234400 0.921984
v -0.000000 1.212536 0.873396
v -0.000000 1.273340 0.886702
v -0.000000 1.279526 -1.025272
v -0.000000 1.977456 0.101024
v -0.000000 1.809842 0.813982
v 0.000000 -0.446272 -0.293622
v -0.000000 1.020918 -0.788626
v 0.000000 -0.517482 -0.648314
v -0.000000 -0.433404 -0.911360
v -0.000000 0.599784 0.905532
v -0.000000 0.609422 0.968840
v 0.000000 -1.550000 -0.474848
v 0.000000 0.480766 1.450672
v 0.000000 0.452304 1.397926
v -0.000000 -0.169812 -1.765162
v -0.000000 1.696962 0.190838
v -0.000000 1.658320 0.155688
v -0.000000 1.714494 0.140176
v 0.000000 -1.061150 -0.065062
v 0.000000 -1.016898 -0.086802
v 0.000000 -0.538512 1.798070
v 0.000000 -0.971798 1.073056
v 0.000000 -0.840236 0.541436
v 0.000000 -0.890892 0.518480
v 0.000000 -0.166712 -0.006450
v -0.000000 1.689518 -0.388570
v -0.000000 0.341168 -1.478356
v -0.000000 0.390800 -1.488682
v -0.000000 -0.537796 -1.234946
v 0.000000 0.436752 1.646438
v 0.000000 0.419028 1.596700
v -0.000000 0.944078 0.970180
v -0.000000 0.989038 1.212588
v -0.000000 -0.080950 -1.141562
v 0.000000 -1.173836 1.434994
v 0.000000 0.026410 0.604440
v -0.000000 0.150424 -0.975186
v -0.000000 0.112530 -0.944094
v 0.000000 -1.847286 -0.578592
v -0.000000 0.688760 0.973072
v -0.000000 -0.733668 -1.641414
v 0.000000 -0.792552 -0.085470
v -0.000000 0.341480 -0.991936
v -0.000000 1.513444 1.149890
v -0.000000 1.421708 -0.134458
v -0.000000 1.629362 -0.740652
v -0.000000 1.649452 -0.691054
v -0.000000 1.597908 -0.688762
v 0.000000 -0.709042 1.055278
v 0.000000 0.029392 0.323780
v -0.000000 0.695170 0.515916
v -0.000000 0.736748 0.483846
v -0.000000 0.742808 0.533408
v -0.000000 0.787806 0.507512
v -0.000000 0.786900 0.559108
v 0.000000 -0.673944 -0.671316
v 0.000000 -0.708266 -0.726504
v -0.000000 0.613038 -0.746156
v -0.000000 0.638142 -0.788466
v 0.000000 -0.655060 -0.617268
v 0.000000 0.483794 1.891880
v 0.000000 0.486974 1.845368
v 0.000000 -1.895332 -0.053756
v -0.000000 1.622004 -1.125678
v -0.000000 1.650480 -1.083778
v -0.000000 1.598132 -1.078220
v -0.000000 0.153496 0.264802
v 0.000000 0.115366 0.292332
v 0.000000 0.783648 1.404532
v 0.000000 -1.182116 0.405700
v 0.000000 -1.133756 0.372470
v 0.000000 -1.139420 0.428988
v -0.000000 -0.335884 -1.512678
v 0.000000 -0.922174 1.071604
v 0.000000 -0.905264 1.014146
v 0.000000 0.509904 1.402028
v -0.000000 0.138786 -0.521140
v -0.000000 0.915986 -0.325328
v -0.000000 0.985772 -1.302050
v -0.000000 0.124804 0.054174
v -0.000000 0.640440 -0.362698
v 0.000000 -0.940786 -1.561892
v -0.000000 0.810176 -1.331716
v -0.000000 -0.241366 -1.080520
v -0.000000 -0.241062 -1.018430
v -0.000000 0.120890 -0.813152
v -0.000000 -0.549250 -1.767970
v -0.000000 -0.503388 -1.806624
v 0.000000 -1.777016 0.799232
v 0.000000 -1.719292 0.798776
v 0.000000 -1.704938 -0.796276
v 0.000000 -1.758324 -0.807290
v 0.000000 -1.990488 -0.095776
v -0.000000 1.973026 -0.149036
v -0.000000 0.577318 -0.131318
v 0.000000 -1.894882 0.001616
v 0.000000 -1.427354 0.050870
v 0.000000 -1.390022 0.023858
v -0.000000 1.761378 0.167450
v -0.000000 1.131538 -0.346172
v -0.000000 -0.204096 -1.050740
v 0.000000 -1.331112 0.047464
v 0.000000 -0.288248 1.093060
v -0.000000 0.942534 1.142490
v -0.000000 0.927120 1.100332
v -0.000000 0.571846 -1.201604
v -0.000000 0.584928 -1.150504
v 0.000000 -0.037188 1.577716
v 0.000000 -0.392422 1.422838
v 0.000000 0.343752 0.840662
v -0.000000 -0.605006 -1.841220
v -0.000000 -0.546786 -1.857010
v -0.000000 -0.556284 -1.814196
v -0.000000 0.293454 -1.257388
v -0.000000 1.292550 -1.491132
v 0.000000 -0.647098 -0.362684
v 0.000000 -0.681302 -0.315630
v 0.000000 -0.697994 -0.367076
v -0.000000 0.855362 0.771174
v 0.000000 -0.430244 1.332480
v 0.000000 -0.434536 1.387748
v -0.000000 -0.200326 -0.795282
v 0.000000 -1.252352 1.558450
v -0.000000 1.356002 0.992606
v -0.000000 1.299802 0.995660
v 0.000000 -1.511014 -1.285954
v -0.000000 0.255660 -0.295018
v 0.000000 -0.367062 0.893438
v 0.000000 -0.366286 0.847816
v 0.000000 -0.318940 0.848816
v 0.000000 -1.034298 0.217286
v 0.000000 -0.996908 -1.185070
v -0.000000 0.819608 -1.651714
v -0.000000 0.644388 0.552510
v 0.000000 -1.687042 1.071526
v 0.000000 -1.659872 1.112062
v 0.000000 -1.692944 -0.849086
v -0.000000 0.854382 -1.350250
v 0.000000 -0.973766 0.057724
v 0.000000 -0.946132 0.102248
v 0.000000 -0.629328 -0.311358
v -0.000000 0.149576 0.212318
v -0.000000 0.573164 0.331688
v -0.000000 1.845396 -0.423020
v 0.000000 -0.882074 0.964662
v -0.000000 0.618430 -1.874710
v 0.000000 -1.125610 -0.481200
v 0.000000 -1.164238 -0.435132
v -0.000000 -0.050336 -0.552854
v -0.000000 -0.050138 -0.610102
v -0.000000 0.657682 -1.226510
v 0.000000 -0.395292 1.242148
v -0.000000 1.543528 -0.097068
v -0.000000 0.622186 -0.517730
v 0.000000 0.078412 0.628892
v 0.000000 0.583796 1.907702
v 0.000000 -0.851826 -0.403090
v -0.000000 1.442028 -0.484242
v -0.000000 0.770394 0.396804
v 0.000000 -0.524734 -0.181704
v 0.000000 0.229322 1.270206
v -0.000000 0.113200 -1.574424
v -0.000000 0.318720 -0.768702
v -0.000000 1.164118 0.295630
v -0.000000 0.258612 -0.435504
v -0.000000 0.765580 -1.421142
v -0.000000 0.743524 -1.382028
v 0.000000 -1.384802 0.406906
v 0.000000 -1.344718 0.385426
v 0.000000 -1.145102 -0.991062
v -0.000000 0.655052 0.709344
v -0.000000 0.606402 0.734526
v -0.000000 0.297836 0.150210
v 0.000000 -1.236482 -0.844726
v 0.000000 -0.220800 0.193866
v -0.000000 0.992840 -0.473682
v -0.000000 1.617778 0.870648
v -0.000000 1.560644 -0.655446
v 0.000000 -1.493058 -0.560258
v 0.000000 -1.451428 -0.531096
v 0.000000 -1.375080 -0.215710
v 0.000000 -1.105758 1.611346
v 0.000000 -1.419842 1.340302
v 0.000000 -0.430886 0.654342
v -0.000000 0.739714 -0.659094
v 0.000000 -0.873584 1.096152
v 0.000000 -0.677634 -0.173516
v 0.000000 -0.643178 -0.131252
v 0.000000 -0.613284 0.575674
v 0.000000 -0.560124 0.571480
v -0.000000 -0.211640 -1.563794
v -0.000000 -0.323108 -0.723058
v 0.000000 -0.643794 -0.893180
v -0.000000 0.976180 0.290926
v 0.000000 -0.793888 0.773128
v 0.000000 -0.411300 0.134180
v 0.000000 -0.461844 0.141632
v -0.000000 1.404858 1.195684
v -0.000000 1.844218 0.586198
v -0.000000 1.877294 0.641048
v -0.000000 1.721430 0.523732
v -0.000000 1.066214 -0.422250
v -0.000000 0.459632 0.008758
v -0.000000 0.681176 0.083120
v -0.000000 0.730946 0.055798
v 0.000000 -0.818502 -0.675720
v 0.000000 -1.101764 0.278130
v 0.000000 -1.090022 0.339326
v 0.000000 -1.136030 0.313308
v 0.000000 -0.523438 0.055970
v 0.000000 0.195094 0.356838
v -0.000000 0.251632 0.385506
v -0.000000 -0.139952 -0.410760
v -0.000000 0.265428 0.297610
v -0.000000 0.287234 0.341006
v 0.000000 -1.080810 0.207828
v 0.000000 -1.056440 0.260432
v -0.000000 0.499280 -1.339022
v -0.000000 1.535832 1.102624
v 0.000000 -0.245446 0.426876
v 0.000000 -0.227682 0.377186
v -0.000000 -0.407060 -1.690442
v -0.000000 0.718378 1.154850
v -0.000000 0.663888 -0.943344
v -0.000000 -0.433196 -1.075682
v -0.000000 -0.383608 -1.062020
v 0.000000 -1.662130 -1.086586
v 0.000000 -1.627482 -1.137560
v 0.000000 -1.602752 -1.086804
v 0.000000 -1.685996 0.983882
v -0.000000 0.724042 0.818726
v -0.000000 1.336946 -0.090180
v -0.000000 1.367726 -0.136444
v -0.000000 1.389876 -0.083728
v -0.000000 1.030820 -1.088718
v -0.000000 0.530476 -1.784290
v 0.000000 -0.598170 0.283470
v 0.000000 0.868542 1.599126
v -0.000000 1.918402 -0.480650
v 0.000000 0.171196 1.637118
v 0.000000 -0.254296 0.101600
v 0.000000 -1.668436 0.638430
v 0.000000 -1.635146 0.906586
v 0.000000 -1.655056 0.945864
v 0.000000 -0.908332 1.475350
v 0.000000 -1.578098 1.225782
v -0.000000 1.121176 -0.593462
v -0.000000 -0.515952 -1.130772
v 0.000000 -0.026254 1.697664
v 0.000000 -0.036328 1.637456
v -0.000000 0.848162 -1.572676
v -0.000000 0.714776 -1.541192
v -0.000000 -0.135834 -1.069994
v 0.000000 -0.746526 -0.866950
v 0.000000 0.683426 1.212006
v -0.000000 0.735456 1.198836
v -0.000000 0.737086 1.247620
v 0.000000 -0.060736 -0.082562
v -0.000000 0.166776 -0.245932
v -0.000000 -0.379242 -1.536642
v 0.000000 -1.349446 0.511206
v 0.000000 -1.308030 0.482128
v -0.000000 1.270902 -1.171956
v -0.000000 -0.241294 -1.478560
v -0.000000 -0.203174 -1.511406
v -0.000000 -0.190292 -1.456194
v -0.000000 0.958848 -0.959606
v -0.000000 -0.253844 -0.667190
v -0.000000 1.402262 1.017934
v -0.000000 0.736588 1.109106
v -0.000000 0.517376 -1.556096
v -0.000000 0.238304 -1.015800
v -0.000000 0.731924 0.427300
v 0.000000 -1.431658 1.394946
v 0.000000 -1.356878 0.247266
v 0.000000 -1.827460 0.804604
v 0.000000 -1.796522 0.747918
v -0.000000 0.757418 -1.469170
v -0.000000 0.003182 -0.356802
v 0.000000 0.028332 1.997034
v -0.000000 0.530390 -0.469682
v -0.000000 0.546586 -0.418356
v 0.000000 -0.490558 1.768886
v 0.000000 -0.554654 0.369760
v 0.000000 -0.599104 0.341940
v -0.000000 1.584210 -0.326222
v -0.000000 1.562134 1.054442
v -0.000000 0.923974 1.409988
v -0.000000 0.863826 1.393714
v 0.000000 0.481322 1.352344
v 0.000000 -0.263224 1.465794
v 0.000000 -0.592838 1.216502
v -0.000000 1.124410 0.548384
v 0.000000 -0.662930 -0.086258
v 0.000000 -1.489608 0.575038
v 0.000000 -1.506942 0.521878
v -0.000000 1.064758 -0.813728
v 0.000000 -0.795606 0.136134
v 0.000000 -1.554876 -0.795242
v 0.000000 -1.487296 0.672318
v 0.000000 -1.907150 0.197820
v 0.000000 -1.854386 0.604988
v 0.000000 -1.904354 0.598400
v 0.000000 -1.870296 0.553518
v 0.000000 0.378134 0.982426
v 0.000000 -0.315968 -0.342610
v -0.000000 -0.023598 -1.885520
v -0.000000 0.714484 -1.313012
v -0.000000 0.476872 -1.684976
v 0.000000 0.300950 1.091530
v 0.000000 -1.159210 -1.607052
v -0.000000 1.453250 -0.179398
v -0.000000 1.399524 -0.184294
v 0.000000 -1.089870 0.399148
v 0.000000 -1.043066 0.370980
v 0.000000 -1.028390 0.699468
v 0.000000 -0.854720 0.078106
v -0.000000 0.163824 -0.474000
v 0.000000 -1.332114 -0.038846
v -0.000000 1.195772 0.521042
v -0.000000 1.155322 0.503504
v 0.000000 -0.572100 -0.169290
v 0.000000 -0.680520 0.045696
v 0.000000 -1.891598 -0.616838
v 0.000000 0.379718 1.128614
v -0.000000 1.359454 0.856312
v 0.000000 0.525542 1.924626
v 0.000000 0.543968 1.870862
v 0.000000 -0.614358 -0.072878
v -0.000000 1.429014 -0.954758
v -0.000000 1.342630 0.946354
v -0.000000 1.326408 0.894174
v -0.000000 1.381516 0.909758
v 0.000000 -0.183702 0.276626
v 0.000000 -1.714966 0.605480
v 0.000000 -1.763272 0.567904
v 0.000000 -1.710688 0.552708
v 0.000000 -0.630712 1.394370
v 0.000000 -0.616948 1.445486
v -0.000000 1.483924 0.473194
v -0.000000 0.882346 1.439544
v 0.000000 -0.130588 0.038226
v 0.000000 -1.291490 -1.267662
v 0.000000 -1.784480 -0.401386
v -0.000000 1.193892 -1.031406
v 0.000000 0.220242 1.021584
v -0.000000 0.947462 0.424166
v 0.000000 0.440754 1.824066
v 0.000000 -1.401950 0.165490
v 0.000000 -0.396026 1.295036
v 0.000000 -0.373136 0.568420
v 0.000000 -1.159238 -0.170608
v -0.000000 1.231984 1.419884
v -0.000000 0.844412 -0.473438
v -0.000000 0.865132 -0.424900
v -0.000000 1.330462 0.749416
v 0.000000 -0.309078 -0.293184
v 0.000000 -0.488048 1.464210
v 0.000000 -0.370440 1.736868
v 0.000000 -0.415790 1.720348
v 0.000000 -1.276302 -0.882680
v 0.000000 -0.049236 0.671212
v -0.000000 -0.468118 -0.945008
v -0.000000 1.503344 0.973424
v 0.000000 -1.102322 1.062140
v -0.000000 0.853686 0.101870
v -0.000000 0.843016 0.161416
v 0.000000 0.325762 1.141416
v -0.000000 1.926628 0.466014
v -0.000000 -0.340818 -1.094898
v -0.000000 0.686958 0.408158
v 0.000000 -0.797764 0.080244
v 0.000000 -1.146382 0.628464
v -0.000000 0.738210 -0.610380
v 0.000000 -1.810630 0.843496
v 0.000000 -1.751012 0.842754
v 0.000000 -0.591864 0.229182
v 0.000000 -1.084962 -0.647564
v 0.000000 -1.111992 -0.688582
v 0.000000 -0.867220 0.290576
v -0.000000 0.890010 -0.670282
v 0.000000 0.761632 1.542618
v 0.000000 -0.439642 0.004638
v 0.000000 -1.193944 0.463578
v 0.000000 -1.196694 -0.131802
v -0.000000 0.238476 -0.538534
v 0.000000 -1.393514 -0.802516
v 0.000000 -1.381934 -0.854756
v -0.000000 -0.166976 -0.695274
v -0.000000 1.605334 -0.229690
v -0.000000 1.619740 -0.282586
v -0.000000 -0.163540 -1.032266
v 0.000000 -0.484590 1.045132
v -0.000000 0.317124 -1.030238
v 0.000000 -0.612272 0.764868
v 0.000000 -1.812784 0.702150
v 0.000000 -1.704282 -0.743256
v -0.000000 0.558632 -0.327860
v -0.000000 0.863688 1.488094
v -0.000000 0.922490 1.468218
v -0.000000 1.396234 -1.097190
v -0.000000 0.337518 -1.785780
v -0.000000 0.292280 -1.813594
v -0.000000 1.068136 0.174630
v -0.000000 1.073110 0.124722
v -0.000000 1.456806 1.354212
v -0.000000 1.439982 1.298746
v -0.000000 1.490448 1.316054
v -0.000000 1.607174 0.771240
v -0.000000 0.358316 0.519460
v 0.000000 -1.238404 -0.356128
v -0.000000 0.863382 1.339098
v -0.000000 0.874542 1.291116
v 0.000000 -0.164546 1.858344
v 0.000000 -0.203148 1.897086
v 0.000000 -0.072300 1.677236
v 0.000000 0.300042 0.809378
v 0.000000 0.256022 0.768676
v -0.000000 0.026828 -1.974938
v 0.000000 0.148760 1.590740
v 0.000000 -1.037332 0.793416
v 0.000000 -1.018832 0.748316
v 0.000000 -1.108648 1.556468
v 0.000000 0.154338 0.322814
v -0.000000 0.927696 -1.510918
v -0.000000 1.725900 0.089452
v -0.000000 1.774120 0.120040
v -0.000000 0.058072 -1.737098
v -0.000000 0.008844 -1.747040
v 0.000000 0.409330 1.953160
v 0.000000 -0.369658 1.535584
v 0.000000 -0.799500 -0.627640
v 0.000000 0.391182 0.813034
v 0.000000 -1.841542 -0.086820
v -0.000000 -0.030982 -0.219822
v -0.000000 1.625374 0.391472
v 0.000000 -1.018044 -0.809862
v 0.000000 -0.648742 -0.564604
v 0.000000 -1.045480 -1.164254
v 0.000000 -1.079926 -1.199194
v 0.000000 -0.151954 0.786972
v 0.000000 -0.993220 1.491234
v -0.000000 0.746510 -1.827020
v -0.000000 0.699908 -1.793092
v 0.000000 0.299420 0.754542
v 0.000000 0.295432 0.703600
v 0.000000 -1.565102 0.157906
v 0.000000 -0.419460 0.599770
v -0.000000 0.174130 -0.813788
v -0.000000 1.182730 0.389082
v -0.000000 1.358526 0.215372
v -0.000000 1.367522 -0.814134
v -0.000000 -0.508104 -1.581086
v 0.000000 -1.121192 -1.036730
v 0.000000 -0.953166 1.456930
v 0.000000 -1.820844 0.561858
v -0.000000 1.471862 0.571402
v 0.000000 0.065920 1.461552
v 0.000000 -0.604740 -0.629774
v -0.000000 0.038544 -1.242432
v 0.000000 -0.134012 0.267784
v 0.000000 -0.636522 0.217054
v -0.000000 0.543954 -0.368666
v -0.000000 1.826930 -0.752342
v -0.000000 0.624490 -0.467402
v 0.000000 -1.766538 -0.455494
v -0.000000 0.506804 -0.236918
v 0.000000 -0.760356 -0.921336
v 0.000000 -1.174162 -1.218528
v 0.000000 -0.638806 1.785836
v 0.000000 -1.812148 -0.480492
v 0.000000 -0.627068 0.618150
v 0.000000 -1.218982 0.892186
v -0.000000 1.586098 0.485268
v 0.000000 -0.235558 1.516562
v -0.000000 1.348590 1.333446
v -0.000000 1.331984 1.290684
v -0.000000 1.271936 1.531458
v -0.000000 1.119462 0.692606
v 0.000000 -0.649516 0.540124
v -0.000000 1.523910 0.658806
v 0.000000 -0.819914 0.650400
v -0.000000 0.675314 0.798576
v 0.000000 -1.522560 -0.909718
v -0.000000 1.121430 0.746256
v -0.000000 1.703122 0.340366
v -0.000000 1.385728 0.458960
v 0.000000 -1.765504 -0.298968
v 0.000000 -1.401334 0.229870
v -0.000000 0.646256 0.942426
v 0.000000 0.062184 1.526390
v -0.000000 -0.347662 -1.945774
v 0.000000 -0.020616 1.219556
v 0.000000 -0.024212 1.169462
v 0.000000 0.030564 1.190810
v -0.000000 0.955980 -1.613978
v 0.000000 -1.354334 -1.189436
v 0.000000 -1.007632 0.510398
v 0.000000 0.333200 1.770634
v 0.000000 -1.122882 0.228838
v 0.000000 -0.388576 1.366252
v 0.000000 -1.129266 0.175386
v 0.000000 -0.324544 0.013558
v 0.000000 -0.287804 0.055586
v 0.000000 -1.793032 0.522772
v 0.000000 -0.599548 1.159566
v 0.000000 -1.838994 0.508418
v 0.000000 0.697012 1.268112
v -0.000000 0.910158 -1.643050
v 0.000000 -0.033274 0.237918
v 0.000000 -0.019874 0.178400
v 0.000000 -0.625226 -0.674264
v -0.000000 0.682154 0.662474
v 0.000000 -1.350340 0.000146
v 0.000000 0.270668 1.350734
v 0.000000 0.321722 1.332978
v 0.000000 -0.956498 -1.508922
v -0.000000 1.670560 -0.288408
v -0.000000 0.091640 -1.233246
v -0.000000 0.118658 -1.189868
v -0.000000 1.418872 1.248758
v 0.000000 -1.492754 0.916494
v -0.000000 0.715398 -0.443930
v -0.000000 1.901556 -0.539196
v 0.000000 -1.409078 -0.934284
v 0.000000 0.051600 1.757824
v 0.000000 -1.151178 1.524054
v 0.000000 -1.363376 0.907910
v 0.000000 -1.191966 0.041584
v 0.000000 -1.842948 0.133624
v 0.000000 0.279384 0.651712
v 0.000000 0.322484 1.882288
v 0.000000 0.701980 1.522476
v -0.000000 1.592178 -1.167996
v -0.000000 1.571494 -1.122458
v -0.000000 1.094644 -0.901908
v -0.000000 -0.153968 -0.643974
v 0.000000 -1.888046 0.501808
v -0.000000 1.644034 0.822930
v -0.000000 -0.230510 -1.240808
v 0.000000 -1.067998 0.741786
v -0.000000 -0.243664 -1.827556
v -0.000000 -0.315622 -1.823132
v -0.000000 -0.120944 -1.747252
v -0.000000 1.833732 -0.376410
v -0.000000 1.129066 0.907792
v -0.000000 1.423100 -0.820970
v 0.000000 -0.841448 0.127914
v -0.000000 0.403914 -1.239312
v -0.000000 1.110362 1.450762
v -0.000000 1.249198 0.450350
v 0.000000 -1.047676 0.312612
v 0.000000 -1.699474 -0.123026
v -0.000000 -0.281716 -1.229152
v -0.000000 -0.351072 -1.403086
v -0.000000 -0.299720 -1.397462
v 0.000000 -1.687976 0.694632
v 0.000000 -1.722074 0.658926
v 0.000000 -0.903542 0.472510
v -0.000000 1.416800 -0.027594
v -0.000000 1.363480 -0.036820
v -0.000000 1.451268 0.318382
v 0.000000 -0.644554 -0.986802
v 0.000000 -0.095794 1.995346
v 0.000000 -0.357966 -0.371070
v -0.000000 -0.416008 -1.932546
v 0.000000 -1.386718 -1.417736
v 0.000000 -0.432628 1.058450
v 0.000000 -1.165052 -0.675920
v 0.000000 -0.529782 1.439544
v 0.000000 -0.576054 1.464442
v 0.000000 -1.123874 -1.230410
v 0.000000 -0.835108 0.759094
v 0.000000 -1.794138 0.144248
v 0.000000 -1.978744 -0.232004
v 0.000000 -1.445820 -0.003914
v 0.000000 -0.665816 -0.938238
v 0.000000 -0.389436 1.193968
v -0.000000 0.819600 1.308304
v 0.000000 -0.691722 -0.875978
v 0.000000 -0.368054 0.371250
v 0.000000 -0.123890 1.811654
v -0.000000 -0.534690 -1.903760
v -0.000000 0.589586 0.540078
v 0.000000 -0.954154 0.637392
v -0.000000 0.264692 -0.247210
v -0.000000 0.285868 0.251550
v 0.000000 -0.956280 1.022426
v -0.000000 -0.442278 -0.812456
v 0.000000 -0.491982 -0.808988
v 0.000000 -0.937880 0.547292
v -0.000000 0.819648 1.369326
v 0.000000 -1.466996 -0.920494
v 0.000000 0.235006 1.834380
v 0.000000 -0.277498 1.715036
v -0.000000 0.789868 0.670720
v 0.000000 -1.838874 -0.756078
v -0.000000 0.342632 -1.944422
v 0.000000 -1.104520 1.002872
v 0.000000 -1.111760 0.948938
v 0.000000 -1.919052 0.547808
v 0.000000 -1.105256 -0.043662
v 0.000000 -0.060020 0.139300
v -0.000000 0.601964 -1.103768
v 0.000000 0.083386 0.541112
v 0.000000 0.012932 0.041272
v 0.000000 0.692230 1.354722
v -0.000000 0.211288 -0.268558
v 0.000000 -0.037426 0.040020
v 0.000000 0.745184 1.688946
v 0.000000 -1.589642 -0.605254
v 0.000000 -1.643168 -0.591602
v 0.000000 -1.671098 -0.025560
v -0.000000 0.938406 0.920668
v -0.000000 1.644578 0.741202
v -0.000000 0.022676 -1.694554
v -0.000000 -0.017238 -0.480478
v 0.000000 -0.170336 0.370396
v 0.000000 -0.190392 0.417470
v -0.000000 0.006030 -1.414174
v -0.000000 0.752536 -0.150050
v -0.000000 0.965410 -1.491604
v -0.000000 -0.478184 -1.918650
v 0.000000 -1.799510 -0.249496
v 0.000000 -1.149912 1.037910
v -0.000000 0.786232 -0.108944
v -0.000000 -0.883838 -1.576968
v 0.000000 0.607778 1.528968
v 0.000000 0.657872 1.557124
v 0.000000 -1.968436 0.321622
v 0.000000 -1.079080 -1.367880
v 0.000000 0.589644 1.578544
v -0.000000 -0.011808 -0.405288
v -0.000000 0.465950 -1.048520
v 0.000000 -0.891660 0.117230
v 0.000000 -0.945880 0.818492
v 0.000000 -0.877108 1.743994
v 0.000000 -1.522600 -0.212570
v -0.000000 -0.195550 -1.613000
v -0.000000 -0.166130 -1.551838
v 0.000000 -1.635948 -0.539780
v 0.000000 0.079882 1.142876
v -0.000000 1.692326 0.477406
v -0.000000 -0.095556 -0.776008
v -0.000000 0.818844 0.708960
v -0.000000 -0.696066 -1.795246
v -0.000000 -0.650092 -1.764990
v 0.000000 -1.443032 -0.972528
v 0.000000 -0.424620 1.952774
v -0.000000 1.457408 1.009524
v -0.000000 0.145760 -1.234072
v 0.000000 -0.964280 1.703280
v 0.000000 -0.941640 1.661272
v -0.000000 -0.592236 -1.887042
v -0.000000 1.066202 1.683198
v -0.000000 0.333412 0.566658
v -0.000000 0.292014 0.203794
v 0.000000 -0.654510 -0.722054
v -0.000000 1.731160 -0.715562
v -0.000000 1.682238 -0.730166
v -0.000000 -0.575212 -1.514328
v -0.000000 1.401910 -1.273946
v 0.000000 -0.557746 -0.079436
v 0.000000 -0.593998 -0.121840
v 0.000000 -0.954338 0.499852
v 0.000000 0.485176 1.789606
v -0.000000 1.465032 -0.776054
v 0.000000 -1.773262 0.918886
v -0.000000 -0.600368 -1.741190
v -0.000000 1.673780 0.868030
v 0.000000 -0.886614 -1.083580
v 0.000000 -1.707530 0.360330
v 0.000000 -1.792502 -0.766602
v 0.000000 -1.109442 0.522294
v 0.000000 -0.512614 -0.758720
v -0.000000 0.776282 -0.335734
v -0.000000 1.181910 -1.370266
v 0.000000 -0.695464 -1.162916
v -0.000000 0.773540 -1.046328
v 0.000000 -1.089116 0.151858
v 0.000000 0.248228 1.981528
v -0.000000 1.909832 0.300624
v 0.000000 -1.547238 1.265562
v -0.000000 1.066700 1.007230
v -0.000000 0.196802 0.297458
v -0.000000 0.234860 0.334172
v 0.000000 -0.672836 -1.029200
v 0.000000 -0.133574 1.135714
v 0.000000 -0.082892 0.024468
v -0.000000 0.231780 -1.628830
v 0.000000 -1.471532 -1.018980
v 0.000000 -1.496828 -0.966024
v -0.000000 0.525514 -1.902480
v 0.000000 -0.964486 1.620326
v -0.000000 1.806416 -0.799740
v 0.000000 0.089090 1.186742
v 0.000000 -0.193684 0.966256
v -0.000000 0.395170 -0.420150
v -0.000000 -0.603820 -1.791214
v -0.000000 0.252790 0.118038
v 0.000000 -0.472708 1.416466
v 0.000000 0.852574 1.802248
v -0.000000 0.709000 -0.921196
v -0.000000 1.210862 -1.557964
v 0.000000 -1.651884 -0.487770
v -0.000000 1.527042 0.142620
v 0.000000 -0.875160 1.797644
v 0.000000 -1.626020 0.057930
v 0.000000 0.860144 1.746194
v 0.000000 -1.609970 -0.447328
v -0.000000 0.890764 0.956986
v -0.000000 0.092912 -0.619870
v -0.000000 1.470796 -0.826334
v -0.000000 1.503880 -0.863624
v 0.000000 -1.141386 1.473132
v 0.000000 -1.700774 0.503880
v 0.000000 -0.606338 0.396068
v 0.000000 -1.060016 1.033474
v 0.000000 -1.503424 -0.026208
v 0.000000 -1.248856 -1.290458
v -0.000000 0.414536 -0.565246
v -0.000000 1.171410 0.763166
v 0.000000 -1.142826 0.481566
v 0.000000 -0.537784 1.490572
v -0.000000 0.603606 -0.025772
v 0.000000 -0.602370 -0.804786
v -0.000000 0.480574 -1.915086
v 0.000000 -1.559856 0.787608
v -0.000000 0.873284 1.097372
v -0.000000 0.102720 -1.879916
v -0.000000 1.709534 -0.988412
v -0.000000 1.174916 1.301330
v -0.000000 1.401480 0.961488
v 0.000000 -1.269818 -0.460164
v 0.000000 -0.652886 1.052106
v 0.000000 -0.328686 0.406072
v -0.000000 0.306342 -0.222908
v -0.000000 -0.777258 -1.819580
v -0.000000 1.884184 -0.599000
v 0.000000 -0.653006 -0.460766
v 0.000000 -0.804022 1.298026
v -0.000000 0.863310 -0.517418
v -0.000000 0.774314 1.283074
v -0.000000 -0.299818 -1.914384
v -0.000000 0.324542 -1.418540
v 0.000000 -0.766502 1.433484
v -0.000000 1.419768 0.569514
v -0.000000 1.785640 0.606368
v -0.000000 1.362990 1.235478
v -0.000000 1.291794 0.937464
v 0.000000 -0.223224 0.514572
v 0.000000 -0.330876 1.697724
v -0.000000 1.654758 -0.884084
v 0.000000 0.465942 1.940508
v -0.000000 -0.008376 -0.532082
v -0.000000 -0.306356 -0.675170
v -0.000000 1.961408 0.280376
v -0.000000 0.962696 -0.049968
v -0.000000 1.253530 0.970410
v -0.000000 0.139986 -0.625010
v 0.000000 -0.363936 0.518942
v -0.000000 0.852480 -0.567538
v -0.000000 1.933642 0.434632
v 0.000000 -1.711654 1.029902
v 0.000000 -1.791668 0.882760
v -0.000000 1.316216 -0.916340
v -0.000000 1.272380 -0.927536
v 0.000000 -0.876300 0.173446
v 0.000000 -1.697004 -1.032524
v -0.000000 1.076562 -0.328382
v -0.000000 1.979404 0.039158
v -0.000000 1.384562 1.288990
v 0.000000 -0.135158 0.411436
v -0.000000 1.364474 -1.426420
v -0.000000 1.510730 1.024446
v -0.000000 1.240698 -0.896166
v -0.000000 1.186744 1.244208
v 0.000000 -1.934802 0.490090
v -0.000000 0.533510 -1.426896
v 0.000000 -1.003876 1.665400
v 0.000000 -1.056010 1.697968
v -0.000000 1.106770 -0.787984
v -0.000000 1.974244 0.158270
v 0.000000 -1.890152 -0.108606
v -0.000000 0.904356 0.097426
v 0.000000 -0.834796 1.117690
v -0.000000 1.380482 1.432562
v 0.000000 -0.336466 1.169978
v 0.000000 -1.234958 1.253526
v 0.000000 -0.286372 1.977634
v 0.000000 -0.301562 -0.032918
v -0.000000 1.075840 0.393466
v -0.000000 0.012580 -0.982868
v 0.000000 -0.723184 1.864032
v 0.000000 -1.873694 0.688718
v -0.000000 1.449468 -1.086282
v -0.000000 0.076690 -1.973368
v 0.000000 -1.095202 0.457350
v -0.000000 -0.033108 -1.377810
v 0.000000 -1.009712 1.725350
v 0.000000 -1.260128 -0.511384
v 0.000000 -1.065978 0.927490
v 0.000000 -0.545996 -0.804780
v 0.000000 -1.816222 -0.808422
v -0.000000 0.858818 -1.619770
v 0.000000 0.737912 1.852886
v 0.000000 -0.918160 0.918686
v 0.000000 -1.889212 0.645598
v -0.000000 1.759232 -0.897656
v -0.000000 1.307060 1.500488
v -0.000000 -0.518356 -1.526682
v -0.000000 1.792262 -0.407342
v -0.000000 1.171172 -0.013174
v 0.000000 -1.843366 0.767848
v 0.000000 -1.469048 -1.333558
v 0.000000 -0.035168 1.997246
v 0.000000 -1.106144 1.665266
v -0.000000 0.125824 -1.273912
v 0.000000 0.296222 1.973926
v 0.000000 -0.666080 0.697614
v 0.000000 -1.859142 0.729140
v -0.000000 -0.280816 -1.956364
v 0.000000 -1.590750 -1.187316
v -0.000000 -0.647490 -1.169492
v -0.000000 1.783294 -0.850430
v 0.000000 -1.992654 0.049002
vn 1.0000 -0.0000 -0.0000
s 1
usemtl Default_OBJ.014
f 1//1 2//1 3//1
f 4//1 5//1 6//1
f 7//1 8//1 9//1
f 10//1 11//1 12//1
f 13//1 14//1 15//1
f 16//1 17//1 18//1
f 19//1 20//1 21//1
f 22//1 23//1 24//1
f 25//1 26//1 27//1
f 28//1 29//1 30//1
f 31//1 32//1 33//1
f 34//1 35//1 36//1
f 31//1 37//1 38//1
f 39//1 40//1 41//1
f 40//1 42//1 43//1
f 44//1 45//1 46//1
f 47//1 48//1 49//1
f 50//1 51//1 52//1
f 53//1 54//1 55//1
f 56//1 57//1 58//1
f 59//1 60//1 61//1
f 62//1 63//1 64//1
f 65//1 66//1 67//1
f 68//1 69//1 70//1
f 71//1 72//1 73//1
f 74//1 75//1 76//1
f 77//1 78//1 79//1
f 80//1 81//1 82//1
f 83//1 84//1 85//1
f 86//1 87//1 88//1
f 89//1 90//1 91//1
f 92//1 93//1 94//1
f 95//1 96//1 97//1
f 98//1 99//1 100//1
f 101//1 102//1 103//1
f 104//1 105//1 106//1
f 107//1 108//1 109//1
f 110//1 111//1 112//1
f 113//1 114//1 115//1
f 116//1 117//1 118//1
f 89//1 119//1 90//1
f 120//1 121//1 122//1
f 123//1 124//1 125//1
f 126//1 127//1 128//1
f 129//1 21//1 130//1
f 131//1 132//1 133//1
f 134//1 135//1 136//1
f 137//1 138//1 139//1
f 140//1 141//1 142//1
f 143//1 144//1 145//1
f 146//1 147//1 148//1
f 149//1 150//1 151//1
f 142//1 141//1 152//1
f 153//1 154//1 155//1
f 156//1 157//1 158//1
f 159//1 160//1 161//1
f 162//1 163//1 164//1
f 165//1 166//1 167//1
f 168//1 169//1 170//1
f 171//1 172//1 173//1
f 174//1 175//1 176//1
f 177//1 178//1 179//1
f 174//1 180//1 181//1
f 182//1 183//1 184//1
f 185//1 186//1 187//1
f 188//1 189//1 190//1
f 191//1 192//1 193//1
f 194//1 195//1 196//1
f 197//1 198//1 199//1
f 200//1 201//1 202//1
f 203//1 204//1 205//1
f 206//1 207//1 208//1
f 209//1 210//1 211//1
f 212//1 213//1 214//1
f 215//1 216//1 217//1
f 218//1 219//1 220//1
f 221//1 222//1 223//1
f 224//1 225//1 226//1
f 227//1 228//1 229//1
f 230//1 231//1 232//1
f 233//1 234//1 235//1
f 236//1 237//1 238//1
f 225//1 224//1 239//1
f 240//1 241//1 242//1
f 243//1 244//1 245//1
f 246//1 247//1 248//1
f 249//1 250//1 251//1
f 252//1 253//1 254//1
f 255//1 256//1 257//1
f 258//1 259//1 260//1
f 261//1 262//1 263//1
f 264//1 265//1 266//1
f 217//1 267//1 268//1
f 269//1 270//1 63//1
f 271//1 272//1 273//1
f 274//1 41//1 275//1
f 276//1 277//1 278//1
f 159//1 279//1 160//1
f 280//1 281//1 282//1
f 283//1 284//1 285//1
f 286//1 287//1 288//1
f 289//1 290//1 291//1
f 292//1 293//1 294//1
f 295//1 296//1 297//1
f 298//1 299//1 300//1
f 301//1 302//1 303//1
f 304//1 305//1 306//1
f 307//1 308//1 309//1
f 310//1 311//1 312//1
f 289//1 291//1 313//1
f 314//1 315//1 316//1
f 298//1 317//1 318//1
f 319//1 320//1 321//1
f 322//1 323//1 324//1
f 280//1 325//1 281//1
f 326//1 327//1 328//1
f 329//1 330//1 331//1
f 332//1 333//1 334//1
f 335//1 336//1 337//1
f 338//1 7//1 9//1
f 339//1 340//1 341//1
f 342//1 343//1 344//1
f 345//1 346//1 347//1
f 348//1 349//1 350//1
f 351//1 352//1 353//1
f 354//1 355//1 356//1
f 11//1 357//1 358//1
f 359//1 360//1 361//1
f 192//1 179//1 362//1
f 363//1 364//1 365//1
f 290//1 366//1 367//1
f 368//1 369//1 370//1
f 194//1 196//1 371//1
f 372//1 373//1 374//1
f 375//1 376//1 377//1
f 378//1 379//1 380//1
f 381//1 382//1 383//1
f 384//1 385//1 386//1
f 387//1 388//1 389//1
f 390//1 391//1 392//1
f 393//1 394//1 395//1
f 396//1 397//1 398//1
f 399//1 400//1 401//1
f 402//1 403//1 404//1
f 405//1 117//1 116//1
f 406//1 407//1 408//1
f 409//1 410//1 411//1
f 412//1 377//1 413//1
f 414//1 415//1 416//1
f 417//1 418//1 419//1
f 420//1 421//1 422//1
f 423//1 424//1 425//1
f 426//1 427//1 428//1
f 429//1 430//1 431//1
f 432//1 433//1 434//1
f 435//1 436//1 437//1
f 438//1 439//1 440//1
f 441//1 442//1 443//1
f 444//1 445//1 446//1
f 447//1 448//1 449//1
f 450//1 451//1 452//1
f 453//1 454//1 455//1
f 456//1 457//1 458//1
f 459//1 460//1 461//1
f 462//1 463//1 464//1
f 416//1 306//1 414//1
f 465//1 466//1 467//1
f 468//1 469//1 470//1
f 471//1 472//1 473//1
f 474//1 475//1 476//1
f 477//1 478//1 479//1
f 480//1 481//1 482//1
f 483//1 457//1 484//1
f 485//1 486//1 487//1
f 488//1 489//1 490//1
f 491//1 492//1 493//1
f 494//1 495//1 496//1
f 497//1 498//1 499//1
f 258//1 260//1 500//1
f 501//1 502//1 503//1
f 504//1 505//1 506//1
f 440//1 507//1 508//1
f 509//1 510//1 511//1
f 512//1 513//1 514//1
f 359//1 515//1 516//1
f 517//1 518//1 519//1
f 520//1 521//1 442//1
f 522//1 523//1 524//1
f 525//1 327//1 526//1
f 124//1 527//1 125//1
f 528//1 529//1 530//1
f 531//1 532//1 533//1
f 534//1 535//1 536//1
f 537//1 538//1 539//1
f 540//1 541//1 542//1
f 543//1 544//1 545//1
f 546//1 547//1 548//1
f 549//1 550//1 551//1
f 552//1 553//1 554//1
f 555//1 556//1 557//1
f 558//1 559//1 560//1
f 561//1 562//1 563//1
f 564//1 565//1 566//1
f 567//1 568//1 569//1
f 570//1 571//1 38//1
f 572//1 573//1 574//1
f 569//1 498//1 575//1
f 576//1 169//1 577//1
f 578//1 579//1 580//1
f 581//1 582//1 583//1
f 71//1 584//1 72//1
f 585//1 586//1 587//1
f 533//1 588//1 589//1
f 590//1 591//1 592//1
f 593//1 594//1 595//1
f 596//1 597//1 598//1
f 599//1 600//1 601//1
f 472//1 602//1 603//1
f 604//1 605//1 606//1
f 607//1 608//1 609//1
f 610//1 611//1 320//1
f 612//1 613//1 614//1
f 615//1 616//1 364//1
f 617//1 618//1 619//1
f 272//1 620//1 273//1
f 621//1 622//1 623//1
f 624//1 625//1 626//1
f 627//1 628//1 629//1
f 630//1 631//1 632//1
f 633//1 634//1 635//1
f 636//1 177//1 637//1
f 638//1 639//1 640//1
f 641//1 642//1 643//1
f 644//1 645//1 646//1
f 647//1 648//1 649//1
f 650//1 651//1 652//1
f 653//1 654//1 238//1
f 655//1 656//1 657//1
f 658//1 659//1 660//1
f 661//1 662//1 663//1
f 664//1 665//1 666//1
f 667//1 227//1 668//1
f 669//1 670//1 671//1
f 672//1 673//1 674//1
f 675//1 676//1 677//1
f 678//1 679//1 110//1
f 347//1 680//1 345//1
f 681//1 682//1 683//1
f 405//1 684//1 685//1
f 686//1 687//1 688//1
f 689//1 690//1 691//1
f 692//1 693//1 694//1
f 141//1 695//1 696//1
f 697//1 698//1 699//1
f 700//1 701//1 702//1
f 703//1 704//1 705//1
f 706//1 707//1 708//1
f 709//1 710//1 711//1
f 712//1 713//1 714//1
f 715//1 716//1 717//1
f 718//1 479//1 719//1
f 720//1 721//1 722//1
f 723//1 724//1 725//1
f 653//1 726//1 727//1
f 728//1 729//1 327//1
f 730//1 731//1 732//1
f 733//1 734//1 735//1
f 736//1 737//1 738//1
f 739//1 740//1 741//1
f 64//1 742//1 743//1
f 480//1 744//1 745//1
f 746//1 747//1 748//1
f 749//1 750//1 196//1
f 751//1 752//1 753//1
f 754//1 755//1 756//1
f 757//1 758//1 759//1
f 760//1 761//1 762//1
f 763//1 764//1 765//1
f 104//1 766//1 105//1
f 767//1 768//1 769//1
f 770//1 771//1 772//1
f 773//1 774//1 775//1
f 776//1 618//1 777//1
f 263//1 778//1 261//1
f 779//1 780//1 781//1
f 782//1 783//1 784//1
f 785//1 786//1 787//1
f 788//1 789//1 790//1
f 791//1 792//1 793//1
f 794//1 795//1 796//1
f 797//1 798//1 799//1
f 800//1 801//1 802//1
f 803//1 804//1 805//1
f 806//1 807//1 808//1
f 809//1 810//1 811//1
f 812//1 304//1 813//1
f 814//1 815//1 816//1
f 817//1 818//1 819//1
f 820//1 821//1 822//1
f 823//1 824//1 825//1
f 658//1 826//1 659//1
f 827//1 828//1 829//1
f 830//1 831//1 832//1
f 833//1 834//1 835//1
f 836//1 837//1 838//1
f 839//1 840//1 841//1
f 842//1 843//1 844//1
f 845//1 846//1 847//1
f 765//1 764//1 848//1
f 17//1 849//1 18//1
f 850//1 851//1 852//1
f 853//1 854//1 855//1
f 856//1 857//1 858//1
f 859//1 860//1 861//1
f 862//1 702//1 863//1
f 864//1 865//1 866//1
f 867//1 868//1 869//1
f 870//1 871//1 872//1
f 873//1 874//1 875//1
f 876//1 322//1 877//1
f 878//1 879//1 880//1
f 881//1 882//1 883//1
f 884//1 784//1 885//1
f 886//1 887//1 888//1
f 889//1 890//1 891//1
f 639//1 892//1 893//1
f 894//1 495//1 494//1
f 895//1 896//1 897//1
f 898//1 439//1 438//1
f 899//1 900//1 901//1
f 902//1 903//1 904//1
f 905//1 906//1 454//1
f 907//1 908//1 909//1
f 910//1 911//1 912//1
f 913//1 914//1 915//1
f 916//1 428//1 427//1
f 917//1 918//1 823//1
f 919//1 920//1 921//1
f 232//1 231//1 922//1
f 923//1 924//1 925//1
f 926//1 927//1 639//1
f 928//1 929//1 930//1
f 931//1 932//1 494//1
f 18//1 933//1 16//1
f 934//1 935//1 936//1
f 937//1 938//1 939//1
f 940//1 125//1 941//1
f 942//1 943//1 944//1
f 945//1 946//1 947//1
f 948//1 949//1 950//1
f 951//1 952//1 953//1
f 954//1 955//1 956//1
f 957//1 56//1 58//1
f 958//1 959//1 960//1
f 961//1 962//1 963//1
f 964//1 267//1 217//1
f 482//1 640//1 927//1
f 965//1 346//1 966//1
f 967//1 968//1 668//1
f 691//1 969//1 970//1
f 971//1 972//1 973//1
f 647//1 974//1 975//1
f 976//1 977//1 978//1
f 979//1 980//1 981//1
f 982//1 983//1 984//1
f 985//1 986//1 987//1
f 988//1 248//1 989//1
f 990//1 991//1 860//1
f 521//1 992//1 993//1
f 994//1 995//1 996//1
f 997//1 998//1 917//1
f 999//1 1000//1 1001//1
f 1002//1 1003//1 1004//1
f 1005//1 1006//1 1007//1
f 525//1 1008//1 328//1
f 1009//1 1010//1 1011//1
f 818//1 1012//1 819//1
f 1013//1 1014//1 1015//1
f 1016//1 1017//1 1018//1
f 1019//1 1020//1 1021//1
f 1022//1 1023//1 1024//1
f 1025//1 1026//1 204//1
f 1027//1 1028//1 1029//1
f 1030//1 1031//1 1032//1
f 1033//1 1034//1 1035//1
f 1036//1 1037//1 1038//1
f 289//1 313//1 1039//1
f 1040//1 1041//1 1042//1
f 1043//1 1044//1 1045//1
f 1046//1 1047//1 1048//1
f 1049//1 381//1 1050//1
f 1051//1 1052//1 1053//1
f 1054//1 1055//1 1056//1
f 1057//1 1058//1 511//1
f 1059//1 1060//1 1061//1
f 132//1 1062//1 1063//1
f 1064//1 2//1 1065//1
f 1066//1 1067//1 1068//1
f 1069//1 1070//1 1071//1
f 1072//1 1073//1 1074//1
f 1075//1 1076//1 1077//1
f 1078//1 1079//1 1080//1
f 1081//1 1082//1 1083//1
f 1084//1 1085//1 1086//1
f 1087//1 709//1 1088//1
f 1089//1 1090//1 1091//1
f 1092//1 1093//1 1094//1
f 1095//1 1096//1 1097//1
f 1098//1 1099//1 1100//1
f 1101//1 1102//1 1103//1
f 1104//1 902//1 1105//1
f 1106//1 1107//1 1108//1
f 1109//1 1110//1 1111//1
f 1112//1 1113//1 1114//1
f 775//1 774//1 1115//1
f 1116//1 1117//1 1118//1
f 247//1 989//1 248//1
f 1119//1 1120//1 1121//1
f 1068//1 1067//1 1122//1
f 1123//1 1124//1 1125//1
f 1126//1 1127//1 1128//1
f 698//1 1129//1 699//1
f 1130//1 1131//1 1132//1
f 1133//1 1134//1 1135//1
f 833//1 835//1 1136//1
f 1137//1 1138//1 1139//1
f 1140//1 1141//1 1142//1
f 394//1 1143//1 1144//1
f 707//1 1145//1 931//1
f 1146//1 395//1 1147//1
f 970//1 1148//1 230//1
f 1149//1 1150//1 1151//1
f 1152//1 1153//1 1154//1
f 116//1 118//1 1155//1
f 1156//1 747//1 1157//1
f 1158//1 1159//1 1160//1
f 1161//1 1162//1 1163//1
f 1164//1 321//1 1165//1
f 1166//1 993//1 992//1
f 1167//1 1168//1 1169//1
f 1170//1 151//1 1171//1
f 1172//1 1173//1 1174//1
f 1175//1 1176//1 1177//1
f 48//1 1178//1 1179//1
f 1180//1 1181//1 417//1
f 1182//1 1183//1 1184//1
f 1185//1 1186//1 1187//1
f 1188//1 1189//1 1190//1
f 417//1 1181//1 418//1
f 1191//1 1192//1 1193//1
f 1194//1 1195//1 613//1
f 1196//1 1197//1 1198//1
f 939//1 1199//1 1200//1
f 1201//1 1202//1 1203//1
f 1204//1 1205//1 1206//1
f 1207//1 1208//1 1209//1
f 1210//1 154//1 1211//1
f 1212//1 1213//1 1214//1
f 1215//1 1216//1 1217//1
f 1218//1 1219//1 1220//1
f 1221//1 638//1 640//1
f 1222//1 1223//1 1224//1
f 877//1 1225//1 928//1
f 1226//1 1227//1 1228//1
f 1229//1 1230//1 20//1
f 1231//1 777//1 1232//1
f 1233//1 1234//1 1167//1
f 1235//1 1236//1 1237//1
f 1238//1 1239//1 1240//1
f 1241//1 1242//1 681//1
f 1243//1 1244//1 1245//1
f 1246//1 1247//1 1248//1
f 1249//1 1250//1 1251//1
f 1252//1 829//1 1253//1
f 1254//1 1255//1 1256//1
f 1257//1 1258//1 1259//1
f 1260//1 1261//1 1262//1
f 1263//1 1264//1 1265//1
f 537//1 1266//1 1267//1
f 1268//1 1269//1 1270//1
f 1271//1 1272//1 1273//1
f 1274//1 1275//1 770//1
f 1276//1 1277//1 658//1
f 1278//1 1279//1 1280//1
f 1064//1 1059//1 1281//1
f 1282//1 1283//1 1284//1
f 1150//1 1131//1 1130//1
f 410//1 1285//1 1286//1
f 953//1 1287//1 1288//1
f 1289//1 1290//1 1291//1
f 1292//1 1293//1 1294//1
f 1295//1 1296//1 1297//1
f 976//1 1298//1 1299//1
f 509//1 511//1 1058//1
f 974//1 1300//1 1301//1
f 1302//1 1130//1 1152//1
f 1303//1 932//1 1304//1
f 932//1 894//1 494//1
f 1058//1 1057//1 1305//1
f 583//1 582//1 1306//1
f 1307//1 1308//1 1309//1
f 1310//1 1311//1 1312//1
f 1313//1 1314//1 1315//1
f 1316//1 1317//1 1318//1
f 1319//1 1320//1 1321//1
f 1257//1 1322//1 1258//1
f 1092//1 1323//1 1324//1
f 1300//1 647//1 1325//1
f 1326//1 622//1 621//1
f 1327//1 1328//1 1329//1
f 1330//1 1331//1 1332//1
f 1333//1 1334//1 1335//1
f 144//1 1336//1 1337//1
f 496//1 1338//1 1339//1
f 1340//1 1341//1 1342//1
f 1343//1 1344//1 1345//1
f 1346//1 1347//1 1348//1
f 1349//1 1350//1 1351//1
f 1352//1 1353//1 1354//1
f 1355//1 1356//1 1357//1
f 1358//1 1359//1 1360//1
f 542//1 1361//1 1362//1
f 1363//1 1364//1 1365//1
f 1366//1 1367//1 1368//1
f 72//1 1277//1 1369//1
f 854//1 1370//1 1371//1
f 1372//1 1070//1 1373//1
f 1374//1 1375//1 1376//1
f 1377//1 1378//1 1379//1
f 1105//1 814//1 1380//1
f 1381//1 1382//1 1383//1
f 1384//1 1385//1 1386//1
f 1387//1 1388//1 374//1
f 1389//1 1390//1 1391//1
f 1392//1 1393//1 431//1
f 1394//1 1395//1 1396//1
f 1397//1 1398//1 1399//1
f 1400//1 1401//1 1402//1
f 606//1 1403//1 1404//1
f 1405//1 1158//1 1160//1
f 1406//1 1407//1 1082//1
f 1408//1 428//1 916//1
f 288//1 1409//1 286//1
f 1410//1 1411//1 1412//1
f 1413//1 1344//1 1343//1
f 705//1 704//1 1414//1
f 1415//1 1416//1 1417//1
f 1418//1 1419//1 724//1
f 1420//1 1421//1 1422//1
f 1423//1 1424//1 1425//1
f 596//1 1426//1 1427//1
f 1428//1 1429//1 1430//1
f 1431//1 1432//1 1433//1
f 79//1 78//1 1434//1
f 1308//1 1435//1 1309//1
f 1436//1 1437//1 1438//1
f 1439//1 1440//1 1441//1
f 1442//1 1355//1 1357//1
f 1443//1 1444//1 229//1
f 1445//1 1446//1 1447//1
f 1448//1 1449//1 672//1
f 1450//1 1451//1 1452//1
f 1453//1 1454//1 1455//1
f 1456//1 1457//1 1458//1
f 1459//1 1460//1 1461//1
f 1462//1 1463//1 1464//1
f 1465//1 198//1 1466//1
f 1467//1 1468//1 1469//1
f 1470//1 1471//1 1472//1
f 1473//1 1474//1 1475//1
f 1010//1 1476//1 1477//1
f 1478//1 1479//1 1480//1
f 1481//1 1482//1 1386//1
f 1483//1 1484//1 1190//1
f 1485//1 1486//1 1487//1
f 1488//1 1489//1 1447//1
f 1490//1 1491//1 614//1
f 945//1 1492//1 946//1
f 1493//1 1494//1 1495//1
f 1496//1 1497//1 1498//1
f 1499//1 1500//1 1501//1
f 1502//1 1503//1 1504//1
f 1505//1 1506//1 1507//1
f 1508//1 759//1 758//1
f 1509//1 1510//1 1511//1
f 486//1 1512//1 1513//1
f 701//1 1514//1 1515//1
f 1516//1 1517//1 1518//1
f 1519//1 1255//1 1254//1
f 1520//1 1521//1 1522//1
f 1523//1 1524//1 92//1
f 1525//1 1526//1 1527//1
f 1528//1 1529//1 1530//1
f 1531//1 1532//1 1533//1
f 1534//1 158//1 157//1
f 352//1 351//1 1535//1
f 1536//1 1537//1 1538//1
f 1539//1 1540//1 1541//1
f 554//1 1542//1 1543//1
f 1544//1 1545//1 1546//1
f 1547//1 1548//1 1549//1
f 1550//1 1551//1 1552//1
f 1553//1 1554//1 1555//1
f 1556//1 1557//1 1558//1
f 1032//1 1559//1 1216//1
f 1560//1 790//1 1561//1
f 1562//1 625//1 1563//1
f 1564//1 1565//1 1566//1
f 1567//1 1568//1 1569//1
f 1570//1 1571//1 1572//1
f 1573//1 1574//1 1224//1
f 1575//1 1576//1 1327//1
f 1577//1 1578//1 1579//1
f 1580//1 1581//1 846//1
f 316//1 1582//1 1583//1
f 453//1 1584//1 1585//1
f 1511//1 1586//1 1587//1
f 1551//1 1550//1 1588//1
f 1589//1 368//1 1590//1
f 1591//1 1592//1 1593//1
f 1594//1 676//1 675//1
f 998//1 1595//1 918//1
f 783//1 1596//1 784//1
f 1597//1 1455//1 1454//1
f 1598//1 1599//1 1600//1
f 1601//1 273//1 1602//1
f 1603//1 1604//1 1605//1
f 1606//1 871//1 870//1
f 1607//1 1608//1 1609//1
f 1610//1 756//1 1611//1
f 854//1 1371//1 1612//1
f 1613//1 1614//1 1090//1
f 1615//1 1616//1 1617//1
f 1618//1 1619//1 1620//1
f 166//1 1621//1 167//1
f 1622//1 152//1 1623//1
f 1021//1 1624//1 1625//1
f 1626//1 1627//1 1628//1
f 1629//1 1630//1 1631//1
f 1632//1 1633//1 1634//1
f 1290//1 1635//1 1636//1
f 903//1 1637//1 1638//1
f 1639//1 1640//1 1641//1
f 1102//1 1642//1 1643//1
f 1644//1 1645//1 1646//1
f 1647//1 1648//1 1649//1
f 550//1 1444//1 1650//1
f 660//1 1651//1 218//1
f 883//1 1652//1 1653//1
f 976//1 1299//1 1654//1
f 1655//1 1656//1 1657//1
f 1658//1 1659//1 1660//1
f 1096//1 1661//1 1097//1
f 1662//1 38//1 1663//1
f 880//1 1664//1 878//1
f 1665//1 1666//1 1667//1
f 1668//1 1669//1 301//1
f 1670//1 1671//1 960//1
f 1416//1 1672//1 1673//1
f 1674//1 1675//1 1676//1
f 1677//1 1678//1 1094//1
f 1679//1 560//1 726//1
f 1680//1 1681//1 1682//1
f 1683//1 368//1 1589//1
f 1684//1 1685//1 1686//1
f 1687//1 1688//1 1689//1
f 1011//1 1010//1 1690//1
f 1691//1 1692//1 1693//1
f 1694//1 728//1 1695//1
f 841//1 840//1 1696//1
f 1697//1 1698//1 826//1
f 562//1 343//1 342//1
f 1699//1 1700//1 1701//1
f 1702//1 1703//1 1704//1
f 972//1 1705//1 1706//1
f 941//1 1345//1 1707//1
f 1708//1 1709//1 1710//1
f 1711//1 1712//1 1713//1
f 263//1 262//1 1714//1
f 847//1 1581//1 1715//1
f 1716//1 1717//1 1718//1
f 1577//1 1579//1 553//1
f 1719//1 1720//1 1550//1
f 1721//1 706//1 1722//1
f 250//1 1723//1 1724//1
f 1453//1 1171//1 1725//1
f 1726//1 1408//1 1727//1
f 1728//1 1729//1 1730//1
f 1731//1 1732//1 1733//1
f 1733//1 1732//1 1734//1
f 1735//1 1736//1 1737//1
f 1738//1 115//1 1739//1
f 1740//1 465//1 467//1
f 588//1 1741//1 589//1
f 1680//1 1682//1 1742//1
f 1300//1 1325//1 1743//1
f 1702//1 1744//1 1703//1
f 1745//1 1416//1 1415//1
f 1746//1 1747//1 1748//1
f 1749//1 396//1 1750//1
f 1751//1 919//1 921//1
f 1752//1 1279//1 1753//1
f 1754//1 1755//1 1756//1
f 1757//1 1758//1 1759//1
f 1760//1 492//1 1761//1
f 1762//1 346//1 1763//1
f 1122//1 1528//1 1764//1
f 1765//1 1766//1 1767//1
f 1768//1 1769//1 1770//1
f 1771//1 1772//1 1773//1
f 1738//1 1774//1 536//1
f 1775//1 1776//1 1777//1
f 1778//1 1779//1 1780//1
f 1781//1 1782//1 1783//1
f 148//1 1784//1 1785//1
f 1786//1 627//1 1787//1
f 433//1 1788//1 1789//1
f 1370//1 1790//1 1791//1
f 1136//1 835//1 1792//1
f 66//1 1793//1 1794//1
f 1795//1 1796//1 1028//1
f 1797//1 1798//1 1799//1
f 1800//1 1801//1 1802//1
f 1803//1 1804//1 1805//1
f 458//1 240//1 1806//1
f 1807//1 1808//1 104//1
f 1809//1 1810//1 1811//1
f 1812//1 203//1 1813//1
f 1515//1 1514//1 1225//1
f 1814//1 1815//1 1816//1
f 210//1 1817//1 1818//1
f 1819//1 1820//1 1583//1
f 1821//1 1822//1 1823//1
f 1824//1 1533//1 1825//1
f 1826//1 635//1 1827//1
f 1828//1 1829//1 1134//1
f 432//1 1830//1 433//1
f 30//1 1831//1 1832//1
f 787//1 786//1 1833//1
f 1834//1 388//1 387//1
f 1835//1 1836//1 1837//1
f 1838//1 1839//1 1840//1
f 1841//1 1781//1 1783//1
f 1842//1 1843//1 1844//1
f 1731//1 1792//1 1845//1
f 1846//1 24//1 1847//1
f 1848//1 1849//1 1850//1
f 1023//1 1851//1 1852//1
f 1853//1 1854//1 1855//1
f 1856//1 1857//1 1858//1
f 1859//1 1860//1 1861//1
f 1862//1 1863//1 1864//1
f 1865//1 1866//1 1867//1
f 410//1 1286//1 1868//1
f 1869//1 1870//1 1871//1
f 584//1 1872//1 72//1
f 1873//1 244//1 243//1
f 1874//1 1875//1 1876//1
f 344//1 920//1 342//1
f 1877//1 1878//1 1879//1
f 683//1 1880//1 1881//1
f 1882//1 1883//1 1884//1
f 1885//1 1886//1 1503//1
f 1887//1 1888//1 1889//1
f 1890//1 488//1 490//1
f 1274//1 770//1 1891//1
f 1892//1 1039//1 821//1
f 1458//1 1893//1 1894//1
f 312//1 1895//1 619//1
f 1896//1 1897//1 1898//1
f 1899//1 540//1 1900//1
f 1901//1 1902//1 769//1
f 1903//1 1904//1 96//1
f 140//1 1905//1 141//1
f 1906//1 1907//1 1908//1
f 1909//1 1910//1 1734//1
f 1911//1 1912//1 1913//1
f 1914//1 1915//1 1916//1
f 1917//1 1918//1 1919//1
f 1920//1 688//1 1262//1
f 1921//1 1922//1 1923//1
f 1924//1 1925//1 1023//1
f 816//1 1380//1 814//1
f 1620//1 1926//1 1618//1
f 416//1 415//1 1927//1
f 195//1 194//1 1928//1
f 1929//1 1930//1 1931//1
f 1932//1 1560//1 129//1
f 1933//1 1934//1 1935//1
f 693//1 692//1 1936//1
f 1937//1 392//1 1938//1
f 1939//1 422//1 1940//1
f 1941//1 1942//1 1943//1
f 1944//1 1945//1 1946//1
f 967//1 227//1 1947//1
f 1132//1 1948//1 1949//1
f 813//1 713//1 1950//1
f 248//1 1951//1 1952//1
f 1953//1 1954//1 1939//1
f 1955//1 661//1 1450//1
f 1956//1 1957//1 1958//1
f 1959//1 710//1 1741//1
f 1960//1 1775//1 28//1
f 1086//1 1961//1 1084//1
f 1180//1 992//1 962//1
f 1263//1 1265//1 1962//1
f 1959//1 1963//1 554//1
f 1964//1 1965//1 1966//1
f 1967//1 249//1 251//1
f 648//1 1968//1 649//1
f 1470//1 1969//1 1970//1
f 1971//1 1589//1 1972//1
f 1973//1 1974//1 1975//1
f 679//1 1976//1 110//1
f 1977//1 490//1 1978//1
f 1425//1 1979//1 1980//1
f 801//1 1981//1 1982//1
f 1983//1 1984//1 1985//1
f 1986//1 1987//1 1988//1
f 1989//1 1990//1 1991//1
f 932//1 931//1 1304//1
f 1853//1 235//1 1992//1
f 1993//1 679//1 1994//1
f 1995//1 1996//1 829//1
f 1997//1 1017//1 1514//1
f 1998//1 577//1 169//1
f 1999//1 2000//1 2001//1
f 388//1 2002//1 1784//1
f 2003//1 2004//1 2005//1
f 2006//1 2007//1 2008//1
f 2009//1 2010//1 2011//1
f 2012//1 1983//1 1501//1
f 2013//1 2014//1 2015//1
f 2016//1 1598//1 2017//1
f 2018//1 2019//1 2020//1
f 2021//1 2022//1 2023//1
f 2024//1 2025//1 89//1
f 2026//1 2027//1 2028//1
f 2029//1 2030//1 2031//1
f 2032//1 2033//1 2034//1
f 1956//1 253//1 252//1
f 583//1 1306//1 2035//1
f 1450//1 1452//1 2036//1
f 39//1 1586//1 40//1
f 1045//1 2037//1 2038//1
f 2039//1 2040//1 2041//1
f 2042//1 1295//1 2043//1
f 2044//1 2045//1 2046//1
f 1399//1 2047//1 2048//1
f 2049//1 2050//1 2051//1
f 2052//1 100//1 296//1
f 449//1 448//1 1118//1
f 2053//1 2054//1 2055//1
f 2056//1 133//1 132//1
f 2057//1 2058//1 2059//1
f 638//1 1838//1 892//1
f 1160//1 1961//1 1086//1
f 2060//1 2061//1 2062//1
f 2063//1 1904//1 2064//1
f 2065//1 2066//1 2067//1
f 337//1 1980//1 2068//1
f 2069//1 2070//1 2071//1
f 2072//1 2073//1 2074//1
f 2075//1 1495//1 2076//1
f 2077//1 2078//1 2079//1
f 1847//1 24//1 23//1
f 2080//1 527//1 124//1
f 2081//1 2082//1 2083//1
f 2084//1 1630//1 1629//1
f 2085//1 2086//1 2087//1
f 752//1 2088//1 1855//1
f 2089//1 2090//1 351//1
f 2091//1 2092//1 2093//1
f 341//1 1633//1 1632//1
f 279//1 2094//1 160//1
f 306//1 305//1 2095//1
f 1131//1 2096//1 1948//1
f 2097//1 373//1 108//1
f 2098//1 1053//1 2099//1
f 2100//1 2101//1 530//1
f 2102//1 2103//1 518//1
f 2104//1 2105//1 2106//1
f 1069//1 2107//1 1546//1
f 2108//1 894//1 2109//1
f 2110//1 102//1 101//1
f 604//1 19//1 1561//1
f 1445//1 2111//1 674//1
f 2112//1 2113//1 2114//1
f 2115//1 2116//1 2117//1
f 2118//1 600//1 2119//1
f 2120//1 2121//1 2122//1
f 2123//1 1816//1 1815//1
f 2124//1 2125//1 523//1
f 2126//1 95//1 2127//1
f 2128//1 705//1 2129//1
f 644//1 2130//1 2131//1
f 1653//1 85//1 2132//1
f 2133//1 526//1 2134//1
f 2135//1 2136//1 859//1
f 1947//1 1286//1 1285//1
f 1443//1 49//1 695//1
f 386//1 385//1 2137//1
f 2138//1 2139//1 1592//1
f 1845//1 512//1 514//1
f 2140//1 2141//1 2142//1
f 2143//1 2144//1 1798//1
f 2145//1 2146//1 2147//1
f 268//1 2148//1 2149//1
f 1984//1 2150//1 2151//1
f 2152//1 1356//1 2153//1
f 2154//1 2155//1 2156//1
f 74//1 1517//1 2157//1
f 2158//1 2159//1 2160//1
f 2161//1 650//1 652//1
f 1962//1 2162//1 2163//1
f 2164//1 2165//1 201//1
f 2166//1 2167//1 1096//1
f 2168//1 1358//1 1112//1
f 2169//1 2170//1 2171//1
f 1455//1 2172//1 1170//1
f 2173//1 2174//1 2175//1
f 2176//1 846//1 845//1
f 2177//1 2178//1 2179//1
f 2180//1 1710//1 2181//1
f 2182//1 432//1 1555//1
f 2183//1 2184//1 2185//1
f 2139//1 1593//1 1592//1
f 2186//1 2187//1 1019//1
f 1023//1 1852//1 2188//1
f 2189//1 2190//1 2191//1
f 2192//1 2193//1 1464//1
f 2194//1 1726//1 1727//1
f 2036//1 2195//1 2196//1
f 2197//1 1101//1 1640//1
f 345//1 2198//1 2199//1
f 2200//1 1558//1 2201//1
f 2202//1 567//1 2203//1
f 137//1 2204//1 2205//1
f 2206//1 2028//1 2207//1
f 2208//1 2209//1 2210//1
f 2211//1 825//1 2212//1
f 429//1 830//1 430//1
f 1071//1 2213//1 2214//1
f 2215//1 2216//1 2217//1
f 2218//1 2219//1 2220//1
f 1756//1 2221//1 1911//1
f 2222//1 2223//1 2224//1
f 2225//1 2226//1 1212//1
f 2227//1 2228//1 2229//1
f 2230//1 2231//1 2232//1
f 1404//1 2233//1 2234//1
f 2235//1 2236//1 2237//1
f 886//1 2238//1 887//1
f 2239//1 99//1 2240//1
f 1398//1 1397//1 2241//1
f 2242//1 2243//1 2244//1
f 2245//1 2246//1 2247//1
f 1810//1 2248//1 2249//1
f 2250//1 591//1 2251//1
f 176//1 2203//1 2252//1
f 2253//1 1175//1 2254//1
f 2255//1 2256//1 2257//1
f 1220//1 734//1 2258//1
f 1129//1 2259//1 699//1
f 2260//1 2261//1 843//1
f 2262//1 2263//1 2264//1
f 649//1 280//1 1325//1
f 2265//1 2266//1 2267//1
f 2268//1 2269//1 2212//1
f 1555//1 2270//1 360//1
f 2271//1 2272//1 2273//1
f 2274//1 2275//1 2276//1
f 2277//1 642//1 2278//1
f 2279//1 2280//1 2281//1
f 1814//1 1816//1 1051//1
f 2282//1 2283//1 1476//1
f 2284//1 2285//1 2286//1
f 2287//1 1469//1 2288//1
f 2289//1 1091//1 2290//1
f 1005//1 2291//1 2292//1
f 99//1 2293//1 2240//1
f 366//1 2294//1 2295//1
f 1772//1 2296//1 1773//1
f 2297//1 875//1 2298//1
f 2299//1 2300//1 2301//1
f 2302//1 1349//1 2303//1
f 2304//1 258//1 500//1
f 2305//1 2306//1 2307//1
f 982//1 2308//1 2309//1
f 356//1 2310//1 2311//1
f 1863//1 1862//1 2312//1
f 604//1 1561//1 605//1
f 2313//1 2314//1 2315//1
f 2016//1 2017//1 2316//1
f 589//1 1741//1 710//1
f 2317//1 2318//1 2319//1
f 2320//1 678//1 2321//1
f 592//1 2322//1 2323//1
f 251//1 2247//1 2324//1
f 2325//1 2326//1 2040//1
f 2327//1 2328//1 2329//1
f 975//1 2330//1 75//1
f 262//1 1454//1 2331//1
f 1919//1 2332//1 2333//1
f 2334//1 106//1 2335//1
f 2336//1 694//1 1208//1
f 2337//1 762//1 2338//1
f 2339//1 546//1 548//1
f 1068//1 1122//1 2340//1
f 2341//1 1673//1 2342//1
f 2343//1 2344//1 2345//1
f 2346//1 2347//1 1869//1
f 2348//1 2349//1 2350//1
f 2351//1 2352//1 620//1
f 2353//1 2354//1 2355//1
f 2356//1 1582//1 315//1
f 1064//1 2357//1 2//1
f 2358//1 697//1 2359//1
f 882//1 2360//1 2361//1
f 2362//1 2363//1 2364//1
f 2365//1 2366//1 2367//1
f 2368//1 364//1 363//1
f 1709//1 2369//1 1710//1
f 2370//1 2371//1 807//1
f 2372//1 2373//1 1845//1
f 1350//1 430//1 2374//1
f 1648//1 1647//1 2375//1
f 635//1 2376//1 1827//1
f 2377//1 2378//1 2379//1
f 2380//1 2381//1 2382//1
f 2383//1 2384//1 2385//1
f 2386//1 1958//1 2387//1
f 2388//1 2389//1 2390//1
f 1227//1 2391//1 1228//1
f 276//1 278//1 2392//1
f 1469//1 1468//1 2288//1
f 1748//1 2393//1 2394//1
f 2395//1 2396//1 2397//1
f 2398//1 2399//1 2400//1
f 2401//1 2402//1 1238//1
f 1476//1 2403//1 1477//1
f 2404//1 2405//1 2406//1
f 2086//1 1992//1 652//1
f 2407//1 868//1 2408//1
f 2409//1 2410//1 475//1
f 684//1 1882//1 2080//1
f 2411//1 2412//1 2413//1
f 2414//1 2415//1 2416//1
f 2331//1 1453//1 1725//1
f 2417//1 2418//1 1264//1
f 2419//1 2420//1 2421//1
f 2422//1 2423//1 2424//1
f 2425//1 2426//1 2427//1
f 2428//1 1139//1 2429//1
f 2249//1 2430//1 2431//1
f 1356//1 2432//1 1357//1
f 1400//1 2433//1 2434//1
f 721//1 720//1 2435//1
f 2436//1 2437//1 2438//1
f 2439//1 2440//1 2441//1
f 2442//1 2443//1 2444//1
f 2445//1 2446//1 2447//1
f 2448//1 1803//1 2449//1
f 1697//1 826//1 2450//1
f 2451//1 2452//1 1707//1
f 1418//1 2453//1 2454//1
f 268//1 785//1 2148//1
f 2455//1 2456//1 2457//1
f 2458//1 2459//1 2460//1
f 2461//1 1172//1 1174//1
f 2462//1 702//1 862//1
f 2103//1 1621//1 166//1
f 2463//1 2464//1 2465//1
f 2466//1 2467//1 2468//1
f 2469//1 2470//1 2471//1
f 60//1 2472//1 2473//1
f 2474//1 2475//1 466//1
f 2476//1 2477//1 2478//1
f 2479//1 2314//1 2480//1
f 2481//1 420//1 2482//1
f 1443//1 1905//1 1444//1
f 1713//1 2483//1 2484//1
f 1905//1 695//1 141//1
f 745//1 2485//1 481//1
f 2486//1 2487//1 2488//1
f 2489//1 690//1 2490//1
f 2491//1 2216//1 2492//1
f 1311//1 2493//1 2494//1
f 2495//1 2285//1 1760//1
f 255//1 1402//1 641//1
f 1294//1 1214//1 2496//1
f 912//1 911//1 2497//1
f 2498//1 2499//1 2500//1
f 2501//1 175//1 2151//1
f 2502//1 2503//1 2504//1
f 2505//1 1693//1 2506//1
f 2358//1 2359//1 2507//1
f 2508//1 2173//1 1675//1
f 2509//1 2510//1 2511//1
f 857//1 2512//1 2513//1
f 2514//1 2515//1 1865//1
f 379//1 378//1 2516//1
f 557//1 2471//1 2517//1
f 2196//1 2195//1 2003//1
f 464//1 2518//1 2519//1
f 2520//1 2521//1 287//1
f 2091//1 2522//1 2523//1
f 705//1 1414//1 2129//1
f 2524//1 2525//1 2475//1
f 2526//1 2527//1 2528//1
f 2529//1 389//1 2530//1
f 2531//1 2532//1 2533//1
f 2106//1 2534//1 2503//1
f 1767//1 1766//1 2535//1
f 2536//1 2537//1 936//1
f 533//1 532//1 2538//1
f 2539//1 2540//1 1531//1
f 2541//1 1504//1 2099//1
f 2542//1 1314//1 1313//1
f 2531//1 2543//1 2306//1
f 2544//1 2545//1 272//1
f 2546//1 2547//1 1426//1
f 2390//1 2548//1 2549//1
f 2540//1 2550//1 2551//1
f 1193//1 1221//1 1191//1
f 1288//1 1287//1 2552//1
f 1784//1 2002//1 1785//1
f 1423//1 1565//1 2553//1
f 2554//1 178//1 2555//1
f 586//1 2336//1 1207//1
f 2556//1 2557//1 295//1
f 2558//1 2559//1 2179//1
f 136//1 135//1 2560//1
f 1621//1 2561//1 2562//1
f 2563//1 2272//1 2271//1
f 2564//1 2565//1 524//1
f 75//1 2566//1 76//1
f 437//1 2567//1 435//1
f 2568//1 2458//1 2460//1
f 1656//1 2569//1 158//1
f 2570//1 2571//1 1238//1
f 353//1 2572//1 2573//1
f 2574//1 2575//1 2576//1
f 2577//1 2578//1 2579//1
f 370//1 369//1 2580//1
f 2581//1 2256//1 2255//1
f 2582//1 2583//1 2584//1
f 779//1 2585//1 2586//1
f 2113//1 2587//1 2588//1
f 2589//1 2590//1 2591//1
f 2592//1 2593//1 2594//1
f 1448//1 672//1 2111//1
f 2595//1 409//1 2596//1
f 238//1 237//1 2597//1
f 2598//1 2599//1 2600//1
f 1540//1 2044//1 2046//1
f 734//1 2169//1 2258//1
f 1894//1 360//1 359//1
f 2601//1 2428//1 2602//1
f 2603//1 2604//1 2605//1
f 43//1 42//1 2606//1
f 2607//1 86//1 2608//1
f 1398//1 2047//1 1399//1
f 2609//1 484//1 460//1
f 2610//1 1120//1 1119//1
f 82//1 775//1 1858//1
f 2005//1 1227//1 2611//1
f 2612//1 2613//1 2144//1
f 2614//1 2615//1 545//1
f 919//1 2616//1 2617//1
f 2618//1 2619//1 2620//1
f 2621//1 2622//1 2623//1
f 2624//1 2625//1 2626//1
f 72//1 1872//1 1277//1
f 766//1 2627//1 2628//1
f 2629//1 2630//1 2631//1
f 2632//1 2633//1 477//1
f 2634//1 2635//1 1206//1
f 806//1 2175//1 2636//1
f 2637//1 329//1 2638//1
f 2639//1 2346//1 2640//1
f 552//1 2641//1 1577//1
f 2642//1 1658//1 2643//1
f 2644//1 2310//1 2645//1
f 1288//1 2646//1 2647//1
f 1567//1 2648//1 2649//1
f 2650//1 1187//1 2377//1
f 2096//1 2651//1 2162//1
f 2652//1 1449//1 2653//1
f 2654//1 1996//1 1995//1
f 2655//1 2656//1 2657//1
f 1070//1 2658//1 1373//1
f 2659//1 2660//1 2661//1
f 1320//1 2662//1 1321//1
f 185//1 2663//1 2664//1
f 2665//1 1301//1 1300//1
f 980//1 2666//1 2667//1
f 1431//1 1433//1 2090//1
f 2668//1 2370//1 806//1
f 1256//1 1255//1 2669//1
f 2670//1 2671//1 2672//1
f 2673//1 2674//1 1568//1
f 1290//1 1636//1 1291//1
f 2038//1 2675//1 2676//1
f 2677//1 2678//1 1061//1
f 887//1 2238//1 2679//1
f 374//1 2680//1 2681//1
f 2682//1 2683//1 2684//1
f 2685//1 493//1 2686//1
f 446//1 445//1 2687//1
f 1449//1 2652//1 547//1
f 2236//1 2688//1 2237//1
f 2689//1 2690//1 2691//1
f 2692//1 2693//1 693//1
f 2694//1 2695//1 1910//1
f 2628//1 2696//1 2697//1
f 1584//1 2135//1 859//1
f 2698//1 2699//1 1965//1
f 2700//1 2582//1 2701//1
f 1331//1 1100//1 2702//1
f 2094//1 279//1 2703//1
f 1642//1 1102//1 2197//1
f 2704//1 2705//1 2706//1
f 1000//1 2707//1 1700//1
f 1042//1 2708//1 2709//1
f 2710//1 948//1 1362//1
f 2711//1 2712//1 2375//1
f 2713//1 2714//1 2715//1
f 1572//1 1571//1 1870//1
f 2566//1 2716//1 2717//1
f 2718//1 2719//1 2720//1
f 2721//1 2722//1 793//1
f 2429//1 2602//1 2428//1
f 2723//1 1359//1 2724//1
f 2725//1 2726//1 163//1
f 2727//1 2728//1 2729//1
f 2730//1 1278//1 2731//1
f 2010//1 2732//1 1003//1
f 2540//1 2551//1 2733//1
f 2734//1 2735//1 2736//1
f 2737//1 1151//1 1302//1
f 2738//1 1245//1 2739//1
f 2272//1 2103//1 166//1
f 2740//1 2502//1 2504//1
f 2741//1 2742//1 1267//1
f 2716//1 2743//1 2744//1
f 1573//1 584//1 2745//1
f 541//1 2746//1 447//1
f 2747//1 2748//1 211//1
f 1921//1 1923//1 2749//1
f 2750//1 2751//1 2752//1
f 2753//1 2754//1 2297//1
f 536//1 535//1 1738//1
f 2755//1 2756//1 2265//1
f 2757//1 2693//1 2758//1
f 2759//1 1428//1 2556//1
f 149//1 2760//1 150//1
f 2761//1 2762//1 818//1
f 2447//1 2115//1 2763//1
f 2452//1 278//1 2764//1
f 2124//1 522//1 2765//1
f 2001//1 2766//1 195//1
f 2767//1 2768//1 2769//1
f 2770//1 1429//1 2771//1
f 189//1 2772//1 2773//1
f 87//1 2774//1 88//1
f 2775//1 2776//1 1247//1
f 939//1 938//1 2777//1
f 1224//1 712//1 714//1
f 114//1 2778//1 1739//1
f 210//1 2779//1 1817//1
f 2780//1 1649//1 2781//1
f 564//1 2782//1 2783//1
f 1427//1 1426//1 2784//1
f 1339//1 707//1 931//1
f 221//1 2696//1 2785//1
f 2786//1 2787//1 2788//1
f 126//1 2789//1 127//1
f 2790//1 2791//1 2792//1
f 2793//1 1897//1 1744//1
f 2750//1 2794//1 2751//1
f 2051//1 725//1 1574//1
f 2795//1 2796//1 2797//1
f 2798//1 1276//1 2799//1
f 865//1 2800//1 2801//1
f 1666//1 556//1 1667//1
f 1007//1 2802//1 1313//1
f 2803//1 1692//1 1691//1
f 2804//1 2805//1 2806//1
f 2807//1 1636//1 2686//1
f 2808//1 1226//1 1228//1
f 2809//1 2682//1 2810//1
f 752//1 1854//1 2811//1
f 2812//1 2813//1 722//1
f 89//1 91//1 2078//1
f 2814//1 2815//1 1601//1
f 2235//1 2784//1 2069//1
f 2470//1 2816//1 2817//1
f 2818//1 2819//1 2820//1
f 1393//1 2821//1 429//1
f 2822//1 2545//1 2823//1
f 2807//1 2824//1 1291//1
f 221//1 2825//1 2696//1
f 2826//1 2827//1 2828//1
f 270//1 742//1 63//1
f 2829//1 2830//1 2831//1
f 1309//1 1261//1 2832//1
f 1392//1 2833//1 1393//1
f 2297//1 2834//1 875//1
f 2835//1 2662//1 1320//1
f 487//1 2836//1 2837//1
f 2838//1 2270//1 2839//1
f 2658//1 2840//1 1373//1
f 2723//1 2841//1 1301//1
f 2842//1 2843//1 2844//1
f 2845//1 2605//1 246//1
f 2846//1 585//1 587//1
f 861//1 319//1 859//1
f 894//1 2847//1 495//1
f 2848//1 549//1 2849//1
f 198//1 197//1 2850//1
f 920//1 2851//1 921//1
f 2852//1 2206//1 1398//1
f 2853//1 2854//1 1321//1
f 2855//1 1726//1 2194//1
f 2856//1 1215//1 2857//1
f 2858//1 2066//1 2065//1
f 1067//1 2859//1 2860//1
f 2861//1 2862//1 2863//1
f 1631//1 1630//1 509//1
f 2852//1 1398//1 2241//1
f 2864//1 1598//1 2016//1
f 2865//1 2609//1 2866//1
f 2867//1 1620//1 1619//1
f 605//1 2868//1 606//1
f 2199//1 2198//1 2869//1
f 2870//1 2871//1 1065//1
f 2244//1 2243//1 2872//1
f 867//1 869//1 2873//1
f 845//1 847//1 502//1
f 2874//1 2875//1 2555//1
f 2876//1 1327//1 2877//1
f 1714//1 2878//1 263//1
f 2879//1 2880//1 2881//1
f 1479//1 2882//1 1480//1
f 2883//1 2884//1 2885//1
f 2886//1 2887//1 354//1
f 636//1 801//1 800//1
f 47//1 2888//1 2889//1
f 334//1 2890//1 1442//1
f 2891//1 709//1 711//1
f 2587//1 2113//1 2523//1
f 2892//1 2799//1 2893//1
f 2894//1 1066//1 2765//1
f 91//1 2597//1 2384//1
f 1970//1 2895//1 2896//1
f 2811//1 1854//1 1908//1
f 2897//1 2898//1 2899//1
f 348//1 2900//1 2901//1
f 1208//1 2902//1 1209//1
f 1366//1 2903//1 1367//1
f 2904//1 2905//1 2906//1
f 2907//1 2770//1 2908//1
f 2909//1 2638//1 783//1
f 2910//1 1628//1 1627//1
f 800//1 2911//1 636//1
f 2912//1 761//1 760//1
f 2913//1 2914//1 2264//1
f 1845//1 1792//1 2372//1
f 2915//1 1377//1 2916//1
f 328//1 1922//1 1921//1
f 2917//1 156//1 2569//1
f 2127//1 2918//1 2919//1
f 85//1 84//1 2132//1
f 2920//1 2921//1 861//1
f 2789//1 2922//1 127//1
f 2923//1 2436//1 2438//1
f 718//1 2924//1 1432//1
f 985//1 2688//1 2925//1
f 930//1 2926//1 2927//1
f 2928//1 2929//1 2510//1
f 2930//1 2931//1 2932//1
f 1514//1 701//1 1997//1
f 1769//1 1768//1 2790//1
f 21//1 20//1 1230//1
f 2933//1 292//1 294//1
f 2934//1 2630//1 2629//1
f 2935//1 2936//1 2612//1
f 2937//1 2938//1 2939//1
f 2598//1 2600//1 2940//1
f 237//1 2385//1 2597//1
f 1872//1 2450//1 826//1
f 2941//1 2942//1 2943//1
f 2944//1 626//1 2229//1
f 2559//1 34//1 2177//1
f 299//1 298//1 318//1
f 2945//1 1645//1 2946//1
f 2947//1 2948//1 2464//1
f 1786//1 1787//1 298//1
f 2949//1 2950//1 2951//1
f 2952//1 1237//1 1236//1
f 2953//1 2818//1 2820//1
f 2954//1 2955//1 2956//1
f 2957//1 2958//1 1790//1
f 2959//1 2960//1 2923//1
f 1588//1 1954//1 1551//1
f 2961//1 2962//1 2963//1
f 1875//1 2065//1 2067//1
f 2964//1 2145//1 2965//1
f 1900//1 540//1 542//1
f 2399//1 2966//1 2400//1
f 155//1 2967//1 243//1
f 1701//1 2968//1 2969//1
f 2763//1 2970//1 2447//1
f 1452//1 1820//1 1819//1
f 2971//1 2846//1 2972//1
f 2973//1 2974//1 2975//1
f 2976//1 1078//1 2977//1
f 1681//1 2978//1 1682//1
f 2979//1 1934//1 2980//1
f 2981//1 687//1 686//1
f 2982//1 1699//1 2806//1
f 2983//1 728//1 1694//1
f 162//1 164//1 1394//1
f 2815//1 1623//1 271//1
f 2984//1 2985//1 2986//1
f 2987//1 2619//1 2988//1
f 484//1 219//1 483//1
f 1517//1 76//1 2989//1
f 2990//1 572//1 574//1
f 2991//1 952//1 951//1
f 2992//1 2993//1 2994//1
f 31//1 38//1 1662//1
f 2995//1 2996//1 2997//1
f 2044//1 1540//1 254//1
f 1969//1 934//1 936//1
f 2998//1 2978//1 1681//1
f 2999//1 3000//1 2703//1
f 3001//1 3002//1 2053//1
f 2966//1 3003//1 1664//1
f 3004//1 3005//1 1039//1
f 3006//1 3007//1 3008//1
f 2965//1 2145//1 2147//1
f 3009//1 69//1 3010//1
f 239//1 3011//1 36//1
f 33//1 3012//1 1717//1
f 964//1 216//1 3013//1
f 436//1 966//1 2667//1
f 3014//1 3015//1 2347//1
f 1157//1 3016//1 3017//1
f 3018//1 631//1 1252//1
f 2425//1 2427//1 2225//1
f 3019//1 3020//1 2562//1
f 2851//1 3021//1 2830//1
f 3022//1 1721//1 3023//1
f 3024//1 3025//1 1808//1
f 3026//1 3027//1 3028//1
f 3029//1 3030//1 3031//1
f 3032//1 2282//1 3033//1
f 3034//1 3035//1 1526//1
f 2698//1 1965//1 3036//1
f 1670//1 2339//1 3037//1
f 6//1 3038//1 2950//1
f 3039//1 3040//1 3041//1
f 1579//1 2585//1 1542//1
f 662//1 2907//1 1987//1
f 3042//1 3043//1 2013//1
f 3044//1 2581//1 1901//1
f 2688//1 2236//1 1226//1
f 1417//1 1416//1 1673//1
f 1844//1 1843//1 3045//1
f 2265//1 2535//1 1766//1
f 1279//1 1028//1 1027//1
f 3046//1 3047//1 1993//1
f 3048//1 3049//1 3050//1
f 3051//1 2922//1 3052//1
f 45//1 2139//1 3053//1
f 3054//1 3055//1 3056//1
f 2573//1 3057//1 942//1
f 2331//1 1725//1 3058//1
f 547//1 3059//1 1449//1
f 377//1 376//1 3060//1
f 3061//1 3062//1 629//1
f 3063//1 3064//1 3065//1
f 1836//1 2970//1 1211//1
f 3066//1 2147//1 2146//1
f 3067//1 1697//1 714//1
f 2174//1 2173//1 3068//1
f 753//1 1599//1 751//1
f 3052//1 3069//1 3070//1
f 25//1 1583//1 1820//1
f 661//1 663//1 1450//1
f 2420//1 3071//1 2421//1
f 1118//1 3072//1 3073//1
f 3074//1 933//1 3075//1
f 3076//1 3077//1 3078//1
f 3079//1 398//1 397//1
f 3080//1 3081//1 3035//1
f 2855//1 3082//1 1726//1
f 3083//1 3084//1 1382//1
f 3085//1 3086//1 3087//1
f 1101//1 1103//1 3088//1
f 3089//1 3090//1 1809//1
f 3091//1 22//1 3092//1
f 2942//1 2941//1 3093//1
f 909//1 3094//1 1684//1
f 3095//1 3096//1 2128//1
f 3097//1 2069//1 2071//1
f 3098//1 3099//1 2671//1
f 1029//1 3100//1 1027//1
f 789//1 1472//1 3101//1
f 1844//1 3045//1 133//1
f 1635//1 3102//1 1636//1
f 2863//1 3103//1 3104//1
f 3105//1 471//1 3106//1
f 1488//1 1447//1 1446//1
f 3107//1 172//1 3108//1
f 3109//1 1474//1 3110//1
f 3111//1 3112//1 3113//1
f 3114//1 3115//1 3116//1
f 3117//1 3118//1 3119//1
f 3120//1 3075//1 3121//1
f 879//1 878//1 3122//1
f 2349//1 2953//1 3123//1
f 2641//1 1797//1 1799//1
f 3124//1 423//1 566//1
f 3125//1 3126//1 3127//1
f 2769//1 2768//1 3128//1
f 3129//1 3130//1 3131//1
f 309//1 2945//1 307//1
f 3132//1 3133//1 3134//1
f 3135//1 2094//1 2703//1
f 3136//1 3137//1 797//1
f 3138//1 2719//1 337//1
f 3139//1 613//1 2266//1
f 3140//1 1414//1 425//1
f 3141//1 2063//1 3142//1
f 2207//1 3143//1 2047//1
f 3144//1 2366//1 2365//1
f 52//1 3107//1 3108//1
f 678//1 3145//1 3146//1
f 3147//1 2525//1 3148//1
f 668//1 227//1 967//1
f 3149//1 3064//1 2577//1
f 3027//1 3150//1 3151//1
f 3152//1 3153//1 617//1
f 1725//1 3154//1 3058//1
f 3071//1 3155//1 852//1
f 3156//1 3157//1 3158//1
f 3159//1 1353//1 1352//1
f 1617//1 1616//1 3160//1
f 3161//1 1070//1 1372//1
f 3162//1 3163//1 1232//1
f 3087//1 3086//1 2041//1
f 546//1 1712//1 3164//1
f 3165//1 3090//1 2560//1
f 2208//1 2210//1 3166//1
f 3167//1 3168//1 3169//1
f 1933//1 1935//1 3170//1
f 3171//1 3172//1 3173//1
f 3174//1 3175//1 3176//1
f 82//1 81//1 775//1
f 507//1 2165//1 3177//1
f 1199//1 1605//1 3178//1
f 3179//1 1973//1 3180//1
f 1224//1 1574//1 1222//1
f 3181//1 2656//1 2655//1
f 3182//1 1837//1 1836//1
f 2246//1 3183//1 3184//1
f 3185//1 203//1 3186//1
f 3187//1 179//1 178//1
f 3188//1 2084//1 1629//1
f 269//1 607//1 3189//1
f 3044//1 1901//1 3190//1
f 3191//1 3192//1 1771//1
f 3094//1 3193//1 3194//1
f 463//1 3195//1 464//1
f 3196//1 2580//1 3197//1
f 3198//1 3199//1 3200//1
f 3201//1 3032//1 3202//1
f 3203//1 3204//1 1322//1
f 1141//1 1378//1 1142//1
f 2511//1 3205//1 3206//1
f 2170//1 3207//1 3208//1
f 545//1 544//1 2614//1
f 2903//1 3209//1 1367//1
f 3210//1 39//1 3211//1
f 798//1 3212//1 3213//1
f 1626//1 1628//1 2476//1
f 3214//1 3215//1 3216//1
f 1976//1 679//1 1993//1
f 2001//1 408//1 1999//1
f 3217//1 3218//1 3219//1
f 3043//1 3220//1 3221//1
f 3177//1 3222//1 507//1
f 3223//1 3224//1 3225//1
f 2632//1 3226//1 2633//1
f 2627//1 2696//1 2628//1
f 3186//1 203//1 1812//1
f 3227//1 1746//1 3228//1
f 3229//1 1347//1 3230//1
f 1737//1 3231//1 2304//1
f 3232//1 3233//1 888//1
f 3234//1 3235//1 3236//1
f 2805//1 3237//1 3238//1
f 3239//1 148//1 1785//1
f 2251//1 3240//1 2250//1
f 611//1 3241//1 2030//1
f 905//1 454//1 1585//1
f 3242//1 343//1 562//1
f 3243//1 3244//1 3245//1
f 339//1 2130//1 644//1
f 1509//1 1511//1 1587//1
f 324//1 1515//1 1225//1
f 3246//1 3247//1 3248//1
f 769//1 3249//1 767//1
f 1415//1 1417//1 3250//1
f 3251//1 3252//1 3253//1
f 211//1 2748//1 209//1
f 2032//1 3254//1 1736//1
f 2093//1 3255//1 2522//1
f 1496//1 3256//1 1168//1
f 688//1 3257//1 833//1
f 3258//1 2048//1 2047//1
f 1472//1 3259//1 1470//1
f 372//1 374//1 1388//1
f 496//1 931//1 494//1
f 243//1 245//1 155//1
f 3260//1 2850//1 3261//1
f 1110//1 1173//1 3262//1
f 3263//1 3264//1 3265//1
f 3266//1 3267//1 3268//1
f 3269//1 1204//1 3270//1
f 3271//1 45//1 44//1
f 1767//1 2535//1 3272//1
f 2869//1 3273//1 3274//1
f 3275//1 3276//1 3277//1
f 3278//1 778//1 3279//1
f 3280//1 3058//1 3281//1
f 212//1 3282//1 213//1
f 3283//1 3284//1 3285//1
f 3107//1 594//1 173//1
f 656//1 3286//1 3287//1
f 2372//1 2876//1 2373//1
f 3288//1 3289//1 2890//1
f 3290//1 3291//1 3292//1
f 438//1 3293//1 1781//1
f 3294//1 3295//1 3214//1
f 777//1 3162//1 1232//1
f 3296//1 3297//1 3298//1
f 3299//1 1052//1 2732//1
f 3300//1 2152//1 2408//1
f 1656//1 158//1 2034//1
f 3103//1 563//1 3104//1
f 137//1 3301//1 138//1
f 3302//1 2027//1 3303//1
f 2462//1 700//1 702//1
f 1384//1 3304//1 1613//1
f 435//1 3305//1 965//1
f 2233//1 317//1 3306//1
f 3307//1 1163//1 1162//1
f 3308//1 2211//1 1085//1
f 2772//1 593//1 2773//1
f 3309//1 526//1 2133//1
f 3136//1 799//1 3310//1
f 3311//1 3312//1 3313//1
f 3083//1 3314//1 3144//1
f 3315//1 887//1 2679//1
f 59//1 61//1 3316//1
f 3317//1 2014//1 2013//1
f 3318//1 3319//1 3320//1
f 3321//1 2275//1 3322//1
f 3323//1 1240//1 1239//1
f 1653//1 1652//1 3324//1
f 3279//1 778//1 1833//1
f 3325//1 222//1 3326//1
f 3327//1 3328//1 867//1
f 2413//1 1607//1 2202//1
f 499//1 3329//1 1437//1
f 1076//1 1075//1 3330//1
f 3331//1 3332//1 3333//1
f 1931//1 657//1 3003//1
f 2661//1 98//1 3334//1
f 3335//1 3336//1 3337//1
f 2995//1 3338//1 3339//1
f 3340//1 3341//1 3342//1
f 3343//1 150//1 2760//1
f 3344//1 3345//1 1592//1
f 3068//1 3346//1 2174//1
f 3347//1 3348//1 3349//1
f 475//1 474//1 2488//1
f 3191//1 2303//1 3192//1
f 3016//1 2621//1 1462//1
f 3350//1 3331//1 3333//1
f 3166//1 2210//1 2786//1
f 2213//1 3351//1 3352//1
f 1799//1 3353//1 2641//1
f 1995//1 1252//1 631//1
f 2998//1 1448//1 3354//1
f 3177//1 3072//1 3222//1
f 39//1 3355//1 1587//1
f 1666//1 3254//1 2469//1
f 3356//1 3357//1 3358//1
f 3359//1 1250//1 1249//1
f 2556//1 3360//1 3361//1
f 3362//1 3363//1 3364//1
f 253//1 3365//1 2044//1
f 3366//1 200//1 202//1
f 846//1 2176//1 3367//1
f 2257//1 622//1 3368//1
f 1020//1 1624//1 1021//1
f 3369//1 3370//1 3371//1
f 3372//1 2861//1 3373//1
f 3129//1 915//1 848//1
f 2157//1 1517//1 1516//1
f 1542//1 2585//1 3374//1
f 3365//1 2386//1 3375//1
f 692//1 3376//1 1936//1
f 1727//1 3377//1 2194//1
f 3378//1 3379//1 1465//1
f 3380//1 2399//1 3381//1
f 1900//1 3145//1 1899//1
f 130//1 1338//1 129//1
f 3382//1 3267//1 3266//1
f 3383//1 3384//1 2616//1
f 2831//1 3054//1 3385//1
f 1354//1 1936//1 3172//1
f 2762//1 3386//1 3387//1
f 3388//1 3389//1 3287//1
f 3163//1 3162//1 2824//1
f 3390//1 1725//1 1171//1
f 3391//1 2624//1 3392//1
f 3023//1 3393//1 2767//1
f 2753//1 3394//1 2754//1
f 3022//1 3395//1 1721//1
f 3396//1 3339//1 3338//1
f 458//1 457//1 241//1
f 164//1 163//1 2979//1
f 3397//1 2311//1 1627//1
f 3398//1 1698//1 3399//1
f 3400//1 3263//1 3401//1
f 765//1 1229//1 3402//1
f 724//1 1222//1 725//1
f 774//1 773//1 1620//1
f 3403//1 3404//1 2371//1
f 1508//1 3405//1 2416//1
f 3406//1 3407//1 3408//1
f 3125//1 1375//1 1821//1
f 803//1 2434//1 804//1
f 2303//1 1349//1 3409//1
f 3410//1 2855//1 897//1
f 484//1 3411//1 219//1
f 1628//1 3412//1 2477//1
f 917//1 825//1 3413//1
f 3414//1 3336//1 3335//1
f 544//1 2191//1 3415//1
f 3416//1 3417//1 2672//1
f 2799//1 3418//1 3419//1
f 3420//1 2105//1 2104//1
f 80//1 566//1 81//1
f 180//1 3421//1 1499//1
f 2872//1 2243//1 3422//1
f 3423//1 3424//1 3425//1
f 1663//1 571//1 3144//1
f 3426//1 3427//1 3428//1
f 2535//1 2265//1 2267//1
f 2852//1 872//1 2026//1
f 3184//1 3429//1 2324//1
f 290//1 340//1 291//1
f 3430//1 3431//1 266//1
f 1342//1 232//1 1272//1
f 3432//1 176//1 2252//1
f 2013//1 2015//1 3042//1
f 3433//1 3434//1 3435//1
f 2326//1 3436//1 3437//1
f 2310//1 2644//1 3438//1
f 1226//1 2611//1 1227//1
f 270//1 3439//1 2927//1
f 3440//1 3441//1 3442//1
f 926//1 3443//1 1641//1
f 902//1 904//1 1105//1
f 3444//1 3445//1 2931//1
f 3446//1 1907//1 3447//1
f 1716//1 1718//1 3448//1
f 262//1 2331//1 3280//1
f 2721//1 792//1 3449//1
f 3260//1 3298//1 3450//1
f 2267//1 1195//1 3451//1
f 3452//1 3453//1 3088//1
f 3454//1 3455//1 3275//1
f 3456//1 3457//1 122//1
f 1030//1 347//1 2589//1
f 3271//1 1593//1 2139//1
f 523//1 3458//1 1991//1
f 1463//1 3459//1 372//1
f 1995//1 631//1 630//1
f 3442//1 3460//1 3461//1
f 3462//1 3463//1 168//1
f 3464//1 3465//1 1330//1
f 1594//1 3466//1 676//1
f 3237//1 2805//1 2804//1
f 3467//1 3468//1 3142//1
f 1483//1 3469//1 1484//1
f 3470//1 2210//1 3471//1
f 3472//1 3473//1 3057//1
f 1136//1 3474//1 3475//1
f 954//1 3476//1 3477//1
f 920//1 3478//1 342//1
f 390//1 2394//1 3479//1
f 2086//1 651//1 3480//1
f 3481//1 1283//1 3482//1
f 946//1 3483//1 2593//1
f 2552//1 3484//1 3485//1
f 2226//1 2225//1 3486//1
f 1492//1 732//1 731//1
f 727//1 654//1 653//1
f 1884//1 3487//1 1882//1
f 1570//1 3488//1 1571//1
f 3489//1 3490//1 3491//1
f 3492//1 3493//1 1386//1
f 3078//1 1931//1 3494//1
f 821//1 3495//1 822//1
f 1092//1 3496//1 1093//1
f 3497//1 3498//1 1249//1
f 913//1 3499//1 914//1
f 3500//1 2135//1 1584//1
f 3501//1 940//1 2045//1
f 3502//1 2504//1 2534//1
f 1027//1 1753//1 1279//1
f 1936//1 3173//1 3172//1
f 2991//1 3195//1 952//1
f 1471//1 2896//1 3503//1
f 3504//1 3505//1 601//1
f 3506//1 3507//1 3508//1
f 2446//1 3509//1 2115//1
f 136//1 3171//1 3173//1
f 3510//1 3042//1 3511//1
f 3512//1 3513//1 2791//1
f 3514//1 2718//1 3515//1
f 1020//1 1019//1 1014//1
f 3258//1 3516//1 3517//1
f 3518//1 3519//1 3520//1
f 2398//1 3133//1 3521//1
f 1147//1 364//1 2368//1
f 3522//1 1124//1 505//1
f 3523//1 2621//1 2623//1
f 3524//1 3525//1 3526//1
f 337//1 336//1 3527//1
f 2886//1 3528//1 2887//1
f 820//1 1892//1 821//1
f 2445//1 1835//1 3529//1
f 299//1 1709//1 3530//1
f 3531//1 2550//1 2540//1
f 172//1 3532//1 3533//1
f 1713//1 3534//1 2483//1
f 3096//1 3535//1 3536//1
f 665//1 3537//1 293//1
f 272//1 1178//1 2544//1
f 3538//1 3539//1 1598//1
f 3540//1 3295//1 3294//1
f 3541//1 3542//1 3543//1
f 2045//1 3365//1 3501//1
f 3175//1 3544//1 3545//1
f 2256//1 622//1 2257//1
f 3546//1 3547//1 3548//1
f 1878//1 3549//1 1879//1
f 3550//1 2121//1 2120//1
f 1339//1 3551//1 708//1
f 32//1 3552//1 1590//1
f 685//1 3553//1 405//1
f 1025//1 204//1 3554//1
f 3555//1 3556//1 3444//1
f 2439//1 3557//1 3521//1
f 1295//1 1297//1 2043//1
f 1463//1 1388//1 1464//1
f 3558//1 2405//1 3559//1
f 1067//1 1528//1 1122//1
f 3560//1 2335//1 3561//1
f 3562//1 3563//1 2796//1
f 995//1 3238//1 446//1
f 1692//1 13//1 1693//1
f 2300//1 3564//1 3565//1
f 2046//1 2045//1 1707//1
f 3276//1 3330//1 3566//1
f 3546//1 191//1 3547//1
f 3567//1 3568//1 3569//1
f 2946//1 3570//1 1536//1
f 2843//1 3571//1 3572//1
f 2870//1 2//1 2332//1
f 26//1 1451//1 3573//1
f 3574//1 2699//1 2698//1
f 3575//1 3576//1 3577//1
f 3578//1 3579//1 3580//1
f 1114//1 1602//1 2352//1
f 784//1 1596//1 885//1
f 1221//1 640//1 1191//1
f 3581//1 349//1 348//1
f 3208//1 3207//1 193//1
f 1053//1 1149//1 3582//1
f 1059//1 3583//1 1060//1
f 952//1 1674//1 953//1
f 3584//1 608//1 607//1
f 2302//1 2303//1 3585//1
f 3236//1 890//1 3234//1
f 2822//1 2351//1 2545//1
f 1321//1 2854//1 2453//1
f 3117//1 3586//1 1233//1
f 3556//1 3587//1 628//1
f 2006//1 1121//1 2461//1
f 3588//1 3589//1 3590//1
f 2008//1 3591//1 3592//1
f 508//1 1899//1 3293//1
f 3593//1 3594//1 3595//1
f 3204//1 3596//1 1258//1
f 2706//1 2705//1 3597//1
f 3508//1 3507//1 3598//1
f 3397//1 1627//1 1626//1
f 3599//1 3110//1 1474//1
f 3600//1 3601//1 252//1
f 1828//1 2290//1 750//1
f 2826//1 3602//1 3603//1
f 718//1 2632//1 479//1
f 3604//1 730//1 732//1
f 1840//1 1839//1 3605//1
f 3598//1 3596//1 2994//1
f 1354//1 1353//1 1420//1
f 1997//1 3606//1 1188//1
f 1837//1 3182//1 3607//1
f 3608//1 3609//1 3610//1
f 1452//1 1819//1 3611//1
f 576//1 3612//1 169//1
f 1636//1 3102//1 3613//1
f 3614//1 1515//1 324//1
f 2340//1 1122//1 259//1
f 1412//1 3615//1 1410//1
f 2182//1 1555//1 360//1
f 2786//1 3616//1 3166//1
f 2054//1 387//1 2055//1
f 3617//1 1740//1 467//1
f 3618//1 3619//1 468//1
f 1299//1 1298//1 1649//1
f 2708//1 1606//1 3620//1
f 3621//1 1236//1 1235//1
f 3622//1 3343//1 2760//1
f 3119//1 964//1 3013//1
f 3623//1 3624//1 3625//1
f 2593//1 3626//1 891//1
f 330//1 2528//1 331//1
f 2686//1 3613//1 2685//1
f 3627//1 3143//1 3628//1
f 26//1 1820//1 1451//1
f 3629//1 3597//1 2705//1
f 1282//1 3630//1 3446//1
f 2211//1 3631//1 3413//1
f 756//1 755//1 768//1
f 2352//1 1602//1 620//1
f 3632//1 16//1 3074//1
f 2998//1 3354//1 2978//1
f 3633//1 3634//1 2360//1
f 35//1 239//1 36//1
f 1837//1 3635//1 3636//1
f 975//1 74//1 3637//1
f 3638//1 982//1 984//1
f 2628//1 2697//1 53//1
f 1440//1 3639//1 1441//1
f 3363//1 2885//1 3364//1
f 1745//1 574//1 1416//1
f 745//1 481//1 480//1
f 3195//1 463//1 952//1
f 3538//1 2864//1 3640//1
f 3641//1 3642//1 3643//1
f 2668//1 3007//1 577//1
f 1453//1 1170//1 1171//1
f 3644//1 3239//1 1785//1
f 1850//1 1849//1 721//1
f 2189//1 2191//1 544//1
f 2199//1 3645//1 1763//1
f 3646//1 837//1 2554//1
f 2443//1 2442//1 3441//1
f 2110//1 1964//1 1966//1
f 3647//1 1683//1 1589//1
f 3648//1 1011//1 1690//1
f 3649//1 1538//1 2490//1
f 849//1 3325//1 18//1
f 382//1 3643//1 3642//1
f 2609//1 2865//1 3650//1
f 3651//1 3652//1 331//1
f 579//1 3123//1 3653//1
f 2297//1 2754//1 2834//1
f 404//1 2150//1 402//1
f 22//1 24//1 3654//1
f 1217//1 3655//1 1284//1
f 1794//1 3656//1 3657//1
f 3658//1 3659//1 3660//1
f 3661//1 3662//1 3663//1
f 2149//1 3448//1 268//1
f 548//1 2652//1 3664//1
f 214//1 837//1 836//1
f 3665//1 2581//1 2255//1
f 1510//1 2297//1 2298//1
f 1502//1 2009//1 3666//1
f 3667//1 2023//1 1094//1
f 3668//1 581//1 583//1
f 3669//1 3670//1 113//1
f 2747//1 3671//1 2356//1
f 3672//1 3673//1 3040//1
f 1903//1 3674//1 3675//1
f 923//1 1253//1 924//1
f 996//1 3676//1 3677//1
f 318//1 1403//1 2996//1
f 3678//1 415//1 3679//1
f 909//1 908//1 3193//1
f 3680//1 3681//1 3682//1
f 2858//1 2065//1 3683//1
f 1982//1 1981//1 3684//1
f 3507//1 1259//1 3598//1
f 1623//1 152//1 696//1
f 2834//1 2754//1 1389//1
f 3327//1 867//1 3685//1
f 3537//1 3686//1 293//1
f 304//1 3398//1 3399//1
f 3687//1 3688//1 3689//1
f 3690//1 2453//1 3691//1
f 1902//1 3692//1 2769//1
f 3693//1 3540//1 3237//1
f 3416//1 2672//1 3519//1
f 3694//1 3695//1 3696//1
f 3697//1 3025//1 2565//1
f 3698//1 2976//1 2977//1
f 3699//1 1364//1 2420//1
f 4//1 3700//1 3701//1
f 2143//1 1798//1 1797//1
f 3702//1 3703//1 3704//1
f 2727//1 1545//1 2728//1
f 3705//1 2733//1 3706//1
f 394//1 1144//1 615//1
f 3707//1 3345//1 3708//1
f 2189//1 3709//1 3710//1
f 1036//1 1759//1 3711//1
f 2303//1 3409//1 3192//1
f 3712//1 474//1 476//1
f 1498//1 113//1 115//1
f 3713//1 2568//1 2460//1
f 3714//1 3715//1 2503//1
f 2664//1 186//1 185//1
f 3489//1 2878//1 3490//1
f 1754//1 3716//1 834//1
f 1688//1 3717//1 2039//1
f 2866//1 459//1 643//1
f 3718//1 1114//1 3719//1
f 3484//1 2552//1 1676//1
f 3720//1 517//1 3721//1
f 1516//1 3722//1 2157//1
f 3336//1 704//1 3337//1
f 3569//1 2257//1 3723//1
f 2640//1 1869//1 1871//1
f 2148//1 785//1 3724//1
f 3725//1 1843//1 3726//1
f 3138//1 3727//1 2074//1
f 3728//1 1158//1 1405//1
f 822//1 3729//1 820//1
f 769//1 1902//1 2769//1
f 3730//1 2681//1 2680//1
f 3731//1 3732//1 3733//1
f 3734//1 3735//1 1263//1
f 2117//1 1594//1 675//1
f 2254//1 3736//1 3723//1
f 3737//1 2463//1 2465//1
f 3738//1 808//1 3739//1
f 2463//1 1248//1 2947//1
f 3740//1 3741//1 60//1
f 3742//1 3064//1 3063//1
f 3743//1 3744//1 3745//1
f 3746//1 2228//1 2227//1
f 919//1 1751//1 2616//1
f 3747//1 907//1 1686//1
f 944//1 2429//1 1139//1
f 3748//1 3547//1 3207//1
f 3749//1 2957//1 3750//1
f 2180//1 3429//1 3751//1
f 1729//1 1728//1 3752//1
f 3753//1 3754//1 1522//1
f 1479//1 3755//1 2882//1
f 3756//1 3//1 2357//1
f 46//1 2077//1 2079//1
f 207//1 206//1 3757//1
f 2542//1 3758//1 1314//1
f 409//1 2595//1 410//1
f 3276//1 3566//1 3759//1
f 2040//1 2326//1 3087//1
f 1245//1 1244//1 2313//1
f 344//1 2851//1 920//1
f 3307//1 1162//1 1295//1
f 3094//1 3194//1 1563//1
f 1149//1 3760//1 1150//1
f 3761//1 3673//1 3762//1
f 3451//1 3763//1 3764//1
f 3743//1 3765//1 2549//1
f 3766//1 2739//1 2313//1
f 1327//1 1576//1 1328//1
f 3682//1 3440//1 3767//1
f 2459//1 1615//1 3353//1
f 3519//1 2672//1 3099//1
f 593//1 171//1 173//1
f 3768//1 3769//1 3770//1
f 3771//1 1242//1 1395//1
f 3772//1 3773//1 3044//1
f 2426//1 654//1 727//1
f 3774//1 3775//1 3776//1
f 3777//1 3611//1 1819//1
f 980//1 3778//1 2666//1
f 767//1 3779//1 1611//1
f 2148//1 3724//1 1098//1
f 1591//1 1593//1 70//1
f 3115//1 3114//1 3630//1
f 2528//1 3780//1 2526//1
f 2595//1 3781//1 968//1
f 3782//1 1029//1 1028//1
f 1282//1 3783//1 3630//1
f 904//1 2567//1 3784//1
f 2440//1 2801//1 1978//1
f 3785//1 3786//1 3787//1
f 3380//1 2495//1 1930//1
f 2897//1 3334//1 2898//1
f 1111//1 3262//1 3788//1
f 39//1 41//1 3211//1
f 3789//1 2606//1 3790//1
f 1682//1 2296//1 1742//1
f 3731//1 3733//1 2800//1
f 3415//1 2191//1 1368//1
f 2399//1 2398//1 3381//1
f 1444//1 3791//1 229//1
f 2788//1 3616//1 2786//1
f 3792//1 1679//1 3793//1
f 330//1 329//1 3794//1
f 3795//1 577//1 1998//1
f 3796//1 3089//1 3797//1
f 2158//1 3798//1 2159//1
f 3799//1 3800//1 3801//1
f 2938//1 3802//1 3046//1
f 3803//1 2075//1 2076//1
f 1894//1 359//1 1456//1
f 1962//1 2163//1 1263//1
f 3804//1 3805//1 3806//1
f 1823//1 3126//1 3125//1
f 3807//1 1644//1 3623//1
f 568//1 1607//1 3808//1
f 3809//1 3572//1 3437//1
f 2119//1 3810//1 2513//1
f 3811//1 3812//1 2025//1
f 3197//1 2580//1 369//1
f 3813//1 2119//1 599//1
f 3814//1 2811//1 1908//1
f 2320//1 3145//1 678//1
f 3815//1 3816//1 1390//1
f 1985//1 1501//1 1983//1
f 403//1 3817//1 3818//1
f 3819//1 3820//1 1049//1
f 1191//1 640//1 482//1
f 1666//1 1665//1 3821//1
f 2388//1 2390//1 3765//1
f 3822//1 3823//1 3824//1
f 2012//1 1500//1 2781//1
f 3825//1 3826//1 3827//1
f 3828//1 3548//1 3829//1
f 645//1 2186//1 3830//1
f 3831//1 3832//1 3833//1
f 2447//1 2446//1 2115//1
f 3834//1 3835//1 3836//1
f 3259//1 934//1 1969//1
f 1937//1 1938//1 3837//1
f 1909//1 2376//1 634//1
f 3838//1 1800//1 1802//1
f 3124//1 805//1 424//1
f 3839//1 3840//1 3841//1
f 2333//1 3842//1 3843//1
f 3844//1 3845//1 1712//1
f 2502//1 1251//1 3714//1
f 1598//1 1600//1 2017//1
f 845//1 501//1 2176//1
f 3846//1 3847//1 2548//1
f 3070//1 3069//1 3848//1
f 3626//1 3483//1 3849//1
f 953//1 1674//1 1287//1
f 3850//1 705//1 3096//1
f 739//1 741//1 2578//1
f 698//1 3851//1 2526//1
f 2654//1 1995//1 630//1
f 608//1 3823//1 609//1
f 3852//1 3853//1 2135//1
f 1971//1 1972//1 3854//1
f 3855//1 3856//1 93//1
f 3857//1 3720//1 3858//1
f 3458//1 1747//1 1746//1
f 906//1 3350//1 3333//1
f 3566//1 338//1 3759//1
f 2647//1 3538//1 3640//1
f 2291//1 2397//1 2396//1
f 3859//1 1794//1 3657//1
f 341//1 340//1 367//1
f 2568//1 3713//1 3860//1
f 2960//1 3861//1 2436//1
f 2460//1 1799//1 3713//1
f 3862//1 3553//1 3863//1
f 3864//1 2633//1 1137//1
f 1747//1 3458//1 2125//1
f 838//1 837//1 3646//1
f 3865//1 3866//1 3513//1
f 3867//1 3868//1 3171//1
f 230//1 3869//1 3055//1
f 1103//1 3870//1 1595//1
f 926//1 1641//1 3871//1
f 3872//1 3873//1 3874//1
f 2489//1 969//1 691//1
f 3875//1 2084//1 3876//1
f 770//1 772//1 2772//1
f 3573//1 663//1 662//1
f 3877//1 2111//1 1445//1
f 1278//1 1280//1 3878//1
f 1196//1 3879//1 1197//1
f 1775//1 1960//1 3880//1
f 3807//1 3623//1 3269//1
f 1337//1 1336//1 2900//1
f 1945//1 3881//1 1946//1
f 816//1 815//1 3882//1
f 3883//1 3884//1 1878//1
f 3203//1 3819//1 1049//1
f 3883//1 1877//1 3885//1
f 2080//1 1343//1 527//1
f 3761//1 3762//1 3886//1
f 2336//1 692//1 694//1
f 3887//1 3493//1 3492//1
f 3888//1 1864//1 3889//1
f 3890//1 3891//1 1318//1
f 514//1 513//1 1827//1
f 3352//1 3892//1 3893//1
f 3894//1 3895//1 3896//1
f 411//1 410//1 2167//1
f 1573//1 1224//1 714//1
f 2404//1 3897//1 2714//1
f 1889//1 3828//1 3829//1
f 3898//1 515//1 361//1
f 3498//1 3359//1 1249//1
f 1287//1 1674//1 1676//1
f 1529//1 3899//1 1155//1
f 3900//1 3901//1 1821//1
f 646//1 3830//1 3902//1
f 743//1 3504//1 3903//1
f 865//1 2801//1 866//1
f 2497//1 3904//1 27//1
f 127//1 2922//1 3051//1
f 1431//1 3226//1 2632//1
f 3310//1 799//1 3905//1
f 3906//1 2004//1 3777//1
f 3907//1 1548//1 730//1
f 3908//1 3909//1 2521//1
f 3910//1 3911//1 3912//1
f 1464//1 3662//1 1462//1
f 3803//1 2076//1 3486//1
f 3913//1 1765//1 455//1
f 3914//1 3188//1 1490//1
f 3818//1 900//1 899//1
f 2698//1 3915//1 3916//1
f 296//1 2239//1 297//1
f 1246//1 3917//1 1247//1
f 2755//1 2265//1 1766//1
f 3063//1 3918//1 1123//1
f 1235//1 2328//1 2327//1
f 3317//1 3450//1 3297//1
f 3919//1 3477//1 3476//1
f 1446//1 674//1 2717//1
f 1199//1 3178//1 1486//1
f 1127//1 1563//1 3194//1
f 2506//1 15//1 3920//1
f 1757//1 3921//1 338//1
f 995//1 3676//1 996//1
f 1004//1 1203//1 1048//1
f 2336//1 1208//1 1207//1
f 2601//1 3922//1 2885//1
f 878//1 1664//1 3388//1
f 694//1 2693//1 2757//1
f 3923//1 3924//1 3925//1
f 2825//1 748//1 2697//1
f 3926//1 3927//1 474//1
f 810//1 809//1 3635//1
f 838//1 3646//1 3928//1
f 747//1 3016//1 1157//1
f 3929//1 1632//1 1634//1
f 3930//1 3931//1 2663//1
f 3304//1 2863//1 3932//1
f 3516//1 3258//1 3143//1
f 259//1 1764//1 260//1
f 3933//1 3556//1 3555//1
f 3048//1 3934//1 2271//1
f 672//1 674//1 2111//1
f 3452//1 3935//1 3453//1
f 3870//1 3407//1 3406//1
f 1947//1 2848//1 1286//1
f 987//1 3936//1 1765//1
f 3937//1 3938//1 3939//1
f 1141//1 3940//1 1117//1
f 3941//1 3942//1 3943//1
f 3944//1 2184//1 2711//1
f 91//1 2384//1 2078//1
f 3945//1 3946//1 3947//1
f 3138//1 3527//1 3727//1
f 692//1 585//1 3376//1
f 2998//1 385//1 384//1
f 3948//1 2543//1 2531//1
f 1476//1 2283//1 2403//1
f 3949//1 501//1 3245//1
f 3950//1 212//1 3951//1
f 326//1 728//1 327//1
f 3734//1 1263//1 2163//1
f 3895//1 3894//1 3952//1
f 2626//1 2625//1 294//1
f 2481//1 2083//1 2674//1
f 922//1 231//1 3953//1
f 3922//1 3581//1 3954//1
f 893//1 3443//1 926//1
f 1310//1 2493//1 1311//1
f 3533//1 3532//1 1260//1
f 3955//1 3956//1 3957//1
f 3958//1 3377//1 3959//1
f 1540//1 2764//1 1541//1
f 3960//1 2325//1 3961//1
f 461//1 457//1 456//1
f 1860//1 3962//1 3963//1
f 3964//1 2307//1 3420//1
f 3883//1 1878//1 1877//1
f 3289//1 3965//1 2890//1
f 3966//1 2610//1 3967//1
f 2508//1 3068//1 2173//1
f 30//1 3968//1 1831//1
f 3969//1 3543//1 3542//1
f 3970//1 2658//1 3971//1
f 1048//1 1047//1 3513//1
f 1178//1 1376//1 2544//1
f 3210//1 3929//1 3972//1
f 3973//1 3501//1 3974//1
f 3975//1 2050//1 2835//1
f 1491//1 1629//1 1631//1
f 3976//1 3564//1 3977//1
f 2529//1 3481//1 2055//1
f 812//1 670//1 305//1
f 3978//1 3979//1 2030//1
f 977//1 3955//1 3957//1
f 2704//1 2912//1 3980//1
f 1002//1 2010//1 1003//1
f 1335//1 3825//1 3319//1
f 3210//1 3211//1 3929//1
f 981//1 3424//1 979//1
f 3981//1 3497//1 1249//1
f 1478//1 3982//1 3983//1
f 3984//1 2869//1 3985//1
f 3717//1 3961//1 2325//1
f 2986//1 3682//1 2984//1
f 3957//1 3956//1 3986//1
f 3987//1 3988//1 3162//1
f 3989//1 3401//1 3990//1
f 3991//1 3992//1 2892//1
f 3908//1 3993//1 3994//1
f 1943//1 1871//1 3839//1
f 3862//1 117//1 3553//1
f 3995//1 3996//1 34//1
f 2690//1 3997//1 3998//1
f 2464//1 3285//1 2465//1
f 795//1 3999//1 796//1
f 4000//1 3279//1 1833//1
f 2008//1 1121//1 2006//1
f 1529//1 1155//1 1530//1
f 3358//1 1440//1 1439//1
f 2249//1 2248//1 3154//1
f 2775//1 3917//1 4001//1
f 3282//1 4002//1 4003//1
f 1616//1 4004//1 3160//1
f 4005//1 4006//1 2580//1
f 3922//1 2601//1 2602//1
f 2908//1 2542//1 2802//1
f 3337//1 4007//1 3335//1
f 4008//1 4009//1 3565//1
f 4010//1 3189//1 4011//1
f 2269//1 1085//1 2212//1
f 3034//1 4012//1 3035//1
f 4013//1 433//1 4014//1
f 3146//1 3145//1 1900//1
f 1162//1 4015//1 1296//1
f 3307//1 1317//1 1163//1
f 3114//1 4016//1 1907//1
f 3889//1 3008//1 3346//1
f 639//1 638//1 892//1
f 1172//1 719//1 3262//1
f 1144//1 4017//1 4018//1
f 4019//1 1228//1 4020//1
f 2793//1 3947//1 4021//1
f 4022//1 4023//1 2507//1
f 3380//1 3381//1 4024//1
f 2654//1 4025//1 3004//1
f 2360//1 3729//1 2361//1
f 4026//1 3018//1 2598//1
f 733//1 2169//1 734//1
f 1923//1 4027//1 4028//1
f 711//1 1543//1 2891//1
f 1829//1 4029//1 1134//1
f 4030//1 206//1 4031//1
f 4032//1 2517//1 3061//1
f 569//1 568//1 498//1
f 4012//1 2510//1 2509//1
f 3014//1 2874//1 3015//1
f 1146//1 1147//1 3923//1
f 2790//1 4033//1 2057//1
f 4034//1 520//1 442//1
f 2404//1 3778//1 2405//1
f 1104//1 2270//1 2838//1
f 4035//1 2530//1 56//1
f 3468//1 2656//1 3141//1
f 4036//1 812//1 4037//1
f 2855//1 4038//1 897//1
f 4039//1 4040//1 1695//1
f 4041//1 2178//1 2177//1
f 3972//1 3929//1 4042//1
f 3419//1 3418//1 220//1
f 3822//1 4043//1 4044//1
f 2063//1 4045//1 1904//1
f 120//1 122//1 2301//1
f 3482//1 1283//1 3001//1
f 4046//1 1019//1 2187//1
f 689//1 1341//1 1340//1
f 1660//1 567//1 569//1
f 2929//1 2956//1 3205//1
f 3042//1 2015//1 3511//1
f 1105//1 3252//1 3898//1
f 3967//1 977//1 3957//1
f 1881//1 4047//1 1658//1
f 4048//1 631//1 3018//1
f 1867//1 2932//1 4049//1
f 2913//1 4050//1 4051//1
f 3289//1 2670//1 3965//1
f 126//1 4052//1 3799//1
f 4053//1 4054//1 844//1
f 4055//1 4056//1 3505//1
f 1335//1 3319//1 3318//1
f 3527//1 336//1 4057//1
f 4058//1 4059//1 3954//1
f 174//1 181//1 175//1
f 4060//1 1705//1 972//1
f 2666//1 436//1 2667//1
f 4061//1 4062//1 3757//1
f 4063//1 4064//1 4065//1
f 1176//1 961//1 1177//1
f 1974//1 1973//1 3179//1
f 3452//1 4066//1 3935//1
f 3329//1 4067//1 1437//1
f 4068//1 595//1 4069//1
f 4070//1 3722//1 1516//1
f 2083//1 1568//1 2674//1
f 2441//1 4071//1 4072//1
f 341//1 367//1 1633//1
f 4073//1 4074//1 4075//1
f 2134//1 729//1 3726//1
f 4076//1 2424//1 2423//1
f 1665//1 1667//1 4077//1
f 287//1 3909//1 469//1
f 3716//1 1576//1 1575//1
f 2839//1 1569//1 2082//1
f 3511//1 2015//1 2158//1
f 4078//1 1727//1 1408//1
f 3910//1 2650//1 3911//1
f 803//1 82//1 4079//1
f 4080//1 2934//1 2229//1
f 4081//1 3547//1 3748//1
f 1055//1 1054//1 90//1
f 3693//1 2804//1 4082//1
f 1857//1 2346//1 2639//1
f 2780//1 3944//1 1647//1
f 3011//1 2582//1 2584//1
f 1210//1 2735//1 2734//1
f 1992//1 1906//1 1853//1
f 3//1 4083//1 1//1
f 1691//1 2244//1 2872//1
f 1867//1 2514//1 1865//1
f 68//1 3271//1 4084//1
f 1469//1 4085//1 4086//1
f 898//1 4087//1 4023//1
f 1374//1 3900//1 1375//1
f 3845//1 4088//1 3164//1
f 1809//1 3090//1 3165//1
f 4089//1 3896//1 935//1
f 4090//1 4091//1 4092//1
f 1327//1 2876//1 1575//1
f 4048//1 1955//1 2196//1
f 3083//1 3144//1 571//1
f 3796//1 3090//1 3089//1
f 4093//1 226//1 4094//1
f 3746//1 2227//1 4095//1
f 2637//1 2909//1 2603//1
f 594//1 593//1 173//1
f 4035//1 2062//1 3984//1
f 4096//1 4097//1 4098//1
f 2464//1 2463//1 2947//1
f 3992//1 3991//1 3056//1
f 1426//1 596//1 2546//1
f 3288//1 2890//1 333//1
f 2791//1 2790//1 2072//1
f 392//1 3811//1 1938//1
f 4099//1 2143//1 588//1
f 3891//1 1789//1 1788//1
f 3839//1 1571//1 3840//1
f 4100//1 1143//1 394//1
f 1558//1 1366//1 1556//1
f 4101//1 2350//1 578//1
f 1375//1 2823//1 1376//1
f 1721//1 1722//1 3023//1
f 4102//1 4103//1 4104//1
f 52//1 3108//1 2742//1
f 3944//1 2780//1 4105//1
f 4106//1 4107//1 242//1
f 2182//1 1830//1 432//1
f 3949//1 3245//1 3244//1
f 1292//1 2426//1 2425//1
f 2550//1 3531//1 4108//1
f 3235//1 3234//1 3819//1
f 4109//1 3010//1 2274//1
f 3694//1 2810//1 1475//1
f 979//1 4110//1 4111//1
f 4066//1 998//1 4112//1
f 4113//1 4114//1 3062//1
f 1204//1 4115//1 1205//1
f 2967//1 3938//1 243//1
f 2260//1 843//1 842//1
f 3749//1 4116//1 2957//1
f 4117//1 4118//1 4119//1
f 2381//1 4120//1 3479//1
f 3916//1 3600//1 2698//1
f 3014//1 2347//1 1856//1
f 2306//1 2543//1 4121//1
f 4122//1 4123//1 4124//1
f 316//1 315//1 1582//1
f 4125//1 4126//1 4036//1
f 714//1 1697//1 2450//1
f 4127//1 3951//1 1915//1
f 4128//1 239//1 35//1
f 4129//1 1525//1 4130//1
f 1001//1 1379//1 999//1
f 4131//1 3764//1 4132//1
f 2653//1 1449//1 1448//1
f 279//1 3588//1 2999//1
f 1894//1 2182//1 360//1
f 502//1 501//1 845//1
f 168//1 4133//1 3462//1
f 412//1 375//1 377//1
f 83//1 2904//1 84//1
f 3466//1 1581//1 2467//1
f 3422//1 4134//1 3149//1
f 3402//1 4135//1 763//1
f 4136//1 2879//1 1310//1
f 4137//1 4138//1 4139//1
f 4127//1 3950//1 3951//1
f 47//1 1126//1 2888//1
f 2927//1 2926//1 4055//1
f 4140//1 4141//1 1861//1
f 870//1 4142//1 4143//1
f 1792//1 835//1 2372//1
f 4144//1 1108//1 4145//1
f 4146//1 2938//1 2937//1
f 2575//1 4147//1 265//1
f 4148//1 3925//1 4149//1
f 3447//1 1907//1 1906//1
f 2100//1 2571//1 4150//1
f 4151//1 472//1 603//1
f 2071//1 632//1 4152//1
f 3639//1 3223//1 1441//1
f 4153//1 2895//1 1970//1
f 4154//1 2304//1 500//1
f 4155//1 3890//1 3307//1
f 4093//1 4156//1 3159//1
f 1636//1 3613//1 2686//1
f 1294//1 3288//1 1292//1
f 4157//1 1604//1 1603//1
f 808//1 3404//1 3739//1
f 2190//1 4158//1 1556//1
f 401//1 4159//1 2093//1
f 934//1 4160//1 4089//1
f 2303//1 3191//1 3585//1
f 385//1 3327//1 2137//1
f 555//1 4161//1 556//1
f 4162//1 2512//1 857//1
f 4163//1 2511//1 3206//1
f 722//1 4164//1 720//1
f 3687//1 3689//1 4165//1
f 4166//1 447//1 449//1
f 2082//1 2081//1 1638//1
f 3959//1 3377//1 1727//1
f 4167//1 3818//1 899//1
f 687//1 3533//1 1260//1
f 15//1 4168//1 4169//1
f 1370//1 3750//1 1790//1
f 187//1 186//1 2137//1
f 2760//1 2586//1 3622//1
f 2470//1 3254//1 2032//1
f 1889//1 3829//1 735//1
f 2362//1 3660//1 4170//1
f 3323//1 4171//1 4172//1
f 2172//1 4173//1 149//1
f 3791//1 549//1 2848//1
f 4174//1 4175//1 4176//1
f 3083//1 571//1 570//1
f 3809//1 2844//1 3572//1
f 4177//1 1875//1 1874//1
f 2267//1 2266//1 1195//1
f 580//1 3745//1 984//1
f 4178//1 3197//1 369//1
f 1891//1 4179//1 1274//1
f 4180//1 789//1 2847//1
f 4170//1 3660//1 504//1
f 1778//1 2982//1 994//1
f 3059//1 4181//1 1449//1
f 3376//1 136//1 3173//1
f 4148//1 4182//1 3923//1
f 2028//1 2027//1 4183//1
f 575//1 4184//1 4185//1
f 4186//1 1824//1 1825//1
f 1364//1 3071//1 2420//1
f 1502//1 1504//1 2541//1
f 4187//1 1119//1 4188//1
f 2838//1 1637//1 902//1
f 1107//1 3843//1 1108//1
f 4189//1 2240//1 1315//1
f 3334//1 98//1 100//1
f 3083//1 1381//1 3314//1
f 2162//1 2624//1 2163//1
f 4190//1 4191//1 4192//1
f 970//1 232//1 1342//1
f 2490//1 690//1 3649//1
f 1953//1 1939//1 1940//1
f 507//1 3222//1 508//1
f 4193//1 4194//1 1780//1
f 4195//1 2056//1 1219//1
f 3114//1 4196//1 4016//1
f 857//1 2513//1 3810//1
f 2955//1 4197//1 4198//1
f 512//1 2145//1 513//1
f 3549//1 162//1 1879//1
f 3977//1 2443//1 3681//1
f 2418//1 2417//1 4054//1
f 133//1 2056//1 1844//1
f 4199//1 4139//1 915//1
f 668//1 1562//1 4200//1
f 3111//1 3277//1 3112//1
f 4201//1 4202//1 2294//1
f 81//1 773//1 775//1
f 3905//1 3349//1 4203//1
f 1639//1 2197//1 1640//1
f 3957//1 4204//1 4205//1
f 645//1 2187//1 2186//1
f 1312//1 744//1 4136//1
f 3899//1 2334//1 2335//1
f 1033//1 4206//1 1034//1
f 1523//1 1804//1 4207//1
f 2291//1 1313//1 2397//1
f 3030//1 3367//1 4208//1
f 3972//1 3355//1 3210//1
f 4209//1 2002//1 388//1
f 3988//1 2968//1 3162//1
f 4210//1 71//1 73//1
f 3038//1 4211//1 4212//1
f 1082//1 1407//1 4213//1
f 171//1 3532//1 172//1
f 681//1 2642//1 4214//1
f 870//1 4143//1 4100//1
f 4215//1 1132//1 1949//1
f 1071//1 2107//1 1069//1
f 1743//1 282//1 1622//1
f 1017//1 1188//1 1190//1
f 394//1 615//1 395//1
f 2914//1 4216//1 2262//1
f 1974//1 2883//1 3363//1
f 2606//1 3789//1 4217//1
f 98//1 2660//1 2293//1
f 195//1 1928//1 2001//1
f 206//1 208//1 4218//1
f 4219//1 1331//1 2702//1
f 4220//1 4221//1 4222//1
f 1600//1 2812//1 4223//1
f 309//1 4224//1 2945//1
f 4225//1 77//1 4226//1
f 1562//1 1563//1 4200//1
f 4227//1 4228//1 4229//1
f 4230//1 3733//1 4231//1
f 4232//1 3518//1 4233//1
f 3419//1 220//1 3589//1
f 4234//1 2800//1 4230//1
f 1960//1 2168//1 3880//1
f 4235//1 3472//1 4236//1
f 2957//1 1790//1 3750//1
f 3521//1 3133//1 2439//1
f 3978//1 2029//1 3648//1
f 3487//1 2498//1 1413//1
f 1410//1 3615//1 4237//1
f 4238//1 4239//1 4240//1
f 4241//1 4242//1 3807//1
f 1807//1 3024//1 1808//1
f 2711//1 4243//1 2322//1
f 3212//1 3378//1 3213//1
f 1827//1 2964//1 1826//1
f 2321//1 112//1 1825//1
f 4244//1 4245//1 4246//1
f 2983//1 729//1 728//1
f 682//1 4165//1 3689//1
f 2373//1 1461//1 1460//1
f 4247//1 3387//1 3296//1
f 1322//1 3235//1 3203//1
f 4164//1 4248//1 4249//1
f 4250//1 2012//1 2781//1
f 2156//1 2155//1 794//1
f 188//1 4179//1 1891//1
f 2932//1 4251//1 2930//1
f 3773//1 3772//1 2862//1
f 4252//1 2558//1 830//1
f 351//1 2090//1 1535//1
f 3600//1 3574//1 2698//1
f 2819//1 3113//1 4253//1
f 4151//1 473//1 472//1
f 1205//1 1655//1 4254//1
f 4255//1 4084//1 3322//1
f 2933//1 294//1 4256//1
f 3853//1 3852//1 2925//1
f 3454//1 4257//1 3914//1
f 1269//1 2101//1 4150//1
f 4258//1 4259//1 2468//1
f 741//1 4260//1 2578//1
f 2953//1 2349//1 3800//1
f 3740//1 4261//1 4262//1
f 4263//1 1549//1 4264//1
f 2281//1 4265//1 4266//1
f 2527//1 1544//1 2354//1
f 4267//1 452//1 451//1
f 782//1 884//1 1424//1
f 3372//1 623//1 3773//1
f 3000//1 937//1 1200//1
f 3570//1 1537//1 1536//1
f 4268//1 3647//1 1971//1
f 3669//1 2775//1 4001//1
f 1989//1 4269//1 2138//1
f 1851//1 1410//1 4270//1
f 4271//1 4272//1 1073//1
f 250//1 249//1 3339//1
f 1244//1 1243//1 2273//1
f 1750//1 4273//1 1749//1
f 1776//1 4274//1 1777//1
f 3552//1 3747//1 1972//1
f 4275//1 4259//1 4258//1
f 3947//1 2793//1 1744//1
f 1074//1 1073//1 4276//1
f 4277//1 2777//1 642//1
f 2461//1 1174//1 2006//1
f 4278//1 4279//1 1524//1
f 247//1 4038//1 989//1
f 2850//1 197//1 3261//1
f 4280//1 4281//1 3355//1
f 4282//1 838//1 2867//1
f 801//1 1982//1 4283//1
f 4125//1 4037//1 4284//1
f 3803//1 2427//1 558//1
f 3167//1 325//1 280//1
f 4285//1 4286//1 4287//1
f 340//1 4288//1 291//1
f 4289//1 3457//1 3456//1
f 4290//1 4291//1 4292//1
f 1990//1 3707//1 955//1
f 445//1 444//1 2914//1
f 2873//1 4233//1 3816//1
f 2280//1 856//1 2281//1
f 4293//1 163//1 162//1
f 3050//1 3934//1 3048//1
f 2518//1 4294//1 4295//1
f 2362//1 2364//1 4296//1
f 691//1 690//1 2489//1
f 2199//1 3274//1 3645//1
f 3461//1 3460//1 3086//1
f 4297//1 182//1 184//1
f 1436//1 3916//1 3915//1
f 4298//1 3528//1 4299//1
f 4232//1 2407//1 2153//1
f 3471//1 3582//1 2737//1
f 62//1 4300//1 63//1
f 4301//1 3825//1 3827//1
f 4302//1 4303//1 4304//1
f 358//1 357//1 4144//1
f 4305//1 1256//1 1527//1
f 1864//1 3888//1 1862//1
f 3526//1 4306//1 3629//1
f 1164//1 4307//1 3350//1
f 3362//1 1974//1 3363//1
f 4016//1 3814//1 1908//1
f 3886//1 2645//1 2310//1
f 2060//1 56//1 957//1
f 1943//1 3839//1 3841//1
f 1984//1 402//1 2150//1
f 2453//1 1319//1 1321//1
f 4308//1 78//1 4225//1
f 588//1 2143//1 1741//1
f 1774//1 2172//1 1455//1
f 4309//1 3559//1 4310//1
f 4311//1 2281//1 856//1
f 2168//1 2724//1 1359//1
f 4312//1 3275//1 3277//1
f 27//1 26//1 912//1
f 4313//1 3677//1 4314//1
f 2445//1 4203//1 2446//1
f 3928//1 774//1 2867//1
f 3077//1 657//1 1931//1
f 935//1 3896//1 4315//1
f 4191//1 215//1 4192//1
f 393//1 3620//1 4100//1
f 4316//1 3807//1 3269//1
f 2045//1 940//1 1707//1
f 55//1 4317//1 53//1
f 2596//1 4318//1 3781//1
f 924//1 2230//1 2232//1
f 1397//1 4296//1 3836//1
f 720//1 4249//1 4319//1
f 3480//1 2220//1 2087//1
f 991//1 4320//1 860//1
f 4131//1 2547//1 2546//1
f 2101//1 528//1 530//1
f 2359//1 4321//1 4322//1
f 4323//1 2180//1 4324//1
f 612//1 614//1 4325//1
f 4326//1 3497//1 3981//1
f 1100//1 1331//1 4327//1
f 3578//1 4328//1 3579//1
f 3428//1 3427//1 1441//1
f 3368//1 622//1 1326//1
f 2845//1 246//1 3286//1
f 2049//1 4329//1 4210//1
f 1485//1 3000//1 1200//1
f 3663//1 3662//1 2193//1
f 662//1 1987//1 3573//1
f 4330//1 4158//1 3710//1
f 948//1 2710//1 3400//1
f 2793//1 1898//1 1897//1
f 2900//1 348//1 1337//1
f 1056//1 1055//1 3826//1
f 2054//1 1834//1 387//1
f 4331//1 310//1 776//1
f 4332//1 1623//1 696//1
f 3860//1 4333//1 2568//1
f 1303//1 4334//1 932//1
f 4335//1 3337//1 704//1
f 4336//1 2598//1 3018//1
f 2918//1 2655//1 4337//1
f 770//1 1275//1 771//1
f 1053//1 1052//1 2541//1
f 4338//1 2778//1 2760//1
f 3826//1 4339//1 1056//1
f 1098//1 1100//1 4327//1
f 4340//1 4341//1 2756//1
f 4090//1 949//1 948//1
f 4342//1 4343//1 1316//1
f 4156//1 4094//1 2821//1
f 3359//1 3195//1 1250//1
f 4344//1 885//1 3606//1
f 4345//1 4346//1 277//1
f 2829//1 3755//1 1479//1
f 254//1 1540//1 1539//1
f 1764//1 1530//1 4347//1
f 3347//1 3378//1 1465//1
f 2270//1 1554//1 2839//1
f 1294//1 3289//1 3288//1
f 2101//1 2100//1 4150//1
f 3131//1 3130//1 2917//1
f 1652//1 3245//1 3324//1
f 677//1 2970//1 2763//1
f 783//1 4348//1 1596//1
f 1930//1 2495//1 3494//1
f 3653//1 3123//1 301//1
f 1791//1 4349//1 3128//1
f 4350//1 3968//1 29//1
f 4351//1 1307//1 1309//1
f 2065//1 1875//1 4177//1
f 1905//1 140//1 4352//1
f 3858//1 2448//1 3857//1
f 2669//1 1255//1 4314//1
f 1619//1 1975//1 4282//1
f 4353//1 2729//1 4354//1
f 4355//1 2746//1 540//1
f 3447//1 3002//1 3446//1
f 4356//1 1415//1 3250//1
f 1295//1 1162//1 1296//1
f 1730//1 1729//1 4357//1
f 2617//1 2616//1 4358//1
f 3125//1 1821//1 1823//1
f 696//1 152//1 141//1
f 4359//1 3300//1 2408//1
f 2394//1 1937//1 1748//1
f 313//1 3902//1 3495//1
f 689//1 1340//1 3315//1
f 4248//1 4360//1 3814//1
f 1337//1 348//1 145//1
f 1385//1 3492//1 1386//1
f 2386//1 3365//1 253//1
f 4361//1 3952//1 4362//1
f 1133//1 4363//1 4364//1
f 1191//1 481//1 1192//1
f 2761//1 817//1 4365//1
f 3303//1 2967//1 3302//1
f 1143//1 4143//1 4366//1
f 3937//1 426//1 4367//1
f 1827//1 513//1 2964//1
f 4201//1 4025//1 2070//1
f 277//1 1541//1 278//1
f 4368//1 2193//1 2192//1
f 4369//1 485//1 3583//1
f 4370//1 3665//1 4371//1
f 355//1 354//1 4372//1
f 2640//1 1401//1 1400//1
f 612//1 1194//1 613//1
f 4373//1 4374//1 4069//1
f 4375//1 51//1 50//1
f 4376//1 1777//1 2833//1
f 1855//1 233//1 1853//1
f 4377//1 2382//1 2124//1
f 2887//1 2691//1 3998//1
f 3325//1 4378//1 4379//1
f 2959//1 2923//1 1185//1
f 433//1 1789//1 4014//1
f 3959//1 3732//1 4380//1
f 2849//1 1868//1 1286//1
f 3895//1 3214//1 3216//1
f 4381//1 4382//1 4383//1
f 524//1 2565//1 522//1
f 1794//1 4384//1 67//1
f 4194//1 1000//1 1700//1
f 4385//1 4386//1 2853//1
f 1709//1 4387//1 1967//1
f 4185//1 1660//1 569//1
f 3841//1 4326//1 1941//1
f 4164//1 722//1 4360//1
f 3946//1 2574//1 4021//1
f 4388//1 118//1 4389//1
f 2337//1 1365//1 3980//1
f 1951//1 248//1 988//1
f 4390//1 4305//1 4391//1
f 1719//1 4196//1 3116//1
f 4392//1 3881//1 4042//1
f 2200//1 3956//1 2903//1
f 4218//1 4393//1 4031//1
f 4394//1 754//1 4395//1
f 1031//1 3941//1 3943//1
f 3060//1 376//1 2819//1
f 4396//1 2659//1 2661//1
f 4047//1 4397//1 3432//1
f 1390//1 1389//1 4398//1
f 1660//1 1659//1 567//1
f 2005//1 2611//1 3097//1
f 1210//1 4399//1 4400//1
f 1034//1 4159//1 401//1
f 128//1 1712//1 1711//1
f 4401//1 4402//1 4403//1
f 2716//1 2330//1 2743//1
f 3558//1 4404//1 2406//1
f 1056//1 726//1 1054//1
f 4405//1 102//1 2110//1
f 4406//1 4407//1 4408//1
f 2722//1 851//1 850//1
f 4357//1 1729//1 2060//1
f 633//1 4001//1 634//1
f 710//1 709//1 1087//1
f 4327//1 1331//1 1330//1
f 2007//1 3817//1 3591//1
f 4229//1 4228//1 2613//1
f 380//1 379//1 4409//1
f 1640//1 3871//1 1641//1
f 2884//1 2428//1 2601//1
f 4180//1 4160//1 3259//1
f 270//1 3189//1 3439//1
f 3525//1 3524//1 3865//1
f 2135//1 3853//1 4410//1
f 3214//1 4361//1 3294//1
f 3368//1 1326//1 4411//1
f 1912//1 2221//1 1308//1
f 3356//1 3358//1 1439//1
f 2251//1 591//1 4412//1
f 3746//1 4095//1 4413//1
f 1034//1 4206//1 4159//1
f 1089//1 1384//1 1613//1
f 1949//1 1265//1 2418//1
f 419//1 3838//1 417//1
f 347//1 346//1 965//1
f 551//1 1661//1 2849//1
f 4000//1 3256//1 3279//1
f 4331//1 1231//1 3381//1
f 1472//1 4180//1 3259//1
f 3864//1 4414//1 2633//1
f 3859//1 3395//1 4384//1
f 1791//1 3128//1 4415//1
f 2777//1 4277//1 939//1
f 2205//1 2204//1 3832//1
f 1597//1 536//1 1774//1
f 2250//1 3240//1 581//1
f 3259//1 4160//1 934//1
f 4416//1 3849//1 3483//1
f 4417//1 4418//1 2795//1
f 2018//1 3403//1 4419//1
f 4111//1 4420//1 3248//1
f 3239//1 146//1 148//1
f 4421//1 1488//1 2744//1
f 4422//1 2970//1 1836//1
f 2734//1 2736//1 4183//1
f 1526//1 3081//1 1527//1
f 1083//1 3093//1 1081//1
f 4097//1 4163//1 4098//1
f 1525//1 2669//1 4130//1
f 3362//1 4423//1 4424//1
f 1122//1 1764//1 259//1
f 2926//1 930//1 929//1
f 2011//1 2010//1 1002//1
f 3348//1 1465//1 1466//1
f 666//1 665//1 2421//1
f 1454//1 262//1 261//1
f 3350//1 4425//1 3331//1
f 4172//1 4171//1 325//1
f 3913//1 3333//1 4426//1
f 3030//1 3029//1 4427//1
f 1726//1 3082//1 4428//1
f 3752//1 3423//1 1729//1
f 4429//1 4430//1 4431//1
f 1612//1 4139//1 4199//1
f 1661//1 1096//1 1868//1
f 3316//1 840//1 839//1
f 1426//1 2547//1 4202//1
f 156//1 4432//1 3200//1
f 865//1 3731//1 2800//1
f 3320//1 4433//1 4032//1
f 1038//1 1668//1 303//1
f 1012//1 4247//1 4434//1
f 656//1 3287//1 3389//1
f 1788//1 4435//1 4436//1
f 1537//1 2662//1 1538//1
f 3141//1 2656//1 3181//1
f 2309//1 2985//1 4437//1
f 4438//1 4439//1 4440//1
f 1712//1 4441//1 1713//1
f 2246//1 4017//1 4442//1
f 3528//1 4298//1 4443//1
f 3311//1 3313//1 258//1
f 1880//1 4444//1 1881//1
f 514//1 1731//1 1845//1
f 987//1 597//1 4445//1
f 1112//1 1114//1 3718//1
f 128//1 127//1 3844//1
f 3343//1 2140//1 150//1
f 4184//1 1964//1 101//1
f 4327//1 1330//1 3465//1
f 1520//1 2948//1 1521//1
f 396//1 3186//1 1750//1
f 2893//1 3588//1 159//1
f 3032//1 3201//1 2282//1
f 4128//1 225//1 239//1
f 2198//1 1216//1 3985//1
f 3030//1 4427//1 3367//1
f 4446//1 1903//1 3675//1
f 593//1 595//1 2773//1
f 4226//1 4447//1 3860//1
f 1730//1 4357//1 4448//1
f 804//1 2433//1 257//1
f 97//1 3181//1 2918//1
f 3002//1 3447//1 2085//1
f 3017//1 3016//1 1462//1
f 1185//1 2650//1 3910//1
f 1703//1 4015//1 4449//1
f 2219//1 572//1 2990//1
f 2047//1 1398//1 2206//1
f 4263//1 4450//1 4451//1
f 2755//1 3332//1 4452//1
f 1783//1 3145//1 2320//1
f 4453//1 3556//1 628//1
f 2502//1 2740//1 3981//1
f 2906//1 2905//1 3386//1
f 4454//1 1044//1 1043//1
f 3596//1 3598//1 1258//1
f 1318//1 1317//1 3890//1
f 4455//1 3321//1 4456//1
f 2727//1 1069//1 1546//1
f 2133//1 4457//1 3309//1
f 4051//1 1793//1 66//1
f 63//1 4300//1 269//1
f 4458//1 4459//1 1326//1
f 4460//1 3900//1 1374//1
f 4461//1 469//1 3909//1
f 4015//1 1162//1 1161//1
f 3052//1 2922//1 1876//1
f 1801//1 2929//1 2928//1
f 2703//1 279//1 2999//1
f 3721//1 4462//1 4463//1
f 3581//1 2901//1 3954//1
f 3408//1 3507//1 3506//1
f 1211//1 153//1 1836//1
f 2008//1 3592//1 4464//1
f 3015//1 2874//1 4465//1
f 2805//1 995//1 994//1
f 2991//1 3640//1 4466//1
f 4312//1 3111//1 3876//1
f 3330//1 3276//1 1076//1
f 2108//1 4180//1 2847//1
f 3084//1 2149//1 1382//1
f 3670//1 114//1 113//1
f 3585//1 1445//1 1447//1
f 603//1 2315//1 2479//1
f 2470//1 2032//1 2816//1
f 1590//1 370//1 32//1
f 4467//1 2965//1 2147//1
f 275//1 40//1 43//1
f 4468//1 2263//1 4362//1
f 2583//1 3120//1 3121//1
f 2674//1 421//1 2481//1
f 2246//1 4442//1 3183//1
f 2358//1 698//1 697//1
f 2288//1 2064//1 4446//1
f 338//1 3921//1 7//1
f 1029//1 3150//1 3100//1
f 4469//1 2592//1 4470//1
f 4088//1 4471//1 3059//1
f 3969//1 3542//1 3085//1
f 2953//1 2516//1 2818//1
f 1507//1 963//1 4472//1
f 4473//1 3161//1 1372//1
f 516//1 515//1 4474//1
f 4475//1 3508//1 3873//1
f 2817//1 2816//1 4113//1
f 4476//1 4477//1 4478//1
f 1427//1 4445//1 596//1
f 2665//1 1300//1 1743//1
f 1977//1 1890//1 490//1
f 988//1 3122//1 1951//1
f 1609//1 3329//1 3808//1
f 4479//1 1609//1 285//1
f 301//1 3123//1 302//1
f 3249//1 4349//1 3779//1
f 2653//1 384//1 2652//1
f 2868//1 4480//1 3338//1
f 860//1 859//1 2136//1
f 2527//1 1545//1 1544//1
f 1342//1 1272//1 1271//1
f 3586//1 3013//1 971//1
f 2761//1 4365//1 4439//1
f 4481//1 2802//1 2973//1
f 614//1 613//1 4482//1
f 2808//1 3853//1 4483//1
f 284//1 4484//1 3535//1
f 899//1 901//1 4335//1
f 4485//1 666//1 852//1
f 4486//1 4219//1 4487//1
f 3382//1 4308//1 3267//1
f 4167//1 403//1 3818//1
f 1214//1 3098//1 2671//1
f 1045//1 2038//1 2676//1
f 2144//1 2613//1 1798//1
f 606//1 2997//1 1403//1
f 4488//1 4382//1 4489//1
f 4083//1 4490//1 4145//1
f 3924//1 1890//1 3925//1
f 407//1 2836//1 1999//1
f 2687//1 4491//1 3676//1
f 681//1 4214//1 103//1
f 3697//1 2565//1 2564//1
f 3795//1 2668//1 577//1
f 4251//1 3792//1 4492//1
f 1117//1 4493//1 449//1
f 4494//1 2965//1 4495//1
f 5//1 1014//1 1013//1
f 1079//1 2659//1 1080//1
f 4496//1 3952//1 3894//1
f 1177//1 1506//1 4497//1
f 3028//1 4498//1 4213//1
f 1608//1 2412//1 4499//1
f 3658//1 2048//1 3659//1
f 3693//1 4082//1 3153//1
f 2624//1 2162//1 2625//1
f 2285//1 2686//1 493//1
f 332//1 334//1 3580//1
f 1441//1 3427//1 1439//1
f 4378//1 3697//1 2564//1
f 1756//1 4500//1 1754//1
f 4095//1 2227//1 4318//1
f 4501//1 4235//1 4502//1
f 2889//1 1178//1 48//1
f 4072//1 3557//1 2439//1
f 4050//1 4468//1 4503//1
f 3572//1 3571//1 4504//1
f 4505//1 4506//1 4507//1
f 2252//1 4047//1 3432//1
f 311//1 4292//1 1895//1
f 3779//1 4508//1 1611//1
f 3503//1 1723//1 3396//1
f 4509//1 4510//1 4511//1
f 4512//1 4513//1 2508//1
f 4514//1 2695//1 2694//1
f 2323//1 4463//1 4515//1
f 4199//1 4516//1 1612//1
f 4517//1 876//1 4011//1
f 1243//1 1245//1 717//1
f 1619//1 1973//1 1975//1
f 3341//1 3651//1 3342//1
f 3963//1 4518//1 4140//1
f 4500//1 4506//1 1576//1
f 1236//1 4519//1 2952//1
f 4082//1 2804//1 2969//1
f 2095//1 4520//1 3095//1
f 2145//1 1460//1 2146//1
f 933//1 18//1 4379//1
f 4036//1 670//1 812//1
f 2514//1 4324//1 2242//1
f 732//1 1492//1 945//1
f 3353//1 1615//1 4521//1
f 3705//1 1841//1 1531//1
f 1348//1 3831//1 1346//1
f 686//1 688//1 833//1
f 466//1 2475//1 467//1
f 813//1 304//1 3399//1
f 2573//1 2572//1 4522//1
f 1346//1 3833//1 2840//1
f 4523//1 1311//1 2494//1
f 148//1 58//1 1784//1
f 3841//1 3840//1 4524//1
f 3223//1 3225//1 1441//1
f 4525//1 3478//1 2617//1
f 902//1 1637//1 903//1
f 81//1 566//1 565//1
f 1665//1 4120//1 3311//1
f 4473//1 1372//1 2204//1
f 2164//1 3102//1 4526//1
f 649//1 3167//1 280//1
f 4516//1 4199//1 3131//1
f 208//1 3997//1 2690//1
f 2178//1 70//1 3009//1
f 165//1 3039//1 4527//1
f 2313//1 2739//1 1245//1
f 1043//1 4058//1 2901//1
f 340//1 290//1 367//1
f 4528//1 4529//1 2682//1
f 835//1 834//1 4530//1
f 1699//1 4194//1 1700//1
f 4531//1 1561//1 790//1
f 1601//1 1360//1 2814//1
f 4532//1 3684//1 3828//1
f 4533//1 3309//1 4534//1
f 2895//1 4153//1 1890//1
f 1596//1 4348//1 4535//1
f 4536//1 3992//1 3869//1
f 1157//1 4333//1 1156//1
f 4537//1 4183//1 3302//1
f 1934//1 2726//1 1935//1
f 1524//1 4279//1 400//1
f 2886//1 356//1 2311//1
f 1233//1 3586//1 3753//1
f 4538//1 1913//1 1912//1
f 3655//1 4539//1 3783//1
f 2985//1 2984//1 2329//1
f 1949//1 1948//1 1265//1
f 3994//1 3993//1 4031//1
f 4540//1 4541//1 17//1
f 482//1 927//1 4064//1
f 3072//1 448//1 3222//1
f 1177//1 961//1 1506//1
f 1731//1 514//1 1732//1
f 443//1 442//1 993//1
f 1803//1 3019//1 2449//1
f 2960//1 3283//1 3861//1
f 4542//1 403//1 4167//1
f 4543//1 1187//1 1026//1
f 2266//1 2756//1 4341//1
f 2466//1 4544//1 2467//1
f 1904//1 4045//1 97//1
f 3251//1 3253//1 732//1
f 4545//1 54//1 1156//1
f 3036//1 1964//1 4184//1
f 1505//1 1507//1 4546//1
f 1106//1 4547//1 4013//1
f 4162//1 856//1 2280//1
f 4548//1 3110//1 3300//1
f 4549//1 4263//1 4550//1
f 4551//1 2254//1 3723//1
f 1549//1 1548//1 4264//1
f 4552//1 2259//1 4553//1
f 1279//1 1278//1 1028//1
f 4012//1 4554//1 2928//1
f 4470//1 1838//1 1457//1
f 1435//1 2221//1 1920//1
f 1804//1 1523//1 92//1
f 1773//1 2978//1 4555//1
f 765//1 848//1 1230//1
f 4556//1 592//1 591//1
f 170//1 4133//1 168//1
f 229//1 3791//1 1947//1
f 1254//1 4305//1 4390//1
f 2712//1 2711//1 2322//1
f 564//1 3414//1 2782//1
f 1145//1 4557//1 3859//1
f 4558//1 1789//1 3891//1
f 540//1 2746//1 541//1
f 1278//1 3878//1 2731//1
f 1379//1 4559//1 4526//1
f 3921//1 1038//1 7//1
f 777//1 618//1 3987//1
f 1848//1 2455//1 2457//1
f 699//1 2259//1 655//1
f 4560//1 2075//1 558//1
f 1929//1 1931//1 3003//1
f 3066//1 2891//1 2147//1
f 1701//1 2969//1 2806//1
f 3138//1 2720//1 2719//1
f 1597//1 534//1 536//1
f 1876//1 2922//1 1874//1
f 3324//1 501//1 503//1
f 4078//1 3732//1 3959//1
f 775//1 1115//1 1856//1
f 1308//1 2221//1 1435//1
f 4561//1 3352//1 4562//1
f 4551//1 3368//1 4411//1
f 3692//1 3023//1 2767//1
f 2363//1 4563//1 2364//1
f 2614//1 544//1 3415//1
f 4564//1 3901//1 4565//1
f 4427//1 4566//1 1580//1
f 1455//1 1170//1 1453//1
f 4076//1 2423//1 2753//1
f 3923//1 4182//1 1146//1
f 2143//1 1963//1 1741//1
f 3618//1 4538//1 1912//1
f 1502//1 3666//1 1503//1
f 3326//1 3697//1 4378//1
f 3752//1 4110//1 3423//1
f 2543//1 4567//1 4121//1
f 3024//1 1066//1 2894//1
f 1468//1 2606//1 4568//1
f 2940//1 4026//1 2598//1
f 1442//1 3965//1 1355//1
f 721//1 2812//1 722//1
f 916//1 4231//1 4078//1
f 2729//1 1069//1 2727//1
f 2604//1 2553//1 1565//1
f 4569//1 1829//1 2766//1
f 1642//1 1322//1 1257//1
f 2404//1 2406//1 3897//1
f 425//1 3336//1 3414//1
f 4169//1 3486//1 2076//1
f 4570//1 1547//1 4451//1
f 3410//1 1769//1 3082//1
f 4265//1 3832//1 4571//1
f 2944//1 1685//1 1684//1
f 44//1 46//1 4572//1
f 3050//1 4573//1 4574//1
f 2613//1 4228//1 3713//1
f 2984//1 4575//1 2329//1
f 1684//1 624//1 2944//1
f 2412//1 1608//1 1607//1
f 4576//1 4577//1 2356//1
f 4578//1 2681//1 4579//1
f 4580//1 4581//1 4582//1
f 4199//1 915//1 3129//1
f 3886//1 2310//1 356//1
f 4583//1 2832//1 1261//1
f 4317//1 2628//1 53//1
f 3432//1 174//1 176//1
f 399//1 3855//1 93//1
f 906//1 3333//1 3913//1
f 3690//1 123//1 4584//1
f 2493//1 1310//1 3265//1
f 2509//1 4163//1 3080//1
f 4409//1 379//1 3799//1
f 2565//1 3024//1 2894//1
f 4265//1 2205//1 3832//1
f 3925//1 1890//1 1977//1
f 2501//1 176//1 175//1
f 4372//1 354//1 3997//1
f 2359//1 697//1 4321//1
f 325//1 142//1 281//1
f 4465//1 1570//1 3015//1
f 1850//1 721//1 2435//1
f 4012//1 2928//1 2510//1
f 2567//1 904//1 903//1
f 517//1 4462//1 3721//1
f 184//1 2344//1 4297//1
f 4585//1 898//1 4023//1
f 3872//1 1022//1 3873//1
f 3439//1 930//1 2927//1
f 576//1 1863//1 3612//1
f 3720//1 4586//1 4587//1
f 4588//1 4589//1 2749//1
f 2153//1 1356//1 1355//1
f 836//1 4590//1 214//1
f 4473//1 137//1 139//1
f 3617//1 2525//1 3147//1
f 785//1 787//1 3724//1
f 4591//1 1950//1 4592//1
f 3603//1 3602//1 1935//1
f 1096//1 2167//1 1868//1
f 3875//1 376//1 375//1
f 2975//1 2974//1 4593//1
f 2587//1 3602//1 2588//1
f 958//1 511//1 510//1
f 4487//1 4219//1 4407//1
f 2392//1 278//1 2452//1
f 1827//1 2376//1 1732//1
f 2623//1 4541//1 3523//1
f 3179//1 3180//1 4594//1
f 4333//1 3860//1 4447//1
f 4595//1 4596//1 3756//1
f 1415//1 4597//1 1745//1
f 2946//1 4242//1 4598//1
f 3356//1 3049//1 3048//1
f 3915//1 2698//1 3036//1
f 4599//1 3330//1 3703//1
f 4600//1 3012//1 4601//1
f 1553//1 1567//1 1554//1
f 2117//1 3510//1 1594//1
f 2907//1 4602//1 4603//1
f 1222//1 1574//1 725//1
f 1156//1 748//1 747//1
f 4604//1 2988//1 3472//1
f 4605//1 801//1 636//1
f 4461//1 3909//1 3994//1
f 1781//1 1841//1 3706//1
f 4380//1 4606//1 879//1
f 4284//1 1957//1 4607//1
f 4608//1 1160//1 1086//1
f 1292//1 2425//1 1293//1
f 627//1 4609//1 3306//1
f 2464//1 4610//1 3285//1
f 164//1 2979//1 3771//1
f 1373//1 2840//1 3833//1
f 4611//1 2604//1 1565//1
f 4277//1 642//1 2277//1
f 165//1 167//1 3039//1
f 4299//1 3528//1 3397//1
f 2034//1 158//1 1534//1
f 2801//1 4612//1 1978//1
f 3597//1 4613//1 4614//1
f 4560//1 3792//1 1493//1
f 2204//1 1372//1 1373//1
f 221//1 3326//1 222//1
f 2648//1 1567//1 1553//1
f 639//1 893//1 926//1
f 4534//1 3309//1 2171//1
f 1991//1 4269//1 1989//1
f 4615//1 2893//1 159//1
f 3466//1 1715//1 1581//1
f 1263//1 3735//1 1264//1
f 555//1 557//1 4433//1
f 3946//1 4021//1 3947//1
f 1130//1 1132//1 1152//1
f 3077//1 655//1 657//1
f 2419//1 2421//1 2933//1
f 1389//1 3091//1 2834//1
f 4099//1 2144//1 2143//1
f 2154//1 2038//1 2155//1
f 3705//1 2540//1 2733//1
f 2893//1 4615//1 2892//1
f 2424//1 1305//1 2422//1
f 1313//1 2802//1 2542//1
f 1416//1 4616//1 1672//1
f 1564//1 1566//1 895//1
f 2829//1 921//1 2830//1
f 1295//1 4155//1 3307//1
f 3886//1 3762//1 2645//1
f 883//1 3243//1 1652//1
f 4617//1 320//1 4618//1
f 1438//1 4125//1 4284//1
f 3427//1 3426//1 4412//1
f 4619//1 4620//1 1958//1
f 3706//1 2733//1 4087//1
f 4186//1 3786//1 1824//1
f 1172//1 2461//1 2924//1
f 2242//1 3775//1 2243//1
f 4350//1 1392//1 431//1
f 143//1 145//1 2620//1
f 2632//1 477//1 479//1
f 3569//1 4371//1 2255//1
f 3935//1 2880//1 4621//1
f 1237//1 2350//1 4101//1
f 2831//1 3755//1 2829//1
f 751//1 2088//1 752//1
f 1467//1 43//1 1468//1
f 400//1 4279//1 1035//1
f 1090//1 1614//1 4622//1
f 4623//1 14//1 13//1
f 2054//1 2220//1 1834//1
f 2234//1 606//1 1404//1
f 4624//1 779//1 2586//1
f 4625//1 1496//1 535//1
f 2560//1 135//1 3165//1
f 116//1 3899//1 3560//1
f 4615//1 3991//1 2892//1
f 3722//1 4626//1 1968//1
f 1545//1 2727//1 1546//1
f 1662//1 907//1 3747//1
f 4627//1 2752//1 59//1
f 4344//1 4628//1 1979//1
f 230//1 1148//1 3869//1
f 573//1 4629//1 4616//1
f 4478//1 4630//1 4476//1
f 4084//1 3271//1 44//1
f 297//1 2239//1 4189//1
f 537//1 539//1 4631//1
f 3012//1 4005//1 4601//1
f 1618//1 1926//1 4632//1
f 2466//1 4400//1 4544//1
f 4502//1 4236//1 1557//1
f 2151//1 2150//1 2411//1
f 711//1 710//1 1959//1
f 4129//1 1526//1 1525//1
f 4148//1 4149//1 4633//1
f 3866//1 1004//1 1048//1
f 4634//1 882//1 2361//1
f 4116//1 4635//1 2957//1
f 517//1 3720//1 3857//1
f 533//1 4099//1 588//1
f 4021//1 2576//1 2793//1
f 1482//1 2861//1 3304//1
f 1857//1 2347//1 2346//1
f 1899//1 4355//1 540//1
f 1776//1 3880//1 3718//1
f 2848//1 2849//1 1286//1
f 4218//1 208//1 2690//1
f 4636//1 4551//1 1181//1
f 3541//1 3543//1 2066//1
f 4203//1 3349//1 2446//1
f 4456//1 3322//1 4637//1
f 2541//1 3299//1 1502//1
f 2777//1 938//1 643//1
f 2051//1 1574//1 2745//1
f 529//1 4638//1 1097//1
f 4639//1 1473//1 2276//1
f 4141//1 4640//1 1406//1
f 2131//1 1467//1 1469//1
f 1344//1 2451//1 1345//1
f 2244//1 2505//1 2515//1
f 245//1 3182//1 153//1
f 2927//1 4055//1 742//1
f 4641//1 2077//1 46//1
f 3082//1 1769//1 4642//1
f 761//1 4643//1 323//1
f 3612//1 4644//1 1063//1
f 3100//1 4645//1 4640//1
f 4646//1 4363//1 1133//1
f 173//1 172//1 3107//1
f 180//1 1499//1 181//1
f 4523//1 2494//1 1072//1
f 1104//1 2838//1 902//1
f 2469//1 2471//1 557//1
f 2844//1 2843//1 3572//1
f 3126//1 1823//1 4486//1
f 285//1 1609//1 1608//1
f 1241//1 1395//1 1242//1
f 1005//1 1007//1 2291//1
f 3684//1 3548//1 3828//1
f 2481//1 4647//1 2083//1
f 2741//1 1267//1 4648//1
f 2874//1 4649//1 4465//1
f 4650//1 3673//1 4651//1
f 4652//1 3766//1 2315//1
f 80//1 803//1 805//1
f 1088//1 709//1 4653//1
f 4473//1 3351//1 3161//1
f 310//1 312//1 776//1
f 4654//1 3887//1 3492//1
f 2561//1 2449//1 3019//1
f 687//1 2981//1 4655//1
f 4656//1 2870//1 1919//1
f 2673//1 10//1 2674//1
f 1140//1 3946//1 3945//1
f 1192//1 1161//1 1193//1
f 3671//1 2391//1 4576//1
f 1877//1 4657//1 3885//1
f 599//1 4658//1 3813//1
f 3324//1 503//1 85//1
f 1113//1 1601//1 1602//1
f 2114//1 2588//1 4659//1
f 1718//1 217//1 3448//1
f 4660//1 3861//1 1522//1
f 1382//1 1381//1 3083//1
f 3180//1 478//1 4594//1
f 3370//1 2931//1 2930//1
f 2235//1 2069//1 3097//1
f 1246//1 1248//1 2463//1
f 1557//1 1556//1 4158//1
f 191//1 4605//1 637//1
f 2047//1 3143//1 3258//1
f 4001//1 4661//1 634//1
f 923//1 2599//1 2598//1
f 3751//1 4324//1 2180//1
f 1852//1 1851//1 4270//1
f 1752//1 1753//1 4662//1
f 4264//1 1548//1 3907//1
f 1480//1 3982//1 1478//1
f 4449//1 1192//1 4663//1
f 4319//1 4249//1 1552//1
f 478//1 4102//1 3788//1
f 3817//1 402//1 3591//1
f 101//1 4664//1 4184//1
f 3222//1 2746//1 4355//1
f 4603//1 1429//1 2770//1
f 1099//1 2702//1 1100//1
f 2501//1 2203//1 176//1
f 688//1 1920//1 3257//1
f 2068//1 2462//1 335//1
f 1760//1 493//1 492//1
f 4632//1 4665//1 1618//1
f 1074//1 1702//1 1072//1
f 4122//1 4666//1 4123//1
f 315//1 2747//1 2356//1
f 392//1 391//1 3811//1
f 2858//1 3683//1 2329//1
f 4667//1 4668//1 4669//1
f 2994//1 2993//1 3508//1
f 1690//1 1010//1 4670//1
f 4010//1 876//1 4671//1
f 1181//1 4551//1 4411//1
f 3153//1 3987//1 617//1
f 4044//1 609//1 3823//1
f 758//1 2954//1 3405//1
f 339//1 644//1 4288//1
f 2770//1 3758//1 2908//1
f 4356//1 2345//1 4597//1
f 4564//1 1822//1 3901//1
f 3417//1 2153//1 1355//1
f 819//1 2898//1 3334//1
f 2356//1 4577//1 1582//1
f 1651//1 3678//1 218//1
f 3034//1 4554//1 4012//1
f 3557//1 310//1 3521//1
f 517//1 519//1 4462//1
f 2375//1 1647//1 3944//1
f 1000//1 4193//1 1001//1
f 3097//1 2611//1 2235//1
f 1402//1 2278//1 641//1
f 3552//1 1972//1 1590//1
f 3351//1 2213//1 3161//1
f 679//1 3146//1 1994//1
f 1803//1 1805//1 3019//1
f 3480//1 2218//1 2220//1
f 4051//1 4050//1 1793//1
f 2318//1 1058//1 1305//1
f 1020//1 1184//1 1624//1
f 4008//1 3638//1 4009//1
f 1968//1 4626//1 3168//1
f 2387//1 3974//1 3375//1
f 3843//1 1107//1 4672//1
f 1678//1 4656//1 1918//1
f 389//1 388//1 1784//1
f 2273//1 3357//1 2271//1
f 4673//1 351//1 353//1
f 4624//1 2586//1 2778//1
f 2453//1 3690//1 2454//1
f 3354//1 4555//1 2978//1
f 4594//1 2883//1 3179//1
f 4665//1 4632//1 4103//1
f 4309//1 3558//1 3559//1
f 4390//1 4381//1 4674//1
f 1659//1 1658//1 2252//1
f 354//1 2887//1 3998//1
f 3840//1 4675//1 4294//1
f 4676//1 1898//1 2576//1
f 393//1 4100//1 394//1
f 935//1 2536//1 936//1
f 4677//1 4138//1 4678//1
f 4510//1 4630//1 4679//1
f 4466//1 2864//1 4680//1
f 4681//1 4630//1 4478//1
f 2709//1 2708//1 4182//1
f 2//1 1//1 2332//1
f 4429//1 4431//1 4682//1
f 1433//1 3966//1 4205//1
f 2688//1 985//1 2237//1
f 3411//1 3650//1 3589//1
f 2084//1 3875//1 375//1
f 3200//1 4114//1 157//1
f 3704//1 4683//1 4670//1
f 4684//1 3749//1 4685//1
f 986//1 3852//1 3500//1
f 4234//1 4230//1 4686//1
f 3908//1 3994//1 3909//1
f 1652//1 3243//1 3245//1
f 3884//1 4687//1 3266//1
f 135//1 134//1 2971//1
f 399//1 92//1 1524//1
f 738//1 4688//1 4272//1
f 3411//1 220//1 219//1
f 3817//1 900//1 3818//1
f 1319//1 723//1 3975//1
f 3044//1 2256//1 2581//1
f 3110//1 4548//1 3109//1
f 348//1 350//1 145//1
f 3876//1 2084//1 3188//1
f 2199//1 1763//1 345//1
f 4600//1 1718//1 1717//1
f 1601//1 2815//1 271//1
f 3499//1 3551//1 130//1
f 56//1 2530//1 57//1
f 2211//1 2212//1 1085//1
f 3646//1 2554//1 2555//1
f 2011//1 3526//1 3629//1
f 876//1 4517//1 322//1
f 2180//1 2181//1 3429//1
f 1404//1 317//1 2233//1
f 4689//1 901//1 4690//1
f 4256//1 3760//1 4691//1
f 4565//1 1128//1 4692//1
f 1237//1 2348//1 2350//1
f 3933//1 3318//1 3320//1
f 3486//1 4168//1 2226//1
f 2722//1 850//1 793//1
f 4634//1 2361//1 4693//1
f 2526//1 3851//1 4108//1
f 3172//1 3868//1 1352//1
f 3747//1 1686//1 3854//1
f 4313//1 996//1 3677//1
f 4693//1 4694//1 1625//1
f 3757//1 4581//1 4695//1
f 3568//1 3022//1 4371//1
f 815//1 3784//1 4696//1
f 2099//1 1053//1 2541//1
f 4331//1 3521//1 310//1
f 175//1 181//1 1985//1
f 2539//1 1533//1 4354//1
f 1735//1 1657//1 2033//1
f 811//1 1047//1 1046//1
f 4058//1 3954//1 2901//1
f 2859//1 1067//1 1066//1
f 2810//1 2684//1 4697//1
f 409//1 4698//1 2596//1
f 3469//1 3893//1 4699//1
f 2594//1 891//1 3443//1
f 4157//1 3502//1 1604//1
f 2885//1 4700//1 3364//1
f 649//1 1968//1 3167//1
f 3236//1 1639//1 1641//1
f 2407//1 2408//1 2152//1
f 184//1 183//1 4701//1
f 4702//1 903//1 1638//1
f 1142//1 4703//1 1140//1
f 60//1 59//1 2472//1
f 4395//1 754//1 756//1
f 3125//1 2823//1 1375//1
f 2892//1 2798//1 2799//1
f 2503//1 2502//1 3714//1
f 2501//1 2202//1 2203//1
f 3506//1 4704//1 3408//1
f 2895//1 2368//1 2896//1
f 1222//1 724//1 4705//1
f 3473//1 4706//1 942//1
f 4556//1 4707//1 2712//1
f 1774//1 4173//1 2172//1
f 3875//1 3113//1 376//1
f 1329//1 1328//1 4175//1
f 1997//1 700//1 3606//1
f 1235//1 2327//1 3621//1
f 4521//1 1617//1 1577//1
f 4205//1 3966//1 3967//1
f 307//1 3649//1 308//1
f 1343//1 1882//1 1413//1
f 1012//1 2898//1 819//1
f 718//1 719//1 2924//1
f 2913//1 445//1 2914//1
f 1657//1 1735//1 4254//1
f 1426//1 4202//1 2784//1
f 4037//1 1950//1 4591//1
f 2164//1 4526//1 4559//1
f 4337//1 2226//1 2919//1
f 1253//1 828//1 2230//1
f 4512//1 1674//1 952//1
f 3124//1 566//1 80//1
f 3944//1 2711//1 2375//1
f 235//1 652//1 1992//1
f 4031//1 3993//1 4030//1
f 3595//1 3046//1 1993//1
f 4467//1 3374//1 4495//1
f 4653//1 709//1 3066//1
f 994//1 2982//1 2805//1
f 1597//1 1774//1 1455//1
f 3284//1 50//1 2741//1
f 28//1 4376//1 29//1
f 264//1 1255//1 1519//1
f 4708//1 4709//1 3441//1
f 2452//1 2046//1 1707//1
f 3848//1 4088//1 4710//1
f 3751//1 3429//1 4711//1
f 3599//1 1474//1 4328//1
f 2177//1 3996//1 4041//1
f 3318//1 3555//1 3369//1
f 4712//1 382//1 381//1
f 1110//1 3262//1 1111//1
f 2214//1 4561//1 2353//1
f 4713//1 2832//1 4583//1
f 3209//1 2903//1 3955//1
f 1392//1 4376//1 2833//1
f 3907//1 730//1 3604//1
f 3882//1 815//1 2715//1
f 4714//1 2160//1 502//1
f 4715//1 358//1 4490//1
f 4033//1 2790//1 2792//1
f 4716//1 4717//1 2395//1
f 2209//1 2208//1 3212//1
f 3868//1 4093//1 3159//1
f 129//1 1560//1 19//1
f 3775//1 4324//1 3751//1
f 621//1 623//1 3372//1
f 4189//1 1314//1 4718//1
f 4719//1 2227//1 626//1
f 4080//1 2630//1 2934//1
f 3251//1 4474//1 3252//1
f 3003//1 657//1 3389//1
f 404//1 4499//1 2412//1
f 1960//1 2724//1 2168//1
f 2091//1 2523//1 4720//1
f 2436//1 4660//1 2437//1
f 1206//1 1205//1 4254//1
f 4416//1 4509//1 3849//1
f 3193//1 4692//1 3194//1
f 1831//1 1488//1 4421//1
f 4721//1 4626//1 2844//1
f 4018//1 1724//1 616//1
f 2811//1 3814//1 4360//1
f 1220//1 3888//1 734//1
f 3760//1 2098//1 4691//1
f 4316//1 4241//1 3807//1
f 3710//1 4158//1 2189//1
f 4722//1 4546//1 4472//1
f 3776//1 3751//1 4711//1
f 2156//1 4589//1 4588//1
f 2659//1 4396//1 3741//1
f 3929//1 4723//1 1632//1
f 652//1 651//1 2086//1
f 2480//1 4724//1 165//1
f 967//1 1947//1 1285//1
f 3646//1 2875//1 3928//1
f 582//1 1368//1 1306//1
f 778//1 263//1 2878//1
f 4682//1 2185//1 3421//1
f 4434//1 4247//1 3296//1
f 1938//1 2025//1 2024//1
f 1245//1 2738//1 717//1
f 4725//1 635//1 1826//1
f 4667//1 4669//1 424//1
f 232//1 922//1 1272//1
f 2896//1 1470//1 1970//1
f 3556//1 3933//1 3587//1
f 4364//1 4363//1 1385//1
f 276//1 2392//1 3382//1
f 1598//1 3539//1 1599//1
f 4726//1 3081//1 3080//1
f 2590//1 1638//1 2081//1
f 4292//1 4071//1 4290//1
f 4270//1 2269//1 2268//1
f 4727//1 3308//1 1084//1
f 416//1 1927//1 3398//1
f 1964//1 2110//1 101//1
f 2605//1 4611//1 246//1
f 3060//1 3433//1 377//1
f 4502//1 1557//1 4158//1
f 2202//1 1607//1 568//1
f 3157//1 3093//1 1083//1
f 1606//1 870//1 4100//1
f 1759//1 2403//1 2283//1
f 2905//1 2159//1 3798//1
f 4728//1 3511//1 2158//1
f 3586//1 3117//1 3119//1
f 1166//1 992//1 1180//1
f 2363//1 3774//1 3776//1
f 1000//1 999//1 2707//1
f 2830//1 3021//1 3054//1
f 2014//1 4729//1 4730//1
f 4731//1 4732//1 4416//1
f 3206//1 3205//1 4733//1
f 65//1 1177//1 4497//1
f 266//1 4147//1 2916//1
f 1547//1 4570//1 2120//1
f 1444//1 549//1 3791//1
f 629//1 3062//1 4609//1
f 4353//1 4354//1 1824//1
f 3100//1 4640//1 4518//1
f 4734//1 3490//1 4735//1
f 2832//1 4713//1 4351//1
f 1234//1 4736//1 1167//1
f 2987//1 2988//1 4604//1
f 4189//1 1315//1 1314//1
f 1873//1 4737//1 244//1
f 4738//1 795//1 794//1
f 321//1 905//1 1585//1
f 4739//1 3101//1 1472//1
f 4740//1 4122//1 2976//1
f 3544//1 2520//1 286//1
f 4464//1 1983//1 2012//1
f 3584//1 4741//1 608//1
f 3625//1 3624//1 4685//1
f 2336//1 585//1 692//1
f 4190//1 4060//1 972//1
f 3073//1 3072//1 3177//1
f 1604//1 4742//1 3178//1
f 3962//1 3802//1 4662//1
f 2259//1 1129//1 4743//1
f 2903//1 1366//1 2200//1
f 4381//1 4390//1 4391//1
f 4744//1 4745//1 462//1
f 3648//1 1690//1 3978//1
f 852//1 851//1 4485//1
f 2718//1 1980//1 2719//1
f 2014//1 3798//1 2015//1
f 1260//1 3532//1 4583//1
f 1172//1 3262//1 1173//1
f 31//1 33//1 37//1
f 4614//1 863//1 4746//1
f 1064//1 4747//1 1059//1
f 1890//1 4153//1 488//1
f 4748//1 3408//1 4704//1
f 3102//1 200//1 3613//1
f 4749//1 2731//1 3728//1
f 4258//1 2468//1 2467//1
f 4170//1 3065//1 4134//1
f 487//1 486//1 2836//1
f 2772//1 189//1 1891//1
f 1938//1 3811//1 2025//1
f 4001//1 3917//1 4661//1
f 282//1 281//1 1622//1
f 3827//1 3826//1 1055//1
f 2988//1 3473//1 3472//1
f 667//1 1126//1 47//1
f 738//1 4272//1 4750//1
f 3156//1 2942//1 3157//1
f 3330//1 4599//1 3566//1
f 1593//1 68//1 70//1
f 1077//1 4452//1 3332//1
f 4751//1 4737//1 1873//1
f 782//1 2909//1 783//1
f 3434//1 380//1 2484//1
f 3918//1 3063//1 3065//1
f 1013//1 4211//1 3038//1
f 308//1 690//1 689//1
f 2207//1 2736//1 3628//1
f 1815//1 1814//1 2209//1
f 293//1 2626//1 294//1
f 1568//1 1567//1 2673//1
f 1941//1 4326//1 4752//1
f 1212//1 2226//1 4337//1
f 3931//1 2422//1 1057//1
f 4052//1 4409//1 3799//1
f 1235//1 4437//1 2328//1
f 2223//1 4259//1 4275//1
f 2878//1 1714//1 3805//1
f 1879//1 1394//1 4405//1
f 4587//1 4586//1 4753//1
f 4547//1 357//1 2649//1
f 3007//1 806//1 2636//1
f 4428//1 2059//1 4754//1
f 4755//1 3190//1 755//1
f 4756//1 2675//1 2154//1
f 4757//1 3698//1 4286//1
f 2472//1 2752//1 2260//1
f 3858//1 3720//1 4587//1
f 4758//1 1434//1 4308//1
f 1260//1 4583//1 1261//1
f 1//1 4759//1 2332//1
f 3824//1 4741//1 3449//1
f 1532//1 2321//1 1825//1
f 2867//1 838//1 3928//1
f 1651//1 415//1 3678//1
f 3418//1 218//1 220//1
f 2636//1 2174//1 3346//1
f 3463//1 1998//1 168//1
f 633//1 3669//1 4001//1
f 3089//1 2701//1 3797//1
f 1186//1 2438//1 205//1
f 4234//1 4686//1 4633//1
f 4718//1 2759//1 297//1
f 2188//1 4704//1 1024//1
f 3218//1 3609//1 3219//1
f 3694//1 3109//1 3695//1
f 3753//1 3586//1 973//1
f 4760//1 4161//1 555//1
f 1421//1 3719//1 1422//1
f 4388//1 2774//1 4761//1
f 3877//1 3191//1 4555//1
f 3037//1 2339//1 3664//1
f 1611//1 4508//1 1610//1
f 4196//1 4762//1 4248//1
f 300//1 299//1 3530//1
f 2603//1 2845//1 3794//1
f 2204//1 3833//1 3832//1
f 4763//1 4764//1 2027//1
f 2908//1 3758//1 2542//1
f 3163//1 2286//1 1232//1
f 2333//1 3843//1 4765//1
f 4276//1 4272//1 4688//1
f 3446//1 3002//1 3001//1
f 1387//1 2192//1 1388//1
f 3693//1 3153//1 3295//1
f 1364//1 3155//1 3071//1
f 4653//1 3066//1 2146//1
f 4160//1 4180//1 2108//1
f 4463//1 2323//1 4766//1
f 4495//1 3374//1 779//1
f 2936//1 3266//1 3268//1
f 4237//1 2269//1 4270//1
f 3562//1 2796//1 4404//1
f 3632//1 4540//1 16//1
f 142//1 152//1 281//1
f 4767//1 3892//1 4658//1
f 2165//1 2164//1 3177//1
f 943//1 2618//1 4768//1
f 1439//1 3049//1 3356//1
f 1802//1 2928//1 441//1
f 2158//1 2160//1 4714//1
f 2314//1 2479//1 2315//1
f 1922//1 4769//1 4002//1
f 334//1 3578//1 3580//1
f 2057//1 4033//1 2058//1
f 2489//1 4210//1 969//1
f 4472//1 963//1 521//1
f 2934//1 1685//1 2944//1
f 2578//1 2577//1 3742//1
f 4583//1 771//1 4713//1
f 2871//1 1677//1 2022//1
f 3586//1 971//1 973//1
f 2935//1 4770//1 2936//1
f 4481//1 2908//1 2802//1
f 1801//1 1800//1 3405//1
f 4226//1 4227//1 4225//1
f 3512//1 3865//1 3513//1
f 3156//1 4771//1 2942//1
f 2046//1 2452//1 2764//1
f 2822//1 3127//1 2902//1
f 4772//1 2747//1 315//1
f 4773//1 4774//1 1720//1
f 4775//1 4478//1 4477//1
f 1377//1 1001//1 4776//1
f 4777//1 4119//1 4685//1
f 4756//1 4588//1 4028//1
f 455//1 3936//1 453//1
f 3135//1 1487//1 4302//1
f 3647//1 1589//1 1971//1
f 2618//1 4706//1 2619//1
f 3786//1 4353//1 1824//1
f 3967//1 2610//1 978//1
f 4778//1 4076//1 1510//1
f 2699//1 3574//1 1539//1
f 446//1 2687//1 3676//1
f 4623//1 2127//1 14//1
f 4053//1 1949//1 2418//1
f 560//1 559//1 727//1
f 4339//1 1679//1 726//1
f 3737//1 4514//1 2463//1
f 4779//1 2050//1 2049//1
f 646//1 4288//1 644//1
f 1791//1 1790//1 4349//1
f 3661//1 3663//1 2459//1
f 1421//1 4274//1 1776//1
f 4772//1 2748//1 2747//1
f 4118//1 4780//1 1655//1
f 3427//1 4412//1 3049//1
f 4639//1 2276//1 2275//1
f 3944//1 4781//1 2184//1
f 555//1 4433//1 4782//1
f 4424//1 836//1 4282//1
f 4508//1 3233//1 1610//1
f 1198//1 1018//1 1017//1
f 4447//1 4545//1 1156//1
f 4619//1 1223//1 4620//1
f 3455//1 4452//1 1077//1
f 4426//1 1766//1 3913//1
f 1855//1 1854//1 752//1
f 2323//1 4243//1 4766//1
f 633//1 3670//1 3669//1
f 4660//1 1706//1 2437//1
f 3592//1 1983//1 4464//1
f 3858//1 4587//1 3617//1
f 4783//1 4117//1 855//1
f 4784//1 2615//1 2614//1
f 4733//1 2955//1 4198//1
f 2732//1 1052//1 1816//1
f 2840//1 4785//1 4786//1
f 1287//1 1676//1 2552//1
f 865//1 4606//1 3731//1
f 4726//1 4489//1 4382//1
f 1189//1 1596//1 4535//1
f 781//1 4495//1 779//1
f 3631//1 3308//1 4787//1
f 4059//1 4700//1 3954//1
f 4661//1 3917//1 2694//1
f 621//1 4458//1 1326//1
f 2589//1 3305//1 2590//1
f 896//1 1770//1 897//1
f 928//1 930//1 4671//1
f 4215//1 4053//1 1153//1
f 1933//1 4788//1 1934//1
f 2642//1 1881//1 1658//1
f 4012//1 2509//1 3035//1
f 4789//1 3532//1 171//1
f 3508//1 3598//1 2994//1
f 4790//1 4602//1 2940//1
f 3445//1 3530//1 4791//1
f 4395//1 4792//1 4793//1
f 1193//1 4343//1 4342//1
f 2400//1 3133//1 2398//1
f 3956//1 2200//1 3986//1
f 3923//1 1147//1 3924//1
f 3736//1 67//1 3567//1
f 3398//1 1927//1 1698//1
f 1594//1 1715//1 3466//1
f 2827//1 589//1 1087//1
f 4225//1 78//1 77//1
f 3417//1 1355//1 3965//1
f 2410//1 2409//1 4794//1
f 2888//1 1126//1 1128//1
f 1244//1 2314//1 2313//1
f 1961//1 1160//1 1159//1
f 680//1 1216//1 2198//1
f 2008//1 2007//1 3591//1
f 55//1 54//1 2499//1
f 2207//1 3628//1 3143//1
f 4474//1 947//1 516//1
f 1265//1 1264//1 2418//1
f 4780//1 4117//1 4783//1
f 797//1 799//1 3136//1
f 4255//1 3322//1 2275//1
f 2563//1 518//1 2272//1
f 1801//1 2954//1 2929//1
f 4057//1 3525//1 3727//1
f 4751//1 4367//1 4754//1
f 4265//1 2281//1 4311//1
f 2269//1 4608//1 1085//1
f 2524//1 3148//1 2525//1
f 655//1 2259//1 4552//1
f 4052//1 1711//1 2484//1
f 2213//1 4561//1 2214//1
f 1811//1 1810//1 2249//1
f 1564//1 4611//1 1565//1
f 1012//1 2899//1 2898//1
f 4795//1 3708//1 3345//1
f 3864//1 1137//1 1139//1
f 4796//1 3566//1 4599//1
f 3086//1 3085//1 3461//1
f 25//1 316//1 1583//1
f 807//1 3404//1 808//1
f 3895//1 3952//1 4361//1
f 4757//1 4797//1 3698//1
f 4136//1 4621//1 2879//1
f 2648//1 432//1 434//1
f 4569//1 2766//1 2000//1
f 3458//1 1746//1 4269//1
f 2103//1 2561//1 1621//1
f 4397//1 4430//1 4429//1
f 1431//1 718//1 1432//1
f 3913//1 455//1 454//1
f 273//1 620//1 1602//1
f 481//1 4663//1 1192//1
f 4662//1 4146//1 4798//1
f 3943//1 3942//1 4799//1
f 4537//1 2734//1 4183//1
f 240//1 458//1 241//1
f 4756//1 4027//1 4127//1
f 2814//1 1360//1 2665//1
f 948//1 950//1 1362//1
f 4800//1 2583//1 3121//1
f 3760//1 4801//1 1150//1
f 2588//1 1088//1 4659//1
f 3960//1 2570//1 2402//1
f 3111//1 3113//1 3875//1
f 1030//1 2589//1 1031//1
f 1605//1 1604//1 3178//1
f 4802//1 1648//1 4803//1
f 4724//1 166//1 165//1
f 4804//1 3874//1 2993//1
f 3269//1 3623//1 1204//1
f 1962//1 1265//1 1948//1
f 4552//1 3286//1 656//1
f 1886//1 4805//1 3699//1
f 7//1 303//1 8//1
f 1672//1 3403//1 2342//1
f 1542//1 554//1 553//1
f 4802//1 4806//1 1654//1
f 1780//1 4194//1 1778//1
f 998//1 997//1 4112//1
f 4807//1 3444//1 4453//1
f 4016//1 4248//1 3814//1
f 3119//1 3013//1 3586//1
f 2921//1 4617//1 4618//1
f 1266//1 3737//1 1267//1
f 4687//1 3884//1 3883//1
f 3227//1 4641//1 45//1
f 1698//1 659//1 826//1
f 4645//1 1406//1 4640//1
f 4085//1 1469//1 2287//1
f 1685//1 3854//1 1686//1
f 1036//1 1038//1 3921//1
f 1078//1 1080//1 2977//1
f 4125//1 4036//1 4037//1
f 3383//1 1478//1 3384//1
f 4808//1 1511//1 2298//1
f 4512//1 2508//1 1674//1
f 2759//1 2556//1 295//1
f 4809//1 4130//1 4314//1
f 1103//1 3452//1 3088//1
f 2272//1 166//1 4724//1
f 4810//1 3756//1 2357//1
f 4026//1 4048//1 3018//1
f 3853//1 2808//1 4019//1
f 3211//1 4723//1 3929//1
f 1765//1 3936//1 455//1
f 415//1 414//1 3679//1
f 3610//1 3609//1 4811//1
f 3948//1 2531//1 1487//1
f 2217//1 2216//1 2491//1
f 1047//1 2791//1 3513//1
f 3655//1 4799//1 4539//1
f 2593//1 891//1 2594//1
f 502//1 847//1 4714//1
f 924//1 1253//1 2230//1
f 3028//1 4213//1 3026//1
f 2004//1 2195//1 3611//1
f 981//1 980//1 2667//1
f 2452//1 4758//1 2392//1
f 698//1 2526//1 1129//1
f 3215//1 3214//1 3152//1
f 2852//1 4142//1 872//1
f 1208//1 694//1 2757//1
f 45//1 3271//1 2139//1
f 1779//1 996//1 4313//1
f 4358//1 2616//1 3384//1
f 1900//1 542//1 4812//1
f 226//1 225//1 4094//1
f 4352//1 1650//1 1905//1
f 4037//1 813//1 1950//1
f 2786//1 2210//1 3470//1
f 3317//1 4729//1 2014//1
f 3297//1 3450//1 3298//1
f 4209//1 1834//1 2219//1
f 2556//1 1428//1 3360//1
f 2355//1 2214//1 2353//1
f 2720//1 896//1 3515//1
f 3398//1 306//1 416//1
f 2889//1 2888//1 1374//1
f 2560//1 3171//1 136//1
f 2604//1 2909//1 2553//1
f 3299//1 2010//1 1502//1
f 3048//1 3357//1 3356//1
f 3839//1 1870//1 1571//1
f 4257//1 4312//1 3876//1
f 2729//1 2728//1 4354//1
f 4578//1 4579//1 1171//1
f 3960//1 3961//1 2570//1
f 1998//1 3218//1 3795//1
f 2656//1 3468//1 1846//1
f 4671//1 3439//1 4010//1
f 4168//1 3486//1 4169//1
f 4365//1 4813//1 4814//1
f 140//1 4171//1 4352//1
f 1748//1 1937//1 3228//1
f 4677//1 4678//1 1722//1
f 1770//1 3410//1 897//1
f 1591//1 4041//1 3344//1
f 2478//1 2477//1 4720//1
f 4786//1 4815//1 3230//1
f 980//1 979//1 3290//1
f 4578//1 1171//1 151//1
f 3392//1 2624//1 2626//1
f 863//1 3614//1 4643//1
f 3379//1 3166//1 199//1
f 4126//1 670//1 4036//1
f 2379//1 4373//1 2377//1
f 284//1 3535//1 669//1
f 2129//1 4816//1 4107//1
f 2917//1 3130//1 4432//1
f 4817//1 2960//1 2959//1
f 460//1 484//1 457//1
f 2606//1 42//1 3790//1
f 1874//1 4519//1 3621//1
f 617//1 3987//1 618//1
f 1210//1 2734//1 154//1
f 355//1 3886//1 356//1
f 94//1 3770//1 1805//1
f 4598//1 4385//1 3570//1
f 3454//1 4341//1 4340//1
f 354//1 356//1 2886//1
f 4220//1 4222//1 1239//1
f 558//1 2427//1 559//1
f 3774//1 4818//1 3422//1
f 762//1 761//1 323//1
f 607//1 609//1 3189//1
f 532//1 4819//1 2538//1
f 1815//1 3212//1 798//1
f 527//1 1345//1 941//1
f 3718//1 3719//1 1421//1
f 3759//1 3112//1 3277//1
f 4467//1 2147//1 2891//1
f 2828//1 2827//1 1087//1
f 2468//1 3627//1 2466//1
f 3620//1 1146//1 4182//1
f 157//1 4114//1 2816//1
f 2061//1 2060//1 1729//1
f 13//1 4260//1 4623//1
f 1656//1 2034//1 1657//1
f 4167//1 3536//1 4542//1
f 4682//1 4431//1 2185//1
f 169//1 3612//1 170//1
f 2240//1 2293//1 4716//1
f 2077//1 3837//1 2024//1
f 993//1 1166//1 443//1
f 3953//1 3021//1 2851//1
f 1811//1 2249//1 2431//1
f 4005//1 3196//1 1749//1
f 4054//1 4820//1 4821//1
f 2952//1 2789//1 126//1
f 771//1 4583//1 4789//1
f 2907//1 4603//1 2770//1
f 4744//1 462//1 2519//1
f 3879//1 1196//1 4822//1
f 4371//1 3665//1 2255//1
f 3313//1 259//1 258//1
f 2825//1 2697//1 2696//1
f 1187//1 2650//1 1185//1
f 3620//1 1606//1 4100//1
f 586//1 4407//1 4406//1
f 3725//1 3726//1 4823//1
f 2691//1 4443//1 4824//1
f 3344//1 4795//1 3345//1
f 1750//1 3186//1 1705//1
f 4686//1 2709//1 4633//1
f 3178//1 3948//1 1486//1
f 3830//1 2186//1 4825//1
f 4289//1 3456//1 2548//1
f 2466//1 3627//1 2735//1
f 4647//1 2081//1 2083//1
f 1383//1 4327//1 1381//1
f 685//1 124//1 123//1
f 837//1 213//1 2554//1
f 2758//1 3719//1 2352//1
f 3044//1 3190//1 3772//1
f 3108//1 538//1 2742//1
f 2398//1 4331//1 3381//1
f 4248//1 4016//1 4196//1
f 944//1 1139//1 1138//1
f 205//1 1813//1 203//1
f 2442//1 4708//1 3441//1
f 1164//1 906//1 905//1
f 4760//1 555//1 4782//1
f 329//1 3652//1 2638//1
f 440//1 2165//1 507//1
f 2807//1 2285//1 2284//1
f 445//1 1505//1 4546//1
f 819//1 3334//1 2052//1
f 4801//1 2651//1 2096//1
f 1496//1 1498//1 535//1
f 404//1 403//1 4499//1
f 4440//1 3926//1 3712//1
f 451//1 450//1 3728//1
f 776//1 312//1 618//1
f 4826//1 4827//1 3609//1
f 3277//1 3111//1 4312//1
f 4778//1 2424//1 4076//1
f 2961//1 2419//1 2962//1
f 3853//1 4019//1 4410//1
f 1135//1 4646//1 1133//1
f 1002//1 3866//1 3524//1
f 4073//1 4828//1 4285//1
f 2262//1 2264//1 2914//1
f 847//1 1715//1 4714//1
f 1456//1 359//1 516//1
f 4075//1 4820//1 2417//1
f 1203//1 2123//1 1201//1
f 500//1 2635//1 4154//1
f 4829//1 716//1 715//1
f 2115//1 2117//1 675//1
f 3132//1 3134//1 866//1
f 4291//1 4290//1 4315//1
f 1187//1 2378//1 2377//1
f 1599//1 2813//1 1600//1
f 4830//1 1419//1 1418//1
f 4577//1 1819//1 1583//1
f 1350//1 2374//1 1351//1
f 4435//1 1788//1 1893//1
f 2647//1 3539//1 3538//1
f 3742//1 2949//1 2951//1
f 2737//1 3470//1 3471//1
f 3834//1 3836//1 2364//1
f 1098//1 4327//1 1383//1
f 2436//1 3861//1 4660//1
f 3905//1 4203//1 3310//1
f 1418//1 724//1 723//1
f 2823//1 2545//1 2544//1
f 1456//1 516//1 4469//1
f 4831//1 2607//1 4347//1
f 4400//1 2735//1 1210//1
f 4086//1 2187//1 645//1
f 3360//1 1428//1 1430//1
f 4686//1 4230//1 4832//1
f 1064//1 1281//1 4810//1
f 2870//1 2332//1 1919//1
f 4833//1 551//1 4834//1
f 1123//1 2949//1 3063//1
f 103//1 1241//1 681//1
f 276//1 4687//1 277//1
f 1648//1 4802//1 1649//1
f 820//1 3729//1 3634//1
f 2776//1 1168//1 4736//1
f 53//1 748//1 54//1
f 3//1 4490//1 4083//1
f 2219//1 2218//1 572//1
f 4325//1 2318//1 2317//1
f 1892//1 1996//1 1039//1
f 2941//1 3831//1 1348//1
f 236//1 333//1 332//1
f 526//1 729//1 2134//1
f 3308//1 4727//1 4091//1
f 4375//1 2959//1 3910//1
f 4115//1 4118//1 1655//1
f 2500//1 2499//1 79//1
f 661//1 4026//1 2940//1
f 4311//1 2205//1 4265//1
f 425//1 1414//1 3336//1
f 4345//1 3883//1 3885//1
f 1878//1 4819//1 3549//1
f 1696//1 3296//1 3298//1
f 1132//1 1131//1 1948//1
f 4131//1 2546//1 598//1
f 4046//1 1014//1 1019//1
f 3837//1 2077//1 4641//1
f 1526//1 4129//1 3034//1
f 4835//1 2794//1 2750//1
f 1751//1 3383//1 2616//1
f 3092//1 873//1 875//1
f 2193//1 1616//1 1615//1
f 2579//1 2578//1 4260//1
f 4306//1 4057//1 336//1
f 1847//1 3098//1 2657//1
f 3471//1 1051//1 3582//1
f 2308//1 4836//1 3680//1
f 3134//1 864//1 866//1
f 4764//1 4763//1 871//1
f 1496//1 2776//1 1497//1
f 1039//1 313//1 821//1
f 2178//1 4041//1 70//1
f 483//1 219//1 3678//1
f 2973//1 2975//1 4481//1
f 4375//1 4817//1 2959//1
f 4082//1 2969//1 3988//1
f 1990//1 1989//1 3707//1
f 57//1 2530//1 389//1
f 4542//1 283//1 4499//1
f 111//1 1976//1 1859//1
f 928//1 4671//1 877//1
f 3706//1 438//1 1781//1
f 3228//1 1746//1 1748//1
f 4565//1 4460//1 1128//1
f 1303//1 4837//1 4838//1
f 3228//1 3837//1 4641//1
f 3641//1 2992//1 3642//1
f 4765//1 4839//1 4198//1
f 3530//1 4807//1 300//1
f 255//1 2433//1 1402//1
f 862//1 4613//1 335//1
f 3129//1 764//1 3130//1
f 4236//1 4522//1 4840//1
f 1939//1 1954//1 1588//1
f 419//1 418//1 2414//1
f 4607//1 1956//1 252//1
f 311//1 4072//1 4292//1
f 4//1 1184//1 1020//1
f 283//1 285//1 1608//1
f 1136//1 686//1 833//1
f 489//1 4290//1 4071//1
f 4841//1 4172//1 3169//1
f 4842//1 2797//1 2796//1
f 2714//1 3778//1 2404//1
f 2062//1 2061//1 3273//1
f 3600//1 252//1 254//1
f 3977//1 2444//1 2443//1
f 4600//1 4601//1 4192//1
f 1887//1 735//1 3889//1
f 4275//1 1580//1 4566//1
f 4496//1 3894//1 4334//1
f 842//1 4843//1 2473//1
f 123//1 125//1 4584//1
f 3190//1 4755//1 3772//1
f 4487//1 4407//1 1207//1
f 954//1 4379//1 3476//1
f 1544//1 1546//1 2355//1
f 2704//1 2706//1 2912//1
f 1307//1 4351//1 3619//1
f 3758//1 2771//1 4718//1
f 4210//1 73//1 969//1
f 4567//1 2105//1 4121//1
f 3161//1 2213//1 1071//1
f 3989//1 3400//1 3401//1
f 4804//1 2993//1 2992//1
f 4713//1 1275//1 4844//1
f 1089//1 1613//1 1090//1
f 1492//1 4416//1 3483//1
f 3790//1 4808//1 874//1
f 2141//1 2192//1 1387//1
f 2074//1 4845//1 2072//1
f 4530//1 2876//1 2372//1
f 133//1 3045//1 131//1
f 4022//1 4322//1 491//1
f 3870//1 1102//1 1643//1
f 4493//1 3940//1 4688//1
f 3023//1 3692//1 4370//1
f 1532//1 1783//1 2320//1
f 1670//1 3037//1 2664//1
f 4846//1 3235//1 1322//1
f 3838//1 1802//1 443//1
f 636//1 2911//1 177//1
f 4193//1 1000//1 4194//1
f 4265//1 4571//1 2943//1
f 3842//1 1108//1 3843//1
f 1698//1 1697//1 3067//1
f 4657//1 2110//1 1966//1
f 723//1 725//1 3975//1
f 207//1 3757//1 4695//1
f 4771//1 4847//1 2942//1
f 3624//1 1646//1 4684//1
f 2049//1 2051//1 4329//1
f 1381//1 4327//1 3465//1
f 2380//1 2382//1 4377//1
f 4834//1 551//1 4221//1
f 3262//1 719//1 3788//1
f 3592//1 1984//1 1983//1
f 525//1 328//1 327//1
f 4673//1 944//1 1138//1
f 3618//1 468//1 470//1
f 596//1 598//1 2546//1
f 2351//1 620//1 2545//1
f 4754//1 426//1 428//1
f 1197//1 2926//1 929//1
f 2445//1 3310//1 4203//1
f 3196//1 3197//1 397//1
f 1460//1 1459//1 2146//1
f 4738//1 794//1 2037//1
f 4013//1 4848//1 1106//1
f 4849//1 871//1 1606//1
f 2179//1 4850//1 831//1
f 2421//1 665//1 292//1
f 3743//1 3745//1 4851//1
f 4852//1 1046//1 3137//1
f 1057//1 511//1 4853//1
f 4236//1 3472//1 4522//1
f 1496//1 1168//1 2776//1
f 565//1 1926//1 81//1
f 3938//1 1873//1 243//1
f 2537//1 1969//1 936//1
f 3712//1 476//1 84//1
f 4848//1 1107//1 1106//1
f 2144//1 2935//1 2612//1
f 3577//1 487//1 2837//1
f 1137//1 2089//1 1138//1
f 834//1 3716//1 4530//1
f 2025//1 3812//1 119//1
f 3776//1 3775//1 3751//1
f 4472//1 520//1 4722//1
f 1577//1 1617//1 1578//1
f 2743//1 2841//1 2723//1
f 4829//1 3639//1 1440//1
f 1254//1 4854//1 1519//1
f 478//1 477//1 4594//1
f 2438//1 2437//1 1813//1
f 4626//1 4721//1 3168//1
f 3694//1 3696//1 2809//1
f 1138//1 2089//1 351//1
f 1778//1 1699//1 2982//1
f 737//1 447//1 4166//1
f 466//1 4430//1 4397//1
f 2485//1 4663//1 481//1
f 4660//1 3754//1 1706//1
f 4720//1 2112//1 2478//1
f 1195//1 3763//1 3451//1
f 2706//1 4746//1 2912//1
f 1957//1 4619//1 1958//1
f 1858//1 775//1 1856//1
f 4219//1 4486//1 1331//1
f 2238//1 1646//1 4224//1
f 3825//1 1334//1 3826//1
f 4855//1 143//1 2620//1
f 407//1 1999//1 408//1
f 3440//1 2443//1 3441//1
f 1681//1 1680//1 385//1
f 4109//1 4697//1 2684//1
f 3554//1 204//1 4856//1
f 3369//1 1335//1 3318//1
f 1702//1 1074//1 3947//1
f 3752//1 4857//1 4111//1
f 401//1 2093//1 4858//1
f 4221//1 550//1 4222//1
f 2538//1 2935//1 4099//1
f 4824//1 1913//1 4538//1
f 4805//1 1885//1 2704//1
f 2579//1 4260//1 1692//1
f 3099//1 2672//1 2671//1
f 605//1 1561//1 4531//1
f 1992//1 2086//1 2085//1
f 442//1 441//1 4034//1
f 2787//1 1302//1 1152//1
f 2808//1 1228//1 4019//1
f 2195//1 2004//1 2003//1
f 4859//1 4860//1 4385//1
f 4737//1 2058//1 4861//1
f 962//1 992//1 963//1
f 3099//1 1847//1 23//1
f 1587//1 1586//1 39//1
f 786//1 4000//1 1833//1
f 3211//1 274//1 4723//1
f 735//1 734//1 3888//1
f 4015//1 1703//1 1296//1
f 3009//1 4109//1 4850//1
f 1944//1 4325//1 2317//1
f 2707//1 999//1 1635//1
f 1484//1 3469//1 4699//1
f 3139//1 2266//1 4341//1
f 97//1 2918//1 95//1
f 4687//1 3883//1 4345//1
f 3189//1 609//1 4011//1
f 1884//1 4317//1 3487//1
f 3633//1 881//1 4794//1
f 4116//1 888//1 4635//1
f 1968//1 3168//1 3167//1
f 4716//1 2397//1 1315//1
f 1592//1 3345//1 2138//1
f 4508//1 3779//1 2958//1
f 255//1 641//1 4862//1
f 4595//1 1953//1 1940//1
f 3972//1 4042//1 1945//1
f 858//1 857//1 3810//1
f 1503//1 3666//1 1885//1
f 201//1 2165//1 202//1
f 2887//1 3528//1 4443//1
f 689//1 2679//1 308//1
f 4342//1 1839//1 1221//1
f 3131//1 4863//1 4516//1
f 4713//1 4844//1 4351//1
f 3264//1 4750//1 4271//1
f 2225//1 3803//1 3486//1
f 3361//1 2557//1 2556//1
f 185//1 3930//1 2663//1
f 4018//1 616//1 615//1
f 1448//1 2998//1 2653//1
f 4799//1 3942//1 4773//1
f 4557//1 1145//1 707//1
f 2086//1 3480//1 2087//1
f 4647//1 2591//1 2081//1
f 1439//1 3427//1 3049//1
f 231//1 3055//1 3021//1
f 2567//1 903//1 4702//1
f 3842//1 4145//1 1108//1
f 3274//1 3273//1 3425//1
f 3934//1 3050//1 4574//1
f 2713//1 437//1 436//1
f 671//1 670//1 4126//1
f 1491//1 1631//1 2318//1
f 4263//1 4264//1 4550//1
f 4864//1 4048//1 2196//1
f 4865//1 4866//1 601//1
f 4534//1 2170//1 3208//1
f 2746//1 448//1 447//1
f 2258//1 2169//1 2171//1
f 1684//1 3094//1 624//1
f 2019//1 2018//1 4419//1
f 2730//1 2731//1 4749//1
f 1148//1 73//1 4536//1
f 1133//1 4364//1 1089//1
f 4637//1 4572//1 2079//1
f 3150//1 3026//1 1407//1
f 4867//1 990//1 2779//1
f 2367//1 4564//1 4565//1
f 4101//1 4437//1 1235//1
f 3395//1 3568//1 4384//1
f 1041//1 2708//1 1042//1
f 3570//1 4385//1 2853//1
f 4868//1 2341//1 4827//1
f 4869//1 529//1 528//1
f 4816//1 4870//1 4669//1
f 1427//1 2784//1 2237//1
f 3711//1 2388//1 1036//1
f 3675//1 2287//1 4446//1
f 3525//1 4057//1 3526//1
f 2638//1 3652//1 4348//1
f 4432//1 764//1 3198//1
f 2055//1 3482//1 2053//1
f 4839//1 4672//1 4098//1
f 4725//1 780//1 3670//1
f 3797//1 2701//1 3011//1
f 3650//1 4871//1 3590//1
f 2708//1 3620//1 4182//1
f 3842//1 4083//1 4145//1
f 4518//1 4640//1 4140//1
f 600//1 4403//1 3504//1
f 3166//1 3379//1 2208//1
f 3700//1 1125//1 3701//1
f 1054//1 653//1 4872//1
f 1734//1 1732//1 2376//1
f 2459//1 3353//1 2460//1
f 3719//1 1114//1 2352//1
f 305//1 669//1 4520//1
f 3022//1 4370//1 4371//1
f 3454//1 3914//1 4341//1
f 2681//1 3730//1 4579//1
f 4626//1 2842//1 2844//1
f 1010//1 1477//1 4670//1
f 48//1 47//1 2889//1
f 3919//1 1990//1 3477//1
f 37//1 1716//1 570//1
f 1070//1 3161//1 1071//1
f 4838//1 4503//1 4362//1
f 4484//1 284//1 283//1
f 1200//1 1486//1 1485//1
f 4862//1 641//1 643//1
f 1722//1 706//1 4677//1
f 860//1 2920//1 861//1
f 4439//1 3926//1 4440//1
f 4728//1 2158//1 4714//1
f 4658//1 139//1 3813//1
f 81//1 1926//1 773//1
f 138//1 3810//1 3813//1
f 1320//1 3975//1 2835//1
f 1653//1 3324//1 85//1
f 331//1 3652//1 329//1
f 625//1 4719//1 626//1
f 205//1 204//1 1026//1
f 3900//1 1821//1 1375//1
f 1654//1 3955//1 977//1
f 4205//1 1535//1 1433//1
f 4789//1 4583//1 3532//1
f 128//1 1711//1 4052//1
f 1451//1 1820//1 1452//1
f 4261//1 4873//1 4287//1
f 2479//1 2480//1 165//1
f 2170//1 3748//1 3207//1
f 4192//1 4601//1 4273//1
f 2717//1 2716//1 2744//1
f 603//1 4652//1 2315//1
f 256//1 459//1 461//1
f 995//1 446//1 3676//1
f 3016//1 746//1 2621//1
f 250//1 1724//1 2247//1
f 4675//1 3488//1 4283//1
f 4146//1 2937//1 1961//1
f 4874//1 2635//1 500//1
f 3220//1 3348//1 3221//1
f 287//1 469//1 288//1
f 497//1 499//1 3915//1
f 2340//1 2380//1 1068//1
f 1935//1 3602//1 3170//1
f 956//1 955//1 3708//1
f 4532//1 4875//1 1982//1
f 3918//1 505//1 1124//1
f 1831//1 1489//1 1488//1
f 543//1 545//1 4876//1
f 2186//1 4694//1 4825//1
f 1491//1 2318//1 4325//1
f 2243//1 3775//1 3774//1
f 2129//1 1414//1 4870//1
f 4390//1 4676//1 4854//1
f 1074//1 4276//1 3945//1
f 1046//1 1048//1 1202//1
f 2687//1 445//1 4546//1
f 187//1 3815//1 4877//1
f 4504//1 3543//1 3969//1
f 237//1 4455//1 2385//1
f 502//1 2160//1 503//1
f 4601//1 4005//1 1749//1
f 2040//1 3717//1 2325//1
f 4878//1 3846//1 3202//1
f 1882//1 3487//1 1413//1
f 2063//1 3141//1 4045//1
f 4141//1 3230//1 4879//1
f 4297//1 3644//1 182//1
f 144//1 1337//1 145//1
f 1463//1 372//1 1388//1
f 4196//1 1719//1 4762//1
f 742//1 64//1 63//1
f 385//1 2998//1 1681//1
f 1906//1 1908//1 1854//1
f 3119//1 4880//1 964//1
f 4530//1 3716//1 1575//1
f 3273//1 2869//1 3984//1
f 3416//1 3518//1 4232//1
f 3983//1 3982//1 371//1
f 4841//1 2401//1 1240//1
f 3566//1 1757//1 338//1
f 1909//1 4661//1 1910//1
f 4707//1 1648//1 2375//1
f 1677//1 4656//1 1678//1
f 3893//1 4767//1 4699//1
f 3951//1 4590//1 1915//1
f 1118//1 1117//1 449//1
f 2769//1 3128//1 3249//1
f 3725//1 3045//1 1843//1
f 2659//1 3741//1 1080//1
f 4654//1 4363//1 1093//1
f 2456//1 3420//1 2104//1
f 938//1 2865//1 2866//1
f 1802//1 441//1 443//1
f 2406//1 2405//1 3558//1
f 1670//1 960//1 3534//1
f 4456//1 3321//1 3322//1
f 3462//1 4881//1 3463//1
f 533//1 589//1 531//1
f 4350//1 431//1 1350//1
f 4112//1 997//1 4882//1
f 668//1 968//1 1562//1
f 3180//1 4665//1 4103//1
f 4132//1 2295//1 2547//1
f 2473//1 3740//1 60//1
f 3950//1 3282//1 212//1
f 1219//1 4644//1 2312//1
f 2615//1 3428//1 4883//1
f 593//1 772//1 171//1
f 1048//1 1203//1 1202//1
f 3940//1 1141//1 1140//1
f 1273//1 4394//1 4793//1
f 1859//1 4884//1 111//1
f 3771//1 2980//1 4885//1
f 192//1 191//1 637//1
f 3931//1 1057//1 4853//1
f 4185//1 569//1 575//1
f 2459//1 3663//1 1615//1
f 1447//1 1489//1 2302//1
f 3552//1 31//1 1662//1
f 4803//1 1648//1 4707//1
f 2522//1 3255//1 1933//1
f 3367//1 4427//1 1580//1
f 4886//1 1865//1 2515//1
f 3006//1 576//1 577//1
f 2481//1 421//1 420//1
f 4887//1 4888//1 2401//1
f 2496//1 1214//1 2671//1
f 4781//1 4105//1 3421//1
f 4866//1 4865//1 4822//1
f 1932//1 1338//1 496//1
f 2852//1 2026//1 2206//1
f 1423//1 782//1 1424//1
f 4102//1 1111//1 3788//1
f 737//1 1361//1 541//1
f 867//1 2873//1 3685//1
f 4785//1 3970//1 3785//1
f 3714//1 1251//1 4466//1
f 1475//1 4697//1 1473//1
f 824//1 4704//1 2188//1
f 3116//1 4196//1 3114//1
f 4839//1 4733//1 4198//1
f 2310//1 3438//1 2311//1
f 3331//1 4425//1 1075//1
f 2762//1 4247//1 818//1
f 1237//1 3801//1 2348//1
f 1491//1 4325//1 614//1
f 4209//1 2219//1 4889//1
f 532//1 2725//1 4293//1
f 344//1 922//1 3953//1
f 3626//1 4511//1 4890//1
f 4476//1 4630//1 2121//1
f 3140//1 425//1 424//1
f 740//1 96//1 2126//1
f 4662//1 3802//1 4146//1
f 1242//1 3771//1 682//1
f 4777//1 853//1 855//1
f 4523//1 4663//1 2485//1
f 4136//1 744//1 4621//1
f 4891//1 4458//1 1481//1
f 2633//1 3226//1 1137//1
f 819//1 2052//1 817//1
f 1060//1 3583//1 3577//1
f 4892//1 4773//1 1720//1
f 3263//1 3400//1 4893//1
f 2553//1 782//1 1423//1
f 3902//1 4288//1 646//1
f 2732//1 1816//1 2123//1
f 1464//1 2193//1 3662//1
f 4435//1 1840//1 3605//1
f 3429//1 3184//1 4711//1
f 901//1 4689//1 4007//1
f 4429//1 4682//1 180//1
f 1223//1 4705//1 4620//1
f 4078//1 1408//1 916//1
f 3771//1 4885//1 4165//1
f 3247//1 4310//1 3291//1
f 4544//1 676//1 3466//1
f 2801//1 4234//1 4612//1
f 3378//1 3347//1 3213//1
f 1304//1 1145//1 3657//1
f 3920//1 4169//1 2076//1
f 4284//1 4037//1 4591//1
f 4043//1 4894//1 4044//1
f 745//1 744//1 1312//1
f 3309//1 4533//1 525//1
f 1174//1 4689//1 4690//1
f 3020//1 3770//1 2644//1
f 4060//1 4190//1 4273//1
f 3025//1 3024//1 2565//1
f 1292//1 4895//1 2426//1
f 1630//1 412//1 509//1
f 1068//1 2380//1 4377//1
f 2413//1 2412//1 1607//1
f 2877//1 1329//1 4896//1
f 2149//1 1383//1 1382//1
f 3041//1 4151//1 4527//1
f 4281//1 2319//1 4778//1
f 4593//1 910//1 2975//1
f 4568//1 4217//1 2064//1
f 100//1 99//1 2239//1
f 3661//1 2459//1 2458//1
f 41//1 274//1 3211//1
f 2019//1 4629//1 650//1
f 4014//1 4558//1 4897//1
f 3803//1 2225//1 2427//1
f 4898//1 4745//1 4744//1
f 4846//1 1642//1 2197//1
f 2941//1 1348//1 3093//1
f 4899//1 1991//1 1990//1
f 2952//1 3799//1 3801//1
f 4744//1 2519//1 4875//1
f 4814//1 3927//1 3926//1
f 1153//1 4053//1 843//1
f 215//1 1718//1 4600//1
f 572//1 2218//1 573//1
f 4871//1 3650//1 2865//1
f 759//1 3887//1 3496//1
f 731//1 4731//1 4416//1
f 1658//1 4047//1 2252//1
f 1537//1 3570//1 2853//1
f 167//1 3040//1 3039//1
f 457//1 483//1 241//1
f 863//1 702//1 3614//1
f 2569//1 4780//1 4783//1
f 4560//1 1493//1 2075//1
f 2591//1 4647//1 3941//1
f 2785//1 2627//1 1808//1
f 3455//1 4340//1 4452//1
f 1102//1 3870//1 1103//1
f 801//1 4283//1 802//1
f 427//1 4900//1 1040//1
f 1032//1 3943//1 1559//1
f 4851//1 3745//1 1669//1
f 209//1 4901//1 210//1
f 3663//1 2193//1 1615//1
f 1208//1 2757//1 2902//1
f 3896//1 3895//1 3216//1
f 1075//1 4425//1 3703//1
f 844//1 843//1 4053//1
f 2991//1 1250//1 3195//1
f 539//1 3475//1 4631//1
f 2283//1 2282//1 3201//1
f 2774//1 4388//1 4859//1
f 1328//1 4176//1 4175//1
f 3365//1 2045//1 2044//1
f 4793//1 1271//1 1273//1
f 3722//1 1968//1 648//1
f 2664//1 3037//1 186//1
f 1759//1 2283//1 3711//1
f 1932//1 788//1 1560//1
f 1951//1 3388//1 3287//1
f 2413//1 2202//1 2501//1
f 1543//1 711//1 554//1
f 1118//1 448//1 3072//1
f 4761//1 2774//1 87//1
f 1194//1 612//1 1946//1
f 1394//1 164//1 1395//1
f 3880//1 1776//1 1775//1
f 153//1 3182//1 1836//1
f 110//1 1976//1 111//1
f 1150//1 4801//1 1131//1
f 3551//1 1338//1 130//1
f 3253//1 4902//1 3604//1
f 3724//1 1099//1 1098//1
f 3962//1 3046//1 3802//1
f 2900//1 1336//1 1043//1
f 3088//1 4065//1 1101//1
f 2406//1 4404//1 4418//1
f 4127//1 1914//1 4756//1
f 1880//1 683//1 3689//1
f 1828//1 2289//1 2290//1
f 4279//1 4903//1 1035//1
f 4845//1 3512//1 2072//1
f 1704//1 4663//1 4523//1
f 3659//1 504//1 3660//1
f 2663//1 4853//1 1671//1
f 4904//1 1986//1 910//1
f 2247//1 3184//1 2324//1
f 875//1 874//1 2298//1
f 4228//1 4227//1 4226//1
f 1001//1 1377//1 1379//1
f 1175//1 1177//1 65//1
f 2120//1 2122//1 4732//1
f 918//1 3406//1 4748//1
f 28//1 1775//1 4376//1
f 2321//1 110//1 112//1
f 438//1 3706//1 898//1
f 2849//1 1661//1 1868//1
f 3873//1 1022//1 4475//1
f 1921//1 326//1 328//1
f 375//1 1630//1 2084//1
f 4591//1 4619//1 1957//1
f 1687//1 4905//1 1688//1
f 283//1 4542//1 4484//1
f 1256//1 1525//1 1527//1
f 3040//1 167//1 4906//1
f 1097//1 4833//1 529//1
f 1835//1 1837//1 3636//1
f 1667//1 4161//1 391//1
f 3443//1 890//1 1641//1
f 824//1 2188//1 1852//1
f 3127//1 1209//1 2902//1
f 4824//1 4907//1 1913//1
f 2260//1 2751//1 2261//1
f 4063//1 4065//1 3088//1
f 18//1 3325//1 4379//1
f 2619//1 4706//1 2988//1
f 4908//1 2733//1 2551//1
f 4267//1 451//1 3615//1
f 799//1 798//1 3213//1
f 1548//1 1547//1 4731//1
f 2217//1 2491//1 3604//1
f 4909//1 4223//1 2457//1
f 755//1 754//1 4910//1
f 2682//1 4529//1 832//1
f 3819//1 4890//1 3820//1
f 4318//1 2596//1 4095//1
f 2916//1 1377//1 4776//1
f 3316//1 4396//1 2897//1
f 2955//1 4733//1 2956//1
f 3952//1 4838//1 4362//1
f 2744//1 1488//1 1446//1
f 91//1 90//1 4872//1
f 3845//1 3844//1 4710//1
f 891//1 3626//1 889//1
f 3812//1 4911//1 4760//1
f 4912//1 4075//1 2417//1
f 4290//1 2536//1 4315//1
f 508//1 4355//1 1899//1
f 3924//1 1147//1 2368//1
f 3180//1 4103//1 4102//1
f 1832//1 4421//1 2724//1
f 4913//1 411//1 2167//1
f 2961//1 3699//1 2420//1
f 3248//1 3247//1 3290//1
f 4171//1 142//1 325//1
f 4315//1 2536//1 935//1
f 4895//1 333//1 236//1
f 2164//1 3073//1 3177//1
f 2756//1 2266//1 2265//1
f 1977//1 1978//1 4612//1
f 2330//1 974//1 2841//1
f 2785//1 3326//1 221//1
f 3659//1 3517//1 2222//1
f 3995//1 4795//1 3996//1
f 4589//1 2156//1 796//1
f 4302//1 4304//1 3135//1
f 3995//1 34//1 36//1
f 4813//1 2052//1 296//1
f 2414//1 418//1 4459//1
f 1998//1 169//1 168//1
f 3380//1 1929//1 2399//1
f 4852//1 811//1 1046//1
f 1240//1 2401//1 1238//1
f 2594//1 4470//1 2592//1
f 1969//1 2537//1 4153//1
f 1857//1 4079//1 1858//1
f 3266//1 2936//1 3884//1
f 4220//1 2100//1 4834//1
f 630//1 2070//1 2654//1
f 1954//1 1953//1 4810//1
f 3394//1 3931//1 3930//1
f 552//1 1577//1 553//1
f 768//1 1901//1 769//1
f 265//1 4854//1 2575//1
f 3887//1 4654//1 3496//1
f 823//1 4704//1 824//1
f 3354//1 3877//1 4555//1
f 2937//1 2939//1 4727//1
f 3613//1 200//1 2685//1
f 1154//1 2261//1 2788//1
f 4888//1 3809//1 3437//1
f 1615//1 1617//1 4521//1
f 1649//1 4802//1 1299//1
f 3193//1 2367//1 4692//1
f 1891//1 770//1 2772//1
f 937//1 2865//1 938//1
f 4816//1 240//1 4107//1
f 914//1 1230//1 848//1
f 3970//1 4353//1 3786//1
f 871//1 4763//1 872//1
f 1889//1 735//1 1887//1
f 1395//1 164//1 3771//1
f 538//1 3533//1 4655//1
f 4914//1 489//1 4071//1
f 345//1 1763//1 346//1
f 4185//1 4664//1 2643//1
f 4915//1 2552//1 3485//1
f 2062//1 3273//1 3984//1
f 852//1 3155//1 850//1
f 3739//1 2020//1 3484//1
f 2494//1 2493//1 4271//1
f 4707//1 2375//1 2712//1
f 970//1 230//1 232//1
f 1843//1 1842//1 2134//1
f 3015//1 1572//1 2347//1
f 3724//1 3491//1 4734//1
f 4782//1 3320//1 3319//1
f 2911//1 4649//1 178//1
f 2287//1 4046//1 4085//1
f 1277//1 1276//1 2798//1
f 2423//1 3931//1 3394//1
f 2572//1 2201//1 4840//1
f 414//1 2095//1 4106//1
f 4527//1 3039//1 3041//1
f 4819//1 532//1 3549//1
f 813//1 3399//1 3067//1
f 4768//1 350//1 349//1
f 646//1 645//1 3830//1
f 4611//1 1564//1 247//1
f 1619//1 4282//1 2867//1
f 637//1 177//1 192//1
f 4400//1 2466//1 2735//1
f 1711//1 1713//1 2484//1
f 1037//1 3765//1 1668//1
f 1966//1 1965//1 2699//1
f 2467//1 4544//1 3466//1
f 2354//1 331//1 2528//1
f 2035//1 3209//1 4806//1
f 4464//1 2012//1 4250//1
f 2374//1 4916//1 1351//1
f 3914//1 1490//1 4482//1
f 3369//1 3371//1 1333//1
f 4431//1 4917//1 2185//1
f 3526//1 4057//1 4306//1
f 1354//1 2692//1 693//1
f 3053//1 2139//1 2138//1
f 4442//1 3835//1 3834//1
f 3714//1 4680//1 3715//1
f 4918//1 2395//1 4123//1
f 570//1 1716//1 3084//1
f 2019//1 4419//1 4629//1
f 3360//1 1430//1 2486//1
f 4562//1 3352//1 3893//1
f 956//1 4800//1 3121//1
f 685//1 684//1 124//1
f 2679//1 2238//1 309//1
f 4919//1 2294//1 366//1
f 4280//1 1945//1 1944//1
f 2831//1 3385//1 161//1
f 4426//1 2755//1 1766//1
f 3520//1 3519//1 23//1
f 330//1 4743//1 3780//1
f 4920//1 3739//1 3484//1
f 4891//1 2415//1 2414//1
f 4921//1 4631//1 3475//1
f 2015//1 3798//1 2158//1
f 3631//1 997//1 3413//1
f 3939//1 4900//1 3937//1
f 4073//1 4285//1 4074//1
f 2518//1 4875//1 2519//1
f 2411//1 404//1 2412//1
f 1262//1 1261//1 1435//1
f 3911//1 4373//1 4922//1
f 83//1 2160//1 2159//1
f 1986//1 1988//1 4481//1
f 179//1 3187//1 4003//1
f 2995//1 3339//1 249//1
f 4923//1 4372//1 4695//1
f 4500//1 4507//1 4506//1
f 4176//1 4506//1 4924//1
f 1651//1 659//1 1927//1
f 1989//1 2138//1 3345//1
f 2860//1 2859//1 1807//1
f 1805//1 3770//1 3020//1
f 4650//1 471//1 473//1
f 2842//1 4626//1 3722//1
f 206//1 4218//1 4031//1
f 897//1 4038//1 895//1
f 3496//1 4654//1 1093//1
f 2754//1 3394//1 4398//1
f 870//1 872//1 4142//1
f 4529//1 430//1 830//1
f 3172//1 1352//1 1354//1
f 3294//1 4361//1 2263//1
f 4313//1 4314//1 1255//1
f 3783//1 4539//1 3115//1
f 806//1 808//1 2175//1
f 4398//1 1389//1 2754//1
f 1810//1 3165//1 2248//1
f 483//1 3678//1 3679//1
f 4109//1 3009//1 3010//1
f 3396//1 4739//1 1471//1
f 3633//1 2232//1 2231//1
f 3489//1 1833//1 778//1
f 291//1 3902//1 313//1
f 4859//1 88//1 2774//1
f 2432//1 1356//1 3300//1
f 2816//1 2032//1 1534//1
f 2856//1 3985//1 1215//1
f 3149//1 4134//1 3064//1
f 2116//1 3509//1 3220//1
f 4269//1 3053//1 2138//1
f 3834//1 2364//1 4563//1
f 2951//1 4212//1 739//1
f 4818//1 3774//1 2363//1
f 4294//1 4675//1 4295//1
f 226//1 4093//1 3868//1
f 2393//1 2382//1 2381//1
f 1802//1 1801//1 2928//1
f 3966//1 1120//1 2610//1
f 922//1 344//1 4925//1
f 3005//1 289//1 1039//1
f 669//1 305//1 670//1
f 3342//1 3651//1 2353//1
f 2071//1 630//1 632//1
f 1618//1 4665//1 1619//1
f 1418//1 2454//1 4830//1
f 4883//1 3224//1 4876//1
f 3498//1 3497//1 4294//1
f 3226//1 2090//1 2089//1
f 561//1 563//1 4910//1
f 505//1 2222//1 2224//1
f 1466//1 3260//1 3450//1
f 400//1 1034//1 401//1
f 4505//1 4507//1 4907//1
f 3937//1 4900//1 426//1
f 2605//1 2604//1 4611//1
f 4615//1 3385//1 3991//1
f 2236//1 2611//1 1226//1
f 2121//1 4630//1 4510//1
f 2010//1 3299//1 2732//1
f 3585//1 3191//1 3877//1
f 4592//1 1223//1 4619//1
f 1105//1 904//1 814//1
f 1008//1 4926//1 4769//1
f 2428//1 2884//1 3864//1
f 506//1 4170//1 504//1
f 4914//1 2441//1 1978//1
f 3692//1 2767//1 2769//1
f 4917//1 4753//1 2183//1
f 524//1 4899//1 3919//1
f 3638//1 984//1 3744//1
f 2570//1 3961//1 4927//1
f 4483//1 1226//1 2808//1
f 1754//1 3257//1 1755//1
f 577//1 3007//1 3006//1
f 4700//1 3922//1 3954//1
f 4501//1 4928//1 4235//1
f 1248//1 4736//1 1234//1
f 127//1 3051//1 3844//1
f 4555//1 3191//1 1771//1
f 3904//1 314//1 316//1
f 4135//1 4609//1 3199//1
f 4929//1 1708//1 4323//1
f 2423//1 2422//1 3931//1
f 1197//1 929//1 1018//1
f 139//1 3892//1 3351//1
f 2980//1 1934//1 4788//1
f 3863//1 685//1 123//1
f 4303//1 1480//1 4304//1
f 1706//1 1705//1 1812//1
f 4252//1 4128//1 2558//1
f 4582//1 4581//1 3757//1
f 2908//1 1988//1 2907//1
f 4254//1 1655//1 1657//1
f 2566//1 2717//1 673//1
f 3074//1 109//1 3632//1
f 869//1 4233//1 2873//1
f 4394//1 4395//1 4793//1
f 3218//1 3217//1 3795//1
f 2667//1 1762//1 981//1
f 1761//1 4321//1 3078//1
f 4613//1 336//1 335//1
f 2333//1 2332//1 4759//1
f 1216//1 1559//1 1217//1
f 2871//1 4747//1 1065//1
f 1143//1 4930//1 1144//1
f 4445//1 597//1 596//1
f 1586//1 4808//1 42//1
f 4441//1 2339//1 3534//1
f 4078//1 4231//1 3732//1
f 4466//1 3640//1 2864//1
f 884//1 4344//1 1424//1
f 755//1 4910//1 4755//1
f 2840//1 4786//1 1346//1
f 4849//1 4764//1 871//1
f 4867//1 2779//1 210//1
f 4621//1 744//1 3453//1
f 1987//1 1986//1 4904//1
f 2126//1 2127//1 4623//1
f 1471//1 4739//1 1472//1
f 1017//1 1997//1 1188//1
f 3000//1 4871//1 937//1
f 3145//1 1782//1 1899//1
f 3464//1 2366//1 3465//1
f 365//1 1723//1 3503//1
f 1038//1 1037//1 1668//1
f 337//1 3527//1 3138//1
f 4009//1 2301//1 3565//1
f 1805//1 1804//1 94//1
f 4846//1 2197//1 1639//1
f 4686//1 1042//1 2709//1
f 3079//1 4931//1 398//1
f 4384//1 3567//1 67//1
f 469//1 4461//1 470//1
f 1517//1 3069//1 1518//1
f 2932//1 1866//1 4251//1
f 4746//1 4643//1 761//1
f 3509//1 2116//1 2115//1
f 908//1 1663//1 3144//1
f 3560//1 3561//1 1883//1
f 174//1 3432//1 4429//1
f 3717//1 4927//1 3961//1
f 2024//1 89//1 2078//1
f 651//1 650//1 573//1
f 633//1 635//1 4725//1
f 474//1 3927//1 2488//1
f 579//1 3653//1 580//1
f 271//1 1623//1 4332//1
f 2483//1 3434//1 2484//1
f 907//1 1663//1 908//1
f 1357//1 2432//1 3599//1
f 2287//1 2288//1 4446//1
f 1811//1 107//1 4932//1
f 3336//1 1414//1 704//1
f 3631//1 4787//1 3990//1
f 2673//1 11//1 10//1
f 585//1 2336//1 586//1
f 75//1 2330//1 2716//1
f 2422//1 1305//1 1057//1
f 2461//1 1120//1 2924//1
f 464//1 2519//1 462//1
f 979//1 3424//1 4110//1
f 3819//1 3234//1 4890//1
f 3464//1 1822//1 4564//1
f 3865//1 3524//1 3866//1
f 4672//1 4096//1 4098//1
f 186//1 386//1 2137//1
f 4933//1 2476//1 4174//1
f 4418//1 4404//1 2796//1
f 2072//1 3512//1 2791//1
f 4301//1 4760//1 4782//1
f 257//1 256//1 4668//1
f 363//1 365//1 3503//1
f 1135//1 1134//1 4029//1
f 1495//1 1494//1 4934//1
f 4322//1 4022//1 2507//1
f 4860//1 4386//1 4385//1
f 4077//1 391//1 390//1
f 4552//1 4553//1 3286//1
f 1723//1 250//1 3339//1
f 354//1 3998//1 3997//1
f 3454//1 4312//1 4257//1
f 3308//1 1085//1 1084//1
f 1751//1 1479//1 3383//1
f 3326//1 4378//1 3325//1
f 4497//1 2913//1 4051//1
f 1669//1 3653//1 301//1
f 3664//1 384//1 386//1
f 1189//1 1483//1 1190//1
f 4525//1 1614//1 4935//1
f 1109//1 1111//1 4104//1
f 2568//1 4333//1 2458//1
f 4801//1 2096//1 1131//1
f 4900//1 1041//1 1040//1
f 4206//1 4885//1 4788//1
f 2407//1 2152//1 2153//1
f 969//1 73//1 1148//1
f 396//1 3196//1 397//1
f 3696//1 4936//1 4916//1
f 578//1 2309//1 4437//1
f 1923//1 1922//1 4002//1
f 3057//1 4522//1 3472//1
f 3042//1 2117//1 2116//1
f 2912//1 760//1 3980//1
f 160//1 3755//1 161//1
f 1676//1 1675//1 4920//1
f 4631//1 1266//1 537//1
f 4543//1 2378//1 1187//1
f 3984//1 3985//1 2856//1
f 4234//1 4633//1 4149//1
f 2230//1 828//1 827//1
f 3727//1 3525//1 4845//1
f 3654//1 1846//1 3468//1
f 2473//1 4843//1 4261//1
f 2856//1 4035//1 3984//1
f 1743//1 1325//1 282//1
f 4414//1 3864//1 2884//1
f 2148//1 1098//1 1383//1
f 1190//1 1484//1 1198//1
f 4216//1 3237//1 3540//1
f 4356//1 4597//1 1415//1
f 12//1 11//1 4715//1
f 1112//1 1358//1 1113//1
f 2206//1 2207//1 2047//1
f 1952//1 1951//1 3287//1
f 183//1 4209//1 4889//1
f 4350//1 1349//1 3968//1
f 4937//1 4543//1 1026//1
f 3558//1 4938//1 4404//1
f 4646//1 1093//1 4363//1
f 2419//1 2933//1 4691//1
f 3603//1 531//1 2826//1
f 3890//1 4244//1 4558//1
f 4935//1 563//1 562//1
f 267//1 4880//1 786//1
f 954//1 3477//1 955//1
f 3282//1 4003//1 3187//1
f 4282//1 836//1 838//1
f 3771//1 2979//1 2980//1
f 3283//1 3285//1 4610//1
f 1304//1 3657//1 4837//1
f 4091//1 3989//1 4787//1
f 653//1 238//1 4872//1
f 4090//1 3400//1 3989//1
f 3188//1 3914//1 4257//1
f 2350//1 579//1 578//1
f 1752//1 4798//1 1280//1
f 3002//1 2085//1 2087//1
f 1406//1 3230//1 4141//1
f 4842//1 4939//1 2797//1
f 908//1 2365//1 3193//1
f 2088//1 4915//1 1855//1
f 4573//1 4515//1 4574//1
f 669//1 3535//1 4520//1
f 2486//1 2488//1 3361//1
f 506//1 3918//1 3065//1
f 2245//1 4017//1 2246//1
f 3849//1 4511//1 3626//1
f 2800//1 4234//1 2801//1
f 3820//1 4679//1 1049//1
f 3658//1 3660//1 4296//1
f 4767//1 4658//1 4866//1
f 4150//1 2571//1 2570//1
f 2358//1 3851//1 698//1
f 1875//1 4940//1 4941//1
f 4942//1 4129//1 4130//1
f 3522//1 2224//1 4566//1
f 3182//1 244//1 3607//1
f 4563//1 3776//1 4711//1
f 4401//1 2118//1 4943//1
f 4366//1 2241//1 3835//1
f 4784//1 582//1 581//1
f 1783//1 1532//1 1841//1
f 3110//1 2432//1 3300//1
f 195//1 749//1 196//1
f 4913//1 4698//1 411//1
f 673//1 4181//1 4471//1
f 686//1 1136//1 2981//1
f 1397//1 3658//1 4296//1
f 2083//1 2082//1 1569//1
f 2106//1 3715//1 2104//1
f 2285//1 493//1 1760//1
f 4110//1 3752//1 4111//1
f 4614//1 4613//1 862//1
f 3252//1 1380//1 3253//1
f 3274//1 2199//1 2869//1
f 4505//1 4298//1 4299//1
f 4106//1 2095//1 3095//1
f 3790//1 874//1 3467//1
f 2973//1 2802//1 1007//1
f 2622//1 746//1 223//1
f 781//1 4725//1 1826//1
f 155//1 4537//1 3302//1
f 2649//1 357//1 11//1
f 738//1 737//1 4166//1
f 2279//1 2281//1 4266//1
f 1894//1 1893//1 2182//1
f 4734//1 2702//1 1099//1
f 2561//1 3019//1 2562//1
f 1344//1 4758//1 2451//1
f 3978//1 1690//1 4683//1
f 2354//1 2353//1 3651//1
f 1293//1 2425//1 2225//1
f 1848//1 2457//1 1849//1
f 4233//1 2407//1 4232//1
f 422//1 421//1 1940//1
f 3723//1 3368//1 4551//1
f 3741//1 4396//1 61//1
f 3916//1 3601//1 3600//1
f 1688//1 1270//1 3717//1
f 846//1 1581//1 847//1
f 4366//1 3835//1 4930//1
f 3364//1 4423//1 3362//1
f 4533//1 4534//1 3208//1
f 1976//1 3047//1 1859//1
f 1116//1 1118//1 3073//1
f 3329//1 1609//1 4479//1
f 2392//1 4758//1 4308//1
f 3938//1 3937//1 4367//1
f 2208//1 3378//1 3212//1
f 370//1 2580//1 4006//1
f 1616//1 4368//1 4004//1
f 2218//1 3480//1 651//1
f 1288//1 2647//1 953//1
f 1626//1 4299//1 3397//1
f 3602//1 2587//1 3170//1
f 1961//1 2937//1 1084//1
f 2234//1 604//1 606//1
f 776//1 777//1 1231//1
f 978//1 2610//1 1119//1
f 542//1 1362//1 4812//1
f 1482//1 3304//1 1384//1
f 4715//1 11//1 358//1
f 3380//1 1930//1 1929//1
f 2348//1 3800//1 2349//1
f 4822//1 4699//1 4767//1
f 2609//1 3650//1 3411//1
f 2324//1 2181//1 2369//1
f 4944//1 2833//1 1777//1
f 4897//1 4558//1 4246//1
f 4178//1 369//1 4945//1
f 2851//1 2830//1 921//1
f 2787//1 1152//1 1154//1
f 1795//1 1028//1 1278//1
f 3944//1 4105//1 4781//1
f 1627//1 3438//1 3769//1
f 2244//1 1691//1 2505//1
f 1715//1 1594//1 4728//1
f 1887//1 3346//1 1888//1
f 732//1 945//1 3251//1
f 2382//1 2125//1 2124//1
f 1066//1 1068//1 2765//1
f 1363//1 2338//1 791//1
f 4650//1 4651//1 4946//1
f 4106//1 3095//1 2128//1
f 4780//1 4118//1 4117//1
f 4733//1 3205//1 2956//1
f 1916//1 4059//1 1914//1
f 1558//1 4840//1 2201//1
f 4033//1 2792//1 810//1
f 1693//1 15//1 2506//1
f 730//1 4731//1 731//1
f 3284//1 4648//1 3285//1
f 4412//1 3426//1 2251//1
f 182//1 3644//1 1785//1
f 4947//1 1271//1 4793//1
f 2318//1 1631//1 1058//1
f 960//1 3435//1 2483//1
f 1582//1 4577//1 1583//1
f 4160//1 2109//1 4089//1
f 2539//1 2728//1 3531//1
f 1080//1 3741//1 3740//1
f 1943//1 1401//1 1871//1
f 1704//1 1703//1 4449//1
f 438//1 440//1 3293//1
f 1069//1 2729//1 3971//1
f 906//1 3913//1 454//1
f 122//1 3457//1 4948//1
f 4832//1 4231//1 427//1
f 4028//1 4588//1 2749//1
f 2846//1 3376//1 585//1
f 2648//1 434//1 4547//1
f 3987//1 4082//1 3988//1
f 4861//1 3607//1 4737//1
f 4568//1 2606//1 4217//1
f 573//1 4616//1 574//1
f 4949//1 4824//1 4538//1
f 4625//1 3278//1 3279//1
f 2382//1 1747//1 2125//1
f 4602//1 4790//1 4603//1
f 4935//1 342//1 4525//1
f 4729//1 3387//1 4730//1
f 2064//1 1904//1 1903//1
f 3706//1 1841//1 3705//1
f 4934//1 4886//1 2506//1
f 3864//1 1139//1 2428//1
f 4194//1 1699//1 1778//1
f 424//1 805//1 4667//1
f 3565//1 3564//1 3976//1
f 2586//1 2760//1 2778//1
f 3841//1 4524//1 4326//1
f 94//1 93//1 3768//1
f 1862//1 3888//1 1220//1
f 2742//1 538//1 537//1
f 3256//1 1169//1 1168//1
f 3052//1 1876//1 4950//1
f 956//1 3075//1 954//1
f 2448//1 4207//1 1803//1
f 4935//1 3932//1 3104//1
f 3135//1 4304//1 2094//1
f 4214//1 2643//1 4664//1
f 3596//1 2992//1 2994//1
f 3629//1 4306//1 3597//1
f 2411//1 2501//1 2151//1
f 3934//1 519//1 2563//1
f 4627//1 839//1 841//1
f 4138//1 4137//1 4678//1
f 3747//1 3552//1 1662//1
f 4421//1 2723//1 2724//1
f 1987//1 2907//1 1988//1
f 2166//1 4913//1 2167//1
f 592//1 2323//1 4573//1
f 1664//1 3003//1 3389//1
f 4667//1 805//1 804//1
f 4951//1 3020//1 2644//1
f 2919//1 2226//1 4168//1
f 1825//1 1533//1 1532//1
f 756//1 767//1 1611//1
f 542//1 541//1 1361//1
f 4244//1 4246//1 4558//1
f 4952//1 3643//1 382//1
f 4853//1 958//1 1671//1
f 332//1 4455//1 237//1
f 492//1 4321//1 1761//1
f 4917//1 2183//1 2185//1
f 3395//1 3022//1 3568//1
f 3448//1 217//1 268//1
f 4458//1 621//1 3372//1
f 4417//1 2795//1 2216//1
f 2962//1 2419//1 4691//1
f 3451//1 3764//1 4953//1
f 3529//1 3310//1 2445//1
f 2022//1 485//1 4369//1
f 1883//1 1882//1 684//1
f 204//1 203//1 4856//1
f 33//1 1717//1 37//1
f 3870//1 3406//1 1595//1
f 2196//1 1955//1 2036//1
f 972//1 1706//1 3754//1
f 4674//1 1898//1 4676//1
f 1724//1 2245//1 2247//1
f 2680//1 373//1 2097//1
f 3037//1 3664//1 386//1
f 4954//1 4955//1 3250//1
f 3473//1 942//1 3057//1
f 4292//1 4072//1 4071//1
f 2160//1 83//1 503//1
f 4956//1 4471//1 3848//1
f 525//1 526//1 3309//1
f 4790//1 1429//1 4603//1
f 4075//1 4074//1 4820//1
f 3494//1 1931//1 1930//1
f 2352//1 2351//1 2758//1
f 2478//1 2112//1 4175//1
f 1264//1 3735//1 4912//1
f 2807//1 1291//1 1636//1
f 3958//1 4380//1 3122//1
f 3798//1 4730//1 2905//1
f 3732//1 3731//1 4380//1
f 2421//1 292//1 2933//1
f 4427//1 3522//1 4566//1
f 3197//1 4957//1 397//1
f 1664//1 3389//1 3388//1
f 3728//1 450//1 4749//1
f 376//1 3113//1 2819//1
f 4864//1 4152//1 632//1
f 3007//1 2636//1 3008//1
f 4251//1 1866//1 1494//1
f 4958//1 1160//1 4608//1
f 1161//1 1163//1 1193//1
f 1704//1 4449//1 4663//1
f 4342//1 3605//1 1839//1
f 4959//1 3459//1 4540//1
f 739//1 2578//1 2951//1
f 3738//1 4920//1 1675//1
f 2097//1 2431//1 2680//1
f 4449//1 1161//1 1192//1
f 4636//1 1180//1 2253//1
f 3688//1 2475//1 2474//1
f 2657//1 1846//1 1847//1
f 4755//1 4910//1 3103//1
f 3763//1 3881//1 3764//1
f 665//1 293//1 292//1
f 2883//1 2885//1 3363//1
f 1347//1 4786//1 3230//1
f 2536//1 489//1 2537//1
f 3619//1 1409//1 288//1
f 1428//1 2771//1 1429//1
f 4413//1 2596//1 4698//1
f 3102//1 201//1 200//1
f 3695//1 1772//1 3696//1
f 2243//1 3774//1 3422//1
f 2753//1 2423//1 3394//1
f 2505//1 2506//1 4886//1
f 765//1 3402//1 763//1
f 1215//1 3985//1 1216//1
f 121//1 3744//1 3743//1
f 4372//1 207//1 4695//1
f 4360//1 722//1 4960//1
f 4961//1 472//1 471//1
f 4061//1 206//1 4030//1
f 2981//1 1136//1 3475//1
f 4696//1 3784//1 437//1
f 4315//1 3216//1 4291//1
f 3202//1 3846//1 2389//1
f 840//1 1012//1 4434//1
f 463//1 4512//1 952//1
f 4278//1 3148//1 2524//1
f 4548//1 4359//1 2296//1
f 2822//1 2823//1 3127//1
f 120//1 3638//1 3744//1
f 2298//1 874//1 4808//1
f 1020//1 5//1 4//1
f 3199//1 3062//1 4114//1
f 898//1 3706//1 4087//1
f 2625//1 2651//1 294//1
f 1910//1 2695//1 4921//1
f 468//1 3619//1 288//1
f 1916//1 4700//1 4059//1
f 2007//1 4690//1 900//1
f 4113//1 2816//1 4114//1
f 762//1 2337//1 760//1
f 763//1 4135//1 3198//1
f 4962//1 4752//1 4157//1
f 644//1 2131//1 4086//1
f 3323//1 4172//1 1240//1
f 3371//1 3370//1 2930//1
f 138//1 858//1 3810//1
f 4871//1 2999//1 3590//1
f 4903//1 3687//1 1035//1
f 3481//1 2529//1 4963//1
f 1283//1 1282//1 3001//1
f 2083//1 1569//1 1568//1
f 625//1 3094//1 1563//1
f 3999//1 4964//1 4040//1
f 3686//1 3392//1 2626//1
f 3092//1 22//1 3654//1
f 3252//1 4474//1 3898//1
f 2289//1 1089//1 1091//1
f 495//1 788//1 1932//1
f 4791//1 3530//1 1708//1
f 4444//1 2474//1 4397//1
f 1359//1 2723//1 1301//1
f 3619//1 3618//1 1307//1
f 4412//1 590//1 3049//1
f 462//1 4512//1 463//1
f 1293//1 1212//1 1214//1
f 2142//1 1387//1 374//1
f 4138//1 4965//1 913//1
f 2634//1 1206//1 4254//1
f 3347//1 3349//1 3905//1
f 1631//1 509//1 1058//1
f 3050//1 3049//1 590//1
f 1759//1 3921//1 1757//1
f 407//1 406//1 2455//1
f 3850//1 703//1 705//1
f 4776//1 3430//1 2916//1
f 1222//1 4705//1 1223//1
f 2067//1 2843//1 4940//1
f 199//1 198//1 3379//1
f 3975//1 725//1 2050//1
f 4966//1 1578//1 3160//1
f 530//1 4834//1 2100//1
f 548//1 547//1 2652//1
f 4967//1 2950//1 2949//1
f 2855//1 3410//1 3082//1
f 2379//1 4374//1 4373//1
f 757//1 4197//1 2955//1
f 4439//1 4365//1 4814//1
f 1165//1 4307//1 1164//1
f 4870//1 3140//1 4669//1
f 634//1 2376//1 635//1
f 3200//1 157//1 156//1
f 672//1 1449//1 4181//1
f 1486//1 3948//1 1487//1
f 1671//1 2664//1 2663//1
f 4742//1 2543//1 3178//1
f 4923//1 3761//1 3886//1
f 3579//1 3321//1 4455//1
f 2033//1 2032//1 1736//1
f 3799//1 2952//1 126//1
f 2458//1 4333//1 1157//1
f 4480//1 3101//1 4739//1
f 524//1 523//1 4899//1
f 1738//1 535//1 115//1
f 3594//1 2939//1 3595//1
f 4391//1 4305//1 3081//1
f 2518//1 3498//1 4294//1
f 3405//1 2954//1 1801//1
f 3453//1 744//1 4063//1
f 1726//1 4428//1 1408//1
f 4803//1 583//1 2035//1
f 4951//1 4906//1 2562//1
f 4957//1 3079//1 397//1
f 2933//1 4256//1 4691//1
f 762//1 323//1 4894//1
f 342//1 4935//1 562//1
f 307//1 1538//1 3649//1
f 3090//1 3796//1 3867//1
f 2461//1 1121//1 1120//1
f 3164//1 4088//1 3059//1
f 3767//1 2984//1 3682//1
f 318//1 317//1 1404//1
f 4968//1 170//1 1063//1
f 3044//1 623//1 2256//1
f 2699//1 1539//1 4346//1
f 4727//1 2939//1 4092//1
f 4722//1 4942//1 4809//1
f 4370//1 3692//1 3665//1
f 1405//1 451//1 3728//1
f 4089//1 935//1 934//1
f 4732//1 2122//1 4509//1
f 774//1 1620//1 2867//1
f 3165//1 135//1 2248//1
f 648//1 647//1 3637//1
f 2866//1 460//1 459//1
f 525//1 4533//1 1008//1
f 1460//1 2145//1 512//1
f 1115//1 3928//1 2875//1
f 2868//1 4531//1 4480//1
f 4615//1 159//1 161//1
f 1988//1 2908//1 4481//1
f 1270//1 4927//1 3717//1
f 3933//1 3320//1 4032//1
f 1531//1 2540//1 3705//1
f 1211//1 2970//1 4399//1
f 2186//1 1019//1 4694//1
f 2489//1 2490//1 4779//1
f 4770//1 2538//1 4819//1
f 3578//1 334//1 1442//1
f 1481//1 3373//1 1482//1
f 2564//1 524//1 3919//1
f 3489//1 787//1 1833//1
f 2048//1 3258//1 3517//1
f 339//1 341//1 4723//1
f 1241//1 102//1 1396//1
f 1357//1 3578//1 1442//1
f 4332//1 696//1 1179//1
f 2129//1 4870//1 4816//1
f 802//1 4283//1 3488//1
f 3517//1 3516//1 4259//1
f 2356//1 3671//1 4576//1
f 3884//1 2936//1 4770//1
f 4191//1 4190//1 971//1
f 2575//1 4676//1 2576//1
f 4635//1 2958//1 2957//1
f 1645//1 3807//1 4242//1
f 4393//1 4461//1 3994//1
f 2528//1 2527//1 2354//1
f 3479//1 4077//1 390//1
f 1633//1 367//1 2295//1
f 653//1 1054//1 726//1
f 2268//1 824//1 1852//1
f 4456//1 4637//1 2383//1
f 3078//1 3077//1 1931//1
f 743//1 742//1 4055//1
f 2966//1 1664//1 880//1
f 888//1 3233//1 4635//1
f 650//1 4629//1 573//1
f 2025//1 119//1 89//1
f 362//1 4003//1 4769//1
f 963//1 1507//1 961//1
f 4805//1 2704//1 3980//1
f 2273//1 4724//1 1244//1
f 3924//1 2368//1 2895//1
f 997//1 3990//1 4882//1
f 2917//1 2569//1 4783//1
f 4378//1 2564//1 3476//1
f 3970//1 3971//1 4353//1
f 4550//1 4264//1 2492//1
f 2480//1 2314//1 1244//1
f 1343//1 1345//1 527//1
f 4478//1 4712//1 4681//1
f 4344//1 700//1 4628//1
f 816//1 4902//1 1380//1
f 3011//1 224//1 3797//1
f 1846//1 2657//1 2656//1
f 1349//1 4350//1 1350//1
f 1128//1 1127//1 4692//1
f 689//1 3315//1 2679//1
f 2371//1 2342//1 3403//1
f 4969//1 3550//1 4570//1
f 2923//1 1186//1 1185//1
f 1400//1 2639//1 2640//1
f 2135//1 4410//1 2136//1
f 2492//1 2795//1 2797//1
f 1843//1 2134//1 3726//1
f 1396//1 1395//1 1241//1
f 3461//1 4970//1 3442//1
f 910//1 4971//1 911//1
f 1756//1 1755//1 2221//1
f 2737//1 1302//1 2787//1
f 4919//1 290//1 3005//1
f 4904//1 26//1 3573//1
f 4108//1 1545//1 2527//1
f 3673//1 3041//1 3040//1
f 4220//1 1239//1 2571//1
f 4720//1 2477//1 2092//1
f 4944//1 4156//1 2833//1
f 1510//1 4076//1 2297//1
f 4251//1 1493//1 3792//1
f 1508//1 3887//1 759//1
f 706//1 708//1 4677//1
f 2357//1 3//1 2//1
f 4895//1 3288//1 333//1
f 2508//1 4513//1 3068//1
f 2783//1 2782//1 4104//1
f 4511//1 4510//1 3820//1
f 2962//1 4691//1 2098//1
f 2682//1 832//1 2683//1
f 3913//1 1766//1 1765//1
f 1296//1 1744//1 1897//1
f 4861//1 4033//1 810//1
f 4124//1 4717//1 1079//1
f 383//1 3642//1 3596//1
f 2218//1 651//1 573//1
f 2809//1 3696//1 4916//1
f 4972//1 4848//1 4897//1
f 3421//1 4105//1 1499//1
f 3631//1 3990//1 997//1
f 4098//1 4163//1 3206//1
f 353//1 2573//1 4673//1
f 3011//1 2584//1 36//1
f 1183//1 4208//1 3949//1
f 1716//1 3448//1 3084//1
f 4880//1 267//1 964//1
f 4474//1 515//1 3898//1
f 1677//1 1094//1 2023//1
f 2334//1 3899//1 1529//1
f 927//1 3871//1 4064//1
f 4451//1 1549//1 4263//1
f 2410//1 4973//1 2132//1
f 3703//1 4425//1 3704//1
f 4150//1 4927//1 1269//1
f 3713//1 4228//1 3860//1
f 753//1 2811//1 4960//1
f 4303//1 2533//1 3982//1
f 3316//1 61//1 4396//1
f 4173//1 1739//1 4338//1
f 3850//1 3096//1 3536//1
f 3251//1 947//1 4474//1
f 2679//1 309//1 308//1
f 4084//1 4255//1 69//1
f 1896//1 4381//1 4383//1
f 2072//1 2790//1 1768//1
f 2623//1 17//1 4541//1
f 1957//1 1956//1 4607//1
f 822//1 3495//1 3830//1
f 4270//1 1410//1 4237//1
f 4881//1 3610//1 4811//1
f 667//1 4200//1 1126//1
f 1169//1 3256//1 4000//1
f 1734//1 4921//1 1733//1
f 3763//1 1946//1 3881//1
f 4837//1 1303//1 1304//1
f 1526//1 3035//1 3081//1
f 660//1 659//1 1651//1
f 1454//1 1453//1 2331//1
f 2784//1 4202//1 2069//1
f 559//1 2427//1 2426//1
f 3823//1 608//1 3824//1
f 4166//1 4493//1 4688//1
f 753//1 752//1 2811//1
f 687//1 4655//1 3533//1
f 1322//1 3204//1 1258//1
f 1397//1 1399//1 3658//1
f 4441//1 546//1 2339//1
f 4294//1 3497//1 4524//1
f 3779//1 4349//1 2958//1
f 4295//1 1982//1 4875//1
f 782//1 784//1 884//1
f 4140//1 4640//1 4141//1
f 4758//1 2452//1 2451//1
f 4188//1 4250//1 4187//1
f 456//1 458//1 1806//1
f 3232//1 887//1 3315//1
f 1911//1 2221//1 1912//1
f 435//1 4702//1 3305//1
f 4596//1 4715//1 4490//1
f 2249//1 3154//1 2430//1
f 2059//1 4751//1 4754//1
f 478//1 3180//1 4102//1
f 1926//1 565//1 2783//1
f 1017//1 1016//1 1514//1
f 4614//1 2706//1 3597//1
f 2192//1 1464//1 1388//1
f 2433//1 255//1 257//1
f 3702//1 4599//1 3703//1
f 647//1 975//1 3637//1
f 2107//1 2355//1 1546//1
f 2714//1 2666//1 3778//1
f 2012//1 1501//1 1500//1
f 20//1 19//1 604//1
f 4445//1 1427//1 985//1
f 3317//1 3221//1 3450//1
f 211//1 1818//1 2747//1
f 2920//1 860//1 4320//1
f 154//1 4537//1 155//1
f 3409//1 4936//1 3192//1
f 4924//1 4506//1 4505//1
f 1945//1 4280//1 3972//1
f 4358//1 3384//1 2290//1
f 3515//1 2718//1 2720//1
f 4597//1 2345//1 4701//1
f 2653//1 2998//1 384//1
f 1189//1 4535//1 1483//1
f 3263//1 4893//1 3264//1
f 324//1 4643//1 3614//1
f 3069//1 2989//1 3848//1
f 2618//1 2620//1 350//1
f 4246//1 4488//1 4972//1
f 1050//1 381//1 383//1
f 2947//1 1248//1 1234//1
f 2945//1 2946//1 1536//1
f 3940//1 1140//1 3945//1
f 1049//1 1050//1 3203//1
f 2341//1 2342//1 2371//1
f 2929//1 2954//1 2956//1
f 1856//1 2347//1 1857//1
f 4974//1 4955//1 4954//1
f 2054//1 2087//1 2220//1
f 4881//1 4811//1 3463//1
f 4908//1 2551//1 4975//1
f 2579//1 2803//1 2577//1
f 1275//1 3176//1 4844//1
f 3227//1 45//1 3053//1
f 2484//1 380//1 4409//1
f 3374//1 4467//1 1543//1
f 1486//1 1200//1 1199//1
f 2597//1 91//1 4872//1
f 3505//1 4056//1 4865//1
f 2057//1 4642//1 1769//1
f 1114//1 1113//1 1602//1
f 3804//1 4406//1 4735//1
f 3275//1 1076//1 3276//1
f 1818//1 4020//1 3671//1
f 1588//1 1720//1 4976//1
f 895//1 4038//1 1564//1
f 962//1 1176//1 2253//1
f 3971//1 1070//1 1069//1
f 1326//1 4459//1 4411//1
f 327//1 729//1 526//1
f 4566//1 2223//1 4275//1
f 4849//1 4977//1 4764//1
f 918//1 1595//1 3406//1
f 3423//1 3425//1 2061//1
f 3247//1 3291//1 3290//1
f 4309//1 4938//1 3558//1
f 4193//1 3430//1 4776//1
f 412//1 1630//1 375//1
f 530//1 4833//1 4834//1
f 4174//1 4924//1 4933//1
f 479//1 478//1 3788//1
f 1127//1 3194//1 4692//1
f 1437//1 4067//1 1438//1
f 1376//1 1178//1 2889//1
f 2836//1 407//1 2837//1
f 4155//1 4244//1 3890//1
f 4856//1 4931//1 3554//1
f 1994//1 4812//1 3593//1
f 4532//1 4744//1 4875//1
f 2006//1 4690//1 2007//1
f 4681//1 1049//1 4679//1
f 1755//1 1920//1 2221//1
f 2866//1 643//1 938//1
f 509//1 412//1 510//1
f 1403//1 318//1 1404//1
f 1753//1 1027//1 4518//1
f 2875//1 2874//1 3014//1
f 1266//1 4514//1 3737//1
f 946//1 2593//1 2592//1
f 2104//1 4909//1 2456//1
f 330//1 3780//1 2528//1
f 4668//1 1806//1 4669//1
f 1627//1 3769//1 2910//1
f 2290//1 3384//1 750//1
f 4387//1 1709//1 299//1
f 4876//1 545//1 4883//1
f 4965//1 3499//1 913//1
f 1231//1 1232//1 4024//1
f 4893//1 736//1 4750//1
f 1218//1 1220//1 2258//1
f 4285//1 4828//1 4286//1
f 2292//1 2291//1 2396//1
f 2237//1 985//1 1427//1
f 3760//1 1149//1 2098//1
f 1097//1 4638//1 1095//1
f 1922//1 1008//1 4769//1
f 4292//1 4291//1 1895//1
f 4843//1 4873//1 4261//1
f 1302//1 1151//1 1130//1
f 2184//1 4243//1 2711//1
f 3297//1 3387//1 4729//1
f 2439//1 3133//1 3132//1
f 3897//1 4417//1 2215//1
f 4771//1 4978//1 4847//1
f 2324//1 3429//1 2181//1
f 1047//1 2792//1 2791//1
f 598//1 3272//1 4953//1
f 1666//1 2469//1 556//1
f 2339//1 548//1 3664//1
f 1877//1 4405//1 4657//1
f 4438//1 2906//1 3386//1
f 3037//1 386//1 186//1
f 3017//1 1462//1 3662//1
f 4025//1 4919//1 3005//1
f 4710//1 4088//1 3845//1
f 4569//1 4029//1 1829//1
f 986//1 2925//1 3852//1
f 1853//1 1906//1 1854//1
f 3358//1 1243//1 717//1
f 3932//1 1613//1 3304//1
f 2374//1 4529//1 4528//1
f 3836//1 2241//1 1397//1
f 2911//1 4465//1 4649//1
f 3753//1 1521//1 1233//1
f 4438//1 2762//1 2761//1
f 2293//1 2660//1 4717//1
f 1133//1 2289//1 1134//1
f 4735//1 3490//1 3805//1
f 3278//1 4625//1 534//1
f 521//1 993//1 442//1
f 3155//1 793//1 850//1
f 107//1 2700//1 4932//1
f 296//1 100//1 2239//1
f 2685//1 491//1 493//1
f 4685//1 3749//1 4777//1
f 3453//1 4063//1 3088//1
f 3293//1 440//1 508//1
f 609//1 4044//1 4011//1
f 4932//1 2700//1 2701//1
f 2070//1 4025//1 2654//1
f 4754//1 428//1 4428//1
f 4790//1 1430//1 1429//1
f 1758//1 4796//1 3702//1
f 2178//1 4850//1 2179//1
f 1003//1 2732//1 2123//1
f 951//1 953//1 2647//1
f 4933//1 1626//1 2476//1
f 1468//1 43//1 2606//1
f 1276//1 3418//1 2799//1
f 1207//1 1209//1 4487//1
f 1915//1 4590//1 4423//1
f 599//1 601//1 4866//1
f 4054//1 2417//1 4820//1
f 4361//1 4362//1 2263//1
f 4343//1 1317//1 1316//1
f 1981//1 3548//1 3684//1
f 680//1 1032//1 1216//1
f 302//1 2820//1 8//1
f 1669//1 3745//1 580//1
f 2183//1 4766//1 4243//1
f 4556//1 2250//1 3668//1
f 4191//1 971//1 3013//1
f 4832//1 4230//1 4231//1
f 2456//1 4909//1 2457//1
f 2388//1 3765//1 1037//1
f 2286//1 2285//1 2495//1
f 3009//1 4850//1 2178//1
f 1019//1 1021//1 4694//1
f 4261//1 3740//1 2473//1
f 4488//1 4489//1 4097//1
f 4522//1 2572//1 4840//1
f 4632//1 2783//1 4104//1
f 3364//1 4700//1 1916//1
f 264//1 266//1 3431//1
f 1324//1 757//1 759//1
f 931//1 1145//1 1304//1
f 2520//1 287//1 286//1
f 3591//1 402//1 1984//1
f 323//1 322//1 4894//1
f 1189//1 885//1 1596//1
f 2685//1 200//1 3366//1
f 2387//1 4705//1 3974//1
f 4248//1 4762//1 4249//1
f 4585//1 4023//1 4022//1
f 3501//1 3365//1 3375//1
f 4736//1 1168//1 1167//1
f 490//1 4914//1 1978//1
f 1182//1 4208//1 1183//1
f 2871//1 2870//1 4656//1
f 3795//1 2370//1 2668//1
f 2491//1 2492//1 3907//1
f 1117//1 1116//1 1141//1
f 601//1 600//1 3504//1
f 3805//1 3490//1 2878//1
f 4190//1 972//1 971//1
f 4134//1 3422//1 4818//1
f 1942//1 2278//1 1401//1
f 3089//1 1809//1 4932//1
f 4690//1 901//1 900//1
f 234//1 2019//1 2161//1
f 4425//1 3350//1 4979//1
f 1840//1 1457//1 1838//1
f 4489//1 4163//1 4097//1
f 4972//1 4897//1 4246//1
f 1940//1 421//1 12//1
f 2625//1 2162//1 2651//1
f 881//1 3633//1 2360//1
f 1660//1 4185//1 2643//1
f 2323//1 2322//1 4243//1
f 208//1 4372//1 3997//1
f 3105//1 4961//1 471//1
f 713//1 3067//1 714//1
f 3624//1 4684//1 4685//1
f 4281//1 4778//1 1509//1
f 1367//1 1306//1 1368//1
f 2693//1 1422//1 2758//1
f 4125//1 4067//1 4126//1
f 4119//1 3625//1 4685//1
f 4286//1 4828//1 4757//1
f 4578//1 2140//1 2142//1
f 4393//1 2690//1 2689//1
f 4891//1 1481//1 3493//1
f 3411//1 3589//1 220//1
f 3992//1 2798//1 2892//1
f 2316//1 2017//1 4909//1
f 3093//1 1348//1 1081//1
f 359//1 361//1 515//1
f 4766//1 4586//1 4463//1
f 4405//1 2110//1 4657//1
f 567//1 1659//1 2203//1
f 1456//1 4469//1 1457//1
f 95//1 2918//1 2127//1
f 136//1 3376//1 134//1
f 1589//1 1590//1 1972//1
f 1203//1 1003//1 2123//1
f 1465//1 3348//1 3347//1
f 3474//1 1731//1 1733//1
f 1125//1 3029//1 3031//1
f 1717//1 1716//1 37//1
f 320//1 319//1 4618//1
f 4107//1 240//1 242//1
f 2518//1 464//1 3359//1
f 4201//1 2069//1 4202//1
f 1927//1 659//1 1698//1
f 4521//1 2641//1 3353//1
f 4864//1 631//1 4048//1
f 2912//1 4746//1 761//1
f 661//1 4602//1 662//1
f 3249//1 3128//1 4349//1
f 4980//1 544//1 543//1
f 335//1 337//1 2068//1
f 1896//1 1297//1 1897//1
f 4038//1 2194//1 989//1
f 553//1 1579//1 1542//1
f 3893//1 3892//1 4767//1
f 657//1 656//1 3389//1
f 3587//1 4032//1 3061//1
f 4918//1 2396//1 2395//1
f 4282//1 1975//1 4424//1
f 957//1 58//1 147//1
f 2861//1 3372//1 3773//1
f 3607//1 4861//1 3635//1
f 4963//1 2529//1 2530//1
f 732//1 3253//1 3604//1
f 4753//1 4766//1 2183//1
f 3767//1 4970//1 4575//1
f 2779//1 4019//1 1817//1
f 1786//1 628//1 627//1
f 2126//1 4623//1 741//1
f 3897//1 4418//1 4417//1
f 2484//1 4409//1 4052//1
f 1717//1 3012//1 4600//1
f 584//1 71//1 2745//1
f 645//1 644//1 4086//1
f 2560//1 3090//1 3171//1
f 782//1 2553//1 2909//1
f 4046//1 2287//1 1015//1
f 4105//1 1500//1 1499//1
f 3399//1 1698//1 3067//1
f 3436//1 2325//1 3960//1
f 4671//1 876//1 877//1
f 4645//1 3150//1 1407//1
f 2020//1 2019//1 234//1
f 1013//1 3675//1 4211//1
f 2864//1 2016//1 4680//1
f 2623//1 2622//1 849//1
f 2441//1 4072//1 2439//1
f 4123//1 2395//1 4717//1
f 3808//1 498//1 568//1
f 4336//1 1253//1 923//1
f 1015//1 1014//1 4046//1
f 3149//1 2872//1 3422//1
f 4442//1 4930//1 3835//1
f 2300//1 3565//1 2301//1
f 37//1 570//1 38//1
f 1267//1 2742//1 537//1
f 4538//1 470//1 4949//1
f 785//1 268//1 267//1
f 2950//1 4212//1 2951//1
f 3959//1 4380//1 3958//1
f 1773//1 1682//1 2978//1
f 3213//1 3905//1 799//1
f 371//1 2532//1 194//1
f 4238//1 4240//1 4709//1
f 855//1 854//1 4516//1
f 4783//1 855//1 4863//1
f 1073//1 4272//1 4276//1
f 506//1 505//1 3918//1
f 3328//1 868//1 867//1
f 4328//1 1474//1 1473//1
f 2369//1 1967//1 251//1
f 3840//1 1571//1 3488//1
f 2262//1 3540//1 3294//1
f 27//1 316//1 25//1
f 638//1 1839//1 1838//1
f 4981//1 4319//1 1552//1
f 3539//1 2646//1 751//1
f 101//1 103//1 4664//1
f 2392//1 4308//1 3382//1
f 1774//1 1738//1 4173//1
f 1848//1 407//1 2455//1
f 3650//1 3590//1 3589//1
f 1445//1 3585//1 3877//1
f 689//1 691//1 1341//1
f 489//1 488//1 2537//1
f 3135//1 2703//1 1485//1
f 3518//1 3416//1 3519//1
f 4270//1 2268//1 1852//1
f 4525//1 2617//1 4622//1
f 4791//1 4929//1 4049//1
f 3445//1 4049//1 2931//1
f 4665//1 1973//1 1619//1
f 1542//1 3374//1 1543//1
f 3979//1 1165//1 2030//1
f 3065//1 3064//1 4134//1
f 3523//1 4541//1 1463//1
f 2477//1 3412//1 2092//1
f 196//1 750//1 3983//1
f 1844//1 4195//1 1842//1
f 4144//1 357//1 4547//1
f 647//1 649//1 1325//1
f 619//1 1895//1 3215//1
f 2306//1 4121//1 2307//1
f 4487//1 1209//1 3126//1
f 4878//1 3847//1 3846//1
f 4386//1 4389//1 3862//1
f 2596//1 3781//1 2595//1
f 3158//1 3157//1 1083//1
f 518//1 2103//1 2272//1
f 4821//1 4074//1 4873//1
f 1106//1 4144//1 4547//1
f 1333//1 3793//1 1334//1
f 4278//1 1524//1 1523//1
f 32//1 31//1 3552//1
f 3857//1 2102//1 517//1
f 4562//1 3893//1 3469//1
f 1121//1 2008//1 4188//1
f 4032//1 4433//1 2517//1
f 2431//1 3730//1 2680//1
f 3193//1 2365//1 2367//1
f 979//1 3248//1 3290//1
f 2312//1 4644//1 3612//1
f 3160//1 4004//1 3343//1
f 2678//1 1954//1 4810//1
f 4556//1 2712//1 592//1
f 4981//1 1954//1 2678//1
f 4438//1 2761//1 4439//1
f 3238//1 3237//1 4216//1
f 720//1 4164//1 4249//1
f 2518//1 3359//1 3498//1
f 435//1 2567//1 4702//1
f 1565//1 1423//1 3514//1
f 4086//1 2131//1 1469//1
f 2213//1 3352//1 4561//1
f 3657//1 1145//1 3859//1
f 2603//1 2909//1 2604//1
f 3863//1 3553//1 685//1
f 1378//1 1116//1 4559//1
f 4680//1 2016//1 2316//1
f 4527//1 4151//1 603//1
f 4085//1 4046//1 2187//1
f 4851//1 3765//1 3743//1
f 2328//1 4437//1 2985//1
f 3996//1 4795//1 3344//1
f 1071//1 2214//1 2107//1
f 2773//1 4068//1 189//1
f 47//1 49//1 228//1
f 4692//1 2367//1 4565//1
f 1211//1 4399//1 1210//1
f 788//1 790//1 1560//1
f 4982//1 4476//1 3550//1
f 879//1 864//1 880//1
f 1214//1 1213//1 3098//1
f 4056//1 4055//1 2926//1
f 3355//1 39//1 3210//1
f 75//1 2716//1 2566//1
f 4983//1 2101//1 1269//1
f 656//1 655//1 4552//1
f 4157//1 1603//1 4962//1
f 2198//1 345//1 680//1
f 1434//1 4758//1 1344//1
f 162//1 1394//1 1879//1
f 4004//1 2141//1 3343//1
f 2247//1 2246//1 3184//1
f 4141//1 4879//1 1861//1
f 213//1 837//1 214//1
f 177//1 2911//1 178//1
f 3685//1 2137//1 3327//1
f 4375//1 3910//1 3912//1
f 4348//1 3341//1 4535//1
f 3148//1 4207//1 3147//1
f 4652//1 603//1 4984//1
f 755//1 3190//1 768//1
f 1760//1 1761//1 3494//1
f 1723//1 365//1 1724//1
f 2790//1 2057//1 1769//1
f 950//1 3593//1 4812//1
f 120//1 2301//1 4009//1
f 591//1 590//1 4412//1
f 4322//1 4321//1 492//1
f 4572//1 46//1 2079//1
f 64//1 743//1 3903//1
f 324//1 1225//1 877//1
f 4777//1 3750//1 853//1
f 3292//1 3291//1 2405//1
f 740//1 2126//1 741//1
f 4403//1 600//1 2118//1
f 4985//1 3261//1 197//1
f 3159//1 4156//1 4944//1
f 2906//1 4438//1 4440//1
f 1635//1 4526//1 3102//1
f 4585//1 3366//1 202//1
f 3263//1 2881//1 3401//1
f 270//1 2927//1 742//1
f 3635//1 809//1 3636//1
f 4284//1 4607//1 1438//1
f 1530//1 4831//1 4347//1
f 2195//1 2036//1 3611//1
f 1654//1 1299//1 4802//1
f 449//1 4493//1 4166//1
f 4064//1 3871//1 4065//1
f 4929//1 1867//1 4049//1
f 4200//1 1563//1 1127//1
f 26//1 25//1 1820//1
f 4778//1 1510//1 1509//1
f 1535//1 4204//1 352//1
f 3305//1 4702//1 2590//1
f 1459//1 4896//1 4659//1
f 4571//1 3832//1 3831//1
f 2176//1 501//1 3949//1
f 1562//1 4986//1 625//1
f 4262//1 4286//1 3698//1
f 32//1 370//1 4006//1
f 2490//1 2835//1 4779//1
f 3448//1 2149//1 3084//1
f 1031//1 2589//1 2591//1
f 3482//1 3001//1 2053//1
f 680//1 347//1 1030//1
f 3672//1 4951//1 2645//1
f 4407//1 4219//1 4408//1
f 121//1 3743//1 2549//1
f 3894//1 3896//1 4089//1
f 4536//1 73//1 1369//1
f 616//1 1724//1 365//1
f 2622//1 223//1 222//1
f 2559//1 2558//1 4128//1
f 215//1 217//1 1718//1
f 1810//1 1809//1 3165//1
f 2944//1 624//1 626//1
f 1585//1 454//1 453//1
f 3291//1 4310//1 3559//1
f 1006//1 2974//1 2973//1
f 298//1 300//1 1786//1
f 2482//1 420//1 4774//1
f 2552//1 4915//1 1288//1
f 3244//1 1624//1 1183//1
f 4614//1 4746//1 2706//1
f 3202//1 2389//1 3201//1
f 975//1 75//1 74//1
f 2821//1 1393//1 4156//1
f 4754//1 4367//1 426//1
f 4056//1 1197//1 3879//1
f 4380//1 3731//1 4606//1
f 4042//1 3929//1 1634//1
f 2116//1 3043//1 3042//1
f 437//1 2713//1 4696//1
f 4108//1 3531//1 1545//1
f 1942//1 1401//1 1943//1
f 3361//1 3927//1 2557//1
f 498//1 3808//1 499//1
f 3437//1 4504//1 3969//1
f 2284//1 2286//1 3163//1
f 4072//1 311//1 3557//1
f 4013//1 4547//1 434//1
f 485//1 2021//1 486//1
f 980//1 3290//1 3292//1
f 1123//1 4967//1 2949//1
f 1362//1 950//1 4812//1
f 2067//1 3571//1 2843//1
f 858//1 138//1 3301//1
f 3281//1 3058//1 4987//1
f 3520//1 23//1 22//1
f 1219//1 2312//1 1220//1
f 2533//1 4303//1 4302//1
f 4117//1 4119//1 4777//1
f 1080//1 4262//1 2977//1
f 1863//1 2312//1 3612//1
f 931//1 496//1 1339//1
f 3770//1 94//1 3768//1
f 1794//1 1793//1 3656//1
f 108//1 373//1 4959//1
f 2189//1 4158//1 2190//1
f 2745//1 1574//1 1573//1
f 1570//1 802//1 3488//1
f 149//1 151//1 2172//1
f 4167//1 703//1 3850//1
f 2720//1 3138//1 2074//1
f 1643//1 1257//1 1259//1
f 4482//1 3139//1 3914//1
f 93//1 3856//1 3768//1
f 1432//1 1120//1 3966//1
f 4377//1 2124//1 2765//1
f 3831//1 3833//1 1346//1
f 4746//1 863//1 4643//1
f 2434//1 2639//1 1400//1
f 3235//1 4846//1 3236//1
f 4792//1 3232//1 4947//1
f 1920//1 1262//1 1435//1
f 3394//1 3930//1 4398//1
f 3759//1 9//1 3112//1
f 574//1 4616//1 1416//1
f 3536//1 3535//1 4484//1
f 4925//1 343//1 3242//1
f 2969//1 2968//1 3988//1
f 1967//1 2996//1 249//1
f 2350//1 2349//1 579//1
f 4794//1 4973//1 2410//1
f 3659//1 2048//1 3517//1
f 4453//1 628//1 1786//1
f 4927//1 4150//1 2570//1
f 1458//1 1457//1 1840//1
f 1683//1 4945//1 368//1
f 1142//1 1378//1 1377//1
f 2085//1 3447//1 1992//1
f 3296//1 3387//1 3297//1
f 910//1 912//1 4904//1
f 368//1 4945//1 369//1
f 4829//1 1440//1 716//1
f 4793//1 4792//1 4947//1
f 350//1 2620//1 145//1
f 3546//1 3548//1 1981//1
f 1826//1 2964//1 4494//1
f 4525//1 4622//1 1614//1
f 4519//1 2922//1 2789//1
f 2720//1 2073//1 896//1
f 4723//1 341//1 1632//1
f 1600//1 4223//1 2017//1
f 2415//1 3887//1 1508//1
f 4800//1 956//1 3708//1
f 4596//1 4490//1 3//1
f 4084//1 69//1 68//1
f 1516//1 4950//1 4070//1
f 4364//1 1384//1 1089//1
f 3423//1 4110//1 3424//1
f 1680//1 1742//1 3328//1
f 2163//1 3391//1 3734//1
f 3935//1 4066//1 4112//1
f 172//1 3533//1 3108//1
f 3753//1 1522//1 1521//1
f 618//1 312//1 619//1
f 2710//1 1361//1 736//1
f 1043//1 1336//1 4454//1
f 2124//1 523//1 522//1
f 4540//1 17//1 16//1
f 4948//1 2299//1 2301//1
f 1742//1 2408//1 868//1
f 1886//1 2963//1 1503//1
f 1773//1 2296//1 1682//1
f 3485//1 2020//1 234//1
f 1580//1 846//1 3367//1
f 1708//1 3530//1 1709//1
f 1354//1 1420//1 2692//1
f 1090//1 4622//1 1091//1
f 1795//1 1278//1 2730//1
f 634//1 4661//1 1909//1
f 3420//1 2307//1 2105//1
f 3540//1 3693//1 3295//1
f 4954//1 3250//1 1417//1
f 382//1 3642//1 383//1
f 4912//1 2417//1 1264//1
f 470//1 4461//1 4949//1
f 1391//1 3520//1 3091//1
f 4451//1 4450//1 4988//1
f 2585//1 779//1 3374//1
f 4803//1 2035//1 4806//1
f 77//1 4545//1 4447//1
f 880//1 3134//1 2400//1
f 680//1 1030//1 1032//1
f 818//1 817//1 2761//1
f 2041//1 2040//1 3087//1
f 2308//1 982//1 4008//1
f 2607//1 2608//1 4874//1
f 4085//1 2187//1 4086//1
f 3228//1 4641//1 3227//1
f 4084//1 4572//1 3322//1
f 613//1 1195//1 2266//1
f 2918//1 4337//1 2919//1
f 4756//1 1914//1 2675//1
f 3061//1 4113//1 3062//1
f 2167//1 410//1 1868//1
f 2374//1 430//1 4529//1
f 4077//1 4120//1 1665//1
f 1907//1 3446//1 3630//1
f 1063//1 1062//1 4968//1
f 4512//1 462//1 4513//1
f 4241//1 4859//1 4598//1
f 3217//1 2370//1 3795//1
f 981//1 1762//1 3645//1
f 1816//1 1052//1 1051//1
f 1603//1 2277//1 4962//1
f 3393//1 4678//1 4415//1
f 2749//1 4589//1 4039//1
f 772//1 4789//1 171//1
f 1513//1 1999//1 2836//1
f 3119//1 3118//1 4880//1
f 3141//1 3142//1 3468//1
f 2329//1 2328//1 2985//1
f 2066//1 3571//1 2067//1
f 2242//1 2244//1 2515//1
f 14//1 4168//1 15//1
f 2536//1 4290//1 489//1
f 1948//1 2096//1 1962//1
f 109//1 3074//1 3120//1
f 2658//1 3970//1 4785//1
f 4112//1 4882//1 2880//1
f 3220//1 3043//1 2116//1
f 306//1 3398//1 304//1
f 667//1 668//1 4200//1
f 2380//1 2340//1 3312//1
f 4010//1 3439//1 3189//1
f 3780//1 4743//1 1129//1
f 4954//1 4827//1 4826//1
f 210//1 1818//1 211//1
f 312//1 311//1 1895//1
f 4592//1 712//1 1223//1
f 150//1 2140//1 151//1
f 629//1 4609//1 627//1
f 4079//1 2434//1 803//1
f 1431//1 2632//1 718//1
f 1977//1 4612//1 4149//1
f 2904//1 3712//1 84//1
f 149//1 4338//1 2760//1
f 3436//1 2326//1 2325//1
f 154//1 2734//1 4537//1
f 4337//1 2655//1 1213//1
f 1338//1 1932//1 129//1
f 4181//1 673//1 672//1
f 2304//1 3311//1 258//1
f 2917//1 4783//1 4863//1
f 2028//1 4183//1 2736//1
f 4796//1 4599//1 3702//1
f 3822//1 3824//1 792//1
f 2517//1 2471//1 2817//1
f 344//1 3953//1 2851//1
f 4540//1 3459//1 4541//1
f 1955//1 4026//1 661//1
f 1040//1 4832//1 427//1
f 1955//1 1450//1 2036//1
f 2975//1 1986//1 4481//1
f 2785//1 1808//1 3025//1
f 1445//1 674//1 1446//1
f 1060//1 3576//1 1061//1
f 2893//1 2799//1 3419//1
f 1041//1 4977//1 4849//1
f 4609//1 4135//1 3306//1
f 4989//1 3584//1 607//1
f 1708//1 4929//1 4791//1
f 4806//1 3955//1 1654//1
f 2485//1 1311//1 4523//1
f 1672//1 4419//1 3403//1
f 973//1 972//1 3754//1
f 3801//1 3800//1 2348//1
f 1311//1 2485//1 1312//1
f 4827//1 3219//1 3609//1
f 1012//1 818//1 4247//1
f 2858//1 3541//1 2066//1
f 1516//1 1518//1 4950//1
f 4104//1 2782//1 1109//1
f 3619//1 4351//1 1409//1
f 4339//1 3793//1 1679//1
f 582//1 3415//1 1368//1
f 1677//1 2023//1 2022//1
f 4832//1 1042//1 4686//1
f 3715//1 2316//1 2104//1
f 388//1 1834//1 4209//1
f 1762//1 966//1 346//1
f 148//1 147//1 58//1
f 3431//1 4313//1 264//1
f 1678//1 1323//1 1092//1
f 798//1 1201//1 1815//1
f 1166//1 1180//1 417//1
f 3076//1 3078//1 4321//1
f 3273//1 2061//1 3425//1
f 4977//1 4900//1 3939//1
f 12//1 4715//1 4595//1
f 3503//1 3396//1 1471//1
f 4990//1 4738//1 2037//1
f 735//1 3888//1 3889//1
f 1371//1 1791//1 4415//1
f 4430//1 465//1 4431//1
f 3535//1 3096//1 3095//1
f 2813//1 1599//1 753//1
f 4438//1 3386//1 2762//1
f 3739//1 3404//1 2018//1
f 1392//1 4350//1 29//1
f 87//1 86//1 2607//1
f 1806//1 240//1 4816//1
f 4974//1 4954//1 4826//1
f 633//1 4725//1 3670//1
f 1038//1 303//1 7//1
f 1629//1 1491//1 1490//1
f 3655//1 1559//1 4799//1
f 3228//1 1937//1 3837//1
f 4211//1 3674//1 740//1
f 54//1 748//1 1156//1
f 780//1 4624//1 114//1
f 4358//1 2290//1 1091//1
f 4264//1 3907//1 2492//1
f 3901//1 4460//1 4565//1
f 4352//1 4171//1 3323//1
f 3865//1 3512//1 4845//1
f 4991//1 2343//1 4356//1
f 4336//1 1252//1 1253//1
f 483//1 3679//1 241//1
f 1221//1 1839//1 638//1
f 731//1 4416//1 1492//1
f 693//1 2693//1 694//1
f 3265//1 3264//1 2493//1
f 3872//1 1924//1 1022//1
f 433//1 4013//1 434//1
f 3186//1 1812//1 1705//1
f 2475//1 3688//1 4903//1
f 3847//1 4289//1 2548//1
f 380//1 3434//1 3433//1
f 1013//1 3038//1 5//1
f 3547//1 191//1 3207//1
f 968//1 4986//1 1562//1
f 4644//1 2056//1 132//1
f 332//1 3580//1 4455//1
f 3455//1 3454//1 4340//1
f 3906//1 4576//1 2391//1
f 4177//1 1874//1 3621//1
f 786//1 4880//1 3118//1
f 4536//1 1369//1 3992//1
f 3491//1 3490//1 4734//1
f 1126//1 4200//1 1127//1
f 500//1 260//1 4874//1
f 947//1 946//1 2592//1
f 3761//1 4651//1 3673//1
f 1656//1 4780//1 2569//1
f 4947//1 3232//1 3315//1
f 228//1 667//1 47//1
f 405//1 116//1 3560//1
f 4622//1 4358//1 1091//1
f 3522//1 505//1 2224//1
f 3830//1 4825//1 4992//1
f 253//1 2044//1 254//1
f 70//1 69//1 3009//1
f 1476//1 1009//1 3033//1
f 4946//1 4651//1 4923//1
f 3674//1 4211//1 3675//1
f 4940//1 4070//1 4941//1
f 4034//1 3034//1 4129//1
f 963//1 992//1 521//1
f 1551//1 4981//1 1552//1
f 2183//1 4243//1 2184//1
f 2976//1 4122//1 1078//1
f 1502//1 2010//1 2009//1
f 486//1 2021//1 1512//1
f 970//1 1342//1 1341//1
f 3066//1 709//1 2891//1
f 2286//1 2495//1 4024//1
f 4660//1 1522//1 3754//1
f 595//1 4922//1 4069//1
f 2845//1 3286//1 4553//1
f 1052//1 3299//1 2541//1
f 4171//1 140//1 142//1
f 2499//1 2498//1 55//1
f 632//1 631//1 4864//1
f 3509//1 2446//1 3349//1
f 2398//1 3521//1 4331//1
f 3249//1 3779//1 767//1
f 4784//1 581//1 3240//1
f 3086//1 4709//1 4240//1
f 1896//1 1898//1 4674//1
f 491//1 4322//1 492//1
f 4987//1 135//1 2971//1
f 213//1 3187//1 2554//1
f 1519//1 4854//1 265//1
f 4901//1 4867//1 210//1
f 4905//1 1270//1 1688//1
f 35//1 2559//1 4128//1
f 1461//1 4896//1 1459//1
f 4284//1 4591//1 1957//1
f 2102//1 2449//1 2561//1
f 2943//1 4847//1 4266//1
f 2073//1 2720//1 2074//1
f 1778//1 994//1 1779//1
f 2338//1 4043//1 3822//1
f 3281//1 2971//1 2972//1
f 274//1 275//1 2130//1
f 3542//1 4970//1 3461//1
f 2309//1 2308//1 2986//1
f 275//1 41//1 40//1
f 4056//1 3879//1 4865//1
f 3504//1 4403//1 3903//1
f 791//1 3822//1 792//1
f 2963//1 1886//1 2961//1
f 2744//1 1446//1 2717//1
f 1288//1 4915//1 2646//1
f 4775//1 4952//1 4712//1
f 2415//1 1508//1 2416//1
f 3915//1 3036//1 497//1
f 4960//1 2811//1 4360//1
f 1418//1 1319//1 2453//1
f 2027//1 3302//1 4183//1
f 3617//1 467//1 2525//1
f 42//1 4808//1 3790//1
f 1028//1 1796//1 3782//1
f 1425//1 1980//1 2718//1
f 858//1 4311//1 856//1
f 2338//1 1363//1 2337//1
f 4806//1 3209//1 3955//1
f 4502//1 4330//1 4501//1
f 2857//1 1283//1 3481//1
f 253//1 1956//1 2386//1
f 2239//1 2240//1 4189//1
f 2554//1 3187//1 178//1
f 1438//1 4067//1 4125//1
f 3390//1 4579//1 2430//1
f 4914//1 4071//1 2441//1
f 4666//1 4918//1 4123//1
f 4935//1 3104//1 563//1
f 1146//1 3620//1 393//1
f 863//1 4614//1 862//1
f 1024//1 4475//1 1022//1
f 4838//1 4837//1 4503//1
f 1272//1 4925//1 1273//1
f 4845//1 2074//1 3727//1
f 3272//1 598//1 597//1
f 1020//1 1014//1 5//1
f 4879//1 4884//1 1861//1
f 2797//1 4939//1 4550//1
f 4908//1 4023//1 4087//1
f 1902//1 2581//1 3665//1
f 1451//1 1450//1 663//1
f 2505//1 1691//1 1693//1
f 2838//1 2839//1 1637//1
f 891//1 890//1 3443//1
f 55//1 2498//1 4317//1
f 1556//1 1366//1 2190//1
f 3605//1 1316//1 4436//1
f 3970//1 3786//1 3785//1
f 3876//1 3111//1 3875//1
f 4300//1 4989//1 269//1
f 3105//1 3106//1 4580//1
f 3674//1 96//1 740//1
f 4397//1 4047//1 4444//1
f 4832//1 1040//1 1042//1
f 2430//1 4579//1 3730//1
f 27//1 3904//1 316//1
f 2991//1 951//1 3640//1
f 4888//1 3437//1 3436//1
f 2502//1 1249//1 1251//1
f 2408//1 1742//1 4359//1
f 1670//1 2664//1 1671//1
f 1447//1 2302//1 3585//1
f 3973//1 3974//1 4830//1
f 2913//1 4497//1 1505//1
f 766//1 4317//1 1884//1
f 4875//1 2518//1 4295//1
f 2487//1 2486//1 925//1
f 1495//1 3920//1 2076//1
f 2839//1 2082//1 1637//1
f 4028//1 4027//1 4756//1
f 2757//1 2351//1 2902//1
f 3524//1 3526//1 2011//1
f 943//1 942//1 4706//1
f 4304//1 2882//1 2094//1
f 1569//1 1554//1 1567//1
f 2435//1 4319//1 2677//1
f 1901//1 2581//1 1902//1
f 2075//1 3803//1 558//1
f 1251//1 1250//1 4466//1
f 4383//1 4245//1 2042//1
f 597//1 987//1 1767//1
f 3151//1 1029//1 3782//1
f 3404//1 807//1 2371//1
f 1848//1 1850//1 3575//1
f 2949//1 3742//1 3063//1
f 1070//1 3971//1 2658//1
f 2002//1 4209//1 183//1
f 1555//1 1554//1 2270//1
f 1944//1 2317//1 4280//1
f 1201//1 798//1 797//1
f 1646//1 2238//1 886//1
f 869//1 868//1 2407//1
f 1466//1 2850//1 3260//1
f 1200//1 937//1 939//1
f 1424//1 4344//1 1979//1
f 3569//1 3736//1 3567//1
f 4731//1 1547//1 4732//1
f 319//1 321//1 1585//1
f 3267//1 4308//1 4225//1
f 3830//1 4992//1 822//1
f 2112//1 2114//1 1329//1
f 225//1 4128//1 4094//1
f 815//1 4696//1 2715//1
f 3655//1 3783//1 1284//1
f 4776//1 1001//1 4193//1
f 743//1 3505//1 3504//1
f 589//1 710//1 1087//1
f 2876//1 4530//1 1575//1
f 3308//1 4091//1 4787//1
f 4399//1 677//1 4400//1
f 2726//1 2979//1 163//1
f 278//1 1541//1 2764//1
f 4946//1 4581//1 3106//1
f 1806//1 4816//1 4669//1
f 1695//1 728//1 326//1
f 4920//1 3484//1 1676//1
f 1268//1 1270//1 4905//1
f 2545//1 620//1 272//1
f 1721//1 4557//1 706//1
f 1183//1 3949//1 3244//1
f 201//1 3102//1 2164//1
f 2642//1 2643//1 4214//1
f 2683//1 831//1 4850//1
f 2639//1 4079//1 1857//1
f 4067//1 4479//1 4126//1
f 1642//1 4846//1 1322//1
f 191//1 3546//1 4605//1
f 1217//1 1284//1 1283//1
f 519//1 518//1 2563//1
f 4586//1 3721//1 4463//1
f 4460//1 3901//1 3900//1
f 4989//1 607//1 269//1
f 2117//1 3042//1 3510//1
f 1982//1 3684//1 4532//1
f 112//1 111//1 4884//1
f 3240//1 2251//1 3426//1
f 3218//1 3463//1 4811//1
f 4402//1 3903//1 4403//1
f 229//1 228//1 1443//1
f 2496//1 2671//1 2670//1
f 4993//1 4855//1 2620//1
f 3152//1 617//1 619//1
f 1685//1 2629//1 3854//1
f 683//1 682//1 3689//1
f 3146//1 679//1 678//1
f 3145//1 1783//1 1782//1
f 1603//1 4277//1 2277//1
f 1937//1 2394//1 392//1
f 2435//1 720//1 4319//1
f 12//1 4595//1 1940//1
f 261//1 778//1 3278//1
f 2988//1 4706//1 3473//1
f 3144//1 2365//1 908//1
f 408//1 1928//1 3964//1
f 323//1 4643//1 324//1
f 4400//1 677//1 4544//1
f 2230//1 827//1 2231//1
f 4147//1 2575//1 2574//1
f 4728//1 1594//1 3510//1
f 909//1 3193//1 3094//1
f 640//1 639//1 927//1
f 1550//1 1720//1 1588//1
f 2649//1 2648//1 4547//1
f 405//1 1883//1 684//1
f 4374//1 190//1 4069//1
f 3810//1 2119//1 3813//1
f 4429//1 180//1 174//1
f 4628//1 2068//1 1979//1
f 4440//1 2904//1 2906//1
f 3667//1 1094//1 1093//1
f 2231//1 3634//1 3633//1
f 1178//1 272//1 4332//1
f 3455//1 1077//1 1076//1
f 4383//1 2043//1 1896//1
f 1319//1 3975//1 1320//1
f 3017//1 3662//1 3661//1
f 3668//1 4803//1 4707//1
f 3328//1 1742//1 868//1
f 708//1 707//1 1339//1
f 2055//1 3481//1 3482//1
f 4862//1 643//1 459//1
f 4132//1 2547//1 4131//1
f 3409//1 1351//1 4916//1
f 3169//1 4172//1 325//1
f 1959//1 554//1 711//1
f 1734//1 1910//1 4921//1
f 3179//1 2883//1 1974//1
f 4232//1 2153//1 3417//1
f 531//1 589//1 2827//1
f 188//1 1891//1 189//1
f 2476//1 1628//1 2477//1
f 193//1 362//1 4926//1
f 3918//1 1124//1 1123//1
f 2750//1 4627//1 4985//1
f 3349//1 3348//1 3220//1
f 4045//1 3181//1 97//1
f 4081//1 3548//1 3547//1
f 3449//1 792//1 3824//1
f 3430//1 266//1 2916//1
f 2154//1 2675//1 2038//1
f 2369//1 251//1 2324//1
f 4579//1 3390//1 1171//1
f 2655//1 2657//1 1213//1
f 1140//1 4703//1 3946//1
f 1142//1 2915//1 4703//1
f 3635//1 4861//1 810//1
f 3516//1 3143//1 3627//1
f 978//1 977//1 3967//1
f 3945//1 4276//1 3940//1
f 3704//1 4425//1 4979//1
f 538//1 4655//1 539//1
f 4148//1 3923//1 3925//1
f 3036//1 1965//1 1964//1
f 4962//1 1941//1 4752//1
f 1006//1 2973//1 1007//1
f 1312//1 4136//1 1310//1
f 578//1 580//1 983//1
f 4517//1 4894//1 322//1
f 3242//1 562//1 561//1
f 4433//1 557//1 2517//1
f 4458//1 4891//1 4459//1
f 3995//1 2584//1 4800//1
f 4480//1 4531//1 3101//1
f 2940//1 4602//1 661//1
f 2305//1 1928//1 194//1
f 3001//1 1282//1 3446//1
f 4405//1 1396//1 102//1
f 4705//1 1419//1 3974//1
f 2317//1 2319//1 4281//1
f 1566//1 1565//1 3514//1
f 2615//1 4784//1 3240//1
f 3208//1 193//1 4926//1
f 4807//1 4453//1 300//1
f 2078//1 2384//1 2079//1
f 4102//1 4104//1 1111//1
f 4752//1 3981//1 2740//1
f 3999//1 4040//1 796//1
f 922//1 4925//1 1272//1
f 1729//1 3423//1 2061//1
f 881//1 4973//1 4794//1
f 1513//1 1512//1 4569//1
f 976//1 4187//1 1298//1
f 2855//1 2194//1 4038//1
f 4442//1 4017//1 4930//1
f 702//1 1515//1 3614//1
f 2752//1 2751//1 2260//1
f 1625//1 1624//1 3244//1
f 4578//1 2142//1 2681//1
f 2511//1 4163//1 2509//1
f 2122//1 4510//1 4509//1
f 3470//1 2737//1 2787//1
f 3343//1 3622//1 3160//1
f 4573//1 2323//1 4515//1
f 3579//1 4455//1 3580//1
f 1811//1 2431//1 2097//1
f 1174//1 1173//1 4689//1
f 1749//1 3196//1 396//1
f 724//1 1419//1 4705//1
f 820//1 3634//1 2231//1
f 2595//1 968//1 1285//1
f 1831//1 4421//1 1832//1
f 4853//1 511//1 958//1
f 1874//1 2922//1 4519//1
f 2666//1 2713//1 436//1
f 3146//1 1900//1 4812//1
f 1284//1 3783//1 1282//1
f 1985//1 1984//1 2151//1
f 56//1 2060//1 2062//1
f 1217//1 1283//1 2857//1
f 1188//1 885//1 1189//1
f 1083//1 1082//1 4213//1
f 2953//1 3800//1 2516//1
f 2099//1 2962//1 2098//1
f 2599//1 1430//1 2600//1
f 1291//1 2824//1 1289//1
f 2253//1 1176//1 1175//1
f 2474//1 1880//1 3688//1
f 2694//1 3917//1 1246//1
f 4896//1 2114//1 4659//1
f 1//1 4083//1 4759//1
f 4642//1 2057//1 2059//1
f 4825//1 4693//1 4992//1
f 4514//1 1246//1 2463//1
f 2844//1 3809//1 4721//1
f 2169//1 3748//1 2170//1
f 3868//1 3159//1 1352//1
f 4070//1 2842//1 3722//1
f 983//1 982//1 2309//1
f 3968//1 2302//1 1489//1
f 3581//1 3922//1 2602//1
f 2689//1 4824//1 4949//1
f 3651//1 331//1 2354//1
f 4647//1 2481//1 2482//1
f 2551//1 2550//1 4975//1
f 4464//1 4250//1 4188//1
f 4581//1 4580//1 3106//1
f 3855//1 4858//1 3412//1
f 4992//1 2361//1 3729//1
f 2555//1 178//1 4649//1
f 3400//1 2710//1 4893//1
f 4608//1 4237//1 4958//1
f 1737//1 3821//1 3231//1
f 2222//1 3517//1 2223//1
f 2923//1 2438//1 1186//1
f 4389//1 118//1 117//1
f 4811//1 3609//1 3218//1
f 1032//1 1031//1 3943//1
f 3977//1 3681//1 3976//1
f 3617//1 4587//1 1740//1
f 4701//1 2345//1 184//1
f 51//1 3912//1 594//1
f 2504//1 2503//1 2534//1
f 137//1 4473//1 2204//1
f 1175//1 65//1 67//1
f 1694//1 1695//1 4964//1
f 2217//1 4902//1 816//1
f 4916//1 2374//1 4528//1
f 2140//1 4578//1 151//1
f 372//1 4959//1 373//1
f 4624//1 2778//1 114//1
f 4681//1 381//1 1049//1
f 4891//1 3493//1 2415//1
f 1846//1 3654//1 24//1
f 239//1 224//1 3011//1
f 2703//1 3000//1 1485//1
f 1644//1 3624//1 3623//1
f 1033//1 1035//1 3687//1
f 534//1 4625//1 535//1
f 2786//1 3470//1 2787//1
f 1104//1 1105//1 3898//1
f 3234//1 889//1 4890//1
f 2693//1 2692//1 1422//1
f 40//1 1586//1 42//1
f 1780//1 3431//1 3430//1
f 1417//1 1673//1 4868//1
f 4759//1 4083//1 3842//1
f 1157//1 3661//1 2458//1
f 4768//1 349//1 2429//1
f 443//1 1166//1 3838//1
f 2871//1 4369//1 4747//1
f 4094//1 4156//1 4093//1
f 2210//1 1814//1 3471//1
f 4294//1 4524//1 3840//1
f 3472//1 4928//1 4604//1
f 460//1 2866//1 2609//1
f 2590//1 4702//1 1638//1
f 4360//1 4248//1 4164//1
f 2164//1 4559//1 3073//1
f 736//1 738//1 4750//1
f 970//1 1341//1 691//1
f 2434//1 4079//1 2639//1
f 3733//1 3732//1 4231//1
f 256//1 4862//1 459//1
f 2660//1 2659//1 1079//1
f 4559//1 1116//1 3073//1
f 2879//1 3265//1 1310//1
f 190//1 189//1 4068//1
f 4994//1 2023//1 3667//1
f 616//1 365//1 364//1
f 1917//1 4198//1 4197//1
f 291//1 4288//1 3902//1
f 2042//1 2043//1 4383//1
f 3198//1 764//1 763//1
f 2970//1 4422//1 2447//1
f 1893//1 1788//1 1830//1
f 1229//1 20//1 2234//1
f 4926//1 362//1 4769//1
f 2092//1 4858//1 2093//1
f 1334//1 3825//1 1335//1
f 3563//1 4842//1 2796//1
f 495//1 1932//1 496//1
f 3442//1 4970//1 3767//1
f 338//1 9//1 3759//1
f 2655//1 2918//1 3181//1
f 1466//1 198//1 2850//1
f 2240//1 4716//1 1315//1
f 2135//1 3500//1 3852//1
f 1044//1 4990//1 2037//1
f 4985//1 197//1 4835//1
f 2537//1 488//1 4153//1
f 491//1 2685//1 3366//1
f 2009//1 2011//1 3629//1
f 4063//1 744//1 480//1
f 3829//1 3548//1 4081//1
f 2063//1 4217//1 3142//1
f 2162//1 1962//1 2096//1
f 1755//1 3257//1 1920//1
f 2678//1 4810//1 1281//1
f 3023//1 1722//1 3393//1
f 1853//1 233//1 235//1
f 3070//1 3051//1 3052//1
f 4877//1 4398//1 3930//1
f 3390//1 3154//1 1725//1
f 267//1 786//1 785//1
f 4000//1 786//1 3118//1
f 4986//1 4719//1 625//1
f 3386//1 2905//1 4730//1
f 2745//1 71//1 4329//1
f 4689//1 1173//1 4007//1
f 1999//1 1513//1 2000//1
f 2708//1 4849//1 1606//1
f 1229//1 765//1 1230//1
f 2071//1 4152//1 3097//1
f 4485//1 664//1 666//1
f 3866//1 1048//1 3513//1
f 2899//1 1012//1 840//1
f 4968//1 4133//1 170//1
f 4656//1 1677//1 2871//1
f 4103//1 4632//1 4104//1
f 2333//1 4765//1 1917//1
f 4213//1 4498//1 1083//1
f 1756//1 4507//1 4500//1
f 1137//1 3226//1 2089//1
f 2340//1 259//1 3313//1
f 88//1 4316//1 86//1
f 4654//1 1385//1 4363//1
f 4807//1 3445//1 3444//1
f 1928//1 408//1 2001//1
f 2888//1 4460//1 1374//1
f 4370//1 3022//1 3023//1
f 944//1 4768//1 2429//1
f 3086//1 3460//1 4709//1
f 2718//1 3514//1 1425//1
f 1837//1 3607//1 3635//1
f 990//1 2136//1 4410//1
f 2555//1 2875//1 3646//1
f 3485//1 234//1 233//1
f 940//1 941//1 1707//1
f 3561//1 766//1 1884//1
f 4235//1 4928//1 3472//1
f 3679//1 414//1 242//1
f 4524//1 3497//1 4326//1
f 3178//1 2543//1 3948//1
f 3666//1 2009//1 3629//1
f 2862//1 2861//1 3773//1
f 290//1 289//1 3005//1
f 873//1 3654//1 3467//1
f 4094//1 4128//1 2821//1
f 125//1 3973//1 4584//1
f 4697//1 4109//1 2274//1
f 1649//1 2780//1 1647//1
f 50//1 4817//1 4375//1
f 4443//1 4298//1 4907//1
f 59//1 839//1 4627//1
f 2077//1 2024//1 2078//1
f 4173//1 4338//1 149//1
f 4954//1 4868//1 4827//1
f 4735//1 4408//1 4734//1
f 4885//1 1033//1 4165//1
f 4503//1 4837//1 3656//1
f 4483//1 3853//1 2925//1
f 2831//1 161//1 3755//1
f 2803//1 2579//1 1692//1
f 1511//1 1510//1 2298//1
f 4113//1 3061//1 2817//1
f 1996//1 827//1 829//1
f 4774//1 4976//1 1720//1
f 4487//1 3126//1 4486//1
f 4098//1 3206//1 4839//1
f 2042//1 4244//1 4155//1
f 4246//1 4245//1 4488//1
f 2261//1 2794//1 2788//1
f 3433//1 413//1 377//1
f 4499//1 283//1 1608//1
f 2805//1 3238//1 995//1
f 4391//1 4726//1 4381//1
f 2907//1 662//1 4602//1
f 3817//1 403//1 402//1
f 2881//1 3263//1 3265//1
f 2550//1 3851//1 4975//1
f 2409//1 924//1 2232//1
f 3987//1 3162//1 777//1
f 942//1 944//1 4673//1
f 688//1 687//1 1262//1
f 660//1 218//1 3418//1
f 2445//1 2447//1 4422//1
f 4983//1 1269//1 1268//1
f 3475//1 539//1 2981//1
f 1227//1 3906//1 2391//1
f 1361//1 2710//1 1362//1
f 1152//1 1132//1 4215//1
f 197//1 199//1 4835//1
f 3535//1 3095//1 4520//1
f 1980//1 1979//1 2068//1
f 2366//1 3314//1 3465//1
f 2526//1 4108//1 2527//1
f 3312//1 3311//1 4120//1
f 4953//1 3272//1 3451//1
f 756//1 768//1 767//1
f 1110//1 1109//1 3335//1
f 1692//1 4260//1 13//1
f 3866//1 1002//1 1004//1
f 4120//1 4077//1 3479//1
f 4060//1 1750//1 1705//1
f 855//1 4117//1 4777//1
f 4479//1 4067//1 3329//1
f 4443//1 2691//1 2887//1
f 1735//1 1737//1 4154//1
f 207//1 4372//1 208//1
f 4932//1 1809//1 1811//1
f 4139//1 4138//1 913//1
f 2963//1 2962//1 2099//1
f 2058//1 4751//1 2059//1
f 4980//1 2189//1 544//1
f 4383//1 4382//1 4245//1
f 4671//1 930//1 3439//1
f 4719//1 4318//1 2227//1
f 2823//1 2544//1 1376//1
f 4467//1 2891//1 1543//1
f 4432//1 3198//1 3200//1
f 3199//1 4609//1 3062//1
f 4597//1 2990//1 1745//1
f 4496//1 4334//1 1303//1
f 2448//1 2449//1 3857//1
f 3103//1 2863//1 2862//1
f 4343//1 1193//1 1163//1
f 2399//1 1929//1 2966//1
f 1689//1 2039//1 2041//1
f 2171//1 4457//1 2258//1
f 131//1 1062//1 132//1
f 1678//1 1092//1 1094//1
f 2400//1 2966//1 880//1
f 1440//1 3358//1 716//1
f 3097//1 4152//1 2005//1
f 1083//1 4498//1 3158//1
f 3259//1 1969//1 1470//1
f 983//1 2309//1 578//1
f 3800//1 379//1 2516//1
f 3579//1 4639//1 3321//1
f 3300//1 4359//1 4548//1
f 4445//1 985//1 987//1
f 3096//1 705//1 2128//1
f 3525//1 3865//1 4845//1
f 2782//1 3335//1 1109//1
f 1060//1 3577//1 3576//1
f 3549//1 4293//1 162//1
f 4096//1 4848//1 4972//1
f 1081//1 3229//1 1082//1
f 4124//1 1079//1 1078//1
f 1701//1 1700//1 1289//1
f 2813//1 4960//1 722//1
f 3601//1 4607//1 252//1
f 3274//1 3425//1 3645//1
f 4549//1 4450//1 4263//1
f 4605//1 1981//1 801//1
f 4342//1 1316//1 3605//1
f 1842//1 4457//1 2133//1
f 4451//1 4995//1 4570//1
f 3293//1 1782//1 1781//1
f 2574//1 2576//1 4021//1
f 4472//1 521//1 520//1
f 423//1 3414//1 564//1
f 2864//1 3538//1 1598//1
f 4029//1 4994//1 1135//1
f 1125//1 4967//1 1123//1
f 4221//1 551//1 550//1
f 2482//1 3942//1 3941//1
f 4277//1 1603//1 1605//1
f 4722//1 4491//1 4546//1
f 2926//1 1197//1 4056//1
f 3583//1 485//1 487//1
f 1534//1 2032//1 2034//1
f 4162//1 857//1 856//1
f 1339//1 1338//1 3551//1
f 4704//1 3506//1 1024//1
f 432//1 2648//1 1553//1
f 2879//1 2881//1 3265//1
f 2262//1 3294//1 2263//1
f 4589//1 4040//1 4039//1
f 1170//1 2172//1 151//1
f 3654//1 873//1 3092//1
f 733//1 4081//1 3748//1
f 2660//1 1079//1 4717//1
f 1143//1 4100//1 4143//1
f 1699//1 1701//1 2806//1
f 2857//1 4963//1 2856//1
f 2113//1 2588//1 2114//1
f 4701//1 183//1 4889//1
f 3758//1 4718//1 1314//1
f 1435//1 1261//1 1309//1
f 4505//1 4299//1 4924//1
f 352//1 2572//1 353//1
f 1580//1 4258//1 1581//1
f 822//1 4992//1 3729//1
f 1280//1 1279//1 1752//1
f 4818//1 2362//1 4170//1
f 4803//1 4806//1 4802//1
f 479//1 3788//1 719//1
f 3270//1 1206//1 2608//1
f 4142//1 2241//1 4366//1
f 395//1 364//1 1147//1
f 591//1 2250//1 4556//1
f 3572//1 4504//1 3437//1
f 295//1 2557//1 4813//1
f 3702//1 3704//1 4670//1
f 9//1 8//1 4253//1
f 939//1 4277//1 1605//1
f 426//1 4900//1 427//1
f 4531//1 2868//1 605//1
f 552//1 1797//1 2641//1
f 4504//1 2066//1 3543//1
f 2566//1 673//1 4956//1
f 3198//1 4135//1 3199//1
f 4841//1 1240//1 4172//1
f 1521//1 2948//1 1233//1
f 2665//1 1743//1 2814//1
f 1370//1 853//1 3750//1
f 1680//1 3328//1 3327//1
f 2619//1 2987//1 4993//1
f 2529//1 2055//1 387//1
f 4011//1 4044//1 4517//1
f 2936//1 3268//1 4229//1
f 3174//1 3176//1 1274//1
f 302//1 3123//1 2953//1
f 4441//1 3534//1 1713//1
f 2264//1 4468//1 4050//1
f 1867//1 4929//1 2514//1
f 4891//1 2414//1 4459//1
f 1161//1 4449//1 4015//1
f 4724//1 2480//1 1244//1
f 4695//1 4946//1 4923//1
f 3666//1 2705//1 1885//1
f 3938//1 2967//1 3939//1
f 3859//1 4557//1 3395//1
f 2603//1 2605//1 2845//1
f 4907//1 1911//1 1913//1
f 4742//1 3502//1 2534//1
f 772//1 771//1 4789//1
f 1366//1 1558//1 2200//1
f 3969//1 3085//1 2326//1
f 522//1 2894//1 2765//1
f 1933//1 3255//1 4788//1
f 3426//1 3428//1 2615//1
f 2388//1 1037//1 1036//1
f 185//1 187//1 4877//1
f 297//1 2759//1 295//1
f 2472//1 842//1 2473//1
f 4844//1 3545//1 1409//1
f 877//1 322//1 324//1
f 3936//1 986//1 3500//1
f 4944//1 1353//1 3159//1
f 3506//1 4475//1 1024//1
f 1689//1 2041//1 4240//1
f 1518//1 3052//1 4950//1
f 3260//1 3261//1 3298//1
f 2234//1 2233//1 1229//1
f 962//1 961//1 1176//1
f 2991//1 4466//1 1250//1
f 3873//1 3508//1 2993//1
f 2490//1 1538//1 2835//1
f 3201//1 3711//1 2283//1
f 2876//1 1461//1 2373//1
f 743//1 4055//1 3505//1
f 2468//1 3516//1 3627//1
f 2434//1 2433//1 804//1
f 2914//1 444//1 4216//1
f 3980//1 1365//1 4805//1
f 2390//1 2549//1 3765//1
f 3804//1 587//1 4406//1
f 3816//1 3815//1 2873//1
f 3332//1 4426//1 3333//1
f 1135//1 3667//1 4646//1
f 890//1 3236//1 1641//1
f 955//1 3477//1 1990//1
f 4666//1 4996//1 4918//1
f 2339//1 1670//1 3534//1
f 4836//1 3565//1 3976//1
f 3536//1 4484//1 4542//1
f 352//1 3986//1 2201//1
f 170//1 3612//1 1063//1
f 360//1 2270//1 361//1
f 3806//1 2972//1 3804//1
f 4207//1 1804//1 1803//1
f 196//1 3983//1 371//1
f 4630//1 4681//1 4679//1
f 3324//1 3245//1 501//1
f 2821//1 4252//1 429//1
f 3723//1 3736//1 3569//1
f 994//1 996//1 1779//1
f 103//1 4214//1 4664//1
f 3700//1 4//1 6//1
f 2407//1 4233//1 869//1
f 4504//1 3571//1 2066//1
f 3075//1 956//1 3121//1
f 2119//1 2513//1 2118//1
f 717//1 2738//1 715//1
f 2035//1 1306//1 3209//1
f 841//1 1696//1 3261//1
f 2274//1 3010//1 4255//1
f 2749//1 4039//1 1921//1
f 2876//1 2877//1 1461//1
f 3947//1 1744//1 1702//1
f 3861//1 4610//1 1522//1
f 4720//1 2092//1 2091//1
f 1135//1 4994//1 3667//1
f 1165//1 611//1 2030//1
f 4797//1 2976//1 3698//1
f 3421//1 2185//1 4781//1
f 448//1 2746//1 3222//1
f 4650//1 4946//1 3106//1
f 3716//1 4500//1 1576//1
f 1512//1 4994//1 4029//1
f 1033//1 3687//1 4165//1
f 3855//1 401//1 4858//1
f 3805//1 3804//1 4735//1
f 4964//1 1695//1 4040//1
f 1812//1 1813//1 2437//1
f 4201//1 4919//1 4025//1
f 861//1 4618//1 319//1
f 104//1 106//1 1807//1
f 835//1 4530//1 2372//1
f 4406//1 4408//1 4735//1
f 2717//1 674//1 673//1
f 899//1 4335//1 703//1
f 4470//1 1457//1 4469//1
f 4007//1 1173//1 1110//1
f 3858//1 3617//1 3147//1
f 2835//1 1538//1 2662//1
f 3251//1 945//1 947//1
f 2668//1 806//1 3007//1
f 517//1 2102//1 518//1
f 510//1 412//1 413//1
f 3148//1 4278//1 1523//1
f 1599//1 3539//1 751//1
f 3787//1 4884//1 4879//1
f 2003//1 4864//1 2196//1
f 2809//1 4916//1 4528//1
f 79//1 2499//1 4545//1
f 1292//1 3288//1 4895//1
f 4402//1 4997//1 3903//1
f 852//1 666//1 3071//1
f 1975//1 3362//1 4424//1
f 1254//1 4390//1 4854//1
f 4921//1 3475//1 3474//1
f 1158//1 1280//1 4798//1
f 746//1 2825//1 223//1
f 2193//1 4368//1 1616//1
f 6//1 4967//1 3700//1
f 86//1 3270//1 2608//1
f 272//1 271//1 4332//1
f 4344//1 3606//1 700//1
f 2402//1 2570//1 1238//1
f 4844//1 3176//1 3545//1
f 4576//1 3777//1 4577//1
f 1420//1 4274//1 1421//1
f 3413//1 825//1 2211//1
f 1217//1 1559//1 3655//1
f 193//1 192//1 362//1
f 1794//1 67//1 66//1
f 1577//1 2641//1 4521//1
f 64//1 4997//1 62//1
f 606//1 2868//1 2997//1
f 3707//1 3708//1 955//1
f 1490//1 3188//1 1629//1
f 1394//1 1396//1 4405//1
f 181//1 1501//1 1985//1
f 849//1 222//1 3325//1
f 3281//1 4987//1 2971//1
f 3986//1 2200//1 2201//1
f 2543//1 4742//1 4567//1
f 10//1 12//1 421//1
f 4418//1 2796//1 2795//1
f 575//1 497//1 4184//1
f 4859//1 4388//1 4860//1
f 4694//1 4693//1 4825//1
f 2026//1 4763//1 2027//1
f 754//1 561//1 4910//1
f 3377//1 988//1 989//1
f 1963//1 552//1 554//1
f 51//1 594//1 3107//1
f 4167//1 899//1 703//1
f 3575//1 2435//1 3576//1
f 4399//1 2970//1 677//1
f 1267//1 3737//1 4648//1
f 2028//1 2206//1 2026//1
f 2291//1 1007//1 1313//1
f 4703//1 4147//1 2574//1
f 3242//1 4394//1 1273//1
f 4061//1 3757//1 206//1
f 2410//1 2132//1 476//1
f 2985//1 2309//1 2986//1
f 3595//1 2938//1 3046//1
f 2464//1 2948//1 1520//1
f 4191//1 216//1 215//1
f 3244//1 3243//1 4634//1
f 2274//1 4255//1 2275//1
f 1484//1 4699//1 1196//1
f 138//1 3813//1 139//1
f 321//1 320//1 611//1
f 4790//1 2940//1 2600//1
f 370//1 1590//1 368//1
f 79//1 1434//1 2500//1
f 1385//1 1384//1 4364//1
f 1924//1 1023//1 1022//1
f 3424//1 3645//1 3425//1
f 2996//1 2995//1 249//1
f 2779//1 990//1 4410//1
f 2651//1 4256//1 294//1
f 4751//1 1873//1 4367//1
f 2212//1 825//1 2268//1
f 4541//1 3459//1 1463//1
f 4745//1 4898//1 1888//1
f 2222//1 505//1 504//1
f 4745//1 4513//1 462//1
f 362//1 179//1 4003//1
f 3951//1 212//1 214//1
f 998//1 918//1 917//1
f 2607//1 4831//1 87//1
f 3690//1 3863//1 123//1
f 4555//1 1771//1 1773//1
f 3272//1 2535//1 2267//1
f 4007//1 1110//1 3335//1
f 4308//1 1434//1 78//1
f 3805//1 1714//1 3806//1
f 439//1 202//1 440//1
f 4953//1 3764//1 4131//1
f 4592//1 1950//1 713//1
f 2657//1 3098//1 1213//1
f 4008//1 982//1 3638//1
f 925//1 2486//1 2599//1
f 349//1 3581//1 2602//1
f 3020//1 3019//1 1805//1
f 4606//1 864//1 879//1
f 3152//1 619//1 3215//1
f 1332//1 1331//1 4486//1
f 3527//1 4057//1 3727//1
f 4924//1 4174//1 4176//1
f 2056//1 4644//1 1219//1
f 2986//1 3680//1 3682//1
f 190//1 4068//1 4069//1
f 3370//1 3369//1 3555//1
f 2258//1 4457//1 1218//1
f 4973//1 1653//1 2132//1
f 4761//1 4831//1 1155//1
f 1958//1 4620//1 2387//1
f 1578//1 4966//1 1579//1
f 4328//1 1473//1 4639//1
f 3487//1 4317//1 2498//1
f 840//1 4434//1 1696//1
f 4801//1 4256//1 2651//1
f 4288//1 340//1 339//1
f 2507//1 4023//1 4908//1
f 3183//1 4711//1 3184//1
f 3601//1 1438//1 4607//1
f 4137//1 1371//1 4415//1
f 2646//1 3539//1 2647//1
f 706//1 4557//1 707//1
f 2539//1 3531//1 2540//1
f 4//1 3701//1 1184//1
f 1770//1 1769//1 3410//1
f 96//1 95//1 2126//1
f 1709//1 1967//1 2369//1
f 3932//1 2863//1 3104//1
f 3828//1 1889//1 4898//1
f 4210//1 4329//1 71//1
f 2633//1 4414//1 477//1
f 4726//1 4382//1 4381//1
f 3562//1 4404//1 4938//1
f 4631//1 4921//1 2695//1
f 228//1 49//1 1443//1
f 76//1 2566//1 4956//1
f 3964//1 2305//1 2307//1
f 2457//1 4223//1 1849//1
f 3816//1 3518//1 1391//1
f 2395//1 2397//1 4716//1
f 2364//1 3836//1 4296//1
f 2108//1 2847//1 894//1
f 3483//1 3626//1 2593//1
f 2401//1 4888//1 2402//1
f 1722//1 4678//1 3393//1
f 560//1 4560//1 558//1
f 2697//1 748//1 53//1
f 2684//1 2683//1 4109//1
f 3955//1 2903//1 3956//1
f 1537//1 1321//1 2662//1
f 2804//1 3693//1 3237//1
f 2871//1 2022//1 4369//1
f 3268//1 3267//1 4227//1
f 556//1 2469//1 557//1
f 3401//1 2881//1 4882//1
f 4092//1 3594//1 949//1
f 4743//1 330//1 3794//1
f 234//1 2161//1 235//1
f 3316//1 2897//1 2899//1
f 3812//1 4760//1 4301//1
f 1746//1 3227//1 3053//1
f 920//1 919//1 3478//1
f 3737//1 2465//1 4648//1
f 4069//1 4922//1 4373//1
f 2414//1 2416//1 419//1
f 2489//1 2049//1 4210//1
f 2288//1 4568//1 2064//1
f 1702//1 1704//1 1072//1
f 2062//1 4035//1 56//1
f 4953//1 4131//1 598//1
f 1044//1 2037//1 1045//1
f 3372//1 3373//1 4458//1
f 1710//1 2369//1 2181//1
f 2643//1 1658//1 1660//1
f 4675//1 4283//1 4295//1
f 831//1 830//1 2558//1
f 2669//1 1525//1 1256//1
f 4225//1 4227//1 3267//1
f 1724//1 4018//1 2245//1
f 2402//1 4888//1 3960//1
f 146//1 4448//1 147//1
f 2932//1 1867//1 1866//1
f 4581//1 4946//1 4695//1
f 2665//1 1359//1 1301//1
f 809//1 811//1 4852//1
f 2507//1 4908//1 4975//1
f 392//1 2394//1 390//1
f 4535//1 3341//1 3340//1
f 4745//1 1888//1 4513//1
f 3536//1 4167//1 3850//1
f 3878//1 1158//1 3728//1
f 4967//1 6//1 2950//1
f 3713//1 1799//1 2613//1
f 1597//1 261//1 534//1
f 3355//1 4281//1 1509//1
f 1832//1 2724//1 1960//1
f 1319//1 1418//1 723//1
f 1025//1 4937//1 1026//1
f 3990//1 3401//1 4882//1
f 4575//1 4970//1 3541//1
f 2917//1 4432//1 156//1
f 2853//1 1321//1 1537//1
f 1194//1 1946//1 3763//1
f 1483//1 4535//1 3340//1
f 1936//1 3376//1 3173//1
f 3560//1 3899//1 2335//1
f 21//1 1230//1 914//1
f 1787//1 627//1 3306//1
f 1115//1 2875//1 3014//1
f 1918//1 1917//1 4197//1
f 260//1 4347//1 4874//1
f 848//1 764//1 3129//1
f 4025//1 3005//1 3004//1
f 3845//1 3164//1 1712//1
f 1417//1 4868//1 4954//1
f 2888//1 1128//1 4460//1
f 3545//1 3544//1 286//1
f 482//1 481//1 1191//1
f 1408//1 4428//1 428//1
f 2296//1 4359//1 1742//1
f 4923//1 4651//1 3761//1
f 2934//1 2629//1 1685//1
f 1528//1 1530//1 1764//1
f 1015//1 3675//1 1013//1
f 778//1 2878//1 3489//1
f 2696//1 2627//1 2785//1
f 395//1 1146//1 393//1
f 3500//1 1584//1 453//1
f 2424//1 4778//1 2319//1
f 2538//1 4770//1 2935//1
f 298//1 1787//1 317//1
f 1498//1 115//1 535//1
f 49//1 1179//1 695//1
f 4134//1 4818//1 4170//1
f 896//1 2073//1 1770//1
f 335//1 2462//1 862//1
f 4740//1 4666//1 4122//1
f 4762//1 1550//1 1552//1
f 1414//1 3140//1 4870//1
f 435//1 965//1 966//1
f 2043//1 1297//1 1896//1
f 2516//1 378//1 2818//1
f 3355//1 1509//1 1587//1
f 684//1 2080//1 124//1
f 1422//1 3719//1 2758//1
f 16//1 933//1 3074//1
f 1966//1 2699//1 4346//1
f 2514//1 4323//1 4324//1
f 2388//1 3711//1 2389//1
f 2192//1 2141//1 4368//1
f 1614//1 1613//1 3932//1
f 34//1 3996//1 2177//1
f 4116//1 3749//1 4684//1
f 907//1 1662//1 1663//1
f 79//1 4545//1 77//1
f 1231//1 4331//1 776//1
f 626//1 2227//1 2229//1
f 4986//1 4318//1 4719//1
f 4154//1 2635//1 2634//1
f 1907//1 4016//1 1908//1
f 907//1 909//1 1686//1
f 892//1 1838//1 4470//1
f 3100//1 4518//1 1027//1
f 1665//1 3231//1 3821//1
f 2599//1 2486//1 1430//1
f 3718//1 3880//1 1112//1
f 552//1 1963//1 1797//1
f 1167//1 1169//1 3117//1
f 3471//1 1814//1 1051//1
f 92//1 399//1 93//1
f 4665//1 3180//1 1973//1
f 2972//1 2846//1 587//1
f 4987//1 3154//1 2248//1
f 3683//1 2065//1 4177//1
f 2500//1 1413//1 2498//1
f 3279//1 3256//1 4625//1
f 1154//1 1153//1 2261//1
f 3346//1 3068//1 1888//1
f 1158//1 4798//1 1159//1
f 2532//1 2306//1 2305//1
f 466//1 465//1 4430//1
f 3722//1 648//1 2157//1
f 395//1 615//1 364//1
f 3055//1 3869//1 3056//1
f 4958//1 1405//1 1160//1
f 3216//1 3215//1 4291//1
f 3137//1 4998//1 4852//1
f 4494//1 4495//1 781//1
f 4753//1 4917//1 1740//1
f 3431//1 1780//1 1779//1
f 4882//1 2881//1 2880//1
f 4915//1 3485//1 233//1
f 3568//1 3567//1 4384//1
f 4694//1 1021//1 1625//1
f 3010//1 69//1 4255//1
f 1540//1 2046//1 2764//1
f 4173//1 1738//1 1739//1
f 985//1 2925//1 986//1
f 1277//1 2798//1 1369//1
f 1324//1 3496//1 1092//1
f 3681//1 2443//1 3440//1
f 1622//1 281//1 152//1
f 2967//1 3303//1 3939//1
f 3651//1 3341//1 3652//1
f 2155//1 2038//1 2037//1
f 4943//1 2513//1 2512//1
f 3574//1 254//1 1539//1
f 592//1 4573//1 590//1
f 4019//1 4020//1 1817//1
f 2758//1 2351//1 2757//1
f 2617//1 3478//1 919//1
f 678//1 110//1 2321//1
f 641//1 2278//1 642//1
f 1655//1 4780//1 1656//1
f 1904//1 97//1 96//1
f 490//1 489//1 4914//1
f 3041//1 473//1 4151//1
f 1923//1 4028//1 2749//1
f 2175//1 3738//1 2173//1
f 1679//1 4560//1 560//1
f 4101//1 1235//1 1237//1
f 1541//1 277//1 4346//1
f 4782//1 4433//1 3320//1
f 2766//1 1829//1 749//1
f 1296//1 1703//1 1744//1
f 2939//1 2938//1 3595//1
f 2036//1 1452//1 3611//1
f 3076//1 655//1 3077//1
f 4712//1 381//1 4681//1
f 1570//1 1572//1 3015//1
f 975//1 974//1 2330//1
f 3857//1 2449//1 2102//1
f 766//1 2628//1 4317//1
f 1767//1 987//1 1765//1
f 4991//1 4356//1 3250//1
f 4608//1 1086//1 1085//1
f 4489//1 3080//1 4163//1
f 1714//1 3280//1 3806//1
f 749//1 1829//1 1828//1
f 3561//1 2335//1 105//1
f 4395//1 1610//1 4792//1
f 1786//1 300//1 4453//1
f 2003//1 4152//1 4864//1
f 2645//1 4951//1 2644//1
f 2327//1 2329//1 3683//1
f 4076//1 2753//1 2297//1
f 391//1 4911//1 3811//1
f 1204//1 3625//1 4115//1
f 780//1 779//1 4624//1
f 4869//1 528//1 4999//1
f 4139//1 913//1 915//1
f 1458//1 1840//1 4435//1
f 1532//1 2320//1 2321//1
f 4311//1 858//1 3301//1
f 2762//1 3387//1 4247//1
f 2211//1 3308//1 3631//1
f 4951//1 2562//1 3020//1
f 104//1 1808//1 2627//1
f 320//1 4617//1 610//1
f 4456//1 2383//1 2385//1
f 4562//1 3469//1 3340//1
f 5//1 3038//1 6//1
f 3134//1 880//1 864//1
f 3933//1 4032//1 3587//1
f 82//1 803//1 80//1
f 757//1 1324//1 1323//1
f 4414//1 4594//1 477//1
f 3456//1 122//1 121//1
f 531//1 2827//1 2826//1
f 185//1 4877//1 3930//1
f 4684//1 886//1 4116//1
f 3256//1 1496//1 4625//1
f 1483//1 3340//1 3469//1
f 2852//1 2241//1 4142//1
f 1830//1 1788//1 433//1
f 432//1 1553//1 1555//1
f 4564//1 2366//1 3464//1
f 1365//1 3699//1 4805//1
f 1312//1 2485//1 745//1
f 3598//1 1259//1 1258//1
f 1386//1 1482//1 1384//1
f 4457//1 2171//1 3309//1
f 4195//1 1218//1 4457//1
f 2268//1 825//1 824//1
f 4206//1 3255//1 4159//1
f 671//1 4126//1 4479//1
f 3370//1 3555//1 3444//1
f 2205//1 3301//1 137//1
f 3109//1 3694//1 1475//1
f 1348//1 1347//1 1081//1
f 2257//1 3368//1 3723//1
f 654//1 236//1 238//1
f 983//1 580//1 984//1
f 2858//1 2329//1 4575//1
f 4316//1 3269//1 3270//1
f 1858//1 4079//1 82//1
f 2068//1 4628//1 2462//1
f 4051//1 66//1 4497//1
f 3910//1 2959//1 1185//1
f 3912//1 3911//1 4922//1
f 2612//1 4229//1 2613//1
f 4346//1 1539//1 1541//1
f 4084//1 44//1 4572//1
f 1657//1 2034//1 2033//1
f 708//1 4965//1 4677//1
f 1215//1 1217//1 2857//1
f 3275//1 4312//1 3454//1
f 1226//1 4483//1 2688//1
f 4856//1 203//1 3185//1
f 1184//1 3701//1 1182//1
f 1661//1 551//1 4833//1
f 523//1 1991//1 4899//1
f 1280//1 1158//1 3878//1
f 4507//1 1756//1 1911//1
f 3081//1 4305//1 1527//1
f 2190//1 1366//1 1368//1
f 3878//1 3728//1 2731//1
f 383//1 3204//1 1050//1
f 52//1 2742//1 2741//1
f 3122//1 988//1 3958//1
f 3935//1 4112//1 2880//1
f 981//1 3645//1 3424//1
f 2341//1 3217//1 3219//1
f 976//1 978//1 4187//1
f 2345//1 2344//1 184//1
f 3701//1 1125//1 3031//1
f 3553//1 117//1 405//1
f 4998//1 809//1 4852//1
f 4386//1 4860//1 4389//1
f 3884//1 4770//1 1878//1
f 3137//1 1046//1 1202//1
f 1477//1 2403//1 1758//1
f 4784//1 3415//1 582//1
f 4721//1 3809//1 4887//1
f 4105//1 2780//1 1500//1
f 2524//1 4279//1 4278//1
f 1374//1 1376//1 2889//1
f 3764//1 3881//1 4392//1
f 1334//1 4339//1 3826//1
f 1196//1 4699//1 4822//1
f 3981//1 1249//1 2502//1
f 4962//1 2277//1 1942//1
f 1634//1 4392//1 4042//1
f 4936//1 1771//1 3192//1
f 2465//1 3285//1 4648//1
f 2475//1 2525//1 467//1
f 1193//1 4342//1 1221//1
f 2000//1 2766//1 2001//1
f 2872//1 3149//1 2803//1
f 4489//1 4726//1 3080//1
f 2700//1 107//1 109//1
f 4132//1 3764//1 4392//1
f 1485//1 1487//1 3135//1
f 389//1 2529//1 387//1
f 2982//1 2806//1 2805//1
f 76//1 4956//1 2989//1
f 3305//1 347//1 965//1
f 1704//1 4523//1 1072//1
f 950//1 3594//1 3593//1
f 3546//1 1981//1 4605//1
f 3113//1 3112//1 4253//1
f 1712//1 546//1 4441//1
f 125//1 940//1 3973//1
f 4809//1 3677//1 4491//1
f 3550//1 4476//1 2121//1
f 4967//1 1125//1 3700//1
f 3136//1 3529//1 4998//1
f 853//1 1370//1 854//1
f 4208//1 2176//1 3949//1
f 1150//1 1130//1 1151//1
f 874//1 873//1 3467//1
f 2624//1 3391//1 2163//1
f 4237//1 4608//1 2269//1
f 760//1 2337//1 3980//1
f 4527//1 603//1 2479//1
f 796//1 2156//1 794//1
f 245//1 244//1 3182//1
f 1886//1 1885//1 4805//1
f 3724//1 787//1 3491//1
f 1693//1 13//1 15//1
f 86//1 4316//1 3270//1
f 4436//1 3891//1 1788//1
f 1696//1 3298//1 3261//1
f 4140//1 1861//1 1860//1
f 4045//1 3141//1 3181//1
f 3897//1 2215//1 2715//1
f 411//1 4698//1 409//1
f 3973//1 4830//1 4584//1
f 4569//1 1512//1 4029//1
f 2893//1 3419//1 3588//1
f 3982//1 2533//1 371//1
f 4787//1 3989//1 3990//1
f 1734//1 2376//1 1909//1
f 817//1 4813//1 4365//1
f 398//1 4931//1 4856//1
f 2751//1 2794//1 2261//1
f 4208//1 3367//1 2176//1
f 4188//1 2008//1 4464//1
f 2400//1 3134//1 3133//1
f 4696//1 2713//1 2715//1
f 522//1 2565//1 2894//1
f 223//1 2825//1 221//1
f 4633//1 2709//1 4148//1
f 4621//1 2880//1 2879//1
f 4106//1 2128//1 4107//1
f 2775//1 3669//1 1497//1
f 2363//1 3776//1 4563//1
f 3186//1 396//1 3185//1
f 947//1 4469//1 516//1
f 2286//1 4024//1 1232//1
f 3573//1 1451//1 663//1
f 968//1 967//1 1285//1
f 4585//1 202//1 439//1
f 701//1 1515//1 702//1
f 1528//1 2860//1 2334//1
f 4427//1 3029//1 3522//1
f 4659//1 4653//1 1459//1
f 4632//1 1926//1 2783//1
f 1182//1 3030//1 4208//1
f 2885//1 3922//1 4700//1
f 4408//1 2702//1 4734//1
f 3889//1 1864//1 3008//1
f 2198//1 3985//1 2869//1
f 1401//1 2640//1 1871//1
f 2965//1 4467//1 4495//1
f 4785//1 2840//1 2658//1
f 2276//1 1473//1 4697//1
f 499//1 1437//1 1436//1
f 1736//1 3821//1 1737//1
f 3406//1 3408//1 4748//1
f 866//1 2801//1 2440//1
f 2793//1 2576//1 1898//1
f 1229//1 2233//1 3402//1
f 2216//1 2795//1 2492//1
f 4178//1 4957//1 3197//1
f 4728//1 4714//1 1715//1
f 4672//1 1107//1 4096//1
f 1492//1 3483//1 946//1
f 3232//1 888//1 887//1
f 366//1 2295//1 367//1
f 3230//1 4815//1 4879//1
f 2130//1 1467//1 2131//1
f 1933//1 3170//1 2522//1
f 2860//1 106//1 2334//1
f 352//1 4204//1 3986//1
f 1081//1 1347//1 3229//1
f 1663//1 38//1 571//1
f 1465//1 3379//1 198//1
f 545//1 2615//1 4883//1
f 4090//1 4092//1 949//1
f 4796//1 1758//1 1757//1
f 3899//1 116//1 1155//1
f 4558//1 4014//1 1789//1
f 2649//1 11//1 2673//1
f 3231//1 3311//1 2304//1
f 4887//1 3809//1 4888//1
f 1399//1 2048//1 3658//1
f 2997//1 3338//1 2995//1
f 1454//1 261//1 1597//1
f 4963//1 2530//1 4035//1
f 4401//1 4403//1 2118//1
f 3506//1 3508//1 4475//1
f 3127//1 2823//1 3125//1
f 3623//1 3625//1 1204//1
f 475//1 2488//1 2487//1
f 4053//1 2418//1 4054//1
f 1772//1 1771//1 4936//1
f 3939//1 3303//1 4977//1
f 3672//1 4906//1 4951//1
f 4797//1 4740//1 2976//1
f 76//1 1517//1 74//1
f 1560//1 1561//1 19//1
f 3822//1 4044//1 3823//1
f 4149//1 3925//1 1977//1
f 4595//1 4715//1 4596//1
f 328//1 1008//1 1922//1
f 4979//1 4307//1 3979//1
f 2721//1 793//1 792//1
f 29//1 4376//1 1392//1
f 4026//1 1955//1 4048//1
f 2405//1 3291//1 3559//1
f 3255//1 2093//1 4159//1
f 105//1 766//1 3561//1
f 1307//1 3618//1 1308//1
f 2828//1 1088//1 2588//1
f 347//1 3305//1 2589//1
f 2829//1 1479//1 1751//1
f 3164//1 3059//1 547//1
f 4510//1 4679//1 3820//1
f 2478//1 4175//1 4174//1
f 2809//1 4528//1 2682//1
f 4791//1 4049//1 3445//1
f 4638//1 529//1 4869//1
f 2735//1 3628//1 2736//1
f 1481//1 1386//1 3493//1
f 1754//1 4500//1 3716//1
f 415//1 1651//1 1927//1
f 3128//1 2768//1 4415//1
f 4722//1 520//1 4942//1
f 2997//1 2996//1 1403//1
f 1996//1 2654//1 3004//1
f 2594//1 892//1 4470//1
f 1463//1 1462//1 3523//1
f 3331//1 1077//1 3332//1
f 1448//1 2111//1 3354//1
f 2524//1 4903//1 4279//1
f 3626//1 4890//1 889//1
f 3974//1 3501//1 3375//1
f 4176//1 1328//1 1576//1
f 1152//1 4215//1 1153//1
f 4995//1 4451//1 4988//1
f 4658//1 3892//1 139//1
f 128//1 4052//1 126//1
f 1186//1 1026//1 1187//1
f 4287//1 4873//1 4285//1
f 4207//1 3148//1 1523//1
f 4099//1 2935//1 2144//1
f 1369//1 2798//1 3992//1
f 4423//1 3364//1 1916//1
f 4910//1 563//1 3103//1
f 3354//1 2111//1 3877//1
f 3609//1 3608//1 4826//1
f 1887//1 3889//1 3346//1
f 1847//1 3099//1 3098//1
f 1644//1 1646//1 3624//1
f 1714//1 262//1 3280//1
f 3008//1 2636//1 3346//1
f 4908//1 4087//1 2733//1
f 3155//1 1363//1 793//1
f 2370//1 807//1 806//1
f 2307//1 4121//1 2105//1
f 2815//1 1622//1 1623//1
f 1153//1 843//1 2261//1
f 4918//1 4996//1 2396//1
f 4835//1 199//1 3616//1
f 4274//1 1353//1 4944//1
f 886//1 888//1 4116//1
f 1505//1 4497//1 1506//1
f 4242//1 2946//1 1645//1
f 1433//1 1432//1 3966//1
f 2136//1 990//1 860//1
f 1434//1 1344//1 2500//1
f 3170//1 2587//1 2523//1
f 1841//1 1532//1 1531//1
f 4436//1 1318//1 3891//1
f 1474//1 3109//1 1475//1
f 2222//1 504//1 3659//1
f 1741//1 1963//1 1959//1
f 3691//1 2453//1 2854//1
f 590//1 4573//1 3050//1
f 4788//1 3255//1 4206//1
f 2133//1 2134//1 1842//1
f 800//1 802//1 1570//1
f 2333//1 4759//1 3842//1
f 1994//1 3146//1 4812//1
f 2700//1 3120//1 2583//1
f 385//1 1680//1 3327//1
f 3076//1 4321//1 697//1
f 2075//1 1493//1 1495//1
f 4942//1 4130//1 4809//1
f 3131//1 4199//1 3129//1
f 1075//1 3703//1 3330//1
f 3371//1 2930//1 4492//1
f 2944//1 2229//1 2934//1
f 1462//1 2621//1 3523//1
f 4929//1 4323//1 2514//1
f 1054//1 4872//1 90//1
f 1686//1 909//1 1684//1
f 923//1 925//1 2599//1
f 647//1 1300//1 974//1
f 3074//1 3075//1 3120//1
f 2210//1 2209//1 1814//1
f 1607//1 1609//1 3808//1
f 499//1 3808//1 3329//1
f 3409//1 1349//1 1351//1
f 4269//1 1991//1 3458//1
f 741//1 4623//1 4260//1
f 4798//1 1752//1 4662//1
f 3215//1 1895//1 4291//1
f 1794//1 3859//1 4384//1
f 2033//1 1736//1 1735//1
f 4180//1 1472//1 789//1
f 2257//1 3569//1 2255//1
f 2993//1 3874//1 3873//1
f 1885//1 2705//1 2704//1
f 1929//1 3003//1 2966//1
f 3518//1 3520//1 1391//1
f 4454//1 4990//1 1044//1
f 2333//1 1917//1 1919//1
f 3897//1 2715//1 2714//1
f 2456//1 2455//1 406//1
f 1016//1 929//1 928//1
f 1308//1 3618//1 1912//1
f 1436//1 1438//1 3601//1
f 3582//1 1151//1 2737//1
f 2052//1 3334//1 100//1
f 3510//1 3511//1 4728//1
f 4009//1 3638//1 120//1
f 4836//1 4008//1 3565//1
f 4217//1 2063//1 2064//1
f 2483//1 3435//1 3434//1
f 4656//1 1919//1 1918//1
f 180//1 4682//1 3421//1
f 4065//1 3871//1 1640//1
f 3604//1 2491//1 3907//1
f 1768//1 1770//1 2073//1
f 3838//1 1166//1 417//1
f 1821//1 3901//1 1822//1
f 1479//1 1478//1 3383//1
f 1317//1 3307//1 3890//1
f 4473//1 139//1 3351//1
f 3456//1 2549//1 2548//1
f 4018//1 4017//1 2245//1
f 2440//1 3132//1 866//1
f 3476//1 2564//1 3919//1
f 1441//1 3225//1 3428//1
f 2618//1 943//1 4706//1
f 4743//1 3794//1 4553//1
f 1595//1 998//1 4066//1
f 1477//1 1758//1 3702//1
f 2676//1 2675//1 1914//1
f 1136//1 1792//1 3474//1
f 3018//1 1252//1 4336//1
f 2719//1 1980//1 337//1
f 431//1 1393//1 429//1
f 717//1 716//1 3358//1
f 4574//1 4462//1 519//1
f 21//1 3499//1 130//1
f 4301//1 3319//1 3825//1
f 4911//1 4161//1 4760//1
f 2800//1 3733//1 4230//1
f 3514//1 1423//1 1425//1
f 2380//1 3312//1 2381//1
f 3769//1 3768//1 2910//1
f 1970//1 1969//1 4153//1
f 1580//1 4275//1 4258//1
f 2094//1 2882//1 160//1
f 1274//1 4179//1 3174//1
f 4515//1 4462//1 4574//1
f 4585//1 439//1 898//1
f 20//1 604//1 2234//1
f 612//1 1944//1 1946//1
f 974//1 1301//1 2841//1
f 4511//1 3820//1 4890//1
f 789//1 3101//1 790//1
f 2695//1 4514//1 1266//1
f 3837//1 1938//1 2024//1
f 4554//1 4034//1 441//1
f 980//1 3292//1 3778//1
f 1195//1 1194//1 3763//1
f 2873//1 3815//1 3685//1
f 231//1 230//1 3055//1
f 3622//1 4966//1 3160//1
f 2924//1 719//1 1172//1
f 3152//1 3295//1 3153//1
f 756//1 1610//1 4395//1
f 1604//1 3502//1 4742//1
f 884//1 885//1 4344//1
f 1117//1 3940//1 4493//1
f 3382//1 4687//1 276//1
f 2021//1 4994//1 1512//1
f 2495//1 3380//1 4024//1
f 1205//1 4115//1 1655//1
f 2917//1 4863//1 3131//1
f 2098//1 1149//1 1053//1
f 4298//1 4505//1 4907//1
f 3838//1 419//1 1800//1
f 1864//1 1863//1 3006//1
f 3982//1 1480//1 4303//1
f 2391//1 4020//1 1228//1
f 2571//1 1239//1 1238//1
f 797//1 1202//1 1201//1
f 3963//1 3962//1 4662//1
f 3303//1 4764//1 4977//1
f 1309//1 2832//1 4351//1
f 4985//1 4627//1 841//1
f 4561//1 4562//1 3342//1
f 1917//1 4765//1 4198//1
f 3840//1 3488//1 4675//1
f 2857//1 3481//1 4963//1
f 774//1 3928//1 1115//1
f 3744//1 984//1 3745//1
f 4662//1 1753//1 3963//1
f 2285//1 2807//1 2686//1
f 3550//1 2120//1 4570//1
f 3556//1 4453//1 3444//1
f 4801//1 3760//1 4256//1
f 503//1 83//1 85//1
f 4669//1 3140//1 424//1
f 2039//1 3717//1 2040//1
f 4724//1 2273//1 2272//1
f 4074//1 4285//1 4873//1
f 4089//1 2109//1 3894//1
f 2241//1 3836//1 3835//1
f 1674//1 2508//1 1675//1
f 986//1 3936//1 987//1
f 664//1 3537//1 665//1
f 4354//1 2728//1 2539//1
f 4644//1 132//1 1063//1
f 4824//1 2689//1 2691//1
f 1844//1 2056//1 4195//1
f 1558//1 1557//1 4840//1
f 2289//1 1828//1 1134//1
f 2858//1 4575//1 3541//1
f 3917//1 2775//1 1247//1
f 3802//1 2938//1 4146//1
f 4987//1 2248//1 135//1
f 2984//1 3767//1 4575//1
f 2330//1 2841//1 2743//1
f 827//1 1996//1 1892//1
f 2308//1 3680//1 2986//1
f 2112//1 1329//1 4175//1
f 4348//1 3652//1 3341//1
f 3460//1 3441//1 4709//1
f 2095//1 305//1 4520//1
f 4588//1 4756//1 2154//1
f 4884//1 1859//1 1861//1
f 2409//1 2232//1 4794//1
f 2064//1 1903//1 4446//1
f 2207//1 2028//1 2736//1
f 2853//1 4386//1 2854//1
f 4319//1 4981//1 2677//1
f 2159//1 2904//1 83//1
f 3518//1 3816//1 4233//1
f 3091//1 3520//1 22//1
f 2674//1 10//1 421//1
f 823//1 918//1 4748//1
f 3127//1 3126//1 1209//1
f 4753//1 4586//1 4766//1
f 1559//1 3943//1 4799//1
f 2406//1 4418//1 3897//1
f 4810//1 2357//1 1064//1
f 286//1 1409//1 3545//1
f 2972//1 587//1 3804//1
f 578//1 4437//1 4101//1
f 3882//1 2715//1 2215//1
f 3593//1 3595//1 1994//1
f 3069//1 3052//1 1518//1
f 811//1 2792//1 1047//1
f 4924//1 4299//1 4933//1
f 77//1 4447//1 4226//1
f 374//1 373//1 2680//1
f 3870//1 1643//1 3407//1
f 1530//1 1155//1 4831//1
f 1617//1 3160//1 1578//1
f 3085//1 3087//1 2326//1
f 1687//1 1689//1 4239//1
f 2171//1 2170//1 4534//1
f 2810//1 2682//1 2684//1
f 1849//1 2812//1 721//1
f 1875//1 4941//1 1876//1
f 2820//1 2819//1 4253//1
f 4710//1 3051//1 3070//1
f 405//1 3560//1 1883//1
f 3207//1 191//1 193//1
f 4452//1 4340//1 2756//1
f 2368//1 363//1 2896//1
f 2950//1 3038//1 4212//1
f 1668//1 3765//1 4851//1
f 810//1 2792//1 811//1
f 2522//1 3170//1 2523//1
f 3065//1 4170//1 506//1
f 3701//1 3031//1 1182//1
f 423//1 564//1 566//1
f 3464//1 1332//1 1822//1
f 4531//1 790//1 3101//1
f 129//1 19//1 21//1
f 4975//1 2358//1 2507//1
f 3829//1 4081//1 733//1
f 4550//1 2492//1 2797//1
f 831//1 2558//1 2179//1
f 4448//1 4357//1 147//1
f 4226//1 3860//1 4228//1
f 4185//1 4184//1 4664//1
f 4676//1 4390//1 4674//1
f 4127//1 4027//1 3950//1
f 3604//1 4902//1 2217//1
f 3583//1 487//1 3577//1
f 1334//1 3793//1 4339//1
f 1180//1 962//1 2253//1
f 3438//1 2644//1 3769//1
f 771//1 1275//1 4713//1
f 4650//1 473//1 3673//1
f 4927//1 1270//1 1269//1
f 2937//1 4727//1 1084//1
f 3673//1 473//1 3041//1
f 2708//1 1041//1 4849//1
f 3529//1 1835//1 3636//1
f 260//1 1764//1 4347//1
f 2042//1 4245//1 4244//1
f 550//1 549//1 1444//1
f 574//1 1745//1 2990//1
f 1333//1 1335//1 3369//1
f 979//1 4111//1 3248//1
f 4332//1 1179//1 1178//1
f 4720//1 2113//1 2112//1
f 3914//1 3139//1 4341//1
f 4325//1 1944//1 612//1
f 2661//1 2660//1 98//1
f 4839//1 3843//1 4672//1
f 2476//1 2478//1 4174//1
f 2489//1 4779//1 2049//1
f 1785//1 2002//1 182//1
f 3903//1 4997//1 64//1
f 181//1 1499//1 1501//1
f 3440//1 3682//1 3681//1
f 1293//1 2225//1 1212//1
f 274//1 339//1 4723//1
f 1963//1 2143//1 1797//1
f 4949//1 4461//1 2689//1
f 3582//1 1051//1 1053//1
f 4091//1 4090//1 3989//1
f 3275//1 3455//1 1076//1
f 3924//1 2895//1 1890//1
f 713//1 813//1 3067//1
f 539//1 4655//1 2981//1
f 3002//1 2087//1 2053//1
f 3254//1 2470//1 2469//1
f 2338//1 762//1 4043//1
f 3157//1 2942//1 3093//1
f 2294//1 2547//1 2295//1
f 3569//1 3568//1 4371//1
f 4539//1 4773//1 4892//1
f 215//1 4600//1 4192//1
f 2472//1 59//1 2752//1
f 248//1 1952//1 246//1
f 1610//1 3233//1 4792//1
f 729//1 4823//1 3726//1
f 4190//1 4192//1 4273//1
f 3241//1 611//1 610//1
f 2780//1 2781//1 1500//1
f 1998//1 3463//1 3218//1
f 949//1 3594//1 950//1
f 601//1 3505//1 4865//1
f 2980//1 4788//1 4885//1
f 2231//1 1892//1 820//1
f 2026//1 872//1 4763//1
f 1325//1 280//1 282//1
f 2989//1 3069//1 1517//1
f 4708//1 4238//1 4709//1
f 3677//1 4809//1 4314//1
f 1732//1 514//1 1827//1
f 355//1 4923//1 3886//1
f 3386//1 4730//1 3387//1
f 4380//1 879//1 3122//1
f 3677//1 3676//1 4491//1
f 1751//1 921//1 2829//1
f 1101//1 4065//1 1640//1
f 2597//1 2385//1 2384//1
f 3450//1 3221//1 1466//1
f 2007//1 900//1 3817//1
f 4323//1 1708//1 1710//1
f 4417//1 2216//1 2215//1
f 1138//1 351//1 4673//1
f 623//1 622//1 2256//1
f 4588//1 2154//1 2156//1
f 2366//1 3144//1 3314//1
f 4195//1 1219//1 1218//1
f 4391//1 3081//1 4726//1
f 1915//1 4423//1 1916//1
f 1065//1 4747//1 1064//1
f 1669//1 580//1 3653//1
f 3342//1 2353//1 4561//1
f 4324//1 3775//1 2242//1
f 1313//1 1315//1 2397//1
f 1508//1 758//1 3405//1
f 1475//1 2810//1 4697//1
f 917//1 823//1 825//1
f 14//1 2919//1 4168//1
f 4979//1 3350//1 4307//1
f 1628//1 2910//1 3412//1
f 2968//1 2824//1 3162//1
f 4240//1 4239//1 1689//1
f 3070//1 3848//1 4710//1
f 3869//1 3992//1 3056//1
f 4492//1 3793//1 1333//1
f 1557//1 4236//1 4840//1
f 52//1 51//1 3107//1
f 3393//1 2768//1 2767//1
f 3529//1 3136//1 3310//1
f 400//1 399//1 1524//1
f 1077//1 3331//1 1075//1
f 175//1 1985//1 2151//1
f 118//1 4761//1 1155//1
f 1856//1 1115//1 3014//1
f 1879//1 4405//1 1877//1
f 3221//1 3348//1 1466//1
f 2955//1 758//1 757//1
f 2921//1 4618//1 861//1
f 881//1 883//1 4973//1
f 4959//1 4540//1 3632//1
f 3252//1 1105//1 1380//1
f 1056//1 4339//1 726//1
f 1393//1 2833//1 4156//1
f 4266//1 4265//1 2943//1
f 4992//1 4693//1 2361//1
f 929//1 1016//1 1018//1
f 3953//1 231//1 3021//1
f 954//1 933//1 4379//1
f 3338//1 4739//1 3396//1
f 2497//1 27//1 912//1
f 3116//1 4892//1 1719//1
f 3491//1 787//1 3489//1
f 4742//1 2534//1 4567//1
f 480//1 482//1 4064//1
f 3959//1 1727//1 4078//1
f 886//1 4684//1 1646//1
f 4115//1 4119//1 4118//1
f 1876//1 4941//1 4950//1
f 4050//1 2913//1 2264//1
f 783//1 2638//1 4348//1
f 3688//1 1880//1 3689//1
f 1327//1 1329//1 2877//1
f 4978//1 2279//1 4266//1
f 4827//1 2341//1 3219//1
f 4299//1 1626//1 4933//1
f 1124//1 3522//1 3029//1
f 999//1 1379//1 4526//1
f 2690//1 3998//1 2691//1
f 512//1 2373//1 1460//1
f 1650//1 1444//1 1905//1
f 29//1 3968//1 30//1
f 1822//1 1332//1 1823//1
f 1061//1 3576//1 2677//1
f 960//1 1671//1 958//1
f 3343//1 2141//1 2140//1
f 3736//1 1175//1 67//1
f 214//1 4590//1 3951//1
f 1097//1 1661//1 4833//1
f 2577//1 3064//1 3742//1
f 4421//1 2743//1 2723//1
f 4687//1 4345//1 277//1
f 804//1 257//1 4667//1
f 2584//1 3995//1 36//1
f 4336//1 923//1 2598//1
f 3796//1 224//1 226//1
f 4743//1 4553//1 2259//1
f 842//1 844//1 4843//1
f 2617//1 4358//1 4622//1
f 3630//1 3114//1 1907//1
f 4958//1 3615//1 451//1
f 2155//1 2037//1 794//1
f 859//1 319//1 1584//1
f 3183//1 3834//1 4563//1
f 4420//1 3246//1 3248//1
f 1851//1 1411//1 1410//1
f 3006//1 1863//1 576//1
f 4906//1 167//1 1621//1
f 2689//1 4461//1 4393//1
f 108//1 4959//1 3632//1
f 3965//1 2670//1 3417//1
f 4628//1 700//1 2462//1
f 3602//1 2826//1 2828//1
f 4491//1 4722//1 4809//1
f 3781//1 4318//1 4986//1
f 4351//1 4844//1 1409//1
f 2391//1 3671//1 4020//1
f 2394//1 2393//1 3479//1
f 4750//1 4272//1 4271//1
f 1481//1 4458//1 3373//1
f 2941//1 2943//1 4571//1
f 2515//1 2514//1 2242//1
f 4752//1 2740//1 4157//1
f 1978//1 2441//1 2440//1
f 608//1 4741//1 3824//1
f 1902//1 3665//1 3692//1
f 624//1 3094//1 625//1
f 2886//1 2311//1 3397//1
f 4503//1 4468//1 4362//1
f 4631//1 2695//1 1266//1
f 2377//1 4373//1 2650//1
f 595//1 4068//1 2773//1
f 4841//1 4887//1 2401//1
f 4258//1 2467//1 1581//1
f 1133//1 1089//1 2289//1
f 2943//1 2942//1 4847//1
f 4865//1 3879//1 4822//1
f 3787//1 3786//1 4186//1
f 844//1 4821//1 4843//1
f 4591//1 4592//1 4619//1
f 1659//1 2252//1 2203//1
f 4885//1 4206//1 1033//1
f 681//1 1242//1 682//1
f 134//1 3376//1 2846//1
f 2292//1 2396//1 4996//1
f 3790//1 3467//1 3789//1
f 3123//1 579//1 2349//1
f 4977//1 1041//1 4900//1
f 3361//1 3360//1 2486//1
f 1748//1 1747//1 2393//1
f 109//1 3120//1 2700//1
f 2645//1 3762//1 3672//1
f 460//1 457//1 461//1
f 3043//1 3317//1 2013//1
f 4259//1 3516//1 2468//1
f 30//1 1960//1 28//1
f 3749//1 3750//1 4777//1
f 1183//1 1624//1 1184//1
f 883//1 882//1 3243//1
f 2438//1 1813//1 205//1
f 3136//1 4998//1 3137//1
f 4393//1 4218//1 2690//1
f 3597//1 4306//1 4613//1
f 1579//1 4966//1 2585//1
f 2101//1 4999//1 528//1
f 1992//1 3447//1 1906//1
f 1872//1 658//1 1277//1
f 3551//1 4965//1 708//1
f 4335//1 704//1 703//1
f 246//1 4611//1 247//1
f 3787//1 4186//1 4884//1
f 3952//1 4496//1 4838//1
f 3154//1 3390//1 2430//1
f 299//1 318//1 4387//1
f 4245//1 4382//1 4488//1
f 464//1 3195//1 3359//1
f 4860//1 4388//1 4389//1
f 326//1 4039//1 1695//1
f 2824//1 2807//1 2284//1
f 4697//1 2274//1 2276//1
f 4439//1 4814//1 3926//1
f 4338//1 1739//1 2778//1
f 423//1 425//1 3414//1
f 3122//1 878//1 3388//1
f 2595//1 1285//1 410//1
f 1649//1 1298//1 2781//1
f 1996//1 3004//1 1039//1
f 3603//1 2726//1 2725//1
f 256//1 461//1 456//1
f 4781//1 2185//1 2184//1
f 1059//1 4747//1 4369//1
f 2367//1 2366//1 4564//1
f 119//1 1055//1 90//1
f 3344//1 1592//1 1591//1
f 969//1 1148//1 970//1
f 3393//1 4415//1 2768//1
f 4212//1 740//1 739//1
f 3738//1 3739//1 4920//1
f 4657//1 1966//1 3885//1
f 990//1 4867//1 991//1
f 1360//1 1601//1 1113//1
f 1143//1 4366//1 4930//1
f 4592//1 713//1 712//1
f 1701//1 1289//1 2968//1
f 1881//1 4444//1 4047//1
f 4398//1 4877//1 1390//1
f 3089//1 4932//1 2701//1
f 4548//1 3695//1 3109//1
f 3887//1 2415//1 3493//1
f 2429//1 349//1 2602//1
f 927//1 926//1 3871//1
f 1807//1 2859//1 3024//1
f 325//1 3167//1 3169//1
f 420//1 4976//1 4774//1
f 3912//1 4922//1 594//1
f 3339//1 3396//1 1723//1
f 1148//1 4536//1 3869//1
f 1585//1 1584//1 319//1
f 3863//1 3691//1 3862//1
f 3282//1 3950//1 4002//1
f 468//1 288//1 469//1
f 805//1 3124//1 80//1
f 565//1 564//1 2783//1
f 2149//1 2148//1 1383//1
f 4983//1 4999//1 2101//1
f 4122//1 4124//1 1078//1
f 629//1 3587//1 3061//1
f 2740//1 2504//1 3502//1
f 3240//1 3426//1 2615//1
f 4154//1 1737//1 2304//1
f 4661//1 2694//1 1910//1
f 4792//1 3233//1 3232//1
f 3856//1 3855//1 3412//1
f 4596//1 3//1 3756//1
f 1855//1 4915//1 233//1
f 216//1 964//1 217//1
f 2390//1 3846//1 2548//1
f 3474//1 1733//1 4921//1
f 3164//1 547//1 546//1
f 2107//1 2214//1 2355//1
f 3229//1 1406//1 1082//1
f 261//1 3278//1 534//1
f 4434//1 3296//1 1696//1
f 1678//1 1918//1 1323//1
f 2109//1 4160//1 2108//1
f 2725//1 163//1 4293//1
f 3766//1 2313//1 2315//1
f 3238//1 4216//1 444//1
f 2990//1 4889//1 2219//1
f 4006//1 4005//1 3012//1
f 1340//1 1342//1 1271//1
f 3459//1 4959//1 372//1
f 3151//1 3150//1 1029//1
f 2493//1 3264//1 4271//1
f 1103//1 1595//1 4066//1
f 4768//1 2618//1 350//1
f 1234//1 1233//1 2948//1
f 2472//1 2260//1 842//1
f 4956//1 673//1 4471//1
f 749//1 195//1 2766//1
f 1294//1 1293//1 1214//1
f 3440//1 3442//1 3767//1
f 2818//1 3060//1 2819//1
f 3332//1 2755//1 4426//1
f 2237//1 2784//1 2235//1
f 3858//1 3147//1 2448//1
f 881//1 2360//1 882//1
f 264//1 1519//1 265//1
f 1513//1 4569//1 2000//1
f 4877//1 3815//1 1390//1
f 1379//1 1378//1 4559//1
f 4060//1 4273//1 1750//1
f 4898//1 1889//1 1888//1
f 1490//1 614//1 4482//1
f 2058//1 4737//1 4751//1
f 446//1 3238//1 444//1
f 4985//1 841//1 3261//1
f 3086//1 4240//1 2041//1
f 2849//1 549//1 551//1
f 4242//1 4241//1 4598//1
f 3578//1 3599//1 4328//1
f 2454//1 3690//1 4584//1
f 4070//1 4940//1 2842//1
f 2847//1 788//1 495//1
f 1566//1 3515//1 895//1
f 4253//1 3112//1 9//1
f 2474//1 4444//1 1880//1
f 2262//1 4216//1 3540//1
f 4595//1 3756//1 1953//1
f 3317//1 3297//1 4729//1
f 1654//1 977//1 976//1
f 2638//1 2909//1 2637//1
f 4598//1 4859//1 4385//1
f 1402//1 1401//1 2278//1
f 2586//1 2585//1 4966//1
f 4653//1 4659//1 1088//1
f 1181//1 1180//1 4636//1
f 2669//1 4314//1 4130//1
f 2102//1 2561//1 2103//1
f 2941//1 4571//1 3831//1
f 205//1 1026//1 1186//1
f 3696//1 1772//1 4936//1
f 3377//1 989//1 2194//1
f 3794//1 329//1 2637//1
f 2308//1 4008//1 4836//1
f 4115//1 3625//1 4119//1
f 3233//1 4508//1 4635//1
f 3806//1 3280//1 3281//1
f 1862//1 1220//1 2312//1
f 599//1 2119//1 600//1
f 2019//1 650//1 2161//1
f 791//1 2338//1 3822//1
f 1536//1 1538//1 307//1
f 2652//1 384//1 3664//1
f 2769//1 3249//1 769//1
f 4123//1 4717//1 4124//1
f 3715//1 4680//1 2316//1
f 3075//1 933//1 954//1
f 3432//1 4397//1 4429//1
f 658//1 660//1 1276//1
f 4491//1 2687//1 4546//1
f 1065//1 2//1 2870//1
f 2573//1 4522//1 3057//1
f 1247//1 2776//1 4736//1
f 2521//1 3909//1 287//1
f 4063//1 480//1 4064//1
f 2538//1 4099//1 533//1
f 4544//1 677//1 676//1
f 2946//1 4598//1 3570//1
f 486//1 1513//1 2836//1
f 3000//1 2999//1 4871//1
f 3351//1 3892//1 3352//1
f 3792//1 3793//1 4492//1
f 4389//1 117//1 3862//1
f 3762//1 3673//1 3672//1
f 2600//1 1430//1 4790//1
f 4357//1 957//1 147//1
f 4152//1 2003//1 2005//1
f 1505//1 445//1 2913//1
f 1688//1 2039//1 1689//1
f 1349//1 2302//1 3968//1
f 1198//1 1197//1 1018//1
f 2952//1 4519//1 2789//1
f 3244//1 4634//1 1625//1
f 424//1 423//1 3124//1
f 1818//1 3671//1 2747//1
f 2030//1 2029//1 3978//1
f 915//1 914//1 848//1
f 3934//1 2563//1 2271//1
f 3670//1 780//1 114//1
f 2150//1 404//1 2411//1
f 4108//1 3851//1 2550//1
f 2021//1 485//1 2022//1
f 182//1 2002//1 183//1
f 2109//1 4334//1 3894//1
f 2958//1 4635//1 4508//1
f 306//1 2095//1 414//1
f 3204//1 383//1 3596//1
f 4799//1 4773//1 4539//1
f 1625//1 4634//1 4693//1
f 1389//1 1391//1 3091//1
f 896//1 895//1 3515//1
f 4646//1 3667//1 1093//1
f 290//1 4919//1 366//1
f 2837//1 407//1 1848//1
f 1073//1 2494//1 4271//1
f 758//1 2955//1 2954//1
f 2771//1 1428//1 2759//1
f 1443//1 695//1 1905//1
f 1835//1 4422//1 1836//1
f 4002//1 4027//1 1923//1
f 1941//1 1943//1 3841//1
f 3280//1 2331//1 3058//1
f 3433//1 3435//1 413//1
f 8//1 2820//1 4253//1
f 3780//1 1129//1 2526//1
f 4459//1 418//1 4411//1
f 125//1 527//1 941//1
f 1332//1 4486//1 1823//1
f 2575//1 4854//1 4676//1
f 3789//1 3467//1 3142//1
f 497//1 575//1 498//1
f 2501//1 2411//1 2413//1
f 255//1 4862//1 256//1
f 1257//1 1643//1 1642//1
f 4839//1 3206//1 4733//1
f 4782//1 3319//1 4301//1
f 3453//1 3935//1 4621//1
f 4231//1 916//1 427//1
f 4451//1 1547//1 1549//1
f 4111//1 4857//1 4420//1
f 939//1 1605//1 1199//1
f 1181//1 4411//1 418//1
f 2777//1 643//1 642//1
f 3622//1 2586//1 4966//1
f 2670//1 2672//1 3417//1
f 1340//1 4947//1 3315//1
f 4886//1 4934//1 1494//1
f 1043//1 1045//1 4058//1
f 4058//1 2676//1 4059//1
f 246//1 1952//1 3286//1
f 3794//1 2637//1 2603//1
f 4772//1 315//1 314//1
f 4186//1 112//1 4884//1
f 943//1 4768//1 944//1
f 3938//1 4367//1 1873//1
f 2092//1 3412//1 4858//1
f 3704//1 4979//1 4683//1
f 1668//1 301//1 303//1
f 1667//1 556//1 4161//1
f 4274//1 4944//1 1777//1
f 1095//1 2166//1 1096//1
f 3621//1 2327//1 4177//1
f 4283//1 1982//1 4295//1
f 3236//1 4846//1 1639//1
f 4452//1 2756//1 2755//1
f 3090//1 3867//1 3171//1
f 1882//1 1343//1 2080//1
f 4947//1 1340//1 1271//1
f 2488//1 3927//1 3361//1
f 4762//1 1719//1 1550//1
f 1576//1 4506//1 4176//1
f 4274//1 1420//1 1353//1
f 2803//1 3149//1 2577//1
f 1433//1 1535//1 2090//1
f 430//1 1350//1 431//1
f 3561//1 1884//1 1883//1
f 4496//1 1303//1 4838//1
f 781//1 780//1 4725//1
f 613//1 3139//1 4482//1
f 4006//1 3012//1 33//1
f 2416//1 1800//1 419//1
f 1743//1 2815//1 2814//1
f 3712//1 3926//1 474//1
f 568//1 567//1 2202//1
f 3919//1 4899//1 1990//1
f 2436//1 2923//1 2960//1
f 273//1 1601//1 271//1
f 4952//1 382//1 4712//1
f 4570//1 4995//1 4969//1
f 2250//1 581//1 3668//1
f 2157//1 3637//1 74//1
f 3373//1 2861//1 1482//1
f 2776//1 2775//1 1497//1
f 3968//1 1489//1 1831//1
f 57//1 1784//1 58//1
f 3867//1 226//1 3868//1
f 2975//1 910//1 1986//1
f 2750//1 2752//1 4627//1
f 999//1 4526//1 1635//1
f 2381//1 3479//1 2393//1
f 4998//1 3636//1 809//1
f 4785//1 3785//1 4786//1
f 2341//1 2371//1 3217//1
f 682//1 3771//1 4165//1
f 2665//1 1360//1 1359//1
f 1043//1 2901//1 2900//1
f 4155//1 1295//1 2042//1
f 2347//1 1572//1 1869//1
f 378//1 3433//1 3060//1
f 4943//1 2118//1 2513//1
f 4092//1 2939//1 3594//1
f 3499//1 21//1 914//1
f 3397//1 3528//1 2886//1
f 3284//1 3283//1 4817//1
f 4070//1 4950//1 4941//1
f 229//1 1947//1 227//1
f 4408//1 4219//1 2702//1
f 3375//1 2386//1 2387//1
f 4567//1 2534//1 2106//1
f 406//1 3964//1 3420//1
f 4550//1 4939//1 4549//1
f 3168//1 4721//1 4841//1
f 378//1 380//1 3433//1
f 1586//1 1511//1 4808//1
f 1201//1 2123//1 1815//1
f 2020//1 3485//1 3484//1
f 1163//1 1317//1 4343//1
f 829//1 1252//1 1995//1
f 3679//1 242//1 241//1
f 4546//1 1507//1 4472//1
f 4211//1 740//1 4212//1
f 4677//1 4965//1 4138//1
f 4280//1 2317//1 4281//1
f 2713//1 2666//1 2714//1
f 1975//1 1974//1 3362//1
f 3588//1 3590//1 2999//1
f 1298//1 4250//1 2781//1
f 2373//1 512//1 1845//1
f 3115//1 4892//1 3116//1
f 1793//1 4503//1 3656//1
f 4394//1 3242//1 561//1
f 398//1 3185//1 396//1
f 4620//1 4705//1 2387//1
f 3627//1 3628//1 2735//1
f 959//1 3435//1 960//1
f 3844//1 1712//1 128//1
f 912//1 26//1 4904//1
f 4683//1 1690//1 4670//1
f 106//1 2860//1 1807//1
f 3844//1 3051//1 4710//1
f 1356//1 2152//1 3300//1
f 361//1 2270//1 1104//1
f 817//1 2052//1 4813//1
f 1004//1 1003//1 1203//1
f 2863//1 3304//1 2861//1
f 4213//1 1407//1 3026//1
f 156//1 158//1 2569//1
f 2217//1 3882//1 2215//1
f 1520//1 1522//1 4610//1
f 3863//1 3690//1 3691//1
f 3322//1 4572//1 4637//1
f 3201//1 2389//1 3711//1
f 2430//1 3730//1 2431//1
f 3796//1 3797//1 224//1
f 4129//1 4942//1 4034//1
f 4668//1 256//1 456//1
f 4387//1 2996//1 1967//1
f 1289//1 2824//1 2968//1
f 1305//1 2424//1 2319//1
f 2692//1 1420//1 1422//1
f 3257//1 1754//1 834//1
f 2578//1 3742//1 2951//1
f 615//1 1144//1 4018//1
f 1213//1 1212//1 4337//1
f 4670//1 1477//1 3702//1
f 1719//1 4892//1 1720//1
f 3412//1 2910//1 3856//1
f 3896//1 3216//1 4315//1
f 4775//1 4712//1 4478//1
f 1253//1 829//1 828//1
f 4616//1 4629//1 1672//1
f 603//1 602//1 4984//1
f 3226//1 1431//1 2090//1
f 119//1 3812//1 3827//1
f 436//1 435//1 966//1
f 2088//1 2646//1 4915//1
f 2475//1 4903//1 2524//1
f 3668//1 4707//1 4556//1
f 4394//1 561//1 754//1
f 3316//1 2899//1 840//1
f 4010//1 4011//1 876//1
f 3634//1 3729//1 2360//1
f 2515//1 2505//1 4886//1
f 781//1 1826//1 4494//1
f 4841//1 4721//1 4887//1
f 2701//1 2582//1 3011//1
f 4222//1 1650//1 4352//1
f 3962//1 1860//1 3047//1
f 1364//1 3699//1 1365//1
f 759//1 3496//1 1324//1
f 1294//1 2496//1 3289//1
f 2824//1 2284//1 3163//1
f 3222//1 4355//1 508//1
f 3385//1 3054//1 3991//1
f 3542//1 3461//1 3085//1
f 800//1 4465//1 2911//1
f 187//1 2137//1 3685//1
f 3541//1 4970//1 3542//1
f 3293//1 1899//1 1782//1
f 1966//1 4346//1 3885//1
f 1673//1 1672//1 2342//1
f 2507//1 2359//1 4322//1
f 4431//1 465//1 4917//1
f 772//1 593//1 2772//1
f 1872//1 826//1 658//1
f 2825//1 746//1 748//1
f 2948//1 2947//1 1234//1
f 3995//1 4800//1 4795//1
f 1225//1 1514//1 1016//1
f 3175//1 3545//1 3176//1
f 654//1 4895//1 236//1
f 2386//1 1956//1 1958//1
f 3963//1 4140//1 1860//1
f 1259//1 3507//1 3407//1
f 3978//1 4683//1 3979//1
f 4286//1 4262//1 4287//1
f 303//1 302//1 8//1
f 2770//1 2771//1 3758//1
f 218//1 3678//1 219//1
f 2168//1 1112//1 3880//1
f 3171//1 3868//1 3172//1
f 3811//1 4911//1 3812//1
f 4979//1 3979//1 4683//1
f 3444//1 2931//1 3370//1
f 4824//1 4443//1 4907//1
f 4378//1 3476//1 4379//1
f 4074//1 4821//1 4820//1
f 2093//1 2522//1 2091//1
f 2122//1 2121//1 4510//1
f 4868//1 1673//1 2341//1
f 33//1 32//1 4006//1
f 3971//1 2729//1 4353//1
f 3557//1 311//1 310//1
f 532//1 531//1 2725//1
f 2132//1 84//1 476//1
f 3142//1 4217//1 3789//1
f 23//1 3519//1 3099//1
f 70//1 4041//1 1591//1
f 2629//1 4268//1 1971//1
f 3084//1 3083//1 570//1
f 251//1 250//1 2247//1
f 1886//1 3699//1 2961//1
f 304//1 812//1 305//1
f 3115//1 4539//1 4892//1
f 275//1 1467//1 2130//1
f 4483//1 2925//1 2688//1
f 2100//1 4220//1 2571//1
f 3108//1 3533//1 538//1
f 3830//1 3495//1 3902//1
f 1504//1 1503//1 2963//1
f 4037//1 812//1 813//1
f 2678//1 2677//1 4981//1
f 2263//1 4468//1 2264//1
f 652//1 235//1 2161//1
f 3600//1 254//1 3574//1
f 3911//1 2650//1 4373//1
f 1224//1 1223//1 712//1
f 4590//1 836//1 4424//1
f 414//1 4106//1 242//1
f 1106//1 1108//1 4144//1
f 2902//1 2351//1 2822//1
f 4978//1 4266//1 4847//1
f 4201//1 2294//1 4919//1
f 2815//1 1743//1 1622//1
f 3118//1 1169//1 4000//1
f 112//1 4186//1 1825//1
f 3326//1 2785//1 3025//1
f 3707//1 1989//1 3345//1
f 4224//1 309//1 2238//1
f 1256//1 4305//1 1254//1
f 3855//1 399//1 401//1
f 333//1 2890//1 334//1
f 2383//1 2079//1 2384//1
f 594//1 4922//1 595//1
f 960//1 2483//1 3534//1
f 187//1 3685//1 3815//1
f 269//1 3189//1 270//1
f 4269//1 1746//1 3053//1
f 4769//1 4003//1 4002//1
f 4998//1 3529//1 3636//1
f 1942//1 2277//1 2278//1
f 4822//1 4767//1 4866//1
f 1637//1 2082//1 1638//1
f 114//1 1739//1 115//1
f 2128//1 2129//1 4107//1
f 3059//1 4471//1 4181//1
f 4221//1 4220//1 4834//1
f 3720//1 3721//1 4586//1
f 1672//1 4629//1 4419//1
f 2190//1 1368//1 2191//1
f 3200//1 3199//1 4114//1
f 4424//1 4423//1 4590//1
f 361//1 1104//1 3898//1
f 3407//1 1643//1 1259//1
f 4077//1 1667//1 391//1
f 1645//1 4224//1 1646//1
f 3724//1 4734//1 1099//1
f 4730//1 3798//1 2014//1
f 1411//1 1851//1 5000//1
f 2531//1 2533//1 4302//1
f 925//1 924//1 2487//1
f 2204//1 1373//1 3833//1
f 2771//1 2759//1 4718//1
f 1753//1 4518//1 3963//1
f 1346//1 4786//1 1347//1
f 1817//1 4020//1 1818//1
f 406//1 3420//1 2456//1
f 875//1 2834//1 3092//1
f 4582//1 3757//1 4062//1
f 2694//1 1246//1 4514//1
f 1023//1 2188//1 1024//1
f 3303//1 2027//1 4764//1
f 358//1 4144//1 4145//1
f 4509//1 4416//1 4732//1
f 1391//1 1390//1 3816//1
f 3467//1 3654//1 3468//1
f 4878//1 3202//1 3032//1
f 4090//1 948//1 3400//1
f 3044//1 3773//1 623//1
f 4906//1 1621//1 2562//1
f 3306//1 317//1 1787//1
f 48//1 1179//1 49//1
f 1067//1 2860//1 1528//1
f 4375//1 3912//1 51//1
f 4251//1 4492//1 2930//1
f 4948//1 2301//1 122//1
f 2877//1 4896//1 1461//1
f 906//1 1164//1 3350//1
f 3772//1 4755//1 2862//1
f 1045//1 2676//1 4058//1
f 2389//1 3846//1 2390//1
f 228//1 227//1 667//1
f 3060//1 2818//1 378//1
f 751//1 2646//1 2088//1
f 2355//1 2354//1 1544//1
f 4551//1 4636//1 2254//1
f 3632//1 109//1 108//1
f 2018//1 3404//1 3403//1
f 3276//1 3759//1 3277//1
f 2741//1 4648//1 3284//1
f 1952//1 3287//1 3286//1
f 2127//1 2919//1 14//1
f 3862//1 3691//1 4386//1
f 1305//1 2319//1 2318//1
f 2175//1 808//1 3738//1
f 3008//1 1864//1 3006//1
f 2523//1 2113//1 4720//1
f 35//1 34//1 2559//1
f 4241//1 88//1 4859//1
f 959//1 413//1 3435//1
f 321//1 611//1 1165//1
f 2069//1 4201//1 2070//1
f 1333//1 3371//1 4492//1
f 3920//1 15//1 4169//1
f 4687//1 3382//1 3266//1
f 4532//1 3828//1 4898//1
f 4558//1 3891//1 3890//1
f 4267//1 3615//1 1412//1
f 2931//1 4049//1 2932//1
f 1997//1 701//1 700//1
f 1363//1 1365//1 2337//1
f 1367//1 3209//1 1306//1
f 4940//1 2843//1 2842//1
f 1849//1 4223//1 2812//1
f 2346//1 1869//1 2640//1
f 3091//1 3092//1 2834//1
f 4516//1 854//1 1612//1
f 3991//1 3054//1 3056//1
f 2050//1 4779//1 2835//1
f 3464//1 1330//1 1332//1
f 4222//1 550//1 1650//1
f 4232//1 3417//1 3416//1
f 4641//1 46//1 45//1
f 4577//1 3777//1 1819//1
f 1211//1 154//1 153//1
f 3640//1 951//1 2647//1
f 2621//1 746//1 2622//1
f 4306//1 336//1 4613//1
f 4529//1 830//1 832//1
f 4975//1 3851//1 2358//1
f 4958//1 451//1 1405//1
f 4154//1 2634//1 1735//1
f 4043//1 762//1 4894//1
f 3492//1 1385//1 4654//1
f 4980//1 3709//1 2189//1
f 4335//1 4007//1 3337//1
f 1459//1 4653//1 2146//1
f 2896//1 363//1 3503//1
f 3781//1 4986//1 968//1
f 1031//1 2591//1 3941//1
f 3666//1 3629//1 2705//1
f 1159//1 4146//1 1961//1
f 2817//1 3061//1 2517//1
f 1775//1 1777//1 4376//1
f 3068//1 4513//1 1888//1
f 714//1 2450//1 1573//1
f 3021//1 3055//1 3054//1
f 3769//1 2644//1 3770//1
f 2416//1 3405//1 1800//1
f 677//1 2763//1 675//1
f 2509//1 3080//1 3035//1
f 3633//1 4794//1 2232//1
f 978//1 1119//1 4187//1
f 1227//1 2005//1 3906//1
f 4567//1 2106//1 2105//1
f 4574//1 519//1 3934//1
f 3071//1 666//1 2421//1
f 1406//1 3229//1 3230//1
f 2787//1 1154//1 2788//1
f 2410//1 476//1 475//1
f 3152//1 3214//1 3295//1
f 1507//1 1506//1 961//1
f 893//1 2594//1 3443//1
f 4554//1 441//1 2928//1
f 4096//1 1107//1 4848//1
f 1707//1 1345//1 2451//1
f 690//1 308//1 3649//1
f 1237//1 2952//1 3801//1
f 391//1 4161//1 4911//1
f 302//1 2953//1 2820//1
f 3599//1 2432//1 3110//1
f 695//1 1179//1 696//1
f 2474//1 466//1 4397//1
f 2142//1 374//1 2681//1
f 3384//1 3983//1 750//1
f 2636//1 2175//1 2174//1
f 1504//1 2963//1 2099//1
f 788//1 2847//1 789//1
f 733//1 3748//1 2169//1
f 1851//1 1925//1 5000//1
f 4387//1 318//1 2996//1
f 4054//1 4821//1 844//1
f 559//1 2426//1 727//1
f 1567//1 2649//1 2673//1
f 2254//1 4636//1 2253//1
f 4972//1 4097//1 4096//1
f 3957//1 3986//1 4204//1
f 4673//1 2573//1 942//1
f 2936//1 4229//1 2612//1
f 470//1 4538//1 3618//1
f 3241//1 2031//1 2030//1
f 2810//1 3694//1 2809//1
f 2725//1 531//1 3603//1
f 4490//1 358//1 4145//1
f 2006//1 1174//1 4690//1
f 1573//1 2450//1 584//1
f 3739//1 2018//1 2020//1
f 1357//1 3599//1 3578//1
f 3402//1 3306//1 4135//1
f 1768//1 2073//1 2072//1
f 4393//1 3994//1 4031//1
f 4041//1 3996//1 3344//1
f 1761//1 3078//1 3494//1
f 1050//1 3204//1 3203//1
f 1165//1 3979//1 4307//1
f 4909//1 2017//1 4223//1
f 1157//1 3017//1 3661//1
f 1747//1 2382//1 2393//1
f 3549//1 532//1 4293//1
f 3827//1 1055//1 119//1
f 726//1 560//1 727//1
f 2130//1 339//1 274//1
f 597//1 1767//1 3272//1
f 901//1 4007//1 4335//1
f 4893//1 2710//1 736//1
f 2848//1 1947//1 3791//1
f 1478//1 3983//1 3384//1
f 1487//1 2531//1 4302//1
f 1824//1 4354//1 1533//1
f 4762//1 1552//1 4249//1
f 4839//1 4765//1 3843//1
f 816//1 3882//1 2217//1
f 4143//1 4142//1 4366//1
f 1534//1 157//1 2816//1
f 4826//1 3608//1 4974//1
f 1247//1 4736//1 1248//1
f 1425//1 1424//1 1979//1
f 3437//1 3969//1 2326//1
f 1535//1 4205//1 4204//1
f 3778//1 3292//1 2405//1
f 1023//1 1925//1 1851//1
f 3047//1 1976//1 1993//1
f 2205//1 4311//1 3301//1
f 1406//1 4645//1 1407//1
f 3686//1 2626//1 293//1
f 3047//1 3046//1 3962//1
f 379//1 3800//1 3799//1
f 587//1 586//1 4406//1
f 3807//1 1645//1 1644//1
f 497//1 3036//1 4184//1
f 4752//1 4326//1 3981//1
f 1776//1 3718//1 1421//1
f 3047//1 1860//1 1859//1
f 814//1 3784//1 815//1
f 940//1 3501//1 3973//1
f 2683//1 4850//1 4109//1
f 1358//1 1360//1 1113//1
f 284//1 669//1 671//1
f 1921//1 4039//1 326//1
f 3595//1 1993//1 1994//1
f 4965//1 3551//1 3499//1
f 1793//1 4050//1 4503//1
f 3203//1 3235//1 3819//1
f 2794//1 3616//1 2788//1
f 4262//1 3698//1 2977//1
f 1467//1 275//1 43//1
f 2004//1 3611//1 3777//1
f 4262//1 4261//1 4287//1
f 4961//1 602//1 472//1
f 947//1 2592//1 4469//1
f 4936//1 3409//1 4916//1
f 655//1 3076//1 699//1
f 1059//1 1061//1 1281//1
f 3915//1 499//1 1436//1
f 2231//1 827//1 1892//1
f 3603//1 1935//1 2726//1
f 4407//1 586//1 1207//1
f 4909//1 2104//1 2316//1
f 4147//1 266//1 265//1
f 3920//1 1495//1 4934//1
f 4962//1 1942//1 1941//1
f 3137//1 1202//1 797//1
f 2182//1 1893//1 1830//1
f 2667//1 966//1 1762//1
f 2371//1 2370//1 3217//1
f 2882//1 4304//1 1480//1
f 4982//1 4477//1 4476//1
f 3583//1 1059//1 4369//1
f 1901//1 768//1 3190//1
f 520//1 4034//1 4942//1
f 3150//1 3027//1 3026//1
f 106//1 105//1 2335//1
f 2642//1 683//1 1881//1
f 4059//1 2676//1 1914//1
f 3747//1 3854//1 1972//1
f 3958//1 988//1 3377//1
f 4276//1 4688//1 3940//1
f 1850//1 2435//1 3575//1
f 2958//1 4349//1 1790//1
f 2235//1 2611//1 2236//1
f 821//1 313//1 3495//1
f 1691//1 2872//1 2803//1
f 3419//1 3589//1 3588//1
f 814//1 904//1 3784//1
f 1762//1 1763//1 3645//1
f 1297//1 1296//1 1897//1
f 4329//1 2051//1 2745//1
f 2830//1 3054//1 2831//1
f 3848//1 4471//1 4088//1
f 2897//1 4396//1 2661//1
f 3033//1 2282//1 1476//1
f 4080//1 2229//1 2228//1
f 4925//1 344//1 343//1
f 3783//1 3115//1 3630//1
f 2071//1 2070//1 630//1
f 2709//1 4182//1 4148//1
f 4414//1 2883//1 4594//1
f 3013//1 216//1 4191//1
f 2067//1 4940//1 1875//1
f 3752//1 1728//1 4857//1
f 2420//1 2419//1 2961//1
f 1529//1 1528//1 2334//1
f 2763//1 2115//1 675//1
f 4717//1 4716//1 2293//1
f 2904//1 2159//1 2905//1
f 3812//1 4301//1 3827//1
f 2173//1 3738//1 1675//1
f 864//1 4606//1 865//1
f 3338//1 4480//1 4739//1
f 3283//1 4610//1 3861//1
f 1740//1 4587//1 4753//1
f 3058//1 3154//1 4987//1
f 905//1 321//1 1164//1
f 2435//1 2677//1 3576//1
f 2712//1 2322//1 592//1
f 2868//1 3338//1 2997//1
f 2629//1 1971//1 3854//1
f 2503//1 3715//1 2106//1
f 2901//1 3581//1 348//1
f 1551//1 1954//1 4981//1
f 4803//1 3668//1 583//1
f 2097//1 108//1 107//1
f 118//1 4388//1 4761//1
f 937//1 4871//1 2865//1
f 1323//1 1918//1 4197//1
f 4755//1 3103//1 2862//1
f 2845//1 4553//1 3794//1
f 3234//1 890//1 889//1
f 3784//1 2567//1 437//1
f 1149//1 1151//1 3582//1
f 4497//1 66//1 65//1
f 4372//1 4923//1 355//1
f 1951//1 3122//1 3388//1
f 3043//1 3221//1 3317//1
f 530//1 529//1 4833//1
f 2142//1 2141//1 1387//1
f 4436//1 4435//1 3605//1
f 4906//1 3672//1 3040//1
f 2916//1 4147//1 2915//1
f 2964//1 513//1 2145//1
f 3936//1 3500//1 453//1
f 3213//1 3347//1 3905//1
f 3264//1 4893//1 4750//1
f 4861//1 2058//1 4033//1
f 352//1 2201//1 2572//1
f 1934//1 2979//1 2726//1
f 1772//1 3695//1 2296//1
f 4328//1 4639//1 3579//1
f 3680//1 3976//1 3681//1
f 2627//1 766//1 104//1
f 1600//1 2813//1 2812//1
f 160//1 2882//1 3755//1
f 1072//1 2494//1 1073//1
f 3530//1 3445//1 4807//1
f 4525//1 342//1 3478//1
f 4533//1 4926//1 1008//1
f 3130//1 764//1 4432//1
f 3906//1 3777//1 4576//1
f 4273//1 4601//1 1749//1
f 2499//1 54//1 4545//1
f 4517//1 4044//1 4894//1
f 1893//1 1458//1 4435//1
f 2439//1 3132//1 2440//1
f 3183//1 4442//1 3834//1
f 3941//1 4647//1 2482//1
f 4158//1 4330//1 4502//1
f 2804//1 2806//1 2969//1
f 4703//1 2574//1 3946//1
f 4224//1 1645//1 2945//1
f 1188//1 3606//1 885//1
f 4516//1 4863//1 855//1
f 3225//1 3224//1 4883//1
f 3183//1 4563//1 4711//1
f 3573//1 1987//1 4904//1
f 1665//1 3311//1 3231//1
f 2904//1 4440//1 3712//1
f 1068//1 4377//1 2765//1
f 2915//1 4147//1 4703//1
f 4462//1 4515//1 4463//1
f 3821//1 3254//1 1666//1
f 2157//1 648//1 3637//1
f 2506//1 3920//1 4934//1
f 471//1 4650//1 3106//1
f 1066//1 3024//1 2859//1
f 2983//1 4823//1 729//1
f 1116//1 1378//1 1141//1
f 1196//1 1198//1 1484//1
f 4593//1 4971//1 910//1
f 3314//1 1381//1 3465//1
f 4761//1 87//1 4831//1
f 4519//1 1236//1 3621//1
f 3517//1 4259//1 2223//1
f 4993//1 2620//1 2619//1
f 1402//1 2433//1 1400//1
f 2287//1 3675//1 1015//1
f 113//1 1497//1 3669//1
f 1620//1 773//1 1926//1
f 3357//1 3048//1 2271//1
f 800//1 1570//1 4465//1
f 3933//1 3555//1 3318//1
f 4195//1 4457//1 1842//1
f 681//1 683//1 2642//1
f 584//1 2450//1 1872//1
f 1017//1 1190//1 1198//1
f 4985//1 4835//1 2750//1
f 4053//1 4215//1 1949//1
f 2500//1 1344//1 1413//1
f 4804//1 2992//1 3641//1
f 264//1 4313//1 1255//1
f 4532//1 4898//1 4744//1
f 4146//1 1159//1 4798//1
f 238//1 2597//1 4872//1
f 2837//1 3575//1 3577//1
f 3602//1 2828//1 2588//1
f 4994//1 2021//1 2023//1
f 4313//1 3431//1 1779//1
f 2591//1 2590//1 2081//1
f 1363//1 791//1 793//1
f 1757//1 3566//1 4796//1
f 2635//1 4874//1 2608//1
f 747//1 746//1 3016//1
f 2532//1 2305//1 194//1
f 4649//1 2874//1 2555//1
f 3312//1 2340//1 3313//1
f 408//1 3964//1 406//1
f 4149//1 4612//1 4234//1
f 3942//1 4774//1 4773//1
f 4381//1 1896//1 4674//1
f 3442//1 3441//1 3460//1
f 1612//1 1371//1 4137//1
f 4886//1 1494//1 1866//1
f 4166//1 4688//1 738//1
f 4193//1 1780//1 3430//1
f 4701//1 4889//1 2990//1
f 671//1 285//1 284//1
f 4014//1 4848//1 4013//1
f 1103//1 4066//1 3452//1
f 4883//1 3428//1 3225//1
f 3268//1 4227//1 4229//1
f 4466//1 4680//1 3714//1
f 2454//1 4584//1 4830//1
f 2989//1 4956//1 3848//1
f 285//1 671//1 4479//1
f 1784//1 57//1 389//1
f 456//1 1806//1 4668//1
f 3806//1 3281//1 2972//1
f 2482//1 4774//1 3942//1
f 2059//1 4428//1 4642//1
f 1566//1 3514//1 3515//1
f 2383//1 4637//1 2079//1
f 1866//1 1865//1 4886//1
f 3289//1 2496//1 2670//1
f 2971//1 134//1 2846//1
f 2924//1 1120//1 1432//1
f 2254//1 1175//1 3736//1
f 796//1 4040//1 4589//1
f 2448//1 3147//1 4207//1
f 192//1 177//1 179//1
f 1928//1 2305//1 3964//1
f 3921//1 1759//1 1036//1
f 1735//1 2634//1 4254//1
f 4856//1 3185//1 398//1
f 2311//1 3438//1 1627//1
f 894//1 932//1 4334//1
f 2197//1 1102//1 1101//1
f 3243//1 882//1 4634//1
f 1835//1 2445//1 4422//1
f 1878//1 4770//1 4819//1
f 1811//1 2097//1 107//1
f 637//1 4605//1 636//1
f 4509//1 4511//1 3849//1
f 2004//1 3906//1 2005//1
f 2821//1 4128//1 4252//1
f 4817//1 50//1 3284//1
f 3768//1 3856//1 2910//1
f 1798//1 2613//1 1799//1
f 1494//1 1493//1 4251//1
f 1456//1 1458//1 1894//1
f 4969//1 4982//1 3550//1
f 1736//1 3254//1 3821//1
f 2964//1 2965//1 4494//1
f 3118//1 3117//1 1169//1
f 4132//1 4392//1 1634//1
f 1243//1 3358//1 3357//1
f 3326//1 3025//1 3697//1
f 1273//1 4925//1 3242//1
f 420//1 422//1 4976//1
f 1815//1 2209//1 3212//1
f 3947//1 1074//1 3945//1
f 422//1 1939//1 4976//1
f 2109//1 894//1 4334//1
f 484//1 2609//1 3411//1
f 3381//1 1231//1 4024//1
f 3312//1 4120//1 2381//1
f 4499//1 403//1 4542//1
f 1124//1 3029//1 1125//1
f 1759//1 1758//1 2403//1
f 4280//1 3355//1 3972//1
f 4896//1 1329//1 2114//1
f 3691//1 2854//1 4386//1
f 1633//1 4132//1 1634//1
f 121//1 2549//1 3456//1
f 1275//1 1274//1 3176//1
f 1914//1 4127//1 1915//1
f 4222//1 4352//1 3323//1
f 832//1 831//1 2683//1
f 3950//1 4027//1 4002//1
f 3474//1 1792//1 1731//1
f 3030//1 1182//1 3031//1
f 4597//1 4701//1 2990//1
f 4132//1 1633//1 2295//1
f 1243//1 3357//1 2273//1
f 4895//1 654//1 2426//1
f 1706//1 1812//1 2437//1
f 1010//1 1009//1 1476//1
f 4955//1 4991//1 3250//1
f 1554//1 1569//1 2839//1
f 213//1 3282//1 3187//1
f 687//1 1260//1 1262//1
f 4019//1 2779//1 4410//1
f 155//1 245//1 153//1
f 3100//1 3150//1 4645//1
f 1545//1 3531//1 2728//1
f 4157//1 2740//1 3502//1
f 2050//1 725//1 2051//1
f 660//1 3418//1 1276//1
f 68//1 1593//1 3271//1
f 1225//1 1016//1 928//1
f 3214//1 3895//1 4361//1
f 73//1 72//1 1369//1
f 2224//1 2223//1 4566//1
f 1233//1 1167//1 3117//1
f 1364//1 1363//1 3155//1
f 1289//1 2707//1 1290//1
f 2464//1 1520//1 4610//1
f 4731//1 730//1 1548//1
f 237//1 236//1 332//1
f 4413//1 4095//1 2596//1
f 973//1 3754//1 3753//1
f 1298//1 4187//1 4250//1
f 3034//1 4034//1 4554//1
f 3960//1 4888//1 3436//1
f 4333//1 4447//1 1156//1
f 2890//1 3965//1 1442//1
f 2533//1 2532//1 371//1
f 4907//1 4507//1 1911//1
f 2915//1 1142//1 1377//1
f 4821//1 4873//1 4843//1
f 2385//1 4455//1 4456//1
f 2219//1 1834//1 2220//1
f 159//1 3588//1 279//1
f 4560//1 1679//1 3792//1
f 4813//1 296//1 295//1
f 4022//1 3366//1 4585//1
f 510//1 959//1 958//1
f 4236//1 4502//1 4235//1
f 1419//1 4830//1 3974//1
f 3283//1 2960//1 4817//1
f 3272//1 2267//1 3451//1
f 3695//1 4548//1 2296//1
f 94//1 1804//1 92//1
f 4814//1 4813//1 2557//1
f 3205//1 2511//1 2510//1
f 693//1 1936//1 1354//1
f 3168//1 4841//1 3169//1
f 1700//1 2707//1 1289//1
f 4562//1 3340//1 3342//1
f 2884//1 2601//1 2885//1
f 3967//1 3957//1 4205//1
f 3787//1 4879//1 4815//1
f 2409//1 475//1 2487//1
f 736//1 1361//1 737//1
f 1316//1 1318//1 4436//1
f 30//1 1832//1 1960//1
f 2363//1 2362//1 4818//1
f 4897//1 4848//1 4014//1
f 3616//1 199//1 3166//1
f 2782//1 3414//1 3335//1
f 3741//1 61//1 60//1
f 2608//1 1206//1 2635//1
f 1035//1 1034//1 400//1
f 3413//1 997//1 917//1
f 2460//1 3353//1 1799//1
f 3507//1 3408//1 3407//1
f 297//1 4189//1 4718//1
f 2813//1 753//1 4960//1
f 2707//1 1635//1 1290//1
f 440//1 202//1 2165//1
f 1740//1 4917//1 465//1
f 628//1 3587//1 629//1
f 510//1 413//1 959//1
f 2828//1 1087//1 1088//1
f 735//1 3829//1 733//1
f 4851//1 1669//1 1668//1
f 4345//1 3885//1 4346//1
f 1471//1 1470//1 2896//1
f 2510//1 2929//1 3205//1
f 3082//1 4642//1 4428//1
f 3916//1 1436//1 3601//1
f 4268//1 2629//1 2631//1
f 3932//1 4935//1 1614//1
f 4042//1 3881//1 1945//1
f 59//1 3316//1 839//1
f 3867//1 3796//1 226//1
f 1119//1 1121//1 4188//1
f 4727//1 4092//1 4091//1
f 3596//1 3642//1 2992//1
f 2120//1 4732//1 1547//1
f 3253//1 1380//1 4902//1
f 3931//1 4853//1 2663//1
f 2168//1 1359//1 1358//1
f 96//1 3674//1 1903//1
f 2294//1 4202//1 2547//1
f 1370//1 1791//1 1371//1
f 1721//1 3395//1 4557//1
f 4262//1 1080//1 3740//1
f 1871//1 1870//1 3839//1
f 2060//1 957//1 4357//1
f 2125//1 3458//1 523//1
f 849//1 2622//1 222//1
f 121//1 120//1 3744//1
f 3657//1 3656//1 4837//1
f 4368//1 2141//1 4004//1
f 491//1 3366//1 4022//1
f 3220//1 3509//1 3349//1
f 1323//1 4197//1 757//1
f 2531//1 2306//1 2532//1
f 4973//1 883//1 1653//1
f 50//1 52//1 2741//1
f 4800//1 3708//1 4795//1
f 3153//1 4082//1 3987//1
f 4639//1 2275//1 3321//1
f 2011//1 1002//1 3524//1
f 4814//1 2557//1 3927//1
f 3592//1 3591//1 1984//1
f 2487//1 924//1 2409//1
f 2233//1 3306//1 3402//1
f 699//1 3076//1 697//1
f 3494//1 2495//1 1760//1
f 1953//1 3756//1 4810//1
f 307//1 2945//1 1536//1
f 749//1 1828//1 750//1
f 1710//1 2180//1 4323//1
f 3575//1 2837//1 1848//1
f 165//1 4527//1 2479//1
f 2327//1 3683//1 4177//1
f 4815//1 3785//1 3787//1
f 2607//1 4874//1 4347//1
f 2897//1 2661//1 3334//1
f 4257//1 3876//1 3188//1
f 161//1 3385//1 4615//1
f 88//1 4241//1 4316//1
f 3607//1 244//1 4737//1
f 1468//1 4568//1 2288//1
f 247//1 1564//1 4038//1
f 541//1 447//1 737//1
f 1144//1 4930//1 4017//1
f 2817//1 2471//1 2470//1
f 4958//1 4237//1 3615//1
f 2053//1 2087//1 2054//1
f 3257//1 834//1 833//1
f 102//1 1241//1 103//1
f 2794//1 4835//1 3616//1
f 4137//1 4139//1 1612//1
f 3379//1 3378//1 2208//1
f 4866//1 4658//1 599//1
f 1572//1 1870//1 1869//1
f 2559//1 2177//1 2179//1
f 4296//1 3660//1 2362//1
f 2967//1 155//1 3302//1
f 2884//1 2883//1 4414//1
f 1533//1 2539//1 1531//1
f 2744//1 2743//1 4421//1
f 17//1 2623//1 849//1
f 2614//1 3415//1 4784//1
f 429//1 4252//1 830//1
f 2856//1 4963//1 4035//1
f 3270//1 1204//1 1206//1
f 1498//1 1497//1 113//1
f 2293//1 99//1 98//1
f 2584//1 2583//1 4800//1
f 893//1 892//1 2594//1
f 4222//1 3323//1 1239//1
f 4005//1 2580//1 3196//1
f 1061//1 2678//1 1281//1
f 4972//1 4488//1 4097//1
f 2582//1 2700//1 2583//1
f 3680//1 4836//1 3976//1
f 3688//1 3687//1 4903//1
f 4976//1 1939//1 1588//1
f 4748//1 4704//1 823//1
f 4533//1 3208//1 4926//1
f 4667//1 257//1 4668//1
f 4786//1 3785//1 4815//1
f 2343//1 2345//1 4356//1
f 4678//1 4137//1 4415//1
