#This is a meshfile from a saved state
v 0 0 10
v 1e-06 -10 0
v 0 0 -10
v -1e-06 10 0
v -1e-06 9.99797 0.201408
v -1e-06 9.99189 0.402733
v -1e-06 9.98175 0.603896
v -1e-06 9.96756 0.804813
v -1e-06 9.94933 1.0054
v -1e-06 9.92706 1.20559
v -1e-06 9.90083 1.40483
v -1e-06 9.87053 1.60395
v -1e-06 9.83622 1.80243
v -1e-06 9.79792 2.00017
v -1e-06 9.75565 2.1971
v -1e-06 9.70942 2.39314
v -1e-06 9.65926 2.5882
v -1e-06 9.60517 2.78221
v -1e-06 9.54719 2.9751
v -1e-06 9.48533 3.16678
v -1e-06 9.41962 3.35718
v -1e-06 9.3501 3.54622
v -1e-06 9.27678 3.73382
v -1e-06 9.19988 3.91948
v -1e-06 9.11907 4.10398
v 0 9.03456 4.28681
v 0 8.94639 4.4679
v 0 8.85459 4.64718
v 0 8.75919 4.82458
v 0 8.66025 5
v 0 8.5578 5.1734
v 0 8.45187 5.34471
v 0 8.3425 5.51386
v 0 8.22976 5.68076
v 0 8.11368 5.84536
v 0 7.9943 6.00759
v 0 7.87196 6.16702
v 0 7.74616 6.32432
v 0 7.61721 6.47905
v 0 7.48517 6.63115
v 0 7.3501 6.78057
v 0 7.21204 6.92723
v 0 7.07107 7.07107
v 0 6.92723 7.21204
v 0 6.78057 7.3501
v 0 6.63115 7.48517
v 0 6.47905 7.61721
v 0 6.32432 7.74616
v 0 6.16702 7.87196
v 0 6.00759 7.9943
v 0 5.84536 8.11368
v 0 5.68076 8.22976
v 0 5.51386 8.3425
v 0 5.34471 8.45187
v 0 5.1734 8.5578
v 0 5 8.66025
v 0 4.82458 8.75919
v 0 4.64718 8.85459
v 0 4.4679 8.94639
v 0 4.28681 9.03456
v 0 4.10398 9.11907
v 0 3.91948 9.19988
v 0 3.73382 9.27678
v 0 3.54622 9.3501
v 0 3.35718 9.41962
v 0 3.16678 9.48533
v 0 2.9751 9.54719
v 0 2.78221 9.60517
v 0 2.5882 9.65926
v 0 2.39314 9.70942
v 0 2.1971 9.75565
v 0 2.00017 9.79792
v 0 1.80243 9.83622
v 0 1.60395 9.87053
v 0 1.40483 9.90083
v 0 1.20559 9.92706
v 0 1.0054 9.94933
v 0 0.804813 9.96756
v 0 0.603896 9.98175
v 0 0.402733 9.99189
v 0 0.201408 9.99797
v 0 0.201408 -9.99797
v 0 0.402733 -9.99189
v 0 0.603896 -9.98175
v 0 0.804813 -9.96756
v -1e-06 1.0054 -9.94933
v -1e-06 1.20559 -9.92706
v -1e-06 1.40483 -9.90083
v -1e-06 1.60395 -9.87053
v -1e-06 1.80243 -9.83622
v -1e-06 2.00017 -9.79792
v -1e-06 2.1971 -9.75565
v -1e-06 2.39314 -9.70942
v -1e-06 2.5882 -9.65926
v -1e-06 2.78221 -9.60517
v -1e-06 2.9751 -9.54719
v -1e-06 3.16678 -9.48533
v -1e-06 3.35718 -9.41962
v -1e-06 3.54622 -9.3501
v -1e-06 3.73382 -9.27678
v -1e-06 3.91948 -9.19988
v -1e-06 4.10398 -9.11907
v -1e-06 4.28681 -9.03456
v -1e-06 4.4679 -8.94639
v -1e-06 4.64718 -8.85459
v -1e-06 4.82458 -8.75919
v -1e-06 5 -8.66025
v -1e-06 5.1734 -8.5578
v -1e-06 5.34471 -8.45187
v -1e-06 5.51386 -8.3425
v -1e-06 5.68076 -8.22976
v -1e-06 5.84536 -8.11368
v -1e-06 6.00759 -7.9943
v -1e-06 6.16702 -7.87196
v -1e-06 6.32432 -7.74616
v -1e-06 6.47905 -7.61721
v -1e-06 6.63115 -7.48517
v -1e-06 6.78057 -7.3501
v -1e-06 6.92723 -7.21204
v -1e-06 7.07107 -7.07107
v -1e-06 7.21204 -6.92723
v -1e-06 7.3501 -6.78057
v -1e-06 7.48517 -6.63115
v -1e-06 7.61721 -6.47905
v -1e-06 7.74616 -6.32432
v -1e-06 7.87196 -6.16702
v -1e-06 7.9943 -6.00759
v -1e-06 8.11368 -5.84536
v -1e-06 8.22976 -5.68076
v -1e-06 8.3425 -5.51386
v -1e-06 8.45187 -5.34471
v -1e-06 8.5578 -5.1734
v -1e-06 8.66025 -5
v -1e-06 8.75919 -4.82458
v -1e-06 8.85459 -4.64718
v -1e-06 8.94639 -4.4679
v -1e-06 9.03456 -4.28681
v -1e-06 9.11907 -4.10398
v -1e-06 9.19988 -3.91948
v -1e-06 9.27678 -3.73382
v -1e-06 9.3501 -3.54622
v -1e-06 9.41962 -3.35718
v -1e-06 9.48533 -3.16678
v -1e-06 9.54719 -2.9751
v -1e-06 9.60517 -2.78221
v -1e-06 9.65926 -2.5882
v -1e-06 9.70942 -2.39314
v -1e-06 9.75565 -2.1971
v -1e-06 9.79792 -2.00017
v -1e-06 9.83622 -1.80243
v -1e-06 9.87053 -1.60395
v -1e-06 9.90083 -1.40483
v -1e-06 9.92706 -1.20559
v -1e-06 9.94933 -1.0054
v -1e-06 9.96756 -0.804813
v -1e-06 9.98175 -0.603896
v -1e-06 9.99189 -0.402733
v -1e-06 9.99797 -0.201408
v 0 -0.201408 9.99797
v 0 -0.402733 9.99189
v 0 -0.603896 9.98175
v 0 -0.804813 9.96756
v 1e-06 -1.0054 9.94933
v 1e-06 -1.20559 9.92706
v 1e-06 -1.40483 9.90083
v 1e-06 -1.60395 9.87053
v 1e-06 -1.80243 9.83622
v 1e-06 -2.00017 9.79792
v 1e-06 -2.1971 9.75565
v 1e-06 -2.39314 9.70942
v 1e-06 -2.5882 9.65926
v 1e-06 -2.78221 9.60517
v 1e-06 -2.9751 9.54719
v 1e-06 -3.16678 9.48533
v 1e-06 -3.35718 9.41962
v 1e-06 -3.54622 9.3501
v 1e-06 -3.73382 9.27678
v 1e-06 -3.91948 9.19988
v 1e-06 -4.10398 9.11907
v 1e-06 -4.28681 9.03456
v 1e-06 -4.4679 8.94639
v 1e-06 -4.64718 8.85459
v 1e-06 -4.82458 8.75919
v 1e-06 -5 8.66025
v 1e-06 -5.1734 8.5578
v 1e-06 -5.34471 8.45187
v 1e-06 -5.51386 8.3425
v 1e-06 -5.68076 8.22976
v 1e-06 -5.84536 8.11368
v 1e-06 -6.00759 7.9943
v 1e-06 -6.16702 7.87196
v 1e-06 -6.32432 7.74616
v 1e-06 -6.47905 7.61721
v 1e-06 -6.63115 7.48517
v 1e-06 -6.78057 7.3501
v 1e-06 -6.92723 7.21204
v 1e-06 -7.07107 7.07107
v 1e-06 -7.21204 6.92723
v 1e-06 -7.3501 6.78057
v 1e-06 -7.48517 6.63115
v 1e-06 -7.61721 6.47905
v 1e-06 -7.74616 6.32432
v 1e-06 -7.87196 6.16702
v 1e-06 -7.9943 6.00759
v 1e-06 -8.11368 5.84536
v 1e-06 -8.22976 5.68076
v 1e-06 -8.3425 5.51386
v 1e-06 -8.45187 5.34471
v 1e-06 -8.5578 5.1734
v 1e-06 -8.66025 5
v 1e-06 -8.75919 4.82458
v 1e-06 -8.85459 4.64718
v 1e-06 -8.94639 4.4679
v 1e-06 -9.03456 4.28681
v 1e-06 -9.11907 4.10398
v 1e-06 -9.19988 3.91948
v 1e-06 -9.27678 3.73382
v 1e-06 -9.3501 3.54622
v 1e-06 -9.41962 3.35718
v 1e-06 -9.48533 3.16678
v 1e-06 -9.54719 2.9751
v 1e-06 -9.60517 2.78221
v 1e-06 -9.65926 2.5882
v 1e-06 -9.70942 2.39314
v 1e-06 -9.75565 2.1971
v 1e-06 -9.79792 2.00017
v 1e-06 -9.83622 1.80243
v 1e-06 -9.87053 1.60395
v 1e-06 -9.90083 1.40483
v 1e-06 -9.92706 1.20559
v 1e-06 -9.94933 1.0054
v 1e-06 -9.96756 0.804813
v 1e-06 -9.98175 0.603896
v 1e-06 -9.99189 0.402733
v 1e-06 -9.99797 0.201408
v 1e-06 -9.99797 -0.201408
v 1e-06 -9.99189 -0.402733
v 1e-06 -9.98175 -0.603896
v 1e-06 -9.96756 -0.804813
v 1e-06 -9.94933 -1.0054
v 1e-06 -9.92706 -1.20559
v 1e-06 -9.90083 -1.40483
v 1e-06 -9.87053 -1.60395
v 1e-06 -9.83622 -1.80243
v 1e-06 -9.79792 -2.00017
v 1e-06 -9.75565 -2.1971
v 1e-06 -9.70942 -2.39314
v 1e-06 -9.65926 -2.5882
v 1e-06 -9.60517 -2.78221
v 1e-06 -9.54719 -2.9751
v 1e-06 -9.48533 -3.16678
v 1e-06 -9.41962 -3.35718
v 1e-06 -9.3501 -3.54622
v 1e-06 -9.27678 -3.73382
v 1e-06 -9.19988 -3.91948
v 1e-06 -9.11907 -4.10398
v 0 -9.03456 -4.28681
v 0 -8.94639 -4.4679
v 0 -8.85459 -4.64718
v 0 -8.75919 -4.82458
v 0 -8.66025 -5
v 0 -8.5578 -5.1734
v 0 -8.45187 -5.34471
v 0 -8.3425 -5.51386
v 0 -8.22976 -5.68076
v 0 -8.11368 -5.84536
v 0 -7.9943 -6.00759
v 0 -7.87196 -6.16702
v 0 -7.74616 -6.32432
v 0 -7.61721 -6.47905
v 0 -7.48517 -6.63115
v 0 -7.3501 -6.78057
v 0 -7.21204 -6.92723
v 0 -7.07107 -7.07107
v 0 -6.92723 -7.21204
v 0 -6.78057 -7.3501
v 0 -6.63115 -7.48517
v 0 -6.47905 -7.61721
v 0 -6.32432 -7.74616
v 0 -6.16702 -7.87196
v 0 -6.00759 -7.9943
v 0 -5.84536 -8.11368
v 0 -5.68076 -8.22976
v 0 -5.51386 -8.3425
v 0 -5.34471 -8.45187
v 0 -5.1734 -8.5578
v 0 -5 -8.66025
v 0 -4.82458 -8.75919
v 0 -4.64718 -8.85459
v 0 -4.4679 -8.94639
v 0 -4.28681 -9.03456
v 0 -4.10398 -9.11907
v 0 -3.91948 -9.19988
v 0 -3.73382 -9.27678
v 0 -3.54622 -9.3501
v 0 -3.35718 -9.41962
v 0 -3.16678 -9.48533
v 0 -2.9751 -9.54719
v 0 -2.78221 -9.60517
v 0 -2.5882 -9.65926
v 0 -2.39314 -9.70942
v 0 -2.1971 -9.75565
v 0 -2.00017 -9.79792
v 0 -1.80243 -9.83622
v 0 -1.60395 -9.87053
v 0 -1.40483 -9.90083
v 0 -1.20559 -9.92706
v 0 -1.0054 -9.94933
v 0 -0.804813 -9.96756
v 0 -0.603896 -9.98175
v 0 -0.402733 -9.99189
v 0 -0.201408 -9.99797
v 0.00064698 0.0914867 -9.80436
v 0.000594161 -0.135277 -9.81959
v 0.000475541 -0.316601 -9.85084
v 0.00056244 -0.508933 -9.81626
v 0.000467269 -0.700528 -9.83328
v 0.000560166 -0.889815 -9.78954
v 0.000471296 -1.08174 -9.79728
v 0.000584629 -1.25666 -9.74195
v 0.000606378 -1.47341 -9.70483
v 0.00051684 -1.662 -9.7016
v 0.000659418 -1.84038 -9.62553
v 0.000656203 -2.0776 -9.57793
v 0.0005114 -2.27386 -9.57794
v 0.000598434 -2.45769 -9.50477
v 0.000494324 -2.6513 -9.48528
v 0.000588562 -2.83255 -9.40237
v 0.000484154 -3.02855 -9.37441
v 0.000561627 -3.20604 -9.28979
v 0.00045061 -3.39852 -9.25727
v 0.000523808 -3.56028 -9.17206
v 0.000451143 -3.74123 -9.12387
v 0.000654353 -3.87356 -9.00101
v 0.000764598 -4.07376 -8.87522
v 0.000713783 -4.29663 -8.78649
v 0.000628264 -4.50549 -8.71014
v 0.000489541 -4.68124 -8.6648
v 0.000562796 -4.83711 -8.55234
v 0.000453658 -5.01589 -8.48773
v 0.000527337 -5.15988 -8.37395
v 0.000451707 -5.3295 -8.29481
v 0.000647059 -5.44236 -8.14856
v 0.00072943 -5.62319 -7.99335
v 0.000635301 -5.83039 -7.87897
v 0.000474508 -6.00154 -7.8119
v 0.000603067 -6.11813 -7.66912
v 0.000623743 -6.28818 -7.52107
v 0.000494871 -6.45538 -7.43107
v 0.000595426 -6.56954 -7.28749
v 0.00063105 -6.72438 -7.12887
v 0.000577819 -6.89583 -6.9857
v 0.000416227 -7.05578 -6.89701
v 0.000502363 -7.15976 -6.74835
v 0.000450856 -7.29614 -6.6248
v 0.000602379 -7.38136 -6.45609
v 0.0006343 -7.52826 -6.2673
v 0.000510812 -7.68195 -6.1406
v 0.000607249 -7.77759 -5.96697
v 0.000506986 -7.92048 -5.83
v 0.00061478 -8.00582 -5.65086
v 0.000524968 -8.14181 -5.50469
v 0.000666768 -8.21281 -5.31284
v 0.000663211 -8.34755 -5.09928
v 0.000505202 -8.48845 -4.9627
v 0.000532207 -8.57729 -4.78817
v 0.000397363 -8.70167 -4.65275
v 0.000491719 -8.76251 -4.46743
v 0.000430677 -8.86504 -4.30663
v 0.000498455 -8.92915 -4.11728
v 0.000390693 -9.04158 -3.95496
v 0.000444182 -9.0978 -3.77647
v 0.000372868 -9.18994 -3.61239
v 0.000520761 -9.20844 -3.42487
v 0.000550786 -9.28172 -3.18832
v 0.000404345 -9.38926 -3.02016
v 0.000397943 -9.43701 -2.87421
v 0.000514286 -9.44835 -2.69718
v 0.000471155 -9.51601 -2.50607
v 0.00069918 -9.4854 -2.31589
v 0.000777847 -9.51456 -2.07369
v 0.000733996 -9.57816 -1.83563
v 0.000603547 -9.65525 -1.65351
v 0.000694782 -9.65735 -1.44549
v 0.000577948 -9.72823 -1.21775
v 0.000405298 -9.80562 -1.05555
v 0.000474683 -9.80027 -0.866836
v 0.000406129 -9.8378 -0.687365
v 0.000488212 -9.82131 -0.495577
v 0.000407037 -9.85685 -0.306836
v 0.000494192 -9.83159 -0.127541
v 0.000513437 -9.82573 0.0884661
v 0.000452827 -9.84279 0.274639
v 0.000607501 -9.78385 0.459753
v 0.000559811 -9.78849 0.664289
v 0.000702414 -9.72557 0.860858
v 0.000652977 -9.71663 1.11476
v 0.000481071 -9.75056 1.30796
v 0.00052748 -9.70875 1.48963
v 0.000430684 -9.71224 1.67179
v 0.000593405 -9.6269 1.83867
v 0.000696325 -9.54466 2.07141
v 0.000603889 -9.51853 2.32172
v 0.000387343 -9.54733 2.5018
v 0.000373447 -9.51275 2.64789
v 0.00051964 -9.4153 2.80919
v 0.000483285 -9.36884 3.00186
v 0.000594427 -9.27521 3.16818
v 0.000603868 -9.19404 3.3882
v 0.000538077 -9.13686 3.59925
v 0.000413893 -9.11066 3.77455
v 0.000629557 -8.97039 3.92077
v 0.000453749 -8.93915 4.13328
v 0.000559913 -8.82611 4.28944
v 0.000577295 -8.71732 4.49363
v 0.000459847 -8.66372 4.67855
v 0.000531338 -8.54793 4.83822
v 0.000427468 -8.48334 5.01906
v 0.000492718 -8.36919 5.16571
v 0.000417826 -8.29144 5.33622
v 0.000593056 -8.14444 5.45392
v 0.000656305 -7.99056 5.64052
v 0.000547645 -7.88161 5.85215
v 0.000388637 -7.81945 6.02197
v 0.000464755 -7.6884 6.14729
v 0.000413156 -7.58667 6.29951
v 0.000539196 -7.4364 6.41175
v 0.000504757 -7.31017 6.57267
v 0.000724906 -7.1052 6.68688
v 0.000472893 -7.01359 6.90299
v 0.000520917 -6.85789 7.03441
v 0.000414607 -6.75275 7.18421
v 0.000430599 -6.63711 7.2837
v 0.000616796 -6.46017 7.35823
v 0.000678624 -6.2453 7.51406
v 0.000539688 -6.11469 7.67998
v 0.000571976 -5.95076 7.79339
v 0.000421825 -5.83226 7.94544
v 0.000509875 -5.66069 8.03152
v 0.000449025 -5.51471 8.15727
v 0.000568497 -5.3241 8.2339
v 0.000483174 -5.16855 8.36652
v 0.000534106 -4.99192 8.45248
v 0.000412149 -4.84695 8.58438
v 0.000525068 -4.6643 8.64064
v 0.000476446 -4.50159 8.74522
v 0.000592715 -4.31705 8.79336
v 0.000612366 -4.10019 8.88888
v 0.000515932 -3.93761 8.9979
v 0.000604809 -3.74306 9.04722
v 0.000523786 -3.53722 9.15935
v 0.000386476 -3.3892 9.2654
v 0.000481261 -3.20328 9.29628
v 0.000426597 -3.03313 9.37309
v 0.000499795 -2.84926 9.40407
v 0.000418875 -2.67311 9.48501
v 0.000589702 -2.48509 9.47515
v 0.000650952 -2.24464 9.51336
v 0.000517997 -2.05621 9.6028
v 0.000608233 -1.85349 9.61231
v 0.000504208 -1.66648 9.68312
v 0.000615812 -1.46258 9.67745
v 0.000575792 -1.2222 9.7248
v 0.000418168 -1.05452 9.79873
v 0.000417987 -0.9018 9.81411
v 0.000574316 -0.706652 9.77657
v 0.000549867 -0.461534 9.8001
v 0.000395373 -0.280899 9.85995
v 0.000473265 -0.094059 9.83693
v 0.000416707 0.0921892 9.85664
v 0.000531692 0.283074 9.81415
v 0.000472087 0.484306 9.82715
v 0.000603909 0.684545 9.77089
v 0.000520533 0.89307 9.78289
v 0.000593118 1.09669 9.73782
v 0.000454181 1.29938 9.76042
v 0.000500414 1.48698 9.7181
v 0.000397679 1.67535 9.72275
v 0.000510931 1.84782 9.65314
v 0.000474156 2.04 9.62734
v 0.000639444 2.22153 9.53118
v 0.000601718 2.47334 9.48218
v 0.000406173 2.667 9.49689
v 0.000404656 2.8133 9.45522
v 0.000592815 2.96428 9.34422
v 0.000632866 3.19578 9.25402
v 0.000482299 3.39911 9.23435
v 0.000547471 3.56578 9.14835
v 0.000460423 3.74941 9.10595
v 0.000641391 3.89245 8.98149
v 0.000690168 4.10704 8.86826
v 0.000537637 4.3096 8.82728
v 0.000623674 4.47614 8.71248
v 0.000510077 4.66597 8.65471
v 0.000607624 4.82594 8.53004
v 0.000502892 5.01311 8.46141
v 0.000593693 5.17027 8.33151
v 0.000482844 5.35539 8.25709
v 0.000557125 5.50904 8.12613
v 0.00044275 5.68937 8.04683
v 0.000500977 5.83595 7.91744
v 0.000390663 6.00448 7.83596
v 0.000433539 6.1187 7.72932
v 0.000758279 6.20456 7.52575
v 0.000574297 6.42992 7.41318
v 0.000658062 6.56717 7.25552
v 0.000578008 6.75382 7.11787
v 0.000431966 6.91305 7.02963
v 0.000546098 7.0182 6.87181
v 0.000493943 7.16007 6.74885
v 0.000605935 7.26199 6.58591
v 0.000613441 7.41786 6.40645
v 0.000505543 7.56739 6.28356
v 0.000554336 7.68101 6.11869
v 0.00040774 7.83226 6.00225
v 0.000432527 7.92038 5.87224
v 0.000702699 7.96801 5.66028
v 0.000508551 8.14916 5.50842
v 0.000629891 8.22819 5.31855
v 0.00059 8.36707 5.12162
v 0.000404488 8.50875 5.00056
v 0.000406134 8.584 4.86932
v 0.000599583 8.61716 4.68304
v 0.000628055 8.7259 4.45791
v 0.000462147 8.86038 4.30701
v 0.000508976 8.92279 4.14098
v 0.000450112 9.01349 3.98658
v 0.000770476 8.98876 3.78839
v 0.000604342 9.13013 3.58227
v 0.000804727 9.15856 3.32944
v 0.00047491 9.32473 3.16844
v 0.000416597 9.38969 3.03129
v 0.000458568 9.4208 2.88861
v 0.000723601 9.39153 2.69693
v 0.000842416 9.42725 2.42631
v 0.000673409 9.52999 2.23009
v 0.000753902 9.5506 2.02309
v 0.000619234 9.63615 1.8104
v 0.000448954 9.71805 1.65587
v 0.000568256 9.71007 1.4717
v 0.000505354 9.78338 1.06455
v 0.000616692 9.76901 0.857374
v 0.000512441 9.81685 0.666185
v 0.000564846 9.81225 0.468972
v 0.000436135 9.85968 0.284731
v 0.000555046 9.82668 0.0901241
v 0.000496497 9.84515 -0.103676
v 0.00058672 9.81341 -0.304958
v 0.000469794 9.84169 -0.506488
v 0.000547747 9.80535 -0.707543
v 0.00043349 9.82538 -0.897479
v 0.000451243 9.80499 -1.05036
v 0.000654063 9.72349 -1.22407
v 0.000678252 9.6818 -1.47632
v 0.000510533 9.70049 -1.67971
v 0.000586209 9.64503 -1.85853
v 0.000516919 9.6277 -2.05163
v 0.000793664 9.50089 -2.24241
v 0.000554384 9.517 -2.47471
v 0.000574918 9.45954 -2.66451
v 0.000435195 9.44951 -2.84884
v 0.000540855 9.36524 -3.01461
v 0.000487043 9.32127 -3.19887
v 0.000628433 9.2184 -3.36544
v 0.000555773 9.16745 -3.56288
v 0.000690447 9.05775 -3.73174
v 0.000589172 9.00583 -3.93138
v 0.000721571 8.89011 -4.096
v 0.0006284 8.82547 -4.29691
v 0.000842971 8.66297 -4.48259
v 0.000505093 8.65646 -4.70326
v 0.000472615 8.58842 -4.8459
v 0.000647755 8.44905 -4.98562
v 0.000621916 8.33142 -5.1944
v 0.000440998 8.27916 -5.37445
v 0.000518757 8.15867 -5.51503
v 0.0004477 8.07228 -5.67697
v 0.000557006 7.94235 -5.80382
v 0.000515493 7.8349 -5.96843
v 0.000802803 7.64392 -6.07903
v 0.000572987 7.55176 -6.29734
v 0.000680452 7.39497 -6.43297
v 0.000574967 7.28781 -6.59962
v 0.000639772 7.13746 -6.73408
v 0.000479011 7.03688 -6.90601
v 0.000526246 6.89727 -7.02592
v 0.000428844 6.78618 -7.17251
v 0.000593472 6.63015 -7.25234
v 0.000708427 6.43853 -7.37856
v 0.000620146 6.30015 -7.53023
v 0.000756838 6.117 -7.62839
v 0.000619416 5.97829 -7.78788
v 0.000682311 5.80944 -7.89146
v 0.000529556 5.67757 -8.04151
v 0.00067846 5.49489 -8.11451
v 0.000608004 5.34073 -8.2412
v 0.000716731 5.15118 -8.32314
v 0.000565123 4.99818 -8.46752
v 0.000631776 4.81523 -8.54995
v 0.00048452 4.67168 -8.67842
v 0.000529413 4.52553 -8.74049
v 0.000900398 4.29505 -8.7352
v 0.000655337 4.10649 -8.90428
v 0.000723929 3.90702 -8.97117
v 0.00057165 3.74756 -9.08727
v 0.000671113 3.55245 -9.13339
v 0.000551224 3.38448 -9.23457
v 0.000648066 3.18888 -9.27325
v 0.000528973 3.01707 -9.36762
v 0.00062809 2.8245 -9.3965
v 0.000523372 2.64996 -9.47955
v 0.000643044 2.46233 -9.49321
v 0.000591489 2.27379 -9.55599
v 0.000915757 2.03998 -9.51025
v 0.000643349 1.83375 -9.63439
v 0.000799628 1.5843 -9.63134
v 0.00048913 1.4175 -9.74974
v 0.000441612 1.26816 -9.78456
v 0.000516131 1.08662 -9.78375
v 0.000426155 0.905558 -9.82957
v 0.000586533 0.722198 -9.79667
v 0.000674802 0.481753 -9.78481
v 0.000564973 0.285108 -9.8253
v 0.00121787 -0.050481 -9.63585
v 0.00122218 -0.334655 -9.62851
v 0.00121324 -1.05122 -9.5785
v 0.00121742 -1.32318 -9.54318
v 0.00130438 -2.24377 -9.34192
v 0.0011684 -3.3229 -9.05476
v 0.00107668 -3.619 -8.9696
v 0.0016406 -3.78395 -8.71843
v 0.00130701 -4.34816 -8.56085
v 0.00125963 -4.59185 -8.44774
v 0.00117984 -4.90907 -8.29432
v 0.00108348 -5.18671 -8.15717
v 0.00162506 -5.32013 -7.87373
v 0.001135 -5.88455 -7.64515
v 0.00125932 -6.309 -7.2444
v 0.00119073 -6.51677 -7.08533
v 0.000999664 -6.94019 -6.75268
v 0.0013173 -7.48579 -5.97737
v 0.00134888 -7.91818 -5.36513
v 0.00133622 -8.29939 -4.75265
v 0.000960259 -8.55479 -4.53637
v 0.00116529 -8.65261 -4.19373
v 0.00100738 -8.86203 -3.85759
v 0.00089409 -9.01661 -3.58059
v 0.00114114 -9.27761 -2.53595
v 0.00181775 -9.13919 -2.18941
v 0.00143019 -9.33102 -1.90392
v 0.00160025 -9.33398 -1.58006
v 0.000970467 -9.62322 -0.98218
v 0.00105126 -9.64148 -0.306924
v 0.000988899 -9.66749 -0.0385471
v 0.00122682 -9.49954 1.325
v 0.00103032 -9.51882 1.62427
v 0.00140361 -9.35152 1.86197
v 0.000959726 -9.33668 2.55804
v 0.00130557 -9.12118 2.89003
v 0.00117159 -9.06226 3.20505
v 0.000895892 -8.9694 3.69943
v 0.00107458 -8.74566 4.06541
v 0.0011905 -8.43958 4.58914
v 0.00111247 -8.28152 4.91796
v 0.000999711 -8.14919 5.2029
v 0.00148641 -7.8632 5.34923
v 0.00131159 -7.7107 5.66169
v 0.000926776 -7.66097 5.93578
v 0.0010605 -7.4452 6.13512
v 0.00112517 -6.56093 7.04081
v 0.00131767 -5.00862 8.13657
v 0.000998014 -4.75398 8.40935
v 0.00126876 -4.4115 8.49111
v 0.00119991 -4.13432 8.65398
v 0.00115452 -2.97125 9.13258
v 0.00100225 -2.66078 9.2814
v 0.00138082 -0.530256 9.51757
v 0.00107976 0.0705279 9.63416
v 0.00122742 0.44729 9.57708
v 0.00141373 0.873902 9.48887
v 0.00122323 1.93339 9.39882
v 0.00102772 2.67794 9.28263
v 0.00123495 3.33058 8.99966
v 0.00111443 3.63555 8.92325
v 0.00132457 4.55604 8.41724
v 0.00131811 4.89594 8.22745
v 0.00126687 5.23909 8.03346
v 0.00115667 5.57576 7.84715
v 0.00102047 5.89314 7.66676
v 0.00145843 6.26768 7.18223
v 0.00103514 6.79496 6.87536
v 0.00120579 7.20074 6.36972
v 0.00105443 7.69364 5.84571
v 0.00147998 8.08117 5.05407
v 0.00102964 8.37464 4.83843
v 0.00117633 8.67227 4.18145
v 0.000971168 8.83698 3.98008
v 0.00144596 8.87645 3.51348
v 0.00146114 9.37687 1.78997
v 0.00105979 9.53726 1.59088
v 0.000611088 9.72833 1.24697
v 0.00106039 9.66961 0.260418
v 0.00134731 9.58771 -0.102134
v 0.00117538 9.59968 -0.91927
v 0.00120432 9.43902 -1.95993
v 0.00140794 9.2559 -2.48531
v 0.0010602 9.27042 -2.80777
v 0.00126949 9.11775 -3.09032
v 0.0014667 8.93423 -3.4372
v 0.00197378 8.34738 -4.39563
v 0.00121492 8.41713 -4.71604
v 0.00106358 8.11136 -5.30423
v 0.00116538 7.91697 -5.5399
v 0.00121717 7.72196 -5.78469
v 0.00138119 7.35654 -6.17133
v 0.00123141 6.86656 -6.77173
v 0.00102381 6.69569 -7.02215
v 0.00164754 6.14186 -7.28084
v 0.00167137 5.79038 -7.55329
v 0.0012683 4.54586 -8.48787
v 0.00165993 3.9396 -8.6614
v 0.00135259 2.59255 -9.24362
v 0.00140174 2.27638 -9.31142
v 0.00150052 1.74187 -9.39623
v 0.00139058 0.628421 -9.56579
v 0.00151102 0.248162 -9.54746
v 0.00121432 -0.695185 -9.61129
v 0.00207231 -0.867151 -9.34651
v 0.00132188 -1.58981 -9.47088
v 0.00146377 -1.9103 -9.36862
v 0.00128651 -2.59586 -9.25483
v 0.00127239 -2.96228 -9.14735
v 0.00200957 -3.43207 -8.74749
v 0.00158744 -4.09765 -8.59179
v 0.00205672 -4.95933 -7.95766
v 0.0014773 -5.62013 -7.71542
v 0.00139032 -6.04319 -7.41846
v 0.00203657 -6.3246 -6.91336
v 0.00142422 -6.65634 -6.85255
v 0.00191437 -6.76915 -6.52463
v 0.00115187 -7.10431 -6.50785
v 0.00137993 -7.25707 -6.22637
v 0.00131841 -7.71103 -5.67922
v 0.00147064 -8.07497 -5.04937
v 0.00181671 -8.33531 -4.36348
v 0.00214859 -8.36434 -4.06874
v 0.00130381 -8.99264 -3.26451
v 0.00107509 -9.19506 -2.89641
v 0.00220381 -9.08924 -1.84079
v 0.00139719 -9.45532 -1.21286
v 0.00189043 -9.33176 -0.874378
v 0.00106659 -9.61811 -0.665706
v 0.00173246 -9.42413 -0.0675752
v 0.00114335 -9.61452 0.220835
v 0.00149706 -9.4837 0.592125
v 0.00150977 -9.44775 0.98375
v 0.00158 -9.21747 2.20883
v 0.00191678 -9.02419 2.52683
v 0.00202242 -8.80071 3.12553
v 0.00131699 -8.92019 3.45331
v 0.00157713 -8.7089 3.74926
v 0.00125208 -8.57356 4.28958
v 0.00187943 -7.94532 4.99435
v 0.00125792 -7.17397 6.35301
v 0.00172414 -6.85475 6.47636
v 0.00111312 -6.82177 6.79536
v 0.00146229 -6.20748 7.20843
v 0.00102409 -5.6969 7.79431
v 0.00116663 -5.39413 7.94865
v 0.00190647 -4.60057 8.15093
v 0.00122569 -3.5089 8.91499
v 0.000923629 -3.30212 9.10163
v 0.00130121 -1.60996 9.41909
v 0.00131829 -1.26806 9.46635
v 0.00110174 -0.937605 9.57835
v 0.000952135 -0.244757 9.67286
v 0.000975526 1.63557 9.53576
v 0.00154231 2.29224 9.21368
v 0.00149446 2.95677 9.04096
v 0.00159294 3.83927 8.67251
v 0.00138081 4.21014 8.57469
v 0.00205669 5.59347 7.48631
v 0.00134543 6.53992 6.98459
v 0.00197379 6.58676 6.66953
v 0.00132444 6.95803 6.57873
v 0.00210115 6.99113 6.18824
v 0.00136687 7.37469 6.08929
v 0.00171705 7.69214 5.5008
v 0.00120728 7.97736 5.36865
v 0.00153694 8.40463 4.46085
v 0.00194832 8.58761 3.80302
v 0.00195158 8.83848 3.18097
v 0.00116007 9.17043 2.95752
v 0.0012956 9.50546 1.32771
v 0.00121593 9.61606 -0.513308
v 0.00223768 9.2801 -0.991227
v 0.00129269 9.46886 -1.6573
v 0.00214385 9.1901 -1.81472
v 0.00187972 9.20155 -2.13501
v 0.00211535 8.97458 -2.74305
v 0.0015424 8.76236 -3.80568
v 0.00158197 8.59336 -4.15124
v 0.00245251 8.07636 -4.61528
v 0.00158407 8.13929 -4.98399
v 0.00203248 7.84266 -5.21761
v 0.00231015 7.56949 -5.47691
v 0.00270965 7.05306 -5.95926
v 0.00156491 7.07136 -6.41934
v 0.00194897 6.54517 -6.8048
v 0.00139969 6.44881 -7.10558
v 0.0012898 5.55742 -7.85812
v 0.00147159 3.62501 -8.85514
v 0.00144499 3.27765 -8.99647
v 0.00174714 1.46433 -9.37083
v 0.00120953 1.22628 -9.56143
v 0.00102632 0.90875 -9.65053
v 0.00210167 -0.122121 -9.37933
v 0.00237618 -0.513989 -9.28642
v 0.00235932 -1.24482 -9.21976
v 0.0024217 -1.67459 -9.13262
v 0.00240193 -2.03564 -9.06284
v 0.00219077 -2.35546 -9.04651
v 0.00226445 -3.08213 -8.79974
v 0.00274989 -3.83421 -8.3417
v 0.00234549 -4.24918 -8.26806
v 0.00229929 -4.61273 -8.08366
v 0.00223042 -5.69391 -7.37703
v 0.0024893 -5.96536 -7.054
v 0.00261647 -6.42345 -6.57727
v 0.00220502 -6.92653 -6.222
v 0.00241839 -7.73992 -5.02817
v 0.00237321 -7.93199 -4.73815
v 0.00193264 -8.54769 -3.83235
v 0.00169788 -8.7488 -3.54773
v 0.00235503 -8.64561 -3.2334
v 0.00200292 -8.85225 -2.98025
v 0.00225933 -8.88167 -2.61074
v 0.0030425 -8.79392 -1.9596
v 0.00264187 -9.0574 -1.17731
v 0.0021728 -9.27094 -0.44669
v 0.00238629 -9.14031 1.1961
v 0.00199208 -9.21397 1.55852
v 0.00213294 -8.25686 4.28973
v 0.00177559 -7.42046 5.79645
v 0.00202677 -7.14951 6.00205
v 0.00219827 -6.91658 6.18619
v 0.00208995 -6.53823 6.63069
v 0.00145444 -5.88606 7.47434
v 0.00200085 -5.45751 7.57251
v 0.00226773 -5.09641 7.71448
v 0.00136853 -3.82134 8.73443
v 0.00175675 -3.20287 8.84119
v 0.00226801 -2.88319 8.77385
v 0.00147111 -2.35065 9.20245
v 0.00133563 -1.98566 9.33472
v 0.00235293 -1.32232 9.11554
v 0.00195148 -1.05366 9.28286
v 0.00181979 -0.17231 9.38844
v 0.00212066 0.182286 9.29299
v 0.00117988 1.30282 9.51831
v 0.00202794 1.56709 9.20347
v 0.00213155 2.57867 8.94522
v 0.00215209 3.12531 8.76513
v 0.00239918 4.57015 8.02668
v 0.00222638 5.27029 7.6531
v 0.00182376 5.91909 7.32538
v 0.00217446 7.38701 5.67642
v 0.00219355 7.74549 5.16977
v 0.00217377 8.05974 4.67956
v 0.00257996 8.55523 3.39678
v 0.00179114 9.20704 2.11081
v 0.00196448 9.27696 1.48962
v 0.00226161 9.23693 1.15968
v 0.00130468 9.5432 1.00742
v 0.0013901 9.55371 0.595873
v 0.00204234 9.37762 0.22495
v 0.00213757 9.34912 -0.370666
v 0.00220112 9.31547 -0.682088
v 0.00162043 9.4266 -1.28807
v 0.00228502 9.19899 -1.52379
v 0.00284553 8.95608 -1.97794
v 0.00348965 8.59597 -2.67988
v 0.00256409 8.74012 -3.06527
v 0.0026088 8.28577 -4.12869
v 0.00299796 7.57178 -5.14587
v 0.0019392 7.42415 -5.84005
v 0.00285366 6.79242 -6.19588
v 0.0024083 6.68209 -6.48985
v 0.00245707 6.24143 -6.89478
v 0.00165893 5.19899 -7.97397
v 0.0013755 2.93011 -9.13586
v 0.0022863 2.67178 -8.94346
v 0.00260046 2.3328 -8.94535
v 0.00230155 1.95681 -9.12012
v 0.00201179 0.883424 -9.36599
v 0.00328476 -0.226651 -9.04282
v 0.00317372 -0.830541 -9.03659
v 0.00334633 -1.47134 -8.90365
v 0.00360059 -1.79565 -8.76996
v 0.00342243 -2.23408 -8.71742
v 0.00253098 -2.66796 -8.85557
v 0.00331381 -2.88052 -8.55306
v 0.00326607 -3.22706 -8.44022
v 0.00263025 -3.55739 -8.50217
v 0.00350097 -3.97963 -8.03394
v 0.00287404 -5.04053 -7.61965
v 0.00249703 -5.36865 -7.52431
v 0.00317437 -5.40305 -7.25291
v 0.00321988 -6.07669 -6.66661
v 0.00235601 -7.11619 -5.92763
v 0.00240186 -7.32849 -5.6335
v 0.00241611 -7.5409 -5.33074
v 0.00234532 -8.08475 -4.48366
v 0.00289406 -8.23015 -3.80838
v 0.00267502 -8.42824 -3.51793
v 0.00301349 -8.54629 -2.89618
v 0.00297623 -8.74012 -2.27475
v 0.00311178 -8.84811 -1.57097
v 0.00307141 -8.9656 -0.76153
v 0.00282319 -9.07639 -0.0711117
v 0.00219251 -9.27398 0.236978
v 0.00257507 -9.12074 0.813647
v 0.00362232 -8.77347 1.02207
v 0.00251718 -8.98729 1.87013
v 0.0029552 -8.75941 2.25169
v 0.00276693 -8.68624 2.72556
v 0.00314758 -8.44523 3.07282
v 0.00239546 -8.56916 3.40642
v 0.00274497 -8.33168 3.68936
v 0.00196339 -8.45584 4.01013
v 0.00224885 -8.03612 4.61633
v 0.00247456 -7.65477 5.09527
v 0.00246802 -7.4474 5.39598
v 0.00283941 -7.10898 5.64807
v 0.00295683 -6.57278 6.20605
v 0.00233109 -6.21208 6.83141
v 0.00253621 -5.88032 7.03174
v 0.00296154 -4.39136 7.87903
v 0.00228651 -4.29867 8.17327
v 0.00214586 -4.02151 8.36213
v 0.00216343 -3.44679 8.60611
v 0.00186434 -2.63533 8.98912
v 0.00242179 -2.36954 8.87443
v 0.00236768 -1.71113 9.0441
v 0.00236877 1.92949 9.02713
v 0.00277915 2.23137 8.82863
v 0.00220572 3.43581 8.63154
v 0.00263214 3.65908 8.39796
v 0.00246537 3.93486 8.3304
v 0.00241393 4.24803 8.19464
v 0.00251346 4.897 7.79178
v 0.00296032 5.61174 7.1271
v 0.00268233 5.94398 6.96417
v 0.00236226 6.26918 6.80702
v 0.00335354 6.7041 5.94577
v 0.00271194 7.05882 5.82553
v 0.00321001 7.12138 5.51324
v 0.00251907 7.81575 4.88189
v 0.00298584 8.01512 4.26529
v 0.00215917 8.36765 4.12028
v 0.00254478 8.77345 2.82577
v 0.00188923 9.06626 2.53871
v 0.00302466 8.80099 2.23263
v 0.00310249 8.85112 1.93067
v 0.00257473 9.05326 1.71505
v 0.00255533 9.21559 0.481859
v 0.00265499 9.20403 -0.0999483
v 0.00317814 9.0255 -0.842206
v 0.0033576 8.87612 -1.63436
v 0.00395315 8.64532 -1.97591
v 0.00401819 8.34248 -3.00214
v 0.00299543 8.47577 -3.43904
v 0.00272934 8.37947 -3.85319
v 0.00303952 7.74709 -4.85477
v 0.00319382 7.19998 -5.56906
v 0.00389624 6.67508 -5.90829
v 0.00315826 6.33648 -6.54468
v 0.00286983 5.97657 -6.9757
v 0.00265434 5.82206 -7.18018
v 0.00148455 4.85108 -8.24646
v 0.0022016 4.19314 -8.37143
v 0.00255266 3.62648 -8.52323
v 0.002657 3.32434 -8.61304
v 0.00272684 2.93831 -8.73007
v 0.00336479 2.56516 -8.66241
v 0.00259169 1.57208 -9.11047
v 0.00263152 1.19713 -9.15468
v 0.00251226 0.52624 -9.24928
v 0.00296303 0.144891 -9.13494
v 0.00390187 0.438814 -8.86728
v 0.00425179 -0.351968 -8.7729
v 0.00353599 -0.521619 -8.9599
v 0.0040835 -1.15072 -8.74616
v 0.00424021 -1.49094 -8.64977
v 0.00394863 -2.56538 -8.47006
v 0.00347006 -3.50965 -8.263
v 0.00368082 -4.28008 -7.81676
v 0.00325788 -4.68685 -7.71741
v 0.00341998 -5.57247 -7.02894
v 0.00402477 -6.14983 -6.27103
v 0.00307689 -6.56412 -6.23543
v 0.00348846 -7.38164 -4.98883
v 0.00340816 -7.59185 -4.6968
v 0.00326359 -7.80113 -4.41826
v 0.0029349 -8.05598 -4.14575
v 0.00343108 -8.30547 -3.19383
v 0.00378401 -8.42119 -2.50222
v 0.00369205 -8.75009 -0.993028
v 0.00328383 -8.93048 0.250705
v 0.002663 -9.11469 0.496881
v 0.00377328 -8.76457 0.59094
v 0.00338123 -8.78639 1.47362
v 0.00375795 -8.59503 1.86612
v 0.00411704 -8.42211 2.12945
v 0.0039787 -8.38357 2.4349
v 0.00354505 -8.20825 3.34821
v 0.00292753 -7.68715 4.78441
v 0.00301811 -6.83188 5.89346
v 0.00348667 -5.87847 6.64267
v 0.00279482 -5.53555 7.2003
v 0.00324175 -4.84296 7.50993
v 0.00258775 -4.73928 7.81624
v 0.00314526 -4.06841 7.98312
v 0.00285928 -2.57655 8.66999
v 0.00242074 -2.07349 8.94893
v 0.0033545 -1.46296 8.77011
v 0.00334637 -1.17386 8.818
v 0.00215526 -0.763681 9.2458
v 0.00318242 -0.658695 8.9269
v 0.00249388 -0.425234 9.16084
v 0.0023399 0.55241 9.21135
v 0.00226683 1.16015 9.18369
v 0.00302053 1.65582 8.8734
v 0.00325813 2.48886 8.6096
v 0.00267163 2.82486 8.69582
v 0.00320262 5.02561 7.46154
v 0.00314566 5.29084 7.29835
v 0.00313575 6.30809 6.45108
v 0.00262996 6.65043 6.3204
v 0.0040805 6.77468 5.5402
v 0.00410127 7.00507 5.24004
v 0.00297213 7.3814 5.28399
v 0.00325788 7.52518 4.92921
v 0.00349135 7.6672 4.57684
v 0.00438972 7.60378 4.17311
v 0.00313192 8.15866 3.8908
v 0.00334725 8.24492 3.55294
v 0.0035969 8.2872 3.26742
v 0.00317332 8.49677 3.06284
v 0.00311732 8.69318 2.52102
v 0.00243618 9.22561 0.799815
v 0.00322947 9.03512 0.213641
v 0.00327063 9.02239 -0.45584
v 0.00301122 9.03329 -1.22449
v 0.00287277 8.86734 -2.32971
v 0.00400901 8.09964 -3.63103
v 0.00362372 8.05995 -3.96344
v 0.00313094 8.04872 -4.27993
v 0.00375395 7.75857 -4.46131
v 0.00399019 7.39072 -4.93887
v 0.00461502 7.12937 -5.03039
v 0.00359748 7.30894 -5.2412
v 0.00446161 6.99233 -5.28609
v 0.00368056 6.48054 -6.20268
v 0.00389488 5.6778 -6.86559
v 0.00319705 5.52369 -7.22548
v 0.0024937 5.37327 -7.57398
v 0.00289517 4.77883 -7.82965
v 0.00364409 4.08503 -7.98163
v 0.00310548 3.82399 -8.26933
v 0.00387434 3.41949 -8.21726
v 0.00408671 2.7401 -8.40319
v 0.00402259 2.24364 -8.56414
v 0.00346945 2.02329 -8.77229
v 0.00384189 1.05896 -8.83376
v 0.00327797 0.813732 -9.01424
v 0.0044652 0.00490279 -8.72346
v 0.00445277 -1.9767 -8.4884
v 0.00405825 -3.66207 -8.01451
v 0.00465462 -3.87262 -7.72865
v 0.00531812 -4.1052 -7.39662
v 0.0043811 -4.45438 -7.48901
v 0.00422023 -4.77406 -7.33769
v 0.00358199 -5.13417 -7.30712
v 0.00463937 -5.38877 -6.7333
v 0.00384677 -5.73768 -6.72922
v 0.00427559 -5.85925 -6.45476
v 0.00334285 -6.74836 -5.91007
v 0.00351799 -7.16615 -5.28958
v 0.00436633 -7.45901 -4.3611
v 0.00413622 -7.68324 -4.08408
v 0.00372612 -8.09173 -3.49187
v 0.00457588 -7.94945 -3.16691
v 0.00416643 -8.4822 -1.76992
v 0.00369485 -8.71698 -1.24837
v 0.00355835 -8.83914 -0.379614
v 0.00397859 -8.71969 -0.0204884
v 0.00425218 -8.63361 0.271015
v 0.00466649 -8.37203 1.57843
v 0.00400554 -8.26942 2.77708
v 0.00297661 -8.11838 3.97744
v 0.00385397 -7.8186 3.975
v 0.00314085 -7.9177 4.25574
v 0.00332631 -7.72473 4.48294
v 0.00359951 -7.33079 4.95235
v 0.00395217 -6.76169 5.53168
v 0.00426243 -6.17927 6.03479
v 0.00326979 -6.20704 6.43413
v 0.0038121 -5.29111 6.987
v 0.00327516 -5.13598 7.30295
v 0.00383314 -4.49578 7.50651
v 0.00327837 -3.73792 8.09472
v 0.00246533 -3.67837 8.40424
v 0.0027943 -3.10497 8.51797
v 0.00317612 -2.80814 8.49222
v 0.0028266 -0.976608 9.00826
v 0.00354667 -0.340029 8.8341
v 0.00287628 -0.0863992 9.05223
v 0.00338028 0.28223 8.89468
v 0.0025361 0.854269 9.12896
v 0.00312992 1.35245 8.88715
v 0.0037523 2.20198 8.53132
v 0.00314681 3.07855 8.45767
v 0.0033211 3.70314 8.15073
v 0.00345367 3.94958 7.99187
v 0.00346039 4.26747 7.82694
v 0.00335192 4.55649 7.70206
v 0.00429792 4.94849 7.12633
v 0.00451046 7.98842 3.31203
v 0.00437202 8.15072 3.01251
v 0.0039959 8.37561 2.69359
v 0.00413918 8.44966 2.31442
v 0.00313491 8.95202 1.35445
v 0.00343396 8.91839 0.979042
v 0.00368706 8.8859 0.575032
v 0.00390247 8.85228 -0.109623
v 0.00430685 8.72259 -0.697734
v 0.00401101 8.7792 -1.00183
v 0.00437419 8.64661 -1.28993
v 0.00440365 8.44206 -2.31089
v 0.00492918 8.20926 -2.62822
v 0.00548394 7.96165 -2.92166
v 0.00461264 8.07216 -3.27876
v 0.00436141 7.76434 -4.11525
v 0.00445095 7.45029 -4.62046
v 0.00411677 6.85193 -5.61085
v 0.0049869 6.54536 -5.62261
v 0.00500616 6.32723 -5.85848
v 0.00370463 5.99972 -6.65712
v 0.00307305 5.04454 -7.60472
v 0.00262738 4.46933 -8.09315
v 0.00387228 3.05907 -8.35608
v 0.00362115 1.71124 -8.79487
v 0.00372411 1.3611 -8.82607
v 0.00535788 -0.331525 -8.47754
v 0.00458671 -0.684948 -8.66077
v 0.0052631 -1.35073 -8.3941
v 0.00488041 -1.68627 -8.43499
v 0.00507437 -2.50781 -8.16602
v 0.00454329 -2.86011 -8.19972
v 0.0054026 -4.42574 -7.17657
v 0.00456968 -4.97272 -7.08097
v 0.00413815 -5.24606 -7.02717
v 0.00503417 -5.5636 -6.43769
v 0.00434241 -6.36746 -5.90758
v 0.00348158 -6.95092 -5.59645
v 0.00467897 -6.78138 -5.24655
v 0.00452922 -7.23745 -4.64632
v 0.00392826 -7.89297 -3.79367
v 0.00422531 -8.17158 -2.85667
v 0.00397813 -8.4647 -2.11177
v 0.00493051 -8.21327 -1.93871
v 0.00550092 -8.11017 -1.61772
v 0.00443847 -8.46311 -1.42076
v 0.00459246 -8.46625 -1.07978
v 0.00489539 -8.40623 0.834102
v 0.00468811 -8.42265 1.22398
v 0.00501066 -8.03479 2.52452
v 0.00411303 -8.13764 3.05411
v 0.0039997 -7.92959 3.64467
v 0.00429425 -7.55153 4.19298
v 0.00376184 -7.04294 5.26879
v 0.00410011 -6.48174 5.78672
v 0.00445896 -5.86143 6.25913
v 0.00366926 -5.56229 6.83325
v 0.00474019 -5.2407 6.67149
v 0.00422827 -4.74731 7.20944
v 0.00399883 -4.14543 7.64408
v 0.00418993 -3.81553 7.7455
v 0.00337063 -3.36426 8.22381
v 0.00350091 -2.21165 8.56167
v 0.00343835 -1.81233 8.67622
v 0.00396707 -0.887396 8.66045
v 0.00409617 -0.559179 8.6519
v 0.00387855 -0.0452981 8.74233
v 0.00426547 0.515078 8.61813
v 0.00335932 0.674521 8.88551
v 0.00330222 1.01039 8.87538
v 0.00419834 1.18823 8.58247
v 0.0036083 1.89704 8.6448
v 0.00384584 2.72109 8.35634
v 0.00357513 3.38237 8.20459
v 0.0044759 3.58985 7.82882
v 0.00382725 4.72149 7.43815
v 0.00542658 4.73782 6.88054
v 0.00413095 5.29552 6.93571
v 0.003916 5.62759 6.7527
v 0.00357469 5.96868 6.59056
v 0.003896 6.35454 6.08905
v 0.00414631 7.19359 4.95844
v 0.0051826 7.04958 4.6529
v 0.00419691 7.34773 4.70437
v 0.00400563 7.84422 3.95563
v 0.0043323 7.89249 3.64763
v 0.00535154 7.9688 2.72052
v 0.00413308 8.53876 1.98013
v 0.00400381 8.6556 1.61475
v 0.0045743 8.57102 1.1686
v 0.0045225 8.67534 0.2096
v 0.00448778 8.68779 -0.388585
v 0.00517846 8.46807 -0.954783
v 0.00486086 8.46254 -1.63368
v 0.00534268 8.26779 -1.96882
v 0.00518335 7.82876 -3.4792
v 0.0048836 7.78178 -3.77253
v 0.00506486 7.46463 -4.28218
v 0.00474093 6.06995 -6.21887
v 0.00507909 5.69614 -6.44307
v 0.00533783 5.37246 -6.62596
v 0.00439662 5.35398 -6.9516
v 0.00406219 5.12465 -7.22827
v 0.0042575 4.74698 -7.41775
v 0.00470709 3.68024 -7.86106
v 0.00486385 2.8451 -8.15034
v 0.00525648 2.5686 -8.13196
v 0.00443969 2.46434 -8.38826
v 0.00483796 1.48219 -8.50331
v 0.00481625 1.14499 -8.55932
v 0.00475531 0.777834 -8.61447
v 0.00605864 -0.626563 -8.27381
v 0.0055966 -0.981702 -8.35851
v 0.0055737 -1.92572 -8.19107
v 0.00477641 -2.24178 -8.32858
v 0.00618634 -2.241 -7.93847
v 0.00463135 -3.26754 -8.01638
v 0.00532664 -3.50876 -7.70338
v 0.00600366 -3.70002 -7.40669
v 0.00545648 -4.70408 -6.97311
v 0.00523684 -5.7685 -6.16927
v 0.00538387 -5.98937 -5.88632
v 0.00458058 -6.56497 -5.57137
v 0.00463048 -7.01362 -4.94139
v 0.00555747 -7.10258 -4.29687
v 0.00528882 -7.33786 -4.02425
v 0.00502688 -7.55257 -3.76145
v 0.00483633 -7.74418 -3.47051
v 0.00543909 -7.80069 -2.8409
v 0.00508515 -8.00647 -2.54001
v 0.00494809 -8.13754 -2.22544
v 0.00446227 -8.54429 -0.69817
v 0.0048327 -8.45799 -0.27971
v 0.00511069 -8.38055 0.0857648
v 0.00510138 -8.37281 0.448135
v 0.0060186 -8.04988 1.06086
v 0.00487996 -8.24302 1.8934
v 0.00500504 -8.12952 2.2011
v 0.005003 -7.92906 2.85054
v 0.00484683 -7.83624 3.22186
v 0.00515267 -7.61822 3.49667
v 0.00401395 -7.43118 4.56523
v 0.00470652 -7.12817 4.65257
v 0.00479395 -6.92396 4.90421
v 0.00488268 -6.68482 5.18042
v 0.00580489 -6.3937 5.10911
v 0.00545688 -5.82756 5.8809
v 0.00561428 -5.52865 6.09596
v 0.00463164 -5.54762 6.46631
v 0.00456765 -4.98101 6.92697
v 0.00502347 -4.40518 7.13935
v 0.00476862 -4.19889 7.34745
v 0.00507277 -3.90261 7.40286
v 0.00433944 -3.47945 7.84949
v 0.00449555 -3.1778 7.92351
v 0.00392546 -2.55143 8.32864
v 0.0048457 -2.22158 8.13208
v 0.00423115 -1.21997 8.53563
v 0.00482306 0.183073 8.46021
v 0.00431177 0.832798 8.58451
v 0.00396242 1.53309 8.60445
v 0.00461929 1.71018 8.37532
v 0.00436021 2.37523 8.30024
v 0.00482183 3.22833 7.87284
v 0.00458567 3.95422 7.61967
v 0.00456117 4.32641 7.42674
v 0.0052858 4.99322 6.74955
v 0.00515773 5.30136 6.56024
v 0.00437149 6.01899 6.22992
v 0.00518282 6.05065 5.87587
v 0.00469464 6.39509 5.71124
v 0.00501149 6.70674 5.20427
v 0.00516789 6.85269 4.94013
v 0.00489736 7.30316 4.40446
v 0.00582021 7.56763 3.37305
v 0.00558946 7.78763 3.01866
v 0.00524158 8.28261 1.72728
v 0.00525113 8.34053 1.42711
v 0.00449287 8.6389 0.8167
v 0.0051264 8.49246 0.524593
v 0.00523843 8.48909 -0.136575
v 0.00572362 8.35265 -0.543123
v 0.0062994 8.079 -1.64264
v 0.0058134 8.06677 -2.28276
v 0.00642709 7.46557 -3.51417
v 0.00649686 7.1383 -4.1189
v 0.00561772 7.20386 -4.44508
v 0.00522033 7.1369 -4.74055
v 0.00579582 6.81797 -4.94522
v 0.00676821 6.44062 -5.03858
v 0.00544055 6.64582 -5.31982
v 0.00623411 5.96573 -5.78285
v 0.0042741 4.36204 -7.64184
v 0.00491969 3.98148 -7.65298
v 0.00605999 3.72048 -7.45293
v 0.00518318 3.3352 -7.87547
v 0.00500929 3.08711 -8.0226
v 0.00546408 2.20424 -8.17959
v 0.00480734 1.872 -8.43696
v 0.00574326 0.956286 -8.33546
v 0.00540419 0.365291 -8.4673
v 0.00627048 0.666774 -8.22397
v 0.0060589 -0.00452768 -8.30143
v 0.00667671 -0.326041 -8.13285
v 0.00613858 -1.57789 -8.11664
v 0.00590048 -2.63079 -7.89328
v 0.00561934 -2.94171 -7.85903
v 0.00608602 -3.16346 -7.63481
v 0.0064841 -3.38685 -7.41922
v 0.00632006 -4.14961 -7.05766
v 0.00543373 -5.00524 -6.75976
v 0.0062391 -5.41983 -6.12258
v 0.005612 -6.18815 -5.57123
v 0.00600375 -6.35364 -5.19634
v 0.00583991 -6.63905 -4.88415
v 0.00570717 -6.87609 -4.59294
v 0.0059871 -7.26185 -3.7347
v 0.0057795 -7.58307 -3.14767
v 0.00585254 -7.84792 -2.29122
v 0.00605436 -7.87179 -1.96873
v 0.00556754 -8.15499 -1.23782
v 0.00567529 -8.16807 -0.88053
v 0.00553056 -8.14794 1.37477
v 0.00574302 -8.03718 1.63864
v 0.00596957 -7.90228 1.94663
v 0.00606768 -7.44049 3.23894
v 0.00483256 -7.57582 3.80413
v 0.00565923 -7.22798 3.94171
v 0.00519172 -7.1647 4.32607
v 0.00592241 -6.79021 4.51498
v 0.00586951 -6.56687 4.85611
v 0.0050778 -6.41976 5.41257
v 0.00530367 -6.12508 5.64176
v 0.00657048 -5.50034 5.74386
v 0.00578992 -5.21417 6.29534
v 0.00594201 -4.84801 6.52002
v 0.0053967 -4.62295 6.87091
v 0.00540461 -3.2218 7.61068
v 0.0053254 -2.89893 7.76291
v 0.00403135 -2.92453 8.17062
v 0.00458267 -1.87657 8.30134
v 0.00439346 -1.53813 8.43112
v 0.00523984 -1.27839 8.21931
v 0.00506905 -0.979 8.31478
v 0.00501556 -0.644409 8.36766
v 0.00475825 -0.26532 8.47038
v 0.00517709 1.39487 8.26353
v 0.00474593 2.01745 8.27332
v 0.0053121 2.24484 8.04877
v 0.00441253 2.9819 8.09259
v 0.00577895 3.28372 7.55622
v 0.00503095 4.57501 7.12045
v 0.00497998 5.64433 6.33844
v 0.0054367 5.78776 6.03454
v 0.00546689 6.43169 5.34134
v 0.00623769 6.46968 4.95963
v 0.00631703 6.69158 4.62551
v 0.00635033 6.90886 4.28451
v 0.00577288 7.24193 4.03507
v 0.00518737 7.55116 3.80135
v 0.00641527 7.6566 2.74023
v 0.00527549 8.0968 2.39808
v 0.00527591 8.19267 2.06107
v 0.00562882 8.3268 0.836259
v 0.00593359 8.29728 0.190566
v 0.00581772 8.2605 -1.29042
v 0.00633173 7.84669 -2.57197
v 0.00597315 7.72469 -3.19948
v 0.00683039 7.22016 -3.78945
v 0.00568727 7.47245 -3.93208
v 0.00683897 6.82924 -4.46328
v 0.00713661 6.55159 -4.73783
v 0.00646615 6.22674 -5.41558
v 0.00627229 5.68384 -6.04323
v 0.00547235 5.07132 -6.81269
v 0.00553464 4.75878 -7.01171
v 0.00588856 4.05962 -7.32743
v 0.00614925 3.39601 -7.57784
v 0.00609376 2.77065 -7.83788
v 0.0061245 1.86916 -8.08471
v 0.00596381 1.23361 -8.24285
v 0.0074886 -0.0477436 -7.93426
v 0.00714896 -0.574742 -7.99543
v 0.00695198 -0.860421 -8.01774
v 0.0066061 -1.21684 -8.05849
v 0.00750188 -1.45714 -7.78181
v 0.00696594 -1.83068 -7.83936
v 0.00702176 -2.44748 -7.64548
v 0.00692458 -2.78667 -7.55095
v 0.00674358 -3.85395 -7.10096
v 0.00667917 -4.36718 -6.80533
v 0.00639781 -4.67957 -6.67831
v 0.00594494 -5.20761 -6.41701
v 0.00644119 -5.62916 -5.84321
v 0.00662183 -5.8332 -5.55558
v 0.00669358 -6.02032 -5.31021
v 0.00710185 -6.28289 -4.78812
v 0.00664984 -6.96797 -3.90729
v 0.00596403 -7.39538 -3.46151
v 0.00687904 -7.70786 -1.62159
v 0.00579835 -8.16294 -0.513029
v 0.00641715 -7.99785 0.248358
v 0.00614643 -8.05408 0.658603
v 0.00652007 -7.85802 1.37191
v 0.00599573 -7.70582 2.60583
v 0.00600464 -7.59048 2.91983
v 0.00599549 -7.30899 3.57375
v 0.00709558 -6.90775 3.66432
v 0.00651113 -6.85915 4.08894
v 0.00677419 -6.22551 4.87074
v 0.00639452 -6.07156 5.22569
v 0.0064928 -5.77057 5.50987
v 0.0059854 -4.3207 6.85734
v 0.00529091 -3.55935 7.49868
v 0.00511336 -2.56612 7.94525
v 0.00580339 -1.89716 7.92284
v 0.00550525 -1.57853 8.0841
v 0.00544515 0.602819 8.26571
v 0.00626056 0.854802 8.01301
v 0.00528974 1.00582 8.27981
v 0.00596085 1.98441 7.92225
v 0.00521785 2.57724 7.9821
v 0.00576607 3.62768 7.40581
v 0.00576051 3.96441 7.2378
v 0.00587801 4.24588 7.04207
v 0.00617096 4.47009 6.80889
v 0.00625865 5.27381 6.18796
v 0.00612118 5.53226 6.01317
v 0.00651596 5.69267 5.7153
v 0.00617417 6.05495 5.47519
v 0.00657921 6.18908 5.15754
v 0.00699212 6.92778 3.92337
v 0.00678151 7.15698 3.62362
v 0.00704464 7.39373 2.95367
v 0.00644874 7.74553 2.46005
v 0.00643456 7.84865 2.13888
v 0.00606861 8.16499 1.15193
v 0.00700283 7.96289 0.836334
v 0.00648805 8.13063 0.519439
v 0.00735639 7.92693 0.204627
v 0.00680544 8.04694 -0.90562
v 0.00735125 7.8599 -1.31582
v 0.0066929 7.91113 -1.96701
v 0.00714549 7.72378 -2.24964
v 0.00700901 7.57471 -2.84934
v 0.00706445 7.44538 -3.15374
v 0.00779605 7.07204 -3.54763
v 0.00764884 6.82534 -4.08573
v 0.00768242 6.14472 -5.04393
v 0.00745784 5.63214 -5.6832
v 0.00667937 5.06249 -6.43514
v 0.0068017 4.75561 -6.62349
v 0.00692387 4.44106 -6.79769
v 0.00566826 4.41307 -7.19034
v 0.00710602 4.10997 -6.94563
v 0.00728475 3.77069 -7.08087
v 0.00737519 3.11212 -7.36159
v 0.00616815 3.09318 -7.69859
v 0.00716929 2.858 -7.51617
v 0.00657106 2.38718 -7.83254
v 0.00607024 1.57022 -8.15983
v 0.00693048 0.307955 -8.07321
v 0.00791684 -0.371144 -7.81465
v 0.00689729 0.958222 -8.03667
v 0.00812148 -0.689538 -7.73807
v 0.00815013 -1.07315 -7.68214
v 0.00794521 -2.10276 -7.50549
v 0.00746644 -3.47281 -7.09133
v 0.00684345 -4.83792 -6.40845
v 0.00729516 -5.31977 -5.82806
v 0.00773419 -5.72789 -5.22509
v 0.00687561 -6.52674 -4.53955
v 0.00677915 -6.73716 -4.24935
v 0.00714906 -7.17515 -3.13571
v 0.00669597 -7.43367 -2.81053
v 0.00625427 -7.65998 -2.52361
v 0.00732704 -7.52196 -1.88812
v 0.0064497 -7.87809 -1.36655
v 0.00672368 -7.84435 -1.06163
v 0.00684501 -7.87026 -0.374266
v 0.0060629 -8.10143 -0.15275
v 0.00718058 -7.74092 0.834812
v 0.00687214 -7.69984 1.66666
v 0.00724178 -7.51279 2.00231
v 0.0060486 -7.7914 2.27765
v 0.00703611 -7.46323 2.38547
v 0.00683362 -7.42603 2.67693
v 0.00724862 -7.20529 2.92481
v 0.00731379 -6.5056 4.21975
v 0.00699643 -6.38306 4.55714
v 0.00765462 -5.89199 4.88138
v 0.00673804 -5.22077 5.93016
v 0.00660054 -4.43546 6.5723
v 0.00645776 -3.2857 7.24653
v 0.0064987 -2.92956 7.3829
v 0.00591108 -1.06231 8.0532
v 0.00576866 -0.0572872 8.18045
v 0.00630033 1.16149 7.96958
v 0.00624869 1.45682 7.94254
v 0.00558481 1.70854 8.09048
v 0.00585289 2.9039 7.68198
v 0.00692079 3.31724 7.19635
v 0.00705173 3.65678 6.99598
v 0.0063404 4.7024 6.59745
v 0.00634701 4.97382 6.39706
v 0.00743866 5.89632 5.14352
v 0.00738364 6.54549 4.33532
v 0.00724478 7.20316 3.25439
v 0.00642131 7.93964 1.80766
v 0.00636514 8.02853 1.47299
v 0.00811366 7.74398 -0.0481029
v 0.00684077 8.0693 -0.178248
v 0.00714113 7.98487 -0.540273
v 0.00769482 7.7122 -1.68005
v 0.00794915 7.28257 -2.96645
v 0.00791925 7.1794 -3.23924
v 0.00769943 6.95247 -3.83446
v 0.00821649 6.41325 -4.47298
v 0.00802151 6.2569 -4.76908
v 0.00739898 5.85451 -5.47777
v 0.0085028 5.36472 -5.58508
v 0.00760183 5.36607 -5.88372
v 0.00648251 5.37307 -6.24768
v 0.00788926 5.05748 -6.05494
v 0.00810697 4.45499 -6.43769
v 0.00738692 3.43486 -7.21742
v 0.00699877 2.02478 -7.81859
v 0.00726869 1.6746 -7.8286
v 0.00740503 1.28978 -7.86253
v 0.00787948 0.635068 -7.8167
v 0.0088676 -0.125571 -7.58779
v 0.00806859 0.967819 -7.73853
v 0.00869906 -1.36476 -7.49155
v 0.00838871 -1.67956 -7.50268
v 0.00950067 -1.83685 -7.17504
v 0.00936477 -2.20756 -7.0982
v 0.00751722 -3.08925 -7.25987
v 0.00789013 -3.70007 -6.8446
v 0.00743047 -3.99602 -6.80884
v 0.00824813 -4.62132 -6.11051
v 0.00744645 -5.03037 -6.04024
v 0.00784155 -5.44436 -5.49744
v 0.0079265 -6.56296 -3.92529
v 0.00699072 -7.05553 -3.51901
v 0.00798723 -7.07586 -2.75458
v 0.00752918 -7.30736 -2.4607
v 0.00690725 -7.56387 -2.19832
v 0.00713126 -7.71939 1.12777
v 0.00807561 -6.89477 3.05916
v 0.00758768 -5.42464 5.41257
v 0.00749198 -5.22987 5.63367
v 0.00741591 -4.54251 6.21499
v 0.0059104 -4.04545 7.04441
v 0.00639785 -2.57372 7.54446
v 0.00613957 -2.2265 7.73272
v 0.0070477 -1.89117 7.55378
v 0.00668102 -1.58853 7.73296
v 0.00631729 -1.29236 7.89696
v 0.00688374 -0.980277 7.7825
v 0.00614486 -0.394033 8.05599
v 0.00686793 -0.0594588 7.86581
v 0.00623043 0.249369 8.04978
v 0.00688454 0.578889 7.85446
v 0.00736589 0.925074 7.69543
v 0.00625106 2.26996 7.76591
v 0.00679612 3.03542 7.3515
v 0.00669648 3.97563 6.93653
v 0.00703085 4.16386 6.72199
v 0.00729152 5.72935 5.38149
v 0.00755088 6.09286 4.86801
v 0.00763014 7.3874 2.54825
v 0.00757354 7.51505 2.21436
v 0.00759396 7.60231 1.89207
v 0.00759091 7.7603 1.17033
v 0.00785335 7.77754 0.524296
v 0.00797605 7.76512 -0.699534
v 0.00838826 7.6376 -0.995372
v 0.00782081 7.61731 -1.9781
v 0.00865896 7.21808 -2.63188
v 0.0086743 6.79915 -3.61301
v 0.00871224 6.65992 -3.85202
v 0.0084643 6.5468 -4.15995
v 0.00925243 6.08191 -4.50541
v 0.00870234 5.55799 -5.32655
v 0.00896579 5.08522 -5.6882
v 0.00829349 4.15399 -6.57729
v 0.00854651 3.82144 -6.70016
v 0.00758044 2.55543 -7.51296
v 0.00799562 2.19937 -7.51425
v 0.00854854 1.81415 -7.47182
v 0.00841845 1.47951 -7.57416
v 0.00759921 7.68321 1.5537
v 0.00816591 -6.81498 -3.27329
v 0.00868667 3.47783 -6.84164
v 0.00712019 -7.08373 3.29666
v 0.00626204 -3.65096 7.13699
v 0.00752415 4.92839 6.02928
v 0.00702419 -4.89924 6.08808
v 0.00747202 -5.99878 -5.00278
v 0.00753114 6.32329 4.5806
v 0.00729876 4.3957 6.4908
v 0.00754976 -4.48347 -6.44489
v 0.00756136 7.54401 -2.50014
v 0.00644422 2.54387 7.62882
v 0.00814248 -2.75779 -7.22501
v 0.00603734 -0.781463 8.05238
v 0.0083549 7.61717 0.815798
v 0.00689263 -7.83566 -0.69278
v 0.00843806 0.232874 -7.6956
v 0.00901405 0.81155 -7.51966
v 0.00910794 1.14449 -7.45707
v 0.00934924 -0.794551 -7.41901
v 0.00965869 -1.48517 -7.22281
v 0.008114 -2.47621 -7.33918
v 0.00889983 -2.88181 -6.96506
v 0.00853391 -3.1754 -6.93271
v 0.00903141 -3.40413 -6.67524
v 0.00874868 -3.77351 -6.5466
v 0.0081577 -4.13181 -6.49788
v 0.00846803 -5.0752 -5.63683
v 0.00929134 -5.12203 -5.28827
v 0.00874615 -5.66744 -4.8795
v 0.00851912 -5.94055 -4.61739
v 0.00787006 -6.23868 -4.48853
v 0.00791564 -6.38668 -4.23418
v 0.00797486 -6.71795 -3.60156
v 0.00840426 -6.86764 -2.9834
v 0.00840908 -7.17431 -2.05754
v 0.00756562 -7.57317 -1.29401
v 0.00817861 -7.45618 -0.898114
v 0.00811776 -7.51227 -0.42915
v 0.00734068 -7.73906 -0.0836538
v 0.00721733 -7.75685 0.525318
v 0.00812648 -7.45422 1.00854
v 0.00791846 -7.39485 1.67773
v 0.00779171 -7.49397 1.3627
v 0.00819587 -7.17803 2.20135
v 0.00785398 -7.16534 2.54869
v 0.00816455 -6.74515 3.31892
v 0.00831353 -6.5706 3.56348
v 0.00781544 -6.55869 3.86675
v 0.00818003 -6.16428 4.28628
v 0.00786808 -6.04588 4.59493
v 0.00857846 -5.76928 4.62184
v 0.00867364 -5.56547 4.82065
v 0.00759125 -5.67428 5.15435
v 0.00789804 -4.95232 5.72396
v 0.00784611 -4.18415 6.3108
v 0.0069732 -4.09443 6.65968
v 0.00724901 -3.74534 6.76715
v 0.00755413 -3.36729 6.86225
v 0.00761275 -2.20921 7.29781
v 0.00767565 -1.26604 7.50966
v 0.00718049 -0.628676 7.74011
v 0.0073586 -0.321526 7.7151
v 0.00672456 1.68761 7.76591
v 0.00744963 1.33166 7.62313
v 0.00712583 1.97813 7.5891
v 0.00741753 2.29141 7.42436
v 0.00746192 2.67694 7.28973
v 0.00793777 2.99541 7.03317
v 0.00815475 3.30454 6.83539
v 0.00773955 3.84731 6.68478
v 0.00834177 4.34548 6.18973
v 0.00748697 4.64386 6.25783
v 0.00740506 5.26283 5.78959
v 0.00794352 5.43102 5.43726
v 0.00836694 5.57191 5.13616
v 0.00864613 5.7399 4.84274
v 0.00883738 5.93904 4.52405
v 0.00883554 6.20122 4.17105
v 0.00786923 6.60263 4.01492
v 0.00815454 6.72861 3.65874
v 0.00825803 6.87873 3.3194
v 0.00829434 7.01882 3.00223
v 0.00827881 7.13505 2.73889
v 0.00902793 7.03626 2.46613
v 0.00857159 7.22973 2.26448
v 0.0087806 7.35065 1.65539
v 0.00880586 7.41794 1.3238
v 0.00887447 7.54294 0.219837
v 0.00913771 7.49036 -0.111917
v 0.00832765 7.69042 -0.374827
v 0.0091875 7.46581 -0.681606
v 0.00905373 7.42324 -1.38084
v 0.00891276 7.38266 -1.79593
v 0.00863028 7.35684 -2.19786
v 0.00953093 6.21312 -4.20229
v 0.0101399 5.80454 -4.51981
v 0.00902631 5.90938 -4.81575
v 0.00934513 5.64676 -5.00425
v 0.00810952 5.89001 -5.18064
v 0.00805935 4.74504 -6.24606
v 0.0093297 4.42674 -6.09625
v 0.00919161 4.20751 -6.28533
v 0.00873263 3.13203 -6.98968
v 0.00862021 2.75864 -7.16984
v 0.00900668 2.35877 -7.20709
v 0.00915505 -0.463226 -7.49947
v 0.00971789 -3.02901 -6.67201
v 0.00891511 -4.26305 -6.16883
v 0.00964671 -4.38212 -5.84244
v 0.00902118 -4.73104 -5.75821
v 0.00983636 -4.80372 -5.40872
v 0.010017 -5.13617 -4.99882
v 0.00960404 -5.61184 -4.5859
v 0.00891213 -6.05661 -4.2634
v 0.00909654 -6.19804 -3.93897
v 0.00897245 -6.53631 -3.36414
v 0.00922651 -6.73488 -2.71745
v 0.00887704 -6.93656 -2.41969
v 0.00837497 -7.29205 -1.59444
v 0.00789462 -7.58026 0.257042
v 0.00906666 -7.10771 1.49633
v 0.00858636 -7.15997 1.86058
v 0.00872306 -6.83625 2.73338
v 0.00908347 -6.60344 3.02198
v 0.00840514 -6.27823 4.00435
v 0.00897529 -5.84117 4.35212
v 0.00869258 -5.32146 5.07585
v 0.00864394 -5.05129 5.35774
v 0.00831186 -4.61767 5.84391
v 0.00910313 -3.92649 6.05701
v 0.00820539 -3.83546 6.40598
v 0.00854878 -3.47842 6.49348
v 0.00770543 -2.9852 6.98761
v 0.00767104 -2.61195 7.14513
v 0.00770912 -1.60586 7.43033
v 0.00809876 -0.0814473 7.52148
v 0.00757229 0.248264 7.672
v 0.00897866 2.65835 6.86387
v 0.00827435 3.56077 6.67516
v 0.00895241 3.67831 6.41012
v 0.00838201 4.04867 6.36885
v 0.00903849 4.51754 5.84264
v 0.00855797 4.89865 5.70054
v 0.0088364 5.08317 5.44357
v 0.00947161 6.30397 3.71654
v 0.00950693 6.50171 3.35458
v 0.00953045 6.66326 3.02285
v 0.00937916 6.83914 2.72418
v 0.00889411 7.44754 1.03778
v 0.00976014 7.27007 0.77632
v 0.00900394 7.48477 0.549761
v 0.0105988 7.12356 -0.666986
v 0.00990853 7.2646 -0.988873
v 0.0100838 7.13036 -1.60912
v 0.0101068 6.95609 -2.29969
v 0.00905827 6.99535 -2.95802
v 0.00919083 6.81554 -3.2954
v 0.00994275 6.49584 -3.53553
v 0.0108792 6.00248 -3.93945
v 0.0105585 5.54088 -4.68709
v 0.00975325 5.18222 -5.34372
v 0.00950845 4.71299 -5.82886
v 0.0103435 4.1129 -6.01823
v 0.0101096 3.18076 -6.60341
v 0.0101568 2.82803 -6.74416
v 0.00921633 2.05594 -7.24254
v 0.00972257 1.47456 -7.25077
v 0.00992136 0.127245 -7.33237
v 0.0094774 0.500298 -7.42927
v 0.0102273 -0.231423 -7.25038
v 0.0105044 0.810084 -7.15671
v 0.0105585 1.17814 -7.0971
v 0.0104538 -0.845497 -7.13914
v 0.00975736 -1.12878 -7.2683
v 0.0107127 -1.30718 -6.99621
v 0.00922903 -2.55502 -7.00995
v 0.0102202 -2.68444 -6.69079
v 0.0104263 -3.17683 -6.39918
v 0.00957438 -3.90772 -6.21279
v 0.01056 -4.86943 -5.0828
v 0.00896953 -5.40335 -5.105
v 0.0101196 -5.32231 -4.74085
v 0.00985385 -5.72772 -4.31346
v 0.010152 -5.84809 -3.98788
v 0.00910565 -6.37006 -3.62036
v 0.0101088 -6.24125 -3.28953
v 0.00947596 -6.53741 -3.03596
v 0.0104361 -6.40361 -2.69135
v 0.0101204 -6.58832 -2.41978
v 0.00983242 -6.8598 -1.7335
v 0.00873009 -7.26056 -1.22179
v 0.00968216 -7.03468 -0.977861
v 0.00866371 -7.37238 -0.0512057
v 0.00842724 -7.41119 0.627732
v 0.00931608 -7.1361 0.908267
v 0.00885374 -7.22382 1.18988
v 0.00937676 -6.88362 2.04088
v 0.0090185 -6.88328 2.37011
v 0.00973168 -6.63083 2.48893
v 0.00925451 -6.41064 3.3078
v 0.00920442 -6.23082 3.65955
v 0.00947462 -5.93177 3.98932
v 0.00998683 -5.6339 4.16023
v 0.0097762 -5.23389 4.73033
v 0.00980663 -4.97917 4.97935
v 0.00980232 -4.75649 5.18853
v 0.00872589 -4.27053 5.95474
v 0.00945689 -3.58389 6.14764
v 0.00969795 -3.28041 6.23614
v 0.00894219 -2.65859 6.74713
v 0.00881215 -2.31534 6.91074
v 0.00884911 -2.02603 6.99183
v 0.00830651 -1.81968 7.20593
v 0.00880749 -1.46381 7.14924
v 0.00814781 -0.850732 7.44259
v 0.00849017 -0.443936 7.39202
v 0.0088915 0.209233 7.30959
v 0.00841377 0.593105 7.43078
v 0.00883072 1.03061 7.28154
v 0.00865866 1.39389 7.27893
v 0.00794213 1.66624 7.4279
v 0.00841874 1.96927 7.2282
v 0.00874582 2.31039 7.04432
v 0.0094521 3.31705 6.44947
v 0.00978334 3.78848 6.09598
v 0.00920522 5.24636 5.15742
v 0.00962951 5.38867 4.8545
v 0.00872641 7.27681 1.98246
v 0.00992213 7.03001 1.75733
v 0.00994508 7.17234 1.10268
v 0.00985973 7.3136 -0.364164
v 0.0109523 6.9754 -1.28086
v 0.010105 7.05602 -1.92966
v 0.0103431 6.65947 -2.96341
v 0.0105037 6.50763 -3.21092
v 0.00979694 6.34 -3.88339
v 0.0113095 5.59628 -4.33827
v 0.0105115 5.89431 -4.25253
v 0.010286 5.33558 -5.01119
v 0.0104812 4.82786 -5.43288
v 0.0110203 4.5216 -5.52232
v 0.0107157 4.32705 -5.76135
v 0.00985386 3.88897 -6.29722
v 0.0100092 3.52722 -6.45831
v 0.010244 2.46614 -6.85721
v 0.0101649 1.79029 -7.0738
v 0.0110501 0.384976 -7.05456
v 0.0103902 -0.567126 -7.1869
v 0.0112022 -1.03115 -6.92724
v 0.0108225 -1.59388 -6.90301
v 0.0105719 -2.32232 -6.74143
v 0.0103462 -3.50134 -6.24019
v 0.0109518 -3.72472 -5.91879
v 0.0102476 -4.05193 -5.90441
v 0.0104183 -4.47354 -5.51052
v 0.010743 -5.40126 -4.37831
v 0.0111375 -5.50807 -4.04786
v 0.0113159 -5.63427 -3.76088
v 0.0109394 -6.43891 -2.17692
v 0.00992385 -6.73871 -2.10808
v 0.00980308 -6.9468 -1.34457
v 0.00945791 -7.1327 -0.60963
v 0.00934994 -7.17974 -0.294465
v 0.00996186 -7.01873 -0.0327144
v 0.00925691 -7.20433 0.275643
v 0.0096611 -6.88291 1.74479
v 0.01016 -6.60563 2.20735
v 0.00996142 -6.47088 2.71986
v 0.0104317 -6.05089 3.29013
v 0.00969144 -5.50191 4.46003
v 0.0108352 -5.13407 4.40296
v 0.00912648 -4.69507 5.49011
v 0.00962066 -4.3463 5.5915
v 0.00999138 -4.00601 5.71009
v 0.00905922 -3.05807 6.54163
v 0.0091323 -1.08064 7.13293
v 0.00945848 -0.704727 7.09823
v 0.00961392 0.446239 7.11003
v 0.0096318 0.713564 7.09224
v 0.00921933 1.637 7.08202
v 0.0102941 2.65347 6.49551
v 0.00924609 2.98013 6.66211
v 0.0100124 3.50774 6.18639
v 0.00945479 4.12174 5.9885
v 0.0102367 4.17494 5.70621
v 0.0099425 4.70144 5.3976
v 0.010489 5.04464 4.894
v 0.0110051 5.17866 4.5665
v 0.00999927 5.55073 4.53014
v 0.0113972 5.33188 4.24129
v 0.0103903 5.72643 4.15173
v 0.0102499 5.96784 3.87414
v 0.0105685 6.18305 3.3784
v 0.0109892 6.2528 3.03153
v 0.010393 6.69315 2.4098
v 0.00999812 7.09376 1.42299
v 0.0101453 7.21622 0.412539
v 0.0104765 7.1609 0.00760162
v 0.0102005 6.81708 -2.6517
v 0.011559 6.3406 -2.97738
v 0.0117614 5.16367 -4.68712
v 0.0115133 4.92201 -5.01839
v 0.0111855 3.83595 -5.95951
v 0.0114556 3.23052 -6.22574
v 0.0115493 2.88891 -6.36094
v 0.0103331 2.11713 -6.94574
v 0.00991583 4.9589 5.17899
v 0.0105116 -5.96394 -3.6027
v 0.00988534 6.93325 2.1112
v 0.0107606 -1.95222 -6.81804
v 0.0113934 0.00232284 -6.97657
v 0.0115665 -0.362177 -6.91913
v 0.0115327 -0.705882 -6.89423
v 0.0119291 1.02077 -6.79026
v 0.0121466 -1.68495 -6.54622
v 0.0117008 -2.46697 -6.38722
v 0.0111273 -2.85152 -6.36904
v 0.0109592 -4.15194 -5.60209
v 0.0111893 -4.55119 -5.17563
v 0.0118581 -4.63979 -4.84815
v 0.0111012 -4.96378 -4.77717
v 0.0115702 -5.07246 -4.46123
v 0.0115562 -5.87653 -3.18143
v 0.0109432 -6.16335 -2.93257
v 0.0115218 -6.12047 -2.63706
v 0.0111095 -6.57262 -1.45534
v 0.0106081 -6.83775 0.268503
v 0.0099148 -7.00572 0.584426
v 0.00993237 -6.92719 1.17349
v 0.0106496 -6.67134 1.46507
v 0.0105788 -6.59197 1.86101
v 0.0102426 -6.26296 2.99265
v 0.0106081 -5.81493 3.5949
v 0.0108297 -5.55906 3.86764
v 0.0109031 -5.33562 4.13191
v 0.0109838 -4.61062 4.88046
v 0.0104071 -4.44631 5.23487
v 0.0110064 -3.77171 5.52933
v 0.0107999 -3.30365 5.88045
v 0.0102868 -2.65855 6.34724
v 0.0100395 -2.32233 6.55027
v 0.00971076 -2.06389 6.73213
v 0.00977783 -1.72195 6.81245
v 0.0101755 -1.28857 6.804
v 0.009361 -0.121154 7.17423
v 0.0102253 0.17051 6.94889
v 0.0103861 0.953084 6.87019
v 0.0100038 1.93258 6.80141
v 0.0101095 2.33391 6.65826
v 0.0105726 2.9521 6.29517
v 0.0109771 3.51907 5.89442
v 0.0111581 4.0541 5.50097
v 0.0106269 4.326 5.47137
v 0.011061 4.71903 5.0023
v 0.0114879 5.66486 3.76741
v 0.0110098 5.94288 3.56396
v 0.0106998 6.48847 2.7052
v 0.0115453 6.51778 2.06433
v 0.0109327 6.74915 1.83393
v 0.0111484 6.77658 1.53803
v 0.0113399 6.81514 1.16075
v 0.0110929 6.9629 0.621228
v 0.0111875 6.96201 -0.927737
v 0.0113456 6.81449 -1.65847
v 0.0114799 6.48066 -2.68709
v 0.0114401 6.22676 -3.28286
v 0.0122878 5.77799 -3.67743
v 0.0111712 6.1219 -3.61109
v 0.0118958 5.6676 -4.00993
v 0.0119407 5.32998 -4.43321
v 0.0128782 4.84489 -4.64623
v 0.0132386 4.55669 -4.81179
v 0.012042 4.54317 -5.19576
v 0.0113298 3.56384 -6.08169
v 0.0116182 2.54175 -6.48388
v 0.0116652 2.19252 -6.59254
v 0.0116355 1.83915 -6.70122
v 0.0114736 1.44082 -6.83068
v 0.0126248 0.239545 -6.68339
v 0.0128724 -0.144221 -6.61957
v 0.0122717 0.630373 -6.74903
v 0.0128917 -0.526729 -6.58709
v 0.0120844 -1.29694 -6.65967
v 0.0127395 -2.65374 -6.02561
v 0.0118594 -3.09817 -6.03937
v 0.0117103 -3.42438 -5.88933
v 0.0113642 -3.88206 -5.68149
v 0.0117807 -4.2213 -5.27601
v 0.0123981 -4.74265 -4.53116
v 0.0120852 -5.16528 -4.12053
v 0.0121232 -5.57946 -3.43986
v 0.0124915 -5.80091 -2.76014
v 0.0112595 -6.27737 -2.40526
v 0.0112991 -6.43444 -1.84106
v 0.0110137 -6.6612 -1.08455
v 0.0108444 -6.75073 -0.708573
v 0.0105161 -6.86271 -0.349685
v 0.0112286 -6.65053 0.560864
v 0.0105787 -6.79452 0.865454
v 0.0110425 -6.6297 1.11582
v 0.0120968 -6.22242 1.63865
v 0.0114247 -6.28598 2.06917
v 0.0107562 -6.35816 2.41387
v 0.0111605 -6.13371 2.66825
v 0.0114672 -5.90826 2.94772
v 0.0120123 -5.19885 3.80472
v 0.0119607 -4.98592 4.09575
v 0.0117175 -4.84582 4.35652
v 0.0108648 -4.90125 4.64302
v 0.0115064 -3.48124 5.55125
v 0.0103251 -3.67884 5.81266
v 0.0105746 -2.97799 6.11735
v 0.010464 -0.909836 6.79368
v 0.00974248 -0.399171 7.05227
v 0.00981143 1.30405 6.97997
v 0.0104066 1.55611 6.7756
v 0.0111808 2.38061 6.34607
v 0.0119035 2.91029 5.93448
v 0.0108514 3.23596 6.08186
v 0.0108584 3.85549 5.72751
v 0.0118856 4.10119 5.23699
v 0.0114379 4.407 5.14368
v 0.0120491 4.77643 4.60419
v 0.0123687 4.97977 4.27484
v 0.0127184 5.12624 3.97051
v 0.0118063 5.42962 3.95395
v 0.0118166 5.91404 3.22536
v 0.012612 5.88075 2.87918
v 0.0120769 6.13853 2.65509
v 0.0117443 6.34413 2.38776
v 0.0121198 6.48828 1.69877
v 0.010825 6.98969 0.894414
v 0.0115887 6.87579 0.300396
v 0.0113691 6.95057 -0.357392
v 0.012015 6.78479 -0.682321
v 0.0124112 6.66172 -1.0198
v 0.0125783 6.57132 -1.38136
v 0.0114858 6.69567 -2.01702
v 0.0114803 6.59284 -2.37017
v 0.0127937 6.00627 -3.0144
v 0.0127321 5.34039 -4.12697
v 0.01356 4.23395 -4.99641
v 0.0123153 4.19693 -5.39274
v 0.0130351 3.85142 -5.4355
v 0.0117216 3.99118 -5.70968
v 0.0126483 3.62287 -5.69071
v 0.0127612 3.27753 -5.85864
v 0.012893 2.94491 -5.99139
v 0.0129789 2.6075 -6.117
v 0.01303 2.26741 -6.23141
v 0.0130298 1.57059 -6.42873
v 0.0126092 -0.902618 -6.60583
v 0.013671 -1.11778 -6.30758
v 0.0132692 -1.44101 -6.3315
v 0.013746 -1.75795 -6.12075
v 0.0120687 -2.06775 -6.4443
v 0.0133576 -2.2221 -6.05208
v 0.0129322 -3.21671 -5.66375
v 0.01239 -3.58099 -5.58449
v 0.0131951 -3.951 -5.04259
v 0.0125957 -4.29942 -4.92753
v 0.0125977 -5.27189 -3.72609
v 0.0130306 -5.51041 -3.06379
v 0.012048 -6.15582 -2.11046
v 0.0128513 -6.02989 -1.77365
v 0.0122636 -6.24549 -1.52954
v 0.0123366 -6.28808 -1.19888
v 0.0113104 -6.65558 -0.0451598
v 0.0118881 -6.49172 0.267858
v 0.0119616 -6.41799 0.849745
v 0.0120258 -6.33754 1.22525
v 0.012005 -6.02196 2.32947
v 0.0116989 -5.67778 3.23804
v 0.0118852 -5.43929 3.52456
v 0.0119661 -4.60392 4.50831
v 0.0121584 -4.36 4.66564
v 0.0110803 -4.04218 5.31513
v 0.011868 -2.93668 5.74062
v 0.0110337 -1.93375 6.3952
v 0.0114561 -1.45783 6.40857
v 0.0113133 -1.09727 6.52696
v 0.0119092 -0.743745 6.42402
v 0.0106569 -0.181997 6.821
v 0.0108793 0.544893 6.76854
v 0.0117736 0.871794 6.50727
v 0.0112888 1.25374 6.59137
v 0.0115882 2.61587 6.14747
v 0.0121025 3.20969 5.73107
v 0.0121553 3.51727 5.54361
v 0.012403 5.6237 3.42187
v 0.0132128 5.60124 3.07721
v 0.0132949 5.84466 2.57711
v 0.0130054 6.21028 1.86651
v 0.0129085 6.46234 1.00169
v 0.0119518 6.72809 0.811029
v 0.0132569 6.48034 0.274565
v 0.012255 6.73682 -0.0462381
v 0.012761 6.45815 -1.73302
v 0.013021 6.29637 -2.11131
v 0.0125024 6.31115 -2.45438
v 0.012714 6.1628 -2.70564
v 0.0125923 5.88838 -3.34783
v 0.0135166 5.59338 -3.43134
v 0.0132959 5.00872 -4.32658
v 0.0145056 4.5734 -4.38723
v 0.0139732 3.91016 -5.12814
v 0.0130436 1.92356 -6.33578
v 0.0135707 -2.86272 -5.68839
v 0.012987 5.29886 3.63878
v 0.0120666 -3.65025 5.25737
v 0.0122258 -3.90078 -5.39763
v 0.0113708 -2.30377 6.16899
v 0.0126357 6.20643 2.14238
v 0.0107106 -0.543944 6.77572
v 0.0138981 0.473867 -6.37404
v 0.0141339 0.0899592 -6.32651
v 0.0135081 0.853007 -6.43518
v 0.0144913 -0.308243 -6.22464
v 0.0141465 -0.737234 -6.25909
v 0.0131393 1.21223 -6.47281
v 0.0150207 -1.96526 -5.71704
v 0.0140907 -3.03317 -5.43952
v 0.0135539 -3.61746 -5.19908
v 0.013205 -4.41235 -4.59455
v 0.0128807 -4.83957 -4.2193
v 0.0139895 -4.63051 -4.02599
v 0.0134593 -4.89855 -3.89036
v 0.0124315 -5.95722 -2.39602
v 0.0122059 -6.37438 -0.822143
v 0.0120879 -6.43884 -0.407651
v 0.0123202 -6.35556 0.52908
v 0.0129953 -6.10768 0.995873
v 0.0124175 -5.78011 2.6058
v 0.0127208 -5.54413 2.89124
v 0.0132671 -4.79727 3.7458
v 0.0117222 -4.22717 4.94331
v 0.0125791 -3.84748 4.93918
v 0.0120257 -3.18641 5.55721
v 0.0116309 -2.63049 5.95786
v 0.0126724 -2.29826 5.78537
v 0.0124244 -1.97913 5.97774
v 0.0122661 -1.68721 6.11602
v 0.0118651 0.125977 6.50977
v 0.012405 1.0961 6.31243
v 0.0124239 1.34191 6.27082
v 0.0113478 2.06826 6.39823
v 0.0125045 2.23166 6.03075
v 0.0133748 3.19476 5.36338
v 0.0121343 3.81304 5.36271
v 0.0124354 4.42593 4.79529
v 0.0125879 4.16862 4.95844
v 0.0135266 4.41413 4.43148
v 0.0132803 4.67307 4.26475
v 0.0136451 4.79256 4.00172
v 0.0137847 5.32053 3.25842
v 0.0130248 6.02056 2.34977
v 0.0125097 6.48329 1.35438
v 0.0122349 6.6976 0.532548
v 0.0138163 6.36957 -0.110244
v 0.0135194 6.42709 -0.729688
v 0.0129148 6.58381 -0.392376
v 0.0137778 6.26839 -1.47927
v 0.0137523 6.02302 -2.39789
v 0.0140996 5.81507 -2.7029
v 0.0142401 5.60398 -3.06993
v 0.0148034 5.30234 -3.33662
v 0.0135632 5.39422 -3.7249
v 0.0142623 5.04555 -3.92891
v 0.0148016 4.76317 -4.07629
v 0.0144409 3.53597 -5.25621
v 0.0139319 3.30418 -5.53372
v 0.0154 0.298412 -6.0237
v 0.0153475 -0.0196011 -6.03367
v 0.0143982 1.0489 -6.19854
v 0.015172 -0.981462 -5.96608
v 0.0143817 1.33928 -6.15343
v 0.0146046 -1.34744 -6.02324
v 0.0154923 -1.57714 -5.73075
v 0.014655 -2.42097 -5.61748
v 0.0138367 -3.30088 -5.3413
v 0.0146352 -3.64614 -4.827
v 0.0142208 -4.021 -4.62821
v 0.0143562 -4.24325 -4.34569
v 0.0136672 -4.52807 -4.28651
v 0.0136003 -5.21983 -3.30427
v 0.0142422 -5.19893 -2.98028
v 0.0140146 -5.38693 -2.71677
v 0.0131632 -6.13518 -0.61036
v 0.0136849 -6.00957 -0.300393
v 0.0126881 -6.28385 -0.0173751
v 0.0130706 -6.16714 0.31111
v 0.0132587 -5.9762 1.28619
v 0.0136657 -5.77816 1.59911
v 0.012814 -5.9158 1.96454
v 0.0133111 -5.65804 2.25502
v 0.0129369 -5.30919 3.17947
v 0.0130785 -5.07594 3.46242
v 0.0128967 -4.60393 4.13238
v 0.0130627 -4.3019 4.3716
v 0.0129825 -4.05637 4.62433
v 0.0127132 -3.29656 5.27028
v 0.013168 -2.91387 5.34325
v 0.0128809 -2.60761 5.58731
v 0.0133755 -1.67563 5.79763
v 0.0129556 -1.38961 6.00072
v 0.0124841 -1.08629 6.20433
v 0.0129435 -0.481342 6.17324
v 0.0119392 -0.324066 6.46491
v 0.0124753 0.53325 6.34116
v 0.0134044 1.16334 6.03277
v 0.0116416 1.65332 6.42308
v 0.012521 1.87763 6.12961
v 0.0129533 2.56731 5.78263
v 0.0133562 3.51179 5.18242
v 0.0132855 3.83858 4.98464
v 0.0138233 4.07058 4.63151
v 0.0139872 4.92497 3.71238
v 0.0145308 5.0023 3.38681
v 0.0143515 5.33519 2.96963
v 0.0145059 5.65023 2.29273
v 0.0138073 5.93958 2.04354
v 0.0134837 6.19276 1.53543
v 0.0132388 6.44092 0.655404
v 0.0151198 6.0485 -0.73822
v 0.0141076 6.24978 -1.11685
v 0.0142263 6.1026 -1.75092
v 0.0152658 5.66162 -2.35728
v 0.0148052 4.22275 -4.62663
v 0.0148482 3.97402 -4.82336
v 0.0155082 3.66871 -4.86454
v 0.0155246 3.08562 -5.23445
v 0.0141982 2.9989 -5.62856
v 0.0143084 2.6661 -5.75745
v 0.0143653 2.33593 -5.8769
v 0.0143986 2.00323 -5.9823
v 0.0143894 1.6685 -6.07844
v 0.015286 0.731912 -6.02634
v 0.0159218 -0.233296 -5.88327
v 0.0155916 1.1081 -5.9049
v 0.0158588 -0.586576 -5.86321
v 0.0156225 1.42739 -5.83712
v 0.01609 -1.20931 -5.6827
v 0.0163163 -1.75022 -5.45204
v 0.0162464 -2.42615 -5.1655
v 0.0149964 -2.75365 -5.34455
v 0.0150396 -3.03194 -5.15955
v 0.0148019 -4.58625 -3.73143
v 0.0142545 -4.89794 -3.51883
v 0.0137486 -5.59164 -2.39334
v 0.0133994 -5.79724 -2.06992
v 0.0136447 -5.90255 -1.37883
v 0.0136513 -5.97236 -0.922948
v 0.0140937 -5.88087 -0.598769
v 0.0139309 -5.94038 0.06985
v 0.0140822 -5.88095 0.36139
v 0.0133794 -6.05052 0.655703
v 0.0143456 -5.65524 1.29573
v 0.014178 -5.52828 1.89558
v 0.0136801 -5.4146 2.5429
v 0.01395 -5.17488 2.83328
v 0.0141062 -4.94313 3.12703
v 0.0140802 -4.76793 3.39268
v 0.0139852 -4.46046 3.81978
v 0.0141318 -3.95502 4.2701
v 0.0133751 -3.46228 4.93877
v 0.0139814 -3.08523 4.97352
v 0.0136868 -1.97607 5.60291
v 0.0133195 -0.763308 6.029
v 0.0133857 -0.11921 6.08543
v 0.0130709 0.849864 6.15972
v 0.0133051 1.5432 5.99426
v 0.0140164 2.22031 5.60943
v 0.0132223 2.88098 5.56852
v 0.0146774 4.13631 4.28156
v 0.0146499 4.64888 3.77626
v 0.015082 5.0621 3.05616
v 0.0141831 5.53341 2.70876
v 0.0143515 5.91698 1.71459
v 0.0148421 5.89311 1.38673
v 0.0139574 6.16474 1.19155
v 0.0143947 6.23418 -0.428182
v 0.0151246 5.96016 -1.41424
v 0.0147541 5.89102 -2.05616
v 0.0159733 5.18972 -2.98399
v 0.0160963 5.00039 -3.24657
v 0.0152404 5.03232 -3.56309
v 0.0157725 4.73453 -3.75555
v 0.0173015 4.39562 -3.59586
v 0.0161928 4.16391 -4.2399
v 0.0162294 3.30886 -4.90631
v 0.0156393 2.39429 -5.53517
v 0.0156993 2.07704 -5.63804
v 0.0157258 1.74697 -5.73319
v 0.0166914 0.055158 -5.71018
v 0.017074 0.881919 -5.57655
v 0.0166103 1.21919 -5.63738
v 0.0164587 -0.890445 -5.66059
v 0.0168818 1.48229 -5.51533
v 0.016963 -1.43269 -5.38861
v 0.0162999 -2.06323 -5.32901
v 0.0148857 -3.32507 -5.00136
v 0.0159787 -3.32214 -4.64746
v 0.0157628 -3.64028 -4.44323
v 0.0155191 -3.95468 -4.2168
v 0.0150557 -4.30025 -4.00234
v 0.0151816 -4.86047 -3.09675
v 0.0152764 -5.01718 -2.71987
v 0.0151224 -5.20265 -2.38322
v 0.0143109 -5.64395 -1.71213
v 0.0148862 -5.6039 -1.10438
v 0.0149747 -5.62176 -0.747419
v 0.0148961 -5.66567 -0.412846
v 0.014249 -5.75623 0.962326
v 0.0145704 -5.28757 2.19161
v 0.0151273 -4.79538 2.7786
v 0.0145796 -4.48783 3.51253
v 0.0140649 -3.64661 4.55588
v 0.0145492 -2.71065 4.99407
v 0.013902 -2.57387 5.27939
v 0.013879 -2.29243 5.41709
v 0.0142053 -1.36473 5.64103
v 0.0137918 -1.06587 5.83643
v 0.014871 -0.162015 5.65821
v 0.0132383 0.258634 6.13813
v 0.0138582 0.548501 5.96324
v 0.0145006 1.61177 5.64379
v 0.0136959 1.89188 5.80154
v 0.0142961 2.54496 5.4049
v 0.0147083 3.18997 4.96004
v 0.0143108 3.51734 4.87992
v 0.0146881 3.6878 4.64025
v 0.0147319 4.40266 4.01145
v 0.0155438 4.44322 3.65558
v 0.0152469 4.68119 3.50009
v 0.0159215 4.7264 3.15492
v 0.0154037 5.1589 2.74754
v 0.0156743 5.26312 2.41787
v 0.0151888 5.63319 1.89525
v 0.0159539 5.63609 1.28463
v 0.015512 5.81507 1.03402
v 0.0143531 6.14194 0.836885
v 0.0146107 6.13527 0.475597
v 0.0150586 6.07603 -0.18338
v 0.0157961 5.90053 -0.41433
v 0.0167066 5.66847 -0.684246
v 0.0159784 5.81153 -1.05486
v 0.015759 5.74148 -1.71169
v 0.0156481 5.43262 -2.67257
v 0.0167652 4.71685 -3.38602
v 0.0160633 4.45366 -3.98312
v 0.0163019 3.83453 -4.50104
v 0.015636 2.71508 -5.39563
v 0.0177613 1.19628 -5.35297
v 0.0173956 -0.64814 -5.4641
v 0.0170768 -3.29394 -4.28153
v 0.0161749 -4.23961 -3.58698
v 0.0156761 -4.55078 -3.36405
v 0.0147451 -5.6682 0.580182
v 0.0157215 -4.92257 2.1265
v 0.0151927 -3.35522 4.34019
v 0.0146308 -3.2475 4.6361
v 0.014912 -2.34472 5.05495
v 0.0145621 -0.746202 5.67309
v 0.0143585 0.886378 5.80118
v 0.0151176 1.86694 5.40112
v 0.0154032 3.35877 4.63212
v 0.0160963 5.31733 2.0568
v 0.0157333 5.83341 0.662953
v 0.0163105 5.5209 -2.00816
v 0.0168119 5.28695 -2.30639
v 0.0177252 3.55582 -4.28315
v 0.0170553 3.44871 -4.57214
v 0.0169484 2.41315 -5.19018
v 0.0167128 2.15845 -5.35275
v 0.0140725 -4.23218 4.02857
v 0.0163253 4.82952 2.81956
v 0.0145231 2.85908 5.19442
v 0.0149385 -5.53435 -1.41038
v 0.0159296 3.06722 4.63714
v 0.0160892 -3.03198 -4.83372
v 0.0175659 4.7607 -2.9632
v 0.0176818 3.11022 -4.6177
v 0.0152334 -4.53554 3.11541
v 0.0149817 -4.18113 3.67939
v 0.0176372 3.8078 -4.09746
v 0.0153055 3.82295 4.32871
v 0.0148393 -5.40507 -2.034
v 0.0145505 -1.65693 5.44704
v 0.0171822 1.82336 -5.34787
v 0.0153759 -5.1591 1.84922
v 0.0148968 -5.04291 2.48017
v 0.0163894 -4.81492 -2.39606
v 0.0166077 4.93031 2.51325
v 0.0150276 -1.04494 5.47006
v 0.0176201 -1.02675 -5.32683
v 0.0153347 -5.39459 1.11708
v 0.0151751 -5.57862 0.189952
v 0.0168321 0.459183 -5.67136
v 0.0140614 -0.45626 5.86258
v 0.0147129 -5.72233 -0.125767
v 0.0148761 6.10655 0.114573
v 0.0144828 0.20479 5.79079
v 0.0183887 -0.378161 -5.23695
v 0.0171016 -0.307226 -5.58457
v 0.0176508 -1.71285 -5.09474
v 0.0171755 -2.99553 -4.49786
v 0.0168704 -3.60391 -4.05834
v 0.0169677 -4.22116 -3.20656
v 0.0164166 -4.49944 -3.04377
v 0.0162033 -5.00034 -2.03935
v 0.0159723 -5.34212 -0.529357
v 0.015382 -5.44136 0.805257
v 0.0151991 -3.60237 4.14206
v 0.0150113 -1.95394 5.19225
v 0.0159389 0.144735 5.35125
v 0.015308 0.558272 5.54815
v 0.0155621 0.935715 5.44498
v 0.015291 2.21933 5.23537
v 0.0158112 3.51881 4.38438
v 0.0163018 4.14199 3.6755
v 0.0166604 4.34165 3.31449
v 0.016997 4.9888 2.18808
v 0.0174146 5.02683 1.84301
v 0.0166423 5.57468 0.807914
v 0.0183392 4.37754 -3.19192
v 0.0179669 2.08445 -5.05246
v 0.0172394 5.03821 -2.61528
v 0.0164623 -4.6394 -2.74618
v 0.0161817 -2.74701 -4.99676
v 0.0146951 1.26278 5.65792
v 0.016689 5.5874 -1.37148
v 0.0157554 -5.32675 -1.2505
v 0.0175677 4.09134 -3.84382
v 0.0158636 3.97146 4.00452
v 0.0165794 -3.91956 -3.82293
v 0.0170678 -2.77031 -4.69924
v 0.0169437 3.00393 -4.89274
v 0.01508 -5.37112 1.51374
v 0.0153206 -1.35528 5.29394
v 0.0159661 -5.19477 -1.60612
v 0.0156432 5.63314 1.56001
v 0.0157492 -5.41757 -0.175552
v 0.0178241 0.240985 -5.42495
v 0.0163153 5.76984 -0.0777709
v 0.0187576 4.64836 -2.52904
v 0.0152109 -2.8805 4.65826
v 0.0157538 2.82109 4.8306
v 0.0168208 5.37759 1.37493
v 0.0181758 1.48057 -5.18338
v 0.0183113 -1.3199 -5.04454
v 0.0151606 -3.89066 3.89783
v 0.0173798 5.48253 0.167609
v 0.0159698 -5.30172 0.50624
v 0.0182434 -2.946 -4.13525
v 0.0163747 -4.82007 1.79338
v 0.0177914 5.15739 -1.94856
v 0.0161487 -1.71977 4.87737
v 0.016033 5.80869 0.309375
v 0.0180831 -0.0523591 -5.34968
v 0.0187419 1.73375 -4.95991
v 0.0154853 -1.61582 5.15409
v 0.0165307 5.34205 1.70379
v 0.0155437 1.49422 5.36387
v 0.0172213 5.38686 -1.66921
v 0.0160432 -5.02512 1.57417
v 0.0174361 -2.46814 -4.77794
v 0.0183088 4.91078 -2.23693
v 0.0169945 2.73242 -5.02791
v 0.0155403 2.52299 5.03881
v 0.0172856 4.65783 2.59305
v 0.0158468 -2.46563 4.65468
v 0.0189574 3.99983 -3.41474
v 0.0167371 3.55302 4.02987
v 0.0189661 1.20163 -5.02878
v 0.0158401 1.20511 5.32416
v 0.0162037 0.716719 5.25819
v 0.0186025 0.912061 -5.17642
v 0.0160945 1.9601 5.07134
v 0.0176115 -2.10399 -4.92718
v 0.0167549 3.17179 4.2908
v 0.0180846 -3.25597 -3.90701
v 0.0156941 -4.18468 3.32178
v 0.0161816 -3.22448 4.01699
v 0.0173956 4.44193 2.85235
v 0.0166741 2.49286 4.68098
v 0.0188373 2.90312 -4.39764
v 0.0162081 -4.41335 2.70757
v 0.0178364 5.35543 -1.00304
v 0.016718 -5.03514 -1.21542
v 0.0190042 -0.987113 -4.93484
v 0.0162365 -1.3931 4.95951
v 0.0162292 -5.0575 1.26494
v 0.0161261 -3.83103 3.49549
v 0.0200312 3.60219 -3.39408
v 0.0188298 3.47393 -3.98502
v 0.0159688 -0.280652 5.30264
v 0.015844 -0.681373 5.28397
v 0.0193708 0.701731 -4.98056
v 0.0179288 5.23841 0.761239
v 0.0187603 -1.8012 -4.70683
v 0.0150927 -0.465327 5.55616
v 0.0184025 0.546707 -5.26636
v 0.0157023 -3.05515 4.3496
v 0.0186211 3.21416 -4.26004
v 0.0168425 5.46166 1.06731
v 0.0164308 -5.08624 0.860235
v 0.0161219 -5.26582 -0.916364
v 0.0161534 -1.05607 5.09149
v 0.0164164 2.20092 4.88631
v 0.0184983 2.39421 -4.77713
v 0.0159907 -2.07175 4.79184
v 0.0160384 -4.66257 2.4078
v 0.0177177 4.68402 2.31334
v 0.0174152 2.16819 4.53956
v 0.0198721 2.85736 -4.08257
v 0.0175544 -4.41904 -2.41532
v 0.0169382 -4.09225 2.6589
v 0.0182886 -2.60902 -4.38991
v 0.0171309 1.51628 4.83063
v 0.0185868 4.7372 1.63252
v 0.0171419 -4.92671 -0.932085
v 0.020156 3.7664 -3.14376
v 0.0175716 3.92112 3.36694
v 0.0176353 -3.85988 -3.3946
v 0.016643 -5.1194 0.113072
v 0.0177486 5.40855 -0.163823
v 0.0166894 -0.437689 5.02052
v 0.0163749 -4.15653 2.96724
v 0.0192385 4.35375 -2.78986
v 0.0168528 2.79474 4.47195
v 0.0185714 5.04485 -1.60002
v 0.0188067 -1.51882 -4.8149
v 0.0163124 1.67123 5.08211
v 0.0171705 -4.77373 -1.74423
v 0.0170443 5.52504 0.514086
v 0.0163201 0.471312 5.22695
v 0.0169893 5.60704 -0.37253
v 0.0171412 1.84234 4.75154
v 0.0173636 -4.6112 -2.07254
v 0.0167356 -4.56338 2.0365
v 0.0180196 3.14407 3.80624
v 0.0197437 4.03849 -3.00196
v 0.0179698 -3.95188 -3.04462
v 0.018214 5.2888 -0.520559
v 0.0197062 0.944091 -4.85325
v 0.0186417 -0.699721 -5.11237
v 0.0179255 5.2693 -1.37519
v 0.0177662 5.06445 1.49263
v 0.0192395 1.44615 -4.89537
v 0.016133 -3.54223 3.77098
v 0.017113 3.77215 3.69985
v 0.0188918 3.72727 -3.73179
v 0.0178463 -3.55924 -3.67851
v 0.0175995 -4.22563 -2.80537
v 0.0181511 2.78254 -4.67729
v 0.0169906 -5.00465 -0.635589
v 0.0202568 0.670944 -4.69928
v 0.0198423 3.15 -3.88205
v 0.0170551 -2.89848 3.79874
v 0.0191721 4.79394 -1.87095
v 0.0195873 -1.80028 -4.39408
v 0.0179664 -4.46301 -1.79911
v 0.0193885 1.98376 -4.68687
v 0.0187209 4.41246 2.13475
v 0.0198163 2.21179 -4.45459
v 0.0175844 -4.20488 1.84962
v 0.0188466 -2.15248 -4.48901
v 0.0166778 0.985251 5.07992
v 0.0190563 4.85319 0.889342
v 0.0195786 -0.717844 -4.81476
v 0.0169104 -0.738576 4.87332
v 0.0173427 -4.74193 0.764486
v 0.0165405 -3.91613 3.16023
v 0.0171759 -4.83913 -1.4431
v 0.0168015 -5.07754 -0.288587
v 0.0189283 0.196224 -5.12712
v 0.0192584 -0.12117 -5.01426
v 0.0174213 -4.83599 -0.10566
v 0.0165426 1.34777 5.07383
v 0.0179552 5.12834 1.141
v 0.0199987 1.23059 -4.7113
v 0.0177976 -4.65804 -1.14454
v 0.0171503 -4.75019 1.07481
v 0.0196356 2.55136 -4.35057
v 0.0171002 -4.23796 2.3171
v 0.0177186 3.47037 3.69439
v 0.0189018 -3.21943 -3.53162
v 0.0185825 -3.49696 -3.35658
v 0.0181015 4.03614 2.99591
v 0.0164803 -2.9044 4.10441
v 0.0192541 -2.60821 -3.97834
v 0.0179141 2.7663 4.07361
v 0.0171048 -4.5325 1.72423
v 0.0196324 -1.51897 -4.52107
v 0.0181691 4.71149 1.98417
v 0.0195074 -0.440391 -4.8967
v 0.0170665 -4.91672 0.488469
v 0.0193688 -2.32271 -4.15174
v 0.0200376 4.28685 -2.4176
v 0.0176901 2.44955 4.31835
v 0.0174411 1.21479 4.76197
v 0.0199823 0.128323 -4.79996
v 0.0185586 5.17092 0.0492944
v 0.0170197 -0.082083 4.94538
v 0.0167861 -3.49131 3.46063
v 0.0190971 4.97236 -1.23159
v 0.0171312 -1.12301 4.66777
v 0.0184558 -4.1965 -2.04133
v 0.0166405 -2.15105 4.47721
v 0.0182089 4.40367 2.46673
v 0.0196564 4.53975 -2.15183
v 0.0170425 -3.61118 3.17712
v 0.0199069 3.38857 -3.65558
v 0.0185253 -4.02696 -2.43057
v 0.0162406 -2.71879 4.34121
v 0.0169487 -4.71799 1.44929
v 0.0194437 -1.24128 -4.7073
v 0.0168401 -1.48859 4.672
v 0.0201022 1.5842 -4.5935
v 0.0182697 5.213 0.375992
v 0.0169805 0.303747 4.98618
v 0.0187485 5.13338 -0.226671
v 0.0169656 -1.79537 4.49414
v 0.0206771 1.89419 -4.28369
v 0.0180248 1.87453 4.36706
v 0.0207947 3.72293 -2.83596
v 0.0172108 -3.79736 2.83917
v 0.0191157 -2.91357 -3.75684
v 0.0178446 -4.54343 0.510121
v 0.0169758 0.633247 4.99067
v 0.0190314 -3.84335 -2.15121
v 0.0191001 4.12749 2.28519
v 0.0205626 2.23544 -4.17469
v 0.0207249 4.17707 -2.07275
v 0.0208691 3.99162 -2.32684
v 0.0168283 -2.38195 4.26469
v 0.0170074 -2.62515 4.01518
v 0.0186075 2.32627 3.91094
v 0.0181237 2.14932 4.23284
v 0.0175746 -4.48443 1.22103
v 0.0200111 -0.917286 -4.60322
v 0.0204105 -1.18576 -4.32522
v 0.0185524 -4.27256 -1.26907
v 0.0189203 4.77499 1.26039
v 0.0180553 -4.52953 -0.130681
v 0.0207229 0.0756871 -4.50375
v 0.0196526 4.84072 -0.0869454
v 0.0192041 4.94843 0.231487
v 0.0175603 0.176482 4.71524
v 0.0177861 -0.0753623 4.54437
v 0.0209293 3.46863 -3.07212
v 0.0208331 3.26252 -3.34652
v 0.0181242 3.5753 3.42771
v 0.0193401 4.95907 -0.409297
v 0.0176581 -4.70797 0.176324
v 0.0191471 4.91341 0.533245
v 0.0174283 -0.405644 4.69697
v 0.0176705 -4.74587 -0.398687
v 0.0202521 -0.180724 -4.67518
v 0.0196663 0.434832 -4.90754
v 0.017955 -4.53429 -1.50535
v 0.0179618 1.50551 4.48343
v 0.0198294 4.68947 -1.50446
v 0.0176101 -4.35645 1.49204
v 0.0198891 -2.5765 -3.61026
v 0.0175203 -3.85625 2.46306
v 0.020446 4.01052 -2.63569
v 0.0207873 2.85043 -3.71503
v 0.0186469 4.09876 2.62168
v 0.0186671 -3.82195 -2.75065
v 0.0195515 4.89111 -0.781571
v 0.0206564 0.94757 -4.52317
v 0.017836 -4.67022 -0.748698
v 0.0172899 -2.04053 4.18034
v 0.020049 -1.9623 -4.07538
v 0.016956 -3.2136 3.61249
v 0.0183764 3.30767 3.50814
v 0.0205916 3.1156 -3.59403
v 0.0186445 3.65992 3.08806
v 0.0187143 -3.63109 -3.06604
v 0.0179544 -4.01486 1.50746
v 0.0208268 4.31989 -1.41549
v 0.0203761 4.42144 -1.78423
v 0.0191715 4.42004 1.79326
v 0.017608 -1.6843 4.09889
v 0.0210205 1.54103 -4.24362
v 0.0184193 1.65377 4.16665
v 0.0203017 -1.56668 -4.17816
v 0.0186109 -4.19974 -1.63226
v 0.0190715 3.75396 2.73184
v 0.0213555 3.66952 -2.44225
v 0.0212987 2.92653 -3.37097
v 0.0175942 -2.86659 3.38043
v 0.0175322 -2.5568 3.66249
v 0.01768 -3.57667 2.58709
v 0.0197167 -2.87569 -3.37868
v 0.0187751 2.71183 3.64315
v 0.0188796 3.028 3.40351
v 0.0183913 -4.35775 -0.483221
v 0.0206186 0.365013 -4.57195
v 0.0179099 -0.372446 4.31903
v 0.0176432 -0.727593 4.4788
v 0.0176681 0.478988 4.6872
v 0.0202354 4.64238 -0.42889
v 0.019127 -3.81286 -1.78859
v 0.0194104 3.82991 2.39803
v 0.0177826 -3.87342 2.09577
v 0.0209554 2.47513 -3.89014
v 0.0200072 -2.28177 -3.82611
v 0.0179669 -4.18448 1.2002
v 0.0203227 4.58461 -1.12437
v 0.0174537 -1.41165 4.36083
v 0.0206763 -0.827081 -4.31057
v 0.0184726 -4.32879 -0.898366
v 0.019582 4.42583 1.42156
v 0.0199601 4.44128 0.985127
v 0.0181663 1.09051 4.39846
v 0.0176439 0.843707 4.70522
v 0.0208927 1.25991 -4.37379
v 0.0213068 0.247827 -4.162
v 0.0210045 -0.18211 -4.30975
v 0.0173953 -3.25865 3.24672
v 0.0176574 -3.37282 2.86006
v 0.0214864 3.38413 -2.72009
v 0.0188918 3.32102 3.20869
v 0.0194641 -3.21551 -3.11222
v 0.017911 -3.85602 1.7738
v 0.0212877 4.00862 -1.69027
v 0.0195044 4.12854 1.96576
v 0.0176747 -1.93999 3.82757
v 0.0185534 1.92839 4.02803
v 0.0206351 -1.64304 -3.81789
v 0.0217363 2.67894 -3.10743
v 0.0176541 -2.68138 3.05587
v 0.0178654 -0.680419 4.07735
v 0.018205 -4.17786 0.560278
v 0.0196241 3.89212 2.12413
v 0.0178305 -3.56018 2.2799
v 0.0213501 2.04474 -3.89452
v 0.020466 -1.96953 -3.67081
v 0.021381 3.81415 -2.06623
v 0.0174461 -2.29059 3.91911
v 0.0178795 -4.41339 0.888499
v 0.0177542 -1.04545 4.23799
v 0.0207954 -1.29002 -3.93546
v 0.0184008 -4.22693 -0.155486
v 0.0200965 4.60486 0.286865
v 0.0215961 3.07374 -2.99235
v 0.0192772 3.00324 3.02736
v 0.0199745 -2.80123 -3.00984
v 0.0210586 0.632371 -4.35928
v 0.0198144 4.62315 0.655024
v 0.0216619 3.31921 -2.40317
v 0.0191509 2.68067 3.22734
v 0.0176646 -1.5852 3.7363
v 0.0178199 -3.52572 1.89075
v 0.0199086 3.81453 1.8364
v 0.0187972 1.95287 3.64321
v 0.0195278 3.23879 2.388
v 0.019396 3.35252 2.79719
v 0.0217082 3.0509 -2.57484
v 0.0176764 -2.46093 3.29709
v 0.0177805 -3.29706 2.49289
v 0.0209242 -0.748932 -3.78693
v 0.0186645 -4.01956 -0.701184
v 0.0213851 0.947467 -4.14221
v 0.0214061 0.615297 -4.05718
v 0.0204122 4.30344 0.580633
v 0.0176608 -0.996897 3.84908
v 0.0182333 -3.97707 0.311263
v 0.020721 4.43635 -0.751359
v 0.0193498 -3.52519 -2.07606
v 0.0197675 3.56064 2.13525
v 0.021671 2.20867 -3.54318
v 0.0176779 -2.19926 3.56399
v 0.0189852 2.3262 3.43712
v 0.0181228 -4.01206 0.888086
v 0.0209286 -0.939301 -4.02088
v 0.018797 -3.99531 -1.04382
v 0.0202 4.07676 1.23716
v 0.0183795 0.972898 4.01978
v 0.02154 1.07957 -3.83575
v 0.0177292 -2.99667 2.98918
v 0.0203235 -2.25181 -3.47026
v 0.0192212 -3.65579 -2.41974
v 0.018948 -3.91983 -1.39039
v 0.0214634 1.30853 -4.02905
v 0.0177452 -1.3332 3.99382
v 0.0184833 1.34672 4.10731
v 0.0215267 3.59394 -1.75757
v 0.0174806 -1.84025 3.46641
v 0.0191118 -3.43989 -1.7612
v 0.0185925 -3.75911 -0.863399
v 0.0204123 4.03217 0.851633
v 0.0210976 4.19909 -1.06113
v 0.0177639 -0.32 3.93983
v 0.0211028 -0.548458 -4.07692
v 0.0179862 -3.82624 1.20362
v 0.0212826 4.01638 -1.3286
v 0.0183101 1.24395 3.72804
v 0.0216289 3.44419 -2.10806
v 0.0175881 -3.23247 2.14936
v 0.0196825 -2.65542 -2.66653
v 0.0216595 2.74473 -2.75459
v 0.0197871 -3.04401 -2.70531
v 0.0192957 2.94437 2.64623
v 0.0214606 2.42228 -2.86
v 0.0171189 -2.35467 2.90855
v 0.0173906 -2.72841 2.7038
v 0.0199671 -2.48906 -2.94511
v 0.0190737 2.69346 2.88103
v 0.0213043 0.459757 -3.80509
v 0.0176069 -3.62563 0.228622
v 0.0181063 0.329507 4.03999
v 0.0208568 4.30077 -0.43328
v 0.0176701 -3.6524 0.894476
v 0.018738 -3.67282 -1.14093
v 0.0215993 2.02898 -3.27048
v 0.0173092 -2.10727 3.21087
v 0.0183581 1.96428 3.22617
v 0.0203731 -1.97835 -3.36814
v 0.0181234 0.645322 3.92564
v 0.0179975 -3.8187 0.58099
v 0.0171059 -0.620224 3.63909
v 0.0182546 -3.69317 -0.568807
v 0.0214526 0.788912 -3.81746
v 0.0189426 -3.56649 -1.46808
v 0.0216985 1.79673 -3.53737
v 0.0205004 -1.70038 -3.46735
v 0.0171961 -3.31523 1.56801
v 0.0211189 3.22108 -1.80873
v 0.0211757 1.51463 -3.32516
v 0.0180957 1.55851 3.40961
v 0.0198756 -1.7937 -3.13746
v 0.0190167 -3.12296 -1.96342
v 0.0182102 -3.17279 -1.51024
v 0.0207919 -1.03595 -3.6904
v 0.0201134 3.74026 0.732849
v 0.0169838 -3.46807 0.602748
v 0.0177307 0.851386 3.64623
v 0.0186256 2.86121 2.25144
v 0.0213478 3.04743 -2.17072
v 0.0162812 -2.40973 2.56686
v 0.0173785 -2.96814 2.39269
v 0.0213888 3.71762 -1.40756
v 0.02064 -1.36983 -3.58042
v 0.0200503 3.76608 1.47028
v 0.0215915 1.36481 -3.64089
v 0.0195651 -3.27711 -2.37254
v 0.0217293 2.32849 -3.19628
v 0.0201019 -2.17688 -3.09501
v 0.0212238 -0.14242 -3.91414
v 0.0185007 -3.98412 -0.349896
v 0.0183369 -3.96061 0.00372763
v 0.0208948 3.99751 -0.198051
v 0.0211351 0.158749 -3.77519
v 0.0196295 3.43519 1.70221
v 0.0198337 -1.44845 -3.22965
v 0.0172383 -3.43267 1.20603
v 0.0184135 3.08464 1.69845
v 0.0164804 -1.77225 3.10812
v 0.021076 1.75692 -3.14949
v 0.0168044 1.66447 3.00292
v 0.0202551 -0.766416 -3.47688
v 0.0177997 -3.41544 -0.862658
v 0.021171 0.987986 -3.54926
v 0.0200404 3.69061 1.07348
v 0.0166877 -1.02641 3.46651
v 0.0150258 -3.13539 0.688965
v 0.0212503 3.83683 -1.06876
v 0.0166128 -3.35758 0.884889
v 0.0174603 -1.27587 3.67945
v 0.0199476 -1.10173 -3.3421
v 0.0163407 -2.01669 2.92076
v 0.0172941 1.96222 2.89227
v 0.0171333 -3.18183 1.84285
v 0.0191907 3.16764 2.00779
v 0.0163462 -2.86254 1.99668
v 0.0185913 2.32182 2.97177
v 0.0211428 4.00093 -0.678079
v 0.0205132 3.94128 0.500418
v 0.0207776 0.643207 -3.51543
v 0.0208047 -0.45491 -3.66979
v 0.0175749 0.0272918 3.80276
v 0.020712 4.17845 0.20475
v 0.0192408 -2.28399 -2.70298
v 0.0209953 2.05408 -2.92616
v 0.0187843 -1.91373 -2.79006
v 0.0181822 -2.44041 -2.30296
v 0.021147 2.73633 -2.40825
v 0.0209159 3.35814 -1.46499
v 0.0159863 -3.11653 1.33389
v 0.0207757 3.49197 -1.13557
v 0.0170014 1.12045 3.33792
v 0.0195164 3.47487 1.35163
v 0.0168031 -1.43787 3.3513
v 0.0205936 1.2078 -3.27177
v 0.0182157 -3.38175 -1.21766
v 0.0200973 2.89884 -1.83751
v 0.0158408 -2.97386 1.60913
v 0.0206595 3.5952 -0.801843
v 0.0154688 -3.21972 0.338012
v 0.0167637 -3.33422 -0.441293
v 0.0204401 3.79699 0.168221
v 0.0166062 2.10891 2.6061
v 0.0140465 -2.45962 1.99848
v 0.0195114 2.98418 -1.51377
v 0.0182718 -1.54523 -2.87489
v 0.0153432 -2.75545 -1.35403
v 0.0182765 -0.809856 -3.09962
v 0.0147677 -2.98631 -0.70029
v 0.0196461 0.843381 -3.21446
v 0.0190977 3.44079 0.774283
v 0.0195952 3.30402 -0.903579
v 0.0204429 3.64139 -0.431999
v 0.0171944 0.413165 3.60926
v 0.0197421 3.5969 0.464269
v 0.0152231 -0.346114 3.31146
v 0.0178944 -2.70991 -1.99014
v 0.0174648 2.8261 1.87139
v 0.0151861 -2.0789 2.6042
v 0.020123 3.63752 -0.106391
v 0.020459 0.304227 -3.50349
v 0.0202965 -0.075961 -3.49154
v 0.0162642 -2.61642 2.32519
v 0.0193153 -2.87479 -2.33339
v 0.0210105 2.50632 -2.58474
v 0.0180771 2.51768 2.5323
v 0.0153206 -3.10017 1.03179
v 0.0147815 -1.77084 2.77175
v 0.0174615 -2.86235 -1.70104
v 0.015631 0.712612 3.25655
v 0.0170395 2.99632 -0.820304
v 0.0159779 0.0153076 3.42671
v 0.0160672 -3.2889 -0.0421282
v 0.0144254 -2.27085 2.29232
v 0.0197003 2.40711 -2.31
v 0.0148406 -0.723434 3.20523
v 0.0189865 0.474638 -3.20308
v 0.0191567 -0.447773 -3.27279
v 0.0166308 -3.08203 -1.10682
v 0.0161535 1.34996 3.0818
v 0.0184091 3.17884 1.41569
v 0.0146706 -1.46112 2.92738
v 0.0198823 1.4468 -3.02645
v 0.0178503 -3.64759 -0.194876
v 0.0202295 2.22117 -2.59088
v 0.0160751 -2.40848 -1.9527
v 0.0119968 -1.94456 2.27169
v 0.0168233 2.30045 -1.96186
v 0.0106061 -2.2858 1.73069
v 0.0110122 -2.11675 1.98718
v 0.0159882 2.47337 2.06296
v 0.0154503 2.22147 2.30651
v 0.0170651 2.01661 -2.2596
v 0.0170521 -2.02946 -2.4187
v 0.0137238 1.40011 2.75331
v 0.0117946 -1.51082 2.5726
v 0.0160697 2.816 1.49509
v 0.0109824 -0.808399 2.81205
v 0.0126394 -0.064683 3.04588
v 0.0190301 3.43087 0.144221
v 0.0146446 -1.10459 3.0747
v 0.0174212 -0.114897 -3.07498
v 0.0188323 0.16461 -3.2309
v 0.012799 -1.78592 2.49721
v 0.0148935 1.75194 2.65422
v 0.0190671 1.92055 -2.60474
v 0.0158784 -1.65428 -2.51191
v 0.0170639 2.5799 -1.63979
v 0.0145781 2.55446 1.71264
v 0.00899962 -1.62527 2.26565
v 0.0148828 -1.2816 -2.60473
v 0.0154731 -2.55181 -1.6879
v 0.0144269 -0.898071 -2.70604
v 0.0137314 -2.78188 -0.996654
v 0.0177012 1.08894 -2.87468
v 0.0161925 2.95882 1.15037
v 0.01106 -1.17111 2.68587
v 0.0119937 -2.86934 0.453459
v 0.011887 -2.79852 0.822372
v 0.0113075 0.573582 2.87394
v 0.012687 1.97869 -1.8922
v 0.0124482 1.87872 2.27943
v 0.0126137 2.12894 2.05182
v 0.014842 -2.12235 -2.05711
v 0.0114821 -0.435537 2.92776
v 0.0185832 3.32132 -0.214501
v 0.0130645 -2.76147 1.25417
v 0.0193442 3.14026 -1.16709
v 0.0180434 -1.18066 -2.97608
v 0.0134298 1.00629 2.90521
v 0.0189905 3.29647 -0.593318
v 0.0142059 0.310578 3.16679
v 0.0148829 -0.465387 -2.8244
v 0.00788225 -0.633233 -2.40777
v 0.0117683 0.841585 -2.52793
v 0.00577611 -2.48681 0.545244
v 0.012638 -2.219 -1.72585
v 0.00920706 -1.87493 -1.79533
v 0.0107349 1.67753 -2.0219
v 0.00705671 -1.79059 1.98346
v 0.00544479 1.57576 2.05079
v 0.0127119 -1.76332 -2.14785
v 0.0135992 -2.97526 -0.279638
v 0.00501226 -0.525394 2.53798
v 0.00913288 0.213047 2.78855
v 0.0175885 3.2317 0.465431
v 0.0175384 1.41201 -2.72632
v 0.00766512 -2.29688 1.36285
v 0.010471 -1.39364 -2.23587
v 0.015798 1.61059 -2.43578
v 0.011314 2.45267 1.41906
v 0.0101006 1.49719 2.39103
v 0.0104064 2.20445 1.71464
v 0.00729739 1.86675 1.89525
v 0.00066104 -1.63867 1.7491
v 0.0118164 2.15877 -1.61495
v 0.00498943 -1.50672 -1.86879
v 0.00488889 -1.95019 1.64614
v 0.00996978 0.460201 -2.53597
v 0.00754627 -0.254994 -2.46098
v 0.0105588 -2.71292 -0.465207
v 0.00554548 0.442164 2.57803
v 0.0130782 2.83937 0.508394
v 0.0148112 2.92077 -0.387855
v 0.0126512 -2.93241 0.0958739
v 0.0166162 3.08168 0.813129
v 0.00517467 -0.891374 2.44096
v 0.0101746 -2.60444 -0.750625
v 0.0161625 0.657323 -2.87291
v 0.0115417 2.34842 -1.33131
v 0.0134356 1.21317 -2.48328
v 0.00872662 -1.01901 -2.32414
v 0.0128351 2.65701 1.198
v 0.00557969 -1.25149 2.28763
v 0.00694157 -2.43914 0.960142
v 0.00828897 1.13073 2.48436
v 0.0155154 2.70705 -1.16468
v 0.00818141 -2.64443 0.230019
v 0.00648131 -0.146149 2.65419
v 0.0151537 3.00118 0.088097
v 0.00626412 -2.00089 -1.45823
v -0.000364488 -1.6388 -1.51461
v -0.000135781 1.6005 1.76561
v -0.000441819 1.12052 -1.9279
v -0.00596823 -1.61921 1.45975
v 0.00373877 1.73959 -1.60261
v -0.00304615 1.36561 1.84942
v -0.00212025 -1.90463 1.24999
v 0.00657777 2.29096 -0.975167
v -0.004455 -1.14568 1.92577
v 0.0153991 0.234488 -2.88166
v 0.0122816 2.71589 0.883797
v 0.00671464 0.756219 2.54865
v 0.0111564 2.6095 -0.705452
v 0.00212879 1.24552 2.12394
v 0.00239253 -1.46924 1.98111
v 0.0113456 -2.3569 -1.40427
v 0.00846954 1.33337 -2.14314
v 0.000880579 -2.13238 1.04019
v -0.000510092 1.81181 1.50872
v 0.000859471 1.38587 -1.79815
v -0.0171975 -1.56876 1.09914
v 0.00368257 -2.26328 -0.799094
v 0.00777305 2.5889 0.208854
v -0.00139767 -2.16054 0.735941
v -0.0016492 -0.77077 -2.03247
v -0.00147406 -0.948567 2.14177
v 0.00598722 2.34171 1.04164
v 0.0103705 -2.48233 -1.07203
v 0.00119056 -1.13829 -1.95824
v 0.00478836 2.14284 1.35192
v 0.0043937 -2.13351 -1.1282
v -0.0071516 -1.36515 1.67508
v -0.0150361 -1.43537 -1.22296
v -0.0131296 1.38124 1.52323
v 0.00557045 0.991814 -2.1919
v -0.00131669 0.878482 2.18417
v -0.00408474 2.10277 0.772635
v 0.0083222 0.0987527 -2.5047
v 0.00990701 2.67598 -0.107867
v 0.00768337 -2.59836 -0.125139
v -0.00385725 -0.6444 2.1807
v 0.00248228 0.637236 -2.20922
v -0.00251329 0.505185 2.26631
v 0.00780781 2.54525 -0.36199
v 0.00332578 2.00522 -1.26193
v 0.00104201 -2.3364 0.180408
v -0.00148172 -0.0387262 -2.18078
v -0.0342596 1.2767 1.14676
v -0.00595194 -1.91546 -0.85443
v 0.00448513 -2.40151 -0.470896
v 0.000552107 0.161841 2.41261
v -0.0117238 1.35593 -1.44618
v -0.0210278 -1.28908 1.33923
v -0.00300072 -0.392642 -2.09903
v -0.00373819 -2.16129 0.43411
v 0.00457309 2.41697 0.591112
v -0.00128177 2.19633 -0.522593
v -0.00395904 -1.7836 -1.18157
v -0.0186395 -0.46403 1.87719
v -0.00146458 2.27652 0.259468
v -0.0162579 0.182955 1.97585
v 0.000303744 2.32344 -0.0863661
v -0.0127877 -0.811071 1.87402
v -0.02187 -0.533937 -1.67761
v -0.00855658 0.803597 -1.85937
v -0.00591931 -2.04375 -0.518716
v -0.0165212 0.607762 1.89785
v -0.00955257 -1.23256 -1.56084
v -0.0118755 1.08646 -1.64637
v -0.0154474 1.58279 1.23535
v -0.0414508 -1.21606 0.970322
v -0.011429 -0.908788 -1.72723
v -0.0194293 -1.03004 1.59538
v -0.00649832 1.903 1.07512
v -0.00862571 1.87865 -0.864921
v -0.00971643 -1.86186 0.892123
v -0.0282677 -1.13167 -1.22726
v -0.0313305 1.0291 -1.31674
v -0.0662009 0.973531 -0.920551
v -0.0131931 1.024 1.78328
v -0.0140863 -1.88297 0.543633
v -0.00317211 -2.18739 -0.16703
v 0.000448946 0.290577 -2.21954
v -0.0176392 -0.126057 -1.83387
v -0.0361861 -0.63467 1.52254
v -0.00934603 2.05299 0.462853
v -0.0138284 -1.94082 0.164976
v -0.0110717 0.434163 -1.92009
v -0.0358084 0.3719 1.645
v -0.0433228 -0.935614 1.23516
v -0.0261491 0.82149 -1.52822
v -0.0188342 -1.5786 -0.910951
v -0.0192974 1.79801 0.692273
v -0.0463019 0.0184012 1.54807
v -0.0294294 -0.869538 -1.40627
v -0.0354692 1.00421 1.37137
v -0.0375127 1.41893 -0.783769
v -0.0313486 -1.52205 0.68321
v -0.0295787 -1.65134 0.351987
v -0.0108389 0.150276 -1.96598
v -0.0138867 1.99915 0.120839
v -0.029612 0.530967 -1.5904
v -0.0211131 -1.69096 -0.588062
v -0.0368996 0.682126 1.53146
v -0.0244808 1.74386 -0.463169
v -0.0360171 -1.24811 -0.94169
v -0.0374911 -1.3989 -0.676606
v -0.0746236 -0.587538 1.1186
v -0.0576653 -0.538287 -1.23801
v -0.046077 1.46416 0.579142
v -0.0281188 1.53902 0.922393
v -0.0198423 -1.80488 -0.23296
v -0.0475792 -1.40401 -0.333718
v -0.0389107 1.63597 -0.0515556
v -0.113929 -0.691303 -0.666948
v -0.0949067 -0.551113 -0.924689
v -0.0550673 -1.34875 0.322982
v -0.0285134 0.189796 -1.67455
v -0.0728938 0.366143 1.26971
v -0.0379574 -1.56157 0.0447266
v -0.120395 1.0455 0.153277
v -0.125889 -0.778753 0.505098
v -0.104543 0.0676292 -1.04213
v -0.333682 -0.250751 -0.297849
v -1.7736 -0.610319 0.765597
v -1.43022 -0.597324 -0.64851
v -1.86241 0.998213 -0.435126
v -1.8641 0.453105 0.942822
v -1.76112 1.00979 0.412911
v -2.13712 0.882365 0.553632
v -1.78944 0.418466 -0.958217
v -1.83549 -0.205536 0.99676
v -0.00576935 -0.227535 2.21231
v -0.0970732 -0.0207444 1.13896
v 0.0180188 0.257257 4.41274
v 0.0182686 -4.30322 0.182289
v 0.0204556 -0.544813 -4.52671
v 0.0205983 4.4273 -0.109407
v 0.0180349 -0.0256297 4.17651
v 0.019383 -3.4408 -2.73771
v 0.0177133 -3.07254 2.68779
v -1.92917 -0.907794 -0.269337
v 0.0131253 -0.100237 -2.74933
v 0.0186405 3.30416 1.09645
v 0.0178545 -3.66168 1.52503
v 0.0214951 1.65834 -3.93816
v 0.0182155 0.659708 4.31276
v -0.0688834 -1.1232 0.601257
v -0.0593824 1.20596 0.804817
v -0.0581032 0.654161 -1.22572
v -0.0302245 1.72254 0.340855
v 0.016909 -0.248704 3.62402
v 0.020156 -2.52842 -3.25148
v 0.0215311 2.57802 -3.47049
v 0.0195356 3.54706 2.49007
v 0.018635 1.61398 3.84719
v 0.0198813 4.1052 1.62075
v 0.0194768 1.70018 -2.81148
v 0.0198161 2.66165 -2.05468
v 0.0134502 -2.60649 1.65871
v -1.62671 0.477411 0.907573
v -0.0620147 1.34889 -0.354089
v -0.0661292 0.942792 1.02205
v -0.0812766 1.26916 -0.0447803
v -0.108268 -0.30332 1.01924
v -2.07237 0.131685 -0.989275
v -0.0518217 -0.132704 -1.40208
v -0.116486 0.572557 -0.84223
v -2.72695 -0.4033 0.0234428
v -0.0631901 0.715101 1.22009
v -2.29356 -0.151766 0.888289
v -1.76772 0.748897 0.773375
v -1.86046 0.750028 -0.760673
v -0.116624 0.575211 0.901109
v -0.184812 -0.0765276 -0.709706
v -1.52239 0.614655 -0.800419
v -1.42945 0.601749 0.767029
v -0.0894965 1.13292 0.471917
v -1.70144 0.206274 1.00401
v -1.64172 0.0148622 -1.00502
v -1.64122 -0.931542 0.0277936
v -1.53317 -0.834997 -0.35303
v -1.70077 1.09262 -0.0198118
v -2.0803 1.0498 0.171185
v -1.47979 0.962476 -0.344069
v -1.45085 -0.370772 0.837896
v -1.73266 -0.855636 0.422706
v -1.30849 -0.229597 -0.816742
v -1.45281 0.846045 0.543404
v -1.46728 0.984989 0.252709
v -1.41445 0.312908 0.892698
v -1.32544 0.950436 -0.0222726
v -2.42935 0.863154 0.243617
v -0.0140491 1.98025 -0.200689
v -2.10928 -0.469586 0.817369
v -1.26718 -0.768127 -0.0510306
v -2.30012 -0.184902 -0.863448
v -2.47573 0.619627 0.576226
v -0.0297668 1.279 -1.13034
v -0.0114142 1.6133 -1.1819
v -0.0592417 -0.872378 -1.00296
v -0.176173 -0.690812 0.1829
v -2.05704 -0.916062 0.146958
v -0.0706505 -1.07145 -0.607345
v -0.064995 -0.306026 1.32977
v -1.60052 0.847572 -0.607931
v -1.45169 -0.0196427 0.940226
v -0.0847601 1.08753 -0.567632
v -0.211815 0.434782 -0.534941
v -0.0881015 -1.07851 -0.269753
v -0.321568 -0.0389544 -0.42979
v -0.0787327 -0.855669 0.862261
v -2.17866 0.517768 -0.850195
v -2.18411 -0.734627 -0.503638
v -2.61171 -0.136491 -0.612719
v -0.0733699 -1.21792 -0.00419258
v -2.43858 -0.655924 -0.334787
v -0.0598766 0.279517 -1.33077
v -0.132978 -0.796383 -0.351837
v -0.141813 0.923736 -0.209547
v -0.110082 0.872404 0.683707
v -0.127605 -0.895457 -0.0490841
v -2.12274 -0.743103 0.549192
v -2.81346 -0.0576792 0.234441
v -0.155541 -0.381055 -0.700149
v -0.101964 -0.269104 -1.00584
v -0.25548 -0.25922 0.478048
v -0.140828 -0.486263 0.735623
v -0.100766 -1.01157 0.260296
v -0.212795 0.72658 0.0933308
v -0.196746 0.350997 0.674949
v -0.226579 -0.557654 -0.107652
v -0.0643405 1.38006 0.241503
v -1.80331 -0.729111 -0.63061
v -1.68843 -0.413587 -0.885857
v -1.2377 -0.142227 0.782059
v -0.216935 -0.483811 0.377943
v -0.210769 -0.463696 -0.401154
v -0.145782 0.214781 0.891241
v -0.429133 -0.13147 0.289444
v -1.42034 -0.811821 0.268274
v -0.33794 -0.32075 -0.188429
v -0.172809 0.238103 -0.74395
v -0.160569 0.815155 0.365654
v -0.200349 0.544792 0.525036
v -0.0372351 -0.308831 1.62539
v -0.0235778 -0.159531 1.84788
v -0.137864 0.758638 -0.564815
v -0.0980647 0.363416 -1.03967
v -2.41564 -0.477731 -0.616657
v -2.4456 0.193075 -0.801858
v -0.358227 0.35497 0.313053
v -1.32519 0.73903 -0.563981
v -0.39013 0.439209 0.0708047
v -1.20694 0.13403 0.786614
v -0.260753 0.532385 -0.288086
v -0.314713 -0.387129 0.10992
v -0.733076 -0.0058881 -0.287127
v -1.417 -0.660468 0.575002
v -2.62754 0.701689 -0.117265
v -2.53013 0.565381 -0.559117
v -2.74878 0.372832 -0.293985
v -2.16931 0.962391 -0.336697
v -2.18877 0.819251 -0.589903
v -2.71351 0.2904 0.463764
v -2.82113 -0.0281225 -0.231606
v -2.4441 0.251945 0.802288
v -2.62669 -0.0977337 0.617129
v -1.47786 0.327446 -0.909902
v -2.66057 0.592315 0.259202
v -0.278558 0.538772 0.256046
v -0.28455 0.571248 -0.0843533
v -0.299324 0.209689 -0.456508
v -0.389473 0.152456 0.392551
v -0.462416 0.332617 -0.17312
v -0.568659 0.262468 0.218518
v -0.558215 -0.161469 0.183099
v -1.20223 0.408806 -0.713984
v -2.15235 0.564947 0.840798
v -2.06785 0.193126 0.990937
v -1.32697 0.117299 -0.867607
v -0.722328 -0.109626 -0.245055
v -0.638928 0.337681 0.0994977
v -0.507017 -0.228565 0.0241441
v -0.403674 0.0627968 0.387247
v -0.298785 0.287793 0.458308
v -0.43786 -0.107107 -0.27752
v -2.42948 -0.465791 0.629387
v -2.46747 -0.696502 0.231855
v -2.66215 -0.371108 0.368562
v -0.404366 0.0804582 -0.357932
v -0.179318 -0.113427 0.76197
v -0.393815 0.28215 -0.292783
v -0.390839 0.427139 -0.139051
v -0.359591 -0.264367 0.250303
v -0.259501 0.128034 0.576243
v -0.721393 0.355551 -0.0513661
v -0.631953 0.079416 -0.26819
v -0.470678 0.381249 -0.0469792
v -0.65677 -0.214101 0.0629898
v -0.508956 -0.162939 -0.170822
v -0.632154 0.250887 -0.197402
v -0.816832 0.362592 0.207494
v -1.20294 0.425671 0.701807
v -0.486275 0.205685 0.294857
v -0.668161 0.160794 0.28653
v -0.762504 0.250974 -0.26652
v -0.796894 0.195708 -0.312556
v -2.07669 -0.499107 -0.804119
v -1.96299 -0.205271 -0.964716
v -0.467355 0.350106 0.175841
v -0.382378 -0.310789 -0.0536743
v -0.693029 0.310576 -0.141827
v -0.644772 -0.197066 -0.103743
v -0.477873 -0.223458 -0.106431
v -0.546259 -0.0120671 0.27948
v -0.25775 -0.219266 -0.468125
v -1.26424 -0.661321 -0.381384
v -0.623307 -0.116528 -0.216676
v -0.319597 -0.0546956 0.451404
v -0.783352 0.281397 0.25643
v -0.727455 0.0275864 0.31229
v -2.64566 -0.420498 -0.339377
v -2.81342 0.332214 0.0564469
v -0.720177 -0.227356 -0.0194857
v -0.651111 -0.0639756 -0.243989
v -0.699509 -0.200141 0.128506
v -0.263744 0.0824959 -0.540922
v -0.660574 -0.105457 0.228666
v -0.543738 -0.216121 -0.0494883
v -0.62328 0.194184 -0.238091
v -0.79198 -0.066317 0.308883
v -0.74379 0.353406 0.155079
v -0.490106 0.155165 -0.29369
v -0.849201 -0.192702 0.278677
v -0.855691 -0.272866 0.190461
v -1.15505 -0.435598 -0.53566
v -0.81498 -0.281637 0.0784215
v -0.543874 0.345227 -0.104449
v -1.20013 0.800225 -0.283065
v -0.836586 0.332711 -0.256
v -0.922129 0.304059 0.403732
v -0.909342 0.235023 -0.410189
v -0.883696 0.00211254 0.417227
v -0.887624 0.147754 -0.409374
v -1.2422 0.6568 0.566899
v -0.810353 0.393455 0.139012
v -2.03354 1.05373 -0.149628
v -2.67901 0.200334 -0.530737
v -2.31579 0.959192 -0.0951727
v -1.05331 -0.550545 0.0544172
v -2.39053 0.833375 -0.354906
v -1.10609 0.590518 -0.448993
v -0.921864 0.529691 -0.0180111
v -0.876197 0.440144 -0.171935
v -1.16013 -0.615884 0.297572
v -0.78243 0.398841 0.0483093
v -0.735318 -0.175767 0.195033
v -0.804734 0.2012 0.328005
v -0.806628 -0.258681 -0.111828
v -0.777354 0.10513 0.332414
v -1.0383 -0.0268035 0.608896
v -0.778615 -0.173947 -0.198471
v -0.988998 -0.376259 0.31587
v -1.19712 0.802894 0.293781
v -1.14557 -0.371878 0.59283
v -0.828787 -0.110619 -0.308609
v -0.826479 0.0561788 -0.351539
v -1.0365 -0.494735 0.204131
v -0.912947 -0.374457 -0.0421711
v -0.940935 -0.118024 -0.438688
v -1.12094 0.0615009 -0.702133
v -0.94711 -0.404548 0.136773
v -0.868261 -0.031871 -0.380063
v -0.568442 0.0972453 0.291497
v -1.0926 0.747367 -0.0134168
v -0.950693 0.306858 -0.432366
v -1.02226 0.401644 -0.481263
v -1.05997 -0.171811 -0.582402
v -0.918615 0.143644 0.45767
v -1.05592 -0.517625 -0.231069
v -0.962834 -0.276727 -0.369356
v -0.968084 0.466547 -0.332274
v -1.03407 0.510194 0.429381
v -1.02038 0.614753 -0.218759
v -1.03924 0.255906 0.587433
v -1.00178 0.608949 0.176675
v -0.519825 -0.000645271 -0.280452
v -0.502541 -0.215532 0.113446
v -0.906445 0.39088 0.311696
v -0.914767 -0.333417 -0.198193
v -0.952761 -0.177445 0.435448
v -0.66788 0.145641 -0.264207
v -0.934628 0.363038 -0.373661
v -0.674502 0.306691 0.172344
v -0.597459 0.357602 0.0239354
v -0.667391 0.213618 0.26318
v -0.895 0.486649 0.117302
v -0.917613 0.466175 0.232564
v -0.771709 0.123004 -0.316545
v -0.872095 0.282382 -0.343823
v -0.959373 0.0229753 -0.499595
v -1.00231 0.23076 -0.535551
v -2.29896 -0.815459 -0.151527
v -2.54493 -0.626874 -0.118813
f 622 84 621
f 373 253 254
f 810 589 588
f 577 578 128
f 574 575 131
f 602 103 104
f 387 239 240
f 367 368 259
f 339 287 288
f 366 260 261
f 389 237 238
f 542 874 875
f 527 24 25
f 364 744 643
f 326 325 628
f 323 324 303
f 463 165 462
f 669 427 426
f 700 540 539
f 705 556 797
f 485 67 484
f 416 211 212
f 467 160 161
f 621 84 85
f 512 39 40
f 314 312 3
f 323 303 304
f 627 321 320
f 537 14 15
f 526 25 26
f 324 302 303
f 326 300 301
f 388 238 239
f 341 286 340
f 423 204 205
f 349 277 278
f 337 289 290
f 334 335 292
f 331 295 296
f 390 236 237
f 490 61 62
f 340 286 287
f 350 277 349
f 332 295 331
f 631 335 334
f 363 263 264
f 336 337 290
f 341 285 286
f 629 332 331
f 748 378 377
f 348 347 737
f 362 264 265
f 419 208 209
f 351 276 350
f 353 273 274
f 353 354 273
f 328 329 298
f 350 276 277
f 321 627 729
f 669 425 668
f 358 268 269
f 355 271 272
f 374 252 253
f 425 424 668
f 379 247 248
f 364 262 263
f 359 268 358
f 369 258 368
f 371 255 256
f 395 394 755
f 391 390 653
f 370 256 257
f 347 279 280
f 644 368 367
f 333 293 294
f 363 264 362
f 490 62 489
f 373 374 253
f 500 499 688
f 652 387 386
f 394 395 233
f 494 57 58
f 493 59 492
f 390 237 389
f 393 234 235
f 391 236 390
f 482 69 70
f 606 99 100
f 395 232 233
f 404 223 224
f 386 385 652
f 399 228 229
f 756 397 396
f 407 221 406
f 409 218 219
f 391 2 236
f 354 272 273
f 459 168 169
f 427 201 426
f 394 233 234
f 399 400 228
f 656 399 655
f 429 199 428
f 402 225 226
f 426 201 202
f 432 433 195
f 670 434 433
f 762 415 414
f 652 385 750
f 666 667 422
f 456 171 172
f 424 425 203
f 427 200 201
f 414 213 214
f 406 221 222
f 448 179 180
f 440 187 188
f 436 435 848
f 449 450 178
f 435 192 193
f 431 196 197
f 437 191 436
f 774 463 462
f 437 190 191
f 454 173 174
f 439 188 189
f 420 207 208
f 769 439 768
f 678 471 470
f 449 179 448
f 750 385 384
f 412 215 216
f 434 435 193
f 421 206 207
f 854 458 457
f 450 177 178
f 778 945 946
f 865 687 951
f 457 458 170
f 463 164 165
f 441 442 186
f 465 466 162
f 399 229 398
f 452 175 176
f 460 461 167
f 469 1 159
f 434 193 194
f 460 167 168
f 477 75 476
f 624 817 625
f 587 586 717
f 479 480 72
f 500 51 52
f 444 183 184
f 473 680 474
f 816 620 619
f 477 74 75
f 481 71 480
f 487 65 486
f 516 35 36
f 472 79 80
f 482 483 69
f 479 72 73
f 690 506 505
f 503 48 49
f 542 8 9
f 493 494 58
f 679 471 678
f 470 1 469
f 489 62 63
f 495 57 494
f 507 45 506
f 492 59 60
f 496 56 495
f 516 515 693
f 517 34 35
f 681 481 480
f 502 49 50
f 544 6 7
f 442 185 186
f 571 134 135
f 524 28 523
f 513 39 512
f 689 504 503
f 871 537 536
f 880 797 879
f 449 178 179
f 508 43 44
f 519 32 33
f 483 68 69
f 511 40 41
f 633 338 337
f 493 58 59
f 521 520 695
f 525 524 696
f 585 120 121
f 498 53 54
f 522 521 695
f 533 18 19
f 523 28 29
f 459 458 855
f 480 71 72
f 534 793 962
f 720 602 601
f 525 526 26
f 797 554 879
f 532 533 19
f 535 16 17
f 495 56 57
f 525 26 27
f 554 553 879
f 701 11 540
f 546 5 545
f 703 548 547
f 538 13 14
f 548 157 158
f 383 244 382
f 380 381 246
f 570 135 136
f 554 151 152
f 559 558 706
f 699 537 871
f 332 294 295
f 615 90 91
f 518 33 34
f 801 567 566
f 876 703 702
f 540 794 701
f 557 148 149
f 365 262 364
f 635 636 343
f 551 154 155
f 565 141 564
f 593 112 113
f 741 830 742
f 715 580 886
f 569 136 137
f 573 132 133
f 570 136 569
f 609 96 97
f 348 349 278
f 581 124 125
f 579 126 127
f 712 576 575
f 590 116 589
f 600 105 106
f 808 583 582
f 591 592 114
f 619 620 86
f 639 738 739
f 582 124 581
f 599 600 106
f 591 114 115
f 572 134 571
f 601 105 600
f 617 88 89
f 587 118 119
f 520 32 519
f 601 104 105
f 540 11 12
f 332 333 294
f 325 302 324
f 613 92 93
f 617 618 88
f 723 614 613
f 730 324 323
f 318 309 317
f 608 97 98
f 800 706 1055
f 804 574 573
f 571 135 570
f 602 104 601
f 710 570 802
f 614 91 92
f 812 606 605
f 616 89 90
f 517 35 516
f 556 149 150
f 612 613 93
f 618 87 88
f 591 115 590
f 584 122 583
f 317 309 310
f 595 110 111
f 512 40 511
f 563 142 143
f 320 306 307
f 559 146 147
f 608 98 607
f 725 988 726
f 331 296 330
f 793 532 531
f 578 127 128
f 343 344 283
f 353 274 352
f 502 503 49
f 693 517 516
f 579 127 578
f 577 128 129
f 478 73 74
f 492 60 491
f 477 478 74
f 474 77 78
f 527 25 526
f 530 21 22
f 415 212 213
f 412 413 215
f 339 340 287
f 340 339 634
f 594 595 111
f 588 118 587
f 680 860 475
f 461 166 167
f 344 282 283
f 343 283 284
f 617 89 616
f 615 616 90
f 335 291 292
f 336 290 291
f 510 511 41
f 966 876 875
f 415 213 414
f 797 555 554
f 453 454 174
f 453 175 452
f 484 67 68
f 484 68 483
f 514 37 38
f 515 37 514
f 839 750 651
f 470 81 1
f 527 528 24
f 698 530 529
f 505 46 47
f 780 491 490
f 376 250 251
f 373 254 372
f 768 438 437
f 438 190 437
f 700 794 540
f 660 409 408
f 699 872 700
f 473 472 679
f 860 477 476
f 411 216 217
f 356 270 271
f 357 270 356
f 557 558 148
f 557 149 556
f 475 76 77
f 475 77 474
f 805 713 712
f 550 155 156
f 575 130 131
f 582 583 123
f 436 191 192
f 436 192 435
f 811 594 593
f 330 296 297
f 506 45 46
f 451 176 177
f 451 452 176
f 504 47 48
f 504 48 503
f 553 554 152
f 556 555 797
f 417 210 211
f 754 394 393
f 316 317 310
f 318 308 309
f 684 490 489
f 486 65 66
f 405 406 222
f 407 220 221
f 562 143 144
f 562 563 143
f 319 320 307
f 904 824 631
f 488 63 64
f 488 489 63
f 403 225 402
f 319 307 308
f 319 308 318
f 805 885 806
f 687 499 498
f 529 528 698
f 536 537 15
f 481 70 71
f 481 482 70
f 401 226 227
f 401 402 226
f 476 75 76
f 476 76 475
f 485 66 67
f 664 419 418
f 421 207 420
f 666 422 421
f 473 79 472
f 473 474 78
f 659 406 658
f 398 229 230
f 647 372 646
f 382 244 245
f 855 460 459
f 369 257 258
f 531 20 21
f 505 47 504
f 473 78 79
f 486 66 485
f 806 714 713
f 315 314 625
f 723 613 612
f 550 551 155
f 371 370 646
f 556 150 555
f 531 21 530
f 677 467 466
f 479 73 478
f 471 472 80
f 468 160 467
f 654 653 753
f 346 347 280
f 716 809 717
f 627 320 626
f 628 325 324
f 536 535 871
f 534 18 533
f 445 446 182
f 447 448 180
f 583 122 123
f 611 610 722
f 564 141 142
f 564 142 563
f 466 161 162
f 466 467 161
f 529 22 23
f 529 530 22
f 620 85 86
f 620 621 85
f 589 116 117
f 590 115 116
f 361 265 266
f 361 362 265
f 580 715 581
f 586 587 119
f 400 227 228
f 400 401 227
f 697 527 526
f 708 562 707
f 586 119 120
f 586 120 585
f 497 54 55
f 497 498 54
f 357 269 270
f 357 358 269
f 594 111 112
f 594 112 593
f 509 42 43
f 509 43 508
f 634 341 340
f 338 289 337
f 499 500 52
f 510 509 785
f 372 254 255
f 372 255 371
f 632 337 336
f 642 363 362
f 334 292 293
f 334 293 333
f 355 272 354
f 355 356 271
f 453 174 175
f 447 180 181
f 772 452 451
f 430 197 198
f 430 431 197
f 608 609 97
f 813 606 812
f 421 422 206
f 552 153 154
f 552 154 551
f 433 194 195
f 433 434 194
f 813 607 606
f 638 350 349
f 538 14 537
f 545 5 6
f 545 6 544
f 336 291 335
f 342 285 341
f 580 126 579
f 582 123 124
f 342 284 285
f 342 343 284
f 422 205 206
f 422 423 205
f 449 448 851
f 692 512 511
f 747 375 374
f 610 95 96
f 610 96 609
f 561 144 145
f 561 562 144
f 388 239 387
f 394 234 393
f 499 52 53
f 499 53 498
f 536 15 16
f 536 16 535
f 491 60 61
f 491 61 490
f 505 506 46
f 596 109 110
f 596 110 595
f 338 288 289
f 338 339 288
f 773 462 461
f 455 173 454
f 419 420 208
f 415 416 212
f 611 94 95
f 611 95 610
f 543 7 8
f 543 544 7
f 689 503 502
f 501 51 500
f 451 177 450
f 672 443 671
f 662 414 413
f 684 683 947
f 413 412 662
f 551 550 704
f 549 550 156
f 345 281 282
f 345 282 344
f 672 445 444
f 443 185 442
f 425 202 203
f 425 426 202
f 741 356 355
f 351 275 276
f 691 509 508
f 658 403 757
f 656 657 401
f 370 371 256
f 313 3 82
f 313 314 3
f 515 36 37
f 515 516 36
f 408 409 219
f 645 646 370
f 619 86 87
f 619 87 618
f 543 8 542
f 538 539 13
f 844 667 933
f 568 137 138
f 568 569 137
f 465 162 163
f 464 164 463
f 386 240 241
f 386 387 240
f 496 55 56
f 496 497 55
f 365 261 262
f 365 366 261
f 384 242 243
f 385 242 384
f 327 299 300
f 327 300 326
f 413 214 215
f 413 414 214
f 790 869 959
f 378 248 249
f 378 379 248
f 383 243 244
f 383 384 243
f 518 34 517
f 518 519 33
f 661 411 410
f 686 497 496
f 560 561 145
f 460 168 459
f 483 482 682
f 780 490 684
f 513 38 39
f 513 514 38
f 428 199 200
f 428 200 427
f 412 761 662
f 695 523 522
f 576 129 130
f 576 577 129
f 623 82 83
f 623 313 82
f 443 184 185
f 443 444 184
f 440 188 439
f 707 562 561
f 402 401 657
f 772 451 771
f 522 29 30
f 522 523 29
f 392 235 2
f 392 393 235
f 323 729 730
f 628 731 326
f 479 478 777
f 777 860 861
f 417 211 416
f 418 210 417
f 614 92 613
f 624 313 726
f 438 189 190
f 438 439 189
f 797 798 705
f 604 101 102
f 605 101 604
f 736 344 636
f 779 863 683
f 521 30 31
f 521 522 30
f 649 381 380
f 391 392 2
f 588 117 118
f 588 589 117
f 560 145 146
f 560 146 559
f 597 108 109
f 597 109 596
f 368 258 259
f 369 370 257
f 388 389 238
f 424 203 204
f 424 204 423
f 558 147 148
f 558 559 147
f 498 497 687
f 845 846 764
f 580 125 126
f 580 581 125
f 497 686 687
f 555 150 151
f 555 151 554
f 501 50 51
f 501 502 50
f 510 41 42
f 510 42 509
f 612 93 94
f 612 94 611
f 323 304 322
f 329 297 298
f 329 330 297
f 462 165 166
f 462 166 461
f 598 107 108
f 598 108 597
f 528 23 24
f 528 529 23
f 328 298 299
f 328 299 327
f 769 441 440
f 773 856 774
f 635 343 342
f 642 362 361
f 468 159 160
f 468 469 159
f 567 138 139
f 567 568 138
f 432 195 196
f 432 196 431
f 471 80 81
f 471 81 470
f 592 113 114
f 592 593 113
f 418 209 210
f 418 419 209
f 534 17 18
f 534 535 17
f 605 100 101
f 605 606 100
f 694 869 695
f 807 887 808
f 321 305 306
f 321 306 320
f 377 249 250
f 377 378 249
f 487 64 65
f 487 488 64
f 381 245 246
f 381 382 245
f 576 130 575
f 886 714 806
f 360 266 267
f 360 361 266
f 566 139 140
f 566 567 139
f 408 219 220
f 408 220 407
f 501 500 688
f 779 486 485
f 815 618 617
f 405 222 223
f 405 223 404
f 622 83 84
f 622 623 83
f 376 377 250
f 648 379 378
f 524 27 28
f 524 525 27
f 569 568 802
f 688 499 687
f 441 186 187
f 441 187 440
f 412 216 411
f 410 218 409
f 641 357 742
f 748 375 747
f 541 9 10
f 541 542 9
f 795 549 548
f 464 163 164
f 464 465 163
f 553 152 153
f 553 153 552
f 520 31 32
f 520 521 31
f 375 252 374
f 363 364 263
f 771 451 450
f 776 469 468
f 410 217 218
f 410 411 217
f 426 425 669
f 665 419 664
f 382 650 651
f 458 854 855
f 574 131 132
f 574 132 573
f 596 595 890
f 575 574 712
f 367 259 260
f 367 260 366
f 507 44 45
f 507 508 44
f 429 198 199
f 429 430 198
f 603 103 602
f 891 609 608
f 549 156 157
f 549 157 548
f 584 121 122
f 584 585 121
f 315 311 312
f 315 312 314
f 565 140 141
f 565 566 140
f 641 358 357
f 375 251 252
f 375 376 251
f 636 344 343
f 732 330 329
f 719 593 592
f 803 711 710
f 446 181 182
f 446 447 181
f 352 274 275
f 352 275 351
f 396 231 232
f 396 232 395
f 615 614 724
f 601 600 720
f 727 317 316
f 729 322 321
f 727 626 318
f 322 304 305
f 322 305 321
f 385 241 242
f 385 386 241
f 373 372 647
f 725 726 622
f 325 301 302
f 325 326 301
f 348 278 279
f 348 279 347
f 458 169 170
f 458 459 169
f 455 172 173
f 455 456 172
f 397 231 396
f 316 310 311
f 316 311 315
f 658 406 405
f 789 518 517
f 616 615 724
f 532 19 20
f 532 20 531
f 539 12 13
f 539 540 12
f 711 803 804
f 752 389 388
f 394 754 755
f 380 246 247
f 380 247 379
f 476 475 860
f 630 334 333
f 980 598 597
f 603 602 721
f 716 586 585
f 673 447 446
f 639 350 638
f 640 354 353
f 874 542 541
f 319 318 626
f 725 622 621
f 550 549 795
f 607 98 99
f 607 99 606
f 346 280 281
f 346 281 345
f 701 10 11
f 541 10 701
f 445 182 183
f 445 183 444
f 615 91 614
f 721 604 603
f 603 102 103
f 603 604 102
f 765 429 764
f 414 662 762
f 650 381 649
f 680 475 474
f 717 586 716
f 572 133 134
f 572 573 133
f 695 520 694
f 485 484 682
f 547 158 4
f 547 548 158
f 359 267 268
f 359 360 267
f 599 106 107
f 599 107 598
f 457 170 171
f 457 171 456
f 397 230 231
f 397 398 230
f 546 4 5
f 546 547 4
f 403 224 225
f 403 404 224
f 718 591 590
f 757 758 658
f 736 345 344
f 671 441 769
f 439 438 768
f 802 570 569
f 353 352 640
f 637 347 346
f 675 942 676
f 673 445 672
f 960 696 790
f 507 506 783
f 702 545 544
f 726 313 623
f 624 314 313
f 886 580 714
f 625 316 315
f 316 625 727
f 468 467 776
f 776 467 677
f 722 610 891
f 789 788 868
f 792 530 698
f 787 514 513
f 665 666 421
f 427 669 764
f 431 766 670
f 430 429 766
f 659 408 407
f 519 518 789
f 694 520 519
f 774 462 773
f 775 463 774
f 632 633 337
f 826 634 633
f 812 604 721
f 604 812 605
f 704 552 551
f 652 751 752
f 402 757 403
f 714 579 578
f 731 327 326
f 665 664 763
f 764 428 427
f 342 341 635
f 634 635 341
f 656 401 400
f 655 399 398
f 675 455 454
f 457 676 854
f 670 433 432
f 431 670 432
f 781 493 492
f 496 495 686
f 924 757 657
f 703 795 548
f 600 599 720
f 602 720 981
f 488 487 683
f 690 505 504
f 690 504 866
f 531 530 793
f 928 761 760
f 409 660 760
f 614 723 894
f 614 894 724
f 623 622 726
f 563 562 708
f 557 556 705
f 523 695 790
f 334 630 631
f 696 526 525
f 517 788 789
f 383 382 651
f 651 384 383
f 684 488 683
f 488 684 489
f 711 572 571
f 711 570 710
f 635 735 636
f 659 660 408
f 645 368 644
f 616 814 815
f 723 612 722
f 667 423 422
f 668 423 667
f 890 597 596
f 980 597 890
f 760 410 409
f 661 410 760
f 852 771 941
f 818 625 817
f 661 412 411
f 412 661 761
f 465 464 775
f 777 478 477
f 777 477 860
f 485 682 779
f 980 599 598
f 599 980 720
f 844 669 668
f 713 714 578
f 818 897 728
f 875 544 543
f 681 861 945
f 706 707 560
f 722 612 611
f 626 320 319
f 800 708 707
f 546 545 702
f 365 364 643
f 528 791 698
f 456 455 676
f 676 455 675
f 593 719 811
f 839 919 751
f 637 345 736
f 816 815 895
f 435 767 848
f 743 361 360
f 361 743 642
f 703 877 795
f 492 491 781
f 781 491 780
f 745 645 644
f 585 584 716
f 652 752 387
f 648 378 748
f 339 633 634
f 888 977 809
f 682 484 483
f 716 584 808
f 689 501 688
f 501 689 502
f 398 397 655
f 397 756 655
f 913 745 643
f 442 441 671
f 602 981 721
f 723 893 894
f 638 348 737
f 466 465 775
f 677 466 775
f 788 517 693
f 680 473 679
f 590 589 718
f 718 589 810
f 749 918 651
f 649 380 648
f 454 453 675
f 836 747 835
f 376 375 748
f 328 327 731
f 732 328 731
f 654 391 653
f 764 846 765
f 506 690 783
f 922 841 756
f 370 369 645
f 417 416 663
f 712 574 804
f 852 853 675
f 883 972 709
f 816 619 815
f 691 507 783
f 793 534 533
f 741 354 640
f 639 351 350
f 757 402 657
f 775 464 463
f 807 808 715
f 380 379 648
f 967 877 703
f 693 514 787
f 875 543 542
f 702 544 875
f 630 333 332
f 630 332 629
f 697 526 696
f 878 704 795
f 799 558 705
f 388 387 752
f 628 324 730
f 651 750 384
f 704 796 879
f 728 819 626
f 400 399 656
f 933 667 666
f 767 937 848
f 699 538 537
f 778 946 862
f 653 390 389
f 653 389 752
f 633 339 338
f 570 711 571
f 766 431 430
f 749 650 649
f 650 382 381
f 504 689 866
f 676 457 456
f 713 578 577
f 805 806 713
f 814 616 724
f 616 815 617
f 734 335 631
f 396 755 756
f 547 546 703
f 546 702 703
f 986 814 724
f 418 417 664
f 664 417 663
f 754 393 392
f 634 735 635
f 367 366 644
f 744 364 363
f 744 363 642
f 448 674 851
f 331 330 629
f 629 330 732
f 515 514 693
f 1043 958 868
f 637 346 345
f 347 637 737
f 640 740 741
f 739 351 639
f 694 519 789
f 625 314 624
f 715 582 581
f 715 808 582
f 767 435 434
f 767 434 670
f 584 583 808
f 913 832 1004
f 646 372 371
f 421 420 665
f 786 692 785
f 678 469 776
f 469 678 470
f 405 404 658
f 403 658 404
f 636 906 907
f 732 731 901
f 807 715 886
f 960 959 1046
f 318 317 727
f 655 842 656
f 568 567 801
f 802 568 801
f 608 607 813
f 891 608 813
f 739 352 351
f 640 352 739
f 794 874 701
f 679 1031 680
f 443 672 444
f 528 527 697
f 528 697 791
f 429 765 766
f 847 936 670
f 851 450 449
f 771 450 851
f 648 837 649
f 831 744 642
f 630 733 631
f 565 564 709
f 681 480 479
f 742 357 356
f 742 356 741
f 645 369 368
f 790 524 523
f 696 524 790
f 407 406 659
f 654 392 391
f 654 754 392
f 708 564 563
f 708 709 564
f 770 673 672
f 610 609 891
f 782 689 688
f 951 687 686
f 595 594 811
f 595 811 890
f 778 481 681
f 359 358 641
f 377 376 748
f 479 777 681
f 665 420 419
f 663 416 415
f 663 415 762
f 513 512 787
f 787 512 692
f 355 354 741
f 650 749 651
f 561 560 707
f 580 579 714
f 643 366 365
f 643 644 366
f 647 374 373
f 374 647 747
f 778 482 481
f 682 482 778
f 686 864 951
f 930 762 662
f 706 560 559
f 678 859 679
f 472 471 679
f 495 494 685
f 440 439 769
f 1016 927 1179
f 867 787 956
f 619 618 815
f 429 428 764
f 646 834 647
f 674 448 447
f 577 576 713
f 713 576 712
f 453 452 772
f 772 675 453
f 738 639 638
f 668 424 423
f 541 701 874
f 533 532 793
f 709 566 565
f 709 801 566
f 704 553 552
f 553 704 879
f 704 550 795
f 656 842 657
f 705 558 557
f 443 442 671
f 734 336 335
f 632 336 734
f 396 395 755
f 329 328 732
f 800 882 883
f 877 878 795
f 848 437 436
f 768 437 848
f 673 446 445
f 447 673 674
f 461 460 773
f 460 855 773
f 686 495 685
f 729 323 322
f 487 486 683
f 683 486 779
f 691 508 507
f 509 691 785
f 838 749 649
f 349 348 638
f 743 360 359
f 359 641 743
f 962 535 534
f 535 962 871
f 974 805 804
f 719 591 718
f 821 730 820
f 870 698 791
f 785 511 510
f 692 511 785
f 539 538 700
f 700 538 699
f 711 573 572
f 573 711 804
f 717 588 587
f 717 810 588
f 849 768 848
f 859 678 858
f 592 591 719
f 621 620 816
f 816 725 621
f 685 494 493
f 685 493 781
f 986 724 894
f 1134 873 1133
f 875 876 702
f 764 669 845
f 717 809 810
f 825 826 633
f 802 884 710
f 768 849 769
f 774 857 775
f 857 1028 775
f 776 858 678
f 558 799 706
f 799 705 798
f 932 933 666
f 980 1068 1151
f 921 754 753
f 804 803 974
f 725 895 988
f 759 660 659
f 759 760 660
f 824 825 734
f 732 823 629
f 892 722 891
f 658 758 659
f 692 786 787
f 1097 1098 1009
f 862 1035 779
f 976 1064 887
f 811 1067 890
f 778 862 682
f 825 632 734
f 800 707 706
f 989 896 817
f 745 746 645
f 794 700 872
f 800 883 708
f 779 682 862
f 751 840 752
f 739 740 640
f 988 990 989
f 721 1070 982
f 850 1022 671
f 914 915 833
f 1129 1130 1048
f 883 709 708
f 761 661 760
f 837 648 748
f 780 949 781
f 954 783 690
f 683 863 947
f 878 796 704
f 672 671 770
f 654 753 754
f 844 668 667
f 645 833 646
f 746 833 645
f 869 790 695
f 900 821 899
f 956 787 786
f 767 670 936
f 978 979 718
f 754 921 755
f 530 792 793
f 697 696 791
f 625 818 727
f 624 726 817
f 965 699 871
f 872 699 965
f 747 647 834
f 863 779 1035
f 781 950 685
f 973 802 801
f 948 780 947
f 989 726 988
f 676 942 854
f 804 805 712
f 784 691 783
f 971 972 883
f 916 836 835
f 819 627 626
f 637 736 827
f 813 984 891
f 978 718 889
f 808 888 716
f 737 828 638
f 826 735 634
f 745 644 643
f 785 1039 786
f 820 898 899
f 855 854 1025
f 1151 981 720
f 757 925 758
f 775 1028 677
f 809 716 888
f 631 824 734
f 679 859 1031
f 745 913 1005
f 1047 1048 870
f 789 868 694
f 646 833 834
f 822 731 628
f 663 843 931
f 931 763 664
f 1185 1109 1020
f 917 838 649
f 691 784 785
f 630 629 733
f 896 992 818
f 637 827 737
f 687 865 688
f 810 889 718
f 659 758 926
f 828 738 638
f 689 782 866
f 728 626 727
f 960 791 696
f 830 740 1001
f 920 921 753
f 684 947 780
f 834 835 747
f 665 763 666
f 840 753 653
f 893 723 722
f 632 825 633
f 740 830 741
f 774 856 857
f 750 751 652
f 881 799 798
f 629 823 733
f 945 778 681
f 685 864 686
f 744 832 643
f 796 1054 879
f 747 836 748
f 769 850 671
f 817 726 989
f 892 984 985
f 752 840 653
f 1030 1118 858
f 872 873 794
f 808 887 888
f 822 901 731
f 822 628 821
f 1058 710 884
f 942 943 854
f 955 786 1039
f 1028 1029 1030
f 823 903 733
f 730 821 628
f 948 949 780
f 657 842 924
f 914 833 746
f 907 736 636
f 912 831 642
f 770 939 673
f 766 765 847
f 1113 851 940
f 655 756 841
f 841 842 655
f 919 1096 840
f 812 983 813
f 982 983 812
f 926 759 659
f 762 843 663
f 790 959 960
f 892 893 722
f 853 942 675
f 771 851 941
f 794 873 874
f 868 788 1042
f 856 1116 857
f 1048 1130 1049
f 698 870 792
f 1067 811 719
f 1105 933 932
f 781 949 950
f 1019 937 936
f 806 975 886
f 1054 969 880
f 627 819 729
f 819 820 729
f 865 1036 1037
f 950 864 685
f 827 736 907
f 1002 1003 831
f 865 782 688
f 1013 1014 925
f 1055 799 881
f 853 852 1114
f 1053 878 877
f 982 812 721
f 939 940 673
f 743 912 642
f 844 845 669
f 845 844 934
f 799 1055 706
f 973 884 802
f 865 1037 782
f 840 751 919
f 733 904 631
f 907 1084 908
f 1209 1038 1297
f 759 926 927
f 895 815 987
f 922 756 755
f 847 670 766
f 935 765 846
f 742 910 641
f 876 967 703
f 901 823 732
f 977 888 1064
f 1070 721 981
f 1058 803 710
f 829 739 738
f 829 740 739
f 809 889 810
f 814 987 815
f 825 997 826
f 720 980 1151
f 987 814 986
f 1114 1115 853
f 961 793 792
f 1141 971 882
f 930 843 762
f 999 828 827
f 1063 1146 975
f 1113 941 851
f 718 979 719
f 727 818 728
f 785 784 1039
f 877 967 1053
f 930 662 761
f 831 832 744
f 1071 1152 983
f 729 820 730
f 1097 1009 920
f 903 996 904
f 1010 1011 922
f 777 861 681
f 924 925 757
f 818 817 896
f 860 1032 861
f 1118 859 858
f 858 776 677
f 767 936 937
f 787 867 693
f 1062 975 806
f 875 874 1051
f 680 1120 1032
f 901 900 995
f 972 801 709
f 845 1018 846
f 1175 1095 1174
f 737 827 828
f 750 839 751
f 867 788 693
f 788 867 1042
f 663 931 664
f 1150 1068 890
f 984 892 891
f 961 962 793
f 677 1030 858
f 886 975 807
f 940 1112 1113
f 906 998 1083
f 1013 925 924
f 1078 900 899
f 1068 980 890
f 798 880 969
f 745 1005 746
f 834 915 835
f 910 742 830
f 1049 870 1048
f 772 852 675
f 771 852 772
f 1053 1220 1137
f 797 880 798
f 1333 1242 1158
f 940 674 673
f 851 674 940
f 924 842 1012
f 1021 1022 850
f 759 928 760
f 927 1016 928
f 952 866 782
f 832 913 643
f 1168 1002 1252
f 931 1017 763
f 898 820 819
f 816 895 725
f 1079 905 824
f 928 759 927
f 871 964 965
f 783 954 784
f 1067 719 1066
f 1050 962 961
f 1198 1288 1199
f 852 941 1114
f 837 748 836
f 826 998 735
f 903 904 733
f 962 963 871
f 963 964 871
f 906 735 998
f 998 826 997
f 1010 922 755
f 690 953 954
f 902 903 823
f 885 974 1060
f 880 879 1054
f 974 1059 1145
f 910 911 641
f 911 912 743
f 970 881 969
f 1120 680 1031
f 908 999 827
f 1017 1105 932
f 1052 1136 967
f 1296 1207 1206
f 897 819 728
f 969 881 798
f 1278 1110 1109
f 968 796 878
f 796 968 1054
f 944 773 855
f 966 1052 876
f 873 1051 874
f 838 918 749
f 921 1010 755
f 1084 1162 1163
f 1028 1116 1029
f 822 900 901
f 922 923 841
f 907 908 827
f 1134 1051 873
f 905 825 824
f 976 887 807
f 974 885 805
f 1154 986 1153
f 1092 1006 915
f 837 916 1007
f 960 1046 791
f 901 902 823
f 782 1037 952
f 848 1020 849
f 1012 1013 924
f 1047 870 791
f 979 1066 719
f 1124 948 1202
f 1049 792 870
f 985 893 892
f 985 1073 893
f 825 905 997
f 1026 856 944
f 1004 1005 913
f 979 1065 1066
f 876 1052 967
f 1053 968 878
f 917 649 837
f 956 957 867
f 987 1076 895
f 909 738 828
f 849 850 769
f 651 918 839
f 1003 832 831
f 944 856 773
f 897 818 992
f 636 735 906
f 845 934 1018
f 1231 1067 1066
f 950 1126 864
f 988 895 1076
f 978 1065 979
f 1026 1027 856
f 834 833 915
f 932 763 1017
f 763 932 666
f 1093 1257 1170
f 1051 966 875
f 872 1133 873
f 1131 1132 1050
f 1038 1039 784
f 933 934 844
f 945 861 1033
f 951 1036 865
f 862 1034 1035
f 916 837 836
f 840 920 753
f 920 840 1096
f 883 882 971
f 929 930 761
f 909 829 738
f 899 821 820
f 1024 943 942
f 1020 1110 849
f 1049 961 792
f 1143 1224 1056
f 1084 906 1083
f 943 1025 854
f 1055 882 800
f 807 1146 976
f 1042 867 957
f 1025 944 855
f 1032 860 680
f 1071 983 982
f 1076 990 988
f 961 1049 1131
f 925 926 758
f 1060 1062 885
f 791 1046 1047
f 1181 1270 1104
f 1063 1062 1061
f 1140 882 1055
f 1127 951 864
f 1062 806 885
f 1022 938 770
f 918 1095 839
f 1044 1045 959
f 975 1146 807
f 928 929 761
f 1108 847 935
f 956 1040 957
f 1022 770 671
f 1243 900 1078
f 1062 1060 1061
f 994 1158 899
f 1163 999 908
f 843 930 1101
f 1104 931 1103
f 958 869 694
f 958 694 868
f 983 984 813
f 1015 926 925
f 1239 1076 1075
f 821 900 822
f 1074 894 893
f 1074 893 1073
f 1020 848 937
f 1259 1171 1007
f 935 847 765
f 972 1056 973
f 1176 1177 923
f 1097 920 1096
f 911 743 641
f 963 962 1050
f 951 1204 1036
f 829 1001 740
f 938 939 770
f 829 1000 1001
f 920 1009 921
f 1125 950 949
f 1198 1032 1120
f 986 1154 987
f 881 970 1055
f 1012 842 841
f 1217 965 964
f 887 1064 888
f 972 973 801
f 1057 973 1056
f 1028 1030 677
f 1072 1236 985
f 896 991 992
f 1182 1106 934
f 1202 948 947
f 1050 1132 963
f 1150 890 1067
f 884 973 1057
f 1072 985 984
f 1006 916 835
f 690 866 953
f 952 953 866
f 977 889 809
f 1108 936 847
f 1106 1018 934
f 955 956 786
f 1144 1058 1057
f 1003 1004 832
f 1058 1059 803
f 1245 903 1160
f 918 1094 1174
f 909 1000 829
f 1103 931 843
f 937 1185 1020
f 928 1016 929
f 1111 938 1022
f 1204 951 1127
f 969 1222 970
f 1297 1038 1208
f 1119 1031 859
f 1340 1249 1164
f 839 1008 919
f 1150 1067 1231
f 921 1009 1010
f 1044 959 869
f 974 1145 1060
f 1388 1213 1045
f 1153 986 894
f 1212 1044 1043
f 746 1005 914
f 1030 1117 1118
f 1056 972 1143
f 1088 910 830
f 1238 1237 1409
f 1324 1325 1071
f 1095 1008 839
f 1089 912 911
f 1115 1284 1024
f 912 1002 831
f 1212 1210 1211
f 1122 1291 1034
f 961 1131 1050
f 1280 1188 1111
f 1126 1294 1127
f 828 1086 909
f 1121 861 1032
f 1121 1033 861
f 931 1104 1017
f 1085 999 1163
f 1210 1042 1041
f 1110 1187 1021
f 1126 1127 864
f 1108 1184 1019
f 1125 949 1124
f 1166 911 910
f 1154 1075 987
f 948 1124 949
f 1076 987 1075
f 1206 952 1037
f 1198 1120 1197
f 1143 972 971
f 1148 1064 976
f 1018 935 846
f 1136 1053 967
f 1244 1159 1243
f 995 1160 902
f 1204 1128 1036
f 1169 1005 1091
f 1133 872 965
f 1112 1023 1189
f 923 1012 841
f 1157 994 993
f 1139 969 1054
f 1151 1068 1321
f 992 1156 897
f 856 1027 1116
f 1072 984 1152
f 1207 952 1206
f 978 1149 1065
f 1089 1002 912
f 1222 1223 970
f 923 1011 1176
f 1174 1095 918
f 942 853 1024
f 993 819 897
f 1110 850 849
f 1110 1021 850
f 1141 1142 971
f 1033 1200 945
f 1169 1092 914
f 1225 1144 1057
f 869 958 1044
f 1160 903 902
f 958 1043 1044
f 1402 1228 1227
f 1051 1135 966
f 968 1138 1054
f 1088 1251 1166
f 1123 947 863
f 863 1035 1123
f 959 1213 1046
f 1059 974 803
f 1215 1131 1130
f 1040 1041 957
f 993 898 819
f 898 993 994
f 1100 1179 927
f 1188 1189 1023
f 1188 1023 938
f 1290 1375 1528
f 1129 1048 1047
f 999 1086 828
f 1319 1146 1063
f 1014 1015 925
f 1234 1072 1152
f 1074 1153 894
f 995 902 901
f 941 1190 1114
f 957 1041 1042
f 1224 1225 1056
f 1197 1120 1031
f 904 996 824
f 1180 929 1016
f 955 1040 956
f 1088 1166 910
f 1166 1089 911
f 1064 1227 977
f 981 1069 1070
f 835 915 1006
f 943 1024 1191
f 1156 992 991
f 1068 1150 1232
f 929 1101 930
f 1075 1238 1239
f 1093 1170 1006
f 959 1045 1213
f 1299 1040 955
f 1273 1360 1106
f 1324 1486 1325
f 899 898 994
f 1149 977 1227
f 1245 1079 996
f 1126 950 1125
f 1123 1035 1201
f 1132 1216 963
f 922 1011 923
f 1010 1009 1011
f 1100 927 926
f 1100 926 1015
f 824 996 1079
f 938 1023 939
f 1062 1063 975
f 1216 964 963
f 1015 1178 1100
f 1085 1086 999
f 1061 1317 1063
f 1172 1094 1171
f 1291 1201 1034
f 984 983 1152
f 1243 1159 995
f 1069 1321 1322
f 935 1107 1108
f 843 1101 1103
f 917 1171 838
f 1102 1103 1101
f 1071 982 1070
f 1069 981 1151
f 917 1007 1171
f 830 1001 1088
f 1007 917 837
f 997 1082 998
f 1226 1145 1059
f 1128 1206 1037
f 1116 1028 857
f 944 1025 1192
f 1139 1394 1222
f 1291 1376 1377
f 906 1084 907
f 1038 784 954
f 1038 954 1208
f 914 1092 915
f 943 1191 1025
f 939 1023 940
f 1081 1082 997
f 1186 1185 1277
f 938 1111 1188
f 1074 1327 1153
f 1024 853 1115
f 1171 1259 1172
f 1106 1183 1018
f 1057 1058 884
f 954 953 1208
f 1082 1083 998
f 1266 1178 1015
f 941 1113 1190
f 1140 1141 882
f 1073 985 1236
f 1118 1117 1195
f 1212 1302 1044
f 1482 1405 1321
f 946 945 1200
f 862 946 1034
f 1041 1040 1300
f 1001 1165 1088
f 1092 1093 1006
f 1217 1133 965
f 1053 1137 968
f 1201 1035 1034
f 1166 1167 1089
f 1200 1122 946
f 1192 1026 944
f 1003 1090 1004
f 1235 1072 1234
f 1138 1139 1054
f 1031 1119 1197
f 995 1159 1160
f 996 903 1245
f 1085 1164 1086
f 1013 1265 1014
f 1039 1209 955
f 1144 1226 1059
f 1139 1221 1394
f 1246 1079 1245
f 1121 1032 1198
f 1292 1202 1378
f 1182 934 933
f 1024 1284 1191
f 1097 1096 1261
f 990 1329 1077
f 1165 1251 1088
f 1019 1277 1185
f 909 1087 1000
f 1325 1152 1071
f 1170 1258 1007
f 1116 1027 1193
f 1199 1121 1198
f 1006 1170 916
f 914 1005 1169
f 1079 1080 905
f 1267 1100 1178
f 1221 1139 1138
f 1320 1402 1227
f 889 1149 978
f 1076 1239 990
f 1315 1399 1316
f 971 1142 1143
f 1105 1182 933
f 1134 1135 1051
f 1262 1261 1509
f 1122 1034 946
f 1139 1222 969
f 1180 1016 1268
f 1175 1008 1095
f 1254 1090 1253
f 1059 1058 1144
f 1118 1119 859
f 1094 918 838
f 935 1018 1183
f 1023 1112 940
f 1092 1169 1256
f 1234 1152 1325
f 1224 1143 1396
f 1260 919 1008
f 1096 919 1260
f 1316 1061 1060
f 1147 976 1146
f 1147 1148 976
f 1293 1126 1125
f 1086 1087 909
f 1077 896 989
f 953 1207 1208
f 1207 953 952
f 1123 1202 947
f 1305 1306 1217
f 1017 1270 1105
f 1236 1326 1073
f 1168 1090 1003
f 1185 937 1019
f 1123 1378 1202
f 1004 1091 1005
f 1091 1004 1090
f 1302 1212 1211
f 1132 1131 1390
f 1327 1074 1073
f 1020 1109 1110
f 1008 1175 1260
f 1214 1047 1046
f 1106 1360 1183
f 1135 1052 966
f 1135 1219 1052
f 1142 1473 1396
f 1052 1219 1136
f 1170 1007 916
f 1190 1283 1368
f 1492 1558 1330
f 923 1177 1012
f 1386 1211 1385
f 1230 1231 1066
f 1066 1065 1230
f 1131 1049 1130
f 1218 1134 1133
f 1213 1214 1046
f 1038 1209 1039
f 1154 1238 1075
f 1136 1220 1053
f 1017 1104 1270
f 1107 1184 1108
f 1012 1099 1013
f 1123 1201 1378
f 1199 1289 1121
f 1180 1101 929
f 1029 1117 1030
f 1383 1300 1040
f 1021 1111 1022
f 1000 1087 1249
f 1137 1138 968
f 1369 1192 1191
f 1277 1276 1363
f 1047 1214 1129
f 1408 1489 1327
f 1215 1390 1131
f 970 1140 1055
f 1204 1127 1294
f 1308 1219 1135
f 1072 1235 1236
f 1183 1107 935
f 1373 1588 1374
f 1083 1161 1248
f 1332 1240 1155
f 1223 1312 1140
f 1286 1193 1027
f 1223 1140 970
f 1162 1084 1083
f 990 1077 989
f 897 1156 993
f 896 1077 991
f 1191 1192 1025
f 1315 1316 1145
f 1108 1019 936
f 1128 1295 1206
f 1233 1070 1069
f 1070 1233 1071
f 1163 908 1084
f 1098 1011 1009
f 1227 1228 1149
f 1321 1069 1151
f 1250 1165 1000
f 1026 1286 1027
f 1080 997 905
f 997 1080 1081
f 1149 889 977
f 1237 1238 1154
f 1105 1272 1182
f 1150 1231 1232
f 1071 1233 1324
f 838 1171 1094
f 1037 1036 1128
f 1124 1203 1125
f 1042 1043 868
f 1043 1042 1210
f 1112 1189 1282
f 1266 1014 1265
f 1174 1094 1173
f 1102 1180 1355
f 1126 1293 1294
f 1300 1301 1041
f 1089 1167 1252
f 1065 1228 1229
f 1153 1237 1154
f 1161 1082 1081
f 1082 1161 1083
f 1275 1184 1107
f 1021 1187 1111
f 1301 1210 1041
f 1184 1277 1019
f 1396 1143 1142
f 1141 1395 1142
f 1343 1344 1252
f 1229 1230 1065
f 1238 1328 1239
f 1307 1135 1134
f 955 1209 1299
f 1271 1105 1270
f 1105 1271 1272
f 1255 1256 1169
f 1319 1063 1317
f 1469 1394 1221
f 1141 1140 1312
f 1243 995 900
f 1196 1288 1197
f 1119 1196 1197
f 1186 1109 1185
f 1181 1103 1102
f 1078 1158 1242
f 1193 1194 1029
f 1117 1194 1374
f 1261 1096 1260
f 1148 1227 1064
f 1232 1321 1068
f 1273 1274 1360
f 1404 1482 1232
f 1245 1160 1335
f 1297 1298 1209
f 1173 1349 1174
f 1109 1186 1278
f 1187 1110 1278
f 1226 1315 1145
f 1216 1217 964
f 1217 1218 1133
f 1317 1318 1319
f 1240 1241 1156
f 1210 1212 1043
f 1180 1102 1101
f 1224 1313 1225
f 1302 1211 1386
f 1125 1203 1293
f 1202 1203 1124
f 1513 1514 1433
f 1344 1253 1168
f 1285 1191 1284
f 1307 1218 1392
f 1115 1368 1284
f 1157 1158 994
f 1307 1308 1135
f 1331 1155 1077
f 991 1077 1155
f 1079 1246 1080
f 1177 1099 1012
f 1195 1119 1118
f 1119 1195 1287
f 1225 1057 1056
f 1080 1247 1081
f 1218 1307 1134
f 1370 1026 1192
f 1402 1551 1228
f 1100 1267 1179
f 1357 1358 1271
f 1175 1174 1349
f 1114 1368 1115
f 1182 1273 1106
f 1376 1291 1122
f 990 1239 1329
f 1268 1179 1267
f 1188 1280 1281
f 1165 1001 1000
f 1147 1146 1319
f 1196 1119 1287
f 1465 1392 1218
f 1265 1013 1099
f 1098 1263 1011
f 1465 1466 1392
f 1301 1385 1211
f 1467 1468 1393
f 1289 1200 1033
f 1263 1176 1011
f 1331 1077 1329
f 1195 1374 1287
f 1202 1292 1203
f 1279 1111 1187
f 1474 1396 1473
f 1289 1033 1121
f 1172 1173 1094
f 1113 1112 1190
f 1388 1214 1213
f 1302 1045 1044
f 1112 1282 1190
f 1164 1087 1086
f 1164 1249 1087
f 1342 1251 1341
f 1309 1220 1136
f 1321 1232 1482
f 1145 1316 1060
f 1161 1081 1338
f 1258 1170 1257
f 1149 1228 1065
f 1322 1405 1323
f 1092 1256 1093
f 1303 1129 1214
f 1368 1114 1190
f 1264 1351 1177
f 1357 1271 1270
f 1380 1205 1128
f 1163 1339 1085
f 1354 1269 1268
f 1137 1221 1138
f 1176 1264 1177
f 1089 1252 1002
f 1322 1233 1069
f 1266 1015 1014
f 1220 1310 1137
f 1309 1136 1219
f 1237 1153 1327
f 1311 1222 1394
f 1193 1029 1116
f 1155 1156 991
f 1158 1078 899
f 1243 1078 1242
f 1254 1345 1255
f 1029 1194 1117
f 1381 1382 1297
f 1244 1495 1416
f 1180 1269 1355
f 1266 1513 1178
f 1316 1317 1061
f 1489 1237 1327
f 1254 1091 1090
f 1391 1216 1132
f 1304 1129 1303
f 1323 1406 1233
f 1268 1269 1180
f 1258 1259 1007
f 1485 1725 1487
f 1302 1386 1387
f 1179 1268 1016
f 1244 1242 1415
f 1238 1409 1328
f 1147 1319 1401
f 1299 1458 1383
f 1443 1285 1284
f 1342 1167 1251
f 1002 1168 1003
f 1355 1356 1181
f 1225 1398 1144
f 1103 1181 1104
f 1345 1427 1255
f 1216 1305 1217
f 1403 1479 1480
f 1326 1327 1073
f 1122 1200 1376
f 1331 1329 1490
f 1357 1356 1437
f 1230 1403 1231
f 1169 1091 1255
f 1323 1233 1322
f 1307 1392 1308
f 1414 1415 1333
f 1311 1471 1223
f 1272 1273 1182
f 1273 1272 1359
f 1361 1107 1183
f 1235 1326 1236
f 1304 1130 1129
f 1262 1098 1097
f 1217 1306 1218
f 1295 1296 1206
f 1155 1240 1156
f 1241 1157 993
f 1340 1422 1249
f 1262 1263 1098
f 1195 1117 1374
f 1296 1381 1207
f 1160 1334 1335
f 1372 1286 1371
f 1288 1198 1197
f 1442 1281 1624
f 1334 1160 1159
f 1209 1298 1299
f 1450 1378 1201
f 1188 1281 1189
f 1437 1517 1358
f 1642 1417 1416
f 1142 1395 1473
f 1254 1255 1091
f 1275 1276 1184
f 1581 1281 1280
f 1320 1227 1148
f 1309 1310 1220
f 1379 1529 1594
f 1398 1314 1226
f 1250 1341 1165
f 1509 1430 1262
f 1418 1338 1081
f 1248 1420 1339
f 1302 1387 1045
f 1313 1224 1396
f 1373 1194 1193
f 1374 1194 1373
f 1286 1026 1370
f 1294 1380 1204
f 1511 1512 1353
f 1210 1301 1211
f 1215 1463 1390
f 1403 1230 1229
f 1130 1304 1215
f 1349 1507 1350
f 1403 1404 1231
f 1226 1314 1315
f 1261 1262 1097
f 1399 1400 1317
f 1249 1250 1000
f 1241 1413 1157
f 1279 1280 1111
f 1248 1162 1083
f 1196 1446 1288
f 1421 1085 1339
f 1184 1276 1277
f 1317 1400 1318
f 1406 1486 1324
f 1283 1190 1282
f 1443 1284 1368
f 993 1156 1241
f 1191 1285 1369
f 1260 1429 1261
f 1144 1398 1226
f 1333 1158 1157
f 1189 1442 1282
f 1279 1365 1441
f 1425 1500 1343
f 1370 1371 1286
f 1218 1306 1465
f 1381 1456 1382
f 1293 1451 1452
f 1407 1235 1234
f 1407 1234 1325
f 1375 1289 1199
f 1448 1446 1447
f 1363 1186 1277
f 1399 1546 1400
f 1333 1415 1242
f 1336 1246 1245
f 1283 1367 1368
f 1433 1434 1267
f 1405 1322 1321
f 1357 1270 1181
f 1166 1251 1167
f 1452 1294 1293
f 1303 1214 1388
f 1090 1168 1253
f 1163 1162 1339
f 1339 1162 1248
f 1281 1442 1189
f 1251 1165 1341
f 1313 1398 1225
f 1290 1528 1376
f 1243 1242 1244
f 1177 1351 1099
f 1147 1401 1148
f 1381 1296 1455
f 1256 1346 1093
f 1355 1181 1102
f 1256 1255 1427
f 1290 1200 1289
f 1290 1376 1200
f 1280 1279 1581
f 1278 1365 1187
f 1247 1080 1246
f 1343 1167 1342
f 1324 1233 1406
f 1404 1232 1231
f 1550 1402 1478
f 1316 1399 1317
f 1381 1208 1207
f 1381 1297 1208
f 1370 1445 1371
f 1361 1183 1360
f 1522 1366 1442
f 1347 1259 1258
f 1433 1267 1178
f 1222 1311 1223
f 1235 1488 1326
f 1325 1486 1407
f 1344 1168 1252
f 1137 1310 1221
f 1219 1393 1309
f 1304 1389 1215
f 1312 1395 1141
f 1204 1380 1128
f 1391 1305 1216
f 1346 1427 1502
f 1045 1387 1388
f 1107 1361 1275
f 1364 1278 1186
f 1244 1334 1159
f 1384 1385 1301
f 1332 1411 1240
f 1343 1252 1167
f 1370 1192 1369
f 1383 1040 1299
f 1379 1203 1292
f 1504 1258 1257
f 1205 1295 1128
f 1435 1436 1356
f 1286 1372 1193
f 1433 1178 1513
f 1357 1437 1358
f 1269 1435 1355
f 1551 1552 1479
f 1298 1458 1299
f 1199 1288 1448
f 1331 1332 1155
f 1504 1347 1258
f 1532 1693 1533
f 1413 1414 1333
f 1401 1320 1148
f 1268 1434 1354
f 1357 1181 1356
f 1452 1453 1294
f 1430 1263 1262
f 1247 1418 1081
f 1463 1389 1599
f 1616 1407 1487
f 1390 1391 1132
f 1380 1294 1453
f 1326 1408 1327
f 1472 1606 1715
f 1521 1365 1364
f 1358 1272 1271
f 1273 1359 1274
f 1636 1350 1507
f 1272 1358 1359
f 1382 1298 1297
f 1215 1389 1463
f 1366 1283 1282
f 1366 1367 1283
f 1471 1312 1223
f 1412 1241 1240
f 1353 1266 1265
f 1266 1353 1513
f 1335 1336 1245
f 1449 1593 1377
f 1416 1417 1334
f 1430 1431 1263
f 1413 1241 1412
f 1333 1157 1413
f 1287 1446 1196
f 1483 1405 1482
f 1407 1488 1235
f 1645 1566 1496
f 1490 1329 1330
f 1308 1393 1219
f 1538 1305 1537
f 1555 1556 1408
f 1419 1248 1161
f 1331 1410 1332
f 1323 1554 1406
f 1337 1247 1246
f 1336 1337 1246
f 1434 1433 1515
f 1397 1314 1398
f 1348 1172 1259
f 1348 1259 1347
f 1624 1281 1581
f 1435 1356 1355
f 1556 1557 1489
f 1471 1472 1312
f 1351 1352 1099
f 1383 1384 1300
f 1429 1509 1261
f 1313 1397 1398
f 1385 1535 1386
f 1360 1439 1361
f 1438 1439 1274
f 1461 1536 1303
f 1500 1425 1652
f 1250 1249 1422
f 1338 1419 1161
f 1533 1296 1295
f 1221 1310 1469
f 1175 1350 1260
f 1239 1330 1329
f 1203 1451 1293
f 1203 1379 1451
f 1366 1282 1442
f 1595 1691 1596
f 1451 1531 1452
f 1531 1595 1452
f 1548 1320 1401
f 1253 1344 1501
f 1401 1319 1318
f 1364 1365 1278
f 1406 1485 1486
f 1239 1328 1330
f 1345 1572 1427
f 1346 1503 1257
f 1187 1365 1279
f 1459 1384 1383
f 1597 1534 1458
f 1172 1348 1173
f 1492 1330 1328
f 1229 1479 1403
f 1199 1448 1375
f 1423 1341 1250
f 1546 1547 1400
f 1520 1363 1276
f 1274 1359 1438
f 1467 1393 1308
f 1346 1257 1093
f 1735 1653 1652
f 1485 1406 1554
f 1173 1506 1349
f 1440 1362 1275
f 1372 1373 1193
f 1253 1426 1254
f 1426 1345 1254
f 1275 1362 1276
f 1472 1631 1395
f 1420 1497 1339
f 1489 1409 1237
f 1491 1332 1410
f 1546 1399 1610
f 1497 1568 1569
f 1267 1434 1268
f 1371 1524 1372
f 1507 1349 1506
f 1301 1300 1384
f 1565 1337 1336
f 1421 1164 1085
f 1421 1340 1164
f 1612 1549 1478
f 1279 1441 1581
f 1354 1435 1269
f 1551 1550 1552
f 1631 1473 1395
f 1462 1304 1303
f 1572 1502 1427
f 1476 1399 1314
f 1462 1389 1304
f 1476 1314 1545
f 1498 1422 1340
f 1474 1544 1313
f 1551 1229 1228
f 1376 1449 1377
f 1404 1481 1482
f 1422 1423 1250
f 1429 1508 1509
f 1440 1275 1361
f 1395 1312 1472
f 1570 1423 1422
f 1349 1350 1175
f 1363 1364 1186
f 1315 1314 1399
f 1432 1576 1664
f 1696 1534 1597
f 1708 1602 1620
f 1612 1719 1860
f 1540 1310 1309
f 1328 1409 1492
f 1373 1634 1588
f 1369 1445 1370
f 1375 1290 1289
f 1348 1428 1173
f 1543 1544 1474
f 1352 1265 1099
f 1352 1353 1265
f 1263 1431 1176
f 1173 1428 1506
f 1615 1484 1483
f 1530 1451 1379
f 1554 1622 1724
f 1244 1415 1495
f 1703 1462 1536
f 1309 1393 1540
f 1526 1448 1447
f 1486 1487 1407
f 1443 1583 1285
f 1528 1449 1376
f 1380 1454 1205
f 1527 1528 1375
f 1461 1460 1701
f 1201 1291 1450
f 1450 1291 1377
f 1369 1285 1444
f 1590 1591 1446
f 1427 1346 1256
f 1480 1481 1404
f 1314 1397 1545
f 1400 1547 1318
f 1558 1790 1637
f 1496 1418 1247
f 1488 1617 1555
f 1725 1616 1487
f 1359 1518 1438
f 1399 1476 1610
f 1469 1470 1394
f 1463 1464 1390
f 1378 1529 1292
f 1670 1518 1517
f 1438 1519 1439
f 1350 1429 1260
f 1501 1426 1253
f 1548 1478 1320
f 1439 1440 1361
f 1320 1478 1402
f 1351 1432 1352
f 1432 1351 1264
f 1512 1513 1353
f 1419 1420 1248
f 1525 1287 1374
f 1525 1374 1588
f 1541 1469 1310
f 1605 1470 1469
f 1620 1538 1537
f 1391 1537 1305
f 1458 1459 1383
f 1520 1626 1363
f 1700 1535 1699
f 1474 1313 1396
f 1431 1264 1176
f 1444 1445 1369
f 1456 1694 1457
f 1408 1326 1555
f 1417 1335 1334
f 1475 1397 1313
f 1475 1545 1397
f 1468 1540 1393
f 1414 1562 1415
f 1366 1523 1367
f 1696 1697 1534
f 1548 1401 1720
f 1426 1572 1345
f 1475 1608 1545
f 1477 1401 1318
f 1401 1477 1720
f 1488 1555 1326
f 1462 1704 1599
f 1295 1532 1533
f 1480 1404 1403
f 1405 1483 1484
f 1523 1582 1367
f 1386 1460 1387
f 1392 1467 1308
f 1669 1437 1436
f 1603 1467 1466
f 1337 1496 1247
f 1337 1565 1496
f 1425 1343 1342
f 1632 1450 1593
f 1391 1464 1537
f 1450 1632 1529
f 1481 1614 1483
f 1450 1529 1378
f 1390 1464 1391
f 1501 1344 1500
f 1494 1413 1412
f 1542 1471 1311
f 1700 1386 1535
f 1624 1522 1442
f 1377 1593 1450
f 1489 1408 1556
f 1368 1367 1443
f 1428 1505 1740
f 1601 1464 1600
f 1388 1387 1461
f 1461 1387 1460
f 1464 1601 1537
f 1557 1492 1409
f 1423 1424 1341
f 1484 1554 1323
f 1358 1518 1359
f 1602 1466 1465
f 1545 1608 1609
f 1453 1454 1380
f 1566 1418 1496
f 1303 1536 1462
f 1457 1458 1298
f 1441 1677 1581
f 1575 1504 1574
f 1419 1630 1420
f 1435 1354 1623
f 1382 1457 1298
f 1630 1568 1497
f 1419 1567 1647
f 1500 1653 1501
f 1311 1394 1470
f 1542 1311 1470
f 1416 1334 1244
f 1457 1597 1458
f 1619 1557 1556
f 1490 1410 1331
f 1417 1336 1335
f 1336 1417 1565
f 1707 1620 1601
f 1711 1604 1541
f 1538 1306 1305
f 1306 1538 1465
f 1540 1541 1310
f 1478 1549 1550
f 1487 1486 1485
f 1594 1530 1379
f 1356 1436 1437
f 1467 1392 1466
f 1532 1295 1205
f 1532 1205 1454
f 1689 1530 1594
f 1402 1550 1551
f 1660 1509 1508
f 1360 1274 1439
f 1446 1448 1288
f 1456 1457 1382
f 1388 1461 1303
f 1456 1381 1455
f 1520 1276 1362
f 1667 1623 1577
f 1516 1515 1666
f 1524 1634 1372
f 1663 1511 1664
f 1341 1424 1342
f 1405 1484 1323
f 1292 1529 1379
f 1421 1339 1497
f 1661 1431 1430
f 1343 1500 1344
f 1576 1432 1264
f 1580 1364 1626
f 1480 1553 1481
f 1384 1598 1628
f 1468 1539 1540
f 1575 1347 1504
f 1411 1412 1240
f 1503 1504 1257
f 1551 1479 1229
f 1703 1536 1702
f 1482 1481 1483
f 1588 1589 1525
f 1558 1490 1330
f 1428 1657 1506
f 1603 1709 1468
f 1544 1475 1313
f 1625 1694 1455
f 1419 1338 1567
f 1526 1527 1375
f 1686 1593 1449
f 1526 1375 1448
f 1657 1428 1740
f 1636 1659 1508
f 1454 1453 1596
f 1630 1497 1420
f 1431 1510 1264
f 1602 1635 1466
f 1463 1600 1464
f 1870 1795 1794
f 1454 1629 1532
f 1575 1348 1347
f 1583 1444 1285
f 1671 1438 1518
f 1459 1598 1384
f 1601 1620 1537
f 1628 1385 1384
f 1573 1574 1503
f 1362 1440 1578
f 1432 1511 1352
f 1571 1654 1426
f 1444 1585 1445
f 1576 1662 1664
f 1674 1440 1439
f 1296 1533 1455
f 1612 1548 1720
f 1342 1627 1425
f 1517 1518 1358
f 1479 1721 1480
f 1554 1724 1485
f 1642 1633 1417
f 1550 1613 1552
f 1569 1421 1497
f 1413 1494 1414
f 1718 1720 1477
f 1467 1603 1468
f 1778 1544 1777
f 1573 1738 1739
f 1636 1429 1350
f 1557 1409 1489
f 1621 1655 1502
f 1502 1503 1346
f 1741 1661 1430
f 1647 1630 1419
f 1424 1627 1342
f 1557 1560 1492
f 1525 1589 1590
f 1435 1623 1436
f 1458 1534 1459
f 1462 1599 1389
f 1713 1542 1470
f 1559 1410 1637
f 1613 1550 1549
f 1411 1493 1412
f 1590 1446 1287
f 1451 1530 1531
f 1681 1586 1585
f 1605 1713 1470
f 1542 1606 1471
f 1411 1332 1491
f 1491 1493 1411
f 1541 1604 1469
f 1575 1505 1348
f 1511 1353 1352
f 1555 1618 1556
f 1694 1456 1455
f 1318 1547 1477
f 1528 1684 1449
f 1596 1629 1454
f 1606 1542 1714
f 1616 1617 1488
f 1655 1621 1808
f 1808 1738 1655
f 1522 1523 1366
f 1579 1675 1520
f 1472 1715 1631
f 1514 1515 1433
f 1588 1683 1589
f 1495 1564 1642
f 1697 1598 1534
f 1576 1264 1510
f 1648 1569 1731
f 1582 1443 1367
f 1685 1527 1526
f 1604 1605 1469
f 1372 1634 1373
f 1819 1744 1666
f 1578 1440 1674
f 1509 1660 1430
f 1562 1495 1415
f 1560 1558 1492
f 1693 1625 1533
f 1491 1727 1493
f 1559 1491 1410
f 1525 1590 1287
f 1524 1371 1586
f 1695 1597 1457
f 1569 1340 1421
f 1561 1414 1494
f 1684 1528 1527
f 1893 1750 1675
f 1591 1592 1447
f 1628 1699 1535
f 1598 1459 1534
f 1636 1508 1429
f 1503 1574 1504
f 1521 1441 1365
f 1521 1677 1441
f 1553 1614 1481
f 1418 1567 1338
f 1592 1526 1447
f 1363 1626 1364
f 1586 1371 1445
f 1595 1453 1452
f 1453 1595 1596
f 1472 1471 1606
f 1604 1712 1605
f 1348 1505 1428
f 1582 1583 1443
f 1591 1447 1446
f 1583 1582 1680
f 1776 1607 1715
f 1461 1702 1536
f 1633 1565 1417
f 1725 1485 1724
f 1616 1488 1407
f 1516 1623 1354
f 1462 1703 1704
f 1473 1543 1474
f 1569 1498 1340
f 1484 1622 1554
f 1667 1668 1436
f 1516 1577 1623
f 1666 1515 1514
f 1449 1684 1686
f 1434 1516 1354
f 1516 1434 1515
f 1499 1424 1423
f 1499 1627 1424
f 1644 1496 1565
f 1721 1553 1480
f 1521 1580 1676
f 1561 1562 1414
f 1617 1618 1555
f 1579 1520 1362
f 1571 1806 1654
f 1490 1637 1410
f 1543 1473 1607
f 1607 1473 1631
f 1498 1570 1422
f 1566 1567 1418
f 1713 1714 1542
f 1578 1749 1579
f 1694 1695 1457
f 1632 1687 1688
f 1584 1585 1444
f 1678 1581 1677
f 1676 1677 1521
f 1581 1678 1624
f 1510 1815 1662
f 1711 1712 1604
f 1772 1603 1635
f 1570 1499 1423
f 1614 1615 1483
f 1828 1751 1676
f 1691 1531 1760
f 1634 1587 1682
f 1718 1719 1720
f 1583 1584 1444
f 1638 1558 1560
f 1558 1638 1790
f 1671 1519 1438
f 1568 1730 1731
f 1650 1627 1499
f 1686 1687 1593
f 1599 1706 1600
f 1527 1685 1684
f 1529 1632 1688
f 1545 1609 1476
f 1658 1636 1507
f 1522 1754 1523
f 1648 1570 1498
f 1585 1586 1445
f 1587 1586 1681
f 1795 1561 1494
f 1524 1587 1634
f 1546 1716 1611
f 1584 1756 1585
f 1561 1641 1562
f 1426 1501 1571
f 1637 1789 1559
f 1385 1628 1535
f 1558 1637 1490
f 1831 1832 1755
f 1752 1678 1677
f 1562 1563 1495
f 1660 1741 1430
f 1700 1701 1460
f 1541 1540 1711
f 1626 1520 1675
f 1644 1565 1643
f 1476 1609 1610
f 1615 1622 1484
f 1538 1602 1465
f 1620 1602 1538
f 1600 1706 1849
f 1493 1494 1412
f 1599 1600 1463
f 1707 1708 1620
f 1514 1513 1512
f 1646 1800 1647
f 1651 1652 1425
f 1614 1553 1723
f 1586 1587 1524
f 1529 1688 1594
f 1656 1505 1575
f 1716 1546 1610
f 1478 1548 1612
f 1544 1543 1777
f 1468 1709 1539
f 1635 1603 1466
f 1855 1778 1777
f 1750 1580 1626
f 1715 1606 1714
f 1718 1477 1547
f 1547 1611 1718
f 1631 1715 1607
f 1655 1573 1502
f 1669 1517 1437
f 1654 1572 1426
f 1553 1722 1723
f 1506 1657 1507
f 1546 1611 1547
f 1779 1857 1609
f 1802 1570 1649
f 1719 1612 1720
f 1578 1579 1362
f 1601 1600 1849
f 1782 1613 1549
f 1843 1969 1844
f 1702 1461 1701
f 1778 1608 1475
f 1570 1802 1499
f 1721 1783 1722
f 1510 1431 1661
f 1653 1500 1652
f 1510 1661 1815
f 1611 1717 1718
f 1621 1502 1572
f 1688 1689 1594
f 1563 1564 1495
f 1629 1693 1532
f 1593 1687 1632
f 1629 1692 1693
f 1494 1640 1795
f 1439 1519 1674
f 1675 1750 1626
f 1783 1721 1552
f 1653 1571 1501
f 1690 1760 1531
f 1511 1432 1664
f 1531 1691 1595
f 1644 1645 1496
f 1650 1734 1651
f 1700 1460 1386
f 1748 1578 1674
f 1573 1503 1502
f 1711 1540 1539
f 1642 1416 1495
f 1777 1543 1607
f 1455 1533 1625
f 1670 1671 1518
f 1710 1711 1539
f 1614 1864 1615
f 1725 1726 1616
f 1676 1752 1677
f 1693 1763 1625
f 1618 1619 1556
f 1552 1721 1479
f 1624 1679 1522
f 1523 1754 1755
f 1716 1857 1780
f 1698 1699 1628
f 1682 1588 1634
f 1656 1575 1574
f 1726 1617 1616
f 1667 1436 1623
f 1656 1740 1505
f 1580 1521 1364
f 1697 1698 1598
f 1770 1635 1602
f 1695 1696 1597
f 1573 1655 1738
f 1673 1674 1519
f 1611 1716 1859
f 1572 1654 1621
f 1746 1517 1669
f 1569 1648 1498
f 1648 1649 1570
f 1562 1641 1563
f 1571 1736 1806
f 1859 1717 1611
f 1781 1860 1719
f 1699 1698 1912
f 1698 1628 1598
f 1639 1638 1560
f 1630 1729 1568
f 1744 1577 1516
f 1744 1516 1666
f 1695 1847 1696
f 1709 1710 1539
f 1768 1769 1703
f 1836 1682 1587
f 1625 1764 1694
f 1722 1553 1721
f 1578 1748 1749
f 1681 1585 1756
f 1705 1599 1704
f 1680 1584 1583
f 1557 1619 1639
f 1788 1639 1619
f 1819 1818 1888
f 1617 1787 1618
f 1708 1770 1602
f 1771 1635 1770
f 1822 1669 1668
f 1662 1576 1510
f 1569 1568 1731
f 1660 1508 1659
f 1640 1794 1795
f 1592 1685 1526
f 1678 1753 1679
f 1747 1671 1670
f 1615 1865 1622
f 1612 1860 1782
f 1747 1672 1671
f 1658 1659 1636
f 1768 1702 1767
f 1601 1849 1707
f 1772 1709 1603
f 1740 1882 1812
f 1571 1653 1736
f 1775 1713 1853
f 1833 1834 1680
f 1544 1778 1475
f 1605 1712 1774
f 1855 1777 1920
f 1690 1531 1530
f 1670 1517 1746
f 1781 1719 1718
f 1665 1512 1743
f 1646 1647 1567
f 1645 1873 1646
f 1573 1739 1574
f 1795 1796 1641
f 1755 1582 1523
f 1788 1619 1618
f 1743 1818 1665
f 1815 1661 1741
f 1651 1735 1652
f 1739 1656 1574
f 1659 1814 1660
f 1633 1643 1565
f 1682 1683 1588
f 1493 1640 1494
f 1705 1706 1599
f 1763 1764 1625
f 1651 1627 1650
f 1852 1712 1711
f 1984 1853 1774
f 1884 2018 1885
f 1802 1803 1650
f 1778 1779 1608
f 1723 1864 1614
f 1726 1787 1617
f 1907 1764 1763
f 1608 1779 1609
f 1813 1812 1882
f 1859 1716 1780
f 1712 1852 1773
f 1596 1762 1629
f 1607 1920 1777
f 1679 1754 1522
f 1704 1703 1769
f 1621 1737 1808
f 1675 1579 1749
f 1910 1912 1698
f 1755 1680 1582
f 1689 1690 1530
f 1648 1732 1649
f 1713 1774 1853
f 1436 1668 1669
f 1425 1627 1651
f 1499 1802 1650
f 1804 1805 1735
f 1727 1640 1493
f 1622 1865 1785
f 1845 1690 1903
f 1795 1641 1561
f 1758 1590 1589
f 1591 1590 1758
f 1894 1895 1828
f 1691 1761 1762
f 1514 1665 1666
f 1672 1519 1671
f 1672 1673 1519
f 1639 1560 1557
f 1789 1790 1868
f 1839 1592 1591
f 1769 1916 1705
f 1657 1658 1507
f 1857 1716 1610
f 1714 1854 1715
f 1689 1903 1690
f 1678 1679 1624
f 1609 1857 1610
f 1691 1762 1596
f 1812 1813 1658
f 1663 1512 1511
f 1663 1743 1512
f 1676 1580 1828
f 1823 1670 1746
f 1899 1967 2105
f 1782 1549 1612
f 1774 1713 1605
f 1768 1703 1702
f 1665 1514 1512
f 1559 1727 1491
f 1745 1667 1577
f 1792 1868 1790
f 1765 1695 1694
f 1928 1907 1975
f 1792 1790 1638
f 1744 1745 1577
f 1841 1901 1842
f 1646 1567 1566
f 1646 1566 1645
f 1819 1666 1665
f 1729 1730 1568
f 1837 1683 1682
f 1831 1755 1754
f 1844 1759 1688
f 1923 1782 1860
f 1769 1705 1704
f 1907 1763 1974
f 1760 1761 1691
f 1839 1900 1840
f 1757 1758 1589
f 1683 1757 1589
f 1839 1591 1758
f 1895 2032 1751
f 1739 1738 1810
f 1785 1724 1622
f 1748 1674 1673
f 1827 1749 1826
f 1669 1822 1746
f 1710 1852 1711
f 1725 1724 1786
f 1660 1814 1741
f 1807 1808 1737
f 1825 2030 1826
f 1684 1842 1686
f 1750 1828 1580
f 1844 1688 1687
f 1844 1687 1843
f 1740 1812 1657
f 1615 1864 1865
f 1883 1659 1658
f 1778 1855 1856
f 1749 1827 1893
f 1905 1692 1762
f 1727 1559 1791
f 1735 1736 1653
f 1807 1737 1806
f 1641 1871 1563
f 1689 1688 1759
f 1689 1759 1903
f 1644 1728 1645
f 1782 1861 1613
f 1901 1969 1843
f 1771 1772 1635
f 1884 1659 1883
f 1762 1692 1629
f 1752 1753 1678
f 1728 1799 1645
f 1766 1701 1700
f 1801 1733 1649
f 1821 1822 1668
f 1826 1748 1825
f 1770 1851 1771
f 1658 1657 1812
f 1781 1718 1717
f 1776 1920 1607
f 1714 1775 1854
f 1797 1633 1642
f 1887 1818 1743
f 1731 1732 1648
f 1726 1866 1927
f 1797 1643 1633
f 1783 1552 1613
f 1765 1847 1695
f 1708 1917 1851
f 1708 1851 1770
f 1676 1751 1752
f 1680 1834 1584
f 1834 1756 1584
f 1728 1644 1643
f 1817 1950 1742
f 1742 1664 1817
f 1832 1680 1755
f 1821 1890 1822
f 1899 1839 1838
f 1797 1642 1564
f 1649 1733 1802
f 1686 1842 1843
f 1800 1729 1647
f 1829 1753 1752
f 2096 1957 2030
f 1867 1618 1787
f 1867 1788 1618
f 1745 1744 1889
f 1931 1872 1564
f 1764 1765 1694
f 1929 1806 1736
f 1662 1817 1664
f 1742 1663 1664
f 1742 1743 1663
f 1766 1767 1701
f 1930 1849 1706
f 1823 1824 1747
f 1927 1787 1726
f 1847 1848 1696
f 1667 1821 1668
f 1821 1667 1745
f 1792 1638 1639
f 1749 1893 1675
f 1816 1662 1815
f 1923 1861 1782
f 1861 1862 1783
f 1836 1837 1682
f 1651 1734 1804
f 1988 2123 2124
f 1684 1685 1842
f 1758 1757 1838
f 1630 1647 1729
f 1930 1706 1705
f 1835 1897 1681
f 1686 1843 1687
f 1725 1866 1726
f 1786 1866 1725
f 1737 1621 1654
f 1737 1654 1806
f 1692 1763 1693
f 1651 1804 1735
f 1856 1779 1778
f 1730 1876 1731
f 1713 1775 1714
f 1776 1715 1854
f 2008 1875 1874
f 1699 1766 1700
f 1784 1723 1722
f 1723 1784 1864
f 1805 1736 1735
f 1957 1827 1826
f 1809 1738 1808
f 1712 1773 1774
f 1847 1765 1928
f 1789 1791 1559
f 1917 1708 1707
f 1899 1900 1839
f 1864 1784 1924
f 1780 1990 1859
f 1798 1643 1797
f 1839 1840 1592
f 1837 1757 1683
f 1833 1832 1963
f 1672 1891 1673
f 1861 1783 1613
f 1761 1846 1762
f 1818 1819 1665
f 1954 1823 1822
f 1801 1649 1732
f 1930 1980 1850
f 1701 1767 1702
f 1756 1834 1835
f 1913 1699 1912
f 1808 1945 1809
f 1803 1734 1650
f 1747 1891 1672
f 1927 1998 1867
f 1996 1866 1786
f 1917 1707 1850
f 1769 1768 1978
f 1901 1843 1842
f 1830 2033 1896
f 1849 1850 1707
f 1977 1914 1766
f 2026 1890 1953
f 1893 1894 1750
f 1798 1728 1643
f 2022 1952 1951
f 1820 1888 2024
f 1840 1685 1592
f 1841 1685 1840
f 1829 1830 1753
f 1896 1679 1753
f 1869 1934 1794
f 1793 1788 1999
f 1788 1793 1639
f 1930 1850 1849
f 1818 1887 1952
f 1884 1814 1659
f 1887 1743 1742
f 1906 1973 1974
f 1884 1885 1814
f 1971 2039 2040
f 1641 1796 1871
f 1656 1811 1740
f 1872 1797 1564
f 1942 1943 1803
f 1864 1995 1865
f 1932 1791 1789
f 1950 1817 1816
f 1673 1825 1748
f 1825 1673 1891
f 1815 1949 1816
f 1845 1760 1690
f 1896 1754 1679
f 1754 1896 1831
f 1905 1763 1692
f 1910 1698 1697
f 1838 1757 1966
f 1848 1908 1909
f 1881 1811 1656
f 2056 1984 1773
f 1820 1744 1819
f 1820 1889 1744
f 1740 1811 1882
f 1919 1710 1709
f 1848 1697 1696
f 1848 1910 1697
f 1727 1869 1640
f 1791 1869 1727
f 2006 1873 1799
f 1881 1656 1739
f 1913 1912 1976
f 1897 1836 1681
f 1918 1772 1771
f 1756 1835 1681
f 1645 1799 1873
f 2015 1881 1880
f 1734 1803 1877
f 1893 1827 1958
f 1862 2064 1863
f 1864 1924 1995
f 1824 1891 1747
f 1670 1823 1747
f 1822 1823 1746
f 1935 1793 1999
f 1717 1858 1781
f 1731 1876 1732
f 1741 1886 1815
f 1741 1814 1886
f 1886 1949 1815
f 1722 1863 1784
f 1967 1838 1966
f 1724 1785 1786
f 1786 1926 1996
f 1791 1933 1869
f 1908 1848 1847
f 1848 1909 1910
f 1846 1905 1762
f 1858 1859 1990
f 1889 1953 1745
f 1832 1833 1680
f 1922 1992 1923
f 1816 1817 1662
f 1906 1763 1905
f 1763 1906 1974
f 1681 1836 1587
f 1871 2004 1936
f 2033 1961 1896
f 1868 1792 2002
f 1792 1639 1793
f 1927 1867 1787
f 1788 1867 1999
f 1766 1699 1913
f 1811 2015 1947
f 1988 1990 1780
f 1904 1761 1845
f 1862 1863 1783
f 1783 1863 1722
f 1960 1830 1829
f 1734 1877 1804
f 1991 1781 1858
f 1758 1838 1839
f 1809 1810 1738
f 1985 1854 1775
f 1918 1919 1709
f 1916 1769 1978
f 1930 1705 1916
f 1915 1978 1768
f 1760 1845 1761
f 1851 2053 1771
f 1942 1733 1801
f 1800 1875 1729
f 1772 1918 1709
f 1789 1637 1790
f 1841 1842 1685
f 1961 1831 1896
f 1751 1829 1752
f 1881 1739 1810
f 1805 1929 1736
f 1961 2133 1962
f 1925 1865 1995
f 1794 1640 1869
f 1798 1937 1938
f 1748 1826 1749
f 1947 1882 1811
f 2091 2020 2019
f 1830 1896 1753
f 1799 1938 2006
f 2066 2067 1924
f 1835 1965 1897
f 1899 2105 1900
f 1775 1853 1985
f 1875 1730 1729
f 1859 1858 1717
f 1929 1807 1806
f 1914 1767 1766
f 1962 1963 1832
f 1764 1907 1765
f 1945 1808 1807
f 1981 1917 1850
f 1877 1878 1804
f 1828 1750 1894
f 1873 1800 1646
f 1733 1803 1802
f 1918 2054 1919
f 1779 1987 1989
f 1922 1781 1991
f 1938 1799 1728
f 1861 1994 1862
f 1931 1564 1563
f 1920 1776 2060
f 1926 1786 1785
f 1975 1907 2043
f 1816 1949 2020
f 1885 1886 1814
f 1836 1898 1837
f 1891 1824 1956
f 1972 1846 1904
f 1865 1925 1785
f 1971 2040 1845
f 2104 1967 1966
f 1827 1957 1958
f 2000 1932 1868
f 2050 2051 1978
f 1902 1903 1759
f 1846 2041 1905
f 1924 1784 2066
f 1993 1923 1992
f 1857 1989 1780
f 1810 1880 1881
f 1967 1899 1838
f 1878 1805 1804
f 1929 1805 1879
f 1844 1970 1759
f 1989 1857 1779
f 1875 1800 1874
f 1874 1800 1873
f 2023 1952 2022
f 1820 2024 1889
f 1710 1919 1852
f 2152 2019 2090
f 1984 1774 1773
f 1996 1997 1866
f 1798 1938 1728
f 2077 1872 1931
f 1834 1964 1835
f 1895 1751 1828
f 2004 1871 1796
f 1795 1870 1796
f 1824 1955 1956
f 2036 1841 1840
f 1986 1855 1920
f 1964 1965 1835
f 1904 1846 1761
f 1907 1974 2043
f 1954 2095 1955
f 1983 1918 1771
f 2059 1854 1985
f 1911 1912 1910
f 1968 2036 1840
f 1970 1902 1759
f 2021 1951 1950
f 1907 1928 1765
f 1962 1832 1831
f 2083 1879 1878
f 1926 1785 1925
f 2055 1919 2118
f 1854 2059 1776
f 1960 1829 2032
f 1876 1730 1939
f 1805 1878 1879
f 1955 1824 1823
f 1823 1954 1955
f 2066 1784 1863
f 1932 1933 1791
f 1901 1841 2036
f 1922 1923 1860
f 2059 2060 1776
f 1951 1887 1742
f 1942 1803 1733
f 1897 1898 1836
f 1976 1977 1913
f 2167 1970 1969
f 1989 1987 2123
f 1913 1977 1766
f 1792 1935 2002
f 2041 1906 1905
f 1956 1892 1891
f 1891 1892 1825
f 1883 1813 2017
f 1940 1941 1801
f 1927 1866 1997
f 1809 2014 1810
f 1781 1922 1860
f 1903 1902 1971
f 1914 1915 1767
f 1911 1910 1909
f 1871 1931 1563
f 1936 1931 1871
f 1847 1928 1908
f 1966 1757 1837
f 1966 1837 2035
f 2051 1979 1916
f 1888 1820 1819
f 2040 1904 1845
f 2167 2038 1970
f 1833 1964 1834
f 1964 1833 1963
f 2007 1874 1873
f 1732 1940 1801
f 1915 1768 1767
f 1875 1939 1730
f 1995 2068 1925
f 2037 1969 1901
f 2054 2118 1919
f 1943 1877 1803
f 1929 1944 1807
f 1801 1941 1942
f 2233 2167 2232
f 1942 2010 1943
f 1929 1879 2012
f 2014 1880 1810
f 1983 2116 2179
f 2121 2122 1986
f 2023 2024 1888
f 1868 1932 1789
f 1876 1940 1732
f 1914 2048 1915
f 1995 1924 2067
f 2044 1909 1908
f 1998 1999 1867
f 2123 1988 1989
f 1856 1987 1779
f 1855 1921 1856
f 1872 1798 1797
f 1798 1872 1937
f 1953 1821 1745
f 2007 1873 2006
f 1934 1870 1794
f 1923 1993 1994
f 1923 1994 1861
f 1950 1816 2020
f 2116 1983 2053
f 1916 1979 1930
f 1858 1990 2062
f 1876 2009 1940
f 1885 1948 1886
f 1813 1883 1658
f 2064 2066 1863
f 1988 1780 1989
f 1925 2069 1926
f 2000 2001 1932
f 2083 2012 1879
f 1874 2007 2080
f 2051 1916 1978
f 1965 2101 2102
f 1999 2072 2141
f 2034 2135 1898
f 2020 2021 1950
f 1949 1948 2019
f 1911 2047 1912
f 1972 2041 1846
f 1898 2035 1837
f 1959 1895 2098
f 2126 1993 1992
f 2004 1796 1870
f 1983 2054 1918
f 1951 1952 1887
f 1939 2009 1876
f 2048 1914 1977
f 1980 1981 1850
f 1878 2011 2083
f 1811 1881 2015
f 2371 2126 2190
f 1939 1875 2008
f 1976 1912 2047
f 2045 1911 1909
f 2082 2009 2081
f 1933 1934 1869
f 2034 1898 1897
f 2219 2096 2029
f 1958 2098 1894
f 2089 2018 2151
f 2048 2049 1915
f 1986 1921 1855
f 2362 2244 2115
f 1979 1980 1930
f 1982 2053 1851
f 2004 2075 1936
f 1892 2030 1825
f 2014 2085 1880
f 2112 2049 2048
f 2138 1935 2141
f 2086 2087 2015
f 2033 1830 1960
f 1994 2064 1862
f 1926 2069 2070
f 2049 2050 1915
f 2135 2104 2035
f 1962 1831 1961
f 1953 1890 1821
f 1952 2023 1888
f 1922 1991 2125
f 1969 2037 2232
f 2094 2095 1954
f 2055 2056 1773
f 2040 1972 1904
f 1975 2171 2044
f 2167 1969 2232
f 1969 1970 1844
f 1883 2018 1884
f 2018 1883 2017
f 2060 1986 1920
f 1951 1742 1950
f 1997 1998 1927
f 2132 2009 1939
f 1822 1890 1954
f 2119 2120 2059
f 2009 2082 1940
f 2083 2011 2148
f 1858 2062 1991
f 2095 2027 1955
f 2027 1956 1955
f 2012 1944 1929
f 1886 1948 1949
f 1983 1771 2053
f 1895 1959 2032
f 2027 2156 2028
f 1877 2011 1878
f 2011 1877 1943
f 2178 1982 1981
f 2044 2045 1909
f 2056 2057 1984
f 1919 2055 1852
f 1908 1928 1975
f 1921 1987 1856
f 2050 1978 1915
f 2059 2120 2060
f 1889 2025 1953
f 1882 2016 1813
f 2016 1882 1947
f 2105 2106 1968
f 2120 2121 2060
f 2024 2025 1889
f 1996 2071 1997
f 2004 2074 2075
f 1945 1946 1809
f 2048 1977 2111
f 1917 1982 1851
f 1982 1917 1981
f 1958 1894 1893
f 1957 1826 2030
f 1906 2041 1973
f 2105 1967 2164
f 1944 2013 1945
f 2041 2170 1973
f 1903 1971 1845
f 1968 1840 1900
f 2075 2076 1936
f 1946 2149 2014
f 2052 1980 1979
f 2038 1902 1970
f 2157 2098 1958
f 2114 2134 2242
f 1921 2061 1987
f 2127 2064 2063
f 2047 2130 1976
f 2105 1968 1900
f 2005 1937 2078
f 1894 2098 1895
f 1987 2061 2123
f 2072 1999 1998
f 2296 2175 2353
f 1946 2014 1809
f 2010 1942 1941
f 1934 2003 2073
f 1952 1888 1818
f 2089 1948 1885
f 1967 2104 2164
f 2032 1829 1751
f 2122 1921 1986
f 1793 1935 1792
f 2141 1935 1999
f 2125 2126 1992
f 2092 1951 2021
f 2120 2184 2121
f 2091 2092 2021
f 1959 2031 2032
f 1934 2073 1870
f 1944 1945 1807
f 2188 1990 1988
f 1965 2034 1897
f 2057 1853 1984
f 2073 2004 1870
f 2108 1971 1902
f 2128 1997 2071
f 2077 2078 1937
f 2060 2121 1986
f 2063 1994 1993
f 2085 2015 1880
f 2055 1773 1852
f 2068 2069 1925
f 1868 2002 2000
f 1975 2044 1908
f 2110 2041 1972
f 2051 2134 1979
f 2303 2183 2246
f 2008 2132 1939
f 2094 1954 1890
f 1892 2029 2030
f 2015 2087 1947
f 2080 2008 1874
f 2111 1977 1976
f 2003 1934 1933
f 2070 1996 1926
f 2026 1953 2025
f 2137 2139 2001
f 2084 2208 2013
f 2163 2101 2100
f 2068 1995 2067
f 2080 2007 2079
f 1996 2070 2071
f 2146 2148 2011
f 1902 2038 2108
f 2058 2183 2119
f 1922 2125 1992
f 2188 2062 1990
f 2064 2065 2066
f 2099 2160 2033
f 2154 2026 2025
f 2036 2037 1901
f 2058 1985 1853
f 1973 2042 1974
f 2028 2029 1892
f 2143 2201 2079
f 2062 2125 1991
f 2018 2089 1885
f 2242 2134 2177
f 2063 1993 2249
f 1949 2019 2020
f 1956 2028 1892
f 2028 1956 2027
f 1890 2026 2094
f 2209 2210 2151
f 2080 2132 2008
f 1985 2119 2059
f 2119 1985 2058
f 2246 2058 2057
f 2016 2017 1813
f 2081 2144 2202
f 2109 2110 1972
f 2046 2047 1911
f 2313 2256 2255
f 2154 2155 2026
f 2123 2061 2186
f 2232 2166 2292
f 2170 2041 2110
f 1932 2001 1933
f 2046 1911 2045
f 2234 2039 2108
f 1853 2057 2058
f 2005 2006 1938
f 2271 2330 2086
f 2077 1931 1936
f 1997 2128 1998
f 2100 1964 1963
f 1962 2100 1963
f 2111 2112 2048
f 2157 1958 1957
f 1998 2128 2072
f 2056 2182 2181
f 2150 2017 2016
f 2036 1968 2107
f 2032 2031 1960
f 2131 2031 1959
f 1937 2005 1938
f 1936 2076 2077
f 2054 2117 2118
f 2054 1983 2179
f 2001 2139 2003
f 2042 2172 2043
f 2128 2257 2072
f 1966 2035 2104
f 1980 2052 1981
f 2564 2575 2429
f 2133 1961 2160
f 2114 2052 1979
f 2107 2232 2037
f 2229 2135 2103
f 2042 2043 1974
f 2184 2122 2121
f 2151 2017 2150
f 2206 2084 2012
f 2178 1981 2052
f 2061 1921 2122
f 2150 2209 2151
f 1951 2092 2022
f 2099 2033 1960
f 1872 2077 1937
f 2066 2065 2067
f 2254 2070 2069
f 2153 2092 2091
f 2168 2108 2038
f 2239 2297 2176
f 2115 1982 2178
f 2109 1972 2040
f 2097 2157 1957
f 2102 2103 2034
f 2068 2253 2069
f 2013 1946 1945
f 2013 2149 1946
f 2090 2019 1948
f 2005 2078 2200
f 2005 2129 2006
f 2155 2094 2026
f 2308 2371 2190
f 2189 2062 2188
f 2146 2011 1943
f 1941 2145 2010
f 2088 2150 2016
f 2299 2243 2114
f 2132 2080 2144
f 1982 2116 2053
f 2241 2359 2242
f 2123 2186 2124
f 2044 2174 2045
f 2211 2212 2090
f 2056 2181 2057
f 2105 2230 2106
f 2096 2097 1957
f 2135 2035 1898
f 2020 2091 2021
f 2017 2151 2018
f 2055 2118 2182
f 2103 2135 2034
f 2117 2054 2179
f 2124 2188 1988
f 2063 2064 1994
f 2286 2222 2131
f 2070 2254 2255
f 2126 2249 1993
f 2093 2025 2024
f 2213 2214 2022
f 2383 2340 2339
f 2076 2078 2077
f 2196 2198 2074
f 2185 2061 2122
f 2079 2006 2129
f 2115 2116 1982
f 2256 2128 2071
f 2055 2182 2056
f 2260 2197 2262
f 2023 2093 2024
f 2138 2002 1935
f 2130 2047 2046
f 2201 2080 2079
f 2098 2131 1959
f 2106 2107 1968
f 2085 2014 2149
f 2089 2090 1948
f 2127 2065 2064
f 2159 1960 2031
f 2125 2190 2126
f 2391 2369 2248
f 2173 2353 2174
f 2192 2253 2068
f 2257 2262 2197
f 2133 2100 1962
f 2192 2068 2067
f 2088 2016 1947
f 2322 2144 2201
f 2132 2081 2009
f 2239 2176 2130
f 2114 1979 2134
f 2107 2037 2036
f 2012 2084 1944
f 2084 2013 1944
f 2001 2003 1933
f 2177 2051 2050
f 2177 2134 2051
f 2108 2039 1971
f 2238 2130 2046
f 2002 2136 2000
f 2171 2043 2172
f 2042 1973 2170
f 2423 2345 2290
f 2096 2030 2029
f 2106 2165 2107
f 2093 2154 2025
f 2131 2222 2031
f 2204 2203 2325
f 2087 2088 1947
f 2277 2153 2091
f 2050 2113 2177
f 2108 2168 2234
f 2159 2031 2222
f 2114 2243 2052
f 2326 2204 2325
f 2213 2278 2214
f 2133 2161 2162
f 2040 2039 2109
f 2230 2105 2164
f 2132 2144 2081
f 2214 2278 2459
f 2146 1943 2010
f 2140 2074 2073
f 2225 2163 2162
f 2205 2146 2010
f 2197 2072 2257
f 2294 2398 2169
f 2201 2143 2267
f 2100 2101 1964
f 2138 2136 2002
f 2241 2113 2298
f 2130 2111 1976
f 2043 2171 1975
f 2112 2298 2049
f 2326 2147 2205
f 2113 2050 2049
f 2137 2194 2139
f 2141 2197 2195
f 2082 1941 1940
f 2082 2145 1941
f 2215 2093 2023
f 2175 2046 2045
f 2111 2176 2112
f 2396 2220 2219
f 2033 2160 1961
f 2244 2362 2363
f 2388 2483 2359
f 2167 2233 2168
f 2106 2291 2165
f 2191 2192 2067
f 2127 2191 2065
f 2085 2086 2015
f 2102 2034 1965
f 2249 2250 2063
f 2146 2205 2147
f 2098 2158 2131
f 2137 2001 2000
f 2027 2095 2218
f 2159 2099 1960
f 2104 2135 2229
f 2169 2235 2110
f 2217 2281 2282
f 2006 2079 2007
f 2116 2244 2179
f 2107 2166 2232
f 2180 2118 2117
f 2182 2118 2180
f 2004 2073 2074
f 2304 2184 2120
f 2169 2110 2109
f 2168 2038 2167
f 2138 2195 2258
f 2153 2213 2092
f 2343 2226 2342
f 2249 2126 2310
f 2223 2340 2224
f 2094 2155 2217
f 2218 2156 2027
f 2158 2098 2157
f 2199 2142 2076
f 2065 2191 2067
f 2019 2152 2091
f 2203 2082 2081
f 2203 2145 2082
f 2217 2155 2281
f 2216 2154 2093
f 2169 2109 2294
f 2237 2171 2172
f 2310 2454 2406
f 2228 2290 2229
f 2112 2240 2298
f 2338 2286 2158
f 2089 2211 2090
f 2149 2271 2085
f 2185 2122 2184
f 2078 2142 2200
f 2181 2246 2057
f 2189 2190 2125
f 2322 2202 2144
f 2348 2168 2233
f 2172 2042 2236
f 2110 2235 2170
f 2160 2161 2133
f 2085 2271 2086
f 2185 2186 2061
f 2147 2148 2146
f 2270 2013 2208
f 2215 2023 2022
f 2223 2099 2159
f 2282 2218 2217
f 2197 2141 2072
f 2252 2192 2191
f 2219 2028 2156
f 2200 2266 2129
f 2230 2346 2291
f 2124 2187 2188
f 2255 2071 2070
f 2222 2287 2223
f 2198 2075 2074
f 2075 2198 2076
f 2231 2166 2165
f 2201 2144 2080
f 2272 2088 2087
f 2029 2028 2219
f 2140 2073 2003
f 2246 2183 2058
f 2307 2188 2187
f 2186 2187 2124
f 2221 2220 2285
f 2335 2280 2216
f 2240 2112 2176
f 2049 2298 2113
f 2314 2257 2256
f 2151 2211 2089
f 2165 2166 2107
f 2148 2269 2083
f 2174 2175 2045
f 2292 2233 2232
f 2163 2226 2101
f 2288 2162 2161
f 2092 2213 2022
f 2220 2097 2096
f 2220 2096 2219
f 2139 2140 2003
f 2097 2221 2157
f 2221 2097 2220
f 2162 2163 2100
f 2129 2143 2079
f 2143 2129 2266
f 2294 2109 2039
f 2173 2174 2044
f 2369 2186 2185
f 2205 2010 2145
f 2255 2256 2071
f 2256 2257 2128
f 2152 2090 2212
f 2063 2250 2127
f 2119 2183 2247
f 2179 2244 2117
f 2254 2069 2253
f 2305 2186 2369
f 2208 2084 2207
f 2133 2162 2100
f 2195 2138 2141
f 2130 2176 2111
f 2140 2139 2261
f 2170 2236 2042
f 2275 2210 2421
f 2268 2269 2148
f 2102 2101 2227
f 2227 2101 2226
f 2083 2206 2012
f 2451 2292 2231
f 2119 2247 2120
f 2229 2164 2104
f 2136 2137 2000
f 2250 2251 2127
f 2258 2193 2136
f 2302 2245 2181
f 2307 2308 2189
f 2178 2301 2115
f 2306 2307 2187
f 2251 2191 2127
f 2145 2204 2205
f 2272 2087 2086
f 2206 2083 2269
f 2217 2095 2094
f 2217 2218 2095
f 2139 2259 2261
f 2291 2106 2230
f 2399 2272 2330
f 2052 2243 2178
f 2215 2279 2216
f 2189 2125 2062
f 2168 2293 2234
f 2244 2116 2115
f 2362 2115 2301
f 2243 2301 2178
f 2395 2313 2312
f 2324 2203 2202
f 2371 2309 2454
f 2224 2161 2160
f 2154 2280 2155
f 2236 2352 2237
f 2241 2177 2113
f 2196 2263 2198
f 2426 2321 2264
f 2140 2261 2196
f 2398 2294 2349
f 2390 2248 2304
f 2310 2371 2454
f 2222 2223 2159
f 2284 2337 2405
f 2202 2203 2081
f 2226 2163 2225
f 2188 2307 2189
f 2243 2300 2301
f 2280 2281 2155
f 2366 2367 2245
f 2207 2084 2206
f 2238 2239 2130
f 2296 2238 2175
f 2216 2280 2154
f 2044 2171 2173
f 2173 2171 2237
f 2304 2120 2247
f 2103 2228 2229
f 2253 2192 2252
f 2312 2313 2255
f 2046 2175 2238
f 2247 2183 2303
f 2262 2317 2260
f 2242 2177 2241
f 2208 2329 2270
f 2088 2272 2273
f 2138 2258 2136
f 2342 2226 2225
f 2467 2287 2382
f 2198 2263 2199
f 2262 2257 2314
f 2407 2455 2295
f 2311 2191 2251
f 2248 2185 2184
f 2228 2289 2420
f 2353 2175 2174
f 2198 2199 2076
f 2236 2170 2235
f 2293 2349 2234
f 2203 2204 2145
f 2286 2287 2222
f 2151 2210 2211
f 2284 2219 2156
f 2240 2357 2298
f 2226 2343 2227
f 2459 2411 2279
f 2224 2160 2099
f 2224 2099 2223
f 2275 2212 2211
f 2140 2196 2074
f 2215 2216 2093
f 2193 2137 2136
f 2270 2271 2149
f 2277 2091 2152
f 2212 2277 2152
f 2126 2371 2310
f 2157 2221 2158
f 2190 2189 2308
f 2185 2248 2369
f 2445 2389 2361
f 2364 2180 2422
f 2181 2245 2246
f 2200 2265 2266
f 2234 2294 2039
f 2153 2277 2334
f 2321 2200 2142
f 2102 2227 2103
f 2197 2260 2195
f 2246 2367 2303
f 2305 2187 2186
f 2273 2150 2088
f 2209 2150 2273
f 2278 2213 2334
f 2285 2220 2396
f 2270 2149 2013
f 2286 2131 2158
f 2147 2268 2148
f 2213 2153 2334
f 2401 2323 2322
f 2373 2254 2253
f 2182 2302 2181
f 2143 2266 2267
f 2311 2252 2191
f 2231 2165 2291
f 2307 2370 2308
f 2193 2194 2137
f 2346 2230 2345
f 2407 2295 2237
f 2242 2299 2114
f 2022 2214 2215
f 2236 2237 2172
f 2180 2302 2182
f 2283 2218 2282
f 2299 2300 2243
f 2338 2158 2221
f 2425 2480 2424
f 2261 2375 2318
f 2289 2103 2227
f 2422 2180 2117
f 2359 2299 2242
f 2348 2293 2168
f 2339 2287 2467
f 2351 2236 2235
f 2319 2317 2262
f 2267 2322 2201
f 2412 2281 2280
f 2408 2271 2270
f 2247 2303 2368
f 2356 2297 2239
f 2260 2258 2195
f 2173 2295 2353
f 2322 2323 2202
f 2230 2164 2345
f 2209 2274 2210
f 2273 2274 2209
f 2306 2187 2305
f 2204 2326 2205
f 2147 2326 2268
f 2428 2324 2376
f 2210 2275 2211
f 2208 2207 2328
f 2329 2208 2328
f 2272 2086 2330
f 2229 2290 2164
f 2240 2297 2357
f 2330 2271 2408
f 2373 2312 2254
f 2103 2289 2228
f 2308 2370 2309
f 2369 2448 2305
f 2219 2284 2396
f 2250 2249 2372
f 2316 2258 2260
f 2405 2472 2396
f 2283 2156 2218
f 2199 2264 2142
f 2306 2305 2402
f 2341 2161 2224
f 2341 2224 2340
f 2292 2348 2233
f 2351 2352 2236
f 2231 2292 2166
f 2407 2237 2352
f 2448 2402 2305
f 2337 2284 2156
f 2417 2278 2334
f 2308 2309 2371
f 2312 2255 2254
f 2373 2253 2252
f 2139 2194 2259
f 2576 2458 2403
f 2346 2345 2423
f 2238 2355 2239
f 2267 2450 2401
f 2234 2349 2294
f 2237 2295 2173
f 2321 2265 2200
f 2264 2321 2142
f 2450 2267 2266
f 2314 2256 2313
f 2415 2384 2343
f 2505 2397 2356
f 2418 2275 2421
f 2350 2351 2235
f 2206 2327 2207
f 2318 2263 2196
f 2341 2288 2161
f 2269 2327 2206
f 2364 2302 2180
f 2277 2212 2276
f 2117 2363 2422
f 2398 2350 2169
f 2286 2382 2287
f 2327 2269 2378
f 2275 2276 2212
f 2221 2285 2338
f 2333 2421 2210
f 2332 2274 2273
f 2304 2248 2184
f 2434 2338 2285
f 2244 2363 2117
f 2288 2225 2162
f 2533 2412 2380
f 2320 2264 2199
f 2297 2240 2176
f 2418 2379 2276
f 2496 2484 2451
f 2194 2193 2315
f 2641 2624 2473
f 2459 2279 2214
f 2379 2277 2276
f 2462 2360 2300
f 2247 2368 2304
f 2296 2355 2238
f 2375 2416 2318
f 2483 2469 2462
f 2311 2458 2252
f 2214 2279 2215
f 2559 2535 2530
f 2323 2324 2202
f 2434 2381 2338
f 2346 2385 2291
f 2367 2246 2245
f 2156 2283 2337
f 2470 2570 2495
f 2372 2251 2250
f 2301 2361 2362
f 2313 2410 2314
f 2394 2395 2312
f 2317 2316 2260
f 2389 2362 2361
f 2281 2336 2282
f 2412 2336 2281
f 2411 2335 2279
f 2339 2340 2223
f 2320 2426 2264
f 2342 2415 2343
f 2420 2290 2228
f 2300 2360 2361
f 2429 2378 2377
f 2403 2507 2576
f 2407 2352 2440
f 2457 2487 2539
f 2199 2263 2320
f 2252 2489 2373
f 2345 2164 2290
f 2402 2446 2370
f 2426 2521 2500
f 2245 2365 2366
f 2284 2405 2396
f 2364 2365 2302
f 2425 2259 2315
f 2262 2314 2319
f 2335 2412 2280
f 2456 2545 2377
f 2468 2350 2398
f 2379 2334 2277
f 2473 2465 2479
f 2403 2311 2393
f 2333 2432 2463
f 2462 2359 2483
f 2525 2403 2393
f 2409 2225 2288
f 2420 2344 2290
f 2482 2460 2409
f 2612 2475 2539
f 2383 2532 2435
f 2193 2258 2419
f 2425 2261 2259
f 2310 2372 2249
f 2386 2499 2439
f 2397 2357 2297
f 2419 2315 2193
f 2416 2320 2263
f 2327 2328 2207
f 2459 2278 2417
f 2241 2388 2359
f 2291 2385 2231
f 2530 2490 2439
f 2426 2500 2321
f 2316 2419 2258
f 2355 2356 2239
f 2384 2522 2420
f 2539 2427 2457
f 2430 2327 2378
f 2292 2347 2348
f 2196 2261 2318
f 2298 2358 2241
f 2358 2388 2241
f 2266 2265 2450
f 2578 2519 2566
f 2654 2645 2586
f 2453 2510 2528
f 2302 2365 2245
f 2526 2361 2360
f 2406 2372 2310
f 2519 2523 2498
f 2452 2368 2303
f 2423 2290 2344
f 2349 2490 2398
f 2373 2489 2394
f 2374 2317 2319
f 2389 2479 2363
f 2251 2393 2311
f 2324 2325 2203
f 2267 2401 2322
f 2402 2370 2306
f 2356 2397 2297
f 2329 2408 2270
f 2358 2298 2357
f 2307 2306 2370
f 2477 2581 2488
f 2274 2333 2210
f 2333 2274 2332
f 2654 2586 2605
f 2367 2366 2509
f 2452 2509 2568
f 2223 2287 2339
f 2403 2458 2311
f 2378 2269 2268
f 2485 2477 2390
f 2299 2462 2300
f 2462 2299 2359
f 2350 2235 2169
f 2372 2393 2251
f 2301 2300 2361
f 2296 2354 2355
f 2452 2485 2368
f 2354 2296 2353
f 2640 2602 2570
f 2289 2343 2384
f 2315 2259 2194
f 2313 2395 2410
f 2470 2374 2319
f 2479 2422 2363
f 2526 2360 2469
f 2338 2382 2286
f 2343 2289 2227
f 2420 2289 2384
f 2331 2273 2272
f 2331 2332 2273
f 2551 2468 2506
f 2449 2575 2537
f 2216 2279 2335
f 2649 2608 2502
f 2388 2444 2483
f 2443 2444 2388
f 2450 2457 2401
f 2338 2381 2382
f 2484 2386 2347
f 2518 2384 2415
f 2334 2433 2417
f 2441 2544 2442
f 2329 2431 2408
f 2461 2453 2399
f 2387 2350 2400
f 2505 2491 2397
f 2377 2378 2268
f 2386 2439 2293
f 2386 2293 2348
f 2437 2438 2385
f 2390 2391 2248
f 2368 2390 2304
f 2425 2375 2261
f 2392 2393 2372
f 2410 2319 2314
f 2326 2456 2377
f 2411 2380 2335
f 2546 2599 2676
f 2404 2337 2283
f 2409 2342 2225
f 2340 2383 2341
f 2616 2444 2443
f 2438 2451 2385
f 2451 2347 2292
f 2401 2427 2323
f 2385 2451 2231
f 2442 2355 2354
f 2355 2442 2356
f 2309 2370 2446
f 2455 2353 2295
f 2379 2433 2334
f 2588 2619 2539
f 2252 2458 2489
f 2335 2380 2412
f 2268 2326 2377
f 2406 2392 2372
f 2387 2352 2351
f 2387 2440 2352
f 2595 2603 2510
f 2516 2634 2579
f 2324 2323 2376
f 2467 2492 2339
f 2275 2418 2276
f 2493 2454 2309
f 2341 2435 2288
f 2341 2383 2435
f 2332 2528 2432
f 2437 2436 2557
f 2416 2263 2318
f 2375 2567 2416
f 2637 2486 2513
f 2395 2447 2410
f 2544 2572 2674
f 2423 2437 2346
f 2324 2428 2325
f 2346 2437 2385
f 2423 2436 2437
f 2327 2430 2449
f 2321 2500 2265
f 2425 2424 2375
f 2452 2303 2367
f 2452 2367 2509
f 2445 2556 2389
f 2574 2545 2456
f 2440 2501 2494
f 2350 2387 2351
f 2405 2337 2503
f 2549 2503 2404
f 2469 2601 2526
f 2391 2390 2477
f 2502 2475 2649
f 2373 2394 2312
f 2348 2347 2386
f 2490 2349 2439
f 2434 2472 2571
f 2564 2545 2701
f 2531 2489 2576
f 2486 2637 2476
f 2363 2362 2389
f 2432 2333 2332
f 2414 2358 2357
f 2430 2429 2575
f 2327 2449 2328
f 2606 2728 2687
f 2412 2533 2336
f 2391 2448 2369
f 2465 2422 2479
f 2544 2610 2442
f 2438 2496 2451
f 2491 2414 2397
f 2697 2504 2571
f 2399 2331 2272
f 2331 2399 2453
f 2316 2317 2374
f 2468 2400 2350
f 2441 2354 2353
f 2442 2354 2441
f 2413 2329 2328
f 2469 2360 2462
f 2439 2349 2293
f 2494 2455 2407
f 2431 2461 2408
f 2342 2460 2415
f 2420 2522 2344
f 2482 2409 2435
f 2315 2480 2425
f 2413 2560 2431
f 2404 2282 2336
f 2374 2498 2316
f 2558 2365 2465
f 2533 2380 2561
f 2398 2490 2468
f 2441 2572 2544
f 2472 2434 2285
f 2285 2396 2472
f 2597 2598 2480
f 2596 2599 2546
f 2594 2514 2503
f 2474 2379 2418
f 2466 2448 2488
f 2389 2556 2479
f 2415 2529 2518
f 2394 2447 2395
f 2393 2392 2525
f 2339 2492 2383
f 2392 2406 2516
f 2416 2471 2320
f 2333 2463 2421
f 2463 2418 2421
f 2434 2504 2381
f 2429 2430 2378
f 2380 2476 2561
f 2433 2527 2417
f 2413 2431 2329
f 2598 2424 2480
f 2522 2384 2518
f 2497 2438 2437
f 2523 2419 2316
f 2417 2513 2459
f 2455 2494 2572
f 2476 2380 2411
f 2539 2475 2427
f 2493 2515 2573
f 2447 2481 2410
f 2391 2488 2448
f 2522 2517 2344
f 2558 2366 2365
f 2410 2470 2319
f 2563 2543 2493
f 2390 2368 2485
f 2504 2434 2571
f 2470 2495 2374
f 2634 2515 2673
f 2443 2388 2358
f 2414 2443 2358
f 2450 2487 2457
f 2409 2460 2342
f 2449 2413 2328
f 2428 2456 2325
f 2427 2376 2323
f 2433 2379 2474
f 2501 2387 2400
f 2414 2357 2397
f 2562 2494 2501
f 2405 2514 2472
f 2445 2361 2526
f 2536 2689 2729
f 2465 2365 2364
f 2465 2364 2422
f 2387 2501 2440
f 2440 2494 2407
f 2441 2353 2455
f 2456 2326 2325
f 2331 2528 2332
f 2479 2556 2473
f 2404 2283 2282
f 2502 2428 2376
f 2382 2524 2467
f 2524 2382 2381
f 2435 2409 2288
f 2404 2503 2337
f 2419 2464 2315
f 2634 2573 2515
f 2461 2330 2408
f 2461 2399 2330
f 2630 2532 2492
f 2471 2426 2320
f 2452 2568 2485
f 2410 2481 2470
f 2572 2441 2455
f 2517 2436 2344
f 2475 2502 2376
f 2431 2560 2555
f 2391 2477 2488
f 2595 2510 2461
f 2514 2405 2503
f 2699 2689 2579
f 2521 2582 2588
f 2486 2411 2459
f 2411 2486 2476
f 2401 2457 2427
f 2475 2376 2427
f 2528 2331 2453
f 2487 2450 2265
f 2542 2528 2510
f 2466 2402 2448
f 2464 2419 2523
f 2575 2449 2430
f 2593 2604 2527
f 2565 2509 2366
f 2561 2606 2533
f 2577 2432 2528
f 2535 2621 2506
f 2476 2614 2561
f 2573 2516 2406
f 2633 2514 2594
f 2555 2461 2431
f 2458 2576 2489
f 2641 2473 2556
f 2463 2546 2418
f 2532 2478 2435
f 2552 2485 2568
f 2344 2436 2423
f 2513 2486 2459
f 2315 2464 2480
f 2573 2406 2454
f 2573 2454 2493
f 2512 2478 2639
f 2347 2451 2484
f 2571 2472 2514
f 2529 2460 2512
f 2530 2439 2499
f 2467 2636 2492
f 2600 2540 2554
f 2504 2524 2381
f 2336 2508 2404
f 2516 2525 2392
f 2651 2589 2497
f 2567 2375 2424
f 2670 2642 2625
f 2616 2443 2534
f 2622 2600 2589
f 2600 2484 2496
f 2617 3201 2591
f 2540 2622 2683
f 2498 2523 2316
f 2557 2497 2437
f 2569 2483 2444
f 2562 2607 2494
f 2511 2471 2416
f 2426 2553 2521
f 2471 2553 2426
f 2668 2624 2669
f 2572 2607 2674
f 2485 2552 2477
f 2661 2685 2637
f 2525 2516 2579
f 2466 2550 2402
f 2474 2527 2433
f 2469 2483 2569
f 2524 2636 2467
f 2510 2453 2461
f 2518 2517 2522
f 2478 2512 2482
f 2537 2560 2413
f 2546 2474 2418
f 2541 2569 2444
f 2506 2621 2551
f 2604 2637 2513
f 2606 2538 2508
f 2596 2546 2463
f 2655 2620 2632
f 2607 2572 2494
f 2627 2692 2732
f 2438 2497 2589
f 2531 2447 2394
f 2529 2592 2518
f 2724 2642 2670
f 2543 2515 2493
f 2463 2432 2596
f 2550 2446 2402
f 2558 2565 2366
f 2534 2443 2414
f 2648 2549 2538
f 2603 2664 2735
f 2491 2534 2414
f 2632 2620 2466
f 2435 2478 2482
f 2505 2356 2442
f 2545 2429 2377
f 2500 2487 2265
f 2646 2535 2559
f 2478 2644 2639
f 2592 2678 2548
f 2584 2481 2447
f 2605 2531 2576
f 2527 2474 2618
f 2596 2577 2679
f 2527 2513 2417
f 2498 2374 2495
f 2605 2586 2531
f 2602 2693 2566
f 2507 2403 2525
f 2672 2647 2745
f 2662 2638 2511
f 2536 2507 2525
f 2605 2576 2507
f 2554 2386 2484
f 2554 2499 2386
f 2532 2383 2492
f 2720 2767 2666
f 2617 2591 2567
f 2555 2595 2461
f 2533 2508 2336
f 2633 2626 2514
f 2482 2512 2460
f 2508 2549 2404
f 2504 2611 2524
f 2564 2429 2545
f 2524 2611 2636
f 2537 2575 2635
f 2629 2560 2537
f 2624 2643 2547
f 2568 2627 2552
f 2531 2394 2489
f 2574 2456 2428
f 2574 2428 2502
f 2469 2569 2601
f 2669 2641 2677
f 2470 2481 2570
f 2597 2480 2464
f 2597 2464 2523
f 2445 2520 2556
f 2662 2591 3201
f 2563 2647 2543
f 2449 2537 2413
f 2659 2718 2613
f 2468 2551 2400
f 2692 2509 2565
f 2506 2468 2490
f 2506 2490 2530
f 2589 2496 2438
f 2600 2496 2589
f 2579 2536 2525
f 2473 2547 2465
f 2465 2547 2558
f 2415 2460 2529
f 2638 2663 2615
f 2534 2585 2616
f 2600 2554 2484
f 2520 2526 2601
f 2617 2567 2424
f 2580 2611 2504
f 2566 2498 2495
f 2566 2519 2498
f 2549 2594 2503
f 2519 2681 2523
f 2726 2629 2652
f 2416 2567 2511
f 2721 2623 2681
f 2552 2581 2477
f 2659 2621 2660
f 2683 2646 2559
f 2610 2690 2505
f 2518 2592 2548
f 2642 2557 2436
f 2729 2605 2536
f 2559 2554 2540
f 2608 2609 2574
f 2535 2506 2530
f 2685 2614 2637
f 2676 2618 2546
f 2690 2631 2505
f 2642 2724 2651
f 2442 2610 2505
f 2635 2691 2806
f 2533 2606 2508
f 2563 2493 2446
f 2559 2530 2499
f 2665 2601 2569
f 2550 2563 2446
f 2513 2527 2604
f 2616 2541 2444
f 2686 2649 2612
f 2584 2447 2531
f 2742 2680 2667
f 2400 2551 2501
f 2721 2681 2578
f 2508 2538 2549
f 2526 2520 2445
f 2617 2680 3201
f 3218 2689 2713
f 2601 2590 2520
f 2614 2476 2637
f 2577 2528 2542
f 2505 2631 2491
f 2620 2688 2550
f 2584 2531 2586
f 2700 2544 2674
f 2587 2606 2561
f 2613 2718 2562
f 2635 2629 2537
f 2595 2682 2603
f 2690 2727 2653
f 2598 2617 2424
f 2620 2550 2466
f 2591 2511 2567
f 2588 2539 2487
f 2654 2605 2729
f 2619 2612 2539
f 2546 2618 2474
f 2680 2617 2598
f 2517 2518 2548
f 2542 2694 2577
f 2432 2577 2596
f 2588 2500 2521
f 2588 2487 2500
f 2681 2623 2597
f 2698 2607 2562
f 2523 2681 2597
f 2636 2658 2657
f 2672 2745 2769
f 2696 2619 2588
f 2495 2602 2566
f 2679 2599 2596
f 2765 2628 2733
f 2693 2602 2740
f 2488 2632 2466
f 2715 2658 2580
f 2708 2810 3220
f 2661 2637 2604
f 2626 2697 2571
f 2675 2565 2643
f 2665 2569 2541
f 2678 2625 2548
f 2627 2684 2552
f 2664 2603 2682
f 2688 2563 2550
f 2538 2687 2648
f 2557 2651 2497
f 2651 2557 2642
f 2626 2571 2514
f 2735 2720 2694
f 2704 2632 2581
f 2747 2701 2609
f 2621 2613 2551
f 2544 2700 2610
f 2640 2570 2481
f 2536 2605 2507
f 2584 2640 2481
f 2639 2628 2512
f 2653 2631 2690
f 2538 2606 2687
f 2704 2655 2632
f 2625 2436 2517
f 2517 2548 2625
f 2630 2644 2532
f 2634 2516 2573
f 2590 2773 2677
f 2677 2641 2520
f 2555 2682 2595
f 2583 2682 2555
f 2657 2695 2630
f 2638 2553 2471
f 2554 2559 2499
f 2565 2558 2547
f 2668 2643 2624
f 2511 2638 2471
f 2549 2648 2594
f 2570 2602 2495
f 2603 2542 2510
f 2631 2534 2491
f 2618 2593 2527
f 2681 2519 2578
f 2645 2584 2586
f 2730 2612 2619
f 2613 2501 2551
f 2501 2613 2562
f 2580 2504 2697
f 2564 2701 2691
f 2583 2555 2560
f 2629 2583 2560
f 2564 2691 2575
f 2574 2609 2545
f 2581 2632 2488
f 2587 2728 2606
f 2638 2615 2553
f 2641 2556 2520
f 2615 2521 2553
f 2615 2582 2521
f 2698 2674 2607
f 2627 2568 2509
f 2502 2608 2574
f 2675 2692 2565
f 2532 2644 2478
f 2475 2612 2649
f 2646 2660 2535
f 2666 3200 2676
f 2679 2577 2694
f 2684 2581 2552
f 2639 2733 2628
f 2678 2592 2723
f 2512 2628 2529
f 2740 2602 2640
f 2625 2642 2436
f 2743 2626 2633
f 2594 2648 2633
f 2631 2585 2534
f 2694 2542 2603
f 2652 2629 2635
f 2783 2715 2714
f 2593 2650 2764
f 2584 2645 2640
f 2628 2592 2529
f 2583 2710 2682
f 2712 2647 2688
f 2589 2651 2739
f 2609 2608 2747
f 2746 2698 2719
f 2624 2547 2473
f 2669 2624 2641
f 2788 2772 2787
f 2515 2672 2673
f 2678 2671 2625
f 2677 2520 2590
f 2589 2739 2622
f 2660 2621 2535
f 2701 2747 3204
f 2614 2587 2561
f 2763 2658 2715
f 2733 2639 2644
f 2623 2667 2680
f 2657 2492 2636
f 2657 2630 2492
f 2623 2598 2597
f 2623 2680 2598
f 2579 2689 2536
f 2701 2545 2609
f 2643 2565 2547
f 2660 2752 2659
f 2695 2644 2630
f 2585 2705 2616
f 2626 2743 2697
f 2600 2622 2540
f 2618 2650 2593
f 2583 2629 2710
f 2615 2709 2582
f 2672 2543 2647
f 2696 2588 2582
f 2685 2587 2614
f 2735 2694 2603
f 2616 2705 2541
f 2683 2559 2540
f 2760 2654 2729
f 2763 2657 2658
f 2730 2686 2612
f 2671 2670 2625
f 2696 2730 2619
f 2566 2693 2578
f 2702 2685 2731
f 2650 2618 2676
f 3199 2670 2671
f 2732 2684 2627
f 2668 2675 2643
f 2721 2667 2623
f 2698 2746 2674
f 2737 2773 2590
f 2657 2763 2695
f 2737 2789 2773
f 2631 2653 2585
f 2688 2647 2563
f 2665 2590 2601
f 2734 3201 2818
f 2742 2667 2741
f 3219 2794 2727
f 2684 2732 2703
f 2636 2611 2658
f 2658 2611 2580
f 2680 2742 3201
f 2679 2666 2599
f 2593 2764 2604
f 2775 2718 2797
f 2711 2610 2700
f 2608 2717 2747
f 2736 2737 2665
f 2629 2726 2710
f 2722 3203 2671
f 2659 2613 2621
f 2649 2717 2608
f 2786 2720 2735
f 2662 2663 2638
f 2541 2736 2665
f 2750 2585 2653
f 2744 2743 2633
f 2676 2599 2666
f 2591 2662 2511
f 2751 2706 2695
f 2765 2723 2628
f 2640 2707 2740
f 2723 2592 2628
f 2684 2704 2581
f 2669 2768 2668
f 2699 2579 2634
f 2699 2634 2673
f 2656 2620 2655
f 2707 2640 2645
f 3200 2666 2767
f 2748 2777 2728
f 2867 2850 2753
f 2620 2656 2688
f 2633 2648 2744
f 2708 3220 2752
f 2802 2810 2738
f 2675 2668 2725
f 2582 2709 2696
f 2696 2761 2730
f 2737 2590 2665
f 2672 2515 2543
f 2806 2652 2635
f 2774 2745 2712
f 2691 2635 2575
f 2661 2604 2764
f 2738 2622 2739
f 2745 2647 2712
f 2704 2703 2749
f 2728 2587 2748
f 2739 2651 2724
f 2699 2673 2713
f 2826 2870 3204
f 2674 2746 2700
f 2719 2770 2746
f 2729 2795 2760
f 2846 2786 2814
f 2741 2667 2721
f 2646 2752 2660
f 2644 2706 2733
f 2541 2705 2736
f 2763 2751 2695
f 2730 2805 2686
f 2731 2685 2661
f 2766 2753 2709
f 2797 2659 2779
f 2782 2863 2911
f 3204 2747 2826
f 2719 2698 2562
f 2691 2701 3204
f 2714 2580 2697
f 2714 2715 2580
f 2911 2825 2782
f 2804 2743 2744
f 2784 2716 2759
f 2718 2719 2562
f 2653 2758 2750
f 2700 2746 2781
f 2738 2683 2622
f 2765 2756 2723
f 2769 2754 2713
f 2772 2578 2693
f 2721 2578 2772
f 2645 2654 2760
f 2707 2808 2740
f 2760 3210 2645
f 2708 2646 2683
f 2708 2752 2646
f 2792 2732 2692
f 2800 2735 2664
f 2818 2799 2734
f 2731 2819 2702
f 2792 2816 2732
f 2707 2645 3210
f 2676 3200 2650
f 2684 2703 2704
f 2693 2740 2787
f 2808 2803 2787
f 2714 2697 2743
f 2750 2705 2585
f 2717 2649 2686
f 2771 2747 2717
f 3202 2768 2906
f 2682 2710 2664
f 2699 2713 2689
f 2714 2743 2804
f 2610 2711 2690
f 2774 2782 2745
f 2728 2759 2687
f 2781 2780 3219
f 2702 2587 2685
f 2702 2748 2587
f 2765 2809 2790
f 2712 2688 2656
f 2784 2744 2716
f 2716 2687 2759
f 3201 2734 2662
f 2764 2798 2731
f 2694 2720 2679
f 2812 2751 2796
f 2829 2783 2755
f 2764 2731 2661
f 2723 2756 2722
f 2644 2695 2706
f 2662 2734 2663
f 2670 3199 2724
f 2733 2706 2809
f 2833 2741 2788
f 2768 2669 2677
f 2768 2677 2773
f 2806 2691 3204
f 2782 2774 2863
f 2615 2663 2709
f 3203 2835 3199
f 2786 2874 2720
f 2723 2722 2678
f 2692 2725 2792
f 2761 2850 2842
f 2671 3203 3199
f 2739 3211 2738
f 2703 2732 2816
f 2769 2673 2672
f 2713 2673 2769
f 2671 2678 2722
f 2666 2679 2720
f 2771 3217 2831
f 2716 2648 2687
f 2716 2744 2648
f 3200 2791 2757
f 2675 2725 2692
f 2781 2746 2770
f 2787 2740 2808
f 2799 2663 2734
f 3204 2870 2806
f 2727 2758 2653
f 2745 2782 2769
f 2769 2825 2754
f 2758 2727 2794
f 2814 2786 2800
f 2736 2705 3221
f 2737 2801 2815
f 2727 2711 3219
f 2744 3205 2804
f 3202 2725 2668
f 2704 2749 2655
f 2655 2749 2762
f 2847 2788 2787
f 3218 2729 2689
f 2795 2729 3218
f 2875 3200 2767
f 2761 2805 2730
f 2818 2785 2799
f 2804 2755 2714
f 2871 2839 2795
f 3220 2810 2821
f 2775 2900 2832
f 2683 2738 2810
f 2810 2708 2683
f 2715 2796 2763
f 3209 2851 2777
f 2751 2776 2706
f 2800 2786 2735
f 3221 2868 2801
f 2778 2758 2794
f 3211 3199 2835
f 3219 2780 2794
f 2805 2761 2842
f 3210 2808 2707
f 3217 2717 2686
f 2686 2805 3217
f 2790 2756 2765
f 2885 2858 2785
f 2784 3205 2744
f 2771 2717 3217
f 2777 2851 2897
f 3202 2836 2725
f 2714 2755 2783
f 2750 3221 2705
f 2724 3211 2739
f 2778 2794 2878
f 2650 2757 2764
f 2873 2904 2818
f 2850 2761 2753
f 2762 2656 2655
f 2840 2812 2796
f 2754 3218 2713
f 2656 2762 2712
f 2753 2761 2696
f 2664 2710 2807
f 2807 2800 2664
f 2752 2779 2659
f 2781 2711 2700
f 2781 3219 2711
f 2836 2792 2725
f 2696 2709 2753
f 2693 2787 2772
f 2722 2817 3203
f 2826 2747 2771
f 3221 2801 2736
f 2748 2702 3209
f 3209 2702 2819
f 2807 2710 2726
f 2766 2709 2663
f 2766 2663 2799
f 2797 2718 2659
f 3220 2821 2854
f 2776 2809 2706
f 2736 2801 2737
f 2733 2809 2765
f 2929 2855 2879
f 2759 2728 2777
f 2775 2719 2718
f 2775 2770 2719
f 2843 2861 2802
f 2844 2798 2757
f 2813 2726 2793
f 3202 2876 2836
f 2815 2789 2737
f 2838 2814 2800
f 2738 3211 2802
f 2822 2712 2762
f 3202 2668 2768
f 2762 2749 2811
f 2803 2887 2847
f 2787 2803 2847
f 2760 2849 3210
f 2799 2858 2766
f 3209 2880 2851
f 2783 2840 2796
f 2711 2727 2690
f 2770 2775 2832
f 2793 2870 2856
f 2778 2750 2758
f 2774 2822 2863
f 2833 2877 2741
f 2760 2795 2849
f 2789 2815 2902
f 2848 2807 2726
f 2820 2749 2703
f 2839 2849 2795
f 2831 2824 2771
f 2771 2824 2826
f 2764 2757 2798
f 3217 2872 2831
f 2872 2805 2842
f 2826 2947 2870
f 2807 2848 2838
f 2906 2768 2789
f 3210 2869 2808
f 2808 2869 2803
f 2822 2774 2712
f 3221 2750 2778
f 2652 2793 2726
f 2963 2884 2854
f 2902 2906 2789
f 2763 2796 2751
f 2770 2832 2827
f 2823 2759 2777
f 3218 2871 2795
f 2825 2769 2782
f 2783 2796 2715
f 2879 2850 2867
f 2850 2855 2842
f 2811 2822 2762
f 2866 2811 2749
f 2792 2901 2816
f 2804 2830 2755
f 2756 2817 2722
f 2845 2817 2756
f 2797 2779 2841
f 2898 2878 2794
f 2882 2812 2840
f 2946 2830 2865
f 2870 2793 2806
f 3211 2843 2802
f 3220 2854 2779
f 2776 2893 2809
f 2893 2889 2790
f 2816 2820 2703
f 2823 2784 2759
f 3218 2754 2871
f 2897 2823 2777
f 2830 2804 3205
f 2844 2837 2798
f 2858 2799 2785
f 2790 2809 2893
f 2874 2767 2720
f 2791 2844 2757
f 2820 2816 2891
f 2841 2779 2854
f 3211 2835 2843
f 2848 2726 2813
f 2901 2836 2876
f 2873 2742 2741
f 2833 2788 2847
f 2815 2801 2888
f 2818 3201 2742
f 2823 2899 2865
f 2880 2819 2837
f 2790 2845 2756
f 2828 2754 2825
f 2967 2875 2874
f 2846 2874 2786
f 2875 2791 3200
f 2798 2819 2731
f 2883 2966 2853
f 2793 2652 2806
f 2807 2838 2800
f 2802 2821 2810
f 2721 2772 2741
f 2741 2772 2788
f 2872 3217 2805
f 2768 2773 2789
f 3049 2999 3075
f 2865 2784 2823
f 2875 2834 2791
f 2792 2836 2901
f 2866 2820 2891
f 2864 2829 2830
f 2898 2780 2862
f 2948 2825 2911
f 2904 2785 2818
f 2781 2827 2780
f 2913 2851 2880
f 2852 2822 2811
f 2838 2919 2886
f 2813 2793 2856
f 2776 2812 2917
f 2898 2794 2780
f 2830 2829 2755
f 2830 3205 2865
f 2837 2819 2798
f 2840 2783 2829
f 2868 2888 2801
f 2862 2780 2827
f 2834 2844 2791
f 2841 2900 2797
f 2751 2812 2776
f 2883 2849 2839
f 2852 2920 2863
f 2906 2925 2876
f 2904 2885 2785
f 2867 2766 2858
f 3205 2784 2865
f 2845 3216 2817
f 2860 2844 2834
f 2937 2861 2843
f 2970 2987 2942
f 3074 2985 2986
f 2856 2857 2813
f 2852 2928 2920
f 2914 3011 2912
f 2825 2948 2828
f 2891 2816 2901
f 2873 2945 2904
f 2834 2967 2956
f 2889 2845 2790
f 2857 2848 2813
f 2949 2832 2900
f 2894 2867 2858
f 2919 2838 2848
f 2766 2867 2753
f 2879 2867 2894
f 2958 2968 2948
f 2803 2869 2887
f 2820 2866 2749
f 2841 2896 2900
f 2889 2959 2845
f 2848 2857 2919
f 2767 2874 2875
f 2924 2967 2846
f 2917 2812 2882
f 2824 2831 2907
f 2887 2903 2847
f 2815 2888 2859
f 2886 2814 2838
f 2814 2886 2846
f 2860 2837 2844
f 2897 2899 2823
f 2905 3203 2817
f 2849 2869 3210
f 2873 2818 2742
f 2883 2853 2849
f 2950 2892 2890
f 2860 2892 2837
f 2952 2995 2930
f 2868 2916 2888
f 2888 2934 2859
f 2968 2828 2948
f 2923 2860 2834
f 2775 2797 2900
f 2884 2841 2854
f 2877 2873 2741
f 2871 2908 2839
f 2968 2908 2828
f 2964 2916 2878
f 2947 2826 2824
f 3216 2939 2955
f 2822 2852 2863
f 2895 2882 2840
f 2829 2895 2840
f 2842 2855 2872
f 2819 2880 3209
f 2802 2861 2821
f 2932 2886 2962
f 2906 2876 3202
f 2937 2835 2905
f 2850 2879 2855
f 2859 2934 2938
f 2957 2942 2864
f 2869 2849 2853
f 2892 2880 2837
f 2962 2857 2930
f 2944 2877 2833
f 2945 2873 2877
f 2945 2961 2904
f 2866 2891 2914
f 2962 2919 2857
f 2924 2846 2886
f 2851 2921 2897
f 3006 2974 2975
f 2952 2857 2856
f 2924 2956 2967
f 3032 2990 2994
f 2923 2890 2860
f 2905 2835 3203
f 2949 2827 2832
f 2925 2906 2902
f 2922 2891 2901
f 2882 2965 2917
f 2912 2811 2866
f 2912 2852 2811
f 2947 2856 2870
f 2940 2952 2856
f 2936 2922 2901
f 2943 2936 2876
f 2859 2902 2815
f 3016 2961 2985
f 2875 2967 2834
f 2831 2872 2907
f 3223 2911 2863
f 3007 2977 3025
f 2860 2890 2892
f 2908 2871 2828
f 3216 2955 2905
f 3224 2972 2927
f 3002 2950 2890
f 2878 2868 2778
f 3015 2937 2955
f 2946 2864 2830
f 2939 2845 2959
f 3012 2894 2931
f 2911 3223 2958
f 2861 2937 2953
f 2864 2942 2829
f 2910 2969 2940
f 2955 2937 2905
f 3216 2845 2939
f 3013 2915 2953
f 2899 2946 2865
f 2918 2869 2853
f 2966 2998 2918
f 2917 2893 2776
f 2897 2921 2899
f 2942 2957 2970
f 2974 2941 2862
f 2926 2900 2896
f 2829 2942 2895
f 2913 2921 2851
f 2908 2883 2839
f 2922 2935 2914
f 2922 2914 2891
f 2858 2885 2894
f 3223 2863 2920
f 2938 2934 3029
f 2895 2951 2882
f 2959 2984 2981
f 2986 2985 2945
f 2938 2925 2902
f 2938 2902 2859
f 2878 2881 2964
f 2983 2943 2925
f 2855 2929 2909
f 2977 2910 2907
f 2949 2862 2827
f 2980 2964 2881
f 2898 2881 2878
f 2923 2834 2956
f 2915 2821 2861
f 2915 2861 2953
f 2928 2852 2912
f 2884 2896 2841
f 2966 3030 2998
f 2909 2907 2872
f 2909 2872 2855
f 2958 2948 2911
f 2933 2903 2887
f 2921 3010 3224
f 2950 2913 2880
f 2907 2910 2824
f 2824 2910 2947
f 2893 2917 2889
f 3023 2973 3041
f 2986 2945 2944
f 2940 2856 2947
f 2952 2930 2857
f 3026 3048 2956
f 2862 2941 2898
f 2946 2899 2927
f 3011 2914 2935
f 2965 2984 2917
f 3224 2899 2921
f 2932 2924 2886
f 2903 2944 2833
f 2877 2944 2945
f 2946 2957 2864
f 3000 2981 2984
f 2989 2908 2968
f 3049 2934 3208
f 2933 2887 2918
f 2966 2883 3222
f 3074 3207 2985
f 2862 2949 2974
f 2995 2952 2940
f 2992 2980 2941
f 2881 2898 2941
f 2978 3035 2988
f 2942 2951 2895
f 2987 2951 2942
f 2938 2983 2925
f 2886 2919 2962
f 2991 2920 2928
f 2957 2946 2927
f 2988 3035 3005
f 2943 2876 2925
f 3060 2991 2928
f 2965 2882 2951
f 2876 2936 2901
f 2915 2963 2854
f 2913 3010 2921
f 2986 2944 2960
f 2960 2903 2933
f 3014 2936 3009
f 2866 2914 2912
f 2909 2977 2907
f 2990 2977 2909
f 2984 2889 2917
f 2984 2959 2889
f 2916 2868 2878
f 3016 2996 2931
f 2904 2961 2885
f 2931 2961 3016
f 2931 2894 2885
f 2888 2916 3208
f 3208 2934 2888
f 2869 2918 2887
f 3015 3003 2953
f 2982 3028 3015
f 2960 2944 2903
f 2926 2975 2949
f 2966 2918 2853
f 3011 2928 2912
f 2963 2978 2884
f 2894 3012 2879
f 3012 2929 2879
f 2940 2947 2910
f 2953 2937 3015
f 3009 2936 2943
f 2931 2996 3012
f 2992 2974 3036
f 2971 2958 3223
f 2935 3014 2954
f 3207 3016 2985
f 2935 2954 3011
f 3014 2935 2922
f 3014 2922 2936
f 2939 2982 2955
f 2961 2931 2885
f 3029 2934 3049
f 2929 2990 2909
f 2983 3009 2943
f 2988 3005 2926
f 2988 2896 2884
f 2978 2988 2884
f 2973 2957 2927
f 2940 2969 2995
f 2976 2989 2968
f 3049 3046 3029
f 2973 2927 2972
f 2910 3007 2969
f 3030 3222 3033
f 3207 3074 3102
f 3052 2960 2933
f 2976 2968 2958
f 2974 2992 2941
f 2974 2949 2975
f 3015 2955 2982
f 2959 2981 3008
f 3222 3030 2966
f 2994 2929 3012
f 2929 2994 2990
f 3033 2976 3022
f 2971 2976 2958
f 2982 2939 3008
f 3008 2939 2959
f 3010 2913 2950
f 3208 2999 3049
f 2980 3056 2999
f 3026 2924 2932
f 3104 3061 3048
f 3010 2950 3002
f 2951 2979 2965
f 2973 2970 2957
f 2993 2987 2970
f 3020 2995 2969
f 2975 2926 3005
f 3223 2920 2991
f 3223 2991 2971
f 2994 3012 2996
f 2915 3013 2963
f 2985 2961 2945
f 2941 2980 2881
f 2987 2979 2951
f 3023 2970 2973
f 3034 3056 2980
f 3045 3003 3028
f 3001 2890 2923
f 3019 3002 3001
f 2997 2932 2962
f 3036 3006 3037
f 3063 3047 3009
f 3002 3019 3058
f 2979 2987 2993
f 2989 2976 3033
f 2974 3006 3036
f 2956 2924 3026
f 3025 3021 3007
f 2978 3059 3035
f 3000 3050 2981
f 3069 3022 3004
f 2999 2964 2980
f 3092 3051 2997
f 2932 3044 3026
f 2984 2965 3000
f 2965 2979 3000
f 3029 2983 2938
f 3052 3042 3074
f 2932 2997 3051
f 2998 3052 2933
f 3076 3059 3013
f 3058 3010 3002
f 3007 2910 2977
f 3023 2993 2970
f 3197 3027 3105
f 2964 2999 3208
f 3004 3022 2976
f 3031 3224 3010
f 3031 2972 3224
f 3013 2953 3003
f 3207 3102 3043
f 2999 3056 3075
f 3034 2980 2992
f 3013 2978 2963
f 2997 2962 2930
f 3074 2960 3052
f 2990 3025 2977
f 3079 3057 2993
f 3037 3006 3005
f 3001 3002 2890
f 3197 3062 3027
f 3005 3006 2975
f 3040 3021 3025
f 3041 2973 2972
f 2986 2960 3074
f 3045 3076 3003
f 3025 3032 3040
f 3024 3037 3005
f 3120 3046 3075
f 3004 3039 3069
f 3035 3024 3005
f 3004 2976 2971
f 2989 3033 3222
f 3102 3074 3042
f 3048 3061 3001
f 3039 2971 2991
f 3003 3076 3013
f 3054 3018 2998
f 3016 3043 3017
f 3264 3069 3109
f 3059 2978 3013
f 3031 3041 2972
f 3057 3050 3000
f 3031 3071 3041
f 3045 3107 3076
f 3035 3078 3024
f 3070 3144 3098
f 3039 3004 2971
f 3003 3015 3028
f 3060 3011 2954
f 3207 3043 3016
f 3089 3055 3017
f 3042 3052 3018
f 3043 3118 3017
f 3036 3034 2992
f 2998 3018 3052
f 3047 3014 3009
f 2954 3014 3047
f 3032 3025 2990
f 3041 3038 3023
f 2981 3050 3027
f 3065 3132 3097
f 3045 3115 3107
f 3038 3096 3079
f 3080 2930 2995
f 3114 3044 3051
f 3064 3020 3021
f 3020 3007 3021
f 3007 3020 2969
f 3030 3054 2998
f 3091 3094 3138
f 3055 3032 2994
f 2981 3027 3008
f 3058 3031 3010
f 3022 3081 3033
f 3020 3080 2995
f 3084 3022 3069
f 3057 3000 2979
f 3057 2979 2993
f 3081 3099 3054
f 3033 3054 3030
f 3037 3024 3066
f 3016 3017 2996
f 3055 2994 2996
f 3017 3055 2996
f 3063 3029 3046
f 3083 3036 3037
f 3047 3108 3077
f 3119 3019 3110
f 3086 3051 3092
f 3080 3020 3064
f 3027 3050 3105
f 3084 3133 3067
f 2932 3051 3044
f 3065 3064 3021
f 3090 3057 3073
f 3058 3088 3082
f 3144 3160 3098
f 3092 2930 3080
f 3091 3075 3056
f 3092 2997 2930
f 3079 3023 3038
f 2993 3023 3079
f 3048 3001 2923
f 3029 3063 2983
f 3047 3077 2954
f 3065 3021 3040
f 3070 3066 3024
f 3038 3068 3096
f 3031 3082 3071
f 3062 3197 3115
f 3099 3018 3054
f 3008 3027 3062
f 3053 3039 2991
f 3053 2991 3060
f 3072 3053 3060
f 3059 3076 3100
f 3090 3050 3057
f 3144 3070 3078
f 3081 3067 3099
f 3091 3120 3075
f 3037 3066 3083
f 3099 3106 3018
f 3065 3040 3132
f 3088 3058 3019
f 3064 3095 3080
f 3058 3082 3031
f 3090 3105 3050
f 3041 3068 3038
f 3068 3041 3071
f 3077 3060 2954
f 3049 3075 3046
f 3103 3108 3047
f 3061 3019 3001
f 3085 3117 3068
f 3083 3094 3036
f 3022 3084 3081
f 3064 3065 3122
f 3116 3084 3069
f 3081 3054 3033
f 3055 3093 3032
f 3132 3040 3093
f 3104 3026 3044
f 3048 3026 3104
f 3079 3073 3057
f 3059 3078 3035
f 3125 3107 3115
f 3096 3073 3079
f 3045 3028 3115
f 3115 3028 3062
f 3070 3024 3078
f 3091 3056 3034
f 3109 3039 3053
f 3072 3109 3053
f 3069 3039 3109
f 3080 3095 3092
f 3078 3059 3100
f 3098 3112 3134
f 3055 3089 3093
f 3120 3087 3046
f 3063 3103 3047
f 3086 3114 3051
f 3085 3068 3071
f 3087 3063 3046
f 3084 3067 3081
f 3100 3076 3107
f 3036 3094 3034
f 3098 3066 3070
f 3093 3040 3032
f 3088 3140 3082
f 3083 3066 3098
f 3042 3106 3147
f 3118 3089 3017
f 3060 3077 3072
f 3019 3061 3110
f 3091 3101 3120
f 3090 3127 3105
f 3065 3097 3122
f 3157 3101 3138
f 3099 3067 3129
f 3092 3095 3086
f 3127 3090 3073
f 3156 3122 3097
f 3082 3140 3071
f 3102 3042 3147
f 3068 3117 3096
f 3105 3123 3197
f 3018 3106 3042
f 3119 3088 3019
f 3114 3104 3044
f 3083 3138 3094
f 3145 3088 3119
f 3130 3086 3113
f 3137 3096 3117
f 3129 3067 3133
f 3063 3087 3103
f 3159 3132 3136
f 3140 3162 3085
f 3102 3147 3111
f 3111 3118 3043
f 3098 3134 3083
f 3088 3145 3140
f 3120 3124 3087
f 3061 3104 3110
f 3095 3064 3122
f 3138 3083 3134
f 3139 3072 3121
f 3263 3142 3116
f 3144 3078 3100
f 3126 3108 3103
f 3034 3094 3091
f 3104 3146 3110
f 3116 3133 3084
f 3113 3086 3095
f 3115 3197 3125
f 3144 3168 3160
f 3093 3136 3132
f 3107 3131 3100
f 3125 3131 3107
f 3170 3156 3097
f 3101 3091 3138
f 3122 3113 3095
f 3114 3146 3104
f 3125 3153 3131
f 3311 3197 3123
f 3110 3151 3119
f 3126 3121 3108
f 3110 3146 3151
f 3130 3114 3086
f 3123 3105 3127
f 3116 3142 3133
f 3164 3148 3111
f 3292 3276 3186
f 3126 3087 3124
f 3077 3121 3072
f 3108 3121 3077
f 3136 3093 3089
f 3137 3073 3096
f 3135 3117 3085
f 3154 3117 3135
f 3152 3164 3147
f 3155 3133 3142
f 3126 3103 3087
f 3139 3109 3072
f 3167 3113 3156
f 3149 3137 3154
f 3137 3127 3073
f 3150 3124 3120
f 3128 3159 3136
f 3157 3174 3215
f 3129 3106 3099
f 3140 3145 3162
f 3156 3113 3122
f 3263 3161 3143
f 3154 3137 3117
f 3175 3112 3213
f 3134 3112 3175
f 3128 3136 3089
f 3118 3128 3089
f 3100 3131 3144
f 3140 3085 3071
f 3124 3165 3126
f 3234 3227 3160
f 3151 3145 3119
f 3158 3153 3125
f 3160 3112 3098
f 3148 3118 3111
f 3148 3128 3118
f 3263 3264 3161
f 3175 3174 3157
f 3258 3165 3178
f 3165 3124 3150
f 3157 3150 3101
f 3085 3162 3135
f 3121 3169 3139
f 3150 3120 3101
f 3169 3161 3139
f 3311 3158 3125
f 3171 3167 3156
f 3149 3123 3127
f 3258 3169 3121
f 3168 3144 3131
f 3167 3130 3113
f 3186 3276 3212
f 3147 3164 3111
f 3130 3176 3146
f 3171 3177 3167
f 3142 3143 3214
f 3152 3147 3106
f 3152 3106 3129
f 3168 3131 3153
f 3133 3155 3129
f 3159 3141 3132
f 3141 3097 3132
f 3130 3146 3114
f 3184 3163 3151
f 3151 3163 3145
f 3157 3138 3175
f 3228 3226 3178
f 3175 3138 3134
f 3166 3152 3129
f 3171 3156 3170
f 3162 3145 3163
f 3310 3149 3269
f 3155 3166 3129
f 3173 3180 3265
f 3183 3153 3158
f 3127 3137 3149
f 3151 3146 3176
f 3163 3181 3162
f 3185 3242 3308
f 3214 3143 3232
f 3183 3168 3153
f 3142 3214 3155
f 3181 3212 3162
f 3128 3148 3231
f 3163 3184 3181
f 3170 3097 3141
f 3158 3269 3198
f 3215 3165 3150
f 3165 3215 3178
f 3167 3176 3130
f 3176 3167 3177
f 3229 3269 3172
f 3128 3173 3159
f 3164 3182 3148
f 3182 3164 3152
f 3182 3152 3166
f 3231 3182 3282
f 3276 3172 3154
f 3135 3162 3212
f 3176 3184 3151
f 3198 3183 3158
f 3174 3175 3213
f 3176 3177 3184
f 3227 3234 3238
f 3292 3229 3172
f 3282 3214 3313
f 3240 3195 3333
f 3344 3243 3196
f 3323 3251 3189
f 3198 3229 3356
f 3193 3248 3247
f 3412 3191 3247
f 3192 3236 3225
f 3236 3193 3253
f 3244 3195 3230
f 3111 3043 3102
f 2847 2903 2833
f 2843 2835 2937
f 2779 2752 3220
f 2988 2926 2896
f 2982 3062 3028
f 2982 3008 3062
f 2918 2998 2933
f 2950 2880 2892
f 2964 3208 2916
f 2956 3048 2923
f 2915 2854 2821
f 3221 2778 2868
f 3063 3009 2983
f 3222 2908 2989
f 2908 3222 2883
f 3216 2905 2817
f 3209 2777 2748
f 3224 2927 2899
f 3200 2757 2650
f 2828 2871 2754
f 3199 3211 2724
f 2874 2846 2967
f 3169 3226 3161
f 2101 1965 1964
f 3213 3112 3227
f 3169 3178 3226
f 3297 3178 3215
f 3269 3229 3198
f 3166 3155 3214
f 3277 3195 3237
f 3373 3298 3299
f 3268 3170 3265
f 3282 3182 3166
f 3312 3143 3272
f 3148 3182 3231
f 3259 3189 3287
f 3160 3227 3112
f 3160 3168 3234
f 3284 3272 3226
f 3343 3344 3331
f 3259 3235 3196
f 3290 3173 3231
f 3281 3314 3387
f 3282 3313 3187
f 3177 3274 3280
f 3280 3181 3184
f 3225 3236 3241
f 3193 3236 3194
f 3244 3333 3195
f 3178 3297 3228
f 3309 3285 3238
f 3237 3195 3240
f 3313 3232 3307
f 3196 3250 3189
f 3225 3243 3192
f 3185 3308 3294
f 3256 3247 3249
f 3193 3254 3253
f 3244 3345 3333
f 3267 3245 3206
f 3245 3246 3206
f 3237 3270 3191
f 2129 2005 2200
f 2926 2949 2900
f 3248 3193 3194
f 3285 3242 3213
f 2781 2770 2827
f 2078 2076 2142
f 3238 3234 3183
f 3231 3187 3290
f 3174 3213 3242
f 3196 3271 3250
f 3353 3352 3287
f 3257 3248 3194
f 3191 3270 3249
f 3236 3253 3241
f 3168 3183 3234
f 3267 3251 3245
f 3189 3250 3323
f 3190 3298 3246
f 3382 3190 3246
f 3254 3193 3247
f 3196 3243 3271
f 3294 3336 3284
f 3268 3274 3177
f 3225 3255 3243
f 3305 3245 3251
f 3244 3252 3345
f 2493 2309 2446
f 3334 3262 3329
f 3165 3258 3126
f 3189 3259 3196
f 3314 3278 3373
f 3178 3169 3258
f 3121 3126 3258
f 3172 3149 3154
f 3245 3260 3246
f 3388 3326 3324
f 3230 3277 3315
f 3142 3263 3143
f 3263 3116 3264
f 3109 3139 3264
f 3069 3264 3116
f 3011 3060 2928
f 3161 3264 3139
f 3141 3159 3265
f 3180 3173 3290
f 3287 3251 3267
f 3179 3180 3289
f 3171 3268 3177
f 3172 3269 3149
f 3260 3245 3305
f 3251 3323 3305
f 3250 3271 3300
f 3255 3271 3243
f 3272 3143 3161
f 3143 3312 3232
f 3268 3179 3283
f 3343 3194 3236
f 3154 3135 3276
f 3195 3277 3230
f 3328 3277 3237
f 3298 3278 3206
f 3416 3414 3324
f 3387 3314 3279
f 3280 3184 3177
f 3212 3276 3135
f 3468 3278 3281
f 3214 3282 3166
f 3280 3286 3293
f 3187 3231 3282
f 3170 3141 3265
f 3254 3247 3256
f 3270 3237 3240
f 3228 3284 3226
f 3301 3186 3266
f 3186 3301 3292
f 3251 3287 3189
f 3353 3287 3267
f 3255 3225 3241
f 3307 3187 3313
f 3353 3233 3354
f 3280 3274 3286
f 3332 3288 3329
f 3387 3330 3233
f 3180 3290 3289
f 3308 3285 3309
f 3293 3186 3212
f 3325 3326 3413
f 3306 3302 3188
f 3284 3228 3185
f 3213 3227 3285
f 3227 3238 3285
f 3212 3181 3293
f 3320 3312 3284
f 3180 3179 3265
f 3280 3293 3181
f 3286 3283 3296
f 3307 3232 3273
f 3294 3284 3185
f 3335 3294 3308
f 3303 3238 3183
f 3356 3303 3198
f 3174 3297 3215
f 3299 3252 3244
f 3171 3170 3268
f 3185 3228 3297
f 3298 3190 3299
f 3246 3298 3206
f 3150 3157 3215
f 3374 3244 3230
f 3252 3299 3190
f 3174 3242 3297
f 3311 3310 3158
f 3172 3276 3292
f 3292 3301 3291
f 3239 3187 3307
f 3381 3275 3351
f 3283 3179 3302
f 3266 3186 3293
f 3238 3303 3295
f 3198 3303 3183
f 3376 3321 3296
f 3301 3321 3359
f 3187 3239 3290
f 3179 3289 3302
f 3242 3285 3308
f 3392 3307 3337
f 3283 3286 3274
f 3381 3188 3302
f 3238 3295 3309
f 3274 3268 3283
f 3293 3286 3266
f 3250 3300 3430
f 3302 3306 3296
f 3319 3271 3255
f 3363 3358 3336
f 3350 3309 3295
f 3308 3309 3335
f 3379 3306 3365
f 3358 3320 3336
f 3149 3310 3123
f 3158 3310 3269
f 3197 3311 3125
f 3310 3311 3123
f 3232 3312 3273
f 3312 3272 3284
f 3278 3314 3281
f 3261 3279 3314
f 3261 3315 3279
f 3328 3325 3277
f 3297 3242 3185
f 3262 3257 3194
f 3261 3230 3315
f 3318 3335 3375
f 3249 3247 3191
f 3229 3292 3356
f 3349 3384 3380
f 3337 3307 3273
f 3240 3317 3270
f 3271 3319 3300
f 3375 3335 3316
f 3312 3320 3273
f 3336 3320 3284
f 3249 3270 3317
f 3309 3316 3335
f 3232 3313 3214
f 3357 3337 3273
f 3301 3359 3291
f 3301 3266 3321
f 3364 3391 3453
f 3334 3324 3257
f 3326 3325 3324
f 3277 3325 3315
f 3416 3324 3325
f 3414 3248 3257
f 3327 3328 3191
f 3328 3237 3191
f 3295 3303 3360
f 3331 3329 3262
f 3288 3330 3388
f 3379 3376 3306
f 3233 3330 3288
f 3332 3331 3235
f 3343 3331 3262
f 3413 3330 3279
f 3354 3332 3352
f 3342 3240 3333
f 3262 3334 3257
f 3339 3366 3357
f 3350 3316 3309
f 3375 3316 3340
f 3395 3398 3357
f 3341 3393 3304
f 3292 3291 3356
f 3226 3272 3161
f 3240 3342 3317
f 3344 3343 3192
f 3194 3343 3262
f 3192 3343 3236
f 3348 3321 3376
f 3243 3344 3192
f 3331 3344 3235
f 3320 3358 3339
f 3250 3430 3323
f 3361 3418 3419
f 3318 3336 3294
f 3363 3403 3358
f 3395 3366 3371
f 3360 3350 3295
f 3452 3362 3322
f 3318 3347 3460
f 3352 3332 3235
f 3331 3332 3329
f 3468 3353 3267
f 3332 3354 3288
f 3233 3288 3354
f 3352 3353 3354
f 3287 3352 3259
f 3468 3469 3353
f 3392 3355 3275
f 3283 3302 3296
f 3398 3355 3337
f 3320 3339 3357
f 3266 3296 3321
f 3453 3348 3364
f 3347 3318 3375
f 3350 3360 3338
f 3369 3316 3350
f 3360 3303 3356
f 3304 3384 3291
f 3291 3359 3304
f 3188 3351 3365
f 3349 3338 3360
f 3355 3398 3362
f 3403 3363 3361
f 3453 3359 3321
f 3425 3439 3386
f 3339 3403 3377
f 3396 3399 3456
f 3368 3319 3255
f 3439 3369 3338
f 3241 3368 3255
f 3395 3371 3372
f 3434 3445 3415
f 3253 3254 3429
f 3457 3464 3362
f 3256 3429 3254
f 3369 3340 3316
f 3179 3268 3265
f 3298 3373 3278
f 3373 3299 3374
f 3261 3374 3230
f 3244 3374 3299
f 3261 3373 3374
f 3261 3314 3373
f 3294 3335 3318
f 3306 3376 3296
f 3376 3379 3394
f 3381 3302 3289
f 3338 3369 3350
f 3379 3365 3378
f 3339 3358 3403
f 3452 3351 3275
f 3466 3432 3409
f 3362 3452 3355
f 3322 3362 3432
f 3384 3360 3356
f 3381 3289 3239
f 3260 3382 3246
f 3304 3359 3341
f 3381 3351 3188
f 3291 3384 3356
f 3459 3397 3347
f 3341 3359 3453
f 3365 3351 3383
f 3461 3369 3370
f 3465 3371 3405
f 3390 3346 3383
f 3322 3432 3438
f 3396 3380 3393
f 3386 3408 3425
f 3378 3365 3427
f 3430 3300 3426
f 3330 3387 3279
f 3239 3289 3290
f 3469 3387 3233
f 3266 3286 3296
f 3329 3388 3334
f 3326 3388 3330
f 3329 3288 3388
f 3252 3436 3345
f 3318 3363 3336
f 3348 3389 3364
f 3390 3383 3351
f 3275 3381 3239
f 3465 3372 3371
f 3428 3399 3400
f 3415 3433 3437
f 3239 3392 3275
f 3307 3392 3239
f 3355 3392 3337
f 3380 3384 3304
f 3273 3320 3357
f 3376 3394 3348
f 3394 3379 3378
f 3339 3377 3366
f 3457 3395 3372
f 3366 3395 3357
f 3399 3396 3393
f 3380 3396 3386
f 3190 3401 3252
f 3384 3349 3360
f 3380 3386 3439
f 3397 3367 3411
f 3377 3403 3361
f 3365 3306 3188
f 3452 3390 3351
f 3457 3362 3398
f 3357 3398 3337
f 3383 3427 3365
f 3422 3341 3391
f 3333 3345 3342
f 3382 3401 3190
f 3385 3459 3340
f 3406 3454 3385
f 3402 3391 3364
f 3402 3400 3391
f 3460 3361 3363
f 3256 3249 3404
f 3460 3421 3361
f 3423 3406 3385
f 3249 3317 3404
f 3260 3420 3415
f 3424 3378 3427
f 3405 3366 3377
f 3418 3451 3440
f 3440 3449 3418
f 3426 3408 3456
f 3422 3399 3393
f 3371 3366 3405
f 3396 3408 3386
f 3426 3450 3444
f 3410 3368 3241
f 3383 3346 3427
f 3407 3409 3372
f 3253 3410 3241
f 3259 3352 3235
f 3159 3173 3265
f 3414 3412 3248
f 3416 3328 3327
f 3191 3412 3327
f 3248 3412 3247
f 3330 3413 3326
f 3315 3413 3279
f 3235 3344 3196
f 3389 3402 3364
f 3173 3128 3231
f 3324 3414 3257
f 3412 3414 3327
f 3315 3325 3413
f 3389 3348 3394
f 3394 3378 3389
f 3334 3388 3324
f 3414 3416 3327
f 3328 3416 3325
f 3342 3417 3317
f 3410 3253 3429
f 3361 3421 3418
f 3377 3419 3405
f 3404 3317 3417
f 3428 3400 3437
f 3305 3323 3420
f 3428 3430 3456
f 3437 3434 3415
f 3347 3397 3411
f 3420 3323 3430
f 3341 3422 3393
f 3461 3423 3385
f 3406 3444 3450
f 3431 3346 3390
f 3401 3445 3446
f 3427 3346 3431
f 3428 3420 3430
f 3445 3260 3415
f 3389 3378 3424
f 3425 3423 3370
f 3444 3408 3426
f 3396 3456 3408
f 3319 3426 3300
f 3449 3440 3404
f 3260 3305 3420
f 3455 3434 3424
f 3434 3455 3445
f 3425 3370 3439
f 3447 3405 3419
f 3449 3417 3447
f 3437 3400 3402
f 3433 3415 3420
f 3390 3322 3431
f 3434 3437 3402
f 3464 3409 3432
f 3391 3400 3422
f 3458 3442 3441
f 3463 3451 3462
f 3368 3448 3450
f 3467 3436 3466
f 3428 3433 3420
f 3389 3424 3434
f 3443 3446 3435
f 3436 3342 3345
f 3443 3436 3252
f 3443 3401 3446
f 3438 3435 3431
f 3400 3399 3422
f 3434 3402 3389
f 3435 3438 3466
f 3377 3361 3419
f 3338 3349 3439
f 3369 3439 3370
f 3404 3440 3256
f 3380 3304 3393
f 3465 3458 3441
f 3401 3443 3252
f 3466 3443 3435
f 3408 3444 3425
f 3450 3426 3319
f 3260 3445 3382
f 3446 3455 3427
f 3421 3462 3418
f 3429 3256 3440
f 3401 3382 3445
f 3449 3447 3419
f 3442 3447 3417
f 3435 3446 3431
f 3442 3458 3447
f 3448 3368 3410
f 3410 3429 3448
f 3450 3448 3406
f 3417 3449 3404
f 3449 3419 3418
f 3368 3450 3319
f 3448 3463 3454
f 3448 3429 3451
f 3462 3421 3411
f 3440 3451 3429
f 3347 3411 3421
f 3355 3452 3275
f 3390 3452 3322
f 3348 3453 3321
f 3431 3322 3438
f 3385 3454 3367
f 3349 3380 3439
f 3442 3417 3342
f 3427 3455 3424
f 3426 3456 3430
f 3464 3457 3372
f 3395 3457 3398
f 3455 3446 3445
f 3427 3431 3446
f 3447 3458 3405
f 3341 3453 3391
f 3467 3442 3342
f 3465 3441 3407
f 3375 3340 3459
f 3397 3459 3367
f 3318 3460 3363
f 3421 3460 3347
f 3375 3459 3347
f 3385 3367 3459
f 3433 3428 3437
f 3369 3461 3340
f 3423 3425 3444
f 3340 3461 3385
f 3423 3461 3370
f 3463 3462 3411
f 3418 3462 3451
f 3428 3456 3399
f 3451 3463 3448
f 3411 3367 3463
f 3423 3444 3406
f 3409 3464 3372
f 3362 3464 3432
f 3467 3407 3441
f 3442 3467 3441
f 3454 3463 3367
f 3372 3465 3407
f 3458 3465 3405
f 3432 3466 3438
f 3443 3466 3436
f 3467 3466 3409
f 3407 3467 3409
f 3436 3467 3342
f 3454 3406 3448
f 3278 3468 3206
f 3387 3469 3281
f 3353 3469 3233
f 2509 2692 2627
f 3267 3206 3468
f 3281 3469 3468

