# VCG
v -20.974094 12.015861 49.301662
v -20.910706 12.870954 49.712334
v -20.853745 13.111959 48.862633
v -20.850517 12.680735 48.145172
v -20.829903 11.945162 48.189117
v -20.65999 12.315753 50.360027
v -20.628963 13.842 49.054726
v -20.596952 11.856309 45.950153
v -20.592876 10.734792 44.275867
v -20.590796 13.395519 44.990913
v -20.569847 12.687033 47.5266
v -20.56538 12.702525 46.370693
v -20.516031 12.35614 47.450855
v -20.506004 11.087813 49.05468
v -20.452551 11.212387 44.717796
v -20.450954 10.170515 43.891468
v -20.45043 16.444021 43.347847
v -20.443214 13.172196 47.898319
v -20.419863 9.4317608 43.577984
v -20.419807 14.984009 43.802097
v -20.312895 8.948205 43.332043
v -20.305178 14.398836 50.033176
v -20.296202 17.658566 43.097435
v -20.192619 10.278792 49.911095
v -20.141735 8.0798445 43.312443
v -20.137754 11.841731 47.397335
v -20.132 14.00529 50.952526
v -20.112869 11.96877 51.203079
v -20.09136 12.406626 46.011295
v -20.084978 13.013843 47.221947
v -20.073025 11.749847 48.552341
v -20.045807 13.208921 48.516827
v -20.044254 19.047018 43.075802
v -20.039894 13.862139 46.307709
v -20.02511 13.874758 45.187229
v -20.017677 12.941897 45.131039
v -20.010462 11.032816 45.116238
v -19.997112 11.864223 44.943848
v -19.994751 11.5685 47.844578
v -19.991793 11.084286 46.914875
v -19.978989 10.633738 50.822582
v -19.955608 7.2769861 43.11721
v -19.9291 11.093834 43.969055
v -19.925856 10.294944 49.051601
v -19.924746 13.837405 44.130833
v -19.908583 16.075529 45.322945
v -19.906019 15.252812 44.15789
v -19.897709 9.7103119 44.233181
v -19.855742 10.380757 43.382671
v -19.849892 9.0800886 45.443138
v -19.844011 14.882331 43.513325
v -19.828995 16.334003 46.455807
v -19.807266 16.738194 43.802845
v -19.80584 10.742001 48.59462
v -19.792614 14.248715 48.542439
v -19.792429 9.4003696 43.198006
v -19.774632 8.4971075 43.899323
v -19.764507 15.02128 47.808426
v -19.75931 9.3112202 46.922371
v -19.755228 15.06253 49.862522
v -19.737057 12.030111 42.597202
v -19.720856 16.750463 42.955074
v -19.7118 18.005096 45.166698
v -19.682346 17.826281 43.6926
v -19.655521 8.4969616 42.976509
v -19.63505 9.7584848 42.192471
v -19.62978 7.6359711 45.314068
v -19.59997 14.860266 41.987869
v -19.593603 9.710042 48.58625
v -19.543306 15.022956 50.955833
v -19.540579 18.218697 46.943161
v -19.53701 17.98789 42.672882
v -19.531425 16.236439 48.446926
v -19.502718 10.062893 50.989643
v -19.496174 11.53161 51.608685
v -19.490276 8.0134974 47.391247
v -19.470459 11.42497 41.299126
v -19.464451 7.3094215 43.571701
v -19.453985 14.545221 51.453659
v -19.450518 18.993319 43.521145
v -19.401768 13.250219 51.721233
v -19.372189 16.583258 41.207012
v -19.364456 5.5207734 43.277439
v -19.302029 8.6558762 41.232586
v -19.294189 12.591048 40.689194
v -19.266287 15.813173 49.74242
v -19.238003 18.902021 48.049908
v -19.233009 19.961687 46.131435
v -19.222933 9.6791239 40.605415
v -19.219843 9.473134 49.910065
v -19.218416 19.573975 42.757084
v -19.207563 17.55654 40.930931
v -19.201591 6.8320637 42.740143
v -19.198446 19.824785 43.251575
v -19.18643 6.6304178 46.902317
v -19.114492 20.459709 44.359688
v -19.080284 7.1868501 41.705158
v -19.072071 6.0065174 43.810043
v -19.069489 15.538964 50.67503
v -18.933222 5.5382404 45.030441
v -18.930399 18.313713 49.796898
v -18.916149 9.4085808 50.708836
v -18.878262 6.2005453 47.947643
v -18.856623 5.6610537 43.016293
v -18.824797 15.716488 39.358116
v -18.807661 7.1718707 49.59515
v -18.804087 18.953487 40.595718
v -18.789848 20.895033 47.113605
v -18.758266 20.11138 48.87685
v -18.728882 21.198633 43.249096
v -18.717928 10.105446 51.354782
v -18.7094 13.513461 38.820992
v -18.695665 16.729971 51.052578
v -18.677906 14.900105 51.431652
v -18.630869 4.9408941 43.487724
v -18.608852 11.077485 38.611099
v -18.554882 11.012695 51.65239
v -18.535759 19.984779 40.603737
v -18.519464 21.880962 45.508919
v -18.440321 13.422896 51.838314
v -18.393421 7.9945459 38.916729
v -18.383442 4.6886168 46.853752
v -18.351357 7.0437083 39.427719
v -18.347406 5.3657007 48.815952
v -18.322416 4.9621902 41.667797
v -18.290731 8.7784719 51.807762
v -18.277227 22.362803 43.961185
v -18.271206 21.151316 49.275208
v -18.269501 21.041765 40.849586
v -18.220196 6.0621185 39.904655
v -18.17625 3.9563756 44.294521
v -18.168497 19.756968 51.151321
v -18.150759 14.055179 37.078289
v -18.150661 15.663493 52.182812
v -18.083946 17.547646 52.121365
v -18.038521 11.27965 36.889172
v -18.007612 18.925238 51.96191
v -17.990591 6.8236189 51.787598
v -17.952976 15.605473 36.766808
v -17.933947 22.309752 48.263149
v -17.90353 20.934219 50.852657
v -17.902365 8.4260168 52.572102
v -17.886108 7.8562407 53.264633
v -17.872536 10.793242 52.67387
v -17.852991 22.916613 46.474571
v -17.80279 14.37418 52.802086
v -17.769007 17.463943 36.789337
v -17.761457 5.1993523 50.69944
v -17.729776 23.328493 44.342304
v -17.7258 12.957182 35.891663
v -17.695122 3.2839746 45.24202
v -17.65694 3.640008 47.375671
v -17.653465 9.9341211 36.123497
v -17.633217 8.4693699 36.52718
v -17.632362 22.749945 41.281643
v -17.619709 6.7162666 53.874596
v -17.611778 4.5502629 39.789764
v -17.584911 7.2396951 54.011814
v -17.565969 21.965149 50.521248
v -17.554272 7.4794602 53.064632
v -17.533916 3.47768 41.626476
v -17.50268 19.015209 36.74889
v -17.499111 17.122816 54.184238
v -17.496634 17.037786 53.369862
v -17.473227 11.432169 35.382515
v -17.473093 14.281137 35.310017
v -17.470247 19.332653 54.454922
v -17.440769 4.0128012 49.561775
v -17.437328 22.129665 39.488411
v -17.42753 20.146503 37.291008
v -17.423599 8.177887 53.477383
v -17.39994 20.145292 54.14957
v -17.35276 6.8179369 36.617809
v -17.323631 19.096987 54.678944
v -17.291626 23.612434 42.12706
v -17.274096 6.0301104 54.448086
v -17.241976 2.7177296 43.35173
v -17.232677 6.1645546 36.781319
v -17.21513 5.1170192 37.752838
v -17.212011 21.470961 52.976791
v -17.204704 7.4983063 53.900806
v -17.177965 16.566515 34.969765
v -17.160391 24.029984 45.90052
v -17.149517 2.9377046 47.325867
v -17.131443 4.9876614 53.981449
v -17.110147 18.697905 53.802986
v -17.093966 4.008954 38.910606
v -17.082094 20.817823 54.107876
v -17.064835 7.8039131 35.287498
v -17.062262 6.1643019 53.483284
v -17.056974 21.545662 52.514626
v -17.012657 16.75388 54.293228
v -17.009089 23.81612 47.924896
v -16.966288 20.266136 53.542633
v -16.929592 12.189014 33.971146
v -16.914539 19.993446 35.798538
v -16.901545 17.998941 54.509155
v -16.869387 9.7537212 34.152306
v -16.850458 23.507235 49.69112
v -16.845669 18.289604 34.723961
v -16.837494 23.125465 39.148857
v -16.832811 6.4535289 54.218365
v -16.783436 21.540998 53.15173
v -16.740639 24.57757 44.099178
v -16.737341 21.801943 36.846867
v -16.735006 15.160156 54.615406
v -16.72646 4.3145285 54.061069
v -16.708477 4.7259178 53.038982
v -16.654383 2.0764673 43.121254
v -16.641363 19.688522 54.494003
v -16.63534 20.900869 53.929153
v -16.633606 7.5331435 54.842842
v -16.631285 22.988173 51.509743
v -16.604555 2.8142362 49.461365
v -16.584869 4.238461 37.005741
v -16.580727 15.387958 33.306122
v -16.530443 1.9079437 45.443733
v -16.52515 6.2327719 34.825722
v -16.4879 17.010885 33.38945
v -16.478729 24.509781 47.649925
v -16.445873 2.8556118 39.033669
v -16.365629 2.1408796 40.746552
v -16.323273 3.5271397 52.170731
v -16.313671 13.316738 32.556152
v -16.253468 5.0090604 35.19659
v -16.219473 1.9405717 47.718971
v -16.199419 24.896326 41.608528
v -16.18874 24.489828 39.957207
v -16.187847 17.383701 55.579777
v -16.182659 23.073139 36.888897
v -16.174339 7.8269229 33.116734
v -16.140591 3.5343201 52.865997
v -16.131527 6.7379169 55.66436
v -16.116779 4.3441753 54.01897
v -16.1071 6.0089345 56.337826
v -16.106636 10.526783 55.726662
v -16.092566 3.4520621 36.698833
v -16.089182 25.105349 46.198574
v -15.983786 8.861248 56.051079
v -15.937876 13.498489 55.921333
v -15.935341 24.150225 50.845135
v -15.882431 19.055984 56.810162
v -15.880229 1.3366612 43.642094
v -15.868185 23.689161 37.029812
v -15.827374 6.8823538 56.352665
v -15.825883 25.383877 43.212887
v -15.816253 18.655514 56.113323
v -15.814115 22.625629 53.620941
v -15.735154 11.428989 31.336784
v -15.715446 5.8697662 56.037987
v -15.693739 1.3996553 41.066261
v -15.651248 1.9036763 49.922039
v -15.606853 14.659775 31.039261
v -15.575287 20.807522 33.114838
v -15.559952 19.543961 32.245827
v -15.558518 25.521418 45.906609
v -15.542874 20.448317 56.718132
v -15.53068 1.236137 47.06089
v -15.500574 10.215445 30.92535
v -15.483908 19.662411 56.275547
v -15.46776 8.8985519 31.122807
v -15.466576 22.185747 54.629799
v -15.465417 18.435122 56.75354
v -15.464382 2.6830254 36.349957
v -15.433316 18.180254 31.319353
v -15.418508 24.54027 37.589466
v -15.408178 23.730846 52.837513
v -15.383887 7.2840662 57.318123
v -15.363392 16.269045 30.604239
v -15.349396 4.9227324 56.798634
v -15.28455 4.3373957 56.554401
v -15.249274 2.0022604 37.244514
v -15.241257 4.9030638 56.074139
v -15.231355 5.807929 56.835472
v -15.23119 15.653036 57.10788
v -15.225261 6.7264376 31.4123
v -15.221614 0.85622448 45.210995
v -15.193045 12.57846 30.038181
v -15.181964 1.3002802 39.313286
v -15.162206 19.066172 57.12973
v -15.148429 21.113064 55.893101
v -15.138855 20.335049 57.114124
v -15.133923 5.5362935 31.969959
v -15.128361 22.172298 56.190659
v -15.110211 22.788921 55.502655
v -15.108336 25.344479 49.244106
v -15.09234 25.495852 39.581612
v -15.086038 21.900595 55.468929
v -15.054228 3.6570446 56.487579
v -15.044099 25.134806 38.145748
v -15.043617 22.357492 33.163349
v -15.01752 1.1691093 49.024727
v -15.008315 9.9261074 29.782745
v -15.006257 0.84458351 41.582722
v -14.993081 21.608797 56.745762
v -14.979942 25.940811 44.081795
v -14.926979 22.902449 54.745865
v -14.921579 3.377985 33.926857
v -14.911342 25.869673 41.029564
v -14.886063 25.822023 46.955215
v -14.877943 10.798197 57.818512
v -14.804309 12.539476 57.812752
v -14.794456 11.684309 29.051933
v -14.786445 6.6380625 57.982227
v -14.757031 2.9147906 55.867699
v -14.732341 25.050306 51.414894
v -14.701436 1.785558 52.232262
v -14.7 21.603022 31.413555
v -14.694187 8.376461 29.346031
v -14.693859 5.921999 30.471857
v -14.690625 23.742638 54.040909
v -14.680758 6.8598428 29.867313
v -14.664459 14.289773 28.729248
v -14.644834 19.231781 29.651985
v -14.629202 3.4657521 55.522972
v -14.625706 18.039127 58.224262
v -14.622717 20.431887 30.232224
v -14.61135 24.062311 34.549164
v -14.605657 4.9216547 31.186087
v -14.601798 8.4248314 58.70063
v -14.491501 2.6635618 54.53936
v -14.433707 16.475479 28.237047
v -14.418693 1.238447 37.342331
v -14.406963 15.546133 58.379017
v -14.390455 0.58863562 40.084415
v -14.380118 19.01712 58.181969
v -14.373392 21.257221 56.682575
v -14.361862 17.870279 28.359571
v -14.359047 2.5664005 34.045052
v -14.33934 10.34668 27.919504
v -14.312972 4.1832728 31.310598
v -14.29884 22.67931 31.539967
v -14.277489 4.0126567 56.693325
v -14.255073 2.3391938 55.301064
v -14.253119 24.646019 53.272633
v -14.252715 13.618361 58.637703
v -14.23387 25.618992 37.622032
v -14.227922 22.368969 56.067291
v -14.222825 10.7822 58.912205
v -14.192668 19.517256 58.102238
v -14.133875 0.29252687 42.639244
v -14.132626 26.329712 41.557766
v -14.097277 26.076328 39.018295
v -14.094533 23.484789 32.300709
v -14.089312 26.279089 46.52169
v -14.072839 0.86778939 51.029785
v -14.039137 23.334763 55.43819
v -13.966239 0.71755308 38.003403
v -13.963219 2.9805636 55.998493
v -13.919823 9.3254862 26.871185
v -13.917736 26.447416 44.154076
v -13.917025 3.3499563 31.652496
v -13.894958 1.8913548 54.268581
v -13.89429 24.72241 34.286041
v -13.893875 8.365449 59.653477
v -13.874584 12.431465 26.368017
v -13.803862 4.8242912 57.857792
v -13.783968 2.1440365 54.99501
v -13.77388 6.9153919 27.0397
v -13.76089 1.679666 34.753387
v -13.71303 13.31798 59.40197
v -13.686282 0.40403199 50.088448
v -13.652829 9.4424801 60.044449
v -13.636523 0.021953516 44.234776
v -13.60929 15.21251 25.610359
v -13.598811 24.007048 32.089527
v -13.581326 15.081974 59.485371
v -13.568618 20.835196 27.054934
v -13.55174 17.529572 59.645336
v -13.502784 11.483006 59.82954
v -13.495994 5.0184431 27.598711
v -13.482049 21.539396 27.405201
v -13.47899 26.258514 49.996788
v -13.475885 16.978397 25.47197
v -13.412164 26.664253 42.178551
v -13.40485 10.63342 25.08713
v -13.387868 1.0721487 53.401325
v -13.38579 26.183151 37.719704
v -13.37627 19.19994 25.806129
v -13.362314 20.989677 57.851025
v -13.33555 23.170919 29.4254
v -13.316218 2.5047359 31.932606
v -13.289833 24.61611 54.849274
v -13.28076 11.834496 24.653564
v -13.27253 -0.11805721 43.024948
v -13.2707 6.4338832 59.241619
v -13.213053 7.9581609 60.205589
v -13.207683 -0.041774049 49.296177
v -13.199935 24.519545 32.322342
v -13.19478 25.22138 34.082466
v -13.179514 5.6885395 26.196712
v -13.177732 26.63406 39.485237
v -13.15481 23.200205 56.534889
v -13.138041 9.5999575 24.56477
v -13.108633 26.084631 51.69318
v -13.100037 -0.20717448 47.249851
v -13.08953 7.0730534 25.154701
v -13.07307 22.67108 27.789886
v -13.06501 14.928038 24.12315
v -13.05228 22.105137 26.954266
v -12.974862 4.0590959 27.700569
v -12.963866 0.07825879 38.533215
v -12.950374 25.640749 53.354031
v -12.94573 6.3466873 25.160332
v -12.94389 2.1608784 56.587791
v -12.943608 5.2922459 58.786911
v -12.937794 14.945731 60.1749
v -12.917193 19.584867 59.305733
v -12.915736 17.911312 24.187458
v -12.905543 9.6811399 60.86517
v -12.905123 16.512238 23.845119
v -12.894054 2.8573534 57.569668
v -12.882055 26.799715 46.655045
v -12.857388 8.5683718 60.905869
v -12.83374 19.5667 24.530798
v -12.795431 23.275085 28.205482
v -12.771611 3.529732 58.242638
v -12.763489 10.235474 23.519402
v -12.756001 -0.13717012 39.437687
v -12.751685 23.991274 29.76606
v -12.723317 25.616829 34.307472
v -12.721584 0.9989959 34.641857
v -12.710537 20.962799 24.987078
v -12.70437 7.0856133 24.253345
v -12.688448 7.0957751 60.086475
v -12.679561 11.907514 60.658833
v -12.616329 11.824913 23.005924
v -12.599357 24.267601 56.134483
v -12.592333 3.0172119 29.054558
v -12.580164 8.1989861 23.584913
v -12.529652 -0.38919917 48.754341
v -12.52333 4.7863235 58.937515
v -12.495185 18.925446 60.245571
v -12.492455 24.864582 31.652687
v -12.480143 21.814056 58.03104
v -12.471274 26.795553 49.512188
v -12.469822 26.976002 41.371891
v -12.440511 14.262815 60.632832
v -12.403498 0.12662658 52.583977
v -12.376051 2.0784202 30.996895
v -12.334823 -0.44076914 42.661682
v -12.332415 -0.52628601 47.321644
v -12.288122 20.522198 23.74474
v -12.266145 0.46277565 35.624634
v -12.258669 27.059219 43.875786
v -12.247138 9.1676302 61.535942
v -12.245377 7.516551 61.009895
v -12.208982 -0.55851412 45.501938
v -12.204855 1.3615835 56.397591
v -12.190637 5.6124845 59.318535
v -12.17302 26.9799 39.614449
v -12.17257 23.228464 26.485098
v -12.157673 18.074791 61.09824
v -12.093199 4.4009919 25.145044
v -12.073815 25.283529 55.417103
v -12.066603 13.838663 21.691792
v -12.029248 17.472584 61.268398
v -12.016767 -0.33094266 51.321419
v -11.995001 27.059595 47.639183
v -11.961104 0.7136687 55.24762
v -11.951869 4.1102629 59.252995
v -11.93891 26.123055 34.566162
v -11.913258 3.8349602 25.61286
v -11.90473 24.434534 28.929382
v -11.904015 9.5498772 21.669432
v -11.891451 2.3538456 58.856129
v -11.857504 22.498907 24.347692
v -11.834362 -0.49629158 40.846878
v -11.827812 26.83762 37.708229
v -11.770021 5.2582269 23.297523
v -11.724291 15.461998 20.876095
v -11.707565 20.655609 59.279106
v -11.696138 26.647793 36.323498
v -11.689423 17.724037 21.187195
v -11.682655 11.742295 20.764023
v -11.637383 16.27705 61.44809
v -11.582331 -0.59542519 50.499981
v -11.577919 16.535372 20.659473
v -11.555915 23.631287 25.323462
v -11.5413 2.9338815 26.667606
v -11.537977 21.983639 23.054979
v -11.536601 12.769726 61.349586
v -11.52852 0.1706267 54.406849
v -11.528085 8.3815517 21.206036
v -11.526255 1.629114 58.409203
v -11.515525 25.448336 31.553825
v -11.499065 27.092514 49.470848
v -11.494553 2.1054714 29.052689
v -11.451963 2.9374137 59.677685
v -11.45131 27.275188 44.904648
v -11.439289 0.76106989 33.304691
v -11.41937 18.448891 20.864941
v -11.411619 19.01516 61.515358
v -11.404011 14.67545 61.356251
v -11.392616 7.6103663 62.102577
v -11.376572 19.828882 60.387543
v -11.374192 26.739832 52.513897
v -11.358996 -0.80479139 47.940712
v -11.335448 27.274767 41.020538
v -11.33239 7.1450076 61.688831
v -11.327153 23.975573 57.659069
v -11.325174 24.503174 27.450624
v -11.313188 22.601274 58.344265
v -11.26896 20.684296 21.685835
v -11.266518 18.107012 62.223785
v -11.265224 -0.50170577 39.405411
v -11.259544 2.0145264 59.988152
v -11.256887 6.4759779 21.468836
v -11.239505 13.291019 19.504463
v -11.224896 3.6374049 59.831898
v -11.210607 3.582253 23.312435
v -11.200748 25.982073 54.999981
v -11.172009 -0.36437267 53.095337
v -11.169374 23.589254 23.438557
v -11.129705 1.1924446 31.465736
v -11.114629 25.351915 30.303141
v -11.110355 4.6461935 22.00338
v -11.091915 -0.84983742 44.683853
v -11.091205 5.4839215 59.724567
v -11.013739 1.0935117 58.127964
v -10.986366 -0.81765008 49.806534
v -10.986266 1.9740186 60.87447
v -10.985097 19.430428 61.665112
v -10.962936 27.142776 38.486992
v -10.960591 2.5919795 24.783102
v -10.949314 9.425169 62.122101
v -10.944759 27.353912 47.019852
v -10.942948 24.671942 26.203566
v -10.929773 21.600813 59.06007
v -10.924826 7.1327119 62.596031
v -10.9022 11.66427 18.88378
v -10.846436 -0.35974601 37.432648
v -10.805941 -0.79390895 42.577961
v -10.783167 24.800528 24.46364
v -10.779625 11.05139 62.001854
v -10.777046 23.224014 21.595388
v -10.748512 18.774006 63.043533
v -10.737252 2.941685 60.678272
v -10.710122 3.124846 21.487694
v -10.702961 -0.96662128 46.104912
v -10.693796 2.0739706 26.039564
v -10.679384 1.953436 62.109245
v -10.666618 5.0204377 59.980007
v -10.666098 5.0325866 20.613194
v -10.666037 17.058475 18.82217
v -10.647906 22.296732 20.854166
v -10.647858 1.7601246 27.800224
v -10.631524 1.1268234 59.200344
v -10.630366 -0.12610535 35.359856
v -10.629265 19.674841 62.608791
v -10.626866 7.9003696 62.544697
v -10.615996 24.898417 22.384539
v -10.613964 25.450047 29.047342
v -10.607598 1.4223046 60.61084
v -10.607455 27.335285 48.895866
v -10.584336 2.1254077 22.307926
v -10.575792 24.422686 21.128918
v -10.575259 20.480083 60.219158
v -10.528519 0.58708525 57.36776
v -10.515388 17.543268 62.680393
v -10.507 3.5209165 20.19503
v -10.499563 15.995093 62.074566
v -10.49434 14.146816 61.814083
v -10.493272 25.357355 23.238676
v -10.491716 10.457819 18.326691
v -10.490508 21.034054 20.019241
v -10.467668 1.9375643 20.202328
v -10.465232 26.115705 18.681757
v -10.458318 20.086294 61.102268
v -10.45629 7.5137672 19.307606
v -10.434962 25.009859 20.048481
v -10.433121 14.15025 17.463755
v -10.430241 1.3521399 17.619368
v -10.426343 5.41116 60.217052
v -10.410765 25.496159 28.327164
v -10.402945 26.867397 53.311775
v -10.402404 6.3162575 62.682999
v -10.398611 -0.67435461 52.736446
v -10.396758 0.19194213 19.370224
v -10.396731 25.41107 27.187004
v -10.391387 25.924486 21.468954
v -10.388818 2.746922 19.393829
v -10.385325 1.1681931 21.269005
v -10.384966 1.9505649 63.602512
v -10.383745 -0.35693061 54.266953
v -10.366921 27.193464 20.119099
v -10.362728 1.4606113 23.222746
v -10.350933 21.810444 19.817726
v -10.314798 4.4232292 60.417309
v -10.303876 25.067448 57.753307
v -10.302676 26.339193 17.473948
v -10.287138 24.242773 58.441059
v -10.284525 6.068037 63.718693
v -10.282948 27.30176 18.648447
v -10.279413 3.1264541 66.019783
v -10.272564 22.884548 65.766914
v -10.269464 7.1101193 63.06823
v -10.255508 6.4107227 19.131157
v -10.25413 2.8540516 64.945122
v -10.246192 0.35685453 17.195398
v -10.244861 23.881758 19.207865
v -10.236469 2.3351076 64.127617
v -10.23537 1.9163811 16.773901
v -10.219543 1.6669585 64.450363
v -10.210701 25.613544 25.921589
v -10.206901 19.539137 64.085022
v -10.205736 20.25391 63.715752
v -10.203215 1.3872293 25.142979
v -10.197061 15.735627 17.24827
v -10.196356 25.125978 17.273474
v -10.19635 -0.5071975 20.109722
v -10.190232 0.63181871 22.129038
v -10.177476 -0.46362594 18.634537
v -10.173993 5.2545648 64.4319
v -10.169967 4.3787065 65.206573
v -10.158944 18.865997 18.511883
v -10.157598 1.9398541 65.411667
v -10.133212 1.0364361 16.271948
v -10.127165 27.213575 51.558128
v -10.117365 -1.0191929 49.121319
v -10.089461 26.622816 22.850605
v -10.085581 27.860426 21.143183
v -10.083056 26.129988 24.359613
v -10.082079 1.3660836 62.991615
v -10.08087 1.1532924 28.82197
v -10.077593 0.13341236 33.178349
v -10.073513 27.079655 35.116436
v -10.070994 3.8043551 17.920435
v -10.070027 25.955402 16.513027
v -10.066022 4.0352497 64.711586
v -10.06601 21.027836 64.85276
v -10.046762 20.202335 61.691532
v -10.039834 13.171042 16.430727
v -10.034337 -0.91058445 51.129539
v -10.025015 5.5745554 18.431278
v -10.020253 25.335701 16.480328
v -10.01819 28.299778 19.945002
v -10.012369 23.389471 18.324707
v -10.008241 17.881765 63.142918
v -9.9966259 22.761715 18.55904
v -9.994957 4.3943558 17.992617
v -9.9707756 11.813044 16.611156
v -9.9655123 2.6697974 16.190428
v -9.9626045 26.628546 32.771191
v -9.9552526 0.54925466 23.53714
v -9.932189 27.26243 36.327522
v -9.925561 22.067339 64.848991
v -9.9106503 27.520559 47.62722
v -9.9037685 21.12748 65.353851
v -9.8975773 1.1282533 26.623491
v -9.8968449 -1.1672057 18.967979
v -9.8909206 21.066132 63.985615
v -9.8842058 27.564436 16.515621
v -9.8567991 10.936731 62.353943
v -9.8567867 23.868723 64.839752
v -9.8540087 -0.8831768 21.313879
v -9.848772 2.725672 66.223984
v -9.8209381 26.414062 31.545378
v -9.8200521 4.6116877 65.44294
v -9.8043156 27.415201 37.776443
v -9.7951355 12.675036 62.124935
v -9.775404 27.849848 22.438301
v -9.7579517 28.554274 18.481659
v -9.741106 8.0580006 17.563969
v -9.7370701 24.115074 65.603897
v -9.735774 -0.53992981 36.007309
v -9.7328453 4.0497322 61.461624
v -9.7310104 3.7486305 65.996368
v -9.7234497 1.0732834 61.180145
v -9.7224216 23.37077 59.143936
v -9.7177858 0.78187549 59.396545
v -9.7079706 25.457056 57.849491
v -9.7061005 23.328384 66.260391
v -9.7016087 -1.1259605 47.202042
v -9.689805 20.931726 63.197823
v -9.6885605 26.917747 15.349844
v -9.6866817 0.065426558 15.013049
v -9.6772995 14.865786 15.563807
v -9.6759987 2.0344479 65.921715
v -9.6644402 27.624271 45.221283
v -9.6538029 24.422461 15.780919
v -9.6472778 -0.98188931 40.930405
v -9.6464825 0.8279922 28.106503
v -9.6457901 26.154566 56.138634
v -9.6208735 5.3951554 61.501511
v -9.614603 27.625568 43.14555
v -9.6091633 21.775669 64.116455
v -9.5886154 -0.49315131 54.60577
v -9.5783758 6.1353493 64.175186
v -9.5773277 16.890202 16.286604
v -9.5732718 0.36274481 25.126673
v -9.558054 4.7106447 62.94405
v -9.5419445 27.596247 15.252385
v -9.5396099 3.7567604 63.391026
v -9.5310421 7.9028606 62.886356
v -9.5272436 26.281244 28.288628
v -9.517067 21.190788 17.36343
v -9.5058641 -1.5896084 17.950924
v -9.5002413 27.184641 52.833786
v -9.4973192 22.786325 64.307564
v -9.4855833 13.280515 14.893806
v -9.4854612 16.342924 62.58316
v -9.4576817 24.392147 64.763298
v -9.4279156 -1.3128299 22.293018
v -9.4262838 20.261799 65.172012
v -9.4226236 1.2167252 63.983604
v -9.422184 25.449635 14.575396
v -9.4202957 28.882196 21.688992
v -9.4162731 14.571321 62.236015
v -9.416091 29.156925 18.902466
v -9.4035864 17.878391 63.356548
v -9.4013357 27.490183 24.350916
v -9.3998775 3.4993715 14.848923
v -9.3917952 -0.64931625 14.747713
v -9.3895664 22.01519 66.303398
v -9.38165 27.685898 40.610344
v -9.3614101 -1.8412434 20.825644
v -9.3574142 19.152407 16.832628
v -9.3573952 26.566059 27.261351
v -9.3270016 9.2910252 16.099489
v -9.325161 7.5306587 16.557205
v -9.3237495 0.34232187 30.655445
v -9.28615 28.500082 15.786675
v -9.281415 26.21759 13.92266
v -9.2796831 0.89796722 13.365221
v -9.2759542 4.1785054 62.187096
v -9.2684879 9.4306993 62.56789
v -9.2606249 -1.025256 40.025501
v -9.2494173 22.503132 15.902794
v -9.213522 -0.44033599 33.847
v -9.2086487 0.56586176 59.165047
v -9.2019806 -0.7539106 53.815628
v -9.1996078 19.644609 16.384602
v -9.1869907 6.2137146 16.017305
v -9.1774683 28.567366 23.387503
v -9.1707487 -1.1357598 42.662258
v -9.1546316 1.4605459 65.203873
v -9.149416 27.242701 25.822248
v -9.1444597 -2.1803122 19.420004
v -9.1394444 28.826214 16.072979
v -9.1367483 28.0322 14.45174
v -9.1288967 4.873868 15.073231
v -9.1122656 24.568733 59.559906
v -9.0986328 27.4139 51.187794
v -9.0616131 -1.3214786 15.23175
v -9.0535727 1.9359057 12.824265
v -9.0346117 12.165228 13.938613
v -9.0194359 26.720797 30.084436
v -9.0149212 22.010735 59.935085
v -9.0042095 26.280821 56.299644
v -9.000596 3.5706472 66.019348
v -8.9881287 24.434017 13.651522
v -8.9736242 24.498251 65.017227
v -8.9641008 2.6129825 66.059372
v -8.9409714 16.162701 14.111783
v -8.9354534 21.163069 60.379498
v -8.933466 29.744349 20.20719
v -8.931097 22.800098 66.180573
v -8.9237127 23.620121 65.98188
v -8.9131985 1.943099 65.80909
v -8.9093094 14.303502 13.428809
v -8.9043713 26.919477 31.228756
v -8.9003649 -1.5534099 23.428148
v -8.8987646 29.389469 22.102074
v -8.8827524 -0.78954417 25.018049
v -8.8817749 23.791826 63.154423
v -8.8348541 2.5818849 12.447409
v -8.8272743 10.055828 14.32505
v -8.8248014 29.22415 16.192211
v -8.7972126 12.152582 62.388603
v -8.7923794 27.624647 48.161327
v -8.7910604 -0.001649379 27.907974
v -8.7685137 0.8955704 61.329872
v -8.7638559 -2.1865587 22.019386
v -8.7546158 21.137463 14.821636
v -8.7452297 -0.53215778 26.120741
v -8.7413931 24.135561 62.991886
v -8.7375994 25.097992 59.400043
v -8.7367344 23.950144 60.25787
v -8.7344761 20.171387 65.177849
v -8.7181244 27.00551 12.13872
v -8.7043724 22.409416 14.093264
v -8.6991863 -0.39197069 32.264278
v -8.6937399 24.514997 63.548565
v -8.6883192 4.8934941 65.443039
v -8.6873102 28.144472 25.364386
v -8.6528778 18.791096 64.133255
v -8.6035595 -0.577829 55.074959
v -8.5751829 1.089385 63.794525
v -8.5706959 7.702776 14.181137
v -8.5689001 5.5187187 13.624965
v -8.5666313 21.416534 61.05545
v -8.5610743 -2.6645744 20.548908
v -8.5597534 -2.0993493 15.857487
v -8.5569344 18.298628 14.088985
v -8.5300903 25.27319 11.607886
v -8.5129042 3.861289 12.385227
v -8.5057745 13.832317 62.33979
v -8.4806337 23.869781 62.09808
v -8.479701 24.63814 60.641636
v -8.4634066 9.564023 13.546469
v -8.4337711 15.852682 12.859323
v -8.4327421 27.431202 28.029083
v -8.4301672 -2.7435162 17.84724
v -8.4195652 27.127384 53.823265
v -8.389267 1.4011068 10.266363
v -8.3830414 0.50533128 59.583782
v -8.3651953 22.266277 62.759186
v -8.357151 29.071941 24.465202
v -8.3458452 28.23036 12.450874
v -8.3455563 23.807152 61.241127
v -8.3449793 26.122459 10.646872
v -8.3449783 -0.60511643 11.84492
v -8.3439503 0.93072295 10.215199
v -8.336442 1.3592166 64.784073
v -8.33043 24.46978 11.605221
v -8.3243914 30.193796 18.39187
v -8.3141394 22.70886 12.803654
v -8.3092995 20.241899 13.624355
v -8.3022041 15.389734 62.576229
v -8.2718887 16.645536 62.89946
v -8.2651091 8.7084351 62.911301
v -8.2626638 18.009521 63.554268
v -8.2525883 21.677111 13.157415
v -8.229372 12.90921 12.117633
v -8.2183952 2.4106884 10.017365
v -8.2128735 7.0567908 13.118013
v -8.2072058 23.202156 61.058044
v -8.1959753 22.473499 62.178364
v -8.1892681 27.701393 11.057373
v -8.1797438 28.321356 26.301054
v -8.1780052 27.843784 45.497066
v -8.1694851 -3.0837982 19.186863
v -8.1603231 30.162254 21.571203
v -8.1519527 24.765507 61.307869
v -8.1502085 14.735225 12.035766
v -8.1462498 5.4879022 12.536826
v -8.1403942 23.544329 65.655487
v -8.1365299 30.409317 20.076277
v -8.1350527 3.3585811 10.716654
v -8.1315908 22.210224 65.880272
v -8.1248388 25.631445 9.9356661
v -8.1247263 -1.3720446 43.919445
v -8.1188364 24.56435 64.768311
v -8.1185246 -1.2734187 26.00799
v -8.1156502 -1.0201139 53.255394
v -8.1037636 27.562733 32.5187
v -8.0869074 18.709539 13.032181
v -8.082283 26.53117 56.008694
v -8.078331 27.939888 37.217651
v -8.0742292 9.9033279 62.655632
v -8.0387535 27.501394 51.452446
v -8.0326881 -1.1779366 36.810127
v -8.0274782 -0.51805246 29.978361
v -8.0231466 7.1868491 63.800217
v -7.997786 8.3696508 12.67613
v -7.9941025 0.56389993 9.3846865
v -7.9899225 -2.2700179 23.874743
v -7.9874692 9.4573793 12.55836
v -7.9843974 -1.2182231 11.96471
v -7.9784937 27.651421 49.468498
v -7.973793 27.532949 30.039652
v -7.9618177 -1.3677574 44.78326
v -7.9427919 -0.61814201 31.021358
v -7.9402719 -0.61990792 29.189899
v -7.9253798 23.96171 10.653694
v -7.9166098 25.607731 58.920109
v -7.9088597 2.5327373 65.428688
v -7.8995538 -1.2703023 49.335876
v -7.8702292 8.0583448 63.22192
v -7.8581629 -0.28787273 56.673065
v -7.8427339 30.174644 16.343851
v -7.8388114 20.713352 65.172485
v -7.8272939 3.8300829 65.371437
v -7.8165784 18.09568 12.40493
v -7.8018284 26.659924 8.6947355
v -7.7750621 2.7985635 0.98966092
v -7.7670689 1.4815071 7.7483373
v -7.7645583 -3.22332 20.636633
v -7.7586293 14.045728 11.365598
v -7.7521267 28.606426 11.433498
v -7.7111306 1.7234375 64.811707
v -7.6991329 25.195005 60.388512
v -7.6961441 28.232088 10.432037
v -7.6930757 4.0699911 9.9353695
v -7.689682 2.641083 0.37540013
v -7.6887264 25.101021 8.3672857
v -7.6721992 1.3566629 64.242271
v -7.6660528 27.867065 29.379465
v -7.647604 24.802616 63.383461
v -7.6466703 12.173664 62.363541
v -7.6294408 29.510269 13.585255
v -7.6095166 -1.3793437 38.128151
v -7.5948176 28.414438 27.659128
v -7.5880809 9.6291447 11.867518
v -7.5636053 -2.9284487 15.8709
v -7.5623975 -1.5886847 11.665909
v -7.5602579 6.8778367 11.725496
v -7.5596395 20.150032 12.118892
v -7.5550799 24.94775 62.005352
v -7.5528493 15.939983 11.43448
v -7.5406995 2.0340524 0.93012071
v -7.5388274 0.57627553 60.22543
v -7.5328145 9.3214903 62.744518
v -7.5274925 2.3396003 6.8363733
v -7.5209279 28.030279 44.172691
v -7.5060525 -1.3439353 46.332146
v -7.5006466 -1.8352804 26.032492
v -7.4969459 25.0532 1.713979
v -7.4910135 5.3267217 64.632782
v -7.488987 25.352718 0.95316082
v -7.4615688 3.1746986 64.957748
v -7.4614935 25.953697 58.081993
v -7.4563704 22.502083 10.851045
v -7.4501238 25.92132 6.9457397
v -7.4470992 -0.14518018 8.929595
v -7.4446306 21.419722 11.614303
v -7.4364262 24.263498 8.2725382
v -7.4217114 0.62055963 7.2939272
v -7.40169 0.84328389 61.779602
v -7.3920512 4.2732658 1.0059865
v -7.3831153 29.905798 24.222137
v -7.3803892 28.197874 39.126961
v -7.3704596 25.779161 1.7249918
v -7.3675795 27.276869 7.7862172
v -7.3375793 -1.2411638 28.610649
v -7.3342609 26.919697 54.981514
v -7.3331823 27.942709 30.940392
v -7.3171268 -3.4591506 17.373699
v -7.3139291 30.727942 17.20607
v -7.2781162 18.962303 63.914715
v -7.2758141 -1.2374927 52.045864
v -7.2613773 7.0512104 63.522602
v -7.2598844 8.3947506 11.460251
v -7.2585311 -1.0822901 32.52684
v -7.2530317 12.443673 10.865445
v -7.241426 1.8933342 5.1480379
v -7.2400217 -2.7467961 23.916422
v -7.2387819 28.789307 10.469965
v -7.2213688 13.806446 62.318729
v -7.2196183 4.5038438 8.8618698
v -7.2150083 5.3875947 10.216606
v -7.2069573 -2.0106661 12.0235
v -7.2042165 3.5768411 2.6134405
v -7.2010784 3.0751102 0.10453231
v -7.1859121 -0.88470465 54.393856
v -7.1705556 4.3277402 0.48091328
v -7.1656113 31.089243 19.316883
v -7.1611667 25.63031 5.6572337
v -7.1609674 6.1786294 10.75466
v -7.1584649 29.134968 26.576923
v -7.1566305 17.82185 63.285091
v -7.1503944 25.41975 60.007275
v -7.1473694 0.97022271 62.27663
v -7.1355395 3.3054609 5.9721699
v -7.1335301 23.671604 1.5766243
v -7.1288152 2.826328 3.4081311
v -7.1287384 26.507027 5.6659365
v -7.1166782 2.8983519 4.9075313
v -7.1122818 16.590992 62.833832
v -7.0856419 -1.3894142 34.542778
v -7.0845008 23.153763 8.7563734
v -7.074079 1.3779193 4.6410723
v -7.0704908 24.735434 6.0486178
v -7.058784 15.233526 62.480011
v -7.053205 1.8149055 3.0671043
v -7.0316343 -3.7778044 18.878773
v -7.027421 25.801836 3.2385828
v -7.0212865 25.639996 4.3838162
v -7.020287 24.699238 0.68998992
v -6.9975533 28.192406 34.149818
v -6.9888253 17.885309 11.218358
v -6.9866982 31.046482 20.672846
v -6.9684801 28.363619 41.183701
v -6.9633851 29.945875 13.207116
v -6.9513884 24.805717 3.666255
v -6.9425864 25.114437 61.548252
v -6.9293942 23.634678 1.0694427
v -6.9225416 1.8095691 0.17225379
v -6.9116502 27.317003 6.2477784
v -6.9087052 28.11698 8.2694254
v -6.9052277 -0.32941306 56.715973
v -6.9035563 26.461832 4.3094311
v -6.8904605 15.275501 10.515111
v -6.8656726 27.540512 52.645084
v -6.8634524 26.431595 3.1734433
v -6.8553104 23.349545 64.483185
v -6.8484554 1.0706896 4.0152798
v -6.8482084 24.562426 4.9011922
v -6.8413463 8.6454096 62.733192
v -6.8224201 10.96699 62.317917
v -6.8199162 4.1214504 6.4678292
v -6.8139644 26.968962 1.5090206
v -6.7956185 28.567883 29.337978
v -6.7904601 26.392244 56.780861
v -6.7888708 4.7630463 1.1217052
v -6.7788005 0.77586985 1.2498766
v -6.7769461 3.7472374 4.3519793
v -6.7629333 25.722799 0.53281033
v -6.7493711 -1.4770513 29.406879
v -6.7415552 6.1990819 63.568851
v -6.7398648 23.881676 6.223187
v -6.7366152 22.026142 64.568146
v -6.7316551 10.254741 10.696949
v -6.7300959 28.931339 9.8394871
v -6.6919122 -0.8489188 8.5251675
v -6.6837082 0.98649824 2.8768523
v -6.6605535 31.188267 17.819786
v -6.6318717 23.7617 3.3079484
v -6.6195965 5.103075 8.1678114
v -6.6191111 27.0324 4.3101573
v -6.6132526 0.26688591 5.0549541
v -6.585 -1.791404 40.748646
v -6.5840659 4.4613876 2.8087497
v -6.5646739 21.960135 9.3293428
v -6.5541959 27.037315 0.93082422
v -6.5470119 28.395626 38.379967
v -6.5128222 -3.6911981 21.315399
v -6.5097895 0.25162286 58.912315
v -6.5080314 -0.36550876 6.9155412
v -6.5056205 30.267387 24.458437
v -6.4954958 -1.941335 10.66896
v -6.4952517 7.3980513 10.171036
v -6.4935102 28.349001 31.858261
v -6.4812117 -2.2383721 26.900524
v -6.4784627 -1.4061333 31.415201
v -6.4747052 -1.477016 49.656231
v -6.4739051 -1.6549135 37.746372
v -6.4737306 28.473804 35.582272
v -6.4568372 27.098789 3.201551
v -6.449697 29.338093 27.31925
v -6.4485765 18.994368 10.693059
v -6.4484897 0.55700994 0.25514871
v -6.447649 13.769662 9.9221344
v -6.4434958 12.274459 62.101704
v -6.4285526 28.447119 8.0924587
v -6.4258766 23.631577 5.5969348
v -6.4175057 20.910511 10.129389
v -6.3901834 23.529902 63.804539
v -6.3864546 0.45887765 59.704517
v -6.3844047 1.1283141 61.769039
v -6.3742456 -3.061285 13.649643
v -6.3707404 19.935917 10.504567
v -6.3697877 23.643219 4.409915
v -6.3696098 -3.9660683 17.521572
v -6.3668084 27.268053 4.2113132
v -6.3598247 7.5763054 62.808617
v -6.3405094 4.4467039 5.4709754
v -6.3357306 23.01948 1.6996793
v -6.3326092 9.3855629 10.330445
v -6.3160477 22.356966 8.2754374
v -6.3157024 6.3260341 9.221282
v -6.314446 -3.1437159 24.045876
v -6.3111162 23.172012 6.6654763
v -6.3047872 0.39219287 3.8484216
v -6.2767749 28.648525 30.42873
v -6.2737198 4.0016131 0.060839154
v -6.2692556 4.4807215 3.9652085
v -6.2633882 19.56617 63.554043
v -6.2577043 28.491226 41.551601
v -6.25424 29.851145 11.555155
v -6.1872349 23.113104 1.1153105
v -6.1852107 9.6632462 62.249664
v -6.1834359 12.239923 9.8219881
v -6.1821241 27.972645 46.139191
v -6.163065 27.85721 50.419632
v -6.1450901 27.365387 53.657097
v -6.1389699 -4.1240211 20.069651
v -6.1275482 -1.7618012 42.334969
v -6.1247301 1.7782656 -0.019939227
v -6.1127505 5.9713774 63.006927
v -6.0858059 25.698906 58.960281
v -6.0776739 28.494789 33.069672
v -6.061625 5.0749993 6.8384204
v -6.0486603 17.11479 62.63522
v -6.0446873 -1.7411234 29.999517
v -6.0423484 30.566416 13.270363
v -6.0419097 2.0864182 62.448788
v -6.0411925 -1.5148607 50.331299
v -6.0289512 1.3476678 61.670479
v -6.0257373 8.2507057 9.8222055
v -6.0253735 27.344551 0.82225996
v -6.0188894 13.899958 61.98888
v -6.005723 0.41859123 2.8756063
v -5.9909964 15.530358 62.237209
v -5.9838676 27.551346 1.5274371
v -5.9811516 5.0840936 0.90796036
v -5.9778829 5.0929551 2.0459034
v -5.9699411 26.029657 0.38394228
v -5.962851 0.19678214 1.218618
v -5.9540777 27.694139 4.7649088
v -5.9427433 31.674408 19.491652
v -5.9391727 17.727217 10.109026
v -5.8884587 -0.92650229 54.386063
v -5.8859754 23.116331 5.1612401
v -5.8594384 -1.328559 52.399761
v -5.839757 24.902224 61.398479
v -5.8341799 29.683363 27.12981
v -5.8317719 -1.5475081 44.830254
v -5.8197527 -0.4633733 5.6317186
v -5.786324 23.432196 0.55052364
v -5.7828403 0.73687643 60.230804
v -5.7788353 4.7404547 62.835812
v -5.777669 5.6577001 7.5932169
v -5.7527943 -1.7039028 32.732559
v -5.7329926 19.877712 9.7553453
v -5.7183342 0.2295022 0.48864219
v -5.717587 21.856791 63.431641
v -5.7061696 -1.4676391 8.4701805
v -5.7028642 22.234863 7.5294747
v -5.6987762 22.89728 3.7556551
v -5.6944947 3.0754852 62.559494
v -5.6621547 -2.9159935 11.789298
v -5.6583171 4.0210361 62.679192
v -5.6504669 -4.4240651 18.725107
v -5.6501803 31.418823 16.700897
v -5.6468773 31.09446 22.724493
v -5.636158 27.98477 47.379681
v -5.6345568 11.143019 61.817921
v -5.6332645 27.531052 3.3770688
v -5.6229672 18.777744 62.815964
v -5.6029143 24.382509 61.888924
v -5.5944915 15.262614 9.3254147
v -5.5879707 29.104858 8.6256504
v -5.5877709 5.0645571 4.0736146
v -5.5765333 21.435276 8.4875069
v -5.5749578 28.797239 31.291592
v -5.4763041 22.643251 1.5383756
v -5.4690704 28.652433 37.579815
v -5.4689679 30.343185 25.56834
v -5.4587893 -3.4735475 13.447303
v -5.4370899 5.2120366 5.5877919
v -5.435184 27.193001 54.257851
v -5.4258041 7.7207599 9.0111504
v -5.4182034 -2.6867561 26.857355
v -5.4109278 -0.65752578 55.283508
v -5.4068727 20.669205 8.9684715
v -5.4029913 7.5922046 62.146008
v -5.3928976 30.885324 13.237164
v -5.3467703 6.8039289 8.3921957
v -5.3398938 -1.562776 46.514278
v -5.3296957 1.1519412 60.420124
v -5.2926908 22.418781 6.3724127
v -5.2795801 26.344494 56.652328
v -5.2718921 0.14268968 57.770355
v -5.2717433 31.865131 18.581869
v -5.2701688 27.8265 4.3078995
v -5.2679939 27.93626 50.708752
v -5.2222776 12.953613 61.567501
v -5.2083282 5.3915944 1.4805542
v -5.2032404 -1.522603 51.182709
v -5.1993799 23.015554 62.593708
v -5.191927 19.606817 62.669308
v -5.1898026 25.555073 58.773434
v -5.1807737 5.3236265 3.2242308
v -5.1733866 8.8412743 61.813293
v -5.1710777 0.066048428 3.5281541
v -5.1633921 28.854557 34.351654
v -5.1534295 28.297276 44.039787
v -5.1389198 29.456398 28.949959
v -5.1195374 28.723593 39.941139
v -5.1146641 -4.3789062 17.226398
v -5.1077337 -3.9224911 22.678043
v -5.1053176 0.19334325 2.3530772
v -5.1049309 2.5508306 61.523968
v -5.0929198 9.4845028 9.1706409
v -5.0767059 27.016964 0.72033072
v -5.0601664 24.988543 59.96167
v -5.0579462 10.665437 9.1133862
v -5.0567026 -2.0525486 34.671986
v -5.0289593 14.779676 61.636921
v -5.0248685 3.1333075 0.13821515
v -5.0143628 26.175596 0.48076758
v -5.0080905 22.46559 3.7312386
v -5.0031323 -1.2520026 52.875614
v -5.0001588 16.991034 62.014675
v -4.9928727 30.038504 10.423864
v -4.9899402 -1.9642329 31.256254
v -4.9876595 31.923784 20.452042
v -4.9763727 0.13891642 1.0454443
v -4.9609852 -1.9174819 8.6894703
v -4.9547687 5.7618079 61.930988
v -4.9372196 0.36131737 58.043518
v -4.9311719 0.82924521 0.11463102
v -4.9154224 28.14308 46.081146
v -4.9019194 22.371792 5.1017489
v -4.8879237 27.61371 3.019865
v -4.8862009 4.9568167 0.13137376
v -4.8844299 19.712173 8.92377
v -4.8837819 27.508196 1.5579131
v -4.8564687 -2.1846344 30.003408
v -4.8449845 -2.0343752 40.505672
v -4.8423605 16.913496 9.0434685
v -4.8397684 23.235094 62.005966
v -4.8172631 28.950474 35.207718
v -4.8123093 28.924013 32.338711
v -4.8014927 23.855244 61.400753
v -4.8008342 10.136192 61.416645
v -4.7848105 -4.6534672 19.810274
v -4.7730689 -1.9628234 37.626663
v -4.7458882 14.821032 8.6212692
v -4.737452 23.007755 0.44152462
v -4.7265759 -1.74296 43.756081
v -4.7026453 29.159161 7.7211037
v -4.7026262 4.4192271 61.597675
v -4.6477456 27.899334 51.280491
v -4.6283512 32.099453 18.939848
v -4.6203499 -1.7386287 48.2178
v -4.6109958 -3.7533033 13.216916
v -4.6078978 31.311241 23.210796
v -4.5767117 -3.5482631 24.828121
v -4.5752616 12.646117 8.4849892
v -4.5251322 3.4381781 61.178909
v -4.5128136 5.6295257 4.7445617
v -4.4550009 28.333874 44.496086
v -4.4515119 27.77791 3.689646
v -4.4304748 0.13622056 2.9613764
v -4.4293375 19.30628 61.875603
v -4.4123206 0.60535878 57.95821
v -4.410821 31.495323 14.697866
v -4.4060202 6.0017648 6.066062
v -4.4012933 22.393101 1.7627475
v -4.3987207 -1.8723048 8.0640383
v -4.3796349 28.814007 6.5615497
v -4.3703232 27.631985 52.616272
v -4.3614826 -3.1686199 11.146353
v -4.3501225 30.595671 11.22565
v -4.2959871 12.433028 60.989853
v -4.2947412 29.455805 29.92329
v -4.2936602 27.567591 3.1678531
v -4.293582 0.32469478 1.9836797
v -4.2618227 -4.4424686 16.370956
v -4.2385831 5.2752714 0.59464139
v -4.2363758 21.411419 61.675926
v -4.2330055 18.251295 8.6356306
v -4.228725 26.132517 0.70265567
v -4.2235088 0.98495048 58.426773
v -4.2195644 1.5768305 59.352844
v -4.2031331 -0.99298823 53.588333
v -4.1916366 22.610296 0.95738435
v -4.1886768 -3.0628009 26.965662
v -4.1701069 17.674011 61.436295
v -4.1461759 7.4923272 61.14122
v -4.1453047 4.988194 0.28260106
v -4.1385045 23.050653 0.53925216
v -4.1249523 25.685047 57.421246
v -4.101655 22.191954 3.6137111
v -4.0926895 6.8964486 7.126246
v -4.0839686 14.148464 60.935242
v -4.0694933 8.92241 8.252471
v -4.0655599 25.215103 58.212486
v -4.0055881 1.2539449 0.34743538
v -4.0033531 0.71766061 1.0050602
v -4.0007949 24.357349 59.445393
v -3.9851956 2.5691683 60.078289
v -3.9836798 31.285761 13.041902
v -3.9627936 21.991285 4.6189289
v -3.9469323 5.6447968 3.1739388
v -3.9447148 -1.8260678 44.565907
v -3.9352837 -2.2855325 34.86858
v -3.9334552 15.869036 61.013626
v -3.9308631 -4.8647518 18.276428
v -3.9209459 22.60351 60.976631
v -3.9158027 30.954582 25.16258
v -3.9140162 -0.47655696 54.919571
v -3.8974209 21.72316 5.4948683
v -3.881098 28.269779 48.661758
v -3.8669941 29.144274 35.16806
v -3.8598769 28.865801 41.152065
v -3.8493788 3.2477956 0.49486989
v -3.8275523 30.133987 27.837048
v -3.8239632 0.35333264 2.8048677
v -3.7678673 -0.34635624 4.0915794
v -3.7657759 29.524132 8.1319857
v -3.7513914 26.911245 1.6546059
v -3.7377305 10.481874 60.607979
v -3.7276063 19.886488 61.125732
v -3.706996 -4.9000106 19.847403
v -3.7035806 27.390945 3.2376788
v -3.6996057 26.133348 0.99091601
v -3.6483943 32.24625 18.569695
v -3.6301243 -1.5437913 7.0138965
v -3.5632942 -2.3197811 32.392548
v -3.5623691 -2.149694 37.385654
v -3.5510499 -4.2126908 23.34853
v -3.5199189 28.126253 4.6276627
v -3.5023956 1.6555896 0.70337194
v -3.4869456 31.932354 16.378536
v -3.4777427 10.663319 8.0522842
v -3.4471905 28.948112 38.092285
v -3.4397454 4.93155 0.64001375
v -3.4395721 26.888752 54.262939
v -3.4314046 5.6513186 2.9820545
v -3.4158545 21.061384 6.2938461
v -3.408669 29.499943 30.755013
v -3.4069872 6.0088854 4.3832726
v -3.3962045 27.622021 52.343185
v -3.389545 -2.3866787 8.7650385
v -3.3741331 23.158106 0.89988112
v -3.3724148 16.43471 8.0042095
v -3.3600643 7.4944382 60.41153
v -3.3563828 -1.4161063 51.577904
v -3.354449 29.300282 32.354446
v -3.334537 12.233956 60.251183
v -3.3258305 13.38889 7.6994658
v -3.3215051 32.315559 20.381542
v -3.2861338 -2.1540041 38.586136
v -3.2732141 15.019972 7.7563906
v -3.2614994 10.75881 60.202621
v -3.2530539 0.87923443 57.018646
v -3.2527955 22.259703 2.7322454
v -3.2465563 -2.8843226 28.499903
v -3.2195067 0.67300713 3.0170121
v -3.1848416 22.660843 1.6780379
v -3.1836095 -4.1461101 13.527507
v -3.1524117 29.169964 7.2023911
v -3.1300437 23.87216 58.833702
v -3.1103427 23.297972 59.324036
v -3.0956564 6.7516909 5.6103921
v -3.0852096 -2.4650738 31.152685
v -3.0843475 24.898043 57.556602
v -3.0659399 -2.371979 35.310509
v -3.0569947 8.3365774 7.1049333
v -3.0564101 -3.9943919 24.704241
v -3.0498326 25.702917 1.6460181
v -3.032372 28.992243 40.436867
v -3.0179203 3.6290538 1.0804477
v -3.0078864 21.902437 3.9882748
v -3.0018954 26.801661 3.2105875
v -2.9845884 29.936007 29.147491
v -2.9730573 -1.1486955 6.0750542
v -2.9689178 21.267725 60.026337
v -2.9491014 -2.0530298 46.686832
v -2.9483223 19.36096 7.229249
v -2.9439039 -4.5313697 15.651735
v -2.9405468 4.2939558 59.677765
v -2.9274566 20.262728 6.6021271
v -2.9208937 26.317745 55.045074
v -2.9187279 28.383255 48.575024
v -2.9178076 28.076866 50.415653
v -2.9173307 18.02383 7.6391406
v -2.9103363 29.251797 35.613914
v -2.908695 28.727407 6.2307901
v -2.879441 15.149871 59.968773
v -2.8575993 24.319336 1.5238359
v -2.840764 28.559649 46.40984
v -2.8089347 -2.6654222 29.937994
v -2.8066547 -2.0196788 47.630737
v -2.8034601 -0.5393343 53.71833
v -2.8018365 31.809725 14.598356
v -2.7904155 -3.8289218 11.985193
v -2.7540634 10.111952 7.5068588
v -2.7303624 1.6883824 57.552479
v -2.7140675 4.6771374 1.4610484
v -2.7042861 -3.5971401 26.278223
v -2.6908321 20.648893 5.9875016
v -2.6870596 5.8637376 3.5470972
v -2.6648574 30.475941 27.546089
v -2.6560657 21.365559 4.9395704
v -2.628907 -2.4750652 33.998329
v -2.6241598 31.520147 24.443096
v -2.6218963 23.121178 1.9417878
v -2.6197562 -0.18356943 4.6536574
v -2.6139433 31.642694 13.289912
v -2.6095383 12.898709 59.633465
v -2.5768905 16.969923 7.539299
v -2.5479283 7.76403 6.1438503
v -2.5331848 -3.1361361 27.944086
v -2.5262549 28.34687 49.034248
v -2.5253015 2.9148741 1.8391351
v -2.5123467 -2.2832401 40.671211
v -2.4938512 6.8406019 5.1227698
v -2.4871619 -1.6256582 7.0730786
v -2.4452581 28.996571 41.818237
v -2.4047933 6.4942217 59.438927
v -2.3984799 -1.9400361 48.620174
v -2.393322 1.7952219 2.8919239
v -2.3440678 2.51632 58.015953
v -2.3167109 29.499962 32.580967
v -2.3151028 22.408213 3.3318248
v -2.2901638 22.121443 3.7294812
v -2.2891378 5.5490632 2.8965509
v -2.2737236 -4.8327498 21.634228
v -2.2587845 19.437651 6.5828338
v -2.2584529 28.253906 5.8023806
v -2.256058 1.1666695 3.7889934
v -2.2334549 27.969179 50.616058
v -2.2219157 31.169807 11.419962
v -2.2208407 19.073711 59.26651
v -2.2149808 11.328933 7.2595944
v -2.1958115 27.865301 5.3470135
v -2.1814799 -2.287843 42.19939
v -2.1787226 -4.4402199 23.653303
v -2.1647544 -0.18277161 53.782539
v -2.1523514 3.3941202 58.434021
v -2.1431196 -0.89692599 6.0092769
v -2.1353273 0.48729378 4.5269122
v -2.0978849 26.530369 4.2824883
v -2.0900874 -2.4870844 34.790634
v -2.0783939 15.88192 59.151833
v -2.0775275 30.464031 9.703722
v -2.0664825 0.73283511 55.345669
v -2.0413418 29.061279 7.1731138
v -2.0331018 25.764093 3.7716527
v -2.0126655 22.336483 58.316753
v -2.009959 29.381201 35.009369
v -1.9786642 26.454159 53.772743
v -1.962314 24.850615 3.3905745
v -1.9427277 25.728245 55.023544
v -1.9116367 13.605583 58.943924
v -1.9007136 32.11235 22.39711
v -1.8916153 21.562366 4.5039687
v -1.8882099 9.4911222 6.7006836
v -1.885465 13.725836 6.932353
v -1.8852155 10.233522 58.937218
v -1.8691664 -2.6451359 31.21269
v -1.8600941 16.470871 58.900616
v -1.8599088 5.9981818 3.6314576
v -1.8552862 -3.4488132 10.509704
v -1.8471047 -3.0010486 9.5329657
v -1.8450423 -1.8870852 48.74633
v -1.830326 -2.2908955 37.115902
v -1.8151827 8.6405334 6.2042866
v -1.812174 20.025579 5.9227481
v -1.8114743 20.052788 58.617886
v -1.8053256 3.360585 3.0945263
v -1.7595903 -1.4125584 50.434872
v -1.7569916 29.053637 37.800873
v -1.7422636 23.996532 3.6560419
v -1.7182428 27.239567 51.903336
v -1.6814698 18.704342 6.5993719
v -1.6763519 -5.2118597 19.776239
v -1.6675867 5.743084 58.572517
v -1.6402458 20.603111 5.3820744
v -1.6327794 28.758915 46.008976
v -1.6254237 32.533497 18.840651
v -1.616673 22.832211 57.515888
v -1.601115 4.853282 3.3901889
v -1.594366 3.995743 58.057903
v -1.5880485 -2.9548688 29.090652
v -1.5571163 8.3856668 58.594067
v -1.5565785 27.198238 5.4685121
v -1.5519866 22.81769 4.1325264
v -1.5480411 -0.30268058 5.7869563
v -1.5426065 30.384548 28.22822
v -1.5340327 17.649387 6.8521562
v -1.5337951 29.019436 43.152641
v -1.5197046 -4.0868111 25.173813
v -1.5067657 1.8548474 4.3392782
v -1.4627475 10.546308 6.7855344
v -1.435817 7.1284165 4.8645582
v -1.3867713 16.525448 6.923779
v -1.3736378 25.130936 55.179939
v -1.370069 -0.96828771 50.915672
v -1.3575178 6.2476196 4.1309347
v -1.3282979 31.43441 25.268158
v -1.2994894 31.580582 12.434756
v -1.2900892 27.855261 50.153904
v -1.2654145 -1.8791211 7.7585425
v -1.2444326 29.69927 31.484589
v -1.2410913 29.152122 41.481014
v -1.2396792 -4.2282991 12.664181
v -1.2343254 21.959101 4.7916241
v -1.2326854 -2.3347433 38.571556
v -1.2287467 20.783348 57.682537
v -1.2162943 -2.1825371 46.774811
v -1.20996 4.5695372 57.806095
v -1.208661 29.39679 34.9366
v -1.203896 28.746653 46.384338
v -1.1970737 -3.3783665 27.477001
v -1.1965865 -2.391443 44.861137
v -1.1838806 23.373077 4.5294938
v -1.1724638 30.418444 9.5409431
v -1.1576113 28.73135 7.1428523
v -1.1544101 15.227453 58.087837
v -1.1411515 31.075237 10.957822
v -1.13676 -4.9715419 21.55102
v -1.1351357 28.330305 48.593216
v -1.1197895 25.603838 5.1348238
v -1.1185292 29.970459 29.874733
v -1.1011281 20.935329 5.2512989
v -1.0904143 -2.4786386 43.360519
v -1.079821 32.533119 20.827734
v -1.0418742 0.77140927 54.068775
v -1.004654 31.945351 13.993916
v -1.0037334 -2.478828 41.288311
v -0.99003541 24.63578 55.265648
v -0.93789178 8.481142 5.6927667
v -0.901568 -5.1989384 18.104576
v -0.86357087 0.70682096 5.7417784
v -0.8622179 11.36029 6.5991693
v -0.82750189 21.56226 56.907768
v -0.82578611 28.23012 6.9417787
v -0.76610529 25.859056 53.227638
v -0.75707138 19.839914 5.8011279
v -0.74664116 23.66239 55.820114
v -0.72320914 -2.7486811 30.719255
v -0.7206881 30.371819 28.275827
v -0.70673889 -4.5581293 23.518551
v -0.70144314 3.6062837 4.6695628
v -0.69063127 -2.5598512 33.932594
v -0.65378112 22.954973 5.1694679
v -0.59785211 -3.1622162 9.8632698
v -0.58292246 26.091461 5.9743638
v -0.56960189 6.4664478 4.5938244
v -0.55289519 10.33195 57.528881
v -0.53817081 18.807356 6.1405993
v -0.52869898 5.5942822 4.6713524
v -0.51347989 -2.1299653 46.713303
v -0.51285684 15.715921 57.288406
v -0.50610983 10.194243 6.292069
v -0.50416726 8.582201 57.449184
v -0.50046688 21.549507 5.3581886
v -0.49463856 31.921474 23.538082
v -0.47451141 30.215715 9.3675165
v -0.47428101 -4.9388404 16.093971
v -0.42284662 31.370792 11.9858
v -0.42105937 -3.8353229 25.946308
v -0.41863877 32.671368 19.463249
v -0.41332442 -5.239418 20.068445
v -0.40503377 29.042107 44.090759
v -0.3945812 2.4632185 5.568861
v -0.38059843 26.799273 51.082436
v -0.37271142 -2.5596616 42.306187
v -0.30934665 24.329964 5.9690418
v -0.30492577 28.805019 45.754238
v -0.30449289 22.339462 55.904251
v -0.29516622 12.522532 57.189003
v -0.27828786 29.205345 41.999718
v -0.2497012 7.147553 57.090549
v -0.23121151 17.836412 56.735298
v -0.22674781 13.688154 6.1871543
v -0.22263028 31.335171 25.416636
v -0.20994474 8.3389711 5.463675
v -0.17065161 16.646051 6.4000444
v -0.16301084 -5.2996678 18.672562
v -0.14748184 29.117851 38.045204
v -0.14198153 30.837978 10.576532
v -0.14152566 27.63101 49.416389
v -0.12517542 29.208267 40.41185
v -0.080221385 -3.0279169 28.696335
v -0.078613125 -0.88091469 49.549789
v -0.06584426 -4.5743051 13.860756
v -0.036987457 26.914455 6.9127841
v -0.029609833 -2.5439985 43.516167
v -0.021083508 17.770683 6.2617521
v -0.018811304 32.165699 14.755254
v -0.01061119 -4.3426309 24.19141
v -9.1552625e-05 20.845514 5.501389
v 0.018419636 29.858421 30.284952
v 0.033072725 22.991554 5.7589641
v 0.076566093 -4.113986 12.618991
v 0.11043053 -1.9707755 46.799641
v 0.15151581 3.8104494 5.3719692
v 0.16229066 32.494347 17.315947
v 0.16405466 -1.0709624 7.9425611
v 0.19160227 -2.5854506 9.3466597
v 0.21037193 30.228741 28.466705
v 0.22578757 -3.0794313 10.038076
v 0.26843563 23.234211 54.71698
v 0.28013027 28.626783 46.137562
v 0.2807259 31.810751 23.802185
v 0.2931785 0.70256948 51.983086
v 0.29703081 6.5800824 4.9078503
v 0.30768833 29.710217 31.244566
v 0.35149321 28.093639 47.954357
v 0.3679482 29.169821 36.686459
v 0.37649864 9.4046507 5.7698879
v 0.39714143 24.957235 53.075726
v 0.40583327 7.5815692 5.1553988
v 0.44484353 2.8152759 6.1294632
v 0.48749352 2.6524854 54.969059
v 0.48835969 14.511915 5.9638247
v 0.51284909 -1.5430136 47.562035
v 0.5386259 22.846996 5.9744601
v 0.55230284 31.398561 12.794068
v 0.55430442 -2.7815075 30.077925
v 0.56008685 24.558775 6.7381067
v 0.56645632 25.928438 7.1430392
v 0.57152152 31.15185 25.532391
v 0.58115858 16.047945 55.897667
v 0.59880936 20.146187 5.6818604
v 0.61897075 30.040371 9.8276529
v 0.63179314 25.574215 51.922043
v 0.6359089 -2.3535604 36.895008
v 0.64531243 -4.9228058 15.702448
v 0.67579472 11.181092 5.9914441
v 0.710774 29.479733 33.460587
v 0.72095263 21.414021 54.778801
v 0.75923085 0.24661465 50.563789
v 0.77736843 -3.2179987 27.38805
v 0.77910089 32.418228 16.810369
v 0.78172231 0.86522728 7.2583156
v 0.78298318 -3.9059572 25.017776
v 0.78505671 -2.5254169 33.889721
v 0.79339439 -2.391037 35.900543
v 0.83982587 -5.2324638 19.746296
v 0.84320474 29.020393 43.600151
v 0.86865157 24.297501 53.191479
v 0.87904662 -2.5969381 39.679642
v 0.88157606 30.542274 10.627652
v 0.88690799 5.0627761 5.3788285
v 0.89181656 -2.1424713 9.4517622
v 0.89236546 20.33197 54.819603
v 0.93362784 2.3913758 54.231518
v 0.93401784 32.453098 21.238859
v 0.96365857 21.235214 5.7583799
v 0.96632218 2.0650606 53.729057
v 0.99415171 29.192566 41.911148
v 1.0102692 -2.9365273 10.393652
v 1.036396 18.442677 54.987968
v 1.056632 -2.6614211 31.49124
v 1.0763066 27.730871 8.5237665
v 1.0829988 29.202801 37.334217
v 1.0990709 32.55714 19.409216
v 1.0994036 13.697516 55.48806
v 1.1015873 3.9738412 5.7428408
v 1.1120729 30.602633 26.702942
v 1.1135998 28.716904 9.2356558
v 1.1295662 32.039501 14.850927
v 1.1416317 -2.4797125 42.926476
v 1.1995018 -5.0538263 21.087597
v 1.2440196 -5.0604038 17.204483
v 1.2658957 18.496431 5.8839211
v 1.2723006 -3.7066181 12.532299
v 1.281455 24.372498 6.9740405
v 1.2881676 2.3658888 6.8053393
v 1.3414116 6.6681581 5.1188955
v 1.3676615 31.104921 25.009638
v 1.4398472 29.273994 38.751434
v 1.4543355 26.96806 8.4409943
v 1.4831064 0.034514472 49.429657
v 1.5127219 28.577187 44.742004
v 1.5219419 22.882189 6.1651297
v 1.5354073 5.7026706 54.823849
v 1.5363276 -2.252326 43.441299
v 1.5542486 -2.5791392 40.233818
v 1.5949076 9.8931179 5.6234288
v 1.6388453 30.881948 12.762942
v 1.6435285 -2.7614207 29.468122
v 1.6528406 28.092516 46.006104
v 1.6624349 8.3113117 5.3417225
v 1.6888362 25.878359 50.347897
v 1.6979681 29.373781 34.77388
v 1.7099199 -4.4760342 14.440318
v 1.7483839 22.493013 53.073166
v 1.7541529 17.274151 5.7775497
v 1.7685881 -4.7816372 21.802534
v 1.769593 32.345501 17.908365
v 1.7801282 11.627731 54.819954
v 1.7897067 3.1905799 6.4458504
v 1.8014448 -3.2313094 26.37702
v 1.8022645 23.580219 52.512032
v 1.8761759 29.833225 28.867149
v 1.8779349 7.4822297 54.648026
v 1.8872572 31.969925 22.568588
v 1.9021094 3.8718123 53.962128
v 1.9094449 0.49193358 8.3267202
v 1.9333191 32.206532 21.773876
v 1.9668633 31.815903 14.869716
v 1.9686396 25.741974 8.0743141
v 1.9743129 -5.0345082 19.974564
v 1.994692 29.678761 30.962269
v 1.9993479 9.3366127 54.606956
v 1.9996148 5.3529401 5.423418
v 2.008889 -3.2293854 12.499999
v 2.0754805 -4.8331943 17.052959
v 2.0762296 17.839554 53.787575
v 2.0811324 19.361666 5.7009115
v 2.0865705 15.777588 5.5271168
v 2.0875654 -4.0864911 13.990909
v 2.125675 -4.8405724 20.958128
v 2.1372919 -2.9541647 27.308445
v 2.1496429 29.967569 27.826159
v 2.1517024 -2.6788545 31.351227
v 2.1895721 6.9139819 5.1768951
v 2.2134244 13.2163 5.3283086
v 2.221611 32.246346 20.603811
v 2.2268157 -0.72798115 9.3874931
v 2.2579019 20.473991 5.6875615
v 2.2837007 15.06492 53.975365
v 2.285094 -0.028551813 48.490093
v 2.2962105 28.107149 9.8622837
v 2.3047056 24.990602 50.829327
v 2.3140442 24.339626 51.414219
v 2.338346 21.932577 5.9544978
v 2.3434799 -3.5478206 24.421402
v 2.4083221 10.941208 5.4043903
v 2.4333992 32.073326 17.56041
v 2.4421136 -2.4578161 40.43763
v 2.4494829 28.984661 41.542336
v 2.4530566 -2.8391147 27.823565
v 2.4692128 -1.439643 10.219476
v 2.4889374 1.9152769 51.387985
v 2.4993279 30.272943 26.208612
v 2.5209212 27.36985 9.4344845
v 2.5375819 28.959257 10.822145
v 2.5417404 29.732468 29.459515
v 2.5498023 -4.2656722 14.954588
v 2.5530875 31.605169 15.148055
v 2.5557618 24.519331 7.4143381
v 2.5907013 -0.46782082 47.104145
v 2.5996993 -2.5898454 34.504093
v 2.6434517 23.65951 6.7783952
v 2.6535115 -2.6558557 37.742374
v 2.69807 -4.5129528 16.523045
v 2.728313 29.652554 31.566277
v 2.7362175 29.385042 38.008064
v 2.7595391 1.7972399 7.8627448
v 2.7638299 26.837399 47.556183
v 2.8628957 20.962502 52.153645
v 2.8658333 30.53879 24.809723
v 2.8780582 -1.7320293 11.095634
v 2.8811905 1.496946 50.291313
v 2.9081178 -0.99038941 45.233612
v 2.9403319 27.489594 45.688618
v 2.9407661 26.254427 48.55476
v 2.9524994 5.5405006 53.220608
v 2.9561284 31.776047 17.383593
v 2.9816313 29.253309 11.82181
v 3.019079 29.774288 12.831808
v 3.019599 -4.3902369 19.169912
v 3.0467749 17.028423 52.814327
v 3.0605316 14.098175 5.0112977
v 3.0754647 8.4364166 5.2443705
v 3.0772023 -2.7521627 28.881386
v 3.1264303 25.721535 49.185131
v 3.1290381 8.9488707 53.381073
v 3.1290705 11.517121 53.348
v 3.1551883 3.2804739 6.708837
v 3.1645205 7.0712867 53.22242
v 3.1679983 29.226809 39.535378
v 3.1899245 22.832359 51.178806
v 3.210175 29.5198 34.200279
v 3.2290161 31.579571 19.667542
v 3.2323728 19.174282 52.171989
v 3.2358181 4.3049188 52.64571
v 3.2503808 2.792068 51.775421
v 3.2940814 18.702877 5.4576807
v 3.3188915 28.677788 41.529339
v 3.3311815 15.115651 4.9741125
v 3.3506718 -2.0822308 40.78281
v 3.3635049 -2.704951 32.142891
v 3.4042189 -1.619084 42.428089
v 3.4243054 13.535389 52.893452
v 3.4253883 -3.0783124 24.893253
v 3.4631252 28.164307 42.997879
v 3.4948843 22.595663 6.0450296
v 3.498909 13.014843 4.8227038
v 3.5159841 24.059433 50.289566
v 3.5243559 5.6975851 5.3278251
v 3.5354762 -3.4358461 22.997986
v 3.5393314 27.55197 10.005748
v 3.551796 29.552448 35.751438
v 3.5653737 9.5561571 5.1528358
v 3.58357 17.813265 5.2695336
v 3.6050849 -2.6216812 37.709202
v 3.606319 -1.2827033 10.972022
v 3.6073306 -3.8572962 21.290117
v 3.6126525 2.2234542 50.588905
v 3.6180704 -0.61635566 10.069018
v 3.6447299 20.5382 5.5574465
v 3.6500545 4.3510003 5.8926768
v 3.6632438 -2.9144068 14.251708
v 3.6687558 3.5012915 51.833164
v 3.6738451 26.82711 46.416714
v 3.6834838 5.066586 5.5312581
v 3.6923709 -3.9505663 20.391464
v 3.6937287 0.22823162 9.2996397
v 3.7256949 28.984964 39.96537
v 3.7705882 30.258001 14.678137
v 3.7890205 0.51834738 48.004566
v 3.7962651 -3.4381392 15.622328
v 3.8096232 6.7479391 5.1297731
v 3.8113256 29.215067 12.635015
v 3.8241596 28.300608 10.949013
v 3.8494811 29.76322 29.168119
v 3.8611755 -1.0313207 43.649536
v 3.8873796 -2.3105822 39.207306
v 3.8923762 31.076897 21.229116
v 3.9010644 16.184965 4.8835201
v 3.9448109 16.078888 52.028511
v 3.9810994 -0.41518724 45.381527
v 4.0061164 29.996719 25.451868
v 4.0168867 29.874102 26.726978
v 4.0182319 30.656719 22.564259
v 4.0400367 -3.6137545 17.564375
v 4.0419283 -2.7845397 34.222282
v 4.0455847 1.9244459 8.0480375
v 4.0494533 18.62241 51.409184
v 4.0761576 23.368177 6.5591307
v 4.0946884 -2.7732239 30.073427
v 4.1058965 28.225704 41.90086
v 4.1288519 27.434095 44.274109
v 4.1301517 -2.9799912 24.286697
v 4.1325722 30.95182 18.711512
v 4.1443629 24.954533 7.9432468
v 4.1451492 29.727974 31.54278
v 4.146081 25.110756 48.900974
v 4.1468339 27.226711 9.8765574
v 4.1647172 -2.4755642 13.89409
v 4.1850953 30.996538 20.478163
v 4.1939654 30.507519 16.013454
v 4.2011862 29.60816 35.81673
v 4.2147837 23.43836 49.817566
v 4.2384357 8.1940041 52.25071
v 4.2480583 9.5408239 4.9578481
v 4.2660475 21.89642 50.288391
v 4.3129725 6.4885564 52.040844
v 4.319767 8.1666288 5.0652742
v 4.3496017 -2.900002 24.783989
v 4.3721576 10.890576 52.153458
v 4.3836432 30.159647 23.755787
v 4.4049726 13.667838 51.929203
v 4.4051981 -3.1762347 16.137373
v 4.4135437 30.589914 17.060343
v 4.4185033 -1.0392995 11.039535
v 4.4389739 28.739639 11.918308
v 4.4489388 -1.34491 41.752411
v 4.5221624 3.8137317 6.4040284
v 4.5317578 -3.5410392 19.507811
v 4.5333986 30.016853 15.000415
v 4.537704 -2.8505383 25.998476
v 4.5395174 29.546869 36.372116
v 4.5825605 -1.8871938 12.870367
v 4.6006136 4.9752383 51.472992
v 4.6901174 2.9553306 50.359093
v 4.7197609 -2.5546899 14.52686
v 4.7224083 29.703176 34.038338
v 4.7415209 29.891211 25.662333
v 4.8137732 -1.6518393 40.318375
v 4.8780661 -2.7322388 35.655495
v 4.909482 11.530313 4.3820724
v 4.9207883 25.68861 47.553368
v 5.0001154 -2.8319545 34.067356
v 5.0267396 29.887207 27.977871
v 5.0401292 -3.2172229 18.163118
v 5.0524788 0.336472 9.4819336
v 5.0895982 19.941628 50.021854
v 5.0912938 26.877821 9.6213531
v 5.1146159 24.495367 48.440281
v 5.134212 26.054861 46.687958
v 5.136972 1.8883288 8.1312275
v 5.152348 1.419785 48.16106
v 5.1542492 -2.7972851 15.757048
v 5.1625738 24.465605 7.3917217
v 5.1766019 -0.32521564 10.219706
v 5.1796207 30.064074 15.733368
v 5.1869988 28.11125 41.038601
v 5.2239237 -2.8078747 24.724003
v 5.2676888 28.002979 10.86353
v 5.2821903 -1.4240123 12.074705
v 5.315906 28.624743 11.830936
v 5.3164587 0.56653553 46.552601
v 5.3269744 -0.54007989 43.578186
v 5.3350768 29.517202 35.860153
v 5.367291 -2.510545 36.619617
v 5.3897414 23.02265 6.1775112
v 5.443604 18.561529 4.8289318
v 5.4827828 25.222307 47.613518
v 5.484942 -3.0584717 20.58042
v 5.4997597 30.360195 18.759146
v 5.5082574 20.92407 5.2747092
v 5.5092511 29.334419 36.707249
v 5.5194397 15.619426 50.658482
v 5.5227556 30.205597 16.972752
v 5.5560155 8.4253769 4.7292547
v 5.5623498 17.853809 50.135914
v 5.5676193 22.888247 48.686615
v 5.5696645 30.218544 21.383545
v 5.5735946 29.608543 14.308703
v 5.5905709 9.5936689 51.11132
v 5.6137171 -2.8798289 31.572693
v 5.6260891 -2.8668349 28.45919
v 5.6322608 29.855909 31.360649
v 5.635222 7.0845613 4.930738
v 5.6502767 14.022821 50.791264
v 5.655818 -2.0352042 13.580915
v 5.6633768 7.3931007 50.945995
v 5.667778 -2.856981 21.404619
v 5.6849952 5.1505866 50.504963
v 5.7015629 28.592676 39.278233
v 5.7342644 -2.0606637 38.095238
v 5.7652397 27.054152 43.795513
v 5.7799597 26.45483 45.2897
v 5.8768163 14.358596 3.8162055
v 5.922894 -1.4640759 39.892036
v 5.9423094 29.170513 13.123905
v 5.9496322 -0.79667175 11.025825
v 5.9518409 30.1796 20.186695
v 5.9705391 29.803284 23.235914
v 5.9843287 4.8764291 5.6153283
v 6.0250006 11.836901 50.714485
v 6.0326395 29.827866 32.194321
v 6.0385127 3.881151 6.3330626
v 6.0795755 26.425064 9.0947485
v 6.0900841 -2.673332 22.330231
v 6.0959311 20.676609 48.917633
v 6.1000462 2.2730603 7.7206163
v 6.1020489 3.8746822 49.62175
v 6.1496811 21.974112 5.487946
v 6.1617908 -2.2679999 14.605844
v 6.1788759 6.485723 50.388229
v 6.2224059 27.446817 42.293175
v 6.2566853 6.3933325 4.9602628
v 6.2567558 29.948729 21.350883
v 6.275104 0.75149268 9.1293774
v 6.3178978 -2.7999547 19.235781
v 6.3562369 15.558298 3.7950919
v 6.3624716 29.439503 34.884521
v 6.4213486 -2.6744721 17.326504
v 6.428864 29.78261 23.356216
v 6.4302568 -2.8723035 29.506941
v 6.4445806 -2.4249411 15.510454
v 6.4456763 25.40344 46.690956
v 6.4469142 2.1441426 47.896042
v 6.5043883 11.448599 3.7537942
v 6.5086861 29.980947 26.391808
v 6.5364289 28.268688 39.580666
v 6.5516124 16.614365 3.9473798
v 6.5602469 16.086943 49.799568
v 6.5625486 0.31588921 44.911221
v 6.5649667 13.329056 3.5270739
v 6.5681019 -2.8688381 26.54203
v 6.6110182 -0.011211237 9.9612484
v 6.6308036 18.219103 49.230423
v 6.6544094 29.761097 15.496819
v 6.6670728 29.851959 31.228107
v 6.6799045 29.673885 32.949818
v 6.6903 -0.64496487 42.096092
v 6.7215185 5.8319201 5.1194258
v 6.7253623 24.502796 47.090855
v 6.7348642 -2.82307 31.868067
v 6.73632 -2.6027312 33.512894
v 6.7382154 -2.6684866 20.341442
v 6.7480145 23.23546 47.583687
v 6.7808299 2.9802585 48.406178
v 6.8572049 -2.7013779 23.750805
v 6.877183 -1.4438446 12.218658
v 6.9260235 20.264593 4.7930851
v 6.9435172 13.692523 49.951221
v 6.9478841 25.067924 7.5720081
v 6.9698095 0.74862778 45.459461
v 6.9908686 1.5025579 46.544361
v 7.0074625 29.976973 26.963688
v 7.0385365 28.481617 38.426788
v 7.0671949 29.944136 18.869909
v 7.1266007 8.8417463 49.925659
v 7.1337204 28.821156 36.808281
v 7.1663141 29.889154 20.417404
v 7.2098985 -2.6055465 21.5298
v 7.2202439 -1.5977964 38.364868
v 7.2630115 17.623226 3.9901943
v 7.2644477 22.999454 5.8736839
v 7.2657223 -1.8474189 13.39393
v 7.2781711 -1.9781514 36.349922
v 7.3145542 29.71731 31.50618
v 7.316287 -0.768408 41.308868
v 7.3446488 29.411882 13.96172
v 7.3449335 22.712904 47.339756
v 7.4488606 -2.543788 18.540541
v 7.4572315 27.647141 40.971596
v 7.4720721 24.096567 6.5894465
v 7.5261946 20.175739 48.065819
v 7.5779471 7.7394676 4.345747
v 7.6293077 -2.7958279 26.453318
v 7.6485043 -2.0958049 14.693401
v 7.6566715 2.2700844 46.795418
v 7.6807923 17.974253 48.628052
v 7.7234325 29.798141 29.195488
v 7.7268801 15.611296 49.196327
v 7.7336926 26.885693 42.893471
v 7.7377243 11.308517 49.608059
v 7.7834945 3.0221419 6.8044934
v 7.8270602 29.60231 15.506527
v 7.9020977 29.01816 12.551877
v 7.9120626 -2.0641291 34.646515
v 7.9178247 25.789425 45.128475
v 7.9202275 6.4661112 4.7184105
v 7.9335032 29.844219 23.338566
v 7.9398446 0.12510273 43.459724
v 7.9554243 26.183191 44.424183
v 7.9614401 28.528788 37.298378
v 7.9684982 7.4847479 49.096786
v 7.9721603 29.891647 26.866119
v 7.9844899 14.322478 3.1160989
v 7.9891386 13.750573 49.366951
v 7.9963608 16.067791 3.4236012
v 8.0052109 4.723228 5.5473022
v 8.0062695 29.836853 18.867325
v 8.0361862 27.221161 9.6678333
v 8.0693989 -2.2624235 16.355471
v 8.0811634 3.2062931 47.203026
v 8.0812435 13.104943 3.0792539
v 8.0949678 24.781963 46.008774
v 8.0994205 -2.6951785 28.097763
v 8.1870346 28.452995 11.337152
v 8.2660961 28.950443 34.504471
v 8.2680988 -1.5469666 37.61351
v 8.2715721 10.371624 49.23991
v 8.2889977 20.373413 47.603287
v 8.3238068 -1.0426503 11.25124
v 8.395586 20.557808 4.5602155
v 8.4069386 -2.3804989 31.909395
v 8.4100904 23.116323 46.587379
v 8.4463329 29.502115 14.480264
v 8.4489717 21.317619 4.8523259
v 8.4646034 6.4546633 48.424637
v 8.4656973 29.298525 13.371387
v 8.4676228 -1.7763915 13.005659
v 8.4852228 1.5235144 8.0611067
v 8.4982033 -1.4812236 12.089654
v 8.5031147 5.3677921 48.00386
v 8.5390244 29.818447 24.08746
v 8.5472002 -2.3492942 17.133377
v 8.5487537 -2.0050595 14.159733
v 8.6409836 1.3090724 45.027538
v 8.6462402 4.4158883 47.396935
v 8.6493387 -2.5486164 19.4242
v 8.6656075 2.5219784 46.144035
v 8.6668262 29.75618 17.410885
v 8.6874809 -0.47921097 10.267442
v 8.6912708 29.84638 18.835489
v 8.7307405 -2.6031103 23.746094
v 8.7338982 27.990755 39.124825
v 8.7484455 -2.423522 30.415768
v 8.7494192 29.890347 20.157413
v 8.8053875 0.40039235 9.1395435
v 8.8135223 29.70821 27.344139
v 8.8574457 22.353733 5.3354702
v 8.9097881 12.091887 2.9954479
v 8.9532909 5.3459296 5.1006651
v 8.9707508 29.874428 22.009499
v 9.0322561 18.190659 47.931263
v 9.0450878 26.048861 8.2039661
v 9.0573549 28.957314 11.984773
v 9.095089 9.7197037 3.382035
v 9.1399441 29.276814 31.373207
v 9.1793518 20.895653 47.073956
v 9.1895027 8.8414164 48.429588
v 9.2028437 23.233528 5.8167334
v 9.2037773 25.931604 44.089539
v 9.2090282 -2.6249566 21.037518
v 9.230793 29.728027 25.18675
v 9.2552662 -2.4441772 17.450541
v 9.258894 -1.309826 38.091553
v 9.2786007 -0.84030855 39.967453
v 9.2939777 -1.5261765 36.834595
v 9.2993298 28.148535 10.495232
v 9.3228893 28.269451 37.478832
v 9.3298731 24.136253 45.700966
v 9.3357811 3.6476092 46.447262
v 9.3497105 6.1699009 47.688515
v 9.3868322 27.154179 9.2576447
v 9.4706964 -2.575877 23.113775
v 9.5117073 -0.45514372 41.046066
v 9.5172577 -2.1208153 32.338661
v 9.5503101 25.283262 44.712894
v 9.5744114 0.98115343 8.3089294
v 9.5847292 7.1721954 4.1088352
v 9.6017771 24.302076 6.5694194
v 9.6173668 -2.4783676 26.199799
v 9.6291485 28.992924 33.072426
v 9.6728621 29.825272 23.25248
v 9.7482262 -2.2861373 29.716011
v 9.8187408 26.286606 8.2614422
v 9.8233204 13.536555 48.503181
v 9.8301973 27.031443 41.501617
v 9.9160662 29.578541 26.446793
v 9.9278851 4.6062899 46.640182
v 9.9338932 4.2877755 5.5795407
v 9.9363155 15.411315 48.215195
v 9.9412222 18.371264 3.5228901
v 9.9540501 2.4113486 45.203026
v 10.021573 22.587427 46.199608
v 10.025982 2.4361448 7.0207744
v 10.031604 29.184443 31.102068
v 10.08931 24.505884 45.109924
v 10.134148 29.866737 17.090717
v 10.136753 5.6389728 47.024448
v 10.176056 -0.20043388 41.362152
v 10.182356 -2.1734686 13.615534
v 10.211353 10.468719 48.084717
v 10.213334 14.980095 2.7103376
v 10.254235 -1.8923914 12.24514
v 10.276161 29.765656 14.892126
v 10.309895 10.862273 2.8612304
v 10.32416 27.404428 40.247696
v 10.333715 18.782158 47.27243
v 10.354778 -2.5940688 23.844578
v 10.36099 8.3929472 3.441016
v 10.367731 7.4999957 47.503147
v 10.39024 -2.1426349 31.284416
v 10.418556 16.585251 47.759621
v 10.436763 29.60062 13.174384
v 10.451961 0.10527746 41.896259
v 10.47059 -2.4137223 26.736561
v 10.541247 13.092793 2.5148718
v 10.619804 30.03653 19.960991
v 10.632038 29.527351 27.121155
v 10.637671 28.308456 36.626987
v 10.664794 -2.531589 17.363752
v 10.666847 -2.249402 29.302937
v 10.685851 0.94247186 43.130417
v 10.733484 -1.8740644 33.816833
v 10.73387 25.03713 7.0096722
v 10.794593 3.8647223 45.760635
v 10.796518 29.973724 23.145824
v 10.891917 -1.2397391 37.569004
v 10.917561 29.385557 12.012349
v 10.920827 -2.3064675 14.404122
v 10.955905 25.438993 43.735748
v 10.96658 0.80875152 8.0151529
v 10.974702 -0.61432004 9.4811668
v 10.979522 -1.3645958 10.530724
v 10.985798 6.8117027 47.096371
v 10.9949 28.993105 32.686684
v 10.999533 29.022234 11.034776
v 11.03561 30.090021 21.629314
v 11.047015 19.790609 3.6833522
v 11.072561 28.167645 9.725769
v 11.082169 20.797129 46.531769
v 11.098329 8.8787584 47.453918
v 11.105778 26.757702 41.402
v 11.112623 -1.7708052 11.37777
v 11.125422 -0.81132513 39.126179
v 11.15585 9.1485767 3.0453241
v 11.161462 29.837856 24.941355
v 11.198299 27.100117 8.5243425
v 11.215254 -2.1601768 31.214355
v 11.221631 12.310699 47.695477
v 11.242166 17.657003 3.0532711
v 11.254884 0.48367468 42.023438
v 11.284338 -1.5543301 35.793991
v 11.299712 21.713755 4.5340676
v 11.306895 0.087406367 8.5770683
v 11.311227 19.214336 46.866234
v 11.314872 27.627327 39.005249
v 11.388374 1.5497336 7.3246241
v 11.393919 28.034145 37.531887
v 11.398155 10.617658 47.474316
v 11.404979 25.921183 7.5235853
v 11.603068 7.2676067 3.658869
v 11.630212 6.2522063 4.1988187
v 11.664737 3.0961185 6.2268186
v 11.668634 -2.7298563 24.566504
v 11.74119 29.175461 31.486259
v 11.74925 29.925701 17.289524
v 11.767569 17.282963 47.08461
v 11.770205 29.842697 15.19846
v 11.803067 10.822909 2.573796
v 11.821308 26.081722 42.298042
v 11.840523 -2.8993163 21.118631
v 11.896196 20.488615 3.8025606
v 11.897669 30.120071 19.720505
v 11.915087 -2.4649949 16.198999
v 11.92146 7.9985552 3.2881329
v 11.923253 12.536723 2.3335521
v 11.957428 -2.8190279 19.474903
v 11.959971 14.704463 47.289307
v 11.968084 16.254351 47.143196
v 11.969112 -2.1518493 12.455648
v 11.997149 13.737992 2.3015428
v 12.025106 11.595841 47.244217
v 12.0679 23.609526 5.6775398
v 12.107854 14.799884 2.376858
v 12.124504 24.530762 44.13409
v 12.165604 22.972977 45.276546
v 12.170044 28.574539 34.991013
v 12.1741 -2.9468565 22.708145
v 12.272817 29.795635 13.382585
v 12.352246 30.262125 21.976295
v 12.356722 -1.3105026 36.286545
v 12.422398 -2.2842698 30.782087
v 12.457266 29.060242 32.544838
v 12.471235 30.02516 17.338144
v 12.475321 19.258268 3.294981
v 12.477138 29.917339 15.569794
v 12.490452 10.705857 47.030304
v 12.517468 3.7428846 44.719872
v 12.518412 -2.0138381 32.921455
v 12.52018 29.878975 26.209816
v 12.533279 5.754755 45.978977
v 12.567659 8.1666088 46.801125
v 12.568663 30.224861 23.648502
v 12.592022 -2.4986978 28.423048
v 12.610553 1.8733637 42.923553
v 12.664627 -2.5086329 15.324991
v 12.677523 -3.056936 20.142673
v 12.694488 -2.6588221 16.709991
v 12.716079 30.307316 19.933428
v 12.737829 27.921318 37.085709
v 12.758158 29.617552 28.481739
v 12.758368 3.8914795 5.4779859
v 12.760618 -3.1185582 21.919437
v 12.781794 2.5032864 43.47995
v 12.789748 14.739064 46.925419
v 12.791643 23.465771 44.723053
v 12.812503 1.427544 6.9432259
v 12.871328 19.88641 46.301189
v 12.896441 17.970495 2.9410753
v 12.934853 -0.59187913 38.367802
v 13.049621 21.631752 45.653286
v 13.05098 -1.9785855 33.043591
v 13.06029 8.7905798 2.8665113
v 13.060619 30.142645 25.058762
v 13.066404 -3.0276721 24.045406
v 13.073685 27.099276 39.274864
v 13.173527 -0.14004518 39.315014
v 13.230239 28.225266 9.1368237
v 13.232705 28.721205 9.94765
v 13.243728 -1.6266634 34.471092
v 13.290991 -2.7373822 26.597797
v 13.30552 0.36774531 40.26609
v 13.332464 -3.0020809 17.61454
v 13.401729 -3.3910675 20.888479
v 13.438899 -0.68367219 8.812088
v 13.485146 28.275158 35.484367
v 13.505139 -1.623178 10.358236
v 13.525926 -3.3547719 22.707218
v 13.531905 26.411388 40.399536
v 13.535168 24.065369 5.6495228
v 13.537058 30.703329 22.122486
v 13.549055 21.7749 4.3259497
v 13.554232 -2.4554682 13.083845
v 13.57348 -2.1556637 11.644923
v 13.588232 30.170368 15.327319
v 13.609097 29.815592 12.476151
v 13.634555 20.784128 45.79533
v 13.639615 15.62572 46.610657
v 13.64654 29.633389 29.013821
v 13.670651 1.3225087 41.510986
v 13.712004 29.99538 13.356726
v 13.726889 -2.7430668 14.899599
v 13.746482 18.944832 46.260979
v 13.74829 6.4419789 3.7459648
v 13.798088 29.504524 11.321836
v 13.833067 30.544882 24.195107
v 13.83409 30.446711 17.016979
v 13.922342 11.513328 2.2179713
v 13.988622 5.049428 44.927849
v 13.999751 -3.5377834 19.034149
v 14.021667 30.932793 20.077328
v 14.024333 -0.34950411 8.1282511
v 14.034041 25.508551 41.74408
v 14.045026 -3.207495 17.019302
v 14.045755 3.5397489 5.3273177
v 14.069715 30.017906 26.798016
v 14.1009 -2.9254162 26.143978
v 14.123766 7.3265581 45.957928
v 14.13236 -2.4611862 29.859871
v 14.133272 22.784262 4.8256669
v 14.168549 26.501123 6.9976087
v 14.197456 24.925695 42.607475
v 14.22468 -3.4446671 24.155495
v 14.244423 2.6016903 42.742107
v 14.248708 29.288612 31.36043
v 14.256395 9.7870712 46.370911
v 14.259371 29.792999 28.384037
v 14.284441 27.623089 7.9889584
v 14.294013 24.347523 43.308014
v 14.305811 -0.48501271 37.818016
v 14.3271 27.454378 37.616261
v 14.358505 15.65214 2.424469
v 14.391219 4.0360036 44.032486
v 14.419468 -3.5649393 17.748539
v 14.423586 28.881144 33.075211
v 14.456556 30.808645 17.534519
v 14.45954 18.45582 46.128792
v 14.462242 -3.1362448 25.692545
v 14.48926 31.259441 21.292082
v 14.50913 11.631145 46.350121
v 14.566251 -2.342905 30.663464
v 14.609805 28.285614 35.030159
v 14.618131 24.228033 5.39642
v 14.645702 -4.019196 22.094509
v 14.64945 29.512121 30.369749
v 14.655527 30.404257 14.793268
v 14.661982 0.18618909 39.182957
v 14.667932 -2.0276694 10.81064
v 14.706692 -2.8723576 13.915356
v 14.732146 20.340532 3.5360694
v 14.739324 21.279116 3.9338539
v 14.768233 31.152967 17.99781
v 14.790634 6.2992153 45.273087
v 14.818638 -2.5488327 12.331767
v 14.833765 -1.9751201 32.400169
v 14.840318 3.388047 43.297287
v 14.845078 26.912983 38.790428
v 14.863111 23.575802 43.77282
v 14.879615 -1.2416991 9.1634731
v 14.888229 -0.72731459 36.785271
v 14.892512 -4.1832681 20.126192
v 14.899382 8.991394 46.040695
v 14.908827 31.589478 20.822748
v 14.99864 -4.2118239 19.065992
v 15.002062 -1.5133721 34.127968
v 15.007896 -4.0234694 17.753685
v 15.019309 1.268362 40.794319
v 15.036642 31.189396 24.050253
v 15.058753 30.136822 12.715875
v 15.077322 -2.6040595 29.54105
v 15.08203 -3.2272568 14.53777
v 15.083642 12.96608 2.0199225
v 15.09278 16.275425 46.154778
v 15.135077 31.542412 22.749031
v 15.164006 14.222379 2.1229672
v 15.191392 29.652056 10.994365
v 15.202892 18.723854 3.0380847
v 15.210347 5.2241273 4.159543
v 15.215751 25.079496 41.914337
v 15.225401 28.899298 9.4238119
v 15.242661 21.957136 4.1834474
v 15.249578 3.979033 4.7342486
v 15.251328 29.823912 29.389212
v 15.255753 24.232391 43.039703
v 15.276251 5.7259569 44.841591
v 15.313894 15.399622 2.3089302
v 15.428555 -2.7292104 12.058937
v 15.428882 25.771456 40.759716
v 15.430223 -4.5064063 22.694674
v 15.438323 -4.5081425 17.954342
v 15.443399 17.277266 45.980659
v 15.447515 30.642479 26.537701
v 15.453941 1.6459366 5.9006934
v 15.491542 2.7892022 5.1874366
v 15.495674 -0.068308711 7.3078279
v 15.510015 31.192209 15.220861
v 15.548681 7.2893143 45.398991
v 15.561806 23.46175 4.7639084
v 15.564531 31.799332 23.425386
v 15.58375 21.622311 44.747406
v 15.584606 22.837185 44.064228
v 15.590501 27.59771 36.823769
v 15.594415 -0.51879257 1.1776433
v 15.601687 -3.0621955 28.128111
v 15.611185 -1.9401172 32.452198
v 15.612556 -4.3177409 24.060802
v 15.616833 -3.7680173 15.058216
v 15.620824 28.923166 32.850235
v 15.66041 19.561117 3.2240331
v 15.682664 -5.0273118 20.003176
v 15.699272 8.631958 2.6021347
v 15.715045 0.25546679 0.97759092
v 15.737198 30.057522 11.394088
v 15.738848 2.327193 41.889267
v 15.756968 30.261114 28.462831
v 15.771914 -2.7372568 29.613604
v 15.779347 -2.3252223 10.680237
v 15.788862 28.66794 1.5228708
v 15.790751 27.841616 1.7683651
v 15.80225 13.45399 45.978062
v 15.841775 10.541372 2.1598239
v 15.862029 27.70829 1.143387
v 15.863781 25.956038 5.9429326
v 15.864693 0.69851154 39.701069
v 15.930012 -1.634463 1.1189771
v 15.936813 28.563772 8.549015
v 15.94264 29.814781 30.138607
v 15.951026 1.0624347 6.1474452
v 15.954248 32.62178 18.254438
v 15.985093 -5.1050601 22.453238
v 16.010603 20.473793 45.099228
v 16.033564 4.5870261 43.920326
v 16.044239 32.917664 19.535276
v 16.094448 -0.58187789 0.44675079
v 16.097542 -0.9074614 2.0000196
v 16.110863 19.470221 45.380768
v 16.137512 29.411963 31.382238
v 16.148327 -4.3972063 15.188285
v 16.161732 30.959826 12.869925
v 16.16223 3.374758 42.864475
v 16.177149 1.2537655 40.480717
v 16.182627 -0.32443139 37.576706
v 16.189722 29.245993 2.3070128
v 16.190987 6.8968759 3.1473699
v 16.196859 32.295471 16.266502
v 16.197935 33.119038 20.602871
v 16.205391 -3.2721765 12.272717
v 16.207113 31.822351 25.060366
v 16.207176 -1.8636837 9.4141245
v 16.211668 -4.9138875 23.830843
v 16.212177 29.385336 9.6129589
v 16.21459 15.47326 2.2332399
v 16.214794 5.4927769 3.8049564
v 16.245346 27.926514 35.816513
v 16.273935 9.6016903 2.2938786
v 16.288565 29.684002 1.6721253
v 16.303026 27.387848 2.3728037
v 16.303354 27.053102 1.6092039
v 16.325262 -1.2218455 34.961506
v 16.360453 27.895544 0.9355303
v 16.374598 0.38031635 2.1589065
v 16.387085 28.312351 2.7949748
v 16.390787 31.674309 14.251125
v 16.396452 0.29891092 0.54214168
v 16.409769 0.82248765 1.1064781
v 16.435232 2.5250306 4.8180585
v 16.471163 -6.0634851 21.176144
v 16.488361 0.8421129 1.8076887
v 16.496515 25.546532 5.3210506
v 16.503315 22.722599 4.2482438
v 16.505358 -6.1781645 19.922888
v 16.506817 -2.4963467 1.7245784
v 16.521263 24.726372 4.9037795
v 16.53698 -5.9162202 18.061213
v 16.571609 -2.2064805 31.805017
v 16.573898 -1.4350667 0.45628694
v 16.578808 -2.6071138 1.1316874
v 16.6124 0.34171933 38.938122
v 16.621651 26.680033 6.2328949
v 16.636419 30.354736 29.512543
v 16.636625 26.959768 38.209957
v 16.655556 30.474314 10.936337
v 16.661798 2.110147 41.455959
v 16.675375 29.301809 1.0746063
v 16.693127 -1.1395875 2.5699272
v 16.705076 -2.7724423 10.441189
v 16.707737 33.541111 22.257471
v 16.70821 31.319111 27.164549
v 16.727791 30.31362 2.1668854
v 16.79464 -3.3230793 29.168472
v 16.819979 33.297836 23.729761
v 16.823498 28.79586 33.446732
v 16.832895 -3.9111242 12.321018
v 16.869629 11.116308 45.579872
v 16.883003 -6.3198647 22.425413
v 16.891994 21.481916 3.7251444
v 16.897009 31.315771 12.192075
v 16.913765 26.990511 1.0463927
v 16.941097 7.6674757 2.7591727
v 16.943115 3.6329515 4.2605996
v 16.956989 28.214684 35.035816
v 16.994144 -4.1616216 27.147085
v 16.999474 -1.843655 33.081467
v 17.004457 4.54985 4.0042596
v 17.004629 -5.692277 15.49408
v 17.024206 24.036343 42.7435
v 17.048811 -6.0014024 23.837334
v 17.08009 31.918859 26.663858
v 17.094185 33.269547 16.063322
v 17.110842 28.636875 8.1373129
v 17.126097 -2.1701808 9.1923294
v 17.147387 -2.5488455 31.201443
v 17.164923 2.0410569 4.6738172
v 17.194588 27.419109 6.7679939
v 17.205812 26.267639 39.556335
v 17.21384 33.622879 17.27383
v 17.260349 31.091345 28.576469
v 17.260965 0.4643043 6.2676935
v 17.268686 1.2356859 5.4330878
v 17.279713 -3.3653524 1.5211778
v 17.28792 29.370779 3.2901616
v 17.289814 34.03545 19.818958
v 17.290144 -6.835639 21.033237
v 17.306879 18.906525 2.873683
v 17.323202 30.354767 1.7027242
v 17.334055 25.692778 4.6960616
v 17.334694 -3.4029691 10.588165
v 17.352364 -2.8463724 2.317518
v 17.382133 -1.2261715 7.9851522
v 17.391159 26.245861 5.3146129
v 17.392288 -6.6341276 18.146158
v 17.41114 2.9956586 42.229893
v 17.421728 26.569332 2.8094606
v 17.426182 23.448257 4.223989
v 17.426577 1.0261167 2.6341255
v 17.427017 34.172615 22.166561
v 17.447216 29.664034 9.0166712
v 17.449547 -5.6392488 13.899061
v 17.451981 12.581066 1.7825645
v 17.460041 30.913866 10.461246
v 17.463667 30.740225 2.4514048
v 17.470108 0.56873471 3.06215
v 17.47551 -2.4533024 0.61849672
v 17.501438 6.5979042 44.605892
v 17.535254 -4.8426495 26.614317
v 17.535686 33.092644 13.833837
v 17.548096 26.582779 1.3518268
v 17.573395 26.821714 3.6779189
v 17.588873 1.1802821 1.0107869
v 17.594656 23.20241 43.207584
v 17.611561 16.720684 45.319916
v 17.633089 13.953406 1.8145846
v 17.644676 24.770157 4.3460793
v 17.649935 33.660748 25.10511
v 17.66177 27.469749 3.8881023
v 17.667217 33.97945 24.196594
v 17.669502 -0.40365255 37.250675
v 17.670374 9.0102863 45.12355
v 17.681435 11.431953 1.8406878
v 17.683626 27.291197 0.80524915
v 17.689148 20.551216 3.2828321
v 17.694067 28.905464 33.407242
v 17.723536 -4.75175 11.441525
v 17.756119 14.033735 45.342865
v 17.762936 32.308647 11.814423
v 17.785469 26.083738 4.1762867
v 17.788946 2.4229407 4.021946
v 17.805901 30.211306 3.3577886
v 17.827187 -6.8197517 23.850328
v 17.855045 1.5971208 4.2469158
v 17.859673 31.695673 28.24659
v 17.882704 -2.8904939 9.2376909
v 17.893208 34.290989 18.458227
v 17.897415 30.604076 9.5560102
v 17.945435 0.72797149 0.58344591
v 17.95085 26.160515 3.5953057
v 17.958971 -2.417217 2.93016
v 17.961117 29.338411 32.576004
v 17.986748 30.193632 1.3213345
v 17.998253 -6.4477072 14.715912
v 18.007334 1.2953334 3.5737417
v 18.017767 -7.1943283 22.827608
v 18.031591 1.3588949 4.7931466
v 18.034571 -1.1866262 35.130268
v 18.036407 33.896488 15.334872
v 18.067921 -3.0857589 30.856501
v 18.078173 26.778219 1.0663718
v 18.088396 30.787363 29.979683
v 18.09613 5.363256 43.85743
v 18.125273 5.721981 3.3966982
v 18.127153 7.9681787 44.804375
v 18.128777 -3.2363575 2.2665331
v 18.136677 33.219048 12.717075
v 18.154409 26.773973 5.1793094
v 18.159386 -6.5317554 25.256149
v 18.167042 28.598433 7.67378
v 18.183138 1.4032573 1.9927543
v 18.18474 -2.7247345 0.8414315
v 18.198822 -7.4562674 20.378168
v 18.19965 3.4600644 42.478767
v 18.207083 29.796177 31.887291
v 18.21701 -0.060804453 0.4663662
v 18.254063 12.772558 45.206753
v 18.256285 -3.395539 1.4069921
v 18.280277 -4.2748632 28.772158
v 18.289204 25.435087 3.966135
v 18.305981 30.526249 1.7789044
v 18.307499 22.005463 43.682716
v 18.312433 20.549978 44.415035
v 18.321913 1.6669052 3.2587476
v 18.3297 27.139692 5.8073349
v 18.337791 33.575279 26.466393
v 18.34104 27.124647 4.7047386
v 18.345329 -4.2387657 9.7141161
v 18.363213 -1.1946129 0.58462447
v 18.366079 10.03353 45.013248
v 18.382879 30.146614 8.65277
v 18.385817 -5.3986449 11.235226
v 18.391039 -2.2382722 32.647751
v 18.402184 -2.048923 8.0524435
v 18.433636 1.5207322 2.7838817
v 18.437876 0.46505332 3.8502431
v 18.460442 0.9364109 4.1611285
v 18.475231 30.783154 2.5205622
v 18.50144 2.3487706 3.5970135
v 18.52705 -6.2885203 13.073673
v 18.538443 4.0213342 3.680578
v 18.539896 25.645363 40.342335
v 18.541389 18.4268 44.859711
v 18.552721 30.44471 3.5335388
v 18.564688 5.9657836 44.051231
v 18.565783 32.374439 10.428286
v 18.600412 -3.8294551 29.987066
v 18.642853 27.332581 37.334217
v 18.644217 -7.6209359 18.80411
v 18.663326 34.710167 24.104815
v 18.692116 31.460615 29.5956
v 18.697891 0.030051133 6.3106418
v 18.718786 -0.27428907 3.755656
v 18.737953 0.1609634 38.514812
v 18.759417 34.349915 25.629175
v 18.763588 17.92848 2.4365966
v 18.769407 26.827246 38.406734
v 18.788919 28.327656 4.3884649
v 18.808352 35.072056 21.10788
v 18.828264 1.0440779 39.902702
v 18.909674 25.064484 41.002007
v 18.921707 15.64527 1.9196839
v 18.92275 4.8349619 3.5117941
v 18.96137 19.216537 44.586182
v 18.961866 34.143177 13.90286
v 19.007778 25.916042 2.7826233
v 19.020182 24.137877 3.8829544
v 19.021286 26.314867 39.331024
v 19.032022 34.530617 15.520391
v 19.034544 -2.5577586 2.9475143
v 19.085896 3.9373779 42.628254
v 19.106804 29.777946 7.8891954
v 19.117138 -4.7374058 29.163061
v 19.149364 1.536998 1.4609159
v 19.151602 24.655676 41.381248
v 19.152206 -7.7194939 23.835085
v 19.163736 -4.7943344 9.4197521
v 19.178314 32.988083 10.664968
v 19.180231 -6.4052033 27.150766
v 19.185993 -6.9582391 13.81557
v 19.223577 8.3101387 2.2957196
v 19.225878 29.056103 33.735603
v 19.244007 12.951822 1.6532637
v 19.259966 -8.086483 21.72542
v 19.271236 33.937531 12.648683
v 19.279325 30.555092 31.354082
v 19.281527 7.0533824 44.255104
v 19.293438 31.664148 8.8437233
v 19.29644 33.68837 27.7549
v 19.302906 -2.9137223 7.8416367
v 19.321693 35.299946 19.252296
v 19.341995 -0.056595732 0.54864126
v 19.345797 -7.16011 25.982405
v 19.357956 35.273861 23.168743
v 19.384056 7.0301728 2.6951771
v 19.388441 -2.1938186 0.91483724
v 19.396835 11.488369 44.794411
v 19.408255 27.605356 5.3632421
v 19.412565 -3.9589205 30.541956
v 19.465656 -0.53626394 37.086895
v 19.476412 26.103119 2.0018642
v 19.499241 -0.3619048 6.3347335
v 19.50456 27.915449 4.9554305
v 19.510603 11.780214 1.6973823
v 19.575077 23.472168 3.7181869
v 19.589756 23.762278 42.045048
v 19.598997 19.607927 2.7450962
v 19.651131 19.776871 44.246918
v 19.670139 17.247805 44.62928
v 19.680597 29.341286 1.1846881
v 19.708584 21.282993 3.2276535
v 19.720085 -1.5265763 0.69005579
v 19.734722 32.851337 29.312138
v 19.741617 -5.0378065 29.585539
v 19.776632 28.422014 6.7388039
v 19.781078 -2.555341 2.5256736
v 19.809872 1.9486504 2.0994449
v 19.819084 28.287968 35.417923
v 19.843918 14.509999 1.7126911
v 19.844728 28.768013 4.5783467
v 19.84787 -8.3491755 18.642859
v 19.86241 27.366665 0.85399628
v 19.878359 -5.5849915 9.8496885
v 19.882711 25.208881 3.2284374
v 19.905664 3.7696273 3.3211479
v 19.918629 34.744652 26.435892
v 19.951349 9.7395353 1.9161856
v 20.003912 0.47011128 4.8051548
v 20.00668 0.13930911 5.5327406
v 20.018162 -8.0453873 16.629429
v 20.027443 1.2536873 0.91303897
v 20.027763 24.62612 3.5016713
v 20.05043 15.41175 44.637081
v 20.050812 25.575226 2.8578804
v 20.057747 32.375332 8.9116774
v 20.059509 2.8395522 3.0055625
v 20.065819 22.54208 3.5106037
v 20.065916 -8.5808163 20.098392
v 20.091557 33.884064 11.455636
v 20.114483 -6.6098347 11.521546
v 20.115097 2.4565406 2.7047293
v 20.152103 29.399036 33.740978
v 20.160023 30.207794 3.2998674
v 20.164099 -3.9592791 7.5795379
v 20.189917 -2.3834305 33.45747
v 20.19368 33.710232 28.77729
v 20.194706 27.659361 36.856239
v 20.235126 35.308865 25.281715
v 20.250849 -2.2931674 1.7028382
v 20.270864 -8.0096054 25.103428
v 20.279163 31.507874 7.8017607
v 20.296913 -1.3072914 3.8849208
v 20.29945 -0.91634327 36.32716
v 20.302252 23.023222 42.358433
v 20.331818 30.160923 2.3583734
v 20.348289 18.430059 2.3665674
v 20.369383 35.606361 17.308422
v 20.37208 29.917339 3.8491929
v 20.382172 23.876328 3.5654302
v 20.46032 -4.7234278 8.1861391
v 20.461052 -8.5518942 22.870323
v 20.464153 0.84415919 0.58926773
v 20.51333 31.029306 31.87277
v 20.533379 -1.3137243 35.5261
v 20.534832 29.846777 1.5048789
v 20.570944 28.285521 5.8954296
v 20.577774 35.956825 22.364449
v 20.588116 17.037849 2.090035
v 20.595472 -0.30254003 4.5233603
v 20.621569 -0.32929924 5.5517287
v 20.653271 28.400671 5.1382709
v 20.66441 26.91037 1.0412527
v 20.725517 29.477949 4.2589297
v 20.754324 -6.8312016 28.441971
v 20.756599 -1.0812559 5.9106803
v 20.778042 29.033627 6.5271149
v 20.815861 35.492531 15.361212
v 20.82011 12.85334 44.475842
v 20.831417 30.165403 33.148956
v 20.848904 32.980625 30.399797
v 20.851534 -0.24556552 5.0814662
v 20.854065 33.749023 10.456582
v 20.866802 36.213871 20.874949
v 20.875521 -6.0947943 29.59305
v 20.889851 11.75307 44.37373
v 20.92116 28.38595 5.484437
v 20.945971 -3.4251554 32.568684
v 20.958559 4.6040063 3.2358625
v 20.9884 -1.6123232 3.7928147
v 21.001734 -0.41457534 0.57935554
v 21.036436 34.626289 28.119356
v 21.11356 -8.5436001 16.052605
v 21.125368 35.952053 24.167337
v 21.134727 -7.861393 26.79125
v 21.144386 29.550411 1.2488592
v 21.152285 -2.0579152 3.0001664
v 21.154932 28.381018 35.780525
v 21.157795 9.8140888 44.064259
v 21.161964 22.27055 42.565502
v 21.175543 5.6609468 2.9414797
v 21.189808 10.377748 1.7866107
v 21.20676 -4.4463496 7.3592234
v 21.219955 30.032509 2.9778085
v 21.225594 26.408873 1.4824129
v 21.247963 32.052769 7.7740889
v 21.261728 26.407022 39.025402
v 21.299128 29.967964 2.0010197
v 21.301105 36.299431 18.74258
v 21.314602 0.32041129 38.710865
v 21.323709 -5.7249913 8.8952188
v 21.329239 -4.1344466 32.100986
v 21.35503 13.71733 44.340809
v 21.381788 30.729404 6.684782
v 21.408737 1.3082509 39.923977
v 21.418314 5.2015786 42.722607
v 21.418489 -8.3610344 14.609612
v 21.478189 27.649893 37.043087
v 21.482231 0.26112953 0.50727808
v 21.484838 -2.0691862 34.698006
v 21.48584 6.9132261 2.4905214
v 21.49032 8.0995512 2.1495469
v 21.51733 -0.76649433 36.816998
v 21.517786 29.088232 34.913143
v 21.518515 32.338783 31.634197
v 21.54693 -6.8343239 10.569897
v 21.555805 -9.1164551 17.802681
v 21.570196 35.443096 26.703411
v 21.58576 29.425461 4.5585198
v 21.669512 2.0402167 1.953699
v 21.689472 33.620789 30.346996
v 21.701521 21.503147 3.0190871
v 21.720516 -1.4300737 4.6290889
v 21.73724 -1.6588151 5.1639543
v 21.748898 20.677902 43.202709
v 21.751535 29.258938 5.5421567
v 21.761877 29.853998 3.6848438
v 21.763477 36.220112 16.572689
v 21.76479 -2.3250976 5.5494103
v 21.7887 -2.0289617 2.5027754
v 21.790249 25.329706 3.0096304
v 21.796761 -7.5101576 28.217411
v 21.801033 6.3482199 43.160328
v 21.853075 19.16275 43.644321
v 21.870255 25.466871 39.996346
v 21.87767 -8.5303774 25.53471
v 21.88122 24.45186 40.873714
v 21.887039 8.7663031 2.0052092
v 21.910955 3.2536931 3.002907
v 21.973242 22.690706 3.2555835
v 21.989054 -9.3441181 21.239647
v 21.992403 -8.2612381 13.249976
v 21.994526 30.567347 33.595707
v 22.025185 -1.9166416 3.807816
v 22.03384 30.331667 5.9749737
v 22.061474 -8.9416504 23.915503
v 22.084833 2.7427194 2.6696773
v 22.094984 -1.6876299 1.4508625
v 22.146368 36.603275 22.498505
v 22.14933 1.4831885 0.77949059
v 22.151161 -9.4600229 18.943027
v 22.156841 -1.5019957 35.689232
v 22.182812 -3.3279541 5.8035307
v 22.185146 1.8111191 40.168755
v 22.185167 33.289436 8.7348452
v 22.197041 16.364651 43.822781
v 22.200352 -1.3802408 0.96835458
v 22.207062 34.336361 10.566607
v 22.220192 10.617526 43.852615
v 22.222403 -2.9944234 33.974556
v 22.247259 8.0968008 43.488941
v 22.248602 27.598078 0.86167204
v 22.284441 36.046894 14.439941
v 22.306469 26.476671 1.1944565
v 22.321266 29.843204 4.5945907
v 22.329639 -6.6151075 30.166567
v 22.360941 28.492043 35.969353
v 22.387123 27.46312 37.302204
v 22.405508 34.419113 29.686731
v 22.427906 4.1435504 41.788788
v 22.45433 7.092977 43.209469
v 22.496433 32.851551 8.0552378
v 22.504911 -0.15238442 37.67189
v 22.509995 27.123552 0.79593933
v 22.513994 30.038219 2.7716115
v 22.520649 34.93866 28.80722
v 22.56414 32.838058 31.970879
v 22.595547 29.622002 34.816227
v 22.59943 -6.4086819 9.1976051
v 22.615454 36.866337 18.241329
v 22.623991 -0.10657116 0.53717434
v 22.625294 36.9431 21.157469
v 22.631578 14.136584 43.947674
v 22.639204 35.83823 26.564676
v 22.661549 -5.6975131 31.626465
v 22.68861 35.931858 13.483412
v 22.71463 -8.2927227 12.418495
v 22.715721 -7.9896855 27.974657
v 22.731768 -2.3801866 4.6287704
v 22.776735 -5.4654264 7.6974969
v 22.786886 30.064781 3.9937632
v 22.805923 0.74784672 38.762371
v 22.863708 31.325899 6.1939979
v 22.873219 31.84634 33.134361
v 22.893688 -9.1244869 14.921526
v 22.913946 -2.2638624 3.4862156
v 22.926374 -8.7519855 25.861998
v 22.956932 28.485142 1.0383917
v 22.972784 4.560513 3.0060043
v 22.976648 17.523619 2.1852674
v 22.990396 -4.340899 33.148743
v 23.007488 19.67411 2.494812
v 23.036913 -9.7477798 19.757414
v 23.052313 30.76096 5.5326319
v 23.054201 -9.5269012 16.303434
v 23.057045 29.959431 1.8676627
v 23.058722 1.2228148 0.61382037
v 23.101675 -0.81644022 36.654316
v 23.11566 29.744864 1.4420313
v 23.128202 11.759188 43.756836
v 23.136446 30.416189 5.0474496
v 23.145746 22.992945 41.525036
v 23.146534 21.720499 42.31142
v 23.162825 14.141587 1.8799107
v 23.173136 11.627405 1.7968841
v 23.19688 -9.2726192 23.62985
v 23.201721 36.711948 23.704439
v 23.244909 23.565641 3.2530875
v 23.294498 24.234615 3.2119279
v 23.311092 -2.3551445 35.096245
v 23.326052 35.984348 12.91397
v 23.339575 26.518688 38.302681
v 23.357117 3.9977303 2.9756515
v 23.430077 -4.1844778 6.0104895
v 23.432564 12.74933 43.734695
v 23.462273 18.986315 43.192295
v 23.467476 20.661686 42.753895
v 23.473989 -7.2045035 30.03031
v 23.477417 -8.9894018 13.592726
v 23.491016 -8.1938925 27.95369
v 23.495256 36.253304 25.70792
v 23.504339 15.202243 1.9694203
v 23.506243 27.907452 36.71183
v 23.520401 -1.6948547 1.7978615
v 23.555923 -5.6141138 7.6117172
v 23.594059 31.236303 34.093281
v 23.595049 33.653969 31.676096
v 23.595592 37.260681 19.365025
v 23.604832 37.104572 17.253862
v 23.624981 3.1837249 40.753704
v 23.632988 3.5134213 2.7670057
v 23.635183 35.303875 28.656809
v 23.63846 28.697517 36.015995
v 23.643969 -2.8563228 4.629127
v 23.655653 2.9862561 2.3281481
v 23.684303 2.3464575 1.4990039
v 23.688831 30.132048 3.6271996
v 23.723398 -1.2008681 0.81885856
v 23.749809 -8.1607246 11.404432
v 23.761553 5.5348983 2.7554865
v 23.764555 15.815002 43.471943
v 23.807423 -6.3808236 31.531761
v 23.842363 26.300287 0.95540226
v 23.868662 24.925371 2.6667771
v 23.871439 -9.7413101 21.566114
v 23.874762 -2.3136621 3.2733417
v 23.879148 -1.4017594 36.111393
v 23.891424 -3.6783607 34.274422
v 23.912813 34.23214 9.53197
v 23.930788 37.181114 21.82815
v 23.962145 34.394268 30.684439
v 23.98348 36.664322 14.383568
v 23.984625 32.676266 33.056587
v 24.019094 23.92576 40.566467
v 24.033749 -9.9616432 17.781458
v 24.049412 35.757744 11.970537
v 24.080151 -9.2113304 24.634777
v 24.096342 -5.4363589 32.797741
v 24.130901 36.01582 26.882593
v 24.136011 30.77984 4.9436436
v 24.16781 1.749397 0.6279878
v 24.215595 25.338818 39.237164
v 24.225687 -8.716362 26.738779
v 24.262653 33.222988 7.8496747
v 24.280214 10.724977 1.8258737
v 24.291468 18.378941 43.059818
v 24.325439 30.393398 4.2930875
v 24.329292 -10.01221 19.248861
v 24.36355 29.408989 1.3434595
v 24.371376 0.020920372 37.406189
v 24.395283 12.973203 1.832969
v 24.407143 9.5505886 1.9145042
v 24.469814 26.872742 37.684681
v 24.473619 22.613731 3.0755053
v 24.475761 8.6152821 42.932533
v 24.546124 -8.7571249 12.184777
v 24.568672 36.775879 24.109114
v 24.569506 29.429779 35.840439
v 24.587582 -2.2614694 35.620399
v 24.60644 -4.1437621 5.5244713
v 24.616648 -7.7152853 29.548935
v 24.630497 14.425287 43.400799
v 24.65275 37.472137 19.932583
v 24.666426 19.566183 42.76379
v 24.68169 7.7123861 42.697845
v 24.702845 1.3650959 38.727207
v 24.749104 -0.61635011 0.65287304
v 24.785696 23.714598 3.1737735
v 24.787483 -9.9683437 16.713923
v 24.804646 37.45335 18.064781
v 24.814533 24.749292 2.6800694
v 24.82304 -6.0313706 32.464844
v 24.85042 16.20266 2.0114751
v 24.869204 30.723724 4.6708689
v 24.878979 -9.1678324 13.054161
v 24.924763 -1.8809813 2.396755
v 24.954025 26.316015 0.81730139
v 24.965605 30.081844 3.4844351
v 24.970821 30.75992 35.20203
v 25.023031 34.721138 30.328299
v 25.03764 -2.8526895 4.1776543
v 25.044441 35.439114 28.689962
v 25.059647 32.868736 33.295029
v 25.080008 -0.92239803 36.653698
v 25.10812 0.9878583 0.5644936
v 25.11729 -9.5209675 14.398679
v 25.145117 -8.2027788 10.863647
v 25.183018 37.138416 22.334021
v 25.222813 -9.4767323 23.651943
v 25.248343 33.832355 32.04797
v 25.276905 28.213219 36.749931
v 25.303921 9.8708839 42.951153
v 25.308689 -6.6681533 31.761749
v 25.315424 2.8068044 1.7955941
v 25.331314 14.331947 1.8587415
v 25.355509 36.732624 13.673201
v 25.358088 35.982578 11.793151
v 25.372028 36.411236 25.687943
v 25.381447 -10.036399 19.729044
v 25.420038 2.6373515 39.715538
v 25.443567 -8.9918232 26.032837
v 25.46526 37.055145 15.069605
v 25.482374 5.0294857 41.530674
v 25.492676 28.531109 1.1273324
v 25.498281 -1.2418898 0.80011714
v 25.588015 -1.3594489 0.94187534
v 25.588562 23.317709 40.62352
v 25.613504 21.910946 41.684006
v 25.633183 27.036263 37.560791
v 25.635834 1.0088427 38.122444
v 25.659588 20.431444 42.331509
v 25.693928 5.9679708 41.913864
v 25.700397 13.270148 43.14856
v 25.726421 6.6884689 42.132034
v 25.745279 -9.8728876 21.214911
v 25.745455 23.664673 3.195857
v 25.749178 36.787247 24.08643
v 25.753561 -8.3704271 28.022537
v 25.774517 3.5788252 2.4639699
v 25.798643 24.672804 2.9555058
v 25.799006 5.252068 2.7168534
v 25.808804 29.574163 1.5469326
v 25.842241 20.453768 2.5197086
v 25.872179 25.185116 38.931343
v 25.901306 -10.157615 17.4723
v 25.914333 -1.5167044 36.509018
v 25.933102 -5.8722682 7.2084575
v 25.951584 29.894424 2.4963062
v 25.999552 2.0648293 0.93490356
v 26.021179 37.557114 17.942341
v 26.04702 -2.2436285 3.0458863
v 26.058458 -4.1107779 34.992172
v 26.093847 0.37593004 37.570251
v 26.097723 4.5841827 2.7512462
v 26.104162 33.821445 8.1151981
v 26.119944 35.952957 27.391245
v 26.129278 4.1578622 40.79409
v 26.150126 30.57411 4.2324657
v 26.17112 30.732212 35.829185
v 26.281933 -7.2273049 30.885063
v 26.284451 37.553772 19.326283
v 26.288336 26.763466 0.85304952
v 26.297199 27.778101 37.271545
v 26.301857 11.151281 42.848236
v 26.30974 -4.2217898 5.2130699
v 26.329201 -9.3860731 24.080772
v 26.342585 25.757523 1.5751529
v 26.351305 3.9562681 2.5849881
v 26.391148 32.93578 6.8964863
v 26.39897 30.18046 3.5296681
v 26.431438 26.005861 38.245388
v 26.447296 -9.972023 15.947851
v 26.449966 -4.721457 34.590702
v 26.525991 -0.38601607 37.169594
v 26.6423 37.247562 15.442318
v 26.708059 -8.4883642 10.926742
v 26.731215 -10.177504 18.312542
v 26.785025 31.946281 34.95174
v 26.79141 22.129581 41.151958
v 26.800026 8.4360619 2.0566733
v 26.806719 36.429325 12.381363
v 26.827625 34.601814 30.751337
v 26.830173 34.007774 31.977919
v 26.841869 -3.5841193 35.763226
v 26.8652 37.328613 20.778534
v 26.866098 17.15756 42.732876
v 26.876461 18.719158 2.1531365
v 26.925741 -2.8618698 3.7646816
v 26.934998 -9.0870743 12.180188
v 26.949825 7.4737024 2.2464502
v 26.969536 36.998726 22.712475
v 26.973866 -0.97026509 0.70179564
v 26.976894 -7.443006 30.477051
v 27.005442 29.096758 1.228068
v 27.017719 -9.8028564 21.395744
v 27.018236 21.176571 41.631519
v 27.031559 26.354012 0.94814658
v 27.09869 24.049807 39.552708
v 27.10025 -1.4390166 1.3027208
v 27.114096 -6.1385489 7.3101335
v 27.130442 33.868553 7.9563222
v 27.157631 5.7307544 2.6219776
v 27.193495 -2.7699757 36.36528
v 27.204042 24.470217 2.701045
v 27.218271 -5.3395991 34.184284
v 27.25172 -7.009439 8.5461712
v 27.257345 23.590212 3.0220602
v 27.268723 15.215651 42.748718
v 27.312 26.939123 37.819626
v 27.333466 3.0375853 1.9174559
v 27.3363 5.1774502 41.010609
v 27.351206 -10.049227 19.452381
v 27.388103 22.317484 2.9235497
v 27.398438 36.055016 11.459423
v 27.411165 30.855879 36.185875
v 27.41263 36.570736 24.631096
v 27.457024 9.2929983 42.269447
v 27.458435 -8.2439795 28.423836
v 27.47364 29.895622 36.877621
v 27.494061 35.388115 28.865088
v 27.501089 10.090953 1.8246036
v 27.510315 4.4776416 40.532322
v 27.514599 1.8580724 38.33263
v 27.519258 -8.7387037 26.93346
v 27.532755 -9.586215 13.503948
v 27.533663 0.26732194 37.544453
v 27.543655 13.742127 42.676819
v 27.552948 1.8675953 0.83315891
v 27.562656 25.009636 38.738419
v 27.642475 17.254045 1.9241652
v 27.657574 -4.0603881 35.655418
v 27.658352 37.108223 14.339052
v 27.670433 4.8497963 2.6999762
v 27.768702 24.827328 2.379534
v 27.773626 1.0516762 37.844387
v 27.775866 -7.6727834 29.943783
v 27.787075 -9.586154 22.512585
v 27.797737 6.1593299 41.228767
v 27.816168 36.01099 27.059093
v 27.821335 -0.91537696 37.241077
v 27.838287 1.4396542 0.71519542
v 27.8895 34.895111 9.4039335
v 27.891579 15.594603 1.7731701
v 27.893833 -10.127267 16.767109
v 27.945856 19.929073 41.781326
v 27.94603 -5.0975838 5.9326386
v 27.989185 32.749729 34.276646
v 28.022243 3.344805 2.2318964
v 28.030861 12.507589 1.6766757
v 28.119528 18.366894 42.154232
v 28.12471 29.851271 2.4386253
v 28.125446 26.8431 0.89040589
v 28.193811 37.55328 17.650276
v 28.21467 36.839485 13.168877
v 28.226032 4.0052609 2.5544937
v 28.269316 32.741417 6.3207674
v 28.295847 19.400064 2.2317879
v 28.30048 24.071114 2.8208811
v 28.311735 16.774029 42.354923
v 28.351322 -7.3504148 8.857336
v 28.37484 31.593651 5.0494781
v 28.378984 26.247681 38.145897
v 28.381536 11.319637 1.7164853
v 28.38228 -5.6733913 34.069916
v 28.394135 29.51652 1.5927819
v 28.407393 21.713045 40.736469
v 28.433878 -4.6511903 35.248665
v 28.473194 31.965609 35.377632
v 28.48144 30.742214 4.0769587
v 28.492783 10.559762 42.157764
v 28.539232 14.083066 1.6685224
v 28.540504 -2.7901411 36.769276
v 28.618526 0.42428863 0.68767166
v 28.619431 2.3676233 38.359356
v 28.671642 -8.9746761 25.535316
v 28.675852 29.190342 37.451408
v 28.68581 26.428957 1.096962
v 28.699226 37.323849 15.322177
v 28.753096 -9.0986176 11.817015
v 28.823999 34.55975 30.863411
v 28.83596 36.650002 23.673626
v 28.857197 14.18047 42.284821
v 28.86302 -1.7689425 2.0004666
v 28.8659 0.49490362 37.664276
v 28.889013 29.284092 1.2580751
v 28.963213 -10.101645 18.072783
v 28.978334 37.403847 19.396193
v 29.008669 36.496998 12.08507
v 29.029202 29.62862 1.7769158
v 29.043301 30.128044 3.0249338
v 29.087807 -6.07341 33.550125
v 29.108469 23.7449 39.040661
v 29.120317 31.173035 36.251099
v 29.125328 -8.5589285 27.260859
v 29.126514 -6.7844524 32.044296
v 29.149281 -7.4800386 30.382088
v 29.151924 17.218992 1.9168987
v 29.152775 32.968426 34.133125
v 29.203882 20.943907 40.815796
v 29.206566 34.200249 8.2062683
v 29.225697 -2.296582 2.7558043
v 29.232002 4.4937921 39.752293
v 29.242872 -1.1858758 0.87921274
v 29.243917 8.4178324 41.471359
v 29.253378 9.2659979 1.9753768
v 29.267866 7.7623553 2.2423451
v 29.309029 -9.7163668 13.800805
v 29.346333 24.881796 38.450245
v 29.375269 35.087318 29.499741
v 29.426802 30.263256 37.009918
v 29.437843 1.6888002 37.793835
v 29.507023 23.017378 2.9841762
v 29.512625 18.101101 41.667641
v 29.515928 -5.3993707 6.1200771
v 29.587511 21.919378 2.8389184
v 29.592808 33.360149 33.434986
v 29.610703 -1.6666262 37.365376
v 29.620502 -3.0468836 3.5684671
v 29.637362 9.8379784 41.63451
v 29.659121 16.31234 41.866158
v 29.748146 36.235352 25.155001
v 29.759308 19.43545 41.163765
v 29.790709 27.516611 1.0210193
v 29.835026 14.620968 1.7570318
v 29.861355 11.278786 41.693935
v 29.868366 37.031349 21.26161
v 29.895802 0.46289122 0.75812036
v 29.9326 14.277811 41.834728
v 29.945263 29.171812 1.3004214
v 29.958075 -8.9771442 11.474648
v 29.978649 5.9844532 40.228455
v 29.985989 -8.0028315 28.827461
v 30.077503 25.979767 38.180492
v 30.111635 -3.6102951 36.443691
v 30.116358 4.7955523 2.7689788
v 30.131189 0.81717527 37.685184
v 30.139688 -0.82390857 0.77779394
v 30.146597 37.044651 13.6223
v 30.153158 -4.2783723 4.71843
v 30.169096 19.689907 2.3846693
v 30.174765 5.6741605 2.7265058
v 30.181028 30.484369 3.5165827
v 30.186964 -8.5629826 26.801802
v 30.235096 3.0347774 38.16135
v 30.255861 28.146271 37.861004
v 30.266148 -9.9368391 18.94412
v 30.30093 -10.014694 16.977551
v 30.307325 2.858542 2.2344522
v 30.310797 -9.4014339 12.558439
v 30.323013 35.651737 27.572575
v 30.326408 -9.5175829 21.587679
v 30.417294 24.86002 2.659919
v 30.442354 24.028448 2.9746938
v 30.473057 35.263386 9.6222334
v 30.475946 37.38665 17.70647
v 30.496477 25.435417 2.2811267
v 30.549139 1.688094 1.1420228
v 30.556229 35.888409 10.752225
v 30.570257 -4.6726446 35.482586
v 30.581347 32.460876 34.936878
v 30.581545 -8.1595449 9.870121
v 30.594851 24.108917 38.325821
v 30.620754 20.682499 40.170383
v 30.641899 7.5552354 40.57399
v 30.662178 17.520975 2.1039789
v 30.669931 8.4540577 40.868813
v 30.67963 -7.3050451 8.4843035
v 30.68907 4.1113744 2.7365141
v 30.696461 -0.84303081 37.682083
v 30.751162 3.3940463 2.5776477
v 30.762522 -1.7695187 1.9578924
v 30.802967 17.898912 41.018902
v 30.808289 31.542339 35.984806
v 30.839596 10.717882 1.9447587
v 30.848915 12.527746 1.8570224
v 30.862234 32.613632 5.8736167
v 30.87698 -5.453712 34.520489
v 30.923832 -6.7622271 31.932491
v 30.938255 5.4652624 39.444088
v 30.949387 34.970791 29.48691
v 30.951889 15.730793 1.9595335
v 30.978489 30.090729 2.7494576
v 30.984795 -7.3966603 30.314142
v 31.030594 37.283051 15.103633
v 31.074207 -6.0078964 33.592354
v 31.074476 -2.0365698 37.378914
v 31.079977 1.9561566 37.533428
v 31.09144 28.775005 37.699398
v 31.103832 33.111309 33.815281
v 31.104702 10.480608 41.048046
v 31.126106 34.423309 30.888096
v 31.146093 26.186598 1.7977961
v 31.156271 29.841383 37.246632
v 31.16753 30.69282 36.706726
v 31.20701 7.7005529 2.402287
v 31.254452 22.691612 38.697994
v 31.260427 27.406731 1.1341009
v 31.287136 24.91997 38.091698
v 31.294361 -9.6878452 13.757885
v 31.33466 31.149452 4.3250031
v 31.341263 -5.5868092 6.1796336
v 31.362368 34.660866 8.5623693
v 31.371853 36.670319 12.534799
v 31.372339 19.846615 2.5745497
v 31.380388 -2.1319263 2.4470797
v 31.411093 26.932961 1.2797763
v 31.411541 18.666298 40.460526
v 31.453318 -6.8488221 7.7514634
v 31.473034 9.037281 2.1996312
v 31.51329 14.823122 41.016315
v 31.547541 12.31051 2.023603
v 31.552473 3.3151073 37.642639
v 31.575027 27.471254 37.972698
v 31.580622 4.5932975 2.9561255
v 31.640671 35.10939 28.799526
v 31.647312 16.633736 40.750122
v 31.706932 23.60891 3.2566323
v 31.710457 33.782494 32.275154
v 31.725065 37.187012 19.204449
v 31.725267 22.33699 3.1476543
v 31.725437 5.5459337 2.9297307
v 31.746193 36.965485 20.657904
v 31.809347 -3.0916505 3.4404693
v 31.845881 6.0581584 39.257179
v 31.851044 32.436718 5.6134253
v 31.851398 36.991188 13.654615
v 31.876493 -2.7789028 36.989056
v 31.920427 33.931255 7.5357733
v 32.042286 31.955189 35.437111
v 32.049114 21.733778 38.758575
v 32.050632 -0.59560186 37.786789
v 32.050735 15.029186 2.1748753
v 32.060265 35.944366 25.29888
v 32.135452 1.1439611 1.0790126
v 32.178661 19.809546 39.536926
v 32.185017 -4.0961246 4.4119029
v 32.187912 10.960185 40.448357
v 32.199162 -9.2605476 12.329975
v 32.201012 7.9284987 39.837593
v 32.237095 -8.2594643 26.887234
v 32.253819 32.822025 34.186485
v 32.260029 2.1699848 2.1435006
v 32.300358 24.297447 37.878586
v 32.311188 -9.5947618 19.936245
v 32.341824 29.694443 1.8670337
v 32.350143 13.805255 2.2263093
v 32.406284 26.515537 37.990784
v 32.411209 -9.3212929 21.543446
v 32.421471 -8.5532684 10.834886
v 32.428364 23.49832 37.860291
v 32.448696 18.482662 2.5481975
v 32.461349 35.996128 11.249792
v 32.507977 30.820341 36.453159
v 32.517738 29.348272 37.317478
v 32.549713 -8.7320671 24.483831
v 32.580139 13.8542 40.312672
v 32.603085 9.8510122 2.3837945
v 32.611202 -3.7047448 36.218716
v 32.63129 -6.8826513 7.8747087
v 32.663952 37.203609 16.334358
v 32.668499 36.42223 22.90414
v 32.674644 -9.737484 15.231083
v 32.684845 16.519817 2.4301531
v 32.695213 2.0388002 37.336071
v 32.724018 0.32300389 37.72123
v 32.768188 -6.1626363 32.940308
v 32.780102 -7.5410905 29.324495
v 32.798355 15.595011 40.104607
v 32.813572 -5.2913804 5.7885356
v 32.83461 -4.8813915 34.991722
v 32.860806 12.03417 2.3960981
v 32.878582 3.2677937 37.061283
v 32.881439 30.311705 3.241848
v 32.892227 -1.0961547 1.3039531
v 32.895161 9.6734686 39.797371
v 32.902405 -0.80351305 1.0772943
v 32.922791 27.008438 1.560485
v 32.931026 4.1662097 37.295055
v 32.977695 7.6109853 2.7486191
v 33.030567 17.360886 39.626938
v 33.034061 -6.7039704 31.578621
v 33.046005 -9.4808292 13.493596
v 33.099041 29.314041 1.6275483
v 33.112419 1.6954966 1.7796535
v 33.125404 -9.7304926 17.545555
v 33.14386 37.018665 14.36764
v 33.16021 22.406946 37.821316
v 33.172752 28.168879 37.627663
v 33.182011 -5.5349126 33.982136
v 33.184242 6.5152469 38.57402
v 33.221931 24.597809 3.3626611
v 33.232651 36.753792 20.843067
v 33.235157 5.3876858 3.2778926
v 33.263798 3.7207246 3.2186174
v 33.315742 34.403206 8.3218937
v 33.321709 19.228487 38.845379
v 33.335419 36.994503 18.775852
v 33.350414 -1.4190826 37.496918
v 33.37608 20.812473 3.1688547
v 33.382683 33.749897 31.923615
v 33.432762 35.751137 25.302021
v 33.453579 30.961954 4.134037
v 33.455395 23.590796 37.447079
v 33.490166 2.3614132 2.5974669
v 33.490677 23.431252 3.6877105
v 33.531506 31.92514 35.158604
v 33.55883 15.364786 2.6645603
v 33.597565 -2.2249198 37.07354
v 33.61174 25.720581 2.8562829
v 33.612267 27.576302 1.4844792
v 33.626617 -2.0310352 2.4731064
v 33.629974 13.137879 2.6676736
v 33.688236 2.6971319 36.923054
v 33.694473 2.9495597 3.0085671
v 33.695827 -0.47659057 37.603012
v 33.704575 11.432752 39.411823
v 33.748219 30.996241 35.985966
v 33.783657 32.887577 6.2182279
v 33.811653 32.022236 5.2143679
v 33.830505 8.3747988 2.8991642
v 33.837173 21.581863 37.605644
v 33.842266 29.568827 2.0702791
v 33.858761 8.0451355 38.611599
v 33.86235 0.88282543 37.457031
v 33.891102 22.482533 3.7183552
v 33.894157 -8.6663933 23.856709
v 33.932682 27.41118 37.610588
v 33.957783 36.093014 11.816722
v 34.001801 6.5627933 37.882294
v 34.030293 -9.4781961 14.495924
v 34.032692 -8.5928907 11.379529
v 34.046597 -9.4841061 19.198221
v 34.0737 25.899664 37.594509
v 34.112995 -5.3979702 6.0554924
v 34.116333 -6.4988456 7.5925126
v 34.11937 32.933876 33.427429
v 34.133507 18.271692 38.423252
v 34.143101 34.821037 28.406563
v 34.146015 -3.8494833 4.2897105
v 34.146214 14.564388 39.116695
v 34.153839 19.083839 3.0885842
v 34.17033 -4.9147615 34.531704
v 34.190601 3.8462033 36.400154
v 34.190666 4.9713411 36.782368
v 34.216602 22.471193 37.121918
v 34.252941 30.09605 36.468204
v 34.281509 -3.6677954 35.829754
v 34.282978 4.7640123 3.611469
v 34.291821 27.019745 1.9916068
v 34.297527 30.099768 3.31984
v 34.325859 29.073154 36.98703
v 34.337444 34.079556 30.776434
v 34.370174 36.658119 13.458767
v 34.370525 -8.0853977 26.074814
v 34.406693 -7.3600607 28.947861
v 34.407745 -1.0088582 1.2358226
v 34.416553 -5.9186001 32.81419
v 34.428078 1.2437112 1.4529955
v 34.455971 25.175945 3.4705818
v 34.486397 36.937664 15.557205
v 34.492931 -6.5358872 31.451859
v 34.536343 5.5044494 3.6392457
v 34.556503 -9.4884186 16.784224
v 34.591209 3.2144566 36.369205
v 34.599827 1.838165 2.5044091
v 34.59985 20.740591 37.207088
v 34.67131 -1.8247888 36.95932
v 34.706284 36.77718 18.467762
v 34.70787 4.1114326 3.6934869
v 34.743614 2.3870003 3.0522132
v 34.748405 -8.9998531 21.532183
v 34.754242 30.698643 4.1722717
v 34.79554 7.0485301 37.329308
v 34.796585 4.432796 36.035027
v 34.843552 9.8278666 38.195911
v 34.849613 23.337652 36.711117
v 34.852577 13.687665 3.1839693
v 34.861092 26.473988 37.31739
v 34.886692 26.414652 2.8928921
v 34.889 -7.4283662 9.3766346
v 34.896191 0.68824983 1.2829212
v 34.901791 34.310066 8.5642052
v 34.902111 -9.0815954 13.152542
v 34.926891 3.3044028 3.555032
v 34.933044 22.369894 4.0402527
v 34.933418 36.483952 20.844522
v 34.937881 -0.87754798 37.1922
v 34.959557 16.827507 3.2903037
v 34.977757 0.28689107 37.218712
v 34.979958 24.21483 4.0144577
v 35.031406 35.664597 24.550749
v 35.07618 10.12746 3.3262539
v 35.104172 18.216785 3.4306931
v 35.104515 36.687988 14.161293
v 35.121696 23.299713 4.1861238
v 35.137062 15.85243 38.051086
v 35.141338 -2.5184166 3.2557621
v 35.141472 -5.3470793 33.470379
v 35.148304 29.026808 1.8705758
v 35.15694 3.8086379 35.792366
v 35.163345 13.48517 38.198097
v 35.170513 -1.8234847 2.5192723
v 35.187672 1.541644 36.827469
v 35.189487 32.412872 33.817852
v 35.204533 5.4144373 35.981133
v 35.213318 31.314959 35.10989
v 35.214771 33.180679 6.8959346
v 35.246918 25.500261 37.045361
v 35.256565 27.932961 36.999245
v 35.258858 36.018326 22.875116
v 35.305725 -9.25525 15.028966
v 35.319271 21.809265 36.270695
v 35.347401 29.616764 3.2897313
v 35.354393 -2.5173903 36.273636
v 35.383492 -8.5772762 23.043715
v 35.390854 36.72044 15.703493
v 35.412148 20.324184 3.7564173
v 35.426037 8.2284822 3.5971203
v 35.435627 -3.5585179 4.3249526
v 35.470806 29.329929 36.354034
v 35.476177 20.356752 36.418903
v 35.551266 33.367908 31.944757
v 35.57497 8.7202291 37.141754
v 35.585667 28.015842 1.8629489
v 35.639385 -5.7084579 6.7988491
v 35.664799 -4.6302314 34.153511
v 35.671619 -6.7455478 30.221817
v 35.711418 11.87428 37.626301
v 35.715866 -7.125248 28.837643
v 35.741261 14.770062 3.6098483
v 35.745327 25.495689 3.9017954
v 35.768696 5.2365279 4.1646371
v 35.7892 -8.9532909 20.597343
v 35.813923 34.015697 30.209732
v 35.819981 34.99461 26.615231
v 35.822723 27.757011 2.0779996
v 35.860813 1.4576756 2.8843741
v 35.86898 -4.7476134 5.619029
v 35.87109 35.050488 10.411677
v 35.893044 27.016592 3.158288
v 35.905228 32.097782 5.6298099
v 35.916302 -1.1696624 1.8684598
v 35.922516 4.1091948 35.081261
v 35.933083 4.8869972 34.924519
v 35.941414 36.025944 12.692863
v 35.95266 29.804983 3.9194787
v 35.974941 26.798725 36.708714
v 35.981045 1.9855685 3.4317064
v 35.998428 -7.9220519 25.374729
v 36.007683 -9.0792494 19.227694
v 36.016171 7.9137325 36.260712
v 36.025959 28.581392 2.1978173
v 36.033989 -6.1222024 31.489864
v 36.049057 36.430645 19.189894
v 36.063313 0.81224215 1.607656
v 36.069031 11.60277 3.7550569
v 36.06958 10.493732 36.990089
v 36.070202 0.11137784 1.4593219
v 36.073448 36.478416 14.477728
v 36.102879 30.697939 35.156933
v 36.121399 -8.111722 11.369184
v 36.127335 -2.6368134 3.8019691
v 36.155712 -1.8338804 3.0522187
v 36.162518 14.214345 37.185783
v 36.169949 18.97818 4.0264149
v 36.174572 -0.27438167 36.673641
v 36.180256 -8.8919659 14.068485
v 36.20155 22.95141 35.584717
v 36.208092 8.7880802 3.9433653
v 36.236046 1.0672241 36.42297
v 36.244812 28.837538 3.3701236
v 36.252048 23.313494 4.6885777
v 36.288944 22.017908 4.5916567
v 36.316727 5.9984541 34.846039
v 36.363308 27.635746 3.2902813
v 36.364834 -1.8396853 36.128685
v 36.371109 20.724955 35.264996
v 36.376759 31.194391 4.9815688
v 36.383495 15.666946 36.731686
v 36.388969 4.2648749 4.4537954
v 36.404629 21.942436 35.175823
v 36.419842 -0.61560887 1.6535435
v 36.461021 -8.3586512 22.95438
v 36.478088 -8.5412531 12.886176
v 36.489685 9.6013813 36.253605
v 36.534359 -4.0625138 34.258305
v 36.569122 33.624485 8.0201588
v 36.596588 8.6758652 35.747437
v 36.6278 29.309872 35.703819
v 36.641346 -3.3399243 34.903801
v 36.668732 28.488466 3.5826681
v 36.672607 18.252895 35.553925
v 36.679771 5.5646896 4.6456985
v 36.684566 33.700455 30.330818
v 36.686142 34.939232 10.699877
v 36.696686 15.480593 4.1373243
v 36.70079 1.8133086 35.826527
v 36.714188 24.324535 4.7962699
v 36.714916 19.963585 4.463748
v 36.737278 32.811783 6.8489885
v 36.738598 -1.1596606 2.4210758
v 36.744293 5.2876749 33.915916
v 36.752361 25.454905 36.03437
v 36.760925 -6.6709642 29.47908
v 36.786411 -6.8242741 9.2250538
v 36.788742 0.28058556 1.8746184
v 36.796852 -0.89949667 36.177044
v 36.803329 -5.2705812 32.485638
v 36.811417 0.6620366 3.1034877
v 36.823231 -5.951685 7.6677256
v 36.829967 3.0338895 4.3820157
v 36.83712 -8.9016228 18.448387
v 36.862324 27.740286 36.001633
v 36.895866 32.726196 32.254559
v 36.924042 -8.853941 17.20409
v 36.944683 36.000786 21.014601
v 36.968269 19.387764 34.750515
v 36.970837 15.160204 36.107376
v 36.975693 34.900032 25.924923
v 36.995987 4.8665376 33.601269
v 37.00351 35.740868 13.049399
v 37.033134 -1.1680787 3.4764609
v 37.102489 34.110802 28.597034
v 37.102634 -0.33250925 2.3243678
v 37.104015 31.805763 33.393692
v 37.106606 35.550514 23.046799
v 37.157082 0.72199041 3.4618256
v 37.161533 24.897711 35.550274
v 37.176121 -8.3365622 22.093525
v 37.192425 22.100573 34.222713
v 37.199409 4.1203671 33.868145
v 37.203712 12.188467 35.926483
v 37.210609 11.411705 4.3699989
v 37.216526 23.214943 34.700317
v 37.22826 -5.0249481 6.4488091
v 37.277306 22.760511 5.3693914
v 37.29557 26.637365 35.743282
v 37.311661 -0.29959172 3.4266462
v 37.343117 21.913677 5.3294506
v 37.374752 2.3403585 35.018623
v 37.41684 36.062832 18.680698
v 37.461014 -8.558651 15.431598
v 37.484364 4.1242967 5.134891
v 37.499931 -7.5748272 25.028822
v 37.534756 5.4625921 5.3229456
v 37.548187 11.180035 35.186085
v 37.564327 20.463442 33.5592
v 37.566006 30.212317 34.470631
v 37.566353 5.8970942 32.837719
v 37.585026 0.63901687 35.61454
v 37.59251 25.68853 4.8000512
v 37.605022 -5.8612542 30.649336
v 37.605633 -4.0698028 5.5132809
v 37.678074 -2.3925006 34.847477
v 37.690784 33.671951 8.705759
v 37.700233 -8.4662867 20.459787
v 37.728935 30.855911 5.2279062
v 37.740067 34.469223 10.526459
v 37.774883 23.398781 5.7131424
v 37.786018 31.470791 5.7618356
v 37.819946 -7.8797216 12.686051
v 37.842224 26.934444 4.3841743
v 37.852676 2.9803338 4.9891973
v 37.896286 35.563194 13.893147
v 37.913425 33.70462 28.943256
v 37.917 16.277588 34.443481
v 37.928604 14.003387 34.944347
v 37.931232 -6.7521787 9.9132948
v 37.93795 -0.3736079 35.382164
v 37.941521 29.900957 4.8044977
v 37.974789 21.892561 33.046597
v 37.980476 25.999542 35.064892
v 37.990715 31.416876 33.103565
v 38.008217 12.286124 34.753761
v 38.008926 4.7086439 32.36731
v 38.042194 22.582655 33.303085
v 38.048893 20.992035 32.735847
v 38.057796 32.167526 6.6433187
v 38.080078 8.5035868 5.2241392
v 38.082951 -3.3369555 5.1110563
v 38.085705 34.554977 25.87327
v 38.097885 -8.1702662 14.395769
v 38.123993 -2.2322261 4.4809618
v 38.188747 10.088554 5.0632405
v 38.211811 -4.631824 32.077595
v 38.21809 33.108849 30.14187
v 38.274311 -8.4062195 18.604847
v 38.283623 20.004112 5.7727852
v 38.290638 13.886955 4.9711781
v 38.300171 25.047955 34.470097
v 38.312859 32.797253 7.6168289
v 38.314781 16.945724 5.2969055
v 38.345848 35.285095 22.59889
v 38.349926 24.238543 5.9397745
v 38.360172 27.873217 34.756104
v 38.364056 -3.3099627 33.452766
v 38.386684 -5.1418943 31.117756
v 38.406006 -6.9472837 26.072052
v 38.414238 17.714727 33.203526
v 38.431667 30.568932 33.47179
v 38.4786 2.6121764 33.746029
v 38.483002 19.681589 32.294159
v 38.51495 5.9893589 6.1300216
v 38.542488 29.413387 34.07552
v 38.551109 7.5299015 32.06514
v 38.597221 -1.7011126 34.427502
v 38.604946 32.202766 31.440569
v 38.626606 35.679459 18.311737
v 38.632782 5.2446122 31.119188
v 38.676949 -6.0480914 28.742615
v 38.678452 9.6720772 32.859726
v 38.736076 -7.8613353 21.839142
v 38.737946 -5.312346 7.7376165
v 38.746105 5.2948389 6.4354014
v 38.775482 -8.1763601 16.878614
v 38.77829 5.6943874 30.8855
v 38.801891 35.057636 13.892994
v 38.806385 16.115108 33.132927
v 38.807251 15.016949 33.380241
v 38.821632 11.780351 5.3636861
v 38.854164 -4.4039068 6.5087624
v 38.890491 0.64084506 34.43745
v 38.892323 35.48243 20.107801
v 38.897507 22.277349 31.759531
v 38.915779 4.4814591 6.503983
v 38.920208 -0.39566448 4.4114747
v 38.944283 20.440659 31.279438
v 38.96225 3.4282703 6.0548663
v 38.993992 21.249531 6.7187781
v 39.007076 1.2685136 4.9036794
v 39.008064 22.367153 6.8576565
v 39.027985 34.469879 24.702942
v 39.071846 9.0579987 5.9762774
v 39.074532 -1.5113624 4.6872201
v 39.078903 28.174494 4.9203243
v 39.084938 29.276875 5.1266074
v 39.087551 33.544479 27.635691
v 39.105 33.159451 8.7827835
v 39.145863 21.486111 30.898617
v 39.161449 26.907135 5.2518554
v 39.19973 8.7634678 31.552959
v 39.21806 35.415653 17.003319
v 39.22253 4.6038475 30.691195
v 39.260803 -7.2012086 23.647181
v 39.273117 -3.0963137 5.6111999
v 39.304977 -0.79638392 34.016159
v 39.31319 -7.9432449 19.401669
v 39.328804 34.955128 22.27809
v 39.334393 -2.5909081 32.999222
v 39.363396 11.066678 32.256615
v 39.380829 5.29354 29.831486
v 39.38208 16.849758 31.941044
v 39.397671 -6.374897 26.38653
v 39.472397 14.044009 32.348248
v 39.47715 32.600388 29.563044
v 39.480209 29.923794 32.73381
v 39.486916 3.0035417 32.130753
v 39.533195 13.85776 5.8709202
v 39.541603 -5.4017816 28.946365
v 39.562691 -7.2199421 13.841235
v 39.563427 -4.1534462 31.080114
v 39.578239 24.532768 32.706387
v 39.580887 6.2851825 29.748955
v 39.595638 -5.5291963 8.9320278
v 39.605583 35.127655 16.092604
v 39.654541 1.5716347 33.050312
v 39.668934 31.0506 31.577312
v 39.680069 15.56248 6.2042141
v 39.682693 23.257153 7.4277205
v 39.71283 0.38378975 5.0644369
v 39.730957 26.37298 5.9550719
v 39.754875 5.9703789 7.4541464
v 39.75951 12.523602 31.843685
v 39.764015 1.3379542 5.5299897
v 39.76862 24.374941 7.1371355
v 39.775753 29.017408 32.856224
v 39.778439 21.18005 29.664757
v 39.794838 -1.3069948 5.1000414
v 39.807198 8.7879391 30.40624
v 39.826954 15.852253 31.502491
v 39.842419 4.7959933 29.15259
v 39.856873 22.435223 30.19825
v 39.860813 19.374025 30.039471
v 39.869179 27.41593 33.107109
v 39.873638 26.378824 33.075287
v 39.887276 34.648651 14.836632
v 39.909691 -7.3846812 21.436028
v 39.9105 -5.8170199 10.11888
v 39.933456 -7.4083066 15.424907
v 39.955551 16.597679 6.6546731
v 39.995392 8.4495544 7.0375652
v 39.997662 0.29044691 33.207069
v 39.999931 3.7472925 7.2716141
v 40.008606 20.513859 7.6248941
v 40.010334 5.5712123 28.63862
v 40.040653 -7.5521379 17.337103
v 40.058632 30.34716 6.238946
v 40.085388 22.032072 29.321747
v 40.122585 31.332838 7.0397015
v 40.126041 25.210409 32.353882
v 40.129936 9.6554527 30.133417
v 40.148357 21.672077 7.9857974
v 40.172569 31.603445 30.182447
v 40.184246 -2.1553752 32.224869
v 40.197105 34.434837 22.607834
v 40.210384 13.280832 6.4828501
v 40.225033 34.823269 20.559961
v 40.239758 27.653759 5.8754225
v 40.247356 11.758988 30.698366
v 40.25972 33.0532 26.962925
v 40.293564 33.10659 10.01549
v 40.299072 -3.4138894 30.852436
v 40.307507 3.054688 30.804594
v 40.320251 -6.6547012 23.463751
v 40.340218 13.719713 30.683493
v 40.357872 4.6995463 27.918009
v 40.363941 34.888077 19.147383
v 40.374882 21.200743 28.314074
v 40.387199 -0.38862249 5.4886928
v 40.388836 32.368549 8.4470329
v 40.416252 5.6089211 27.749334
v 40.423862 -4.5378108 7.9951348
v 40.428085 1.8103634 31.807671
v 40.435459 16.536169 29.96249
v 40.446762 -7.337203 19.07337
v 40.503708 24.335329 31.10626
v 40.53611 14.766597 30.174511
v 40.548714 -4.7431679 28.625854
v 40.570518 22.754848 28.774607
v 40.584782 20.390467 8.2662039
v 40.628834 12.492337 6.9344258
v 40.641026 28.266676 31.887838
v 40.650146 30.79491 30.409151
v 40.655052 23.789352 8.3742256
v 40.657551 33.818977 13.666059
v 40.670578 -7.0528302 20.623358
v 40.691895 34.397068 16.159954
v 40.697075 -1.4339921 31.903309
v 40.702866 4.4728374 8.4225702
v 40.703903 -5.4254141 26.768202
v 40.706501 34.629864 17.867409
v 40.747505 6.3437018 8.571228
v 40.753601 7.5733228 27.863955
v 40.754047 -3.4196055 7.033587
v 40.754997 21.747332 8.7460775
v 40.761227 22.39142 27.730726
v 40.790092 29.108503 6.3584771
v 40.803619 33.826019 23.46504
v 40.825527 -2.3600702 6.300282
v 40.853756 12.368064 29.376297
v 40.864048 10.931195 28.983177
v 40.870094 3.4241292 8.0857458
v 40.880989 15.095077 7.3081751
v 40.886692 5.3144636 26.34157
v 40.890465 0.66920745 31.742533
v 40.900131 29.958054 30.706062
v 40.913742 21.2351 26.931944
v 40.917793 -5.065351 9.7266083
v 40.924362 1.4141923 6.7502575
v 40.935295 2.7221935 29.926142
v 40.947857 -6.7926431 16.261299
v 40.952511 24.710499 8.2568378
v 40.959377 24.219379 29.83839
v 40.981876 -0.25233862 31.768599
v 40.987545 -6.1840477 13.803497
v 40.987644 22.529362 9.1012993
v 40.99765 -3.9325008 29.058611
v 40.998127 28.557735 31.229481
v 41.012386 -1.1196949 6.0638251
v 41.039246 5.2663183 9.1661053
v 41.041851 17.491659 28.149605
v 41.052132 3.2810717 28.345005
v 41.054787 8.6127377 8.2462254
v 41.088554 4.6132245 25.775438
v 41.09866 32.39539 27.10074
v 41.126881 25.89567 30.904613
v 41.131359 27.019541 31.173351
v 41.159763 25.071192 30.225931
v 41.17387 -6.799335 18.369501
v 41.182552 32.644711 10.177692
v 41.187271 6.8424082 26.302937
v 41.252911 26.862131 7.2485404
v 41.29752 1.2766217 30.609064
v 41.299717 34.120525 21.018585
v 41.304184 -6.3978457 21.774382
v 41.306396 30.968552 7.8059301
v 41.324032 23.379198 9.5294275
v 41.337078 22.185215 25.574226
v 41.341793 -5.6484222 24.354698
v 41.347424 5.2933054 24.553513
v 41.348705 -1.8392638 30.592178
v 41.351318 7.9404049 8.8595428
v 41.360428 -2.8977001 29.658518
v 41.362259 15.559343 27.983528
v 41.364182 19.04775 8.9420681
v 41.38702 6.2724814 9.6309786
v 41.390579 -0.1420908 6.4488196
v 41.399178 20.821165 25.55687
v 41.423656 4.5364032 24.360117
v 41.45549 33.30323 23.60581
v 41.465317 27.828316 7.056911
v 41.471283 21.485098 24.947563
v 41.481785 3.8827915 25.206738
v 41.487717 31.562645 28.035564
v 41.509521 23.926903 27.32362
v 41.509899 5.9575973 24.373735
v 41.513466 14.152568 7.9106278
v 41.530354 14.172959 27.804745
v 41.540859 3.9329095 9.7574396
v 41.544281 33.762352 16.944206
v 41.555397 -3.6522224 8.2201157
v 41.5602 9.5550203 26.61631
v 41.565311 22.837034 25.164598
v 41.594074 2.8414946 8.9050493
v 41.594093 12.559998 27.501854
v 41.602352 31.888401 9.1919174
v 41.642174 11.28875 27.081715
v 41.643036 17.603683 26.513956
v 41.643471 8.6444635 25.93088
v 41.649422 21.286087 10.011305
v 41.670982 33.931438 19.129461
v 41.686672 33.140259 14.208238
v 41.69347 22.368765 10.315699
v 41.70076 -4.9477234 11.161148
v 41.72187 7.2965498 24.873159
v 41.731346 -6.3448348 19.69507
v 41.736095 24.381128 9.8273754
v 41.762211 5.0941968 10.79161
v 41.766262 3.8636374 23.624327
v 41.768967 3.1498318 25.823675
v 41.786781 19.252163 25.231232
v 41.804024 11.685221 8.3785028
v 41.808708 15.542395 26.737698
v 41.833645 0.378883 29.9417
v 41.853516 -3.836452 27.566208
v 41.893169 28.169285 29.45421
v 41.902054 -6.0309877 17.48476
v 41.925442 25.36734 28.041109
v 41.942863 -4.8447537 25.204634
v 41.95356 23.74427 25.088768
v 41.956959 -4.2764997 9.8489609
v 41.957497 4.1569767 21.782536
v 41.957909 6.2006025 10.825513
v 41.958359 30.915834 27.979666
v 41.969444 -4.3966136 26.259277
v 41.977066 0.17162874 7.2906518
v 41.981094 20.22517 23.785156
v 41.989017 26.241543 8.6322784
v 41.992363 16.166273 8.9816322
v 41.998531 1.8284478 28.162493
v 42.001293 23.413534 11.006709
v 42.015549 33.235069 22.236574
v 42.015778 22.782993 22.124575
v 42.018429 29.030039 7.6024504
v 42.032887 32.154198 25.456007
v 42.033405 3.4029956 10.647226
v 42.035316 30.064892 7.9783239
v 42.051598 -1.7760419 7.3483934
v 42.054085 27.312977 29.000389
v 42.071003 22.269997 21.560173
v 42.072731 4.555244 20.715811
v 42.084007 19.636292 10.229357
v 42.085159 3.2687273 23.466074
v 42.096416 1.1354331 28.747334
v 42.117432 -5.3554344 22.775333
v 42.118744 22.804214 11.502938
v 42.138218 6.9079208 22.71307
v 42.139736 2.5155962 9.8345222
v 42.14817 4.9752169 12.117249
v 42.193459 21.37579 11.243421
v 42.198669 18.05176 9.8648205
v 42.204666 -2.7845807 8.1664314
v 42.218689 25.385132 9.9846478
v 42.235569 26.411631 28.10434
v 42.248207 5.7922978 12.195822
v 42.256016 24.172705 11.399443
v 42.256737 13.12 8.7668018
v 42.256989 30.026001 28.181452
v 42.266426 32.873989 16.03701
v 42.274113 5.0885401 19.693855
v 42.281368 3.5667777 20.888222
v 42.293484 -0.92571437 7.4988604
v 42.296211 23.691549 21.96554
v 42.298645 -2.0780969 28.454906
v 42.299221 33.213886 20.538055
v 42.309929 -1.0562662 28.880224
v 42.320461 33.15033 18.763371
v 42.325012 24.009464 23.073711
v 42.325661 21.179371 21.06938
v 42.361481 0.73779881 8.244772
v 42.366234 28.021788 8.0809832
v 42.366283 32.048546 11.056846
v 42.367489 3.7453644 12.076002
v 42.381992 -5.5211782 20.905943
v 42.431408 1.8943057 26.578062
v 42.436104 23.52479 20.204628
v 42.448746 5.8637962 19.727203
v 42.494186 22.123402 12.741376
v 42.496529 15.474991 24.605053
v 42.506012 4.9961276 14.132496
v 42.509167 4.3115587 13.451698
v 42.522789 12.347488 24.639297
v 42.523815 22.030045 19.217079
v 42.534691 -5.4284801 18.81979
v 42.535076 16.482784 24.139542
v 42.549583 10.31615 23.85573
v 42.571114 4.8878798 17.785851
v 42.591454 -3.4096587 9.5266418
v 42.595886 25.25139 25.694572
v 42.608646 9.7617493 10.09659
v 42.613441 23.280024 13.529567
v 42.614555 23.879089 13.031057
v 42.628117 -3.231818 26.593964
v 42.632423 4.2969065 17.425491
v 42.637188 5.8472838 14.784602
v 42.638809 2.8901138 20.456711
v 42.646053 8.6622677 10.789717
v 42.648113 7.5137324 11.827202
v 42.658829 4.7927632 16.44511
v 42.660446 8.7600985 22.598286
v 42.660793 30.729744 9.3939934
v 42.674118 6.8081913 20.028021
v 42.690357 -4.4572749 12.525127
v 42.690788 1.8871379 25.057245
v 42.705948 18.501295 22.43895
v 42.707092 22.570574 17.628904
v 42.709782 5.8445444 18.077478
v 42.710087 14.16356 24.207039
v 42.71056 -1.9034003 8.2977839
v 42.712227 32.429375 16.741503
v 42.712692 -4.0032244 24.827929
v 42.714455 -0.39312851 27.931309
v 42.720436 25.093847 11.856774
v 42.733017 32.590721 19.235922
v 42.735344 24.448612 20.803814
v 42.735367 31.130054 25.612041
v 42.736862 23.25849 17.48527
v 42.748848 22.748045 14.839298
v 42.769772 0.71050155 27.257986
v 42.782822 31.289051 10.296802
v 42.785557 22.188879 14.360801
v 42.785744 8.014472 21.35092
v 42.797001 20.152527 20.498085
v 42.800209 23.059597 15.836272
v 42.810402 32.073467 22.800423
v 42.815205 5.9369841 16.646612
v 42.818756 2.4512663 11.941697
v 42.831097 3.9039669 15.607385
v 42.855598 18.690359 11.15937
v 42.859543 29.346119 27.303085
v 42.863743 32.371414 20.703108
v 42.870232 22.004025 16.270781
v 42.884926 20.97757 18.995205
v 42.885059 21.599295 17.662903
v 42.889149 27.351828 9.1835823
v 42.889973 -3.8368165 10.991878
v 42.890766 23.87825 17.027601
v 42.891403 31.912205 13.069149
v 42.891655 3.4176898 16.799746
v 42.905884 24.115242 14.463673
v 42.910172 6.6391602 15.168141
v 42.911572 21.018873 13.126199
v 42.931458 11.510301 23.295591
v 42.942825 17.344706 22.493427
v 42.944366 19.925344 12.111306
v 42.954285 7.6425362 12.85168
v 42.957848 21.415548 13.93065
v 42.961018 1.0885344 25.929617
v 42.961823 14.221176 9.8122206
v 42.984268 28.924583 8.8928223
v 42.985035 28.535521 27.168022
v 42.992477 2.865442 13.70902
v 42.996071 12.465229 9.7706165
v 42.997837 9.8881445 22.44175
v 43.001881 -4.3622484 22.159443
v 43.010689 30.151131 26.261633
v 43.011837 26.719063 26.262508
v 43.015884 6.6107817 18.034943
v 43.044178 -2.4567211 26.253487
v 43.053753 2.6251442 17.989902
v 43.091637 24.452141 15.77072
v 43.096489 18.61503 21.230227
v 43.125378 24.584318 17.131966
v 43.150665 2.7351902 15.040372
v 43.158699 -4.445766 19.981167
v 43.163303 11.347443 10.24994
v 43.164612 -4.2691202 15.507786
v 43.170406 21.335598 16.552311
v 43.17865 21.333668 15.276669
v 43.178722 6.945456 16.137081
v 43.188141 -3.0941887 24.859818
v 43.199287 -0.67579556 8.9141703
v 43.206017 2.6374633 16.346661
v 43.206303 -1.6307302 26.37257
v 43.206516 27.802488 26.502472
v 43.211483 15.97199 22.544783
v 43.220619 25.70248 22.914368
v 43.222855 12.647239 22.931881
v 43.24461 31.274721 11.811888
v 43.245415 25.305729 13.796191
v 43.266342 -2.8596768 10.165204
v 43.287464 -0.31758326 26.068327
v 43.293262 31.522318 13.278409
v 43.297012 29.409842 9.5639362
v 43.304543 9.3676882 11.574516
v 43.34132 7.1255732 17.236547
v 43.347065 8.4185085 20.173916
v 43.351646 1.3905492 21.653027
v 43.355141 7.4266067 18.480412
v 43.36768 -3.7303612 12.44425
v 43.382126 29.107147 25.797529
v 43.399578 16.434666 11.002124
v 43.420574 9.8057804 21.439508
v 43.422661 0.29697776 9.8320122
v 43.425632 8.6911383 12.555326
v 43.428768 -3.9331303 16.997755
v 43.430149 31.335495 19.946693
v 43.437553 31.108162 21.715796
v 43.458576 30.146381 24.116533
v 43.460075 28.298265 9.7708359
v 43.461857 26.476995 23.754189
v 43.462196 25.454243 17.582218
v 43.466042 13.811868 22.569689
v 43.477791 0.023361159 24.59856
v 43.495377 27.302025 10.494107
v 43.516853 31.272636 16.776966
v 43.520874 8.1955347 13.812627
v 43.534897 28.250137 25.267998
v 43.537079 26.058407 21.085894
v 43.539001 -0.99722975 25.13485
v 43.539764 20.55127 17.57943
v 43.545811 30.269257 10.742745
v 43.550812 -3.4699142 21.380718
v 43.55278 -2.0916328 24.385998
v 43.554409 19.879272 13.30186
v 43.557236 -1.7391423 9.8559847
v 43.591484 31.162029 14.521255
v 43.625488 17.203901 21.132217
v 43.634823 18.622494 12.385148
v 43.645416 26.05949 19.06267
v 43.65049 19.92041 18.566206
v 43.656174 20.437593 14.460794
v 43.662308 0.65097255 21.856817
v 43.66758 27.258329 23.862459
v 43.671848 7.738884 15.974225
v 43.676239 18.929314 19.747686
v 43.686794 -3.2472107 12.383386
v 43.726166 10.998067 21.529495
v 43.727123 30.80608 12.909607
v 43.755974 -3.2939596 17.988632
v 43.756737 0.9286114 19.781239
v 43.772537 28.672911 23.940626
v 43.781857 -2.3526504 22.55373
v 43.792496 -3.2089567 14.868904
v 43.830761 0.38337362 11.194085
v 43.863716 30.61693 16.422714
v 43.868477 -2.6941228 20.932507
v 43.869347 26.708 13.697113
v 43.884872 20.496523 15.940705
v 43.887917 30.072483 21.270504
v 43.898922 28.468697 10.874707
v 43.902634 1.1107336 15.133763
v 43.902695 -0.043124843 21.650753
v 43.910091 9.6796083 20.354559
v 43.918209 30.303312 18.711222
v 43.93277 0.70761669 12.842566
v 43.935429 -0.78241765 10.686513
v 43.935837 26.999611 20.752106
v 43.954567 26.655479 17.780022
v 43.95937 27.50411 11.887115
v 43.967495 29.375797 22.210878
v 43.970284 -1.9390566 11.308935
v 43.974815 -0.57100725 21.810932
v 43.9785 0.60202849 18.44372
v 44.008099 30.295944 13.853753
v 44.010155 8.8758688 19.310282
v 44.01226 -2.6479111 13.190637
v 44.012497 0.13272758 20.175011
v 44.014774 12.499898 11.239399
v 44.01894 12.706341 21.665882
v 44.027267 14.210356 21.657558
v 44.041798 27.8099 22.116219
v 44.05283 26.754347 15.556777
v 44.056374 15.539994 21.21414
v 44.082455 29.495142 12.188513
v 44.108463 8.3427629 18.123611
v 44.110168 -2.4056549 16.803011
v 44.110603 29.951092 15.663649
v 44.114384 -1.5242751 21.203459
v 44.12923 -2.1402521 18.799862
v 44.132797 27.480873 19.239279
v 44.142803 28.480091 21.431309
v 44.158951 0.29888862 14.890504
v 44.15976 0.0099340491 18.304035
v 44.185802 8.2230062 16.934607
v 44.186989 11.4561 21.236872
v 44.190338 29.25613 18.879749
v 44.190735 -0.77777481 19.889954
v 44.212929 -1.8635472 12.957715
v 44.213257 27.509514 16.64654
v 44.235348 -1.8451798 16.786331
v 44.238449 28.272812 12.769321
v 44.241932 -0.32123545 12.793406
v 44.24609 28.314766 18.90081
v 44.261639 -1.0669168 12.522388
v 44.264038 -1.3540328 18.41497
v 44.271187 28.964413 14.273179
v 44.279091 -0.30322191 15.78081
v 44.282532 -0.70622629 17.649733
v 44.286568 27.925434 15.17832
v 44.288406 28.982063 16.173069
v 44.308136 -1.0106385 14.930433
v 44.316982 17.092319 20.250744
v 44.389431 10.152147 20.388672
v 44.441242 19.538313 17.684147
v 44.445 13.979037 11.753484
v 44.445583 15.204409 11.912526
v 44.456341 17.375834 12.73237
v 44.531471 16.175438 12.28069
v 44.561035 11.306128 12.452363
v 44.606297 15.123489 21.105555
v 44.621162 18.383436 18.974401
v 44.73394 8.7696781 16.278492
v 44.737003 12.282492 21.223246
v 44.779686 13.64669 21.318623
v 44.804214 18.653358 13.986064
v 44.831104 17.66374 19.495548
v 44.956741 9.2415094 15.475034
v 44.996235 15.755482 20.729113
v 45.036018 9.8809624 14.435503
v 45.085514 10.703831 13.727987
v 45.116455 9.3071556 18.978897
v 45.123127 19.32345 16.495026
v 45.134815 19.000076 17.605955
v 45.148685 8.9557457 17.649666
v 45.195835 12.283639 12.948867
v 45.240692 11.128165 20.647989
v 45.353394 10.233932 20.024754
v 45.399483 13.649448 12.940495
v 45.425179 14.962123 12.925482
v 45.509418 18.321684 18.400766
v 45.548157 16.184311 13.326617
v 45.735085 9.4341621 16.828718
v 45.752769 12.196389 20.960958
v 45.7584 14.42205 20.980261
v 45.765511 10.513438 14.7982
v 45.803936 17.268705 14.069441
v 45.817032 16.722845 19.995773
v 45.819862 18.368055 15.102326
v 45.900261 13.38172 21.082258
v 45.994106 12.178315 13.86254
v 46.057446 18.569477 16.127604
v 46.26849 11.263745 20.562174
v 46.363491 17.232693 19.450281
v 46.37072 10.245677 15.983649
v 46.385696 13.401768 13.844939
v 46.439514 9.669878 18.545191
v 46.440884 17.696825 18.854658
v 46.530441 16.264496 14.139934
v 46.567719 14.324656 13.877413
v 46.591911 15.3937 13.973707
v 46.601269 15.858929 20.468039
v 46.601334 10.549385 20.000036
v 46.613934 9.9719877 19.242413
v 46.625145 11.426188 14.842093
v 46.70549 9.8117533 17.678028
v 46.765324 18.014229 17.907652
v 46.774509 12.424768 20.960148
v 46.804771 17.58399 15.312302
v 46.843025 18.090048 17.331982
v 47.013447 14.717299 20.882862
v 47.110218 10.24747 16.8617
v 47.146351 17.74081 18.35388
v 47.177597 12.703977 14.568453
v 47.320366 17.649641 16.207968
v 47.375893 10.874006 16.027908
v 47.43824 11.586725 15.296923
v 47.889442 16.853289 19.909378
v 47.896797 17.453199 18.90728
v 48.081558 13.531815 21.065584
v 48.158081 13.565718 14.803221
v 48.217693 16.101263 15.19003
v 48.233353 17.537928 17.916925
v 48.245911 10.586347 19.802301
v 48.253815 16.627098 15.620783
v 48.286415 14.407245 14.781684
v 48.346279 11.170702 20.378332
v 48.541073 15.749867 20.730677
v 48.562626 10.319841 19.060654
v 48.615211 17.256966 17.07991
v 48.650021 10.338156 18.387224
v 48.66848 16.815884 16.217121
v 48.701473 14.778109 21.012167
v 48.803833 15.208282 15.137883
v 48.837887 17.119307 19.672163
v 48.911224 10.632368 17.630774
v 48.932095 12.725978 15.353178
v 49.129673 16.672501 20.262812
v 49.178596 12.322724 20.937231
v 49.318485 17.312273 19.271235
v 49.332867 10.717811 19.51597
v 49.484791 17.347198 18.125458
v 49.488964 15.966306 15.847863
v 49.550152 11.380677 16.754023
v 49.56818 12.134918 16.011942
v 49.603962 13.79179 21.23032
v 49.984821 12.938345 21.127701
v 50.045551 16.61482 16.730915
v 50.090881 14.268994 15.504878
v 50.163383 16.248518 20.876591
v 50.291115 11.504666 20.327896
v 50.311291 15.222475 21.308002
v 50.463692 12.080081 20.780521
v 50.59779 17.175917 17.961653
v 50.684433 16.978037 20.391869
v 50.751392 13.506271 15.90575
v 50.784031 14.369018 21.482702
v 50.80043 17.414612 19.52174
v 50.846039 17.407909 18.738791
v 50.871044 15.618882 21.418129
v 50.906006 12.881947 16.258038
v 51.008114 15.801455 16.395409
v 51.059471 16.576353 17.077414
v 51.109024 11.471309 18.0788
v 51.230305 16.484385 21.134932
v 51.346828 13.456628 21.449335
v 51.382053 11.548642 20.068857
v 51.441971 12.122967 17.293629
v 51.680176 17.187057 20.669928
v 51.682045 11.470097 18.948521
v 51.826653 11.524378 19.537294
v 51.917625 17.5457 19.801479
v 51.921879 16.120817 21.717867
v 51.933296 15.112812 16.474897
v 51.999924 12.799749 17.00169
v 52.2173 15.88059 16.807503
v 52.246174 12.155592 20.778126
v 52.346939 11.981235 18.183678
v 52.387165 16.717861 17.422728
v 52.402744 15.570081 22.052851
v 52.485748 13.926262 21.845997
v 52.597301 14.579284 16.682119
v 52.706944 13.075762 21.480965
v 52.794895 13.651034 16.946835
v 52.90675 17.626694 19.20195
v 52.951637 11.982109 20.331083
v 53.01572 17.246832 18.270161
v 53.240005 15.122743 22.39769
v 53.377617 14.467813 22.274906
v 53.437035 17.886984 20.5853
v 53.636494 16.601084 17.498877
v 53.840965 15.979461 17.262758
v 53.867203 17.938644 19.722933
v 54.060658 12.244822 19.959539
v 54.093758 14.010873 22.269669
v 54.354614 13.045795 21.550663
v 54.461517 16.536093 22.96549
v 54.51009 17.21806 22.607998
v 54.533443 17.78166 19.052467
v 54.595036 15.544251 17.486105
v 54.596378 13.082464 18.464914
v 54.647461 13.506037 18.081514
v 54.660873 13.617901 22.114944
v 54.763149 17.252493 18.364721
v 54.764149 14.90377 22.96804
v 54.850372 12.820116 19.106754
v 54.910954 15.002147 17.647198
v 54.931042 12.635482 19.691355
v 54.934284 14.35927 17.819666
v 55.025307 15.978042 23.406401
v 55.112869 18.064276 22.01601
v 55.368752 13.104185 21.538916
v 55.574055 18.537254 21.19183
v 55.706776 18.596983 20.391146
v 55.724983 17.377716 23.492949
v 55.945679 18.39064 19.668968
v 55.948292 13.859478 22.541645
v 55.983921 15.664213 23.812464
v 56.025688 18.281654 22.86532
v 56.242836 16.722542 18.451687
v 56.352646 13.170068 21.12612
v 56.410217 17.271732 18.746563
v 56.49308 16.69202 24.328022
v 56.704182 15.166263 23.784864
v 56.795597 17.809401 24.247704
v 56.949451 18.219412 19.534685
v 57.071468 18.664589 23.811684
v 57.213299 17.225206 24.841351
v 57.288277 15.768534 18.889027
v 57.292896 13.53513 20.789841
v 57.304001 14.838511 19.160254
v 57.377235 19.413246 22.091187
v 57.477406 19.284893 23.145874
v 57.528938 13.885335 22.584591
v 57.631996 17.950933 25.083252
v 57.661835 16.012102 24.716387
v 57.721409 17.616217 19.46027
v 57.936291 14.061927 20.404177
v 57.946762 15.048646 24.038134
v 57.98661 19.347427 20.917463
v 58.030281 16.78791 19.368759
v 58.035213 14.576992 19.909538
v 58.07349 16.510164 25.256874
v 58.14027 19.067232 24.995325
v 58.308117 19.816128 21.964504
v 58.410576 18.766384 20.452686
v 58.578602 19.92387 23.751944
v 58.587242 19.807972 24.630157
v 58.710735 18.846588 26.098543
v 58.782906 17.820248 26.355341
v 58.854961 15.988143 25.274923
v 58.943398 15.510526 20.035688
v 59.096489 19.990929 25.680944
v 59.241711 14.121938 22.085754
v 59.31963 14.17638 22.566881
v 59.330124 20.315638 23.451084
v 59.40823 19.319679 27.069609
v 59.472183 16.976572 26.576353
v 59.487091 19.530107 21.387144
v 59.566978 20.27891 22.698118
v 59.594498 20.532646 25.148863
v 59.601543 18.448353 27.505791
v 59.703007 15.260221 24.591995
v 59.727688 19.800234 27.465122
v 59.797962 20.487349 26.518263
v 59.828083 20.13188 22.18223
v 59.962303 16.322186 20.558901
v 60.028179 14.435059 22.062372
v 60.044994 18.853148 21.190065
v 60.094128 15.003726 21.219769
v 60.160999 18.441576 28.469521
v 60.177887 17.573509 27.700216
v 60.188957 17.81785 20.820538
v 60.258144 20.197027 28.942619
v 60.404903 19.097685 29.533283
v 60.44809 19.824509 30.085173
v 60.457985 17.199862 20.860529
v 60.47393 16.400379 26.422392
v 60.475273 21.021782 27.921236
v 60.502052 15.817048 21.097939
v 60.569004 15.915089 25.691853
v 60.59325 20.269516 31.098005
v 60.605206 14.788947 23.66156
v 60.631638 18.934866 38.963669
v 60.638752 21.043606 29.152184
v 60.663822 21.264914 26.737972
v 60.665802 18.363997 40.865578
v 60.678761 19.564394 39.141411
v 60.682911 15.225299 24.554155
v 60.684402 19.521141 35.21151
v 60.68681 19.461634 32.076107
v 60.696068 20.752405 31.33087
v 60.696175 20.052891 33.212074
v 60.717834 18.904549 35.292206
v 60.738789 17.853437 40.108871
v 60.744854 18.264975 29.844431
v 60.747581 20.322763 35.202522
v 60.755951 18.583269 37.22599
v 60.762398 17.145115 27.791096
v 60.779297 18.899345 31.754171
v 60.807083 18.908535 33.460781
v 60.8246 21.101402 31.707506
v 60.86504 21.312656 25.375418
v 60.872894 20.567024 36.778938
v 60.874565 16.986307 42.45681
v 60.883621 18.899044 41.581257
v 60.95525 20.423208 38.943329
v 60.955353 16.563866 43.902332
v 60.962681 17.733751 29.21026
v 60.983776 21.512445 30.309
v 60.993431 14.833368 23.390335
v 61.002342 17.330189 39.390522
v 61.010258 17.199299 43.890659
v 61.042179 19.277683 41.545063
v 61.093296 18.393091 33.171268
v 61.104401 21.641674 28.534235
v 61.110054 21.096527 24.090969
v 61.114334 15.827006 42.785301
v 61.116051 21.25782 35.580078
v 61.148804 17.083218 44.672592
v 61.152706 18.036905 34.962658
v 61.153812 14.623839 45.636147
v 61.165844 17.700993 36.867779
v 61.166595 16.128067 41.516258
v 61.181271 20.882381 38.395741
v 61.183292 15.467571 46.312328
v 61.216934 21.903097 32.106773
v 61.23111 16.604958 21.438051
v 61.238468 18.118441 31.825741
v 61.250496 19.438734 22.156906
v 61.295567 14.238869 47.904716
v 61.30125 13.912728 45.911892
v 61.304344 13.513366 47.913971
v 61.336559 19.818624 41.210644
v 61.357986 21.741756 27.184254
v 61.380512 16.196615 40.570015
v 61.413651 18.0723 33.071041
v 61.430462 17.659517 30.147575
v 61.467762 16.715075 39.243755
v 61.49662 12.844502 47.950481
v 61.499641 21.60124 36.41013
v 61.500561 13.653735 45.447487
v 61.521126 14.968478 42.818481
v 61.544029 21.975035 34.525055
v 61.548229 18.307388 43.847908
v 61.554874 21.185034 38.49464
v 61.557148 20.28443 22.921272
v 61.584663 15.637856 22.296907
v 61.599922 16.820074 45.968922
v 61.627434 16.578617 27.249229
v 61.629955 14.253599 49.334461
v 61.657585 17.131601 36.96524
v 61.668842 17.208572 28.893494
v 61.689651 15.264172 23.388433
v 61.719074 21.656509 25.523039
v 61.79842 19.821087 41.631516
v 61.831829 12.343094 47.683578
v 61.868568 17.837589 32.304935
v 61.876251 15.037525 49.215958
v 61.879978 15.710371 48.18964
v 61.883575 16.02413 26.043938
v 61.885296 16.333694 39.24638
v 61.908253 12.882754 46.03223
v 61.915741 17.806435 34.079342
v 61.939373 22.585833 31.926554
v 61.940475 12.96401 50.346123
v 61.941044 17.574615 22.001595
v 61.997093 22.418564 29.902287
v 61.998032 13.763796 43.935459
v 62.022114 14.539046 42.503731
v 62.09026 19.46154 42.365849
v 62.149113 21.586367 38.047501
v 62.154095 22.374605 34.437035
v 62.173542 17.021042 46.234726
v 62.231201 16.981644 36.689926
v 62.283905 17.029671 28.764654
v 62.285217 17.400282 30.148998
v 62.33213 22.429279 28.679697
v 62.333878 11.911692 49.992786
v 62.401245 22.778858 31.821312
v 62.401497 16.029819 39.23381
v 62.41486 19.364195 22.889532
v 62.421494 16.805777 22.513321
v 62.454964 22.061249 36.476265
v 62.472351 16.304827 47.74456
v 62.473434 21.264275 24.558439
v 62.485386 12.84961 51.822445
v 62.488052 14.560108 51.508595
v 62.492378 21.047838 39.252644
v 62.548328 13.629003 43.612331
v 62.550766 11.715467 48.029499
v 62.55294 15.983171 23.602848
v 62.559521 19.73703 41.790298
v 62.643982 22.541576 33.949493
v 62.648846 13.808702 52.445267
v 62.661308 15.245755 40.63578
v 62.665245 16.588535 37.710281
v 62.677864 17.378719 45.752914
v 62.679516 22.067472 26.61384
v 62.700493 12.351523 45.985985
v 62.729626 16.625664 27.396399
v 62.73679 15.133946 51.156906
v 62.756084 17.760704 32.473301
v 62.788509 17.490501 34.762955
v 62.837158 15.802554 49.467957
v 62.858189 18.205873 22.911737
v 62.860569 22.463949 28.485428
v 62.898212 11.931893 51.694614
v 62.912304 11.39708 50.390781
v 62.97641 22.754236 30.860008
v 62.985432 16.414429 47.710659
v 63.034534 17.705193 33.639835
v 63.046207 17.421577 30.206125
v 63.084881 16.658257 23.569035
v 63.098663 21.903997 36.935539
v 63.130608 14.279757 42.272385
v 63.134594 16.234407 25.105694
v 63.171074 17.697252 31.404518
v 63.177597 12.877373 53.248642
v 63.189178 12.899398 44.627239
v 63.191448 22.4678 34.248909
v 63.192551 19.492744 41.858738
v 63.20134 16.126539 38.858215
v 63.206013 22.763544 31.927744
v 63.206104 20.167683 23.948265
v 63.225426 15.585688 50.938919
v 63.254505 11.60565 47.463734
v 63.259678 20.750132 39.395287
v 63.261814 13.803966 53.667801
v 63.288059 17.67013 45.062721
v 63.375221 14.91583 53.825832
v 63.423569 22.335184 28.152124
v 63.429623 17.487082 23.664915
v 63.46949 16.836737 27.28091
v 63.568722 21.797144 26.457649
v 63.583023 16.016151 39.20517
v 63.589943 13.209049 44.086563
v 63.635319 15.688375 52.316158
v 63.661579 11.103992 49.526237
v 63.668262 11.803881 52.790588
v 63.675381 18.704439 42.804161
v 63.682259 21.529356 37.228722
v 63.688232 15.641134 53.757629
v 63.704159 12.176081 45.956497
v 63.71146 21.11305 25.466221
v 63.71373 14.686138 41.717419
v 63.723362 20.255077 39.811298
v 63.736805 17.00563 37.049908
v 63.783142 22.450605 29.764017
v 63.784752 15.755781 50.770405
v 63.789391 19.104916 24.209768
v 63.807129 16.592754 46.987675
v 63.808708 17.707218 30.594517
v 63.823658 17.673996 34.92688
v 63.881672 17.007563 26.820004
v 63.915951 11.011914 51.089001
v 63.944382 17.153084 25.342321
v 63.956509 16.130573 48.573242
v 63.973434 22.080046 34.563446
v 64.032227 22.119112 28.30397
v 64.065063 18.010397 32.880543
v 64.119331 14.962852 41.524982
v 64.151154 18.137709 25.05677
v 64.158951 15.699787 54.853001
v 64.210663 18.032143 31.591341
v 64.211243 20.29685 25.379396
v 64.215271 21.023888 37.332794
v 64.218346 14.800384 55.146885
v 64.219345 22.310287 31.280981
v 64.249512 17.604084 29.186554
v 64.262573 13.622498 54.827045
v 64.287949 19.658413 39.955383
v 64.360794 11.285014 48.421597
v 64.360924 17.792099 35.583534
v 64.361778 16.284306 54.287842
v 64.404053 12.721289 54.283653
v 64.420685 17.142653 44.840782
v 64.422447 11.668532 47.203819
v 64.425743 15.840176 50.031696
v 64.441429 20.945484 26.496332
v 64.446144 18.191193 42.515903
v 64.453133 16.07843 52.581867
v 64.47477 17.410505 36.982357
v 64.49176 12.60514 45.395187
v 64.528122 16.389296 39.29208
v 64.545372 22.023829 30.114622
v 64.565552 21.576689 28.007275
v 64.588127 16.215553 47.090881
v 64.589165 11.227823 52.490376
v 64.61705 15.390029 41.403275
v 64.627327 17.780785 28.539421
v 64.631775 19.652588 39.033424
v 64.653679 15.890491 51.340855
v 64.660736 16.669794 45.428291
v 64.69075 10.948328 50.524258
v 64.693512 21.483934 34.240917
v 64.742401 19.273718 26.264484
v 64.806053 18.157536 41.33617
v 64.831352 18.468098 32.830727
v 64.83564 20.367348 36.6791
v 64.853447 18.342443 31.08992
v 64.872238 18.515322 27.14229
v 64.881935 15.850511 48.144184
v 64.882599 15.651659 55.64365
v 64.898567 18.277479 35.515324
v 64.900154 19.934214 26.809286
v 64.907333 17.028381 43.915039
v 64.933151 21.594532 31.245039
v 64.937401 13.30218 44.768806
v 64.964989 16.347681 55.329853
v 64.967201 19.18576 38.529018
v 64.977394 12.092565 54.062763
v 64.98584 17.960825 36.892574
v 64.988312 20.76613 27.889807
v 64.991615 16.94949 39.503597
v 65.015015 18.326544 28.421743
v 65.020439 21.335478 29.498615
v 65.022781 14.683963 55.795666
v 65.063568 17.825043 40.294807
v 65.065201 19.929771 36.54007
v 65.086494 16.249697 41.307983
v 65.100845 20.882961 34.123466
v 65.141541 18.917595 37.887329
v 65.151955 15.457621 42.322086
v 65.155945 18.071632 38.575691
v 65.169579 16.982117 41.743977
v 65.177773 18.794647 35.799599
v 65.183037 18.551947 29.656794
v 65.18618 15.604925 50.217449
v 65.194351 15.964301 45.708641
v 65.196404 11.06142 51.903202
v 65.202858 18.235771 37.548542
v 65.21302 11.790006 47.578907
v 65.217506 14.990029 42.933754
v 65.248329 16.582502 43.344677
v 65.248962 19.471844 35.654846
v 65.26329 19.048958 28.441507
v 65.275063 19.046286 32.929329
v 65.282913 11.154089 49.676025
v 65.319344 16.876404 54.53973
v 65.332443 20.069675 34.089825
v 65.339371 20.411644 29.038359
v 65.344498 20.85881 31.301872
v 65.3489 15.509988 47.362503
v 65.363098 19.574604 33.956417
v 65.392288 13.584152 45.318577
v 65.398773 15.834912 43.088169
v 65.466408 12.656409 54.846298
v 65.492111 19.735207 29.915133
v 65.503105 19.345343 30.594381
v 65.503166 20.260981 31.224539
v 65.541222 15.197347 44.864986
v 65.675407 14.482864 45.625641
v 65.694046 16.169584 52.500759
v 65.706299 14.916657 46.910889
v 65.834373 11.789329 53.798134
v 65.860428 11.172506 50.827888
v 65.874496 13.759374 55.740246
v 65.877831 12.283978 47.853027
v 65.880951 15.177484 49.721195
v 65.893265 14.227092 46.738518
v 65.975044 11.740945 49.040726
v 66.04718 16.753296 53.635544
v 66.09568 15.83276 56.245316
v 66.096008 12.763852 47.769917
v 66.18428 13.416857 47.581802
v 66.257103 15.373382 51.090424
v 66.263962 16.641552 55.729725
v 66.375755 14.682905 49.682541
v 66.427818 11.634855 52.9911
v 66.444504 16.029959 52.510189
v 66.48922 13.476965 55.60313
v 66.505692 16.96278 54.279984
v 66.55629 12.497373 54.605362
v 66.648209 11.593753 51.408791
v 66.708412 13.930192 49.567677
v 66.785248 14.863667 56.370953
v 66.794746 13.162085 49.692104
v 66.896065 12.5836 50.254395
v 66.935402 16.710394 55.133591
v 66.988503 16.391272 53.209129
v 67.067093 15.346933 51.948502
v 67.073586 14.465526 50.990467
v 67.100525 13.511088 50.47179
v 67.222626 13.460087 55.299828
v 67.268478 15.740888 56.068943
v 67.273117 12.111299 52.710171
v 67.287109 12.300861 51.604195
v 67.351318 16.376909 53.87487
v 67.374283 12.675651 54.142567
v 67.374702 14.493319 56.013134
v 67.613663 12.936316 51.696266
v 67.698265 15.337346 52.758305
v 67.733749 13.794151 54.991451
v 67.741661 15.863685 54.548138
v 67.795708 13.082617 53.819775
v 67.840897 15.558606 55.301708
v 67.891953 13.116296 52.512192
v 67.896194 14.865422 55.46777
v 67.922729 14.047938 52.224827
v 67.941185 15.350084 53.625385
v 68.042267 14.239007 54.429131
s 1
f 4696// 4694// 4683//
f 4694// 4696// 4699//
f 4694// 4692// 4677//
f 4699// 4698// 4694//
f 4692// 4694// 4698//
f 4688// 4696// 4683//
f 4699// 4696// 4691//
f 4699// 4691// 4693//
f 4699// 4693// 4695//
f 4698// 4699// 4697//
f 4696// 4688// 4691//
f 4692// 4698// 4686//
f 4699// 4695// 4697//
f 4683// 4694// 4677//
f 4688// 4682// 4691//
f 4691// 4682// 4687//
f 4691// 4687// 4693//
f 4692// 4686// 4677//
f 4690// 4678// 4686//
f 4690// 4686// 4698//
f 4697// 4690// 4698//
f 4674// 4688// 4683//
f 4693// 4687// 4684//
f 4695// 4693// 4684//
f 4689// 4697// 4695//
f 4686// 4678// 4670//
f 4684// 4685// 4695//
f 4681// 4697// 4689//
f 4688// 4674// 4669//
f 4669// 4682// 4688//
f 4686// 4670// 4677//
f 4682// 4671// 4687//
f 4680// 4679// 4690//
f 4680// 4690// 4697//
f 4685// 4684// 4672//
f 4689// 4695// 4685//
f 4671// 4682// 4669//
f 4687// 4671// 4667//
f 4684// 4687// 4667//
f 4690// 4679// 4678//
f 4676// 4689// 4685//
f 4681// 4680// 4697//
f 4689// 4676// 4675//
f 4681// 4689// 4675//
f 4683// 4661// 4674//
f 4655// 4669// 4674//
f 4671// 4653// 4667//
f 4678// 4660// 4670//
f 4660// 4678// 4668//
f 4679// 4668// 4678//
f 4684// 4667// 4672//
f 4679// 4664// 4668//
f 4680// 4664// 4679//
f 4685// 4672// 4659//
f 4680// 4681// 4673//
f 4673// 4666// 4680//
f 4659// 4656// 4685//
f 4685// 4656// 4676//
f 4681// 4675// 4673//
f 4661// 4683// 4665//
f 4669// 4655// 4645//
f 4669// 4645// 4671//
f 4653// 4671// 4645//
f 4668// 4651// 4660//
f 4680// 4657// 4664//
f 4680// 4666// 4657//
f 4656// 4662// 4676//
f 4675// 4676// 4662//
f 4662// 4663// 4675//
f 4663// 4673// 4675//
f 4665// 4683// 4677//
f 4674// 4615// 4655//
f 4615// 4674// 4661//
f 4670// 4665// 4677//
f 4637// 4665// 4670//
f 4660// 4637// 4670//
f 4637// 4660// 4579//
f 4579// 4660// 4651//
f 4667// 4653// 4628//
f 4667// 4628// 4654//
f 4667// 4654// 4672//
f 4668// 4664// 4651//
f 4654// 4659// 4672//
f 4673// 4652// 4666//
f 4673// 4663// 4658//
f 4615// 4661// 4601//
f 4615// 4568// 4655//
f 4655// 4568// 4645//
f 4609// 4653// 4645//
f 4641// 4657// 4666//
f 4659// 4630// 4656//
f 4652// 4641// 4666//
f 4652// 4673// 4658//
f 4658// 4663// 4650//
f 4661// 4665// 4607//
f 4607// 4601// 4661//
f 4565// 4615// 4601//
f 4653// 4609// 4586//
f 4628// 4653// 4586//
f 4664// 4626// 4651//
f 4664// 4657// 4626//
f 4636// 4659// 4654//
f 4658// 4650// 4652//
f 4662// 4643// 4663//
f 4650// 4663// 4643//
f 4650// 4649// 4652//
f 4607// 4665// 4637//
f 4565// 4568// 4615//
f 4568// 4573// 4645//
f 4572// 4607// 4637//
f 4645// 4573// 4609//
f 4579// 4535// 4572//
f 4579// 4572// 4637//
f 4651// 4590// 4579//
f 4654// 4628// 4592//
f 4590// 4651// 4626//
f 4654// 4592// 4636//
f 4659// 4636// 4630//
f 4630// 4606// 4656//
f 4656// 4606// 4643//
f 4656// 4643// 4662//
f 4641// 4652// 4627//
f 4627// 4652// 4649//
f 4627// 4649// 4632//
f 4643// 4631// 4650//
f 4649// 4650// 4631//
f 4631// 4644// 4649//
f 4644// 4632// 4649//
f 4561// 4565// 4601//
f 4601// 4607// 4561//
f 4609// 4573// 4537//
f 4609// 4537// 4586//
f 4628// 4553// 4592//
f 4626// 4576// 4590//
f 4636// 4570// 4630//
f 4600// 4626// 4657//
f 4600// 4657// 4641//
f 4641// 4627// 4600//
f 4606// 4630// 4581//
f 4632// 4604// 4627//
f 4632// 4644// 4623//
f 4595// 4604// 4632//
f 4644// 4631// 4621//
f 4621// 4618// 4644//
f 4623// 4595// 4632//
f 4623// 4644// 4618//
f 4561// 4528// 4565//
f 4561// 4607// 4572//
f 4561// 4572// 4540//
f 4573// 4568// 4516//
f 4540// 4572// 4535//
f 4628// 4586// 4553//
f 4579// 4590// 4547//
f 4547// 4590// 4576//
f 4570// 4636// 4592//
f 4626// 4600// 4576//
f 4585// 4600// 4627//
f 4585// 4627// 4591//
f 4627// 4604// 4591//
f 4631// 4643// 4606//
f 4568// 4526// 4516//
f 4526// 4568// 4565//
f 4526// 4565// 4528//
f 4540// 4528// 4561//
f 4573// 4516// 4537//
f 4586// 4537// 4553//
f 4535// 4579// 4547//
f 4592// 4553// 4536//
f 4536// 4570// 4592//
f 4555// 4576// 4600//
f 4570// 4575// 4630//
f 4555// 4600// 4585//
f 4630// 4575// 4581//
f 4604// 4574// 4591//
f 4621// 4631// 4587//
f 4621// 4587// 4618//
f 4623// 4616// 4595//
f 4623// 4618// 4612//
f 4616// 4623// 4612//
f 4616// 4612// 4622//
f 4620// 4616// 4622//
f 4620// 4622// 4629//
f 4553// 4537// 4506//
f 4535// 4547// 4523//
f 4547// 4576// 4555//
f 4555// 4585// 4549//
f 4549// 4585// 4591//
f 4591// 4574// 4549//
f 4559// 4606// 4581//
f 4604// 4595// 4578//
f 4604// 4578// 4574//
f 4631// 4606// 4587//
f 4578// 4595// 4589//
f 4587// 4582// 4618//
f 4618// 4582// 4612//
f 4616// 4608// 4595//
f 4616// 4620// 4608//
f 4589// 4595// 4608//
f 4629// 4622// 4612//
f 4612// 4610// 4629//
f 4617// 4608// 4620//
f 4620// 4629// 4633//
f 4633// 4629// 4624//
f 4617// 4620// 4633//
f 4617// 4633// 4638//
f 4633// 4624// 4642//
f 4642// 4624// 4635//
f 4638// 4633// 4642//
f 4485// 4528// 4540//
f 4499// 4485// 4540//
f 4499// 4540// 4535//
f 4506// 4537// 4505//
f 4499// 4535// 4523//
f 4553// 4506// 4536//
f 4523// 4547// 4502//
f 4502// 4547// 4555//
f 4502// 4555// 4549//
f 4570// 4536// 4524//
f 4570// 4524// 4575//
f 4575// 4524// 4541//
f 4575// 4541// 4581//
f 4543// 4559// 4581//
f 4578// 4589// 4569//
f 4597// 4589// 4608//
f 4608// 4617// 4597//
f 4582// 4580// 4610//
f 4582// 4610// 4612//
f 4564// 4597// 4593//
f 4629// 4610// 4602//
f 4624// 4629// 4602//
f 4617// 4638// 4597//
f 4624// 4602// 4635//
f 4638// 4619// 4597//
f 4638// 4640// 4619//
f 4642// 4635// 4647//
f 4642// 4647// 4648//
f 4638// 4642// 4648//
f 4640// 4638// 4648//
f 4516// 4526// 4492//
f 4526// 4528// 4492//
f 4485// 4492// 4528//
f 4505// 4537// 4516//
f 4505// 4516// 4484//
f 4536// 4506// 4488//
f 4536// 4488// 4524//
f 4502// 4549// 4508//
f 4527// 4549// 4574//
f 4581// 4541// 4534//
f 4574// 4538// 4527//
f 4581// 4534// 4543//
f 4574// 4578// 4538//
f 4538// 4578// 4569//
f 4559// 4587// 4606//
f 4582// 4587// 4559//
f 4564// 4589// 4597//
f 4580// 4602// 4610//
f 4597// 4619// 4593//
f 4635// 4602// 4596//
f 4647// 4635// 4625//
f 4648// 4647// 4646//
f 4640// 4648// 4639//
f 4648// 4646// 4639//
f 4516// 4492// 4484//
f 4506// 4505// 4476//
f 4502// 4499// 4523//
f 4549// 4527// 4508//
f 4524// 4497// 4541//
f 4541// 4497// 4517//
f 4541// 4517// 4534//
f 4538// 4569// 4544//
f 4559// 4543// 4582//
f 4580// 4582// 4543//
f 4569// 4589// 4564//
f 4569// 4564// 4544//
f 4564// 4539// 4544//
f 4602// 4580// 4571//
f 4602// 4571// 4596//
f 4619// 4605// 4593//
f 4640// 4605// 4619//
f 4625// 4635// 4596//
f 4640// 4614// 4605//
f 4639// 4614// 4640//
f 4625// 4613// 4634//
f 4647// 4625// 4634//
f 4646// 4647// 4634//
f 4646// 4634// 4639//
f 4634// 4603// 4639//
f 4492// 4463// 4484//
f 4476// 4505// 4484//
f 4476// 4484// 4463//
f 4457// 4499// 4502//
f 4488// 4506// 4476//
f 4508// 4482// 4502//
f 4524// 4488// 4497//
f 4508// 4527// 4482//
f 4482// 4527// 4495//
f 4534// 4517// 4513//
f 4513// 4543// 4534//
f 4527// 4538// 4519//
f 4543// 4513// 4533//
f 4538// 4544// 4519//
f 4533// 4580// 4543//
f 4545// 4580// 4533//
f 4580// 4545// 4571//
f 4564// 4556// 4539//
f 4564// 4593// 4556//
f 4558// 4596// 4571//
f 4593// 4566// 4556//
f 4593// 4605// 4566//
f 4605// 4583// 4566//
f 4625// 4596// 4598//
f 4605// 4614// 4583//
f 4614// 4584// 4583//
f 4611// 4584// 4614//
f 4611// 4614// 4639//
f 4634// 4613// 4599//
f 4492// 4485// 4448//
f 4485// 4499// 4456//
f 4457// 4456// 4499//
f 4488// 4476// 4454//
f 4457// 4502// 4482//
f 4471// 4457// 4482//
f 4471// 4482// 4495//
f 4517// 4497// 4487//
f 4517// 4487// 4513//
f 4527// 4519// 4490//
f 4519// 4544// 4525//
f 4544// 4539// 4525//
f 4545// 4533// 4520//
f 4551// 4571// 4545//
f 4551// 4558// 4571//
f 4596// 4558// 4598//
f 4625// 4598// 4588//
f 4613// 4625// 4588//
f 4577// 4584// 4611//
f 4613// 4588// 4554//
f 4611// 4639// 4603//
f 4634// 4599// 4594//
f 4603// 4634// 4594//
f 4603// 4577// 4611//
f 4463// 4492// 4448//
f 4485// 4456// 4448//
f 4476// 4463// 4437//
f 4454// 4497// 4488//
f 4497// 4454// 4460//
f 4497// 4460// 4466//
f 4471// 4495// 4468//
f 4487// 4497// 4466//
f 4495// 4527// 4468//
f 4527// 4490// 4468//
f 4513// 4487// 4493//
f 4513// 4493// 4533//
f 4519// 4525// 4490//
f 4533// 4493// 4520//
f 4525// 4539// 4512//
f 4512// 4539// 4556//
f 4558// 4562// 4598//
f 4598// 4562// 4567//
f 4598// 4567// 4588//
f 4583// 4584// 4557//
f 4577// 4532// 4584//
f 4554// 4599// 4613//
f 4603// 4594// 4563//
f 4563// 4577// 4603//
f 4594// 4599// 4560//
f 4463// 4448// 4430//
f 4437// 4463// 4430//
f 4456// 4457// 4448//
f 4476// 4437// 4454//
f 4457// 4471// 4446//
f 4466// 4467// 4487//
f 4467// 4493// 4487//
f 4490// 4486// 4468//
f 4486// 4490// 4525//
f 4493// 4478// 4520//
f 4520// 4478// 4494//
f 4520// 4494// 4545//
f 4525// 4512// 4486//
f 4545// 4494// 4551//
f 4551// 4494// 4501//
f 4512// 4556// 4518//
f 4551// 4501// 4509//
f 4518// 4556// 4521//
f 4551// 4509// 4558//
f 4562// 4558// 4515//
f 4521// 4556// 4566//
f 4562// 4515// 4550//
f 4567// 4562// 4550//
f 4583// 4546// 4566//
f 4546// 4583// 4557//
f 4599// 4554// 4560//
f 4430// 4448// 4428//
f 4448// 4457// 4417//
f 4417// 4457// 4446//
f 4454// 4437// 4439//
f 4460// 4454// 4439//
f 4466// 4460// 4439//
f 4442// 4446// 4471//
f 4442// 4471// 4468//
f 4442// 4468// 4453//
f 4468// 4486// 4453//
f 4467// 4478// 4493//
f 4453// 4486// 4469//
f 4486// 4512// 4469//
f 4469// 4512// 4481//
f 4512// 4518// 4481//
f 4509// 4500// 4558//
f 4558// 4500// 4515//
f 4521// 4566// 4546//
f 4588// 4567// 4552//
f 4584// 4532// 4557//
f 4577// 4542// 4532//
f 4552// 4554// 4588//
f 4563// 4542// 4577//
f 4560// 4554// 4530//
f 4594// 4560// 4548//
f 4563// 4594// 4548//
f 4428// 4448// 4423//
f 4437// 4430// 4429//
f 4428// 4423// 4430//
f 4437// 4429// 4439//
f 4448// 4417// 4423//
f 4429// 4430// 4419//
f 4466// 4439// 4440//
f 4467// 4466// 4440//
f 4440// 4439// 4415//
f 4431// 4442// 4453//
f 4459// 4478// 4467//
f 4459// 4494// 4478//
f 4494// 4459// 4472//
f 4472// 4501// 4494//
f 4481// 4518// 4491//
f 4491// 4518// 4521//
f 4550// 4515// 4510//
f 4507// 4521// 4546//
f 4546// 4557// 4529//
f 4546// 4529// 4507//
f 4567// 4550// 4531//
f 4567// 4531// 4552//
f 4529// 4557// 4532//
f 4554// 4552// 4514//
f 4554// 4511// 4530//
f 4548// 4560// 4530//
f 4430// 4423// 4419//
f 4419// 4423// 4405//
f 4419// 4405// 4402//
f 4423// 4417// 4410//
f 4446// 4442// 4417//
f 4429// 4419// 4415//
f 4429// 4415// 4439//
f 4403// 4410// 4417//
f 4411// 4417// 4442//
f 4411// 4442// 4431//
f 4440// 4415// 4421//
f 4440// 4433// 4467//
f 4433// 4440// 4421//
f 4433// 4459// 4467//
f 4443// 4431// 4453//
f 4459// 4433// 4436//
f 4443// 4453// 4469//
f 4436// 4449// 4459//
f 4459// 4449// 4472//
f 4481// 4443// 4469//
f 4501// 4472// 4461//
f 4470// 4481// 4491//
f 4501// 4461// 4509//
f 4470// 4491// 4477//
f 4509// 4461// 4500//
f 4477// 4491// 4521//
f 4515// 4500// 4510//
f 4477// 4521// 4507//
f 4504// 4507// 4529//
f 4552// 4531// 4514//
f 4522// 4542// 4563//
f 4511// 4554// 4514//
f 4548// 4522// 4563//
f 4423// 4410// 4405//
f 4419// 4402// 4415//
f 4417// 4411// 4403//
f 4421// 4415// 4392//
f 4433// 4421// 4409//
f 4436// 4433// 4409//
f 4438// 4443// 4481//
f 4449// 4461// 4472//
f 4438// 4481// 4470//
f 4462// 4470// 4477//
f 4500// 4461// 4455//
f 4500// 4455// 4510//
f 4510// 4455// 4474//
f 4477// 4507// 4475//
f 4475// 4507// 4504//
f 4510// 4498// 4550//
f 4529// 4496// 4504//
f 4498// 4531// 4550//
f 4496// 4529// 4532//
f 4522// 4483// 4542//
f 4511// 4514// 4489//
f 4548// 4530// 4503//
f 4405// 4410// 4384//
f 4410// 4403// 4384//
f 4405// 4384// 4402//
f 4415// 4402// 4392//
f 4421// 4392// 4409//
f 4404// 4411// 4431//
f 4404// 4431// 4443//
f 4422// 4404// 4443//
f 4436// 4409// 4420//
f 4449// 4436// 4420//
f 4422// 4443// 4438//
f 4449// 4420// 4418//
f 4449// 4418// 4461//
f 4441// 4438// 4470//
f 4461// 4418// 4434//
f 4462// 4441// 4470//
f 4461// 4434// 4455//
f 4462// 4477// 4465//
f 4465// 4477// 4475//
f 4474// 4473// 4510//
f 4510// 4473// 4498//
f 4498// 4473// 4447//
f 4475// 4504// 4496//
f 4542// 4483// 4532//
f 4522// 4548// 4503//
f 4522// 4503// 4479//
f 4530// 4511// 4480//
f 4503// 4530// 4480//
f 4402// 4384// 4392//
f 4384// 4403// 4385//
f 4403// 4411// 4404//
f 4403// 4404// 4385//
f 4409// 4392// 4395//
f 4401// 4404// 4422//
f 4401// 4422// 4416//
f 4416// 4422// 4438//
f 4416// 4438// 4441//
f 4424// 4441// 4462//
f 4455// 4434// 4426//
f 4455// 4426// 4435//
f 4455// 4435// 4474//
f 4474// 4435// 4450//
f 4474// 4450// 4473//
f 4452// 4475// 4496//
f 4531// 4498// 4458//
f 4532// 4483// 4496//
f 4514// 4531// 4408//
f 4522// 4444// 4483//
f 4489// 4514// 4451//
f 4479// 4444// 4522//
f 4489// 4445// 4511//
f 4511// 4445// 4480//
f 4464// 4479// 4503//
f 4392// 4384// 4381//
f 4384// 4385// 4381//
f 4392// 4381// 4395//
f 4385// 4404// 4401//
f 4395// 4381// 4387//
f 4381// 4385// 4387//
f 4387// 4385// 4394//
f 4385// 4401// 4394//
f 4409// 4395// 4420//
f 4391// 4418// 4420//
f 4391// 4420// 4395//
f 4418// 4391// 4398//
f 4418// 4412// 4434//
f 4412// 4418// 4398//
f 4424// 4416// 4441//
f 4434// 4412// 4426//
f 4413// 4424// 4462//
f 4465// 4413// 4462//
f 4473// 4450// 4447//
f 4498// 4447// 4458//
f 4452// 4496// 4483//
f 4531// 4458// 4380//
f 4408// 4531// 4380//
f 4451// 4514// 4408//
f 4451// 4445// 4489//
f 4503// 4480// 4464//
f 4395// 4387// 4391//
f 4394// 4401// 4399//
f 4401// 4416// 4399//
f 4398// 4391// 4387//
f 4399// 4416// 4424//
f 4398// 4387// 4388//
f 4412// 4398// 4397//
f 4412// 4397// 4426//
f 4393// 4426// 4397//
f 4435// 4426// 4393//
f 4406// 4435// 4393//
f 4450// 4435// 4406//
f 4450// 4406// 4396//
f 4450// 4396// 4447//
f 4432// 4413// 4465//
f 4432// 4465// 4475//
f 4386// 4380// 4458//
f 4483// 4414// 4452//
f 4479// 4427// 4444//
f 4464// 4370// 4479//
f 4387// 4394// 4390//
f 4387// 4390// 4388//
f 4390// 4394// 4389//
f 4394// 4399// 4389//
f 4390// 4389// 4379//
f 4398// 4388// 4397//
f 4388// 4390// 4379//
f 4399// 4424// 4407//
f 4407// 4424// 4413//
f 4406// 4369// 4396//
f 4452// 4400// 4432//
f 4452// 4432// 4475//
f 4378// 4458// 4447//
f 4479// 4370// 4427//
f 4445// 4425// 4480//
f 4464// 4480// 4425//
f 4388// 4379// 4373//
f 4397// 4388// 4373//
f 4393// 4397// 4372//
f 4372// 4397// 4373//
f 4399// 4382// 4389//
f 4382// 4399// 4407//
f 4382// 4407// 4413//
f 4406// 4393// 4368//
f 4369// 4406// 4368//
f 4376// 4382// 4413//
f 4383// 4413// 4432//
f 4447// 4396// 4375//
f 4432// 4400// 4383//
f 4447// 4375// 4378//
f 4458// 4378// 4386//
f 4400// 4452// 4414//
f 4483// 4363// 4414//
f 4363// 4483// 4444//
f 4464// 4425// 4374//
f 4370// 4464// 4374//
f 4373// 4379// 4371//
f 4379// 4389// 4382//
f 4372// 4373// 4371//
f 4379// 4382// 4371//
f 4368// 4393// 4372//
f 4376// 4413// 4383//
f 4396// 4355// 4375//
f 4451// 4408// 4365//
f 4445// 4451// 4365//
f 4370// 4366// 4427//
f 4445// 4367// 4377//
f 4425// 4445// 4377//
f 4371// 4382// 4376//
f 4368// 4372// 4354//
f 4361// 4372// 4371//
f 4362// 4376// 4383//
f 4400// 4358// 4383//
f 4378// 4360// 4386//
f 4353// 4358// 4400//
f 4353// 4400// 4414//
f 4365// 4367// 4445//
f 4372// 4361// 4354//
f 4369// 4368// 4359//
f 4369// 4355// 4396//
f 4369// 4359// 4347//
f 4362// 4371// 4376//
f 4358// 4362// 4383//
f 4375// 4355// 4348//
f 4375// 4348// 4378//
f 4353// 4414// 4357//
f 4357// 4414// 4363//
f 4444// 4356// 4363//
f 4444// 4427// 4356//
f 4366// 4356// 4427//
f 4425// 4377// 4364//
f 4425// 4364// 4374//
f 4368// 4354// 4359//
f 4347// 4355// 4369//
f 4378// 4336// 4360//
f 4408// 4380// 4352//
f 4408// 4352// 4365//
f 4367// 4349// 4377//
f 4349// 4364// 4377//
f 4338// 4334// 4370//
f 4338// 4370// 4374//
f 4361// 4371// 4362//
f 4362// 4358// 4350//
f 4378// 4348// 4336//
f 4353// 4344// 4358//
f 4386// 4331// 4380//
f 4365// 4352// 4351//
f 4370// 4334// 4366//
f 4346// 4359// 4354//
f 4347// 4359// 4346//
f 4350// 4354// 4361//
f 4350// 4361// 4362//
f 4355// 4340// 4348//
f 4345// 4350// 4358//
f 4345// 4358// 4344//
f 4353// 4357// 4342//
f 4342// 4357// 4363//
f 4365// 4351// 4327//
f 4343// 4356// 4366//
f 4335// 4367// 4365//
f 4364// 4349// 4326//
f 4346// 4332// 4347//
f 4346// 4354// 4350//
f 4325// 4340// 4355//
f 4347// 4325// 4355//
f 4350// 4341// 4346//
f 4352// 4380// 4331//
f 4356// 4337// 4363//
f 4337// 4356// 4343//
f 4335// 4365// 4327//
f 4366// 4334// 4343//
f 4367// 4335// 4339//
f 4339// 4349// 4367//
f 4374// 4364// 4326//
f 4346// 4341// 4332//
f 4340// 4333// 4348//
f 4330// 4345// 4344//
f 4342// 4344// 4353//
f 4318// 4351// 4352//
f 4374// 4326// 4338//
f 4332// 4325// 4347//
f 4341// 4350// 4345//
f 4348// 4333// 4336//
f 4324// 4341// 4345//
f 4324// 4345// 4330//
f 4330// 4344// 4329//
f 4386// 4360// 4331//
f 4329// 4344// 4342//
f 4342// 4363// 4337//
f 4349// 4339// 4328//
f 4327// 4351// 4318//
f 4343// 4323// 4337//
f 4334// 4323// 4343//
f 4319// 4323// 4334//
f 4320// 4333// 4340//
f 4325// 4320// 4340//
f 4332// 4341// 4322//
f 4333// 4321// 4336//
f 4324// 4322// 4341//
f 4319// 4334// 4338//
f 4326// 4349// 4328//
f 4320// 4315// 4333//
f 4325// 4332// 4322//
f 4316// 4324// 4330//
f 4314// 4331// 4360//
f 4310// 4316// 4330//
f 4310// 4330// 4329//
f 4310// 4329// 4342//
f 4303// 4335// 4327//
f 4335// 4298// 4339//
f 4315// 4321// 4333//
f 4312// 4325// 4322//
f 4324// 4312// 4322//
f 4300// 4336// 4321//
f 4360// 4336// 4314//
f 4311// 4310// 4342//
f 4311// 4342// 4337//
f 4311// 4337// 4313//
f 4313// 4337// 4323//
f 4303// 4298// 4335//
f 4319// 4338// 4317//
f 4307// 4315// 4320//
f 4320// 4325// 4312//
f 4320// 4312// 4294//
f 4312// 4324// 4316//
f 4309// 4352// 4331//
f 4317// 4338// 4326//
f 4314// 4336// 4300//
f 4314// 4309// 4331//
f 4318// 4352// 4309//
f 4327// 4318// 4305//
f 4311// 4313// 4296//
f 4305// 4303// 4327//
f 4339// 4298// 4299//
f 4328// 4339// 4299//
f 4304// 4326// 4328//
f 4294// 4307// 4320//
f 4302// 4321// 4315//
f 4314// 4293// 4309//
f 4308// 4316// 4310//
f 4313// 4323// 4301//
f 4319// 4301// 4323//
f 4295// 4312// 4316//
f 4295// 4316// 4308//
f 4314// 4300// 4293//
f 4318// 4291// 4305//
f 4296// 4313// 4301//
f 4328// 4299// 4306//
f 4304// 4328// 4306//
f 4326// 4304// 4297//
f 4297// 4289// 4317//
f 4297// 4317// 4326//
f 4319// 4317// 4301//
f 4302// 4292// 4321//
f 4292// 4300// 4321//
f 4309// 4293// 4283//
f 4287// 4308// 4310//
f 4287// 4310// 4311//
f 4311// 4296// 4290//
f 4317// 4289// 4288//
f 4301// 4317// 4288//
f 4307// 4285// 4315//
f 4302// 4285// 4286//
f 4285// 4302// 4315//
f 4294// 4312// 4295//
f 4286// 4292// 4302//
f 4309// 4283// 4318//
f 4287// 4311// 4290//
f 4292// 4280// 4300//
f 4293// 4300// 4280//
f 4318// 4283// 4291//
f 4267// 4305// 4291//
f 4296// 4301// 4276//
f 4301// 4288// 4276//
f 4306// 4299// 4281//
f 4304// 4306// 4281//
f 4277// 4285// 4307//
f 4278// 4280// 4292//
f 4286// 4278// 4292//
f 4296// 4284// 4290//
f 4284// 4296// 4276//
f 4275// 4303// 4305//
f 4289// 4273// 4288//
f 4297// 4304// 4279//
f 4289// 4297// 4279//
f 4270// 4277// 4307//
f 4270// 4307// 4294//
f 4295// 4270// 4294//
f 4274// 4293// 4280//
f 4266// 4295// 4308//
f 4274// 4283// 4293//
f 4264// 4283// 4274//
f 4284// 4282// 4290//
f 4275// 4298// 4303//
f 4299// 4298// 4265//
f 4299// 4265// 4272//
f 4273// 4289// 4271//
f 4304// 4281// 4279//
f 4271// 4289// 4279//
f 4262// 4295// 4266//
f 4266// 4308// 4287//
f 4282// 4284// 4256//
f 4288// 4273// 4276//
f 4298// 4275// 4265//
f 4269// 4266// 4287//
f 4269// 4287// 4290//
f 4283// 4264// 4268//
f 4283// 4268// 4291//
f 4267// 4291// 4268//
f 4275// 4305// 4267//
f 4284// 4276// 4251//
f 4284// 4251// 4256//
f 4249// 4286// 4285//
f 4277// 4249// 4285//
f 4263// 4280// 4278//
f 4295// 4262// 4270//
f 4269// 4290// 4282//
f 4299// 4272// 4281//
f 4253// 4279// 4281//
f 4257// 4249// 4277//
f 4270// 4257// 4277//
f 4263// 4244// 4280//
f 4280// 4250// 4274//
f 4274// 4250// 4248//
f 4274// 4248// 4264//
f 4255// 4266// 4269//
f 4269// 4282// 4255//
f 4255// 4282// 4256//
f 4276// 4273// 4259//
f 4273// 4271// 4259//
f 4281// 4272// 4258//
f 4254// 4263// 4278//
f 4254// 4278// 4286//
f 4249// 4254// 4286//
f 4250// 4280// 4244//
f 4252// 4266// 4255//
f 4261// 4275// 4267//
f 4265// 4275// 4261//
f 4259// 4260// 4276//
f 4252// 4262// 4266//
f 4238// 4268// 4264//
f 4261// 4241// 4265//
f 4260// 4251// 4276//
f 4272// 4265// 4242//
f 4272// 4242// 4258//
f 4281// 4258// 4253//
f 4243// 4244// 4263//
f 4254// 4243// 4263//
f 4247// 4257// 4270//
f 4262// 4247// 4270//
f 4252// 4247// 4262//
f 4251// 4260// 4245//
f 4244// 4236// 4250//
f 4257// 4247// 4249//
f 4267// 4268// 4238//
f 4267// 4238// 4226//
f 4260// 4259// 4245//
f 4279// 4253// 4246//
f 4271// 4279// 4246//
f 4271// 4246// 4231//
f 4259// 4271// 4231//
f 4231// 4240// 4259//
f 4230// 4243// 4254//
f 4249// 4230// 4254//
f 4235// 4247// 4252//
f 4232// 4235// 4252//
f 4232// 4252// 4255//
f 4237// 4255// 4256//
f 4256// 4251// 4239//
f 4267// 4233// 4261//
f 4242// 4265// 4241//
f 4253// 4258// 4234//
f 4253// 4218// 4246//
f 4217// 4244// 4243//
f 4238// 4264// 4248//
f 4232// 4255// 4237//
f 4216// 4256// 4239//
f 4233// 4241// 4261//
f 4258// 4242// 4234//
f 4259// 4240// 4245//
f 4217// 4236// 4244//
f 4230// 4217// 4243//
f 4224// 4250// 4236//
f 4249// 4225// 4230//
f 4225// 4249// 4247//
f 4235// 4225// 4247//
f 4235// 4232// 4215//
f 4237// 4256// 4216//
f 4228// 4267// 4226//
f 4267// 4228// 4233//
f 4251// 4245// 4227//
f 4251// 4227// 4239//
f 4218// 4253// 4234//
f 4246// 4218// 4223//
f 4231// 4246// 4223//
f 4240// 4231// 4219//
f 4248// 4250// 4224//
f 4221// 4238// 4248//
f 4239// 4227// 4220//
f 4227// 4245// 4229//
f 4245// 4240// 4229//
f 4248// 4224// 4221//
f 4226// 4238// 4221//
f 4219// 4222// 4240//
f 4222// 4229// 4240//
f 4236// 4190// 4224//
f 4225// 4208// 4230//
f 4232// 4237// 4216//
f 4226// 4194// 4228//
f 4216// 4239// 4210//
f 4228// 4194// 4203//
f 4210// 4239// 4220//
f 4228// 4203// 4233//
f 4214// 4242// 4241//
f 4234// 4242// 4214//
f 4208// 4217// 4230//
f 4199// 4208// 4225//
f 4235// 4199// 4225//
f 4224// 4200// 4221//
f 4201// 4221// 4200//
f 4215// 4232// 4191//
f 4221// 4201// 4226//
f 4209// 4241// 4233//
f 4241// 4209// 4213//
f 4227// 4229// 4212//
f 4229// 4222// 4212//
f 4214// 4211// 4234//
f 4218// 4234// 4211//
f 4223// 4198// 4231//
f 4217// 4205// 4236//
f 4205// 4190// 4236//
f 4215// 4199// 4235//
f 4191// 4232// 4216//
f 4226// 4201// 4194//
f 4195// 4216// 4210//
f 4220// 4227// 4207//
f 4220// 4207// 4204//
f 4227// 4212// 4207//
f 4222// 4219// 4206//
f 4223// 4218// 4197//
f 4187// 4205// 4217//
f 4208// 4187// 4217//
f 4200// 4224// 4190//
f 4215// 4185// 4199//
f 4185// 4215// 4191//
f 4220// 4204// 4210//
f 4209// 4233// 4203//
f 4213// 4214// 4241//
f 4219// 4231// 4196//
f 4218// 4211// 4193//
f 4198// 4223// 4197//
f 4181// 4190// 4205//
f 4182// 4187// 4208//
f 4199// 4182// 4208//
f 4175// 4201// 4200//
f 4207// 4212// 4189//
f 4213// 4209// 4192//
f 4213// 4192// 4214//
f 4222// 4206// 4212//
f 4211// 4214// 4202//
f 4218// 4193// 4197//
f 4231// 4198// 4196//
f 4181// 4205// 4187//
f 4191// 4216// 4195//
f 4195// 4210// 4178//
f 4210// 4204// 4178//
f 4212// 4206// 4189//
f 4202// 4214// 4192//
f 4219// 4184// 4206//
f 4211// 4202// 4188//
f 4196// 4184// 4219//
f 4199// 4166// 4182//
f 4200// 4190// 4174//
f 4169// 4201// 4175//
f 4201// 4169// 4194//
f 4204// 4207// 4178//
f 4209// 4203// 4180//
f 4192// 4209// 4180//
f 4184// 4186// 4206//
f 4161// 4190// 4181//
f 4174// 4190// 4161//
f 4175// 4200// 4174//
f 4199// 4185// 4166//
f 4202// 4192// 4183//
f 4183// 4188// 4202//
f 4179// 4184// 4196//
f 4161// 4181// 4187//
f 4162// 4161// 4187//
f 4162// 4187// 4182//
f 4158// 4162// 4182//
f 4166// 4158// 4182//
f 4191// 4195// 4164//
f 4195// 4178// 4164//
f 4194// 4169// 4172//
f 4194// 4172// 4203//
f 4180// 4203// 4172//
f 4207// 4189// 4170//
f 4180// 4160// 4192//
f 4192// 4160// 4165//
f 4206// 4186// 4189//
f 4165// 4183// 4192//
f 4183// 4165// 4167//
f 4193// 4211// 4188//
f 4196// 4198// 4179//
f 4197// 4193// 4176//
f 4198// 4197// 4176//
f 4198// 4176// 4177//
f 4177// 4179// 4198//
f 4185// 4191// 4164//
f 4169// 4175// 4151//
f 4183// 4168// 4188//
f 4188// 4168// 4173//
f 4193// 4188// 4173//
f 4176// 4193// 4173//
f 4117// 4161// 4162//
f 4133// 4174// 4161//
f 4151// 4174// 4133//
f 4166// 4185// 4150//
f 4151// 4175// 4174//
f 4178// 4207// 4171//
f 4180// 4172// 4160//
f 4207// 4170// 4171//
f 4189// 4186// 4079//
f 4184// 4163// 4186//
f 4168// 4183// 4167//
f 4173// 4168// 4157//
f 4184// 4156// 4155//
f 4117// 4133// 4161//
f 4158// 4166// 4121//
f 4185// 4164// 4150//
f 4151// 4113// 4169//
f 4178// 4171// 4159//
f 4160// 4172// 4132//
f 4079// 4186// 4163//
f 4184// 4155// 4163//
f 4184// 4179// 4156//
f 4154// 4179// 4177//
f 4162// 4118// 4117//
f 4158// 4118// 4162//
f 4121// 4118// 4158//
f 4113// 4151// 4101//
f 4164// 4178// 4159//
f 4172// 4169// 4123//
f 4156// 4179// 4154//
f 4176// 4153// 4177//
f 4153// 4154// 4177//
f 4166// 4150// 4121//
f 4164// 4159// 4150//
f 4169// 4113// 4123//
f 4159// 4171// 4152//
f 4132// 4172// 4123//
f 4152// 4171// 4170//
f 4096// 4189// 4079//
f 4173// 4116// 4176//
f 4176// 4116// 4153//
f 4133// 4085// 4151//
f 4101// 4151// 4085//
f 4167// 4165// 4064//
f 4163// 4076// 4072//
f 4167// 4052// 4168//
f 4155// 4076// 4163//
f 4168// 4042// 4157//
f 4173// 4157// 4116//
f 4154// 4049// 4156//
f 4085// 4133// 4117//
f 4108// 4129// 4134//
f 4135// 4126// 4143//
f 4150// 4075// 4121//
f 4129// 4119// 4141//
f 4143// 4126// 4127//
f 4119// 4128// 4141//
f 4135// 4143// 4146//
f 4115// 4135// 4131//
f 4131// 4135// 4146//
f 4134// 4129// 4141//
f 4141// 4128// 4137//
f 4143// 4127// 4138//
f 4134// 4141// 4148//
f 4146// 4143// 4149//
f 4131// 4146// 4145//
f 4143// 4138// 4149//
f 4138// 4127// 4124//
f 4141// 4137// 4147//
f 4102// 4134// 4125//
f 4111// 4131// 4130//
f 4131// 4145// 4130//
f 4134// 4148// 4125//
f 4148// 4141// 4147//
f 4145// 4146// 4149//
f 4170// 4189// 4096//
f 4138// 4124// 4136//
f 4149// 4138// 4136//
f 4147// 4137// 4120//
f 4114// 4136// 4124//
f 4148// 4147// 4144//
f 4144// 4147// 4139//
f 4125// 4148// 4144//
f 4149// 4136// 4142//
f 4145// 4149// 4140//
f 4147// 4120// 4139//
f 4140// 4149// 4142//
f 4130// 4145// 4140//
f 4163// 4072// 4079//
f 4125// 4144// 4112//
f 4130// 4140// 4103//
f 4064// 4052// 4167//
f 4112// 4144// 4122//
f 4092// 4103// 4140//
f 4139// 4120// 4107//
f 4136// 4114// 4109//
f 4144// 4139// 4122//
f 4142// 4136// 4109//
f 4142// 4109// 4104//
f 4140// 4142// 4104//
f 4092// 4140// 4104//
f 4156// 4049// 4155//
f 4139// 4107// 4098//
f 4122// 4139// 4098//
f 4108// 4089// 4129//
f 4089// 4119// 4129//
f 4110// 4126// 4135//
f 4090// 4094// 4126//
f 4100// 4110// 4115//
f 4118// 4121// 4060//
f 4115// 4110// 4135//
f 4126// 4094// 4127//
f 4119// 4105// 4128//
f 4128// 4105// 4106//
f 4097// 4108// 4134//
f 4102// 4055// 4097//
f 4159// 4083// 4150//
f 4134// 4102// 4097//
f 4111// 4115// 4131//
f 4106// 4137// 4128//
f 4159// 4078// 4083//
f 4159// 4152// 4078//
f 4152// 4170// 4096//
f 4114// 4124// 4091//
f 4130// 4099// 4111//
f 4165// 4160// 4082//
f 4120// 4137// 4106//
f 4093// 4102// 4125//
f 4093// 4125// 4112//
f 4130// 4103// 4099//
f 4114// 4091// 4084//
f 4120// 4095// 4107//
f 4114// 4084// 4109//
f 4122// 4086// 4112//
f 4155// 4049// 4076//
f 4086// 4122// 4069//
f 4116// 4157// 4023//
f 4049// 4154// 4006//
f 4107// 4062// 4098//
f 4069// 4122// 4098//
f 4104// 4109// 4073//
f 4153// 4116// 4010//
f 4154// 4153// 4006//
f 4071// 4090// 4126//
f 4067// 4071// 4126//
f 4061// 4067// 4110//
f 4061// 4110// 4100//
f 4065// 4081// 4119//
f 4089// 4065// 4119//
f 4110// 4067// 4126//
f 4048// 4089// 4108//
f 4056// 4048// 4108//
f 4005// 4061// 4080//
f 4061// 4100// 4080//
f 4090// 4070// 4094//
f 4119// 4081// 4058//
f 4115// 4080// 4100//
f 4035// 4085// 4117//
f 4117// 4060// 4035//
f 4060// 4117// 4118//
f 4121// 4033// 4060//
f 4080// 4115// 4088//
f 4033// 4121// 4075//
f 4119// 4058// 4105//
f 4085// 4050// 4101//
f 4105// 4058// 4066//
f 4094// 4070// 4127//
f 4105// 4066// 4106//
f 4070// 4087// 4127//
f 4066// 4077// 4106//
f 4115// 4111// 4088//
f 4113// 4046// 4123//
f 4124// 4127// 4087//
f 4077// 4059// 4106//
f 4054// 4102// 4093//
f 4087// 4053// 4091//
f 4096// 4068// 4152//
f 4106// 4059// 4120//
f 4030// 4111// 4099//
f 4120// 4059// 4018//
f 4054// 4093// 4063//
f 4091// 4124// 4087//
f 4160// 4132// 4082//
f 4030// 4099// 4021//
f 4091// 4053// 4024//
f 4093// 4112// 4063//
f 4112// 4074// 4063//
f 4095// 4120// 4018//
f 4112// 4086// 4074//
f 4084// 4024// 4047//
f 4095// 4037// 4107//
f 4042// 4168// 4052//
f 4047// 4038// 4084//
f 4069// 4036// 4086//
f 4109// 4084// 4038//
f 4038// 4073// 4109//
f 4092// 4104// 4051//
f 4069// 4098// 4041//
f 4051// 4104// 4029//
f 4098// 4057// 4041//
f 4029// 4104// 4073//
f 4062// 4057// 4098//
f 4048// 4032// 4065//
f 4031// 4016// 4071//
f 4039// 4067// 4061//
f 4067// 4031// 4071//
f 4032// 4081// 4065//
f 4081// 4014// 4058//
f 4089// 4048// 4065//
f 4013// 4048// 4056//
f 4090// 4071// 4028//
f 4090// 4028// 4070//
f 4045// 4005// 4080//
f 4055// 4056// 4097//
f 4056// 4108// 4097//
f 4088// 4045// 4080//
f 4066// 4058// 4034//
f 4050// 4044// 4113//
f 4083// 4075// 4150//
f 4050// 4113// 4101//
f 4087// 4070// 4022//
f 4066// 3972// 4077//
f 4102// 4054// 4055//
f 3988// 4054// 4063//
f 4087// 4022// 4053//
f 4046// 4043// 4123//
f 4078// 4152// 4068//
f 4132// 4123// 4043//
f 4059// 4020// 4018//
f 4165// 4082// 4064//
f 4084// 4091// 4024//
f 4099// 4103// 4021//
f 4095// 4018// 4037//
f 4040// 4074// 4086//
f 4037// 3970// 4107//
f 4069// 3977// 4036//
f 4116// 4023// 4010//
f 4038// 3966// 4073//
f 4029// 3927// 4051//
f 4007// 4041// 4057//
f 4039// 4031// 4067//
f 4008// 4032// 4048//
f 4048// 3987// 4008//
f 4013// 3987// 4048//
f 4016// 4028// 4071//
f 4032// 4014// 4081//
f 4014// 3946// 4058//
f 4028// 4012// 4070//
f 3946// 4034// 4058//
f 4056// 4055// 3982//
f 4060// 3965// 4035//
f 4035// 4000// 4085//
f 4033// 4075// 4001//
f 4001// 4075// 4019//
f 4012// 4022// 4070//
f 4019// 4075// 4083//
f 4083// 3980// 4019//
f 3972// 4059// 4077//
f 4054// 3988// 4055//
f 4045// 4088// 3953//
f 4044// 4046// 4113//
f 4022// 3941// 4053//
f 3990// 4083// 4078//
f 3988// 4063// 3971//
f 3990// 4078// 4068//
f 3991// 3990// 4068//
f 4088// 4111// 4017//
f 4030// 3996// 4017//
f 3991// 4068// 4025//
f 4030// 4017// 4111//
f 4068// 4096// 4025//
f 4132// 4043// 4082//
f 4043// 4027// 4082//
f 4074// 3971// 4063//
f 4020// 3994// 4018//
f 4082// 4027// 4064//
f 4025// 4096// 4026//
f 4096// 4079// 4026//
f 4004// 4026// 4079//
f 4018// 3997// 4037//
f 4009// 4021// 4103//
f 4027// 4003// 4064//
f 4072// 4004// 4079//
f 4004// 4072// 3999//
f 4092// 3984// 4103//
f 3984// 4009// 4103//
f 4052// 4064// 4003//
f 4002// 3999// 4072//
f 4076// 4002// 4072//
f 3997// 3970// 4037//
f 4052// 4003// 3955//
f 4052// 3955// 4042//
f 4086// 4036// 4040//
f 3986// 4002// 4076//
f 3970// 4062// 4107//
f 4076// 4049// 3986//
f 4157// 4042// 3947//
f 3993// 3945// 4038//
f 4157// 3947// 4023//
f 3886// 4049// 4006//
f 4153// 4010// 3914//
f 3958// 3977// 4069//
f 4041// 3958// 4069//
f 4057// 4062// 3992//
f 3969// 4031// 4039//
f 4039// 3976// 3969//
f 3976// 4039// 4005//
f 4016// 3950// 4028//
f 4039// 4061// 4005//
f 3950// 3968// 4028//
f 4013// 4056// 3973//
f 3961// 4005// 4045//
f 4056// 3982// 3973//
f 4028// 3968// 4012//
f 3953// 3961// 4045//
f 4033// 3965// 4060//
f 4000// 4011// 4050//
f 4050// 4085// 4000//
f 4019// 3962// 4001//
f 4050// 3957// 3979//
f 4066// 4034// 3925//
f 4012// 3931// 4022//
f 4044// 4050// 3979//
f 3982// 4055// 3988//
f 4044// 3959// 4046//
f 3953// 4088// 4017//
f 4083// 3990// 3980//
f 4053// 3941// 4024//
f 4046// 4015// 4043//
f 4015// 3964// 3983//
f 4020// 3933// 3994//
f 4043// 4015// 3983//
f 3983// 4027// 4043//
f 3991// 4025// 3989//
f 3963// 3991// 3989//
f 3971// 4074// 3967//
f 4030// 4021// 3996//
f 3985// 3996// 4021//
f 4027// 3983// 3998//
f 4025// 4026// 3989//
f 4018// 3994// 3981//
f 3978// 3989// 4026//
f 4018// 3981// 3997//
f 4040// 3967// 4074//
f 3874// 4047// 4024//
f 4027// 3998// 4003//
f 3985// 4021// 4009//
f 3981// 3975// 3997//
f 3985// 4009// 3938//
f 4026// 4004// 3978//
f 3984// 3930// 4009//
f 3997// 3949// 3970//
f 4047// 3960// 3993//
f 4040// 4036// 3995//
f 3993// 4038// 4047//
f 4036// 3929// 3995//
f 3955// 3954// 4042//
f 4036// 3977// 3929//
f 3954// 3947// 4042//
f 3908// 3986// 4049//
f 4062// 3970// 3910//
f 4038// 3909// 3966//
f 3914// 4006// 4153//
f 4029// 4073// 3966//
f 3883// 3927// 4029//
f 4057// 3992// 3928//
f 4041// 4007// 3894//
f 4029// 3966// 3919//
f 3928// 4007// 4057//
f 3923// 3921// 4031//
f 3969// 3923// 4031//
f 3921// 3950// 4016//
f 3921// 4016// 4031//
f 4032// 3911// 4014//
f 4013// 3915// 3987//
f 3965// 3939// 4035//
f 3900// 3961// 3953//
f 3939// 3943// 4000//
f 3939// 4000// 4035//
f 4033// 3936// 3965//
f 4033// 3942// 3936//
f 3942// 4033// 4001//
f 4011// 4000// 3943//
f 3943// 3957// 4011//
f 3980// 3884// 3962//
f 3957// 4050// 4011//
f 3980// 3962// 4019//
f 3979// 3904// 3959//
f 3982// 3988// 3922//
f 3979// 3959// 4044//
f 3972// 4066// 3925//
f 4022// 3931// 3941//
f 3920// 4020// 3972//
f 3926// 3980// 3990//
f 4059// 3972// 4020//
f 3959// 3934// 4015//
f 4046// 3959// 4015//
f 3922// 3988// 3971//
f 3922// 3971// 3924//
f 3918// 4017// 3996//
f 4015// 3934// 3964//
f 3990// 3991// 3940//
f 3963// 3940// 3991//
f 3879// 3996// 3951//
f 3933// 3974// 3994//
f 3944// 3951// 3956//
f 3964// 3944// 3956//
f 3964// 3956// 3983//
f 3996// 3985// 3951//
f 3974// 3963// 3981//
f 3994// 3974// 3981//
f 3971// 3967// 3924//
f 3956// 3951// 3985//
f 3983// 3956// 3952//
f 3963// 3989// 3981//
f 3952// 3956// 3937//
f 3998// 3983// 3952//
f 3956// 3985// 3937//
f 3981// 3989// 3975//
f 3978// 3975// 3989//
f 3937// 3985// 3938//
f 3975// 3978// 3948//
f 3952// 3912// 3998//
f 3975// 3948// 3997//
f 4003// 3998// 3912//
f 4004// 3999// 3935//
f 3978// 4004// 3935//
f 3997// 3948// 3949//
f 3938// 4009// 3930//
f 4003// 3912// 3955//
f 3999// 4002// 3935//
f 3949// 3913// 3970//
f 3930// 3984// 3893//
f 3935// 4002// 3907//
f 4092// 3905// 3984//
f 3899// 4002// 3986//
f 3945// 3993// 3878//
f 4092// 4051// 3905//
f 3947// 3810// 4023//
f 3886// 3908// 4049//
f 4062// 3910// 3992//
f 3945// 3909// 4038//
f 4023// 3869// 4010//
f 4010// 3869// 3914//
f 3914// 3844// 4006//
f 3894// 3958// 4041//
f 3909// 3895// 3966//
f 3919// 3966// 3895//
f 3891// 3894// 4007//
f 3901// 3871// 3976//
f 3969// 3976// 3871//
f 4032// 4008// 3896//
f 4008// 3987// 3873//
f 3932// 3887// 3976//
f 3881// 3915// 4013//
f 3932// 3976// 4005//
f 3881// 4013// 3973//
f 3950// 3882// 3968//
f 3932// 4005// 3961//
f 3968// 3876// 3902//
f 3968// 3902// 4012//
f 3892// 3973// 3982//
f 4034// 3946// 3877//
f 3962// 3942// 4001//
f 3957// 3943// 3856//
f 3877// 3925// 4034//
f 3982// 3889// 3892//
f 3957// 3904// 3979//
f 3925// 3920// 3972//
f 4012// 3902// 3931//
f 3884// 3980// 3926//
f 3904// 3934// 3959//
f 3982// 3922// 3889//
f 3918// 3953// 4017//
f 3941// 3931// 3863//
f 3933// 4020// 3920//
f 3879// 3918// 3996//
f 3940// 3926// 3990//
f 3934// 3917// 3964//
f 3890// 3897// 3974//
f 3964// 3917// 3944//
f 3897// 3940// 3963//
f 3858// 3922// 3924//
f 3974// 3897// 3963//
f 3898// 3951// 3944//
f 3874// 4024// 3941//
f 3967// 3916// 3924//
f 4047// 3874// 3960//
f 3967// 4040// 3995//
f 3967// 3995// 3916//
f 3952// 3937// 3912//
f 3912// 3937// 3906//
f 3948// 3978// 3935//
f 3937// 3938// 3906//
f 3995// 3929// 3859//
f 3930// 3906// 3938//
f 3948// 3935// 3903//
f 3993// 3960// 3861//
f 3935// 3907// 3903//
f 3949// 3948// 3903//
f 3949// 3903// 3888//
f 3949// 3888// 3913//
f 3955// 3880// 3954//
f 3984// 3905// 3893//
f 3899// 3907// 4002//
f 3913// 3910// 3970//
f 3899// 3857// 3907//
f 3954// 3833// 3947//
f 3899// 3986// 3908//
f 3833// 3829// 3947//
f 3829// 3810// 3947//
f 3909// 3945// 3848//
f 3927// 3851// 4051//
f 3910// 3885// 3992//
f 3886// 4006// 3844//
f 3853// 3977// 3958//
f 3869// 3768// 3914//
f 3894// 3823// 3958//
f 3885// 3928// 3992//
f 3919// 3883// 4029//
f 4007// 3928// 3891//
f 3871// 3923// 3969//
f 3896// 3911// 4032//
f 3873// 3896// 4008//
f 3813// 3875// 3911//
f 3987// 3915// 3805//
f 4014// 3911// 3875//
f 4014// 3875// 3946//
f 3950// 3872// 3882//
f 3892// 3841// 3973//
f 3936// 3870// 3845//
f 3882// 3876// 3968//
f 3852// 3939// 3965//
f 3965// 3936// 3845//
f 3870// 3936// 3942//
f 3943// 3939// 3854//
f 3868// 3855// 3942//
f 3868// 3962// 3884//
f 3900// 3953// 3918//
f 3926// 3940// 3884//
f 3933// 3890// 3974//
f 3917// 3898// 3944//
f 3898// 3879// 3951//
f 3941// 3863// 3874//
f 3798// 3960// 3874//
f 3995// 3859// 3916//
f 3906// 3930// 3865//
f 3880// 3955// 3912//
f 3906// 3865// 3912//
f 3912// 3865// 3880//
f 3993// 3861// 3878//
f 3880// 3833// 3954//
f 3913// 3864// 3910//
f 3929// 3977// 3853//
f 3945// 3878// 3848//
f 3851// 3905// 4051//
f 3908// 3886// 3832//
f 3864// 3799// 3885//
f 3864// 3885// 3910//
f 4023// 3810// 3869//
f 3958// 3823// 3853//
f 3883// 3919// 3834//
f 3891// 3928// 3838//
f 3923// 3828// 3921//
f 3901// 3820// 3871//
f 3921// 3830// 3950//
f 3887// 3901// 3976//
f 3896// 3813// 3911//
f 3950// 3830// 3872//
f 3887// 3932// 3809//
f 3841// 3881// 3973//
f 3867// 3932// 3961//
f 3946// 3842// 3877//
f 3849// 3856// 3943//
f 3854// 3849// 3943//
f 3840// 3867// 3961//
f 3856// 3862// 3957//
f 3961// 3900// 3840//
f 3862// 3843// 3957//
f 3942// 3962// 3868//
f 3877// 3850// 3920//
f 3866// 3840// 3900//
f 3884// 3835// 3868//
f 3843// 3904// 3957//
f 3850// 3890// 3920//
f 3925// 3877// 3920//
f 3900// 3918// 3866//
f 3866// 3918// 3879//
f 3904// 3843// 3934//
f 3920// 3890// 3933//
f 3843// 3917// 3934//
f 3940// 3839// 3884//
f 3827// 3898// 3917//
f 3922// 3821// 3889//
f 3821// 3922// 3858//
f 3924// 3847// 3858//
f 3924// 3916// 3847//
f 3859// 3847// 3916//
f 3859// 3774// 3847//
f 3861// 3960// 3802//
f 3930// 3893// 3846//
f 3846// 3865// 3930//
f 3888// 3903// 3860//
f 3857// 3860// 3903//
f 3857// 3903// 3907//
f 3888// 3864// 3913//
f 3905// 3851// 3893//
f 3851// 3846// 3893//
f 3829// 3833// 3779//
f 3782// 3857// 3899//
f 3832// 3899// 3908//
f 3927// 3789// 3851//
f 3886// 3844// 3790//
f 3844// 3914// 3768//
f 3909// 3781// 3786//
f 3895// 3909// 3786//
f 3928// 3885// 3819//
f 3919// 3895// 3806//
f 3834// 3919// 3806//
f 3891// 3784// 3894//
f 3871// 3801// 3923//
f 3801// 3828// 3923//
f 3805// 3814// 3873//
f 3987// 3805// 3873//
f 3797// 3820// 3901//
f 3797// 3901// 3887//
f 3814// 3813// 3896//
f 3873// 3814// 3896//
f 3921// 3828// 3830//
f 3793// 3805// 3915//
f 3881// 3770// 3793//
f 3881// 3793// 3915//
f 3815// 3800// 3875//
f 3887// 3809// 3797//
f 3875// 3800// 3842//
f 3872// 3765// 3882//
f 3932// 3867// 3809//
f 3875// 3842// 3946//
f 3831// 3845// 3870//
f 3852// 3854// 3939//
f 3845// 3852// 3965//
f 3942// 3855// 3870//
f 3842// 3850// 3877//
f 3836// 3840// 3866//
f 3890// 3825// 3897//
f 3879// 3836// 3866//
f 3898// 3836// 3879//
f 3825// 3839// 3897//
f 3897// 3839// 3940//
f 3931// 3902// 3822//
f 3827// 3836// 3898//
f 3931// 3822// 3863//
f 3859// 3929// 3772//
f 3865// 3807// 3833//
f 3880// 3865// 3833//
f 3888// 3860// 3824//
f 3929// 3853// 3817//
f 3857// 3803// 3860//
f 3864// 3888// 3824//
f 3803// 3857// 3782//
f 3899// 3832// 3782//
f 3789// 3846// 3851//
f 3886// 3767// 3832//
f 3883// 3796// 3927//
f 3790// 3767// 3886//
f 3838// 3928// 3819//
f 3806// 3895// 3786//
f 3891// 3838// 3784//
f 3815// 3875// 3813//
f 3830// 3804// 3872//
f 3841// 3770// 3881//
f 3872// 3804// 3765//
f 3854// 3788// 3849//
f 3855// 3831// 3870//
f 3808// 3831// 3855//
f 3794// 3808// 3855//
f 3876// 3882// 3777//
f 3840// 3809// 3867//
f 3794// 3855// 3868//
f 3841// 3892// 3812//
f 3849// 3818// 3856//
f 3856// 3818// 3862//
f 3842// 3783// 3850//
f 3850// 3783// 3825//
f 3876// 3777// 3826//
f 3818// 3843// 3862//
f 3902// 3876// 3826//
f 3840// 3836// 3811//
f 3835// 3884// 3839//
f 3850// 3825// 3890//
f 3826// 3822// 3902//
f 3843// 3827// 3917//
f 3837// 3892// 3889//
f 3874// 3863// 3816//
f 3960// 3798// 3802//
f 3929// 3817// 3772//
f 3878// 3861// 3795//
f 3865// 3846// 3807//
f 3776// 3807// 3846//
f 3824// 3860// 3803//
f 3848// 3878// 3759//
f 3846// 3789// 3776//
f 3864// 3824// 3799//
f 3782// 3832// 3767//
f 3819// 3885// 3799//
f 3853// 3823// 3757//
f 3848// 3781// 3909//
f 3844// 3768// 3743//
f 3834// 3796// 3883//
f 3844// 3743// 3790//
f 3792// 3801// 3871//
f 3828// 3801// 3775//
f 3871// 3820// 3792//
f 3769// 3814// 3805//
f 3852// 3845// 3787//
f 3788// 3854// 3852//
f 3852// 3787// 3788//
f 3788// 3780// 3849//
f 3766// 3783// 3842//
f 3794// 3755// 3808//
f 3780// 3758// 3818//
f 3818// 3849// 3780//
f 3783// 3794// 3825//
f 3868// 3835// 3794//
f 3825// 3794// 3839//
f 3794// 3835// 3839//
f 3812// 3892// 3837//
f 3843// 3791// 3827//
f 3791// 3811// 3836//
f 3836// 3827// 3791//
f 3837// 3889// 3821//
f 3874// 3816// 3798//
f 3847// 3778// 3858//
f 3774// 3778// 3847//
f 3779// 3833// 3807//
f 3759// 3878// 3795//
f 3803// 3771// 3824//
f 3799// 3824// 3771//
f 3927// 3796// 3789//
f 3767// 3790// 3731//
f 3823// 3736// 3757//
f 3819// 3745// 3838//
f 3894// 3784// 3734//
f 3834// 3806// 3756//
f 3775// 3741// 3828//
f 3814// 3722// 3813//
f 3797// 3760// 3820//
f 3815// 3813// 3763//
f 3763// 3800// 3815//
f 3752// 3787// 3845//
f 3764// 3845// 3831//
f 3804// 3698// 3765//
f 3808// 3761// 3831//
f 3842// 3800// 3766//
f 3758// 3791// 3818//
f 3818// 3791// 3843//
f 3837// 3785// 3812//
f 3837// 3821// 3785//
f 3863// 3822// 3773//
f 3863// 3773// 3762//
f 3863// 3762// 3816//
f 3821// 3858// 3754//
f 3858// 3778// 3754//
f 3817// 3853// 3757//
f 3829// 3779// 3810//
f 3782// 3767// 3739//
f 3848// 3759// 3781//
f 3810// 3728// 3869//
f 3796// 3730// 3789//
f 3790// 3743// 3695//
f 3823// 3894// 3734//
f 3745// 3819// 3708//
f 3784// 3838// 3745//
f 3721// 3722// 3814//
f 3769// 3721// 3814//
f 3792// 3820// 3760//
f 3741// 3830// 3828//
f 3713// 3805// 3793//
f 3797// 3750// 3760//
f 3763// 3813// 3737//
f 3749// 3698// 3804//
f 3804// 3830// 3749//
f 3752// 3845// 3764//
f 3800// 3719// 3766//
f 3831// 3761// 3764//
f 3841// 3740// 3770//
f 3753// 3718// 3809//
f 3738// 3780// 3788//
f 3766// 3735// 3783//
f 3809// 3840// 3753//
f 3882// 3765// 3777//
f 3735// 3755// 3783//
f 3783// 3755// 3794//
f 3811// 3753// 3840//
f 3758// 3811// 3791//
f 3747// 3812// 3785//
f 3744// 3821// 3754//
f 3816// 3762// 3733//
f 3798// 3816// 3733//
f 3798// 3726// 3802//
f 3859// 3772// 3774//
f 3817// 3757// 3748//
f 3779// 3807// 3709//
f 3779// 3709// 3810//
f 3803// 3706// 3771//
f 3799// 3712// 3819//
f 3869// 3728// 3768//
f 3819// 3712// 3708//
f 3768// 3657// 3743//
f 3790// 3695// 3705//
f 3705// 3727// 3790//
f 3796// 3834// 3707//
f 3796// 3707// 3711//
f 3806// 3786// 3715//
f 3834// 3756// 3707//
f 3683// 3775// 3801//
f 3801// 3792// 3729//
f 3760// 3703// 3729//
f 3792// 3760// 3729//
f 3737// 3813// 3722//
f 3713// 3769// 3805//
f 3699// 3763// 3737//
f 3713// 3793// 3693//
f 3741// 3749// 3830//
f 3793// 3704// 3693//
f 3793// 3770// 3704//
f 3787// 3752// 3746//
f 3718// 3750// 3797//
f 3746// 3738// 3788//
f 3788// 3787// 3746//
f 3761// 3717// 3764//
f 3763// 3719// 3800//
f 3797// 3809// 3718//
f 3808// 3720// 3761//
f 3841// 3692// 3740//
f 3738// 3732// 3780//
f 3719// 3735// 3766//
f 3720// 3808// 3755//
f 3780// 3732// 3758//
f 3841// 3812// 3692//
f 3765// 3696// 3777//
f 3758// 3753// 3811//
f 3812// 3747// 3692//
f 3826// 3777// 3751//
f 3751// 3822// 3826//
f 3742// 3785// 3821//
f 3822// 3724// 3773//
f 3798// 3733// 3726//
f 3778// 3774// 3702//
f 3802// 3726// 3697//
f 3774// 3772// 3723//
f 3861// 3802// 3697//
f 3795// 3861// 3697//
f 3701// 3759// 3795//
f 3807// 3776// 3709//
f 3803// 3782// 3706//
f 3776// 3789// 3730//
f 3810// 3709// 3728//
f 3706// 3712// 3771//
f 3799// 3771// 3712//
f 3731// 3790// 3727//
f 3796// 3711// 3665//
f 3823// 3734// 3736//
f 3756// 3806// 3715//
f 3801// 3729// 3683//
f 3741// 3686// 3749//
f 3750// 3694// 3760//
f 3710// 3687// 3746//
f 3710// 3746// 3752//
f 3764// 3717// 3752//
f 3720// 3717// 3761//
f 3714// 3720// 3755//
f 3735// 3714// 3755//
f 3758// 3732// 3753//
f 3785// 3674// 3747//
f 3785// 3742// 3674//
f 3822// 3751// 3724//
f 3821// 3744// 3742//
f 3774// 3723// 3702//
f 3725// 3795// 3697//
f 3772// 3817// 3723//
f 3817// 3748// 3601//
f 3701// 3795// 3725//
f 3709// 3776// 3662//
f 3776// 3730// 3662//
f 3767// 3731// 3739//
f 3759// 3658// 3781//
f 3665// 3730// 3796//
f 3786// 3781// 3682//
f 3731// 3727// 3666//
f 3768// 3728// 3670//
f 3768// 3670// 3657//
f 3743// 3657// 3695//
f 3673// 3734// 3784//
f 3784// 3745// 3672//
f 3683// 3741// 3775//
f 3691// 3710// 3752//
f 3680// 3694// 3750//
f 3752// 3717// 3691//
f 3770// 3740// 3704//
f 3720// 3689// 3717//
f 3750// 3718// 3680//
f 3732// 3738// 3716//
f 3714// 3664// 3720//
f 3740// 3692// 3644//
f 3700// 3688// 3732//
f 3753// 3732// 3718//
f 3777// 3696// 3647//
f 3773// 3724// 3684//
f 3685// 3742// 3744//
f 3684// 3762// 3773//
f 3754// 3778// 3679//
f 3679// 3778// 3702//
f 3558// 3601// 3748//
f 3782// 3739// 3668//
f 3706// 3782// 3668//
f 3666// 3739// 3731//
f 3781// 3658// 3682//
f 3715// 3786// 3671//
f 3695// 3629// 3705//
f 3756// 3715// 3663//
f 3707// 3756// 3663//
f 3745// 3708// 3677//
f 3784// 3672// 3673//
f 3683// 3643// 3741//
f 3741// 3643// 3686//
f 3729// 3703// 3659//
f 3721// 3769// 3713//
f 3694// 3703// 3760//
f 3686// 3633// 3698//
f 3749// 3686// 3698//
f 3717// 3656// 3691//
f 3687// 3678// 3738//
f 3738// 3746// 3687//
f 3678// 3716// 3738//
f 3763// 3661// 3719//
f 3716// 3700// 3732//
f 3719// 3676// 3735//
f 3688// 3680// 3718//
f 3714// 3735// 3676//
f 3732// 3688// 3718//
f 3777// 3647// 3690//
f 3674// 3692// 3747//
f 3777// 3690// 3751//
f 3751// 3690// 3681//
f 3669// 3674// 3742//
f 3669// 3742// 3685//
f 3724// 3751// 3681//
f 3733// 3762// 3684//
f 3645// 3754// 3679//
f 3733// 3652// 3726//
f 3723// 3601// 3654//
f 3723// 3817// 3601//
f 3748// 3757// 3675//
f 3701// 3650// 3759//
f 3709// 3662// 3651//
f 3709// 3640// 3728//
f 3666// 3668// 3739//
f 3757// 3736// 3615//
f 3786// 3682// 3671//
f 3657// 3670// 3621//
f 3683// 3729// 3659//
f 3632// 3721// 3713//
f 3737// 3722// 3627//
f 3703// 3694// 3638//
f 3716// 3678// 3700//
f 3704// 3740// 3644//
f 3765// 3698// 3634//
f 3714// 3614// 3664//
f 3676// 3614// 3714//
f 3724// 3681// 3649//
f 3660// 3685// 3744//
f 3744// 3754// 3660//
f 3754// 3645// 3660//
f 3684// 3652// 3733//
f 3702// 3723// 3654//
f 3697// 3726// 3598//
f 3725// 3697// 3598//
f 3558// 3748// 3595//
f 3748// 3675// 3595//
f 3658// 3759// 3650//
f 3709// 3651// 3640//
f 3662// 3730// 3665//
f 3708// 3712// 3631//
f 3711// 3667// 3665//
f 3711// 3707// 3667//
f 3745// 3677// 3672//
f 3695// 3657// 3626//
f 3609// 3627// 3722//
f 3722// 3721// 3632//
f 3713// 3641// 3632//
f 3655// 3656// 3717//
f 3704// 3637// 3693//
f 3689// 3655// 3717//
f 3639// 3636// 3689//
f 3699// 3661// 3763//
f 3694// 3680// 3612//
f 3678// 3642// 3700//
f 3689// 3720// 3639//
f 3661// 3676// 3719//
f 3680// 3688// 3646//
f 3634// 3696// 3765//
f 3653// 3646// 3688//
f 3700// 3653// 3688//
f 3690// 3647// 3635//
f 3690// 3635// 3681//
f 3724// 3649// 3684//
f 3605// 3650// 3701//
f 3757// 3628// 3675//
f 3615// 3628// 3757//
f 3625// 3668// 3666//
f 3736// 3597// 3615//
f 3728// 3640// 3670//
f 3625// 3666// 3727//
f 3727// 3705// 3625//
f 3734// 3594// 3736//
f 3671// 3682// 3620//
f 3626// 3629// 3695//
f 3686// 3643// 3633//
f 3604// 3710// 3691//
f 3656// 3604// 3691//
f 3699// 3737// 3627//
f 3713// 3693// 3641//
f 3638// 3694// 3612//
f 3689// 3636// 3655//
f 3687// 3648// 3678//
f 3699// 3613// 3661//
f 3704// 3610// 3637//
f 3642// 3678// 3648//
f 3704// 3644// 3610//
f 3698// 3622// 3634//
f 3720// 3664// 3639//
f 3586// 3653// 3700//
f 3700// 3642// 3586//
f 3623// 3692// 3674//
f 3669// 3685// 3630//
f 3630// 3685// 3660//
f 3726// 3652// 3619//
f 3701// 3725// 3605//
f 3675// 3628// 3592//
f 3640// 3651// 3582//
f 3712// 3706// 3596//
f 3712// 3596// 3631//
f 3658// 3590// 3617//
f 3658// 3617// 3682//
f 3597// 3736// 3594//
f 3708// 3631// 3677//
f 3600// 3665// 3667//
f 3670// 3616// 3621//
f 3734// 3673// 3607//
f 3667// 3707// 3564//
f 3663// 3715// 3671//
f 3663// 3671// 3575//
f 3707// 3663// 3564//
f 3683// 3659// 3606//
f 3703// 3638// 3659//
f 3722// 3632// 3609//
f 3611// 3687// 3710//
f 3638// 3612// 3568//
f 3687// 3583// 3648//
f 3693// 3637// 3641//
f 3664// 3584// 3639//
f 3646// 3612// 3680//
f 3653// 3539// 3646//
f 3593// 3684// 3649//
f 3684// 3624// 3652//
f 3652// 3579// 3619//
f 3726// 3619// 3598//
f 3702// 3654// 3601//
f 3706// 3668// 3596//
f 3625// 3576// 3668//
f 3640// 3582// 3670//
f 3670// 3582// 3616//
f 3734// 3607// 3594//
f 3629// 3626// 3502//
f 3672// 3677// 3599//
f 3587// 3606// 3659//
f 3643// 3591// 3633//
f 3659// 3638// 3577//
f 3710// 3604// 3611//
f 3603// 3604// 3656//
f 3627// 3571// 3699//
f 3656// 3655// 3603//
f 3698// 3633// 3622//
f 3511// 3586// 3642//
f 3614// 3584// 3664//
f 3608// 3614// 3676//
f 3608// 3676// 3661//
f 3586// 3539// 3653//
f 3696// 3634// 3589//
f 3647// 3696// 3589//
f 3623// 3644// 3692//
f 3623// 3674// 3602//
f 3674// 3669// 3602//
f 3602// 3669// 3618//
f 3618// 3669// 3630//
f 3681// 3635// 3649//
f 3660// 3553// 3630//
f 3684// 3593// 3624//
f 3595// 3675// 3592//
f 3651// 3662// 3582//
f 3596// 3668// 3573//
f 3662// 3665// 3600//
f 3662// 3600// 3580//
f 3620// 3682// 3617//
f 3677// 3631// 3588//
f 3677// 3588// 3599//
f 3667// 3564// 3600//
f 3626// 3533// 3502//
f 3673// 3672// 3528//
f 3575// 3564// 3663//
f 3683// 3606// 3643//
f 3609// 3632// 3574//
f 3609// 3565// 3627//
f 3641// 3526// 3632//
f 3583// 3687// 3611//
f 3571// 3613// 3699//
f 3655// 3636// 3603//
f 3641// 3637// 3585//
f 3661// 3613// 3608//
f 3567// 3614// 3608//
f 3660// 3645// 3578//
f 3605// 3725// 3598//
f 3572// 3658// 3650//
f 3582// 3662// 3580//
f 3668// 3576// 3573//
f 3631// 3596// 3535//
f 3588// 3631// 3535//
f 3582// 3530// 3616//
f 3621// 3616// 3530//
f 3536// 3705// 3629//
f 3671// 3620// 3559//
f 3657// 3621// 3570//
f 3536// 3629// 3502//
f 3657// 3570// 3626//
f 3672// 3599// 3512//
f 3643// 3513// 3591//
f 3587// 3659// 3577//
f 3611// 3604// 3569//
f 3638// 3568// 3577//
f 3583// 3525// 3648//
f 3641// 3585// 3526//
f 3567// 3608// 3613//
f 3637// 3610// 3585//
f 3539// 3557// 3646//
f 3610// 3644// 3562//
f 3635// 3647// 3541//
f 3635// 3541// 3581//
f 3560// 3602// 3618//
f 3635// 3581// 3649//
f 3566// 3649// 3581//
f 3649// 3566// 3593//
f 3624// 3593// 3549//
f 3553// 3660// 3578//
f 3624// 3549// 3652//
f 3702// 3496// 3679//
f 3702// 3601// 3496//
f 3619// 3521// 3598//
f 3628// 3615// 3537//
f 3590// 3658// 3572//
f 3536// 3625// 3705//
f 3576// 3625// 3536//
f 3671// 3559// 3575//
f 3506// 3570// 3621//
f 3570// 3493// 3626//
f 3643// 3606// 3544//
f 3513// 3643// 3544//
f 3603// 3555// 3604//
f 3633// 3591// 3527//
f 3565// 3571// 3627//
f 3636// 3554// 3603//
f 3613// 3571// 3567//
f 3612// 3557// 3568//
f 3622// 3633// 3523//
f 3614// 3567// 3584//
f 3612// 3646// 3557//
f 3545// 3634// 3622//
f 3551// 3644// 3623//
f 3647// 3589// 3541//
f 3623// 3602// 3531//
f 3560// 3618// 3556//
f 3556// 3618// 3630//
f 3598// 3498// 3605//
f 3605// 3542// 3650//
f 3650// 3542// 3547//
f 3592// 3628// 3524//
f 3547// 3572// 3650//
f 3628// 3537// 3524//
f 3573// 3576// 3510//
f 3600// 3548// 3580//
f 3600// 3564// 3485//
f 3607// 3673// 3528//
f 3672// 3512// 3528//
f 3533// 3626// 3493//
f 3544// 3606// 3503//
f 3606// 3587// 3503//
f 3587// 3577// 3534//
f 3555// 3501// 3604//
f 3569// 3583// 3611//
f 3609// 3540// 3565//
f 3574// 3540// 3609//
f 3574// 3632// 3550//
f 3603// 3529// 3555//
f 3632// 3526// 3550//
f 3554// 3529// 3603//
f 3636// 3639// 3554//
f 3584// 3554// 3639//
f 3633// 3527// 3523//
f 3622// 3523// 3545//
f 3562// 3644// 3551//
f 3634// 3545// 3589//
f 3551// 3623// 3531//
f 3531// 3602// 3560//
f 3556// 3630// 3563//
f 3566// 3581// 3520//
f 3563// 3630// 3553//
f 3491// 3553// 3578//
f 3549// 3552// 3652//
f 3645// 3453// 3578//
f 3645// 3679// 3496//
f 3598// 3521// 3498//
f 3595// 3592// 3532//
f 3572// 3475// 3590//
f 3597// 3478// 3615//
f 3617// 3590// 3499//
f 3582// 3580// 3517//
f 3517// 3530// 3582//
f 3535// 3596// 3509//
f 3536// 3510// 3576//
f 3620// 3617// 3499//
f 3621// 3530// 3506//
f 3564// 3575// 3546//
f 3569// 3604// 3501//
f 3569// 3522// 3583//
f 3574// 3550// 3484//
f 3522// 3525// 3583//
f 3525// 3642// 3648//
f 3571// 3565// 3505//
f 3568// 3480// 3577//
f 3584// 3514// 3554//
f 3518// 3584// 3567//
f 3585// 3610// 3497//
f 3593// 3487// 3549//
f 3652// 3552// 3579//
f 3645// 3496// 3453//
f 3579// 3504// 3619//
f 3521// 3619// 3504//
f 3601// 3558// 3496//
f 3482// 3558// 3595//
f 3595// 3532// 3482//
f 3605// 3498// 3542//
f 3615// 3478// 3537//
f 3597// 3515// 3478//
f 3580// 3548// 3517//
f 3573// 3510// 3509//
f 3573// 3509// 3596//
f 3594// 3515// 3597//
f 3600// 3485// 3548//
f 3594// 3607// 3483//
f 3559// 3620// 3499//
f 3607// 3528// 3483//
f 3512// 3599// 3477//
f 3587// 3507// 3503//
f 3587// 3534// 3507//
f 3529// 3516// 3555//
f 3527// 3591// 3513//
f 3525// 3511// 3642//
f 3567// 3505// 3518//
f 3567// 3571// 3505//
f 3585// 3497// 3526//
f 3514// 3584// 3518//
f 3568// 3557// 3480//
f 3511// 3539// 3586//
f 3497// 3610// 3562//
f 3541// 3589// 3490//
f 3541// 3490// 3464//
f 3581// 3486// 3520//
f 3593// 3566// 3470//
f 3593// 3470// 3487//
f 3491// 3578// 3453//
f 3496// 3558// 3482//
f 3499// 3590// 3456//
f 3588// 3535// 3468//
f 3515// 3594// 3483//
f 3559// 3499// 3500//
f 3564// 3474// 3485//
f 3599// 3588// 3477//
f 3474// 3564// 3546//
f 3570// 3506// 3493//
f 3501// 3465// 3569//
f 3494// 3522// 3569//
f 3494// 3569// 3465//
f 3522// 3488// 3525//
f 3511// 3481// 3539//
f 3557// 3539// 3481//
f 3545// 3523// 3463//
f 3589// 3545// 3490//
f 3471// 3531// 3560//
f 3581// 3541// 3486//
f 3566// 3520// 3470//
f 3579// 3552// 3448//
f 3579// 3448// 3504//
f 3420// 3521// 3504//
f 3592// 3476// 3532//
f 3547// 3542// 3417//
f 3475// 3572// 3462//
f 3517// 3469// 3530//
f 3506// 3530// 3469//
f 3510// 3536// 3454//
f 3454// 3536// 3502//
f 3588// 3468// 3416//
f 3559// 3500// 3538//
f 3575// 3559// 3538//
f 3575// 3538// 3561//
f 3477// 3588// 3416//
f 3483// 3528// 3508//
f 3528// 3512// 3508//
f 3546// 3575// 3561//
f 3546// 3561// 3543//
f 3467// 3533// 3493//
f 3555// 3516// 3501//
f 3460// 3522// 3494//
f 3522// 3460// 3488//
f 3484// 3540// 3574//
f 3513// 3451// 3527//
f 3577// 3480// 3534//
f 3529// 3458// 3516//
f 3505// 3565// 3540//
f 3488// 3511// 3525//
f 3554// 3514// 3529//
f 3497// 3562// 3443//
f 3459// 3551// 3531//
f 3541// 3464// 3466//
f 3541// 3466// 3486//
f 3447// 3556// 3563//
f 3447// 3563// 3553//
f 3532// 3476// 3482//
f 3524// 3476// 3592//
f 3462// 3547// 3417//
f 3547// 3462// 3572//
f 3524// 3537// 3444//
f 3475// 3456// 3590//
f 3517// 3548// 3421//
f 3515// 3483// 3409//
f 3455// 3429// 3506//
f 3493// 3506// 3429//
f 3484// 3550// 3446//
f 3446// 3550// 3526//
f 3514// 3458// 3529//
f 3518// 3449// 3514//
f 3480// 3557// 3481//
f 3443// 3562// 3441//
f 3562// 3551// 3441//
f 3545// 3435// 3490//
f 3551// 3459// 3441//
f 3459// 3531// 3471//
f 3471// 3560// 3556//
f 3472// 3556// 3428//
f 3428// 3556// 3447//
f 3520// 3408// 3470//
f 3423// 3553// 3491//
f 3552// 3549// 3448//
f 3431// 3496// 3482//
f 3498// 3417// 3542//
f 3524// 3444// 3419//
f 3517// 3421// 3406//
f 3406// 3469// 3517//
f 3509// 3510// 3422//
f 3535// 3509// 3427//
f 3499// 3434// 3500//
f 3407// 3548// 3485//
f 3407// 3421// 3548//
f 3469// 3455// 3506//
f 3502// 3533// 3430//
f 3454// 3502// 3430//
f 3467// 3493// 3414//
f 3508// 3512// 3489//
f 3474// 3546// 3543//
f 3512// 3477// 3473//
f 3516// 3433// 3501//
f 3513// 3544// 3424//
f 3503// 3424// 3544//
f 3426// 3503// 3507//
f 3507// 3440// 3426//
f 3516// 3458// 3433//
f 3507// 3534// 3440//
f 3540// 3484// 3445//
f 3534// 3437// 3440//
f 3488// 3460// 3410//
f 3457// 3446// 3526//
f 3410// 3442// 3488//
f 3413// 3505// 3540//
f 3480// 3437// 3534//
f 3511// 3488// 3442//
f 3458// 3514// 3449//
f 3511// 3442// 3481//
f 3497// 3457// 3526//
f 3545// 3463// 3435//
f 3471// 3556// 3472//
f 3486// 3452// 3520//
f 3520// 3452// 3408//
f 3447// 3553// 3423//
f 3549// 3487// 3400//
f 3549// 3400// 3448//
f 3496// 3431// 3453//
f 3419// 3476// 3524//
f 3478// 3444// 3537//
f 3515// 3409// 3478//
f 3509// 3422// 3432//
f 3499// 3456// 3434//
f 3509// 3432// 3427//
f 3468// 3535// 3427//
f 3500// 3479// 3538//
f 3508// 3450// 3483//
f 3538// 3519// 3561//
f 3493// 3429// 3414//
f 3425// 3533// 3467//
f 3425// 3430// 3533//
f 3489// 3450// 3508//
f 3519// 3543// 3561//
f 3474// 3543// 3492//
f 3512// 3473// 3489//
f 3494// 3465// 3412//
f 3465// 3501// 3438//
f 3460// 3494// 3412//
f 3413// 3540// 3445//
f 3518// 3505// 3449//
f 3384// 3523// 3527//
f 3481// 3442// 3411//
f 3486// 3466// 3391//
f 3420// 3504// 3448//
f 3431// 3482// 3390//
f 3521// 3420// 3498//
f 3482// 3476// 3365//
f 3454// 3422// 3510//
f 3434// 3439// 3500//
f 3407// 3485// 3402//
f 3474// 3402// 3485//
f 3468// 3396// 3416//
f 3519// 3538// 3479//
f 3474// 3492// 3395//
f 3543// 3519// 3495//
f 3414// 3425// 3467//
f 3477// 3416// 3473//
f 3543// 3495// 3492//
f 3489// 3473// 3461//
f 3438// 3501// 3377//
f 3404// 3513// 3424//
f 3451// 3513// 3404//
f 3445// 3484// 3415//
f 3484// 3446// 3415//
f 3440// 3437// 3401//
f 3451// 3384// 3527//
f 3505// 3413// 3449//
f 3457// 3497// 3383//
f 3480// 3481// 3411//
f 3463// 3523// 3384//
f 3490// 3435// 3394//
f 3490// 3394// 3398//
f 3490// 3398// 3464//
f 3459// 3471// 3389//
f 3464// 3392// 3466//
f 3452// 3486// 3391//
f 3487// 3470// 3369//
f 3423// 3491// 3405//
f 3487// 3369// 3400//
f 3491// 3453// 3397//
f 3368// 3417// 3498//
f 3476// 3419// 3365//
f 3417// 3372// 3462//
f 3475// 3376// 3456//
f 3469// 3385// 3399//
f 3432// 3422// 3362//
f 3468// 3427// 3396//
f 3479// 3500// 3439//
f 3469// 3357// 3455//
f 3474// 3395// 3402//
f 3357// 3429// 3455//
f 3489// 3436// 3450//
f 3377// 3501// 3433//
f 3433// 3458// 3374//
f 3458// 3449// 3403//
f 3449// 3382// 3403//
f 3446// 3457// 3388//
f 3441// 3459// 3373//
f 3471// 3375// 3389//
f 3375// 3471// 3472//
f 3452// 3391// 3363//
f 3338// 3428// 3447//
f 3470// 3408// 3369//
f 3397// 3405// 3491//
f 3448// 3400// 3367//
f 3397// 3453// 3431//
f 3420// 3368// 3498//
f 3482// 3365// 3390//
f 3371// 3475// 3462//
f 3444// 3478// 3355//
f 3478// 3339// 3356//
f 3478// 3409// 3339//
f 3434// 3456// 3376//
f 3469// 3406// 3385//
f 3357// 3469// 3399//
f 3387// 3483// 3450//
f 3454// 3430// 3378//
f 3349// 3414// 3429//
f 3492// 3495// 3418//
f 3386// 3473// 3416//
f 3473// 3386// 3461//
f 3436// 3489// 3461//
f 3465// 3438// 3353//
f 3426// 3424// 3503//
f 3403// 3374// 3458//
f 3366// 3381// 3410//
f 3445// 3415// 3370//
f 3446// 3388// 3364//
f 3442// 3410// 3381//
f 3449// 3413// 3382//
f 3401// 3437// 3380//
f 3411// 3442// 3381//
f 3383// 3388// 3457//
f 3437// 3480// 3411//
f 3437// 3411// 3380//
f 3383// 3497// 3443//
f 3384// 3379// 3463//
f 3463// 3379// 3435//
f 3443// 3441// 3343//
f 3363// 3408// 3452//
f 3367// 3420// 3448//
f 3419// 3332// 3365//
f 3444// 3332// 3419//
f 3372// 3371// 3462//
f 3444// 3355// 3332//
f 3475// 3371// 3376//
f 3478// 3356// 3355//
f 3342// 3427// 3432//
f 3387// 3409// 3483//
f 3336// 3422// 3454//
f 3378// 3336// 3454//
f 3436// 3387// 3450//
f 3425// 3378// 3430//
f 3465// 3353// 3412//
f 3438// 3377// 3353//
f 3412// 3360// 3460//
f 3410// 3460// 3360//
f 3426// 3440// 3361//
f 3404// 3424// 3335//
f 3415// 3446// 3364//
f 3345// 3451// 3404//
f 3403// 3382// 3358//
f 3340// 3445// 3370//
f 3413// 3445// 3340//
f 3384// 3451// 3345//
f 3373// 3459// 3337//
f 3459// 3389// 3337//
f 3464// 3304// 3392//
f 3391// 3466// 3392//
f 3298// 3447// 3423//
f 3423// 3405// 3334//
f 3369// 3322// 3400//
f 3434// 3376// 3348//
f 3362// 3342// 3432//
f 3409// 3387// 3339//
f 3330// 3316// 3399//
f 3396// 3427// 3328//
f 3348// 3439// 3434//
f 3407// 3341// 3351//
f 3351// 3421// 3407//
f 3357// 3399// 3316//
f 3439// 3393// 3479//
f 3479// 3393// 3519//
f 3344// 3378// 3425//
f 3344// 3425// 3414//
f 3359// 3387// 3436//
f 3495// 3519// 3393//
f 3402// 3395// 3321//
f 3495// 3393// 3418//
f 3461// 3386// 3347//
f 3424// 3426// 3352//
f 3426// 3361// 3352//
f 3350// 3361// 3440//
f 3364// 3370// 3415//
f 3440// 3401// 3350//
f 3383// 3443// 3354//
f 3443// 3343// 3354//
f 3343// 3441// 3373//
f 3394// 3435// 3326//
f 3464// 3398// 3304//
f 3252// 3389// 3375//
f 3472// 3428// 3338//
f 3338// 3447// 3298//
f 3298// 3423// 3329//
f 3329// 3423// 3334//
f 3397// 3334// 3405//
f 3406// 3421// 3331//
f 3399// 3385// 3330//
f 3362// 3422// 3336//
f 3342// 3328// 3427//
f 3407// 3402// 3321//
f 3416// 3396// 3346//
f 3357// 3308// 3429//
f 3349// 3429// 3308//
f 3349// 3344// 3414//
f 3359// 3436// 3320//
f 3386// 3416// 3346//
f 3395// 3492// 3418//
f 3436// 3461// 3347//
f 3433// 3317// 3377//
f 3412// 3353// 3312//
f 3433// 3374// 3317//
f 3360// 3412// 3312//
f 3366// 3410// 3360//
f 3374// 3403// 3333//
f 3403// 3358// 3333//
f 3345// 3404// 3335//
f 3364// 3388// 3325//
f 3340// 3382// 3413//
f 3401// 3309// 3350//
f 3401// 3380// 3309//
f 3315// 3411// 3381//
f 3380// 3411// 3315//
f 3379// 3384// 3307//
f 3435// 3379// 3326//
f 3391// 3277// 3363//
f 3408// 3281// 3369//
f 3400// 3299// 3367//
f 3397// 3431// 3323//
f 3319// 3420// 3367//
f 3323// 3431// 3390//
f 3275// 3368// 3420//
f 3368// 3286// 3417//
f 3372// 3296// 3371//
f 3371// 3306// 3376//
f 3421// 3351// 3331//
f 3254// 3328// 3342//
f 3310// 3339// 3387//
f 3396// 3328// 3346//
f 3439// 3348// 3393//
f 3387// 3359// 3310//
f 3308// 3357// 3294//
f 3347// 3320// 3436//
f 3271// 3395// 3418//
f 3366// 3360// 3327//
f 3352// 3335// 3424//
f 3381// 3366// 3327//
f 3295// 3384// 3345//
f 3398// 3394// 3303//
f 3363// 3292// 3408//
f 3334// 3397// 3297//
f 3417// 3296// 3372//
f 3348// 3376// 3273//
f 3406// 3330// 3385//
f 3407// 3321// 3341//
f 3378// 3288// 3336//
f 3386// 3346// 3229//
f 3386// 3229// 3314//
f 3347// 3386// 3314//
f 3377// 3317// 3305//
f 3374// 3333// 3317//
f 3302// 3352// 3361//
f 3381// 3327// 3315//
f 3358// 3382// 3324//
f 3284// 3370// 3364//
f 3382// 3340// 3324//
f 3388// 3291// 3325//
f 3354// 3290// 3383//
f 3379// 3307// 3326//
f 3318// 3304// 3398//
f 3337// 3389// 3228//
f 3270// 3338// 3298//
f 3400// 3322// 3299//
f 3319// 3275// 3420//
f 3368// 3275// 3286//
f 3365// 3332// 3289//
f 3417// 3286// 3296//
f 3306// 3273// 3376//
f 3260// 3348// 3273//
f 3257// 3342// 3362//
f 3348// 3311// 3393//
f 3359// 3282// 3310//
f 3393// 3311// 3313//
f 3344// 3300// 3378//
f 3393// 3313// 3418//
f 3283// 3344// 3349//
f 3271// 3321// 3395//
f 3353// 3377// 3293//
f 3280// 3340// 3370//
f 3284// 3280// 3370//
f 3350// 3301// 3361//
f 3315// 3309// 3380//
f 3388// 3383// 3291//
f 3290// 3291// 3383//
f 3384// 3295// 3307//
f 3343// 3373// 3278//
f 3394// 3326// 3303//
f 3278// 3373// 3337//
f 3318// 3398// 3303//
f 3375// 3472// 3338//
f 3297// 3397// 3323//
f 3319// 3367// 3299//
f 3323// 3390// 3263//
f 3365// 3240// 3390//
f 3296// 3306// 3371//
f 3355// 3265// 3332//
f 3406// 3331// 3251//
f 3330// 3406// 3251//
f 3362// 3336// 3257//
f 3348// 3242// 3311//
f 3321// 3279// 3341//
f 3357// 3316// 3294//
f 3349// 3308// 3283//
f 3288// 3378// 3300//
f 3320// 3282// 3359//
f 3164// 3271// 3418//
f 3377// 3305// 3293//
f 3276// 3360// 3312//
f 3327// 3360// 3276//
f 3333// 3272// 3317//
f 3333// 3358// 3272//
f 3335// 3352// 3268//
f 3352// 3302// 3268//
f 3287// 3340// 3280//
f 3309// 3301// 3350//
f 3278// 3337// 3255//
f 3408// 3285// 3281//
f 3329// 3334// 3256//
f 3256// 3334// 3297//
f 3236// 3319// 3299//
f 3296// 3245// 3306//
f 3262// 3356// 3339//
f 3260// 3242// 3348//
f 3351// 3341// 3185//
f 3351// 3207// 3331//
f 3344// 3269// 3300//
f 3321// 3271// 3194//
f 3347// 3314// 3234//
f 3305// 3247// 3293//
f 3353// 3274// 3312//
f 3358// 3267// 3272//
f 3327// 3261// 3315//
f 3358// 3324// 3267//
f 3335// 3264// 3345//
f 3302// 3361// 3301//
f 3324// 3340// 3287//
f 3325// 3284// 3364//
f 3301// 3309// 3224//
f 3264// 3295// 3345//
f 3354// 3343// 3290//
f 3343// 3266// 3290//
f 3252// 3217// 3389//
f 3391// 3392// 3304//
f 3391// 3304// 3277//
f 3187// 3252// 3375//
f 3408// 3292// 3285//
f 3298// 3329// 3259//
f 3259// 3329// 3256//
f 3322// 3369// 3183//
f 3256// 3297// 3192//
f 3297// 3323// 3221//
f 3319// 3236// 3275//
f 3390// 3240// 3263//
f 3289// 3332// 3239//
f 3265// 3355// 3262//
f 3238// 3273// 3306//
f 3356// 3262// 3355//
f 3205// 3331// 3207//
f 3185// 3207// 3351//
f 3316// 3330// 3258//
f 3341// 3279// 3185//
f 3328// 3189// 3346//
f 3241// 3336// 3288//
f 3246// 3294// 3316//
f 3283// 3269// 3344//
f 3314// 3243// 3234//
f 3320// 3347// 3234//
f 3353// 3293// 3274//
f 3305// 3317// 3253//
f 3276// 3261// 3327//
f 3284// 3235// 3280//
f 3291// 3225// 3325//
f 3303// 3326// 3222//
f 3389// 3217// 3228//
f 3187// 3375// 3338//
f 3292// 3363// 3277//
f 3338// 3270// 3187//
f 3292// 3180// 3285//
f 3281// 3183// 3369//
f 3365// 3289// 3240//
f 3332// 3265// 3239//
f 3339// 3237// 3262//
f 3241// 3257// 3336//
f 3242// 3208// 3311//
f 3258// 3232// 3316//
f 3282// 3219// 3310//
f 3316// 3232// 3246//
f 3269// 3283// 3212//
f 3321// 3194// 3279//
f 3293// 3247// 3274//
f 3253// 3247// 3305//
f 3317// 3272// 3244//
f 3315// 3261// 3249//
f 3324// 3233// 3267//
f 3324// 3287// 3233//
f 3301// 3224// 3302//
f 3249// 3309// 3315//
f 3325// 3250// 3284//
f 3278// 3266// 3343//
f 3226// 3278// 3255//
f 3303// 3215// 3318//
f 3255// 3337// 3228//
f 3318// 3220// 3304//
f 3304// 3180// 3277//
f 3322// 3184// 3299//
f 3221// 3323// 3263//
f 3289// 3195// 3240//
f 3289// 3239// 3195//
f 3286// 3198// 3296//
f 3213// 3265// 3262//
f 3310// 3237// 3339//
f 3205// 3251// 3331//
f 3330// 3251// 3258//
f 3254// 3342// 3257//
f 3346// 3189// 3193//
f 3294// 3248// 3308//
f 3269// 3218// 3300//
f 3218// 3288// 3300//
f 3229// 3346// 3193//
f 3314// 3229// 3243//
f 3274// 3227// 3312//
f 3317// 3244// 3253//
f 3268// 3223// 3335//
f 3223// 3264// 3335//
f 3287// 3280// 3199//
f 3225// 3250// 3325//
f 3291// 3290// 3230//
f 3290// 3231// 3230//
f 3196// 3307// 3295//
f 3210// 3290// 3266//
f 3326// 3307// 3214//
f 3222// 3326// 3214//
f 3215// 3303// 3222//
f 3281// 3285// 3188//
f 3183// 3184// 3322//
f 3245// 3238// 3306//
f 3237// 3310// 3179//
f 3219// 3179// 3310//
f 3194// 3185// 3279//
f 3211// 3294// 3246//
f 3211// 3248// 3294//
f 3283// 3308// 3248//
f 3418// 3313// 3174//
f 3248// 3212// 3283//
f 3282// 3320// 3166//
f 3166// 3320// 3234//
f 3274// 3247// 3227//
f 3276// 3312// 3227//
f 3253// 3244// 3209//
f 3276// 3203// 3201//
f 3244// 3272// 3200//
f 3272// 3267// 3200//
f 3261// 3216// 3249//
f 3302// 3173// 3268//
f 3235// 3199// 3280//
f 3291// 3230// 3225//
f 3171// 3295// 3264//
f 3210// 3231// 3290//
f 3214// 3307// 3196//
f 3278// 3197// 3266//
f 3226// 3197// 3278//
f 3292// 3277// 3180//
f 3192// 3297// 3221//
f 3296// 3198// 3204//
f 3296// 3204// 3245//
f 3237// 3213// 3262//
f 3328// 3254// 3190//
f 3241// 3288// 3202//
f 3282// 3126// 3219//
f 3311// 3174// 3313//
f 3218// 3269// 3212//
f 3203// 3276// 3227//
f 3267// 3233// 3200//
f 3199// 3233// 3287//
f 3206// 3223// 3268//
f 3224// 3173// 3302//
f 3249// 3224// 3309//
f 3171// 3196// 3295//
f 3197// 3210// 3266//
f 3318// 3215// 3220//
f 3220// 3169// 3304//
f 3217// 3252// 3187//
f 3158// 3270// 3298//
f 3118// 3298// 3163//
f 3163// 3298// 3259//
f 3221// 3263// 3175//
f 3275// 3236// 3186//
f 3286// 3275// 3167//
f 3239// 3191// 3195//
f 3213// 3239// 3265//
f 3179// 3106// 3237//
f 3190// 3189// 3328//
f 3178// 3232// 3258//
f 3208// 3140// 3311//
f 3241// 3202// 3177//
f 3211// 3212// 3248//
f 3218// 3202// 3288//
f 3282// 3122// 3126//
f 3122// 3282// 3166//
f 3164// 3418// 3174//
f 3201// 3261// 3276//
f 3182// 3250// 3225//
f 3158// 3298// 3118//
f 3163// 3259// 3256//
f 3184// 3236// 3299//
f 3263// 3240// 3175//
f 3186// 3167// 3275//
f 3238// 3245// 3151//
f 3273// 3176// 3260//
f 3251// 3172// 3258//
f 3172// 3178// 3258//
f 3257// 3149// 3254//
f 3149// 3190// 3254//
f 3177// 3257// 3241//
f 3174// 3311// 3140//
f 3212// 3161// 3218//
f 3227// 3247// 3165//
f 3247// 3253// 3157//
f 3253// 3209// 3157//
f 3244// 3200// 3159//
f 3168// 3216// 3261//
f 3216// 3139// 3249//
f 3249// 3139// 3181//
f 3170// 3284// 3250//
f 3223// 3171// 3264//
f 3117// 3255// 3228//
f 3217// 3146// 3228//
f 3281// 3188// 3183//
f 3184// 3183// 3123//
f 3240// 3195// 3125//
f 3167// 3198// 3286//
f 3213// 3093// 3239//
f 3273// 3238// 3176//
f 3176// 3155// 3260//
f 3172// 3251// 3205//
f 3257// 3152// 3149//
f 3219// 3127// 3179//
f 3177// 3152// 3257//
f 3165// 3247// 3157//
f 3168// 3261// 3201//
f 3200// 3233// 3136//
f 3206// 3154// 3223//
f 3173// 3206// 3268//
f 3249// 3148// 3224//
f 3235// 3284// 3170//
f 3235// 3170// 3199//
f 3182// 3170// 3250//
f 3226// 3255// 3117//
f 3187// 3146// 3217//
f 3304// 3169// 3180//
f 3204// 3037// 3245//
f 3245// 3037// 3151//
f 3238// 3151// 3176//
f 3237// 3098// 3213//
f 3260// 3138// 3242//
f 3138// 3208// 3242//
f 3092// 3205// 3207//
f 3246// 3232// 3143//
f 3142// 3211// 3246//
f 3162// 3227// 3165//
f 3209// 3244// 3159//
f 3159// 3200// 3136//
f 3148// 3173// 3224//
f 3148// 3249// 3181//
f 3147// 3225// 3230//
f 3231// 3147// 3230//
f 3226// 3153// 3197//
f 3215// 3222// 3132//
f 3228// 3146// 3117//
f 3180// 3112// 3285//
f 3163// 3256// 3124//
f 3090// 3192// 3221//
f 3236// 3144// 3186//
f 3198// 3097// 3204//
f 3237// 3106// 3098//
f 3260// 3155// 3138//
f 3207// 3085// 3092//
f 3185// 3085// 3207//
f 3143// 3232// 3178//
f 3143// 3142// 3246//
f 3202// 3218// 3134//
f 3161// 3134// 3218//
f 3271// 3078// 3194//
f 3243// 3229// 3114//
f 3234// 3243// 3089//
f 3160// 3166// 3234//
f 3162// 3156// 3227//
f 3157// 3209// 3150//
f 3203// 3227// 3156//
f 3209// 3159// 3150//
f 3233// 3199// 3129//
f 3145// 3199// 3170//
f 3154// 3109// 3223//
f 3109// 3171// 3223//
f 3225// 3113// 3182//
f 3231// 3130// 3147//
f 3210// 3130// 3231//
f 3214// 3101// 3128//
f 3214// 3128// 3222//
f 3128// 3132// 3222//
f 3117// 3153// 3226//
f 3133// 3215// 3132//
f 3220// 3215// 3133//
f 3187// 3270// 3158//
f 3112// 3188// 3285//
f 3175// 3240// 3125//
f 3186// 3116// 3167//
f 3093// 3137// 3239//
f 3151// 3083// 3176//
f 3177// 3094// 3152//
f 3190// 3095// 3189//
f 3126// 3127// 3219//
f 3177// 3202// 3134//
f 3126// 3122// 3102//
f 3229// 3193// 3114//
f 3174// 3110// 3164//
f 3243// 3114// 3089//
f 3165// 3119// 3162//
f 3145// 3129// 3199//
f 3121// 3206// 3173//
f 3147// 3113// 3225//
f 3180// 3169// 3131//
f 3146// 3187// 3076//
f 3112// 3180// 3131//
f 3188// 3074// 3183//
f 3124// 3256// 3192//
f 3184// 3081// 3236//
f 3175// 3069// 3115//
f 3175// 3115// 3221//
f 3051// 3195// 3191//
f 3079// 3191// 3239//
f 3137// 3079// 3239//
f 3138// 3120// 3208//
f 3149// 3095// 3190//
f 3095// 3071// 3189//
f 3189// 3071// 3193//
f 3185// 3194// 3047//
f 3142// 3100// 3211//
f 3100// 3212// 3211//
f 3161// 3212// 3108//
f 3160// 3122// 3166//
f 3164// 3078// 3271//
f 3089// 3160// 3234//
f 3107// 3156// 3162//
f 3165// 3157// 3119//
f 3156// 3141// 3203//
f 3136// 3233// 3103//
f 3111// 3181// 3139//
f 3181// 3111// 3148//
f 3148// 3121// 3173//
f 3170// 3099// 3145//
f 3182// 3099// 3170//
f 3104// 3196// 3171//
f 3210// 3105// 3130//
f 3101// 3214// 3196//
f 3105// 3210// 3197//
f 3135// 3197// 3153//
f 3220// 3133// 3169//
f 3124// 3192// 3090//
f 3090// 3221// 3115//
f 3125// 3091// 3175//
f 3051// 3125// 3195//
f 3094// 3177// 3134//
f 3212// 3100// 3108//
f 3108// 3134// 3161//
f 3174// 3029// 3110//
f 3075// 3201// 3141//
f 3141// 3201// 3203//
f 3139// 3216// 3168//
f 3129// 3103// 3233//
f 3113// 3099// 3182//
f 3135// 3105// 3197//
f 3076// 3057// 3146//
f 3187// 3158// 3053//
f 3123// 3081// 3184//
f 3081// 3144// 3236//
f 3144// 3062// 3186//
f 3186// 3062// 3116//
f 3191// 3079// 3051//
f 3097// 3037// 3204//
f 3155// 3025// 3138//
f 3092// 3070// 3172//
f 3092// 3172// 3205//
f 3126// 3088// 3127//
f 3208// 3120// 3140//
f 3085// 3185// 3047//
f 3102// 3088// 3126//
f 3107// 3162// 3119//
f 3096// 3119// 3157//
f 3096// 3157// 3150//
f 3150// 3087// 3096//
f 3048// 3139// 3168//
f 3061// 3131// 3169//
f 3076// 3187// 3053//
f 3188// 3112// 3074//
f 3183// 3049// 3123//
f 3198// 3167// 3116//
f 3013// 3097// 3198//
f 3137// 3038// 3079//
f 3137// 3093// 3038//
f 3083// 3002// 3176//
f 3176// 3002// 3155//
f 3172// 3070// 3178//
f 3140// 3029// 3174//
f 3086// 3108// 3100//
f 3080// 3134// 3108//
f 3089// 3122// 3160//
f 3054// 3141// 3156//
f 3156// 3107// 3054//
f 3150// 3159// 3082//
f 3075// 3168// 3201//
f 3111// 3139// 3059//
f 3145// 3066// 3129//
f 3099// 3066// 3145//
f 3077// 3154// 3206//
f 3121// 3077// 3206//
f 3147// 3056// 3113//
f 3109// 3068// 3171//
f 3104// 3171// 3068//
f 3196// 3104// 3101//
f 3105// 3135// 3084//
f 3055// 3133// 3073//
f 3133// 3055// 3169//
f 3118// 3163// 3028//
f 3069// 3175// 3091//
f 3179// 3007// 3106//
f 3127// 3007// 3179//
f 3017// 3142// 3143//
f 3194// 3065// 3047//
f 3067// 3094// 3134//
f 3193// 3071// 3114//
f 3080// 3067// 3134//
f 3087// 3150// 3082//
f 3159// 3136// 3082//
f 3059// 3139// 3048//
f 3111// 3072// 3148//
f 3072// 3121// 3148//
f 3130// 3052// 3147//
f 3132// 3128// 3030//
f 3133// 3132// 3073//
f 3169// 3055// 3061//
f 3053// 3158// 3118//
f 3163// 3124// 3022//
f 3049// 3183// 3032//
f 3116// 3062// 3026//
f 3116// 3013// 3198//
f 3093// 3006// 3038//
f 3093// 3213// 3098//
f 3106// 2995// 3098//
f 3127// 3088// 3007//
f 3178// 3039// 3143//
f 3050// 3149// 3152//
f 3050// 3044// 3149//
f 3044// 3095// 3149//
f 3017// 3058// 3142//
f 3100// 3142// 3058//
f 3078// 3065// 3194//
f 3114// 3071// 3034//
f 3114// 3034// 3089//
f 3110// 3078// 3164//
f 3089// 3031// 3122//
f 3082// 3136// 3033//
f 3048// 3168// 3075//
f 3136// 3103// 3033//
f 3072// 3111// 3060//
f 3077// 3109// 3154//
f 3021// 3068// 3109//
f 3052// 3056// 3147//
f 3132// 3030// 3073//
f 3019// 3153// 3117//
f 3117// 3146// 3057//
f 3074// 3032// 3183//
f 2998// 3124// 3090//
f 3123// 3014// 3081//
f 2987// 3090// 3115//
f 3037// 3083// 3151//
f 3098// 2995// 3093//
f 3025// 3155// 3002//
f 3138// 2988// 3120//
f 3070// 3039// 3178//
f 3050// 3152// 3094//
f 3095// 3041// 3071//
f 3120// 3036// 3140//
f 3140// 3036// 3029//
f 3119// 3045// 3064//
f 3119// 3096// 3045//
f 2971// 3141// 3054//
f 3103// 3129// 3016//
f 3072// 3063// 3121//
f 3063// 3077// 3121//
f 3113// 3046// 3099//
f 3105// 3052// 3130//
f 3042// 3101// 3104//
f 3084// 3135// 2947//
f 2997// 3030// 3128//
f 3153// 3020// 3135//
f 3076// 2993// 3057//
f 3131// 3061// 3112//
f 3049// 3014// 3123//
f 3018// 3091// 3125//
f 3051// 3018// 3125//
f 3007// 2995// 3106//
f 3095// 3044// 3041//
f 3102// 2985// 3088//
f 3094// 2980// 3050//
f 3036// 2963// 3029//
f 3024// 2980// 3094//
f 3045// 3096// 3023//
f 3107// 3119// 3064//
f 3087// 3023// 3096//
f 3016// 3033// 3103//
f 3129// 3066// 3035//
f 3077// 3063// 3011//
f 3042// 3104// 3068//
f 3101// 2950// 3128//
f 3153// 3019// 3020//
f 3112// 3003// 3074//
f 3022// 3124// 2998//
f 2987// 3115// 3012//
f 3115// 3069// 3012//
f 3013// 3043// 3097//
f 3097// 3043// 3037//
f 2995// 3006// 3093//
f 2978// 3039// 3070//
f 3050// 2973// 3044//
f 3039// 3027// 3143//
f 3027// 3017// 3143//
f 3024// 3094// 3067//
f 3029// 2942// 3110//
f 3035// 3016// 3129//
f 3072// 3011// 3063//
f 3113// 3056// 3046//
f 3040// 3021// 3109//
f 3117// 3057// 3019//
f 3028// 3163// 3022//
f 3081// 3014// 2982//
f 3009// 3062// 3144//
f 3009// 3144// 3081//
f 3069// 3091// 2953//
f 3091// 3018// 2953//
f 3026// 3013// 3116//
f 2954// 3051// 3079//
f 2984// 3083// 3037//
f 3044// 2977// 3041//
f 3047// 3005// 3085//
f 3005// 3092// 3085//
f 3041// 3004// 3071//
f 3141// 2969// 3075//
f 3111// 3059// 2994//
f 3072// 3060// 2967//
f 3066// 3099// 3008//
f 3046// 3008// 3099//
f 3077// 3040// 3109//
f 3068// 3010// 3042//
f 3105// 3015// 3052//
f 3015// 3105// 3084//
f 2955// 2993// 3076//
f 3061// 3003// 3112//
f 3053// 3118// 3028//
f 3081// 2982// 3009//
f 3051// 2954// 3018//
f 3043// 2984// 3037//
f 3038// 2992// 3079//
f 3120// 2988// 3036//
f 3092// 2991// 3070//
f 2973// 2977// 3044//
f 3041// 2977// 3004//
f 2979// 2985// 3102//
f 3122// 2979// 3102//
f 3031// 2979// 3122//
f 3065// 2986// 3047//
f 3071// 3004// 3034//
f 3065// 2898// 2986//
f 3080// 2930// 3067//
f 3078// 2898// 3065//
f 3031// 3089// 2961//
f 3045// 2970// 3064//
f 3001// 3054// 3107//
f 3064// 3001// 3107//
f 3001// 3064// 2970//
f 2968// 3087// 3082//
f 3082// 3033// 2968//
f 2969// 3141// 2971//
f 2957// 3060// 3111//
f 3011// 3040// 3077//
f 3052// 2996// 3056//
f 2989// 3068// 3021//
f 3015// 2996// 3052//
f 2940// 3084// 2947//
f 2997// 3128// 2950//
f 3020// 2947// 3135//
f 3019// 3057// 2939//
f 3061// 2958// 3003//
f 3003// 3032// 3074//
f 2974// 3076// 3053//
f 3062// 2932// 3026//
f 3043// 3013// 2984//
f 3079// 2992// 2954//
f 2995// 2931// 3006//
f 2933// 3036// 2988//
f 3005// 2991// 3092//
f 2991// 2978// 3070//
f 3088// 2985// 3007//
f 3047// 2976// 3005//
f 2986// 2951// 3047//
f 3017// 2909// 3058//
f 3034// 2999// 3089//
f 3089// 2999// 2961//
f 2922// 2971// 3054//
f 3087// 2968// 3023//
f 3048// 3075// 2969//
f 3066// 2981// 3035//
f 3066// 3008// 2981//
f 2967// 2990// 3072//
f 2990// 3011// 3072//
f 2983// 3040// 3011//
f 3056// 3000// 3046//
f 3010// 3068// 2989//
f 2950// 3101// 3042//
f 3073// 3030// 2975//
f 3073// 2975// 3055//
f 2975// 3061// 3055//
f 3061// 2975// 2958//
f 2955// 3076// 2974//
f 3053// 3028// 2974//
f 3049// 2956// 3014//
f 3009// 2943// 3062//
f 2959// 3012// 3069//
f 2984// 3002// 3083//
f 3007// 2985// 2935//
f 2933// 2963// 3036//
f 2951// 2976// 3047//
f 3100// 2902// 3086//
f 3080// 3108// 2952//
f 2952// 2930// 3080//
f 2942// 3078// 3110//
f 3035// 2964// 3016//
f 2967// 3060// 2957//
f 2966// 3008// 3046//
f 3000// 2966// 3046//
f 2916// 3021// 3040//
f 3042// 2929// 2950//
f 2940// 3015// 3084//
f 2939// 2937// 3019//
f 2939// 3057// 2993//
f 2974// 3028// 2945//
f 2945// 3028// 3022//
f 3032// 2972// 3049//
f 2956// 3049// 2972//
f 3022// 2998// 2920//
f 2998// 3090// 2987//
f 2953// 2959// 3069//
f 3013// 2944// 2984//
f 3006// 2992// 3038//
f 2917// 3025// 3002//
f 3025// 2917// 2938//
f 2911// 2973// 3050//
f 3024// 2829// 2980//
f 2962// 3029// 2963//
f 3031// 2906// 2979//
f 2961// 2906// 3031//
f 2908// 3108// 3086//
f 2970// 3045// 2919//
f 2994// 3059// 2960//
f 2960// 3059// 3048//
f 3033// 3016// 2965//
f 3016// 2964// 2965//
f 2957// 3111// 2994//
f 3035// 2981// 2964//
f 3056// 2948// 3000//
f 3042// 3010// 2929//
f 2947// 3020// 2937//
f 3019// 2937// 3020//
f 2946// 3003// 2958//
f 3003// 2972// 3032//
f 2953// 3018// 2954//
f 2932// 2913// 3026//
f 2913// 3013// 3026//
f 3006// 2901// 2992//
f 2988// 3138// 3025//
f 2995// 3007// 2935//
f 2911// 3050// 2980//
f 2977// 2928// 3004//
f 2902// 3058// 2909//
f 3100// 3058// 2902//
f 3004// 2934// 3034//
f 2949// 3054// 3001//
f 3023// 2919// 3045//
f 2960// 3048// 2969//
f 2941// 3011// 2990//
f 2941// 2983// 3011//
f 3000// 2948// 2966//
f 2916// 3040// 2983//
f 3015// 2890// 2996//
f 3015// 2940// 2890//
f 2918// 3030// 2997//
f 2945// 3022// 2920//
f 2982// 2926// 3009//
f 2987// 3012// 2927//
f 2943// 2932// 3062//
f 2913// 2944// 3013//
f 2938// 2988// 3025//
f 2904// 2995// 2935//
f 2973// 2911// 2925//
f 2978// 2877// 3039//
f 2973// 2925// 2977//
f 2925// 2928// 2977//
f 3027// 3039// 2739//
f 2962// 2963// 2861//
f 3067// 2930// 3024//
f 2908// 2952// 3108//
f 3078// 2942// 2898//
f 2934// 2801// 2999//
f 2934// 2999// 3034//
f 2801// 2961// 2999//
f 2852// 3001// 2970//
f 2968// 3033// 2965//
f 2923// 2967// 2957//
f 2981// 2899// 2964//
f 2996// 2915// 3056//
f 3021// 2885// 2989//
f 2950// 2918// 2997//
f 2888// 2947// 2937//
f 2918// 2975// 3030//
f 2900// 2958// 2975//
f 3003// 2946// 2972//
f 2882// 2972// 2946//
f 2972// 2882// 2956//
f 2982// 2892// 2926//
f 2927// 3012// 2959//
f 3009// 2926// 2943//
f 2959// 2953// 2889//
f 2933// 2861// 2963//
f 2985// 2979// 2833//
f 2962// 2924// 3029//
f 3004// 2928// 2934//
f 2908// 3086// 2902//
f 3029// 2924// 2942//
f 2949// 2912// 3054//
f 2912// 2922// 3054//
f 2921// 2903// 3023//
f 2921// 3023// 2968//
f 2907// 2990// 2967//
f 2941// 2990// 2907//
f 2966// 2910// 3008//
f 2941// 2916// 2983//
f 2915// 2948// 3056//
f 2916// 2885// 3021//
f 2914// 2955// 2974//
f 2914// 2974// 2945//
f 2956// 2905// 3014//
f 3014// 2905// 2982//
f 2920// 2998// 2987//
f 2984// 2917// 3002//
f 2938// 2883// 2988//
f 2976// 2868// 3005//
f 2850// 2991// 3005//
f 2951// 2872// 2976//
f 2739// 3017// 3027//
f 2898// 2951// 2986//
f 2801// 2825// 2961//
f 2971// 2922// 2798//
f 2968// 2965// 2854//
f 3008// 2910// 2981//
f 2936// 2915// 2996//
f 2890// 2936// 2996//
f 2895// 3010// 2989//
f 2895// 2929// 3010//
f 2864// 2940// 2947//
f 2939// 2869// 2937//
f 2900// 2975// 2918//
f 2896// 2993// 2955//
f 2958// 2894// 2946//
f 2858// 2955// 2914//
f 2887// 2945// 2920//
f 2905// 2892// 2982//
f 2920// 2987// 2927//
f 2862// 2984// 2944//
f 2886// 2954// 2992//
f 2886// 2992// 2901//
f 2984// 2862// 2917//
f 2938// 2917// 2871//
f 2988// 2883// 2933//
f 2935// 2833// 2874//
f 2872// 2868// 2976//
f 2985// 2833// 2935//
f 2875// 2962// 2861//
f 2875// 2808// 2924//
f 2875// 2924// 2962//
f 2859// 2930// 2952//
f 2965// 2964// 2839//
f 2907// 2967// 2923//
f 2981// 2910// 2899//
f 2948// 2860// 2966//
f 2916// 2941// 2884//
f 2915// 2870// 2948//
f 2900// 2918// 2857//
f 2939// 2993// 2896//
f 2858// 2896// 2955//
f 2882// 2905// 2956//
f 2866// 2927// 2959//
f 2943// 2856// 2932//
f 3006// 2897// 2901//
f 2931// 2897// 3006//
f 2931// 2904// 2897//
f 2904// 2931// 2995//
f 2874// 2904// 2935//
f 2767// 2925// 2911//
f 2883// 2861// 2933//
f 2980// 2829// 2911//
f 2873// 2872// 2951//
f 3024// 2930// 2827//
f 2827// 2829// 3024//
f 2928// 2880// 2934//
f 2880// 2801// 2934//
f 2810// 2970// 2919//
f 2949// 3001// 2837//
f 2919// 3023// 2878//
f 2921// 2968// 2854//
f 2733// 2960// 2969//
f 2964// 2899// 2891//
f 2884// 2941// 2907//
f 2860// 2910// 2966//
f 2870// 2860// 2948//
f 2885// 2895// 2989//
f 2929// 2879// 2950//
f 2950// 2879// 2855//
f 2950// 2855// 2918//
f 2946// 2894// 2882//
f 2914// 2945// 2887//
f 2866// 2959// 2889//
f 2889// 2953// 2848//
f 2954// 2848// 2953//
f 2848// 2954// 2893//
f 2913// 2876// 2944//
f 2917// 2851// 2871//
f 2938// 2871// 2883//
f 2868// 2850// 3005//
f 2850// 2826// 2991//
f 2826// 2877// 2978//
f 2826// 2978// 2991//
f 2767// 2845// 2925//
f 2925// 2881// 2928//
f 2979// 2836// 2833//
f 2928// 2881// 2880//
f 2906// 2836// 2979//
f 2898// 2873// 2951//
f 2827// 2930// 2859//
f 2908// 2902// 2842//
f 2808// 2942// 2924//
f 2908// 2859// 2952//
f 2810// 2919// 2878//
f 2903// 2878// 3023//
f 2965// 2840// 2854//
f 2867// 2957// 2994//
f 2890// 2863// 2936//
f 2864// 2890// 2940//
f 2864// 2947// 2888//
f 2888// 2937// 2869//
f 2896// 2869// 2939//
f 2894// 2958// 2900//
f 2858// 2914// 2844//
f 2844// 2914// 2887//
f 2865// 2920// 2927//
f 2926// 2832// 2943//
f 2943// 2832// 2856//
f 2944// 2806// 2862//
f 2893// 2954// 2886//
f 2838// 2897// 2904//
f 2874// 2838// 2904//
f 2845// 2846// 2925//
f 2925// 2846// 2881//
f 2777// 2873// 2898//
f 2961// 2825// 2906//
f 2842// 2841// 2908//
f 2841// 2859// 2908//
f 2922// 2912// 2788//
f 2853// 2903// 2921//
f 2960// 2797// 2994//
f 2839// 2964// 2891//
f 2957// 2781// 2923//
f 2910// 2849// 2899//
f 2835// 2884// 2907//
f 2847// 2885// 2916//
f 2929// 2895// 2879//
f 2918// 2855// 2857//
f 2896// 2811// 2869//
f 2894// 2843// 2882//
f 2905// 2830// 2892//
f 2866// 2865// 2927//
f 2892// 2832// 2926//
f 2932// 2856// 2913//
f 2897// 2799// 2901//
f 2897// 2820// 2799//
f 2897// 2831// 2820//
f 2838// 2831// 2897//
f 2877// 2739// 3039//
f 3017// 2739// 2765//
f 2836// 2906// 2713//
f 2825// 2713// 2906//
f 2810// 2852// 2970//
f 2853// 2878// 2903//
f 2921// 2854// 2853//
f 2760// 2969// 2971//
f 2923// 2732// 2819//
f 2899// 2849// 2762//
f 2923// 2819// 2907//
f 2847// 2916// 2884//
f 2815// 2857// 2855//
f 2900// 2824// 2894//
f 2894// 2824// 2843//
f 2882// 2830// 2905//
f 2887// 2920// 2809//
f 2809// 2920// 2865//
f 2814// 2913// 2856//
f 2814// 2876// 2913//
f 2876// 2806// 2944//
f 2782// 2893// 2886//
f 2901// 2782// 2886//
f 2817// 2851// 2917//
f 2817// 2917// 2862//
f 2871// 2823// 2883//
f 2818// 2838// 2874//
f 2874// 2833// 2802//
f 2791// 2880// 2881//
f 2880// 2791// 2801//
f 2942// 2834// 2898//
f 2852// 2837// 3001//
f 2733// 2969// 2760//
f 2965// 2839// 2840//
f 2867// 2994// 2797//
f 2891// 2764// 2839//
f 2867// 2781// 2957//
f 2907// 2819// 2800//
f 2835// 2907// 2800//
f 2860// 2849// 2910//
f 2847// 2787// 2885//
f 2915// 2805// 2870//
f 2936// 2805// 2915//
f 2936// 2863// 2805//
f 2885// 2828// 2895//
f 2828// 2812// 2895//
f 2890// 2821// 2863//
f 2857// 2824// 2900//
f 2811// 2896// 2858//
f 2832// 2822// 2856//
f 2790// 2866// 2889//
f 2889// 2848// 2813//
f 2785// 2848// 2893//
f 2901// 2799// 2782//
f 2871// 2816// 2823//
f 2883// 2823// 2757//
f 2774// 2868// 2872//
f 2846// 2758// 2881//
f 2874// 2802// 2818//
f 2883// 2757// 2861//
f 2829// 2749// 2767//
f 2829// 2767// 2911//
f 2836// 2725// 2833//
f 2861// 2775// 2875//
f 2875// 2775// 2784//
f 2789// 2825// 2801//
f 2783// 2878// 2853//
f 2761// 2783// 2853//
f 2732// 2923// 2781//
f 2860// 2795// 2849//
f 2870// 2794// 2860//
f 2884// 2779// 2847//
f 2787// 2828// 2885//
f 2895// 2812// 2879//
f 2804// 2890// 2864//
f 2855// 2879// 2793//
f 2855// 2793// 2759//
f 2864// 2888// 2796//
f 2803// 2796// 2888//
f 2803// 2888// 2869//
f 2844// 2887// 2809//
f 2882// 2768// 2830//
f 2778// 2892// 2830//
f 2832// 2892// 2778//
f 2813// 2790// 2889//
f 2862// 2806// 2817//
f 2871// 2780// 2816//
f 2792// 2838// 2818//
f 2766// 2850// 2868//
f 2757// 2775// 2861//
f 2872// 2747// 2774//
f 2873// 2747// 2872//
f 2758// 2791// 2881//
f 3017// 2765// 2909//
f 2909// 2765// 2719//
f 2875// 2784// 2808//
f 2834// 2777// 2898//
f 2719// 2902// 2909//
f 2808// 2834// 2942//
f 2786// 2912// 2949//
f 2837// 2786// 2949//
f 2899// 2762// 2891//
f 2835// 2779// 2884//
f 2890// 2804// 2821//
f 2879// 2812// 2793//
f 2803// 2869// 2811//
f 2844// 2811// 2858//
f 2843// 2768// 2882//
f 2866// 2807// 2865//
f 2778// 2744// 2832//
f 2807// 2866// 2790//
f 2822// 2769// 2856//
f 2856// 2769// 2814//
f 2743// 2876// 2814//
f 2743// 2806// 2876//
f 2785// 2893// 2782//
f 2780// 2871// 2851//
f 2826// 2706// 2877//
f 2802// 2833// 2725//
f 2836// 2683// 2725//
f 2777// 2747// 2873//
f 2713// 2683// 2836//
f 2719// 2842// 2902//
f 2788// 2912// 2786//
f 2878// 2783// 2810//
f 2798// 2760// 2971//
f 2797// 2589// 2867//
f 2762// 2764// 2891//
f 2794// 2795// 2860//
f 2805// 2794// 2870//
f 2787// 2847// 2779//
f 2796// 2748// 2864//
f 2759// 2815// 2855//
f 2857// 2815// 2824//
f 2745// 2803// 2811//
f 2843// 2824// 2773//
f 2807// 2809// 2865//
f 2806// 2728// 2817//
f 2817// 2720// 2851//
f 2838// 2772// 2831//
f 2772// 2838// 2753//
f 2792// 2753// 2838//
f 2823// 2816// 2771//
f 2823// 2771// 2757//
f 2766// 2643// 2850//
f 2850// 2706// 2826//
f 2754// 2818// 2802//
f 2721// 2802// 2725//
f 2719// 2601// 2842//
f 2736// 2680// 2834//
f 2736// 2834// 2808//
f 2730// 2852// 2810//
f 2922// 2788// 2798//
f 2853// 2854// 2761//
f 2840// 2752// 2854//
f 2797// 2960// 2733//
f 2849// 2724// 2762//
f 2770// 2805// 2863//
f 2770// 2863// 2821//
f 2828// 2729// 2812//
f 2748// 2804// 2864//
f 2824// 2815// 2763//
f 2824// 2763// 2773//
f 2811// 2844// 2711//
f 2843// 2773// 2768//
f 2776// 2711// 2844//
f 2776// 2844// 2809//
f 2755// 2807// 2790//
f 2822// 2832// 2734//
f 2734// 2769// 2822//
f 2700// 2848// 2785//
f 2743// 2728// 2806//
f 2772// 2731// 2831//
f 2731// 2820// 2831//
f 2756// 2816// 2780//
f 2816// 2756// 2751//
f 2816// 2751// 2750//
f 2792// 2704// 2753//
f 2771// 2816// 2750//
f 2754// 2792// 2818//
f 2643// 2706// 2850//
f 2774// 2766// 2868//
f 2754// 2802// 2721//
f 2718// 2738// 2877//
f 2808// 2784// 2708//
f 2825// 2628// 2713//
f 2789// 2628// 2825//
f 2859// 2637// 2827//
f 2703// 2786// 2837//
f 2752// 2761// 2854//
f 2717// 2752// 2840//
f 2839// 2717// 2840//
f 2764// 2672// 2839//
f 2867// 2589// 2781//
f 2800// 2819// 2727//
f 2724// 2849// 2795//
f 2740// 2835// 2800//
f 2741// 2794// 2805//
f 2729// 2828// 2787//
f 2804// 2742// 2821//
f 2748// 2698// 2804//
f 2815// 2712// 2763//
f 2711// 2745// 2811//
f 2830// 2768// 2778//
f 2701// 2809// 2807//
f 2726// 2807// 2755//
f 2728// 2720// 2817//
f 2820// 2723// 2799//
f 2720// 2780// 2851//
f 2731// 2669// 2820//
f 2756// 2693// 2751//
f 2754// 2746// 2792//
f 2714// 2757// 2771//
f 2677// 2846// 2845//
f 2706// 2718// 2877//
f 2767// 2677// 2845//
f 2738// 2739// 2877//
f 2674// 2749// 2829//
f 2758// 2722// 2791//
f 2630// 2708// 2784//
f 2680// 2777// 2834//
f 2837// 2852// 2696//
f 2716// 2788// 2786//
f 2727// 2819// 2732//
f 2800// 2727// 2740//
f 2779// 2835// 2740//
f 2794// 2715// 2735//
f 2794// 2735// 2795//
f 2741// 2715// 2794//
f 2779// 2737// 2787//
f 2729// 2787// 2705//
f 2742// 2681// 2770//
f 2770// 2821// 2742//
f 2812// 2729// 2702//
f 2702// 2793// 2812//
f 2793// 2692// 2759//
f 2803// 2709// 2796//
f 2712// 2815// 2759//
f 2763// 2679// 2773//
f 2773// 2679// 2768//
f 2778// 2768// 2656//
f 2701// 2807// 2726//
f 2848// 2657// 2813//
f 2657// 2848// 2700//
f 2700// 2785// 2782//
f 2799// 2723// 2782//
f 2669// 2723// 2820//
f 2694// 2772// 2753//
f 2746// 2704// 2792//
f 2707// 2771// 2750//
f 2714// 2771// 2707//
f 2691// 2746// 2754//
f 2677// 2650// 2846//
f 2757// 2667// 2775//
f 2758// 2652// 2722//
f 2686// 2829// 2827//
f 2708// 2736// 2808//
f 2637// 2859// 2841//
f 2703// 2716// 2786//
f 2770// 2697// 2805//
f 2698// 2742// 2804//
f 2793// 2702// 2692//
f 2709// 2748// 2796//
f 2709// 2803// 2745//
f 2701// 2776// 2809//
f 2675// 2726// 2755//
f 2744// 2710// 2832//
f 2734// 2832// 2710//
f 2755// 2790// 2695//
f 2813// 2603// 2790//
f 2653// 2782// 2723//
f 2693// 2688// 2751//
f 2751// 2688// 2699//
f 2704// 2684// 2753//
f 2750// 2751// 2699//
f 2774// 2654// 2766//
f 2774// 2659// 2654//
f 2650// 2758// 2846//
f 2747// 2659// 2774//
f 2722// 2690// 2791//
f 2690// 2801// 2791//
f 2730// 2696// 2852//
f 2760// 2798// 2605//
f 2740// 2727// 2572//
f 2665// 2735// 2715//
f 2779// 2682// 2737//
f 2763// 2712// 2668//
f 2711// 2666// 2745//
f 2763// 2668// 2679//
f 2711// 2776// 2685//
f 2685// 2776// 2701//
f 2778// 2656// 2744//
f 2583// 2695// 2790//
f 2641// 2728// 2743//
f 2782// 2653// 2700//
f 2678// 2720// 2728//
f 2731// 2772// 2694//
f 2684// 2694// 2753//
f 2750// 2699// 2687//
f 2687// 2707// 2750//
f 2746// 2689// 2704//
f 2691// 2754// 2676//
f 2654// 2643// 2766//
f 2581// 2718// 2706//
f 2676// 2754// 2721//
f 2650// 2642// 2758//
f 2747// 2635// 2659//
f 2674// 2625// 2749//
f 2652// 2758// 2642//
f 2683// 2673// 2725//
f 2765// 2645// 2719//
f 2686// 2674// 2829//
f 2736// 2708// 2610//
f 2801// 2690// 2640//
f 2842// 2637// 2841//
f 2640// 2789// 2801//
f 2752// 2626// 2761//
f 2839// 2672// 2717//
f 2672// 2764// 2624//
f 2762// 2724// 2579//
f 2586// 2724// 2795//
f 2795// 2735// 2586//
f 2671// 2779// 2740//
f 2663// 2737// 2682//
f 2737// 2663// 2787//
f 2787// 2663// 2705//
f 2697// 2741// 2805//
f 2681// 2697// 2770//
f 2664// 2698// 2748//
f 2664// 2748// 2709//
f 2759// 2692// 2712//
f 2609// 2701// 2726//
f 2744// 2648// 2710//
f 2603// 2813// 2657//
f 2814// 2658// 2743//
f 2743// 2658// 2641//
f 2723// 2669// 2653//
f 2780// 2662// 2756//
f 2590// 2669// 2731//
f 2694// 2590// 2731//
f 2687// 2699// 2646//
f 2691// 2689// 2746//
f 2623// 2677// 2767//
f 2625// 2629// 2749//
f 2721// 2725// 2673//
f 2721// 2673// 2661//
f 2765// 2739// 2645//
f 2784// 2775// 2667//
f 2777// 2649// 2747//
f 2784// 2614// 2630//
f 2719// 2622// 2601//
f 2686// 2827// 2637//
f 2610// 2680// 2736//
f 2842// 2601// 2637//
f 2615// 2716// 2703//
f 2810// 2651// 2730//
f 2783// 2651// 2810//
f 2752// 2717// 2540//
f 2762// 2579// 2593//
f 2671// 2682// 2779//
f 2636// 2665// 2715//
f 2660// 2715// 2741//
f 2697// 2660// 2741//
f 2729// 2632// 2702//
f 2709// 2745// 2644//
f 2644// 2745// 2666//
f 2685// 2612// 2711//
f 2768// 2679// 2656//
f 2656// 2639// 2744//
f 2675// 2609// 2726//
f 2639// 2648// 2744//
f 2603// 2583// 2790//
f 2769// 2658// 2814//
f 2678// 2662// 2720//
f 2662// 2780// 2720//
f 2688// 2647// 2699//
f 2647// 2646// 2699//
f 2689// 2621// 2704//
f 2638// 2621// 2689//
f 2670// 2707// 2687//
f 2691// 2638// 2689//
f 2718// 2522// 2613//
f 2749// 2655// 2767//
f 2655// 2623// 2767//
f 2676// 2721// 2661//
f 2634// 2757// 2714//
f 2738// 2718// 2613//
f 2667// 2757// 2634//
f 2738// 2599// 2739//
f 2747// 2649// 2635//
f 2628// 2683// 2713//
f 2696// 2703// 2837//
f 2490// 2788// 2716//
f 2627// 2783// 2761//
f 2626// 2582// 2761//
f 2727// 2732// 2578//
f 2740// 2618// 2671//
f 2682// 2551// 2663//
f 2604// 2697// 2681//
f 2729// 2705// 2617//
f 2729// 2617// 2632//
f 2742// 2698// 2681//
f 2607// 2664// 2709//
f 2712// 2692// 2611//
f 2644// 2607// 2709//
f 2712// 2611// 2668//
f 2675// 2755// 2695//
f 2769// 2734// 2598//
f 2700// 2596// 2657//
f 2653// 2596// 2700//
f 2641// 2678// 2728//
f 2756// 2608// 2693//
f 2633// 2694// 2684//
f 2670// 2588// 2707//
f 2707// 2588// 2714//
f 2629// 2655// 2749//
f 2562// 2676// 2661//
f 2634// 2714// 2588//
f 2738// 2613// 2599//
f 2667// 2614// 2784//
f 2649// 2592// 2635//
f 2719// 2645// 2622//
f 2637// 2580// 2686//
f 2580// 2674// 2686//
f 2696// 2615// 2703//
f 2651// 2496// 2730//
f 2761// 2582// 2627//
f 2764// 2593// 2624//
f 2762// 2593// 2764//
f 2579// 2724// 2560//
f 2740// 2572// 2618//
f 2600// 2715// 2660//
f 2612// 2666// 2711//
f 2598// 2658// 2769//
f 2641// 2595// 2678//
f 2595// 2662// 2678//
f 2662// 2608// 2756//
f 2693// 2620// 2688//
f 2688// 2620// 2647//
f 2684// 2704// 2616//
f 2621// 2616// 2704//
f 2677// 2585// 2650//
f 2661// 2673// 2556//
f 2574// 2625// 2674//
f 2652// 2619// 2722//
f 2683// 2628// 2511//
f 2680// 2649// 2777//
f 2708// 2630// 2547//
f 2548// 2716// 2615//
f 2605// 2798// 2788//
f 2523// 2605// 2788//
f 2797// 2733// 2521//
f 2532// 2781// 2589//
f 2732// 2781// 2532//
f 2735// 2575// 2586//
f 2575// 2735// 2665//
f 2682// 2671// 2551//
f 2600// 2636// 2715//
f 2569// 2681// 2698//
f 2631// 2569// 2698//
f 2692// 2702// 2597//
f 2679// 2602// 2656//
f 2612// 2685// 2701//
f 2612// 2701// 2577//
f 2577// 2701// 2609//
f 2587// 2675// 2695//
f 2606// 2653// 2669//
f 2633// 2590// 2694//
f 2571// 2670// 2687//
f 2691// 2562// 2638//
f 2676// 2562// 2691//
f 2643// 2581// 2706//
f 2466// 2623// 2655//
f 2623// 2585// 2677//
f 2613// 2431// 2599//
f 2493// 2629// 2625//
f 2599// 2645// 2739//
f 2649// 2680// 2507//
f 2610// 2708// 2547//
f 2507// 2680// 2610//
f 2640// 2628// 2789//
f 2783// 2627// 2651//
f 2523// 2788// 2490//
f 2626// 2752// 2541//
f 2563// 2733// 2760//
f 2563// 2760// 2605//
f 2672// 2540// 2717//
f 2705// 2663// 2617//
f 2569// 2604// 2681//
f 2631// 2698// 2664//
f 2702// 2632// 2597//
f 2692// 2597// 2611//
f 2573// 2644// 2666//
f 2668// 2594// 2679//
f 2568// 2666// 2612//
f 2587// 2609// 2675//
f 2648// 2598// 2710//
f 2695// 2583// 2587//
f 2710// 2598// 2734//
f 2657// 2596// 2603//
f 2550// 2641// 2658//
f 2608// 2552// 2693//
f 2552// 2620// 2693//
f 2620// 2570// 2647//
f 2684// 2543// 2633//
f 2647// 2515// 2646//
f 2687// 2646// 2555//
f 2581// 2522// 2718//
f 2642// 2584// 2652//
f 2667// 2634// 2536//
f 2584// 2619// 2652//
f 2673// 2683// 2556//
f 2649// 2481// 2592//
f 2496// 2535// 2696//
f 2496// 2696// 2730//
f 2627// 2582// 2561//
f 2752// 2540// 2541//
f 2464// 2732// 2532//
f 2516// 2671// 2618//
f 2604// 2660// 2697//
f 2617// 2591// 2632//
f 2607// 2631// 2664//
f 2573// 2607// 2644//
f 2668// 2611// 2594//
f 2568// 2573// 2666//
f 2679// 2594// 2602//
f 2639// 2656// 2567//
f 2648// 2639// 2512//
f 2648// 2512// 2598//
f 2658// 2598// 2558//
f 2658// 2558// 2550//
f 2653// 2564// 2596//
f 2606// 2564// 2653//
f 2595// 2546// 2662//
f 2549// 2606// 2669//
f 2590// 2549// 2669//
f 2528// 2590// 2633//
f 2638// 2576// 2621//
f 2559// 2581// 2643//
f 2538// 2642// 2650//
f 2634// 2588// 2524//
f 2635// 2542// 2659//
f 2599// 2387// 2645//
f 2592// 2529// 2635//
f 2536// 2614// 2667//
f 2649// 2507// 2481//
f 2637// 2484// 2580//
f 2630// 2614// 2547//
f 2690// 2492// 2640//
f 2535// 2615// 2696//
f 2483// 2651// 2627//
f 2415// 2732// 2464//
f 2572// 2727// 2578//
f 2665// 2566// 2575//
f 2566// 2665// 2494//
f 2494// 2665// 2636//
f 2663// 2551// 2518//
f 2663// 2518// 2617//
f 2611// 2597// 2527//
f 2603// 2596// 2525//
f 2550// 2595// 2641//
f 2662// 2546// 2504//
f 2608// 2662// 2504//
f 2616// 2526// 2543//
f 2616// 2543// 2684//
f 2545// 2526// 2616//
f 2545// 2616// 2621//
f 2646// 2515// 2555//
f 2621// 2576// 2545//
f 2554// 2571// 2687//
f 2562// 2576// 2638//
f 2542// 2654// 2659//
f 2654// 2557// 2643//
f 2557// 2559// 2643//
f 2538// 2508// 2642//
f 2553// 2542// 2635//
f 2456// 2625// 2574//
f 2642// 2508// 2584//
f 2599// 2343// 2387//
f 2562// 2661// 2556//
f 2634// 2524// 2536//
f 2556// 2683// 2539//
f 2683// 2511// 2539//
f 2722// 2519// 2690//
f 2492// 2690// 2519//
f 2628// 2640// 2416//
f 2548// 2490// 2716//
f 2563// 2521// 2733//
f 2578// 2732// 2415//
f 2572// 2489// 2618//
f 2671// 2516// 2435//
f 2435// 2551// 2671//
f 2533// 2600// 2660//
f 2533// 2660// 2604//
f 2617// 2518// 2565//
f 2617// 2565// 2591//
f 2632// 2591// 2597//
f 2567// 2656// 2531//
f 2567// 2512// 2639//
f 2517// 2609// 2587//
f 2598// 2512// 2558//
f 2517// 2587// 2583//
f 2603// 2525// 2583//
f 2596// 2564// 2525//
f 2570// 2451// 2647//
f 2451// 2515// 2647//
f 2555// 2554// 2687//
f 2509// 2670// 2571//
f 2509// 2588// 2670//
f 2542// 2557// 2654//
f 2466// 2585// 2623//
f 2485// 2650// 2585//
f 2553// 2635// 2529//
f 2580// 2574// 2674//
f 2619// 2584// 2479//
f 2614// 2536// 2530//
f 2619// 2479// 2722//
f 2534// 2610// 2547//
f 2610// 2534// 2507//
f 2560// 2724// 2586//
f 2600// 2510// 2636//
f 2520// 2604// 2569//
f 2591// 2565// 2537//
f 2503// 2569// 2631//
f 2503// 2631// 2607//
f 2597// 2591// 2477//
f 2544// 2607// 2573//
f 2486// 2544// 2573//
f 2611// 2501// 2594//
f 2594// 2501// 2514//
f 2594// 2514// 2602//
f 2602// 2514// 2455//
f 2577// 2468// 2612//
f 2602// 2531// 2656//
f 2609// 2454// 2577//
f 2517// 2583// 2525//
f 2595// 2550// 2546//
f 2506// 2564// 2606//
f 2506// 2606// 2549//
f 2552// 2461// 2620//
f 2543// 2446// 2633//
f 2499// 2559// 2557//
f 2500// 2576// 2562//
f 2509// 2524// 2588//
f 2529// 2592// 2481//
f 2645// 2491// 2622//
f 2622// 2491// 2471//
f 2622// 2471// 2601//
f 2601// 2484// 2637//
f 2722// 2479// 2519//
f 2614// 2530// 2475//
f 2547// 2614// 2475//
f 2416// 2511// 2628//
f 2492// 2416// 2640//
f 2615// 2426// 2548//
f 2426// 2615// 2535//
f 2563// 2605// 2476//
f 2521// 2589// 2797//
f 2532// 2589// 2364//
f 2672// 2624// 2482//
f 2410// 2572// 2578//
f 2618// 2489// 2516//
f 2510// 2494// 2636//
f 2510// 2600// 2533//
f 2488// 2486// 2573//
f 2488// 2573// 2568//
f 2488// 2568// 2468//
f 2468// 2568// 2612//
f 2531// 2602// 2455//
f 2505// 2454// 2609//
f 2505// 2609// 2517//
f 2512// 2470// 2558//
f 2470// 2550// 2558//
f 2497// 2525// 2564//
f 2608// 2504// 2552//
f 2528// 2469// 2549//
f 2528// 2549// 2590//
f 2620// 2461// 2570//
f 2570// 2450// 2451//
f 2446// 2528// 2633//
f 2515// 2502// 2555//
f 2554// 2555// 2502//
f 2554// 2502// 2513//
f 2576// 2487// 2545//
f 2513// 2557// 2542//
f 2499// 2432// 2559//
f 2485// 2538// 2650//
f 2493// 2428// 2629//
f 2629// 2402// 2655//
f 2513// 2542// 2553//
f 2387// 2353// 2645//
f 2584// 2508// 2465//
f 2353// 2491// 2645//
f 2483// 2496// 2651//
f 2540// 2672// 2482//
f 2593// 2438// 2624//
f 2551// 2435// 2407//
f 2551// 2444// 2518//
f 2520// 2533// 2604//
f 2565// 2518// 2422//
f 2565// 2422// 2537//
f 2503// 2607// 2544//
f 2597// 2477// 2527//
f 2501// 2611// 2527//
f 2454// 2468// 2577//
f 2567// 2463// 2512//
f 2448// 2505// 2517//
f 2478// 2517// 2525//
f 2497// 2478// 2525//
f 2550// 2495// 2546//
f 2472// 2429// 2497//
f 2472// 2497// 2564//
f 2472// 2564// 2506//
f 2469// 2506// 2549//
f 2442// 2469// 2528//
f 2526// 2462// 2543//
f 2498// 2526// 2545//
f 2499// 2557// 2513//
f 2417// 2571// 2554//
f 2474// 2417// 2554//
f 2513// 2474// 2554//
f 2436// 2581// 2559//
f 2581// 2436// 2522//
f 2402// 2466// 2655//
f 2538// 2485// 2498//
f 2538// 2498// 2508//
f 2428// 2402// 2629//
f 2500// 2453// 2576//
f 2467// 2513// 2553//
f 2529// 2467// 2553//
f 2473// 2562// 2556//
f 2524// 2452// 2536//
f 2584// 2465// 2479//
f 2471// 2484// 2601//
f 2536// 2475// 2530//
f 2511// 2457// 2539//
f 2519// 2430// 2492//
f 2582// 2626// 2541//
f 2438// 2482// 2624//
f 2579// 2438// 2593//
f 2373// 2578// 2415//
f 2560// 2586// 2447//
f 2572// 2410// 2374//
f 2566// 2494// 2424//
f 2591// 2537// 2477//
f 2544// 2440// 2503//
f 2486// 2440// 2544//
f 2531// 2403// 2567//
f 2406// 2512// 2463//
f 2470// 2495// 2550//
f 2546// 2495// 2459//
f 2504// 2546// 2459//
f 2506// 2469// 2414//
f 2506// 2414// 2472//
f 2504// 2443// 2552//
f 2552// 2443// 2461//
f 2462// 2446// 2543//
f 2498// 2462// 2526//
f 2502// 2445// 2499//
f 2502// 2499// 2513//
f 2485// 2458// 2498//
f 2432// 2436// 2559//
f 2466// 2485// 2585//
f 2480// 2498// 2545//
f 2487// 2480// 2545//
f 2417// 2509// 2571//
f 2467// 2474// 2513//
f 2480// 2508// 2498//
f 2453// 2394// 2487//
f 2453// 2487// 2576//
f 2509// 2460// 2524//
f 2562// 2473// 2500//
f 2524// 2460// 2452//
f 2473// 2556// 2539//
f 2473// 2539// 2457//
f 2484// 2307// 2580//
f 2536// 2452// 2475//
f 2479// 2430// 2519//
f 2547// 2475// 2534//
f 2483// 2627// 2561//
f 2332// 2541// 2540//
f 2532// 2364// 2372//
f 2560// 2316// 2579//
f 2413// 2447// 2586//
f 2413// 2586// 2575//
f 2572// 2374// 2489//
f 2575// 2566// 2413//
f 2444// 2551// 2407//
f 2537// 2422// 2434//
f 2449// 2520// 2569//
f 2449// 2569// 2503//
f 2537// 2434// 2477//
f 2477// 2439// 2527//
f 2501// 2527// 2439//
f 2514// 2501// 2427//
f 2419// 2488// 2468//
f 2514// 2427// 2455//
f 2455// 2403// 2531//
f 2403// 2463// 2567//
f 2448// 2454// 2505//
f 2441// 2448// 2517//
f 2478// 2441// 2517//
f 2504// 2459// 2418//
f 2504// 2418// 2443//
f 2451// 2445// 2515//
f 2445// 2502// 2515//
f 2458// 2401// 2462//
f 2498// 2458// 2462//
f 2466// 2405// 2485//
f 2385// 2376// 2522//
f 2376// 2613// 2522//
f 2417// 2460// 2509//
f 2508// 2480// 2465//
f 2465// 2390// 2479//
f 2475// 2408// 2534//
f 2366// 2534// 2408//
f 2534// 2396// 2507//
f 2272// 2426// 2535//
f 2329// 2476// 2605//
f 2578// 2356// 2410//
f 2386// 2413// 2566//
f 2433// 2386// 2566//
f 2433// 2566// 2424//
f 2449// 2412// 2520//
f 2420// 2503// 2440//
f 2486// 2380// 2440//
f 2419// 2423// 2488//
f 2463// 2403// 2406//
f 2437// 2470// 2512//
f 2377// 2441// 2478//
f 2495// 2470// 2425//
f 2495// 2425// 2459//
f 2570// 2327// 2450//
f 2411// 2446// 2462//
f 2405// 2458// 2485//
f 2385// 2522// 2436//
f 2393// 2417// 2474//
f 2431// 2343// 2599//
f 2625// 2456// 2493//
f 2394// 2480// 2487//
f 2473// 2421// 2500//
f 2574// 2384// 2456//
f 2467// 2529// 2400//
f 2400// 2529// 2481//
f 2400// 2481// 2397//
f 2384// 2574// 2580//
f 2452// 2409// 2475//
f 2416// 2457// 2511//
f 2366// 2396// 2534//
f 2372// 2464// 2532//
f 2579// 2316// 2438//
f 2316// 2560// 2311//
f 2516// 2391// 2435//
f 2359// 2533// 2520//
f 2449// 2503// 2420//
f 2439// 2477// 2382//
f 2423// 2486// 2488//
f 2501// 2439// 2427//
f 2448// 2441// 2361//
f 2470// 2437// 2370//
f 2395// 2377// 2478//
f 2459// 2425// 2379//
f 2381// 2461// 2443//
f 2461// 2327// 2570//
f 2528// 2446// 2442//
f 2462// 2401// 2411//
f 2445// 2398// 2499//
f 2405// 2401// 2458//
f 2398// 2432// 2499//
f 2493// 2341// 2428//
f 2456// 2341// 2493//
f 2393// 2367// 2417//
f 2417// 2404// 2460//
f 2467// 2393// 2474//
f 2465// 2480// 2389//
f 2375// 2394// 2453//
f 2500// 2375// 2453//
f 2421// 2375// 2500//
f 2460// 2404// 2452//
f 2307// 2384// 2580//
f 2457// 2421// 2473//
f 2481// 2396// 2397//
f 2390// 2430// 2479//
f 2475// 2409// 2408//
f 2507// 2396// 2481//
f 2492// 2430// 2392//
f 2492// 2392// 2416//
f 2368// 2582// 2541//
f 2317// 2563// 2476//
f 2317// 2521// 2563//
f 2317// 2364// 2521//
f 2589// 2521// 2364//
f 2560// 2447// 2320//
f 2356// 2578// 2373//
f 2489// 2391// 2516//
f 2494// 2510// 2369//
f 2369// 2510// 2533//
f 2444// 2348// 2518//
f 2359// 2369// 2533//
f 2518// 2348// 2422//
f 2359// 2520// 2412//
f 2382// 2477// 2434//
f 2380// 2420// 2440//
f 2455// 2427// 2399//
f 2378// 2419// 2468//
f 2378// 2468// 2454//
f 2365// 2378// 2454//
f 2512// 2406// 2437//
f 2470// 2370// 2425//
f 2429// 2395// 2497//
f 2395// 2478// 2497//
f 2459// 2379// 2418//
f 2429// 2472// 2414//
f 2443// 2418// 2381//
f 2383// 2414// 2469//
f 2383// 2469// 2442//
f 2244// 2327// 2461//
f 2450// 2360// 2451//
f 2401// 2355// 2411//
f 2451// 2398// 2445//
f 2402// 2330// 2466//
f 2330// 2405// 2466//
f 2613// 2376// 2431//
f 2389// 2480// 2394//
f 2467// 2400// 2393//
f 2390// 2465// 2389//
f 2416// 2388// 2457//
f 2430// 2354// 2392//
f 2352// 2535// 2496//
f 2305// 2496// 2483//
f 2329// 2605// 2523//
f 2541// 2332// 2363//
f 2333// 2540// 2482//
f 2333// 2482// 2290//
f 2482// 2438// 2290//
f 2346// 2415// 2464//
f 2311// 2560// 2320//
f 2334// 2413// 2386//
f 2489// 2374// 2391//
f 2407// 2435// 2337//
f 2369// 2424// 2494//
f 2347// 2412// 2449//
f 2324// 2449// 2420//
f 2382// 2434// 2338//
f 2380// 2486// 2423//
f 2427// 2439// 2362//
f 2399// 2403// 2455//
f 2365// 2454// 2448//
f 2448// 2361// 2365//
f 2377// 2361// 2441//
f 2425// 2370// 2339//
f 2429// 2371// 2395//
f 2429// 2414// 2371//
f 2383// 2345// 2414//
f 2418// 2349// 2381//
f 2358// 2383// 2442//
f 2360// 2325// 2451//
f 2451// 2325// 2398//
f 2314// 2436// 2432//
f 2367// 2404// 2417//
f 2404// 2409// 2452//
f 2307// 2318// 2384//
f 2388// 2421// 2457//
f 2409// 2357// 2408//
f 2344// 2397// 2396//
f 2390// 2354// 2430//
f 2408// 2357// 2366//
f 2535// 2352// 2272//
f 2294// 2329// 2523//
f 2294// 2523// 2490//
f 2269// 2561// 2582//
f 2438// 2316// 2290//
f 2346// 2464// 2372//
f 2447// 2289// 2320//
f 2413// 2289// 2447//
f 2391// 2297// 2337//
f 2337// 2435// 2391//
f 2444// 2407// 2348//
f 2422// 2336// 2434//
f 2347// 2449// 2324//
f 2362// 2439// 2382//
f 2399// 2427// 2362//
f 2403// 2399// 2342//
f 2437// 2322// 2370//
f 2395// 2328// 2377//
f 2395// 2371// 2328//
f 2339// 2379// 2425//
f 2345// 2371// 2414//
f 2418// 2379// 2349//
f 2381// 2291// 2461//
f 2446// 2260// 2442//
f 2411// 2260// 2446//
f 2398// 2314// 2432//
f 2314// 2385// 2436//
f 2393// 2335// 2367//
f 2357// 2404// 2367//
f 2393// 2400// 2344//
f 2384// 2318// 2456//
f 2390// 2389// 2351//
f 2409// 2404// 2357//
f 2344// 2400// 2397//
f 2471// 2304// 2484//
f 2304// 2307// 2484//
f 2388// 2375// 2421//
f 2354// 2416// 2392//
f 2305// 2483// 2323//
f 2483// 2561// 2323//
f 2368// 2269// 2582//
f 2541// 2363// 2368//
f 2333// 2332// 2540//
f 2433// 2340// 2386//
f 2340// 2433// 2424//
f 2407// 2337// 2302//
f 2369// 2340// 2424//
f 2359// 2412// 2347//
f 2422// 2348// 2336//
f 2300// 2324// 2420//
f 2300// 2420// 2380//
f 2362// 2382// 2338//
f 2331// 2380// 2423//
f 2362// 2338// 2321//
f 2419// 2331// 2423//
f 2362// 2342// 2399//
f 2295// 2419// 2378//
f 2406// 2403// 2322//
f 2370// 2298// 2339//
f 2278// 2328// 2371//
f 2319// 2349// 2379//
f 2383// 2308// 2345//
f 2291// 2244// 2461//
f 2442// 2260// 2358//
f 2253// 2411// 2355//
f 2398// 2325// 2326//
f 2405// 2355// 2401//
f 2428// 2313// 2402//
f 2376// 2157// 2431//
f 2456// 2309// 2341//
f 2357// 2367// 2335//
f 2344// 2335// 2393//
f 2351// 2389// 2394//
f 2394// 2375// 2351//
f 2491// 2304// 2471//
f 2350// 2351// 2375//
f 2375// 2388// 2350//
f 2351// 2354// 2390//
f 2350// 2388// 2416//
f 2354// 2350// 2416//
f 2366// 2344// 2396//
f 2294// 2490// 2548//
f 2317// 2476// 2285//
f 2374// 2292// 2391//
f 2348// 2407// 2302//
f 2331// 2300// 2380//
f 2306// 2331// 2419//
f 2295// 2306// 2419//
f 2362// 2321// 2342//
f 2322// 2403// 2342//
f 2437// 2406// 2322//
f 2377// 2284// 2361//
f 2370// 2322// 2298//
f 2339// 2303// 2319//
f 2379// 2339// 2319//
f 2349// 2291// 2381//
f 2312// 2308// 2383//
f 2358// 2312// 2383//
f 2450// 2327// 2360//
f 2253// 2260// 2411//
f 2405// 2275// 2355//
f 2314// 2310// 2385//
f 2252// 2330// 2402//
f 2313// 2252// 2402//
f 2283// 2313// 2428//
f 2282// 2283// 2428//
f 2282// 2428// 2341//
f 2318// 2309// 2456//
f 2351// 2350// 2354//
f 2366// 2357// 2335//
f 2366// 2335// 2344//
f 2496// 2305// 2352//
f 2285// 2476// 2329//
f 2229// 2363// 2332//
f 2415// 2346// 2299//
f 2415// 2299// 2373//
f 2356// 2279// 2410//
f 2410// 2279// 2374//
f 2334// 2263// 2413//
f 2292// 2297// 2391//
f 2369// 2359// 2315//
f 2315// 2359// 2347//
f 2338// 2434// 2255//
f 2342// 2321// 2293//
f 2296// 2342// 2293//
f 2342// 2296// 2322//
f 2295// 2378// 2365//
f 2365// 2361// 2284//
f 2371// 2301// 2278//
f 2301// 2371// 2345//
f 2301// 2345// 2308//
f 2319// 2280// 2349//
f 2398// 2326// 2314//
f 2275// 2405// 2330//
f 2548// 2426// 2294//
f 2149// 2305// 2323//
f 2288// 2372// 2364//
f 2290// 2316// 2261//
f 2374// 2279// 2262//
f 2289// 2413// 2263//
f 2348// 2302// 2336//
f 2434// 2336// 2255//
f 2321// 2338// 2255//
f 2300// 2331// 2306//
f 2284// 2295// 2365//
f 2322// 2296// 2298//
f 2339// 2298// 2266//
f 2284// 2377// 2328//
f 2281// 2319// 2303//
f 2319// 2281// 2286//
f 2286// 2280// 2319//
f 2228// 2301// 2308//
f 2349// 2280// 2291//
f 2327// 2113// 2360//
f 2307// 2264// 2318//
f 2264// 2309// 2318//
f 2258// 2294// 2426//
f 2250// 2329// 2294//
f 2269// 2323// 2561//
f 2241// 2364// 2317//
f 2265// 2288// 2364//
f 2256// 2372// 2288//
f 2256// 2346// 2372//
f 2316// 2311// 2254//
f 2299// 2346// 2256//
f 2299// 2356// 2373//
f 2292// 2374// 2262//
f 2274// 2334// 2386//
f 2274// 2386// 2340//
f 2297// 2287// 2337//
f 2273// 2302// 2337//
f 2302// 2273// 2251//
f 2277// 2340// 2369//
f 2277// 2369// 2315//
f 2321// 2255// 2276//
f 2306// 2295// 2271//
f 2293// 2321// 2276//
f 2298// 2296// 2266//
f 2268// 2284// 2328//
f 2268// 2328// 2278//
f 2308// 2312// 2210//
f 2358// 2210// 2312//
f 2275// 2253// 2355//
f 2326// 2325// 2247//
f 2247// 2314// 2326//
f 2314// 2247// 2310//
f 2252// 2275// 2330//
f 2272// 2258// 2426//
f 2332// 2333// 2168//
f 2265// 2364// 2241//
f 2311// 2245// 2254//
f 2320// 2245// 2311//
f 2279// 2356// 2299//
f 2334// 2218// 2263//
f 2340// 2267// 2274//
f 2337// 2287// 2273//
f 2315// 2347// 2248//
f 2336// 2270// 2255//
f 2238// 2347// 2324//
f 2300// 2238// 2324//
f 2293// 2242// 2296//
f 2295// 2284// 2243//
f 2242// 2266// 2296//
f 2303// 2339// 2266//
f 2281// 2225// 2286//
f 2308// 2237// 2228//
f 2360// 2199// 2325//
f 2310// 2236// 2385//
f 2236// 2376// 2385//
f 2431// 2157// 2205//
f 2431// 2205// 2343//
f 2309// 2177// 2341//
f 2177// 2282// 2341//
f 2205// 2387// 2343//
f 2353// 2240// 2491//
f 2307// 2166// 2264//
f 2269// 2368// 2235//
f 2229// 2368// 2363//
f 2332// 2203// 2229//
f 2254// 2261// 2316//
f 2232// 2299// 2256//
f 2245// 2320// 2221//
f 2279// 2299// 2232//
f 2221// 2320// 2289//
f 2218// 2334// 2274//
f 2274// 2267// 2218//
f 2297// 2204// 2287//
f 2287// 2204// 2273//
f 2340// 2277// 2257//
f 2259// 2277// 2315//
f 2248// 2259// 2315//
f 2302// 2249// 2336//
f 2336// 2249// 2270//
f 2248// 2347// 2238//
f 2238// 2300// 2306//
f 2276// 2216// 2293//
f 2243// 2271// 2295//
f 2268// 2243// 2284//
f 2266// 2246// 2303//
f 2303// 2246// 2281//
f 2233// 2278// 2301//
f 2228// 2233// 2301//
f 2226// 2280// 2286//
f 2211// 2237// 2308//
f 2210// 2211// 2308//
f 2291// 2217// 2244//
f 2136// 2327// 2244//
f 2136// 2113// 2327//
f 2252// 2222// 2275//
f 2310// 2194// 2236//
f 2283// 2224// 2313//
f 2224// 2252// 2313//
f 2154// 2283// 2282//
f 2201// 2309// 2264//
f 2269// 2149// 2323//
f 2285// 2329// 2250//
f 2333// 2290// 2198//
f 2289// 2208// 2221//
f 2340// 2257// 2267//
f 2302// 2186// 2213//
f 2302// 2213// 2249//
f 2270// 2249// 2207//
f 2270// 2207// 2255//
f 2255// 2220// 2276//
f 2223// 2238// 2306//
f 2276// 2220// 2216//
f 2223// 2306// 2271//
f 2266// 2242// 2246//
f 2239// 2268// 2278//
f 2239// 2278// 2227//
f 2234// 2281// 2246//
f 2281// 2234// 2225//
f 2225// 2226// 2286//
f 2280// 2219// 2291//
f 2291// 2219// 2217//
f 2358// 2260// 2210//
f 2253// 2129// 2260//
f 2310// 2247// 2194//
f 2201// 2177// 2309//
f 2387// 2151// 2353//
f 2353// 2151// 2240//
f 2304// 2166// 2307//
f 2258// 2123// 2294//
f 2230// 2272// 2352//
f 2230// 2352// 2305//
f 2250// 2294// 2184//
f 2200// 2235// 2368//
f 2241// 2317// 2285//
f 2265// 2256// 2288//
f 2290// 2261// 2167//
f 2279// 2232// 2214//
f 2209// 2279// 2214//
f 2289// 2263// 2208//
f 2297// 2292// 2212//
f 2204// 2297// 2212//
f 2204// 2181// 2273//
f 2257// 2169// 2267//
f 2169// 2257// 2175//
f 2175// 2257// 2277//
f 2231// 2277// 2259//
f 2249// 2213// 2207//
f 2206// 2248// 2238//
f 2243// 2223// 2271//
f 2293// 2216// 2242//
f 2243// 2268// 2191//
f 2268// 2239// 2191//
f 2227// 2278// 2233//
f 2280// 2226// 2219//
f 2177// 2154// 2282//
f 2491// 2158// 2304//
f 2166// 2201// 2264//
f 2258// 2272// 2179//
f 2149// 2230// 2305//
f 2250// 2183// 2285//
f 2200// 2368// 2229//
f 2241// 2285// 2183//
f 2332// 2168// 2203//
f 2209// 2202// 2279//
f 2202// 2262// 2279//
f 2181// 2251// 2273//
f 2147// 2175// 2277//
f 2147// 2277// 2231//
f 2251// 2186// 2302//
f 2255// 2207// 2220//
f 2215// 2246// 2242//
f 2246// 2215// 2234//
f 2234// 2215// 2190//
f 2176// 2239// 2227//
f 2234// 2188// 2225//
f 2225// 2162// 2226//
f 2199// 2247// 2325//
f 2275// 2222// 2253//
f 2154// 2224// 2283//
f 2205// 2151// 2387//
f 2151// 2158// 2240//
f 2163// 2166// 2304//
f 2179// 2123// 2258//
f 2294// 2123// 2184//
f 2230// 2149// 2161//
f 2149// 2269// 2235//
f 2265// 2180// 2196//
f 2265// 2196// 2256//
f 2254// 2245// 2152//
f 2212// 2292// 2262//
f 2193// 2231// 2259//
f 2185// 2238// 2223//
f 2172// 2185// 2223//
f 2191// 2223// 2243//
f 2191// 2239// 2176//
f 2190// 2188// 2234//
f 2199// 2194// 2247//
f 2224// 2165// 2252//
f 2236// 2143// 2376//
f 2143// 2157// 2376//
f 2240// 2158// 2491//
f 2158// 2163// 2304//
f 2230// 2179// 2272//
f 2161// 2197// 2230//
f 2080// 2183// 2250//
f 2180// 2265// 2241//
f 2333// 2198// 2168//
f 2187// 2256// 2196//
f 2187// 2232// 2256//
f 2192// 2263// 2218//
f 2169// 2218// 2267//
f 2251// 2174// 2186//
f 2259// 2248// 2182//
f 2206// 2238// 2185//
f 2220// 2207// 2195//
f 2216// 2220// 2195//
f 2172// 2223// 2191//
f 2189// 2242// 2216//
f 2242// 2189// 2215//
f 2189// 2190// 2215//
f 2176// 2227// 2178//
f 2171// 2233// 2228//
f 2114// 2136// 2244//
f 2114// 2244// 2217//
f 2260// 2121// 2210//
f 2142// 2253// 2222//
f 2252// 2165// 2222//
f 2116// 2250// 2184//
f 2080// 2250// 2116//
f 2167// 2261// 2112//
f 2112// 2261// 2254//
f 2245// 2221// 2152//
f 2202// 2173// 2262//
f 2262// 2173// 2212//
f 2181// 2105// 2251//
f 2193// 2259// 2182//
f 2182// 2248// 2206//
f 2189// 2216// 2195//
f 2171// 2178// 2227//
f 2233// 2171// 2227//
f 2188// 2162// 2225//
f 2237// 2110// 2228//
f 2211// 2118// 2237//
f 2210// 2118// 2211//
f 2360// 2113// 2199//
f 2199// 2145// 2194//
f 2135// 2165// 2224//
f 2157// 2127// 2205//
f 2127// 2151// 2205//
f 2164// 2179// 2230//
f 2197// 2164// 2230//
f 2200// 2229// 2122//
f 2203// 2122// 2229//
f 2107// 2241// 2183//
f 2208// 2263// 2192//
f 2173// 2202// 2126//
f 2140// 2192// 2218//
f 2105// 2174// 2251//
f 2195// 2153// 2189//
f 2156// 2188// 2190//
f 2188// 2111// 2162//
f 2118// 2110// 2237//
f 2226// 2125// 2219//
f 2121// 2260// 2129//
f 2113// 2139// 2199//
f 2199// 2139// 2145//
f 2194// 2144// 2236//
f 2154// 2135// 2224//
f 2132// 2177// 2201//
f 2180// 2241// 2107//
f 2221// 2124// 2152//
f 2124// 2221// 2208//
f 2213// 2186// 2146//
f 2213// 2146// 2207//
f 2128// 2182// 2206//
f 2207// 2170// 2195//
f 2170// 2153// 2195//
f 2189// 2153// 2159//
f 2172// 2191// 2155//
f 2189// 2159// 2190//
f 2155// 2191// 2176//
f 2159// 2156// 2190//
f 2148// 2176// 2178//
f 2156// 2111// 2188//
f 2150// 2178// 2171//
f 2162// 2125// 2226//
f 2125// 2115// 2219//
f 2115// 2217// 2219//
f 2121// 2118// 2210//
f 2222// 2165// 2142//
f 2132// 2201// 2166//
f 2158// 2098// 2163//
f 2092// 2116// 2184//
f 2197// 2161// 2160//
f 2137// 2149// 2235//
f 2122// 2137// 2200//
f 2187// 2104// 2232//
f 2232// 2133// 2214//
f 2173// 2109// 2212//
f 2140// 2218// 2169//
f 2204// 2134// 2181//
f 2147// 2231// 2193//
f 2182// 2100// 2193//
f 2207// 2146// 2170//
f 2155// 2176// 2148//
f 2150// 2148// 2178//
f 2095// 2171// 2228//
f 2177// 2120// 2154//
f 2141// 2123// 2179//
f 2141// 2179// 2164//
f 2131// 2164// 2197//
f 2160// 2131// 2197//
f 2200// 2137// 2235//
f 2203// 2039// 2122//
f 2075// 2039// 2203//
f 2167// 2078// 2290//
f 2138// 2208// 2192//
f 2138// 2192// 2140//
f 2109// 2134// 2212//
f 2212// 2134// 2204//
f 2105// 2130// 2174//
f 2147// 2193// 2100//
f 2186// 2090// 2146//
f 2108// 2185// 2172//
f 2217// 2115// 2114//
f 2142// 2129// 2253//
f 2165// 2106// 2142//
f 2145// 2071// 2194//
f 2071// 2144// 2194//
f 2236// 2144// 2143//
f 2132// 2120// 2177//
f 2163// 2084// 2166//
f 2123// 2092// 2184//
f 2164// 2131// 2141//
f 2160// 2067// 2131//
f 2290// 2078// 2198//
f 2232// 2104// 2133//
f 2126// 2202// 2209//
f 2134// 2105// 2181//
f 2117// 2175// 2147//
f 2128// 2100// 2182//
f 2128// 2206// 2185//
f 2128// 2185// 2108//
f 2159// 2102// 2156//
f 2099// 2155// 2148//
f 2079// 2148// 2150//
f 2086// 2150// 2171//
f 2085// 2125// 2162//
f 2165// 2061// 2106//
f 2143// 2060// 2157//
f 2157// 2091// 2127//
f 2084// 2132// 2166//
f 2161// 2072// 2160//
f 2070// 2183// 2080//
f 2168// 2198// 2051//
f 2167// 2058// 2078//
f 2112// 2058// 2167//
f 2187// 2017// 2104//
f 2214// 2096// 2209//
f 2209// 2081// 2126//
f 2088// 2208// 2138//
f 2169// 2175// 2117//
f 2108// 2172// 2119//
f 2119// 2172// 2099//
f 2099// 2172// 2155//
f 2079// 2150// 2086//
f 2228// 2110// 2095//
f 2142// 2066// 2129//
f 2139// 2076// 2145//
f 2142// 2106// 2066//
f 2127// 2087// 2151//
f 2132// 2073// 2120//
f 2151// 2098// 2158//
f 2098// 2084// 2163//
f 2161// 2149// 2094//
f 2137// 2089// 2149//
f 2070// 2107// 2183//
f 2107// 2074// 2180//
f 2198// 2078// 2051//
f 2074// 2196// 2180//
f 2112// 2254// 2152//
f 2214// 2133// 2096//
f 2042// 2152// 2124//
f 2081// 2209// 2096//
f 2124// 2208// 2088//
f 2173// 2126// 2109//
f 2101// 2140// 2169//
f 2105// 2093// 2130//
f 2130// 2103// 2174//
f 2174// 2097// 2186//
f 2186// 2097// 2090//
f 2146// 2090// 2170//
f 2099// 2148// 2079//
f 2156// 2102// 2111//
f 2139// 2113// 2076//
f 2041// 2061// 2165//
f 2041// 2165// 2135//
f 2060// 2091// 2157//
f 2087// 2098// 2151//
f 2131// 2083// 2141//
f 2083// 2092// 2123//
f 2072// 2161// 2094//
f 2187// 2196// 2017//
f 2134// 2048// 2105//
f 2101// 2169// 2063//
f 2063// 2169// 2117//
f 2117// 2147// 2077//
f 2130// 2093// 2103//
f 2174// 2103// 2097//
f 2100// 2128// 2108//
f 2170// 2043// 2153//
f 2153// 2043// 2159//
f 2027// 2119// 2099//
f 2159// 2043// 2019//
f 2102// 2159// 2045//
f 2082// 2162// 2111//
f 2086// 2171// 2095//
f 2162// 2082// 2085//
f 2129// 2054// 2121//
f 2135// 2030// 2041//
f 2083// 2123// 2141//
f 2052// 2107// 2070//
f 2104// 1943// 2133//
f 2109// 2126// 2046//
f 2025// 2088// 2138//
f 2025// 2138// 2140//
f 2025// 2140// 2101//
f 2109// 2048// 2134//
f 2103// 2093// 2065//
f 2077// 2147// 2100//
f 2103// 2062// 2097//
f 2077// 2100// 2069//
f 2100// 2108// 2064//
f 2118// 2121// 2049//
f 2059// 2076// 2113//
f 2145// 2076// 2071//
f 2071// 2032// 2144//
f 2154// 2007// 2135//
f 2091// 2037// 2127//
f 2094// 2149// 2089//
f 2080// 2116// 2053//
f 2203// 2168// 2051//
f 2203// 2051// 2075//
f 2074// 2017// 2196//
f 2152// 2042// 2112//
f 2096// 2133// 1943//
f 2109// 2046// 2048//
f 2025// 2101// 2050//
f 2063// 2117// 2077//
f 2103// 2065// 2062//
f 2064// 2069// 2100//
f 2090// 2043// 2170//
f 2159// 2019// 2045//
f 2102// 2045// 2111//
f 2086// 2095// 2006//
f 2009// 2095// 2110//
f 2012// 2115// 2125//
f 2118// 2036// 2110//
f 2118// 2049// 2036//
f 2028// 2136// 2114//
f 2066// 2054// 2129//
f 2144// 2032// 2143//
f 2007// 2030// 2135//
f 2127// 2037// 2087//
f 2098// 1994// 1986//
f 1988// 2132// 2084//
f 2053// 2116// 2092//
f 2089// 2034// 2094//
f 2074// 2107// 2052//
f 2126// 2081// 2056//
f 2126// 2056// 2047//
f 2046// 2126// 2047//
f 2050// 2101// 2063//
f 2093// 2105// 2057//
f 2093// 2057// 2065//
f 2090// 2097// 2055//
f 2043// 2090// 2055//
f 2064// 2108// 2033//
f 2033// 2108// 2119//
f 2045// 2082// 2111//
f 2085// 2012// 2125//
f 2022// 2028// 2114//
f 2022// 2114// 2115//
f 2054// 2049// 2121//
f 2059// 2113// 2136//
f 2106// 2061// 2066//
f 2032// 2060// 2143//
f 2120// 2007// 2154//
f 2031// 2098// 2087//
f 1986// 2084// 2098//
f 2067// 2160// 1987//
f 2092// 2040// 2053//
f 2092// 2083// 2040//
f 2053// 2070// 2080//
f 2039// 2089// 2137//
f 2137// 2122// 2039//
f 2068// 1982// 2124//
f 2068// 2124// 2088//
f 2105// 2048// 2057//
f 2038// 2063// 2077//
f 2036// 2009// 2110//
f 2136// 2028// 2059//
f 2061// 2035// 2066//
f 2060// 1965// 2091//
f 2037// 2031// 2087//
f 2000// 2083// 2131//
f 1973// 2131// 2067//
f 2160// 2072// 1987//
f 2072// 2094// 1971//
f 2089// 2039// 2034//
f 2081// 2096// 1981//
f 1982// 2068// 1972//
f 2038// 2077// 2029//
f 2062// 2065// 2026//
f 2062// 2026// 1996//
f 2029// 2077// 2069//
f 2029// 2069// 2044//
f 2044// 2069// 2064//
f 2055// 2097// 2024//
f 2044// 2064// 2033//
f 2055// 2024// 2043//
f 2027// 2099// 2023//
f 2023// 2099// 2079//
f 2021// 2079// 2086//
f 2082// 2015// 2016//
f 2006// 2095// 2009//
f 2012// 2002// 2115//
f 2115// 2002// 2022//
f 2066// 2035// 2054//
f 2120// 2003// 2007//
f 2091// 1965// 2037//
f 2031// 1994// 2098//
f 2131// 1973// 2000//
f 2040// 2083// 2000//
f 2094// 2034// 1971//
f 2070// 2018// 2052//
f 2070// 2053// 2018//
f 2039// 2075// 2005//
f 2020// 2074// 2052//
f 2020// 2017// 2074//
f 2104// 2017// 1943//
f 2112// 2042// 2058//
f 1962// 2068// 2088//
f 1998// 2063// 2038//
f 2065// 2057// 2026//
f 1970// 2038// 2029//
f 1996// 1966// 2062//
f 2062// 1966// 2024//
f 2062// 2024// 2097//
f 2033// 2119// 2027//
f 2021// 2023// 2079//
f 2082// 2045// 2015//
f 2016// 2010// 2082//
f 2082// 2010// 2085//
f 2028// 2011// 2059//
f 2059// 2011// 2076//
f 2041// 1963// 2061//
f 2071// 1989// 2032//
f 1988// 2073// 2132//
f 1987// 1973// 2067//
f 2018// 2053// 2013//
f 2051// 2005// 2075//
f 2096// 1943// 1981//
f 2124// 1982// 2042//
f 2056// 2081// 1981//
f 1962// 1972// 2068//
f 2048// 2046// 1999//
f 2025// 2050// 1983//
f 2057// 2048// 1999//
f 2050// 2063// 1998//
f 2057// 2004// 2026//
f 2014// 2044// 2033//
f 2019// 2015// 2045//
f 2006// 2021// 2086//
f 2010// 2012// 2085//
f 2036// 1997// 1976//
f 2036// 2049// 1997//
f 1991// 1997// 2049//
f 2054// 1991// 2049//
f 2035// 2061// 1963//
f 2032// 1979// 2060//
f 1986// 1988// 2084//
f 2013// 2053// 2008//
f 2018// 1993// 2052//
f 2020// 2052// 1993//
f 2078// 1995// 2051//
f 2078// 2058// 1995//
f 2058// 1978// 1995//
f 2057// 1999// 1977//
f 1983// 2050// 1998//
f 2038// 1970// 1957//
f 1985// 2044// 2014//
f 2014// 2033// 1980//
f 2023// 1990// 2027//
f 1990// 2023// 2021//
f 1990// 2021// 2006//
f 2015// 1992// 2016//
f 2035// 1991// 2054//
f 2011// 1974// 2076//
f 2076// 1974// 2071//
f 2060// 1979// 1965//
f 2073// 1940// 2120//
f 1940// 2003// 2120//
f 2037// 1917// 2031//
f 1971// 1987// 2072//
f 2008// 2053// 2040//
f 1969// 1971// 2034//
f 2034// 2001// 1969//
f 2001// 2034// 2039//
f 2005// 2001// 2039//
f 2005// 2051// 1995//
f 2020// 1944// 2017//
f 1978// 2058// 2042//
f 2057// 1977// 2004//
f 1985// 2029// 2044//
f 2043// 2024// 1951//
f 2043// 1961// 2019//
f 2019// 1961// 2015//
f 2015// 1961// 1992//
f 1992// 1967// 2016//
f 1990// 2006// 1975//
f 2071// 1974// 1895//
f 2041// 1954// 1963//
f 2030// 1954// 2041//
f 2032// 1931// 1979//
f 1984// 2040// 2000//
f 2008// 2040// 1984//
f 2001// 2005// 1964//
f 1993// 1968// 2020//
f 1981// 1958// 2056//
f 1952// 2047// 1958//
f 1962// 2088// 2025//
f 2047// 1952// 2046//
f 2046// 1952// 1999//
f 2026// 2004// 1933//
f 1933// 1996// 2026//
f 1970// 2029// 1985//
f 1912// 2033// 2027//
f 2043// 1951// 1961//
f 1947// 2027// 1990//
f 2006// 2009// 1959//
f 2009// 2036// 1976//
f 2010// 1939// 2012//
f 1895// 1989// 2071//
f 1989// 1931// 2032//
f 2030// 1901// 1954//
f 2007// 1901// 2030//
f 1953// 1940// 2073//
f 1988// 1953// 2073//
f 1917// 1994// 2031//
f 1923// 1986// 1994//
f 1969// 2001// 1964//
f 2020// 1968// 1944//
f 2005// 1995// 1960//
f 2042// 1982// 1978//
f 1946// 2025// 1983//
f 1910// 1998// 2038//
f 1910// 2038// 1929//
f 1996// 1913// 1966//
f 1966// 1938// 2024//
f 2024// 1938// 1951//
f 1912// 1980// 2033//
f 1950// 2027// 1947//
f 1992// 1961// 1967//
f 1955// 2016// 1967//
f 1975// 2006// 1959//
f 2016// 1955// 2010//
f 2010// 1955// 1939//
f 2012// 1939// 2002//
f 1976// 1997// 1853//
f 2002// 1925// 2022//
f 1991// 1851// 1997//
f 2022// 1925// 2028//
f 1925// 2011// 2028//
f 1963// 1942// 2035//
f 2003// 1901// 2007//
f 1920// 1953// 1988//
f 1984// 2000// 1948//
f 1973// 1987// 1941//
f 2013// 1900// 2018//
f 1993// 1937// 1968//
f 1964// 2005// 1960//
f 1915// 1995// 1978//
f 1958// 1981// 1930//
f 2047// 2056// 1958//
f 1977// 1999// 1956//
f 1949// 1983// 1998//
f 1949// 1998// 1910//
f 1996// 1933// 1913//
f 1985// 2014// 1945//
f 1912// 2027// 1950//
f 1951// 1935// 1961//
f 1947// 1990// 1927//
f 1927// 1990// 1975//
f 1959// 2009// 1976//
f 1939// 1889// 2002//
f 1997// 1851// 1853//
f 1931// 1905// 1979//
f 1979// 1905// 1965//
f 1948// 2000// 1973//
f 1987// 1971// 1941//
f 1995// 1932// 1960//
f 1943// 2017// 1944//
f 1981// 1943// 1922//
f 1884// 1982// 1972//
f 2025// 1946// 1919//
f 1999// 1952// 1956//
f 1977// 1956// 1934//
f 1929// 2038// 1957//
f 1928// 1957// 1970//
f 1966// 1913// 1924//
f 1945// 2014// 1918//
f 1918// 2014// 1980//
f 1967// 1961// 1914//
f 1975// 1959// 1927//
f 1955// 1967// 1902//
f 1976// 1888// 1959//
f 1925// 1907// 2011//
f 2035// 1896// 1991//
f 1942// 1896// 2035//
f 1895// 1892// 1989//
f 1986// 1909// 1988//
f 1903// 1984// 1948//
f 1971// 1969// 1926//
f 1937// 1993// 2018//
f 1937// 2018// 1900//
f 1919// 1962// 2025//
f 1983// 1949// 1946//
f 1977// 1934// 2004//
f 2004// 1934// 1933//
f 1928// 1970// 1985//
f 1966// 1924// 1938//
f 1951// 1897// 1935//
f 1906// 1950// 1947//
f 1961// 1911// 1914//
f 1967// 1914// 1902//
f 1902// 1878// 1955//
f 2002// 1889// 1925//
f 1896// 1840// 1991//
f 1954// 1858// 1963//
f 1954// 1901// 1858//
f 1892// 1931// 1989//
f 1965// 1905// 1876//
f 1940// 1863// 2003//
f 1867// 1917// 2037//
f 1859// 1940// 1953//
f 1920// 1859// 1953//
f 1917// 1923// 1994//
f 1909// 1920// 1988//
f 1973// 1893// 1948//
f 1973// 1941// 1893//
f 1921// 1941// 1971//
f 1971// 1926// 1921//
f 1969// 1964// 1926//
f 1964// 1960// 1926//
f 1960// 1932// 1936//
f 1995// 1915// 1932//
f 1930// 1981// 1855//
f 1958// 1887// 1952//
f 1946// 1949// 1864//
f 1945// 1928// 1985//
f 1938// 1897// 1951//
f 1950// 1891// 1912//
f 1935// 1908// 1961//
f 1927// 1959// 1871//
f 1888// 1976// 1853//
f 2011// 1907// 1899//
f 2011// 1899// 1974//
f 1896// 1942// 1846//
f 1963// 1846// 1942//
f 1965// 1867// 2037//
f 1886// 1909// 1986//
f 1886// 1986// 1923//
f 1937// 1827// 1916//
f 1968// 1937// 1916//
f 1944// 1968// 1916//
f 1981// 1922// 1855//
f 1884// 1972// 1904//
f 1962// 1904// 1972//
f 1930// 1887// 1958//
f 1956// 1952// 1857//
f 1929// 1957// 1928//
f 1918// 1980// 1912//
f 1906// 1947// 1890//
f 1866// 1947// 1927//
f 1914// 1911// 1845//
f 1871// 1959// 1888//
f 1991// 1840// 1851//
f 1974// 1899// 1895//
f 1863// 1901// 2003//
f 1876// 1867// 1965//
f 1879// 1948// 1872//
f 1881// 2008// 1984//
f 1941// 1921// 1877//
f 2013// 2008// 1881//
f 1827// 1937// 1900//
f 1926// 1960// 1898//
f 1960// 1936// 1898//
f 1936// 1932// 1869//
f 1932// 1915// 1860//
f 1978// 1982// 1885//
f 1962// 1919// 1904//
f 1952// 1887// 1831//
f 1952// 1831// 1883//
f 1882// 1919// 1946//
f 1883// 1857// 1952//
f 1934// 1956// 1857//
f 1864// 1949// 1910//
f 1894// 1928// 1945//
f 1938// 1924// 1850//
f 1938// 1850// 1897//
f 1890// 1947// 1862//
f 1961// 1908// 1911//
f 1955// 1878// 1939//
f 1939// 1878// 1852//
f 1939// 1852// 1889//
f 1925// 1889// 1847//
f 1925// 1838// 1907//
f 1907// 1843// 1899//
f 1859// 1863// 1940//
f 1917// 1833// 1923//
f 1948// 1893// 1872//
f 1903// 1948// 1879//
f 1921// 1926// 1865//
f 1926// 1898// 1868//
f 1898// 1936// 1869//
f 1944// 1916// 1844//
f 1932// 1841// 1869//
f 1932// 1860// 1841//
f 1943// 1944// 1854//
f 1922// 1943// 1854//
f 1915// 1978// 1842//
f 1978// 1885// 1842//
f 1885// 1982// 1884//
f 1930// 1855// 1887//
f 1904// 1919// 1849//
f 1946// 1864// 1770//
f 1856// 1910// 1929//
f 1894// 1929// 1928//
f 1924// 1913// 1874//
f 1836// 1945// 1918//
f 1918// 1912// 1830//
f 1850// 1811// 1897//
f 1912// 1891// 1830//
f 1897// 1811// 1795//
f 1891// 1950// 1906//
f 1935// 1861// 1908//
f 1908// 1837// 1911//
f 1862// 1947// 1866//
f 1866// 1927// 1848//
f 1848// 1927// 1871//
f 1925// 1847// 1838//
f 1899// 1843// 1895//
f 1963// 1858// 1846//
f 1892// 1767// 1931//
f 1905// 1751// 1876//
f 1886// 1781// 1909//
f 1881// 1984// 1903//
f 1941// 1877// 1893//
f 1877// 1921// 1865//
f 1868// 1865// 1926//
f 1916// 1827// 1760//
f 1916// 1760// 1844//
f 1849// 1919// 1882//
f 1882// 1946// 1770//
f 1933// 1835// 1873//
f 1933// 1873// 1913//
f 1875// 1894// 1945//
f 1873// 1874// 1913//
f 1875// 1945// 1836//
f 1784// 1830// 1891//
f 1784// 1891// 1906//
f 1897// 1795// 1935//
f 1935// 1880// 1861//
f 1906// 1890// 1870//
f 1816// 1862// 1866//
f 1914// 1845// 1902//
f 1828// 1878// 1902//
f 1907// 1838// 1843//
f 1895// 1820// 1892//
f 1931// 1751// 1905//
f 1781// 1920// 1909//
f 1923// 1749// 1886//
f 1881// 1903// 1826//
f 1903// 1879// 1826//
f 1900// 2013// 1765//
f 1898// 1839// 1868//
f 1898// 1869// 1839//
f 1944// 1844// 1772//
f 1915// 1834// 1860//
f 1834// 1915// 1842//
f 1885// 1884// 1794//
f 1849// 1884// 1904//
f 1864// 1910// 1856//
f 1934// 1857// 1832//
f 1934// 1832// 1933//
f 1824// 1856// 1929//
f 1824// 1929// 1894//
f 1795// 1880// 1935//
f 1908// 1861// 1821//
f 1908// 1821// 1837//
f 1890// 1862// 1796//
f 1866// 1848// 1816//
f 1828// 1902// 1845//
f 1871// 1822// 1848//
f 1871// 1888// 1818//
f 1853// 1818// 1888//
f 1797// 1896// 1846//
f 1895// 1843// 1820//
f 1820// 1763// 1892//
f 1767// 1751// 1931//
f 1810// 1867// 1876//
f 1867// 1807// 1917//
f 1833// 1749// 1923//
f 1881// 1765// 2013//
f 1841// 1860// 1799//
f 1944// 1772// 1854//
f 1922// 1854// 1855//
f 1794// 1842// 1885//
f 1824// 1894// 1804//
f 1726// 1823// 1874//
f 1874// 1823// 1924//
f 1924// 1823// 1850//
f 1813// 1784// 1906//
f 1870// 1890// 1802//
f 1870// 1802// 1780//
f 1861// 1768// 1821//
f 1890// 1796// 1802//
f 1796// 1862// 1816//
f 1845// 1911// 1837//
f 1816// 1848// 1803//
f 1828// 1825// 1878//
f 1852// 1878// 1825//
f 1851// 1818// 1853//
f 1851// 1776// 1818//
f 1797// 1840// 1896//
f 1748// 1858// 1901//
f 1867// 1810// 1807//
f 1756// 1863// 1859//
f 1756// 1739// 1863//
f 1809// 1826// 1879//
f 1879// 1872// 1809//
f 1893// 1814// 1872//
f 1893// 1877// 1814//
f 1881// 1826// 1765//
f 1877// 1865// 1814//
f 1869// 1841// 1805//
f 1857// 1883// 1779//
f 1857// 1757// 1832//
f 1933// 1832// 1835//
f 1829// 1804// 1894//
f 1829// 1894// 1875//
f 1873// 1792// 1874//
f 1798// 1875// 1836//
f 1836// 1918// 1830//
f 1880// 1752// 1861//
f 1906// 1870// 1813//
f 1815// 1845// 1837//
f 1845// 1815// 1828//
f 1848// 1822// 1803//
f 1822// 1871// 1775//
f 1775// 1871// 1818//
f 1852// 1825// 1817//
f 1852// 1817// 1889//
f 1889// 1817// 1847//
f 1840// 1776// 1851//
f 1847// 1769// 1838//
f 1840// 1800// 1776//
f 1843// 1838// 1789//
f 1858// 1748// 1791//
f 1751// 1774// 1876//
f 1739// 1762// 1863//
f 1807// 1833// 1917//
f 1741// 1781// 1886//
f 1827// 1900// 1765//
f 1865// 1868// 1782//
f 1868// 1839// 1790//
f 1855// 1854// 1783//
f 1887// 1855// 1819//
f 1884// 1849// 1794//
f 1883// 1831// 1779//
f 1732// 1864// 1824//
f 1824// 1864// 1856//
f 1873// 1835// 1788//
f 1873// 1788// 1792//
f 1874// 1792// 1726//
f 1850// 1823// 1811//
f 1786// 1813// 1870//
f 1786// 1870// 1780//
f 1837// 1821// 1787//
f 1837// 1787// 1815//
f 1815// 1764// 1828//
f 1828// 1801// 1825//
f 1825// 1801// 1817//
f 1761// 1847// 1817//
f 1843// 1789// 1820//
f 1791// 1846// 1858//
f 1774// 1810// 1876//
f 1810// 1755// 1807//
f 1781// 1859// 1920//
f 1724// 1741// 1886//
f 1872// 1806// 1809//
f 1872// 1814// 1812//
f 1865// 1782// 1814//
f 1868// 1790// 1782//
f 1839// 1869// 1808//
f 1869// 1805// 1808//
f 1844// 1714// 1772//
f 1854// 1772// 1783//
f 1855// 1783// 1778//
f 1794// 1849// 1793//
f 1887// 1819// 1831//
f 1849// 1882// 1770//
f 1779// 1757// 1857//
f 1832// 1705// 1835//
f 1829// 1875// 1798//
f 1785// 1836// 1830//
f 1785// 1830// 1784//
f 1861// 1752// 1759//
f 1768// 1861// 1759//
f 1815// 1787// 1773//
f 1801// 1828// 1764//
f 1758// 1817// 1801//
f 1817// 1758// 1761//
f 1847// 1761// 1769//
f 1800// 1753// 1776//
f 1763// 1767// 1892//
f 1755// 1833// 1807//
f 1781// 1756// 1859//
f 1814// 1782// 1745//
f 1839// 1808// 1790//
f 1750// 1805// 1841//
f 1860// 1834// 1727//
f 1834// 1842// 1717//
f 1842// 1794// 1766//
f 1732// 1770// 1864//
f 1832// 1757// 1705//
f 1705// 1788// 1835//
f 1788// 1743// 1792//
f 1734// 1829// 1798//
f 1777// 1798// 1836//
f 1777// 1836// 1785//
f 1795// 1746// 1752//
f 1795// 1752// 1880//
f 1712// 1813// 1786//
f 1803// 1822// 1771//
f 1713// 1801// 1764//
f 1713// 1758// 1801//
f 1818// 1776// 1775//
f 1838// 1769// 1789//
f 1797// 1800// 1840//
f 1791// 1797// 1846//
f 1686// 1748// 1901//
f 1669// 1762// 1739//
f 1686// 1901// 1863//
f 1774// 1725// 1810//
f 1749// 1724// 1886//
f 1809// 1806// 1731//
f 1872// 1812// 1806//
f 1826// 1809// 1718//
f 1814// 1745// 1812//
f 1765// 1826// 1737//
f 1790// 1808// 1711//
f 1841// 1684// 1750//
f 1841// 1799// 1684//
f 1799// 1860// 1727//
f 1717// 1842// 1766//
f 1819// 1855// 1778//
f 1819// 1778// 1744//
f 1794// 1793// 1747//
f 1831// 1819// 1742//
f 1849// 1770// 1793//
f 1831// 1742// 1779//
f 1708// 1824// 1804//
f 1804// 1829// 1754//
f 1754// 1829// 1734//
f 1726// 1692// 1823//
f 1823// 1692// 1811//
f 1795// 1811// 1746//
f 1695// 1784// 1813//
f 1821// 1768// 1722//
f 1735// 1802// 1796//
f 1821// 1722// 1787//
f 1764// 1815// 1773//
f 1771// 1822// 1775//
f 1769// 1709// 1789//
f 1789// 1730// 1820//
f 1791// 1748// 1704//
f 1762// 1686// 1863//
f 1725// 1755// 1810//
f 1755// 1749// 1833//
f 1806// 1728// 1731//
f 1806// 1812// 1728//
f 1812// 1729// 1728//
f 1738// 1827// 1765//
f 1790// 1723// 1782//
f 1790// 1736// 1723//
f 1808// 1733// 1711//
f 1805// 1750// 1733//
f 1808// 1805// 1733//
f 1717// 1727// 1834//
f 1717// 1766// 1710//
f 1819// 1744// 1742//
f 1793// 1770// 1740//
f 1742// 1690// 1779//
f 1792// 1675// 1726//
f 1698// 1777// 1785//
f 1786// 1780// 1659//
f 1802// 1735// 1780//
f 1735// 1796// 1719//
f 1719// 1796// 1816//
f 1706// 1773// 1787//
f 1816// 1803// 1700//
f 1773// 1699// 1764//
f 1775// 1721// 1771//
f 1775// 1720// 1721//
f 1775// 1776// 1720//
f 1753// 1696// 1683//
f 1776// 1753// 1683//
f 1789// 1709// 1730//
f 1704// 1797// 1791//
f 1730// 1763// 1820//
f 1680// 1762// 1669//
f 1677// 1724// 1749//
f 1718// 1809// 1731//
f 1812// 1745// 1729//
f 1826// 1718// 1737//
f 1827// 1738// 1760//
f 1844// 1760// 1714//
f 1750// 1684// 1685//
f 1799// 1727// 1684//
f 1772// 1714// 1682//
f 1783// 1772// 1702//
f 1778// 1783// 1715//
f 1716// 1766// 1794//
f 1716// 1794// 1747//
f 1744// 1778// 1715//
f 1747// 1793// 1740//
f 1754// 1708// 1804//
f 1788// 1703// 1743//
f 1707// 1734// 1798//
f 1743// 1675// 1792//
f 1707// 1798// 1777//
f 1692// 1746// 1811//
f 1674// 1785// 1784//
f 1712// 1695// 1813//
f 1752// 1746// 1687//
f 1768// 1759// 1672//
f 1768// 1672// 1662//
f 1722// 1768// 1662//
f 1780// 1735// 1678//
f 1816// 1700// 1719//
f 1803// 1771// 1700//
f 1776// 1697// 1720//
f 1693// 1761// 1758//
f 1761// 1679// 1769//
f 1753// 1661// 1696//
f 1797// 1701// 1800//
f 1701// 1797// 1704//
f 1751// 1676// 1774//
f 1762// 1680// 1686//
f 1688// 1749// 1755//
f 1745// 1782// 1681//
f 1782// 1723// 1681//
f 1790// 1711// 1736//
f 1750// 1685// 1653//
f 1783// 1702// 1715//
f 1691// 1740// 1770//
f 1779// 1690// 1757//
f 1707// 1644// 1734//
f 1692// 1673// 1746//
f 1759// 1752// 1672//
f 1719// 1678// 1735//
f 1787// 1722// 1706//
f 1678// 1719// 1689//
f 1699// 1773// 1706//
f 1764// 1699// 1671//
f 1771// 1721// 1639//
f 1713// 1764// 1666//
f 1713// 1693// 1758//
f 1761// 1693// 1679//
f 1776// 1683// 1697//
f 1769// 1679// 1658//
f 1769// 1658// 1709//
f 1701// 1753// 1800//
f 1686// 1634// 1748//
f 1676// 1725// 1774//
f 1670// 1756// 1781//
f 1737// 1657// 1765//
f 1723// 1736// 1668//
f 1772// 1682// 1702//
f 1710// 1766// 1716//
f 1708// 1732// 1824//
f 1757// 1637// 1705//
f 1707// 1777// 1663//
f 1663// 1777// 1698//
f 1746// 1652// 1687//
f 1712// 1786// 1656//
f 1656// 1786// 1659//
f 1780// 1678// 1659//
f 1771// 1639// 1700//
f 1764// 1671// 1666//
f 1748// 1634// 1704//
f 1763// 1665// 1767//
f 1665// 1751// 1767//
f 1665// 1676// 1751//
f 1725// 1638// 1755//
f 1638// 1688// 1755//
f 1741// 1670// 1781//
f 1647// 1739// 1756//
f 1731// 1728// 1655//
f 1745// 1681// 1650//
f 1737// 1718// 1657//
f 1736// 1711// 1668//
f 1733// 1646// 1711//
f 1760// 1738// 1694//
f 1733// 1750// 1653//
f 1633// 1740// 1691//
f 1691// 1770// 1732//
f 1690// 1637// 1757//
f 1609// 1732// 1708//
f 1705// 1703// 1788//
f 1654// 1698// 1785//
f 1654// 1785// 1674//
f 1746// 1673// 1652//
f 1752// 1687// 1648//
f 1672// 1752// 1648//
f 1706// 1722// 1662//
f 1706// 1662// 1667//
f 1719// 1700// 1689//
f 1666// 1610// 1713//
f 1753// 1701// 1661//
f 1709// 1651// 1730//
f 1647// 1624// 1739//
f 1624// 1669// 1739//
f 1642// 1725// 1676//
f 1724// 1670// 1741//
f 1670// 1647// 1756//
f 1728// 1729// 1650//
f 1729// 1745// 1650//
f 1711// 1611// 1668//
f 1643// 1684// 1727//
f 1643// 1727// 1717//
f 1716// 1747// 1641//
f 1742// 1621// 1690//
f 1609// 1691// 1732//
f 1708// 1754// 1614//
f 1614// 1754// 1734//
f 1588// 1707// 1663//
f 1726// 1675// 1640//
f 1674// 1784// 1695//
f 1645// 1706// 1667//
f 1706// 1645// 1699//
f 1700// 1660// 1689//
f 1699// 1645// 1671//
f 1700// 1639// 1660//
f 1683// 1696// 1631//
f 1626// 1661// 1701//
f 1730// 1651// 1617//
f 1730// 1617// 1763//
f 1617// 1665// 1763//
f 1628// 1676// 1665//
f 1642// 1638// 1725//
f 1688// 1677// 1749//
f 1718// 1731// 1655//
f 1718// 1635// 1657//
f 1723// 1668// 1681//
f 1653// 1646// 1733//
f 1714// 1760// 1694//
f 1682// 1714// 1632//
f 1710// 1716// 1566//
f 1641// 1747// 1633//
f 1633// 1747// 1740//
f 1742// 1744// 1636//
f 1600// 1705// 1637//
f 1705// 1585// 1703//
f 1703// 1596// 1743//
f 1644// 1707// 1588//
f 1692// 1726// 1640//
f 1695// 1712// 1618//
f 1629// 1712// 1656//
f 1615// 1678// 1649//
f 1649// 1678// 1689//
f 1689// 1660// 1649//
f 1671// 1625// 1666//
f 1721// 1720// 1639//
f 1610// 1693// 1713//
f 1697// 1601// 1720//
f 1610// 1603// 1693//
f 1631// 1696// 1661//
f 1701// 1704// 1626//
f 1587// 1688// 1638//
f 1669// 1582// 1680//
f 1718// 1655// 1635//
f 1728// 1664// 1655//
f 1728// 1650// 1664//
f 1616// 1650// 1681//
f 1738// 1765// 1605//
f 1611// 1711// 1604//
f 1646// 1604// 1711//
f 1694// 1738// 1608//
f 1717// 1710// 1566//
f 1636// 1621// 1742//
f 1621// 1637// 1690//
f 1630// 1609// 1708//
f 1743// 1596// 1675//
f 1550// 1698// 1654//
f 1618// 1712// 1629//
f 1672// 1648// 1622//
f 1672// 1622// 1662//
f 1659// 1678// 1615//
f 1667// 1662// 1623//
f 1667// 1623// 1645//
f 1649// 1660// 1620//
f 1625// 1671// 1645//
f 1666// 1625// 1610//
f 1720// 1601// 1639//
f 1697// 1583// 1601//
f 1679// 1693// 1603//
f 1683// 1619// 1697//
f 1679// 1603// 1556//
f 1658// 1679// 1556//
f 1683// 1631// 1613//
f 1613// 1619// 1683//
f 1709// 1658// 1627//
f 1651// 1709// 1627//
f 1651// 1627// 1617//
f 1634// 1626// 1704//
f 1617// 1602// 1665//
f 1688// 1532// 1677//
f 1582// 1607// 1680//
f 1607// 1686// 1680//
f 1602// 1628// 1665//
f 1532// 1724// 1677//
f 1724// 1573// 1670//
f 1694// 1608// 1563//
f 1685// 1684// 1569//
f 1529// 1609// 1630//
f 1614// 1630// 1708//
f 1703// 1585// 1596//
f 1565// 1663// 1698//
f 1692// 1640// 1577//
f 1695// 1618// 1674//
f 1687// 1652// 1594//
f 1619// 1583// 1697//
f 1631// 1661// 1579//
f 1627// 1658// 1593//
f 1546// 1624// 1647//
f 1647// 1670// 1573//
f 1624// 1582// 1669//
f 1607// 1634// 1686//
f 1642// 1676// 1570//
f 1628// 1570// 1676//
f 1506// 1512// 1664//
f 1664// 1650// 1506//
f 1657// 1635// 1467//
f 1616// 1681// 1581//
f 1581// 1681// 1668//
f 1646// 1589// 1604//
f 1738// 1605// 1608//
f 1653// 1685// 1599//
f 1584// 1684// 1643//
f 1702// 1682// 1574//
f 1702// 1574// 1715//
f 1566// 1716// 1641//
f 1744// 1715// 1574//
f 1744// 1574// 1636//
f 1598// 1633// 1691//
f 1614// 1734// 1644//
f 1596// 1595// 1675//
f 1675// 1595// 1612//
f 1675// 1612// 1640//
f 1588// 1663// 1565//
f 1565// 1698// 1550//
f 1577// 1541// 1692//
f 1652// 1673// 1591//
f 1648// 1687// 1594//
f 1656// 1659// 1562//
f 1606// 1659// 1615//
f 1622// 1597// 1662//
f 1662// 1597// 1623//
f 1649// 1592// 1615//
f 1623// 1586// 1645//
f 1649// 1620// 1592//
f 1660// 1576// 1620//
f 1660// 1639// 1576//
f 1619// 1493// 1583//
f 1658// 1556// 1593//
f 1661// 1626// 1578//
f 1661// 1578// 1579//
f 1627// 1593// 1571//
f 1627// 1571// 1617//
f 1575// 1626// 1634//
f 1642// 1568// 1638//
f 1532// 1573// 1724//
f 1607// 1575// 1634//
f 1628// 1602// 1564//
f 1611// 1581// 1668//
f 1765// 1657// 1395//
f 1605// 1765// 1572//
f 1527// 1589// 1646//
f 1653// 1560// 1646//
f 1569// 1599// 1685//
f 1694// 1563// 1590//
f 1714// 1694// 1590//
f 1643// 1523// 1584//
f 1632// 1714// 1590//
f 1523// 1643// 1717//
f 1682// 1632// 1542//
f 1566// 1641// 1633//
f 1566// 1633// 1561//
f 1561// 1633// 1598//
f 1598// 1691// 1609//
f 1595// 1501// 1612//
f 1673// 1692// 1541//
f 1673// 1541// 1591//
f 1558// 1654// 1674//
f 1674// 1618// 1558//
f 1652// 1591// 1594//
f 1580// 1618// 1629//
f 1580// 1629// 1656//
f 1648// 1594// 1548//
f 1597// 1536// 1623//
f 1555// 1615// 1592//
f 1645// 1586// 1543//
f 1552// 1625// 1645//
f 1603// 1610// 1557//
f 1493// 1474// 1583//
f 1613// 1631// 1544//
f 1579// 1544// 1631//
f 1617// 1571// 1554//
f 1587// 1532// 1688//
f 1549// 1575// 1607//
f 1570// 1534// 1642//
f 1534// 1568// 1642//
f 1549// 1607// 1582//
f 1564// 1570// 1628//
f 1433// 1467// 1635//
f 1650// 1616// 1528//
f 1395// 1572// 1765//
f 1560// 1527// 1646//
f 1653// 1496// 1560//
f 1599// 1496// 1653//
f 1563// 1608// 1484//
f 1569// 1684// 1584//
f 1636// 1553// 1621//
f 1621// 1545// 1637//
f 1540// 1630// 1537//
f 1600// 1464// 1705//
f 1537// 1630// 1614//
f 1567// 1644// 1588//
f 1612// 1577// 1640//
f 1558// 1618// 1580//
f 1591// 1518// 1594//
f 1548// 1622// 1648//
f 1606// 1562// 1659//
f 1519// 1606// 1615//
f 1519// 1615// 1555//
f 1623// 1536// 1586//
f 1592// 1620// 1547//
f 1543// 1552// 1645//
f 1559// 1625// 1552//
f 1639// 1601// 1576//
f 1625// 1559// 1610//
f 1557// 1610// 1559//
f 1535// 1546// 1647//
f 1626// 1551// 1578//
f 1638// 1511// 1587//
f 1573// 1535// 1647//
f 1551// 1626// 1575//
f 1554// 1602// 1617//
f 1602// 1554// 1564//
f 1433// 1635// 1655//
f 1439// 1657// 1467//
f 1632// 1590// 1542//
f 1717// 1539// 1523//
f 1717// 1566// 1539//
f 1636// 1574// 1553//
f 1540// 1529// 1630//
f 1705// 1464// 1585//
f 1567// 1614// 1644//
f 1501// 1497// 1612//
f 1612// 1497// 1577//
f 1577// 1497// 1541//
f 1550// 1654// 1558//
f 1541// 1518// 1591//
f 1580// 1533// 1558//
f 1580// 1656// 1533//
f 1656// 1562// 1533//
f 1548// 1499// 1622//
f 1477// 1622// 1499//
f 1536// 1516// 1586//
f 1555// 1592// 1547//
f 1601// 1538// 1576//
f 1583// 1515// 1601//
f 1593// 1556// 1490//
f 1619// 1613// 1442//
f 1544// 1579// 1504//
f 1579// 1578// 1525//
f 1546// 1507// 1624//
f 1624// 1507// 1582//
f 1554// 1508// 1564//
f 1564// 1505// 1570//
f 1655// 1530// 1433//
f 1581// 1611// 1531//
f 1657// 1439// 1395//
f 1682// 1542// 1574//
f 1521// 1526// 1598//
f 1521// 1598// 1609//
f 1521// 1609// 1529//
f 1567// 1588// 1468//
f 1468// 1588// 1565//
f 1594// 1518// 1548//
f 1622// 1477// 1520//
f 1622// 1520// 1597//
f 1483// 1606// 1519//
f 1597// 1520// 1536//
f 1576// 1517// 1620//
f 1576// 1538// 1517//
f 1556// 1603// 1557//
f 1556// 1557// 1444//
f 1490// 1556// 1444//
f 1619// 1442// 1493//
f 1554// 1571// 1522//
f 1568// 1511// 1638//
f 1511// 1491// 1587//
f 1587// 1491// 1532//
f 1579// 1525// 1504//
f 1578// 1551// 1525//
f 1507// 1495// 1582//
f 1582// 1495// 1549//
f 1513// 1551// 1575//
f 1513// 1575// 1549//
f 1534// 1570// 1505//
f 1505// 1564// 1508//
f 1655// 1664// 1512//
f 1650// 1528// 1506//
f 1616// 1581// 1510//
f 1465// 1611// 1604//
f 1608// 1605// 1310//
f 1608// 1402// 1484//
f 1599// 1569// 1487//
f 1569// 1584// 1494//
f 1574// 1542// 1427//
f 1526// 1561// 1598//
f 1545// 1524// 1637//
f 1637// 1524// 1600//
f 1537// 1614// 1567//
f 1537// 1567// 1428//
f 1548// 1518// 1499//
f 1514// 1562// 1606//
f 1514// 1606// 1483//
f 1516// 1543// 1586//
f 1620// 1517// 1547//
f 1601// 1515// 1538//
f 1583// 1474// 1515//
f 1544// 1442// 1613//
f 1593// 1490// 1522//
f 1532// 1535// 1573//
f 1522// 1571// 1593//
f 1488// 1511// 1568//
f 1488// 1568// 1534//
f 1525// 1551// 1502//
f 1554// 1522// 1500//
f 1500// 1508// 1554//
f 1655// 1512// 1530//
f 1616// 1510// 1528//
f 1465// 1425// 1531//
f 1611// 1465// 1531//
f 1604// 1589// 1465//
f 1492// 1465// 1589//
f 1378// 1605// 1572//
f 1608// 1310// 1402//
f 1590// 1563// 1454//
f 1590// 1454// 1542//
f 1574// 1427// 1553//
f 1553// 1509// 1621//
f 1621// 1509// 1545//
f 1524// 1486// 1600//
f 1519// 1555// 1436//
f 1436// 1555// 1547//
f 1552// 1543// 1462//
f 1552// 1462// 1503//
f 1552// 1503// 1559//
f 1476// 1517// 1538//
f 1459// 1557// 1559//
f 1459// 1444// 1557//
f 1535// 1446// 1546//
f 1525// 1479// 1504//
f 1500// 1522// 1449//
f 1505// 1451// 1534//
f 1551// 1513// 1463//
f 1502// 1479// 1525//
f 1506// 1528// 1410//
f 1528// 1510// 1475//
f 1581// 1531// 1510//
f 1560// 1437// 1527//
f 1569// 1494// 1453//
f 1584// 1523// 1494//
f 1478// 1566// 1561//
f 1521// 1529// 1447//
f 1529// 1461// 1447//
f 1540// 1461// 1529//
f 1540// 1537// 1428//
f 1460// 1468// 1565//
f 1460// 1565// 1550//
f 1480// 1550// 1558//
f 1480// 1558// 1498//
f 1541// 1470// 1518//
f 1498// 1558// 1533//
f 1533// 1456// 1498//
f 1456// 1533// 1562//
f 1456// 1562// 1514//
f 1520// 1432// 1536//
f 1536// 1489// 1516//
f 1436// 1547// 1350//
f 1516// 1315// 1543//
f 1547// 1517// 1457//
f 1517// 1476// 1457//
f 1559// 1503// 1459//
f 1515// 1474// 1403//
f 1450// 1491// 1511//
f 1452// 1446// 1535//
f 1546// 1431// 1507//
f 1504// 1442// 1544//
f 1490// 1449// 1522//
f 1495// 1481// 1549//
f 1488// 1534// 1451//
f 1551// 1463// 1502//
f 1472// 1479// 1502//
f 1500// 1438// 1508//
f 1455// 1505// 1508//
f 1487// 1569// 1453//
f 1523// 1539// 1458//
f 1458// 1539// 1566//
f 1553// 1427// 1509//
f 1526// 1478// 1561//
f 1509// 1466// 1545//
f 1469// 1526// 1521//
f 1545// 1471// 1524//
f 1422// 1595// 1596//
f 1428// 1567// 1468//
f 1595// 1422// 1501//
f 1501// 1399// 1497//
f 1460// 1550// 1480//
f 1497// 1440// 1541//
f 1541// 1440// 1470//
f 1536// 1432// 1489//
f 1485// 1547// 1457//
f 1473// 1476// 1538//
f 1515// 1473// 1538//
f 1413// 1450// 1511//
f 1414// 1535// 1532//
f 1414// 1452// 1535//
f 1446// 1431// 1546//
f 1490// 1444// 1397//
f 1442// 1391// 1493//
f 1495// 1434// 1481//
f 1490// 1386// 1449//
f 1513// 1549// 1481//
f 1505// 1455// 1451//
f 1502// 1463// 1443//
f 1502// 1443// 1472//
f 1438// 1500// 1426//
f 1508// 1438// 1455//
f 1512// 1506// 1441//
f 1528// 1475// 1410//
f 1510// 1531// 1389//
f 1531// 1425// 1389//
f 1605// 1378// 1353//
f 1453// 1494// 1409//
f 1563// 1484// 1394//
f 1458// 1566// 1478//
f 1478// 1526// 1369//
f 1545// 1466// 1471//
f 1524// 1471// 1482//
f 1524// 1482// 1486//
f 1600// 1486// 1464//
f 1464// 1422// 1585//
f 1585// 1422// 1596//
f 1497// 1399// 1416//
f 1518// 1470// 1448//
f 1445// 1498// 1456//
f 1518// 1448// 1499//
f 1499// 1448// 1393//
f 1477// 1432// 1520//
f 1262// 1516// 1489//
f 1288// 1436// 1350//
f 1485// 1350// 1547//
f 1543// 1315// 1462//
f 1462// 1419// 1503//
f 1503// 1419// 1420//
f 1473// 1515// 1403//
f 1491// 1414// 1532//
f 1423// 1413// 1488//
f 1413// 1511// 1488//
f 1431// 1424// 1507//
f 1507// 1424// 1495//
f 1493// 1385// 1474//
f 1488// 1451// 1423//
f 1397// 1444// 1363//
f 1495// 1424// 1434//
f 1490// 1397// 1386//
f 1513// 1481// 1412//
f 1463// 1513// 1412//
f 1479// 1398// 1504//
f 1479// 1404// 1398//
f 1500// 1449// 1426//
f 1455// 1438// 1418//
f 1429// 1472// 1443//
f 1479// 1472// 1429//
f 1408// 1404// 1479//
f 1506// 1410// 1415//
f 1433// 1530// 1375//
f 1530// 1512// 1375//
f 1512// 1441// 1375//
f 1510// 1389// 1475//
f 1589// 1527// 1405//
f 1437// 1405// 1527//
f 1605// 1353// 1310//
f 1407// 1494// 1430//
f 1430// 1494// 1523//
f 1542// 1454// 1427//
f 1523// 1458// 1430//
f 1369// 1526// 1469//
f 1435// 1469// 1521//
f 1435// 1521// 1447//
f 1422// 1399// 1501//
f 1406// 1428// 1468//
f 1406// 1468// 1460//
f 1416// 1347// 1497//
f 1498// 1445// 1480//
f 1456// 1514// 1411//
f 1477// 1499// 1393//
f 1411// 1514// 1483//
f 1450// 1390// 1491//
f 1452// 1366// 1446//
f 1396// 1444// 1459//
f 1493// 1391// 1385//
f 1481// 1434// 1412//
f 1455// 1418// 1451//
f 1398// 1442// 1504//
f 1463// 1412// 1381//
f 1443// 1463// 1381//
f 1449// 1377// 1426//
f 1381// 1380// 1443//
f 1438// 1382// 1418//
f 1479// 1429// 1408//
f 1441// 1506// 1415//
f 1496// 1437// 1560//
f 1599// 1487// 1317//
f 1599// 1317// 1496//
f 1409// 1494// 1407//
f 1563// 1394// 1454//
f 1509// 1421// 1466//
f 1471// 1333// 1482//
f 1461// 1540// 1428//
f 1379// 1406// 1460//
f 1477// 1393// 1383//
f 1477// 1383// 1432//
f 1432// 1262// 1489//
f 1335// 1315// 1516//
f 1364// 1485// 1457//
f 1351// 1419// 1462//
f 1388// 1457// 1476//
f 1401// 1476// 1473//
f 1503// 1420// 1373//
f 1373// 1459// 1503//
f 1390// 1414// 1491//
f 1414// 1366// 1452//
f 1431// 1384// 1424//
f 1385// 1403// 1474//
f 1451// 1367// 1423//
f 1372// 1367// 1451//
f 1442// 1398// 1391//
f 1438// 1426// 1370//
f 1429// 1443// 1362//
f 1408// 1429// 1345//
f 1354// 1382// 1438//
f 1415// 1410// 1365//
f 1475// 1400// 1410//
f 1475// 1417// 1400//
f 1395// 1439// 1213//
f 1439// 1467// 1336//
f 1467// 1433// 1336//
f 1492// 1589// 1405//
f 1454// 1394// 1427//
f 1387// 1458// 1478//
f 1427// 1421// 1509//
f 1340// 1478// 1369//
f 1339// 1369// 1469//
f 1339// 1469// 1435//
f 1374// 1447// 1461//
f 1486// 1371// 1464//
f 1461// 1428// 1326//
f 1464// 1284// 1422//
f 1497// 1347// 1440//
f 1445// 1330// 1480//
f 1330// 1445// 1358//
f 1448// 1470// 1368//
f 1358// 1445// 1456//
f 1411// 1361// 1456//
f 1483// 1306// 1411//
f 1262// 1335// 1516//
f 1350// 1485// 1364//
f 1364// 1457// 1388//
f 1401// 1473// 1316//
f 1403// 1316// 1473//
f 1352// 1450// 1413//
f 1431// 1334// 1384//
f 1444// 1396// 1363//
f 1424// 1359// 1434//
f 1359// 1412// 1434//
f 1397// 1363// 1313//
f 1398// 1279// 1391//
f 1397// 1313// 1386//
f 1386// 1377// 1449//
f 1404// 1329// 1398//
f 1377// 1370// 1426//
f 1362// 1443// 1380//
f 1408// 1325// 1404//
f 1438// 1370// 1354//
f 1429// 1362// 1345//
f 1380// 1314// 1362//
f 1395// 1378// 1572//
f 1437// 1318// 1405//
f 1427// 1302// 1421//
f 1466// 1348// 1471//
f 1333// 1392// 1482//
f 1374// 1215// 1447//
f 1482// 1392// 1371//
f 1482// 1371// 1486//
f 1326// 1428// 1290//
f 1290// 1428// 1342//
f 1342// 1428// 1406//
f 1399// 1360// 1416//
f 1440// 1368// 1470//
f 1368// 1355// 1448//
f 1361// 1358// 1456//
f 1448// 1355// 1393//
f 1432// 1278// 1262//
f 1388// 1476// 1401//
f 1420// 1282// 1373//
f 1352// 1390// 1450//
f 1300// 1366// 1414//
f 1366// 1341// 1446//
f 1459// 1373// 1331//
f 1446// 1341// 1334//
f 1334// 1431// 1446//
f 1459// 1331// 1396//
f 1424// 1384// 1356//
f 1403// 1385// 1343//
f 1356// 1359// 1424//
f 1418// 1372// 1451//
f 1357// 1418// 1382//
f 1377// 1287// 1370//
f 1354// 1291// 1382//
f 1345// 1325// 1408//
f 1354// 1370// 1327//
f 1410// 1400// 1344//
f 1465// 1492// 1332//
f 1492// 1263// 1332//
f 1492// 1405// 1263//
f 1437// 1496// 1318//
f 1496// 1317// 1318//
f 1484// 1402// 1394//
f 1394// 1349// 1427//
f 1430// 1458// 1387//
f 1340// 1387// 1478//
f 1466// 1421// 1376//
f 1466// 1376// 1348//
f 1348// 1333// 1471//
f 1435// 1447// 1346//
f 1374// 1461// 1269//
f 1464// 1307// 1284//
f 1342// 1406// 1379//
f 1416// 1320// 1347//
f 1460// 1480// 1330//
f 1306// 1483// 1519//
f 1436// 1306// 1519//
f 1281// 1436// 1288//
f 1315// 1351// 1462//
f 1388// 1401// 1274//
f 1316// 1274// 1401//
f 1390// 1305// 1414//
f 1305// 1308// 1414//
f 1323// 1413// 1423//
f 1367// 1323// 1423//
f 1384// 1337// 1356//
f 1356// 1337// 1294//
f 1396// 1273// 1363//
f 1385// 1391// 1286//
f 1385// 1286// 1343//
f 1296// 1372// 1418//
f 1357// 1296// 1418//
f 1412// 1359// 1328//
f 1328// 1381// 1412//
f 1377// 1386// 1313//
f 1404// 1275// 1329//
f 1325// 1275// 1404//
f 1370// 1287// 1327//
f 1362// 1314// 1299//
f 1345// 1362// 1299//
f 1354// 1327// 1291//
f 1365// 1410// 1344//
f 1417// 1475// 1389//
f 1332// 1425// 1465//
f 1453// 1409// 1321//
f 1402// 1219// 1394//
f 1409// 1407// 1338//
f 1292// 1430// 1387//
f 1421// 1302// 1376//
f 1284// 1322// 1422//
f 1422// 1322// 1399//
f 1399// 1322// 1360//
f 1360// 1283// 1416//
f 1283// 1320// 1416//
f 1347// 1312// 1440//
f 1312// 1368// 1440//
f 1383// 1278// 1432//
f 1388// 1256// 1364//
f 1351// 1226// 1419//
f 1419// 1298// 1420//
f 1420// 1298// 1282//
f 1352// 1289// 1390//
f 1323// 1250// 1413//
f 1250// 1352// 1413//
f 1289// 1212// 1390//
f 1212// 1305// 1390//
f 1308// 1300// 1414//
f 1403// 1343// 1316//
f 1334// 1337// 1384//
f 1273// 1396// 1331//
f 1319// 1367// 1372//
f 1372// 1296// 1319//
f 1363// 1272// 1313//
f 1328// 1311// 1381//
f 1398// 1329// 1279//
f 1311// 1380// 1381//
f 1380// 1311// 1314//
f 1377// 1313// 1253//
f 1377// 1253// 1287//
f 1382// 1291// 1233//
f 1280// 1275// 1325//
f 1325// 1345// 1280//
f 1441// 1301// 1375//
f 1441// 1415// 1301//
f 1415// 1309// 1301//
f 1400// 1417// 1277//
f 1378// 1395// 1255//
f 1405// 1318// 1194//
f 1487// 1453// 1317//
f 1409// 1338// 1251//
f 1394// 1183// 1349//
f 1407// 1430// 1338//
f 1338// 1430// 1292//
f 1333// 1259// 1392//
f 1215// 1374// 1269//
f 1464// 1371// 1307//
f 1322// 1260// 1360//
f 1268// 1342// 1379//
f 1295// 1379// 1460//
f 1295// 1460// 1330//
f 1355// 1368// 1312//
f 1271// 1358// 1361//
f 1355// 1324// 1393//
f 1393// 1324// 1285//
f 1393// 1278// 1383//
f 1315// 1209// 1351//
f 1226// 1298// 1419//
f 1248// 1323// 1367//
f 1373// 1282// 1331//
f 1319// 1248// 1367//
f 1294// 1266// 1359//
f 1294// 1359// 1356//
f 1272// 1363// 1273//
f 1296// 1357// 1293//
f 1391// 1279// 1286//
f 1293// 1357// 1382//
f 1382// 1233// 1293//
f 1327// 1287// 1291//
f 1301// 1309// 1243//
f 1344// 1400// 1242//
f 1389// 1277// 1417//
f 1309// 1415// 1304//
f 1415// 1365// 1304//
f 1389// 1425// 1332//
f 1439// 1336// 1213//
f 1453// 1254// 1317//
f 1353// 1237// 1310//
f 1409// 1251// 1321//
f 1394// 1219// 1183//
f 1349// 1265// 1427//
f 1427// 1239// 1302//
f 1297// 1292// 1387//
f 1297// 1387// 1340//
f 1206// 1340// 1369//
f 1206// 1369// 1339//
f 1392// 1259// 1371//
f 1269// 1461// 1326//
f 1360// 1260// 1283//
f 1303// 1268// 1379//
f 1303// 1379// 1295//
f 1229// 1295// 1330//
f 1358// 1271// 1330//
f 1355// 1241// 1324//
f 1211// 1285// 1324//
f 1285// 1278// 1393//
f 1306// 1361// 1411//
f 1364// 1220// 1350//
f 1134// 1250// 1323//
f 1282// 1273// 1331//
f 1343// 1216// 1316//
f 1343// 1286// 1216//
f 1266// 1257// 1359//
f 1359// 1257// 1328//
f 1328// 1247// 1311//
f 1279// 1230// 1286//
f 1272// 1253// 1313//
f 1329// 1275// 1279//
f 1253// 1252// 1287//
f 1314// 1240// 1299//
f 1280// 1345// 1299//
f 1240// 1245// 1299//
f 1213// 1255// 1395//
f 1194// 1263// 1405//
f 1321// 1254// 1453//
f 1402// 1310// 1219//
f 1246// 1338// 1292//
f 1427// 1265// 1239//
f 1376// 1151// 1348//
f 1267// 1435// 1346//
f 1208// 1259// 1333//
f 1346// 1447// 1215//
f 1284// 1260// 1322//
f 1347// 1191// 1312//
f 1271// 1229// 1330//
f 1355// 1312// 1241//
f 1264// 1271// 1361//
f 1324// 1241// 1211//
f 1306// 1436// 1281//
f 1220// 1288// 1350//
f 1335// 1232// 1315//
f 1220// 1364// 1256//
f 1388// 1227// 1256//
f 1274// 1227// 1388//
f 1298// 1223// 1282//
f 1250// 1289// 1352//
f 1366// 1235// 1341//
f 1137// 1337// 1334//
f 1294// 1337// 1126//
f 1104// 1248// 1319//
f 1221// 1104// 1319//
f 1221// 1319// 1296//
f 1258// 1296// 1293//
f 1328// 1257// 1247//
f 1247// 1222// 1311//
f 1258// 1293// 1233//
f 1314// 1311// 1240//
f 1287// 1252// 1270//
f 1291// 1287// 1270//
f 1291// 1270// 1244//
f 1291// 1244// 1233//
f 1236// 1299// 1245//
f 1236// 1280// 1299//
f 1375// 1205// 1433//
f 1344// 1242// 1261//
f 1389// 1234// 1277//
f 1234// 1389// 1332//
f 1213// 1336// 1205//
f 1336// 1433// 1205//
f 1243// 1309// 1276//
f 1309// 1304// 1276//
f 1304// 1365// 1249//
f 1249// 1365// 1344//
f 1344// 1261// 1249//
f 1318// 1197// 1194//
f 1318// 1317// 1254//
f 1378// 1238// 1353//
f 1251// 1254// 1321//
f 1310// 1237// 1219//
f 1349// 1183// 1265//
f 1225// 1297// 1340//
f 1259// 1069// 1371//
f 1371// 1069// 1192//
f 1320// 1178// 1347//
f 1179// 1361// 1306//
f 1207// 1306// 1281//
f 1232// 1335// 1262//
f 1351// 1209// 1226//
f 1298// 1226// 1223//
f 1166// 1289// 1250//
f 1169// 1212// 1289//
f 1305// 1201// 1308//
f 1201// 1300// 1308//
f 1341// 1189// 1334//
f 1337// 1137// 1126//
f 1214// 1221// 1296//
f 1230// 1216// 1286//
f 1273// 1217// 1272//
f 1253// 1272// 1231//
f 1279// 1275// 1190//
f 1253// 1231// 1180//
f 1311// 1222// 1240//
f 1280// 1236// 1167//
f 1280// 1167// 1275//
f 1245// 1240// 1202//
f 1375// 1301// 1182//
f 1276// 1304// 1228//
f 1228// 1304// 1249//
f 1197// 1318// 1254//
f 1353// 1238// 1237//
f 1246// 1251// 1338//
f 1206// 1339// 1148//
f 1148// 1339// 1066//
f 1267// 1066// 1339//
f 1267// 1339// 1435//
f 1118// 1267// 1346//
f 1118// 1346// 1185//
f 1192// 1307// 1371//
f 1161// 1326// 1290//
f 1284// 1200// 1260//
f 1290// 1342// 1268//
f 1283// 1260// 1170//
f 1283// 1178// 1320//
f 1347// 1178// 1191//
f 1312// 1191// 1241//
f 1229// 1271// 1160//
f 1210// 1264// 1361//
f 1278// 1199// 1262//
f 1179// 1306// 1207//
f 1207// 1281// 1288//
f 1207// 1288// 1220//
f 1209// 1315// 1232//
f 1274// 1177// 1227//
f 1300// 1193// 1366//
f 1193// 1235// 1366//
f 1204// 1177// 1274//
f 1212// 1201// 1305//
f 1140// 1134// 1323//
f 1248// 1140// 1323//
f 1224// 1204// 1274//
f 1224// 1274// 1316//
f 1143// 1266// 1294//
f 1223// 1217// 1282//
f 1216// 1224// 1316//
f 1266// 1186// 1257//
f 1282// 1217// 1273//
f 1257// 1186// 1174//
f 1257// 1174// 1247//
f 1231// 1272// 1217//
f 1150// 1258// 1233//
f 1279// 1190// 1230//
f 1190// 1275// 1167//
f 1180// 1184// 1253//
f 1252// 1253// 1184//
f 1252// 1172// 1270//
f 1270// 1172// 1244//
f 1244// 1188// 1233//
f 1218// 1400// 1277//
f 1400// 1218// 1242//
f 1255// 1213// 1165//
f 1378// 1255// 1238//
f 1144// 1292// 1297//
f 1348// 1079// 1208//
f 1348// 1208// 1333//
f 1259// 1203// 1069//
f 1307// 1200// 1284//
f 1129// 1290// 1268//
f 1195// 1268// 1303//
f 1196// 1158// 1303//
f 1196// 1303// 1295//
f 1285// 1199// 1278//
f 1210// 1361// 1179//
f 1162// 1209// 1232//
f 1220// 1256// 1139//
f 1223// 1226// 1181//
f 1166// 1169// 1289//
f 1201// 1193// 1300//
f 1235// 1189// 1341//
f 1189// 1137// 1334//
f 1110// 1143// 1294//
f 1132// 1221// 1214//
f 1214// 1296// 1258//
f 1155// 1214// 1258//
f 1216// 1230// 1187//
f 1217// 1164// 1231//
f 1172// 1188// 1244//
f 1202// 1173// 1245//
f 1173// 1236// 1245//
f 1173// 1167// 1236//
f 1234// 1332// 1152//
f 1332// 1263// 1152//
f 1205// 1375// 1182//
f 1156// 1243// 1276//
f 1276// 1198// 1156//
f 1263// 1194// 1152//
f 1276// 1228// 1198//
f 1133// 1144// 1297//
f 1151// 1079// 1348//
f 1185// 1346// 1215//
f 1269// 1326// 1161//
f 1161// 1290// 1129//
f 1158// 1195// 1303//
f 1196// 1073// 1158//
f 1127// 1196// 1295//
f 1210// 1130// 1264//
f 1262// 1162// 1232//
f 1227// 1139// 1256//
f 1104// 1140// 1248//
f 1223// 1181// 1157//
f 1157// 1217// 1223//
f 1266// 1143// 1186//
f 1224// 1147// 1204//
f 1147// 1224// 1216//
f 1214// 1155// 1125//
f 1187// 1147// 1216//
f 1155// 1258// 1150//
f 1187// 1230// 1190//
f 1231// 1164// 1180//
f 1222// 1128// 1240//
f 1184// 1180// 1107//
f 1128// 1202// 1240//
f 1184// 1172// 1252//
f 1242// 1218// 1153//
f 1108// 1234// 1152//
f 1243// 1138// 1182//
f 1176// 1261// 1242//
f 1277// 1234// 1108//
f 1301// 1243// 1182//
f 1243// 1156// 1138//
f 1171// 1249// 1261//
f 1171// 1261// 1176//
f 1198// 1228// 1119//
f 1197// 1254// 1122//
f 1255// 1080// 1238//
f 1254// 1251// 1168//
f 1154// 1251// 1246//
f 1154// 1246// 1292//
f 1239// 1175// 1302//
f 1133// 1297// 1225//
f 1302// 1175// 1376//
f 1225// 1340// 1206//
f 1259// 1208// 1141//
f 1065// 1185// 1215//
f 1259// 1099// 1203//
f 1159// 1215// 1269//
f 1060// 1269// 1161//
f 1129// 1268// 1195//
f 1105// 1178// 1283//
f 1229// 1127// 1295//
f 1191// 1135// 1241//
f 1241// 1135// 1211//
f 1130// 1271// 1264//
f 1211// 1163// 1285//
f 1285// 1163// 1199//
f 1092// 1179// 1207//
f 1262// 1199// 1115//
f 1262// 1115// 1162//
f 1220// 1146// 1207//
f 1113// 1226// 1209//
f 1177// 1139// 1227//
f 1226// 1113// 1181//
f 1093// 1106// 1235//
f 1106// 1189// 1235//
f 1123// 1193// 1201//
f 1204// 1124// 1177//
f 1294// 1126// 1110//
f 1132// 1214// 1125//
f 1187// 1120// 1147//
f 1157// 1164// 1217//
f 1247// 1174// 1128//
f 1222// 1247// 1128//
f 1187// 1190// 1086//
f 1087// 1150// 1233//
f 1190// 1167// 1082//
f 1188// 1087// 1233//
f 1089// 1173// 1202//
f 1242// 1153// 1176//
f 1165// 1213// 1112//
f 1213// 1205// 1112//
f 1228// 1249// 1149//
f 1149// 1249// 1171//
f 1228// 1149// 1119//
f 1165// 1080// 1255//
f 1080// 1142// 1238//
f 1142// 1237// 1238//
f 1168// 1251// 1154//
f 1219// 1237// 1102//
f 1265// 1183// 1145//
f 1265// 1145// 1239//
f 1144// 1154// 1292//
f 1067// 1133// 1225//
f 1175// 1096// 1376//
f 1259// 1141// 1099//
f 1069// 1013// 1192//
f 1192// 1200// 1307//
f 1260// 1200// 1170//
f 1160// 1127// 1229//
f 1098// 1160// 1271//
f 1211// 1135// 1053//
f 1271// 1130// 1098//
f 1117// 1130// 1210//
f 1117// 1210// 1179//
f 1092// 1207// 1146//
f 1146// 1220// 1116//
f 1116// 1220// 1139//
f 1131// 1113// 1209//
f 1177// 1061// 1139//
f 1093// 1235// 1193//
f 1081// 1250// 1134//
f 1081// 1166// 1250//
f 1169// 1064// 1212//
f 1201// 1034// 1123//
f 1126// 1051// 1110//
f 1181// 1109// 1100//
f 1074// 1104// 1221//
f 1132// 1074// 1221//
f 1181// 1100// 1157//
f 1100// 1055// 1157//
f 1055// 1084// 1157//
f 1155// 1150// 1088//
f 1120// 1187// 1086//
f 1190// 1082// 1086//
f 1070// 1172// 1184//
f 1172// 1057// 1188//
f 1173// 1089// 1167//
f 1205// 1182// 1114//
f 1182// 1138// 1071//
f 1194// 1197// 1039//
f 1085// 1171// 1176//
f 1122// 1254// 1168//
f 1237// 1142// 1102//
f 1102// 1183// 1219//
f 1136// 1094// 1239//
f 1239// 1094// 1175//
f 1067// 1225// 1206//
f 1096// 1151// 1376//
f 1079// 1027// 1208//
f 1208// 1027// 1141//
f 1065// 1215// 1159//
f 1170// 1105// 1283//
f 1056// 1127// 1160//
f 1211// 1053// 1163//
f 1053// 1018// 1163//
f 1163// 1018// 1068//
f 1163// 1068// 1199//
f 1162// 1115// 1045//
f 1045// 1209// 1162//
f 1209// 1045// 1131//
f 1113// 1109// 1181//
f 1123// 1093// 1193//
f 1124// 1061// 1177//
f 1064// 1034// 1212//
f 1034// 1201// 1212//
f 1106// 1137// 1189//
f 1091// 1124// 1204//
f 1186// 1143// 1095//
f 1091// 1204// 1147//
f 1174// 1186// 1095//
f 1147// 1120// 1091//
f 1174// 1095// 1111//
f 1155// 1088// 1125//
f 1157// 1084// 1164//
f 1164// 1084// 1090//
f 1174// 1049// 1128//
f 1164// 1090// 1180//
f 1087// 1088// 1150//
f 1180// 1090// 1107//
f 1128// 1062// 1202//
f 1202// 1062// 1101//
f 1057// 1172// 1070//
f 1218// 1108// 1153//
f 1218// 1277// 1108//
f 1182// 1071// 1103//
f 1121// 1176// 1153//
f 1194// 1039// 1152//
f 1197// 1122// 1039//
f 1083// 1149// 1171//
f 1083// 1171// 1085//
f 1122// 1168// 1097//
f 1097// 1168// 1154//
f 1145// 1136// 1239//
f 1154// 1144// 1072//
f 1175// 1094// 1096//
f 985// 1148// 1066//
f 1267// 1118// 861//
f 1118// 1185// 1065//
f 1203// 1099// 1069//
f 906// 1159// 1269//
f 1192// 1013// 1200//
f 1017// 1161// 1129//
f 1158// 1073// 1029//
f 1178// 1105// 1026//
f 1191// 1178// 1076//
f 1191// 1076// 1135//
f 1056// 1160// 1098//
f 1135// 1025// 1053//
f 1199// 1068// 1115//
f 1008// 1146// 1116//
f 1113// 1131// 1042//
f 1139// 1061// 1077//
f 1032// 1106// 1093//
f 1106// 1032// 1043//
f 1050// 1166// 1081//
f 1140// 1023// 1081//
f 1140// 1081// 1134//
f 1106// 1038// 1137//
f 1104// 1010// 1140//
f 1110// 1054// 1143//
f 1132// 1048// 1074//
f 1143// 1054// 1095//
f 1111// 1095// 1044//
f 1174// 1111// 1049//
f 1088// 1087// 996//
f 1107// 1033// 1184//
f 1101// 1089// 1202//
f 1089// 1082// 1167//
f 1033// 1070// 1184//
f 1114// 1112// 1205//
f 1114// 1182// 1103//
f 1075// 1176// 1121//
f 1085// 1176// 1075//
f 1119// 1156// 1198//
f 1142// 1080// 1041//
f 1142// 1041// 1102//
f 1097// 1154// 977//
f 977// 1154// 1072//
f 1145// 1183// 1102//
f 1072// 1144// 1133//
f 985// 1206// 1148//
f 861// 1066// 1267//
f 906// 1269// 1060//
f 1200// 1013// 1028//
f 1170// 1200// 1028//
f 1129// 1195// 1029//
f 1029// 1195// 1158//
f 1024// 1073// 1196//
f 1024// 1196// 1127//
f 1178// 1026// 1076//
f 1031// 1056// 1098//
f 1025// 1135// 1076//
f 1098// 1130// 1021//
f 1021// 1130// 1117//
f 1117// 1179// 973//
f 973// 1179// 1092//
f 1146// 1008// 1092//
f 1008// 1116// 1139//
f 1008// 1139// 1077//
f 1166// 1050// 1004//
f 1113// 1022// 1109//
f 1169// 1166// 1004//
f 1004// 1064// 1169//
f 1052// 1023// 1140//
f 1038// 1126// 1137//
f 1124// 1005// 1061//
f 1010// 1052// 1140//
f 1126// 1015// 1051//
f 1036// 1124// 1091//
f 1109// 1006// 1020//
f 1109// 1020// 1100//
f 1110// 1051// 1054//
f 1020// 1012// 1100//
f 1046// 1036// 1091//
f 1048// 1132// 1125//
f 1012// 1055// 1100//
f 1095// 1037// 1044//
f 1120// 1046// 1091//
f 1046// 1120// 1030//
f 1058// 1125// 1014//
f 1014// 1125// 1088//
f 1086// 1030// 1120//
f 1128// 1049// 1062//
f 1107// 1090// 1033//
f 1188// 947// 1087//
f 947// 1188// 1057//
f 1101// 999// 1089//
f 1152// 1039// 987//
f 1112// 1078// 1165//
f 1071// 1138// 1047//
f 1138// 1063// 1047//
f 1063// 1138// 1156//
f 1080// 1165// 1078//
f 1156// 1119// 1063//
f 1035// 1149// 1083//
f 1136// 1145// 1102//
f 1206// 985// 1067//
f 861// 1118// 1065//
f 1060// 1161// 974//
f 974// 1161// 1017//
f 1170// 853// 961//
f 1105// 1170// 961//
f 1024// 1127// 1056//
f 929// 1131// 1045//
f 929// 1042// 1131//
f 943// 1022// 1113//
f 972// 1032// 1093//
f 1106// 1043// 1038//
f 1034// 984// 1123//
f 984// 1093// 1123//
f 1022// 1006// 1109//
f 1038// 1015// 1126//
f 1036// 1005// 1124//
f 1074// 1010// 1104//
f 980// 1036// 1046//
f 1037// 1095// 1054//
f 1058// 1048// 1125//
f 1111// 1044// 1009//
f 1084// 997// 1090//
f 993// 1030// 1086//
f 1090// 997// 1033//
f 1016// 1086// 1082//
f 1033// 979// 1070//
f 970// 999// 1101//
f 999// 1016// 1082//
f 999// 1082// 1089//
f 945// 1057// 1070//
f 1108// 1003// 1153//
f 1108// 987// 1003//
f 1108// 1152// 987//
f 1059// 1075// 1121//
f 1122// 844// 1039//
f 991// 1063// 1119//
f 1119// 1149// 991//
f 1035// 991// 1149//
f 1102// 1040// 1019//
f 1136// 1102// 1019//
f 1151// 932// 1079//
f 852// 985// 1066//
f 1141// 907// 1099//
f 1069// 843// 1013//
f 1029// 1017// 1129//
f 1073// 971// 1029//
f 961// 935// 1105//
f 994// 1056// 1031//
f 1025// 938// 1053//
f 922// 1031// 1098//
f 922// 1098// 1021//
f 1053// 938// 1018//
f 1021// 1117// 973//
f 948// 973// 1092//
f 1068// 967// 1115//
f 1115// 967// 1045//
f 930// 1008// 1077//
f 943// 1113// 1042//
f 975// 1077// 1061//
f 1004// 936// 1064//
f 1006// 1022// 897//
f 1051// 1015// 962//
f 1005// 1036// 981//
f 1054// 1051// 962//
f 992// 1010// 1074//
f 980// 981// 1036//
f 1074// 1048// 992//
f 962// 1002// 1054//
f 1037// 1054// 1002//
f 998// 992// 1048//
f 998// 1048// 1058//
f 1044// 1037// 989//
f 1046// 1011// 980//
f 1030// 1011// 1046//
f 1007// 1084// 1055//
f 1058// 1014// 998//
f 997// 1084// 1007//
f 1111// 1009// 956//
f 996// 1014// 1088//
f 1111// 956// 1049//
f 1049// 956// 978//
f 1049// 978// 1062//
f 1016// 993// 1086//
f 1087// 947// 996//
f 1062// 978// 1101//
f 978// 970// 1101//
f 945// 947// 1057//
f 979// 945// 1070//
f 1153// 1059// 1121//
f 1112// 1114// 912//
f 1114// 1103// 912//
f 1001// 1071// 1047//
f 1078// 882// 1080//
f 952// 1075// 1059//
f 1047// 1063// 990//
f 1122// 1097// 844//
f 965// 1085// 1075//
f 965// 940// 1083//
f 965// 1083// 1085//
f 1019// 982// 1136//
f 995// 1072// 1133//
f 1136// 982// 1094//
f 995// 1133// 927//
f 927// 1133// 1067//
f 1151// 1096// 932//
f 1159// 906// 1065//
f 974// 906// 1060//
f 1105// 935// 1026//
f 1076// 1026// 1000//
f 928// 1024// 1056//
f 994// 928// 1056//
f 1076// 1000// 1025//
f 1018// 938// 879//
f 922// 1021// 973//
f 1018// 879// 1068//
f 1008// 948// 1092//
f 943// 897// 1022//
f 899// 1043// 1032//
f 1005// 975// 1061//
f 898// 934// 1023//
f 934// 1081// 1023//
f 934// 1050// 1081//
f 972// 1093// 984//
f 1043// 917// 1038//
f 950// 1023// 1052//
f 942// 950// 1052//
f 936// 1034// 1064//
f 880// 984// 1034//
f 1052// 1010// 941//
f 981// 939// 1005//
f 1002// 964// 989//
f 1037// 1002// 989//
f 1055// 1012// 919//
f 1055// 919// 988//
f 1055// 988// 1007//
f 1044// 989// 976//
f 983// 1011// 1030//
f 944// 998// 1014//
f 1009// 1044// 976//
f 983// 1030// 986//
f 1009// 976// 956//
f 921// 1014// 996//
f 947// 921// 996//
f 911// 1016// 999//
f 970// 911// 999//
f 910// 874// 1071//
f 1103// 1071// 874//
f 1078// 1112// 882//
f 931// 952// 1059//
f 1047// 933// 1001//
f 1047// 990// 933//
f 960// 1075// 952//
f 991// 990// 1063//
f 940// 891// 1035//
f 940// 1035// 1083//
f 1041// 954// 1102//
f 1072// 953// 977//
f 953// 1072// 995//
f 1094// 982// 946//
f 1094// 946// 1096//
f 1079// 932// 1027//
f 1099// 907// 863//
f 906// 832// 1065//
f 1099// 843// 1069//
f 1013// 893// 1028//
f 974// 1017// 923//
f 1025// 1000// 908//
f 951// 994// 1031//
f 938// 1025// 908//
f 951// 1031// 922//
f 1068// 879// 967//
f 1045// 967// 929//
f 1042// 929// 896//
f 1077// 872// 930//
f 1042// 896// 943//
f 975// 872// 1077//
f 934// 1004// 1050//
f 899// 1032// 972//
f 984// 901// 972//
f 917// 1043// 899//
f 939// 975// 1005//
f 950// 898// 1023//
f 1038// 914// 1015//
f 897// 860// 1006//
f 942// 1052// 941//
f 1015// 914// 962//
f 992// 941// 1010//
f 1002// 962// 918//
f 1002// 918// 964//
f 919// 1012// 1020//
f 981// 980// 925//
f 955// 992// 998//
f 969// 989// 964//
f 969// 964// 949//
f 959// 955// 998//
f 949// 983// 969//
f 958// 980// 983//
f 980// 1011// 983//
f 959// 998// 957//
f 989// 969// 976//
f 988// 963// 966//
f 963// 957// 966//
f 988// 966// 1007//
f 976// 969// 968//
f 969// 983// 986//
f 998// 944// 957//
f 969// 986// 968//
f 1007// 966// 902//
f 1007// 902// 997//
f 944// 1014// 921//
f 968// 986// 924//
f 924// 986// 993//
f 986// 1030// 993//
f 1033// 997// 902//
f 993// 1016// 911//
f 1033// 902// 979//
f 979// 902// 886//
f 886// 945// 979//
f 1153// 1003// 841//
f 882// 888// 1080//
f 910// 1071// 1001//
f 965// 1075// 960//
f 891// 991// 1035//
f 890// 1097// 977//
f 954// 920// 1102//
f 1102// 920// 1040//
f 1040// 903// 1019//
f 1019// 903// 982//
f 946// 846// 1096//
f 1096// 846// 932//
f 1099// 863// 843//
f 1013// 682// 893//
f 1028// 893// 853//
f 1028// 853// 1170//
f 1026// 864// 1000//
f 889// 928// 994//
f 1000// 926// 908//
f 894// 994// 951//
f 858// 879// 938//
f 967// 879// 833//
f 948// 1008// 930//
f 975// 939// 892//
f 895// 1004// 934//
f 895// 936// 1004//
f 880// 901// 984//
f 917// 914// 1038//
f 936// 880// 1034//
f 884// 881// 939//
f 941// 885// 942//
f 916// 1006// 860//
f 884// 981// 925//
f 939// 981// 884//
f 1020// 1006// 916//
f 955// 885// 941//
f 916// 919// 1020//
f 941// 992// 955//
f 964// 918// 949//
f 955// 959// 905//
f 949// 887// 915//
f 959// 937// 905//
f 983// 949// 915//
f 915// 958// 983//
f 958// 925// 980//
f 963// 937// 957//
f 937// 959// 957//
f 966// 957// 877//
f 902// 966// 877//
f 956// 976// 909//
f 976// 968// 909//
f 968// 924// 909//
f 911// 924// 993//
f 956// 911// 978//
f 970// 978// 911//
f 886// 947// 945//
f 868// 882// 1112//
f 1112// 912// 868//
f 1059// 1153// 841//
f 1059// 873// 931//
f 1039// 844// 987//
f 1001// 933// 910//
f 1041// 1080// 888//
f 1041// 888// 954//
f 933// 990// 904//
f 990// 991// 904//
f 900// 890// 977//
f 900// 977// 883//
f 920// 903// 1040//
f 883// 977// 953//
f 913// 953// 995//
f 913// 995// 927//
f 982// 871// 946//
f 927// 1067// 805//
f 805// 1067// 985//
f 971// 1073// 847//
f 1073// 1024// 847//
f 1026// 935// 864//
f 847// 1024// 928//
f 864// 854// 1000//
f 1000// 854// 865//
f 1000// 865// 926//
f 894// 889// 994//
f 938// 908// 858//
f 834// 922// 973//
f 833// 929// 967//
f 817// 948// 930//
f 892// 872// 975//
f 769// 892// 939//
f 875// 899// 972//
f 856// 934// 898//
f 875// 972// 901//
f 837// 950// 942//
f 818// 917// 824//
f 836// 901// 880//
f 914// 917// 818//
f 881// 769// 939//
f 825// 880// 936//
f 925// 830// 884//
f 866// 918// 962//
f 916// 857// 919//
f 918// 887// 949//
f 887// 842// 915//
f 826// 955// 905//
f 876// 925// 958//
f 878// 905// 937//
f 963// 878// 937//
f 957// 944// 877//
f 877// 944// 921//
f 886// 902// 877//
f 911// 956// 909//
f 909// 924// 911//
f 877// 921// 886//
f 921// 947// 886//
f 1003// 987// 841//
f 912// 1103// 874//
f 987// 844// 838//
f 1059// 841// 873//
f 933// 870// 855//
f 823// 952// 931//
f 933// 904// 870//
f 1097// 890// 844//
f 891// 904// 991//
f 883// 953// 913//
f 1027// 932// 869//
f 1027// 869// 1141//
f 1141// 869// 907//
f 850// 1017// 1029//
f 889// 862// 928//
f 831// 894// 951//
f 809// 951// 922//
f 809// 922// 834//
f 839// 834// 973//
f 839// 973// 948//
f 929// 833// 804//
f 930// 872// 817//
f 804// 896// 929//
f 804// 794// 896//
f 943// 896// 794//
f 943// 794// 897//
f 837// 898// 950//
f 856// 859// 934//
f 859// 895// 934//
f 875// 848// 899//
f 899// 824// 917//
f 836// 875// 901//
f 797// 837// 942//
f 860// 813// 916//
f 840// 797// 942//
f 840// 942// 885//
f 914// 866// 962//
f 885// 955// 840//
f 918// 866// 816//
f 830// 925// 781//
f 781// 925// 876//
f 919// 806// 963//
f 919// 963// 988//
f 826// 905// 878//
f 874// 868// 912//
f 987// 838// 841//
f 823// 821// 952//
f 851// 822// 904//
f 904// 891// 851//
f 820// 940// 965//
f 820// 965// 960//
f 835// 900// 883//
f 883// 913// 867//
f 807// 982// 903//
f 867// 913// 849//
f 982// 807// 871//
f 849// 913// 927//
f 861// 852// 1066//
f 861// 1065// 771//
f 771// 1065// 832//
f 843// 736// 1013//
f 1013// 736// 682//
f 682// 728// 893//
f 923// 716// 974//
f 923// 1017// 850//
f 935// 783// 864//
f 926// 865// 772//
f 803// 889// 894//
f 772// 845// 926//
f 926// 845// 908//
f 908// 845// 858//
f 809// 831// 951//
f 879// 858// 774//
f 879// 774// 793//
f 817// 839// 948//
f 769// 872// 892//
f 827// 856// 898//
f 819// 899// 848//
f 837// 827// 898//
f 819// 824// 899//
f 881// 740// 769//
f 895// 825// 936//
f 818// 816// 914//
f 884// 810// 881//
f 866// 914// 816//
f 830// 810// 884//
f 813// 857// 916//
f 826// 840// 955//
f 816// 842// 887//
f 816// 887// 918//
f 857// 814// 919//
f 806// 826// 878//
f 842// 812// 958//
f 814// 806// 919//
f 958// 812// 876//
f 806// 878// 963//
f 842// 958// 915//
f 874// 910// 785//
f 815// 888// 882//
f 780// 931// 873//
f 933// 855// 910//
f 888// 815// 954//
f 822// 870// 904//
f 821// 960// 952//
f 821// 820// 960//
f 820// 798// 940//
f 920// 773// 903//
f 800// 835// 883//
f 800// 883// 778//
f 778// 883// 867//
f 871// 788// 946//
f 805// 849// 927//
f 805// 985// 699//
f 852// 699// 985//
f 869// 674// 907//
f 646// 1029// 971//
f 935// 961// 666//
f 847// 627// 971//
f 862// 889// 696//
f 803// 696// 889//
f 831// 803// 894//
f 858// 845// 763//
f 763// 845// 765//
f 879// 793// 833//
f 757// 834// 839//
f 757// 839// 817//
f 769// 817// 872//
f 827// 790// 856//
f 897// 745// 860//
f 837// 791// 827//
f 775// 824// 819//
f 802// 795// 848//
f 795// 819// 848//
f 856// 801// 859//
f 801// 747// 859//
f 802// 848// 875//
f 836// 761// 802//
f 802// 875// 836//
f 859// 825// 895//
f 761// 880// 825//
f 761// 836// 880//
f 810// 740// 881//
f 826// 767// 840//
f 816// 796// 842//
f 842// 796// 812//
f 812// 781// 876//
f 882// 868// 760//
f 841// 838// 758//
f 910// 855// 785//
f 787// 823// 931//
f 787// 931// 780//
f 815// 789// 954//
f 954// 789// 920//
f 784// 890// 900//
f 891// 770// 851//
f 784// 900// 835//
f 798// 770// 891//
f 798// 891// 940//
f 792// 808// 829//
f 828// 829// 799//
f 828// 799// 811//
f 807// 903// 773//
f 871// 807// 788//
f 946// 788// 846//
f 686// 906// 974//
f 893// 728// 853//
f 660// 923// 850//
f 850// 1029// 646//
f 935// 730// 783//
f 762// 847// 928//
f 748// 928// 862//
f 865// 854// 625//
f 858// 763// 774//
f 764// 809// 834//
f 757// 764// 834//
f 897// 794// 745//
f 721// 801// 790//
f 734// 790// 827//
f 790// 801// 856//
f 824// 775// 782//
f 734// 827// 791//
f 791// 837// 797//
f 795// 802// 755//
f 810// 723// 740//
f 860// 714// 813//
f 824// 782// 818//
f 818// 782// 752//
f 825// 859// 747//
f 818// 752// 816//
f 830// 741// 810//
f 752// 796// 816//
f 857// 813// 714//
f 767// 797// 840//
f 746// 767// 826//
f 806// 746// 826//
f 760// 868// 754//
f 868// 874// 754//
f 874// 751// 754//
f 715// 873// 841//
f 874// 785// 751//
f 882// 760// 815//
f 873// 715// 780//
f 838// 844// 759//
f 844// 753// 759//
f 753// 844// 890//
f 711// 821// 823//
f 851// 727// 822//
f 920// 789// 773//
f 829// 808// 766//
f 811// 799// 835//
f 792// 829// 828//
f 779// 828// 811//
f 778// 867// 672//
f 750// 867// 849//
f 750// 849// 805//
f 732// 846// 788//
f 932// 846// 634//
f 680// 832// 906//
f 686// 680// 906//
f 854// 864// 722//
f 762// 928// 748//
f 772// 865// 683//
f 738// 803// 831//
f 845// 776// 765//
f 738// 831// 786//
f 786// 831// 809//
f 786// 809// 735//
f 735// 809// 764//
f 774// 717// 793//
f 793// 717// 739//
f 833// 793// 739//
f 804// 833// 739//
f 769// 710// 817//
f 795// 733// 819//
f 733// 775// 819//
f 775// 729// 782//
f 801// 720// 768//
f 742// 734// 791//
f 768// 747// 801//
f 860// 745// 714//
f 761// 755// 802//
f 723// 810// 741//
f 767// 713// 797//
f 825// 747// 761//
f 677// 814// 857//
f 752// 707// 796//
f 812// 796// 707//
f 814// 725// 806//
f 841// 758// 715//
f 759// 758// 838//
f 737// 815// 760//
f 815// 737// 789//
f 855// 689// 659//
f 851// 770// 727//
f 820// 709// 798//
f 766// 799// 829//
f 766// 777// 799//
f 777// 784// 835//
f 777// 835// 799//
f 835// 800// 811//
f 811// 800// 779//
f 749// 756// 792//
f 749// 792// 828//
f 779// 749// 828//
f 807// 773// 731//
f 807// 731// 788//
f 699// 852// 744//
f 744// 852// 861//
f 932// 634// 869//
f 744// 861// 771//
f 907// 674// 863//
f 863// 540// 518//
f 863// 518// 843//
f 843// 518// 533//
f 843// 533// 736//
f 716// 686// 974//
f 716// 923// 660//
f 853// 666// 961//
f 666// 730// 935//
f 644// 847// 658//
f 864// 783// 722//
f 625// 683// 865//
f 776// 845// 772//
f 738// 719// 803//
f 712// 786// 735//
f 774// 763// 704//
f 757// 708// 764//
f 804// 739// 698//
f 710// 757// 817//
f 698// 794// 804//
f 740// 710// 769//
f 794// 698// 745//
f 733// 697// 775//
f 734// 721// 790//
f 718// 733// 795//
f 718// 795// 690//
f 720// 642// 768//
f 713// 742// 791//
f 642// 747// 768//
f 782// 729// 681//
f 752// 782// 681//
f 746// 643// 767//
f 643// 713// 767//
f 713// 791// 797//
f 714// 677// 857//
f 724// 781// 812//
f 705// 780// 715//
f 659// 785// 855//
f 753// 665// 759//
f 705// 787// 780//
f 737// 706// 789//
f 705// 711// 787//
f 703// 753// 890//
f 711// 823// 787//
f 703// 890// 784//
f 855// 695// 689//
f 789// 706// 773//
f 695// 855// 870//
f 695// 870// 822//
f 652// 687// 808//
f 822// 727// 695//
f 702// 821// 711//
f 808// 675// 652//
f 702// 820// 821//
f 773// 706// 669//
f 661// 770// 798//
f 709// 820// 702//
f 675// 808// 792//
f 779// 800// 743//
f 800// 778// 743//
f 773// 671// 731//
f 731// 688// 788//
f 867// 750// 684//
f 684// 750// 576//
f 576// 750// 805//
f 788// 688// 732//
f 619// 699// 744//
f 648// 771// 832//
f 863// 674// 540//
f 660// 850// 646//
f 971// 627// 646//
f 658// 847// 762//
f 748// 553// 762//
f 854// 722// 625//
f 776// 772// 650//
f 776// 650// 691//
f 776// 691// 765//
f 605// 719// 738//
f 738// 786// 712//
f 763// 765// 704//
f 774// 704// 717//
f 708// 735// 764//
f 740// 663// 710//
f 745// 698// 714//
f 720// 721// 664//
f 690// 609// 718//
f 718// 697// 733//
f 697// 640// 775//
f 729// 775// 640//
f 723// 663// 740//
f 721// 720// 801//
f 641// 734// 742//
f 713// 643// 742//
f 755// 690// 795//
f 693// 723// 741//
f 642// 701// 747//
f 701// 678// 761//
f 752// 636// 707//
f 678// 755// 761//
f 701// 761// 747//
f 707// 724// 812//
f 724// 676// 781//
f 693// 741// 830//
f 676// 693// 781//
f 725// 746// 806//
f 781// 693// 830//
f 657// 754// 751//
f 679// 760// 754//
f 679// 754// 657//
f 673// 758// 759//
f 760// 679// 737//
f 785// 668// 751//
f 759// 665// 673//
f 687// 700// 808//
f 777// 703// 784//
f 766// 808// 700//
f 654// 727// 770//
f 661// 654// 770//
f 709// 661// 798//
f 632// 675// 792//
f 773// 669// 671//
f 670// 749// 779//
f 743// 670// 779//
f 672// 867// 684//
f 576// 805// 699//
f 732// 578// 846//
f 680// 648// 832//
f 728// 666// 853//
f 730// 626// 783//
f 847// 644// 627//
f 783// 626// 515//
f 783// 515// 722//
f 553// 658// 762//
f 696// 748// 862//
f 696// 803// 719//
f 645// 765// 691//
f 738// 712// 623//
f 704// 765// 645//
f 735// 662// 712//
f 622// 735// 708//
f 717// 704// 656//
f 637// 708// 757//
f 637// 757// 710//
f 698// 739// 651//
f 641// 635// 734//
f 635// 721// 734//
f 720// 664// 565//
f 588// 640// 697//
f 616// 718// 609//
f 729// 640// 638//
f 729// 638// 610//
f 729// 610// 681//
f 653// 663// 723//
f 643// 628// 742//
f 572// 678// 701//
f 653// 723// 693//
f 636// 724// 707//
f 676// 653// 693//
f 603// 643// 746//
f 629// 676// 724//
f 677// 725// 814//
f 603// 746// 725//
f 668// 657// 751//
f 758// 673// 715//
f 785// 659// 668//
f 753// 703// 665//
f 766// 655// 777//
f 703// 777// 655//
f 726// 694// 692//
f 639// 702// 711//
f 726// 584// 694//
f 706// 624// 669//
f 726// 692// 685//
f 756// 632// 792//
f 731// 671// 688//
f 743// 778// 672//
f 555// 619// 744//
f 869// 634// 620//
f 744// 771// 648//
f 666// 549// 730//
f 516// 658// 553//
f 772// 683// 650//
f 580// 696// 719//
f 650// 608// 691//
f 623// 712// 621//
f 621// 712// 662//
f 704// 645// 656//
f 662// 735// 622//
f 622// 708// 637//
f 717// 656// 611//
f 739// 717// 651//
f 637// 710// 663//
f 635// 544// 598//
f 635// 598// 721//
f 588// 697// 718//
f 588// 718// 566//
f 641// 742// 628//
f 613// 714// 698//
f 565// 642// 720//
f 633// 572// 701//
f 678// 690// 755//
f 677// 714// 600//
f 677// 600// 618//
f 636// 629// 724//
f 618// 603// 725//
f 681// 636// 752//
f 677// 618// 725//
f 679// 617// 737//
f 649// 705// 715//
f 737// 617// 706//
f 706// 617// 604//
f 599// 630// 694//
f 689// 597// 593//
f 647// 700// 687//
f 700// 655// 766//
f 694// 630// 692//
f 630// 614// 692//
f 705// 639// 711//
f 624// 706// 604//
f 695// 597// 689//
f 685// 692// 577//
f 563// 661// 709//
f 589// 667// 726//
f 589// 726// 685//
f 685// 574// 589//
f 669// 548// 671//
f 592// 670// 743//
f 590// 743// 672//
f 688// 671// 585//
f 512// 672// 684//
f 688// 578// 732//
f 578// 634// 846//
f 634// 521// 620//
f 869// 620// 674//
f 555// 744// 648//
f 736// 533// 682//
f 499// 716// 524//
f 524// 716// 660//
f 549// 626// 730//
f 683// 625// 547//
f 748// 696// 575//
f 650// 683// 547//
f 575// 696// 580//
f 605// 580// 719//
f 605// 738// 623//
f 691// 608// 645//
f 656// 645// 612//
f 612// 645// 587//
f 662// 622// 621//
f 611// 656// 612//
f 717// 611// 651//
f 651// 611// 613//
f 628// 582// 635//
f 561// 544// 635//
f 638// 640// 601//
f 628// 635// 641//
f 598// 664// 721//
f 651// 613// 698//
f 616// 566// 718//
f 664// 570// 565//
f 610// 638// 601//
f 594// 637// 663//
f 594// 663// 653//
f 545// 616// 609//
f 613// 600// 714//
f 603// 628// 643//
f 642// 633// 701//
f 609// 690// 678//
f 610// 636// 681//
f 629// 591// 676//
f 591// 653// 676//
f 668// 595// 657//
f 657// 617// 679//
f 659// 595// 668//
f 596// 715// 673//
f 673// 665// 596//
f 596// 649// 715//
f 614// 659// 689//
f 655// 596// 665//
f 665// 703// 655//
f 596// 655// 647//
f 614// 689// 593//
f 649// 606// 705//
f 647// 655// 700//
f 602// 599// 694//
f 652// 647// 687//
f 694// 584// 602//
f 705// 606// 639//
f 607// 652// 675//
f 542// 584// 726//
f 695// 551// 597//
f 526// 695// 727//
f 526// 727// 654//
f 560// 562// 702//
f 560// 702// 639//
f 562// 709// 702//
f 669// 624// 554//
f 632// 756// 569//
f 669// 554// 548//
f 558// 569// 756//
f 749// 529// 756//
f 503// 749// 670//
f 671// 548// 559//
f 590// 592// 743//
f 671// 559// 585//
f 576// 512// 684//
f 578// 688// 585//
f 576// 699// 497//
f 497// 699// 619//
f 620// 521// 498//
f 620// 498// 674//
f 532// 666// 728//
f 666// 532// 549//
f 515// 488// 722//
f 575// 553// 748//
f 502// 575// 580//
f 608// 587// 645//
f 534// 605// 623//
f 564// 623// 621//
f 612// 587// 556//
f 581// 564// 621//
f 583// 612// 556//
f 621// 622// 581//
f 581// 622// 586//
f 612// 583// 611//
f 579// 583// 567//
f 611// 583// 579//
f 586// 622// 637//
f 536// 557// 601//
f 611// 579// 613//
f 546// 536// 640//
f 536// 601// 640//
f 557// 571// 601//
f 582// 561// 635//
f 546// 640// 588//
f 573// 567// 582//
f 664// 598// 570//
f 586// 637// 594//
f 613// 579// 600//
f 601// 571// 568//
f 568// 586// 594//
f 600// 579// 573//
f 582// 628// 573//
f 601// 568// 610//
f 642// 565// 531//
f 573// 628// 603//
f 642// 531// 633//
f 572// 609// 678//
f 568// 591// 610//
f 610// 591// 629//
f 594// 653// 591//
f 600// 573// 618//
f 573// 603// 618//
f 610// 629// 636//
f 657// 595// 617//
f 615// 595// 659//
f 599// 615// 630//
f 614// 630// 615//
f 614// 615// 659//
f 649// 596// 631//
f 602// 617// 599//
f 631// 596// 647//
f 649// 631// 606//
f 647// 652// 631//
f 593// 692// 614//
f 607// 606// 631//
f 607// 631// 652//
f 692// 593// 577//
f 597// 530// 593//
f 606// 560// 639//
f 550// 607// 675//
f 550// 675// 632//
f 526// 551// 695//
f 562// 563// 709//
f 667// 538// 542//
f 667// 542// 726//
f 589// 538// 667//
f 543// 589// 574//
f 472// 558// 756//
f 749// 503// 529//
f 585// 513// 578//
f 487// 497// 619//
f 555// 648// 527//
f 527// 648// 680//
f 625// 722// 488//
f 625// 488// 547//
f 650// 541// 608//
f 608// 541// 525//
f 608// 525// 587//
f 587// 525// 556//
f 534// 623// 564//
f 552// 514// 564//
f 564// 581// 552//
f 556// 539// 583//
f 552// 581// 557//
f 583// 539// 567//
f 539// 561// 567//
f 539// 544// 561//
f 557// 581// 571//
f 567// 561// 582//
f 616// 504// 566//
f 546// 588// 566//
f 546// 566// 504//
f 544// 570// 598//
f 571// 581// 568//
f 581// 586// 568//
f 545// 492// 616//
f 579// 567// 573//
f 568// 594// 591//
f 617// 595// 599//
f 595// 615// 599//
f 604// 617// 602//
f 604// 602// 584//
f 624// 604// 584//
f 624// 584// 542//
f 577// 593// 530//
f 597// 551// 530//
f 606// 607// 550//
f 661// 535// 654//
f 685// 577// 500//
f 523// 550// 632//
f 569// 523// 632//
f 685// 500// 574//
f 496// 569// 558//
f 519// 543// 574//
f 548// 520// 559//
f 455// 590// 672//
f 585// 559// 513//
f 634// 578// 477//
f 634// 477// 521//
f 619// 555// 487//
f 487// 555// 527//
f 674// 498// 540//
f 499// 524// 451//
f 473// 646// 627//
f 626// 491// 515//
f 486// 644// 658//
f 486// 658// 516//
f 516// 553// 464//
f 575// 464// 553//
f 528// 502// 580//
f 528// 580// 605//
f 528// 605// 534//
f 479// 528// 534//
f 556// 525// 511//
f 534// 564// 514//
f 556// 511// 539//
f 514// 552// 536//
f 536// 552// 557//
f 546// 481// 536//
f 539// 517// 544//
f 544// 517// 508//
f 546// 504// 481//
f 570// 544// 508//
f 570// 508// 484//
f 478// 545// 609//
f 478// 609// 572//
f 606// 537// 560//
f 537// 606// 550//
f 537// 505// 560//
f 535// 526// 654//
f 661// 482// 535//
f 522// 624// 542//
f 482// 661// 563//
f 494// 563// 562//
f 542// 538// 522//
f 554// 624// 522//
f 538// 489// 522//
f 510// 538// 589//
f 543// 510// 589//
f 756// 529// 472//
f 592// 503// 670//
f 590// 501// 592//
f 497// 512// 576//
f 527// 680// 490//
f 490// 680// 686//
f 728// 506// 532//
f 524// 660// 469//
f 469// 660// 646//
f 473// 469// 646//
f 444// 491// 626//
f 444// 626// 549//
f 644// 486// 462//
f 502// 464// 575//
f 650// 547// 480//
f 541// 650// 480//
f 511// 517// 539//
f 481// 514// 536//
f 492// 504// 616//
f 484// 465// 565//
f 570// 484// 565//
f 565// 465// 531//
f 471// 478// 572//
f 478// 474// 545//
f 475// 509// 531//
f 509// 471// 572//
f 531// 509// 633//
f 509// 572// 633//
f 551// 495// 530//
f 482// 446// 535//
f 505// 476// 560//
f 493// 537// 550//
f 476// 494// 562//
f 476// 562// 560//
f 523// 493// 550//
f 496// 523// 569//
f 510// 489// 538//
f 543// 461// 510//
f 519// 461// 543//
f 472// 496// 558//
f 529// 503// 435//
f 455// 672// 512//
f 513// 559// 483//
f 513// 477// 578//
f 436// 497// 487//
f 498// 448// 540//
f 518// 441// 533//
f 499// 490// 686//
f 499// 686// 716//
f 533// 468// 682//
f 682// 506// 728//
f 462// 473// 627//
f 462// 627// 644//
f 547// 488// 480//
f 525// 541// 480//
f 525// 480// 463//
f 511// 525// 454//
f 514// 479// 534//
f 511// 454// 470//
f 467// 514// 481//
f 517// 511// 470//
f 517// 470// 508//
f 492// 443// 504//
f 465// 475// 531//
f 492// 545// 474//
f 526// 495// 551//
f 505// 537// 493//
f 500// 577// 530//
f 446// 526// 535//
f 563// 494// 482//
f 489// 507// 522//
f 554// 522// 485//
f 485// 522// 507//
f 548// 554// 485//
f 548// 485// 520//
f 503// 501// 435//
f 503// 592// 501//
f 520// 460// 483//
f 520// 483// 559//
f 513// 458// 477//
f 459// 487// 527//
f 459// 527// 490//
f 540// 448// 518//
f 490// 499// 445//
f 533// 441// 468//
f 468// 506// 682//
f 506// 419// 532//
f 451// 524// 469//
f 532// 419// 402//
f 532// 402// 549//
f 491// 422// 515//
f 516// 434// 486//
f 452// 502// 528//
f 479// 452// 528//
f 454// 525// 463//
f 470// 404// 508//
f 443// 423// 481//
f 443// 481// 504//
f 484// 508// 424//
f 474// 443// 492//
f 465// 418// 475//
f 475// 456// 509//
f 446// 495// 526//
f 457// 476// 505//
f 493// 523// 496//
f 507// 489// 466//
f 510// 461// 489//
f 519// 432// 461//
f 485// 507// 466//
f 529// 435// 472//
f 520// 485// 449//
f 460// 520// 449//
f 428// 501// 590//
f 455// 428// 590//
f 483// 460// 439//
f 483// 439// 513//
f 513// 439// 458//
f 521// 477// 431//
f 498// 521// 431//
f 436// 487// 459//
f 518// 448// 441//
f 437// 499// 451//
f 468// 419// 506//
f 402// 444// 549//
f 515// 422// 440//
f 421// 486// 434//
f 440// 488// 515//
f 516// 464// 434//
f 429// 480// 488//
f 480// 429// 401//
f 416// 464// 502//
f 452// 416// 502//
f 467// 452// 479//
f 467// 479// 514//
f 481// 423// 467//
f 424// 465// 484//
f 456// 411// 471//
f 411// 478// 471//
f 456// 471// 509//
f 530// 495// 500//
f 453// 457// 505//
f 494// 438// 482//
f 453// 505// 493//
f 476// 438// 494//
f 500// 447// 574//
f 574// 447// 425//
f 433// 493// 496//
f 574// 425// 519//
f 450// 432// 519//
f 403// 512// 497//
f 498// 431// 442//
f 448// 498// 442//
f 459// 490// 445//
f 437// 445// 499//
f 392// 469// 473//
f 378// 473// 462//
f 378// 462// 421//
f 486// 421// 462//
f 429// 488// 440//
f 416// 420// 464//
f 480// 401// 463//
f 452// 467// 400//
f 424// 430// 465//
f 411// 456// 399//
f 418// 427// 475//
f 427// 456// 475//
f 414// 387// 495//
f 446// 414// 495//
f 495// 447// 500//
f 387// 447// 495//
f 426// 446// 482//
f 453// 369// 457//
f 438// 426// 482//
f 450// 519// 425//
f 466// 489// 417//
f 405// 485// 466//
f 449// 485// 405//
f 428// 393// 501//
f 403// 455// 512//
f 436// 373// 497//
f 477// 458// 388//
f 477// 388// 431//
f 413// 459// 445//
f 468// 441// 419//
f 392// 437// 451//
f 392// 451// 469//
f 444// 348// 422//
f 422// 491// 444//
f 420// 434// 464//
f 454// 463// 401//
f 443// 415// 423//
f 508// 404// 424//
f 411// 474// 478//
f 407// 438// 476//
f 407// 476// 457//
f 433// 369// 453//
f 453// 493// 433//
f 496// 408// 433//
f 472// 408// 496//
f 417// 489// 461//
f 412// 466// 417//
f 395// 403// 497//
f 442// 431// 396//
f 441// 385// 419//
f 378// 392// 473//
f 402// 348// 444//
f 400// 398// 452//
f 454// 371// 470//
f 404// 470// 391//
f 368// 423// 415//
f 415// 443// 474//
f 411// 409// 474//
f 415// 474// 409//
f 418// 465// 430//
f 427// 399// 456//
f 446// 426// 410//
f 369// 407// 457//
f 425// 386// 450//
f 386// 406// 450//
f 406// 432// 450//
f 432// 417// 461//
f 472// 380// 408//
f 435// 380// 472//
f 383// 428// 455//
f 460// 449// 377//
f 439// 460// 377//
f 373// 395// 497//
f 458// 439// 388//
f 413// 436// 459//
f 448// 442// 396//
f 441// 448// 385//
f 375// 445// 437//
f 360// 440// 422//
f 390// 421// 434//
f 389// 390// 434//
f 382// 429// 440//
f 389// 434// 420//
f 398// 416// 452//
f 371// 454// 401//
f 467// 372// 400//
f 423// 372// 467//
f 424// 404// 397//
f 430// 424// 397//
f 394// 418// 430//
f 411// 374// 409//
f 384// 427// 418//
f 410// 414// 446//
f 425// 447// 387//
f 369// 367// 407//
f 433// 326// 369//
f 405// 466// 412//
f 405// 412// 349//
f 449// 353// 377//
f 383// 455// 403//
f 388// 439// 362//
f 345// 436// 413//
f 351// 345// 413//
f 448// 396// 364//
f 375// 351// 413//
f 375// 413// 445//
f 448// 364// 385//
f 375// 437// 392//
f 323// 422// 348//
f 421// 390// 337//
f 440// 360// 382//
f 420// 366// 389//
f 352// 401// 429//
f 381// 420// 416//
f 381// 416// 398//
f 470// 371// 391//
f 372// 423// 368//
f 391// 359// 404//
f 397// 404// 359//
f 397// 359// 394//
f 409// 379// 415//
f 379// 368// 415//
f 397// 394// 430//
f 379// 409// 374//
f 394// 376// 418//
f 384// 418// 376//
f 384// 399// 427//
f 355// 387// 414//
f 363// 414// 410//
f 370// 363// 410//
f 370// 410// 426//
f 387// 386// 425//
f 370// 426// 438//
f 407// 370// 438//
f 406// 357// 432//
f 501// 393// 435//
f 405// 358// 449//
f 347// 428// 383//
f 335// 383// 403//
f 439// 377// 346//
f 439// 346// 362//
f 396// 431// 388//
f 373// 436// 345//
f 419// 385// 341//
f 375// 392// 342//
f 402// 325// 348//
f 421// 337// 378//
f 390// 354// 337//
f 390// 389// 354//
f 429// 382// 352//
f 381// 366// 420//
f 398// 332// 381//
f 398// 400// 332//
f 365// 399// 356//
f 350// 376// 394//
f 356// 399// 384//
f 365// 374// 411//
f 399// 365// 411//
f 355// 414// 363//
f 387// 304// 386//
f 386// 357// 406//
f 417// 432// 357//
f 412// 417// 357//
f 435// 393// 380//
f 349// 412// 333//
f 347// 393// 428//
f 449// 358// 353//
f 385// 364// 341//
f 419// 325// 402//
f 378// 343// 392//
f 337// 343// 378//
f 272// 382// 360//
f 331// 401// 352//
f 371// 401// 331//
f 372// 332// 400//
f 371// 310// 359//
f 371// 359// 391//
f 328// 314// 379//
f 314// 368// 379//
f 322// 374// 365//
f 350// 394// 359//
f 356// 384// 376//
f 355// 304// 387//
f 370// 407// 361//
f 407// 367// 361//
f 326// 316// 369//
f 433// 340// 326//
f 433// 408// 340//
f 380// 340// 408//
f 338// 380// 393//
f 358// 405// 349//
f 334// 349// 305//
f 311// 347// 383//
f 306// 403// 395//
f 300// 373// 345//
f 342// 351// 375//
f 419// 341// 325//
f 342// 392// 343//
f 422// 323// 360//
f 272// 329// 382//
f 389// 366// 354//
f 381// 344// 366//
f 331// 319// 371//
f 308// 332// 372//
f 371// 319// 310//
f 314// 317// 368//
f 374// 322// 328//
f 328// 379// 374//
f 330// 376// 350//
f 313// 365// 356//
f 320// 355// 363//
f 370// 339// 363//
f 370// 361// 339//
f 367// 336// 361//
f 386// 304// 357//
f 324// 367// 369//
f 324// 369// 316//
f 380// 338// 340//
f 349// 333// 305//
f 393// 347// 338//
f 358// 349// 334//
f 353// 358// 334//
f 377// 353// 307//
f 373// 306// 395//
f 364// 396// 277//
f 364// 277// 341//
f 343// 299// 342//
f 329// 352// 382//
f 344// 318// 366//
f 332// 344// 381//
f 308// 372// 368//
f 310// 312// 359//
f 359// 309// 350//
f 365// 313// 322//
f 330// 356// 376//
f 320// 363// 339//
f 361// 301// 339//
f 338// 327// 340//
f 333// 412// 357//
f 333// 357// 274//
f 305// 333// 289//
f 284// 295// 327//
f 338// 284// 327//
f 347// 297// 338//
f 334// 305// 321//
f 353// 334// 321//
f 311// 383// 335//
f 377// 307// 346//
f 306// 335// 403//
f 286// 306// 373//
f 346// 292// 362//
f 388// 362// 258//
f 388// 258// 277//
f 396// 388// 277//
f 296// 345// 351//
f 296// 351// 342//
f 299// 296// 342//
f 325// 341// 294//
f 348// 325// 279//
f 279// 323// 348//
f 337// 287// 343//
f 290// 287// 337//
f 360// 323// 272//
f 318// 354// 366//
f 352// 329// 298//
f 298// 331// 352//
f 344// 332// 291//
f 308// 291// 332//
f 368// 317// 308//
f 312// 309// 359//
f 309// 330// 350//
f 269// 328// 322//
f 330// 303// 356//
f 303// 313// 356//
f 320// 304// 355//
f 336// 301// 361//
f 324// 336// 367//
f 274// 357// 304//
f 326// 340// 280//
f 327// 280// 340//
f 333// 274// 270//
f 289// 333// 271//
f 327// 295// 282//
f 315// 305// 289//
f 315// 289// 271//
f 285// 338// 297//
f 321// 305// 315//
f 335// 267// 311//
f 362// 292// 258//
f 300// 286// 373//
f 277// 294// 341//
f 325// 294// 279//
f 343// 287// 299//
f 354// 290// 337//
f 318// 266// 354//
f 264// 329// 272//
f 344// 244// 318//
f 261// 293// 309//
f 265// 314// 269//
f 309// 293// 330//
f 278// 313// 303//
f 269// 314// 328//
f 269// 322// 313//
f 301// 320// 339//
f 302// 301// 336//
f 336// 324// 275//
f 324// 316// 275//
f 316// 326// 280//
f 282// 280// 327//
f 271// 333// 270//
f 282// 295// 257//
f 315// 271// 273//
f 284// 281// 257//
f 284// 257// 295//
f 288// 281// 284//
f 284// 338// 285//
f 284// 285// 288//
f 311// 297// 347//
f 346// 307// 252//
f 256// 300// 345//
f 256// 345// 296//
f 323// 279// 272//
f 266// 290// 354//
f 291// 230// 344//
f 310// 319// 283//
f 314// 255// 317//
f 255// 308// 317//
f 310// 276// 312//
f 312// 261// 309//
f 293// 303// 330//
f 313// 278// 253//
f 268// 304// 320//
f 240// 302// 336//
f 271// 270// 235//
f 257// 242// 282//
f 262// 288// 285//
f 321// 315// 234//
f 311// 248// 297//
f 353// 321// 232//
f 307// 353// 232//
f 267// 335// 306//
f 346// 252// 292//
f 256// 286// 300//
f 279// 294// 251//
f 329// 264// 298//
f 244// 344// 230//
f 298// 237// 331//
f 276// 310// 283//
f 276// 261// 312//
f 265// 255// 314//
f 259// 293// 261//
f 259// 303// 293//
f 249// 278// 303//
f 253// 269// 313//
f 320// 301// 239//
f 268// 274// 304//
f 275// 240// 336//
f 263// 229// 316//
f 263// 316// 280//
f 235// 270// 274//
f 280// 282// 242//
f 273// 271// 235//
f 260// 242// 257//
f 281// 260// 257//
f 262// 285// 297//
f 248// 262// 297//
f 307// 232// 252//
f 258// 292// 226//
f 238// 286// 256//
f 246// 256// 296//
f 294// 277// 243//
f 246// 296// 299//
f 294// 243// 251//
f 246// 299// 227//
f 287// 227// 299//
f 290// 266// 228//
f 290// 228// 287//
f 298// 264// 237//
f 331// 225// 319//
f 291// 308// 254//
f 283// 218// 276//
f 218// 231// 276//
f 231// 261// 276//
f 259// 249// 303//
f 268// 320// 239//
f 245// 274// 268//
f 301// 236// 239//
f 235// 274// 245//
f 236// 301// 302//
f 275// 316// 229//
f 280// 242// 263//
f 273// 235// 250//
f 273// 250// 234//
f 211// 260// 281//
f 234// 315// 273//
f 288// 211// 281//
f 232// 321// 234//
f 248// 311// 267//
f 241// 267// 306//
f 241// 306// 286//
f 252// 226// 292//
f 277// 258// 217//
f 246// 238// 256//
f 228// 227// 287//
f 279// 251// 222//
f 279// 222// 272//
f 244// 266// 318//
f 331// 237// 225//
f 319// 225// 283//
f 254// 308// 255//
f 198// 259// 261//
f 200// 255// 265//
f 253// 216// 269//
f 249// 224// 278//
f 224// 253// 278//
f 233// 250// 235//
f 247// 263// 242//
f 242// 260// 247//
f 211// 288// 262//
f 213// 203// 248//
f 248// 267// 213//
f 252// 232// 223//
f 213// 267// 241//
f 220// 241// 286//
f 220// 286// 238//
f 217// 258// 226//
f 277// 217// 243//
f 246// 204// 238//
f 227// 204// 246//
f 272// 222// 221//
f 244// 228// 266//
f 264// 272// 221//
f 264// 221// 237//
f 237// 215// 225//
f 291// 205// 230//
f 254// 205// 291//
f 231// 198// 261//
f 195// 224// 249//
f 269// 219// 265//
f 235// 245// 233//
f 239// 236// 171//
f 212// 245// 268//
f 240// 275// 206//
f 263// 247// 229//
f 250// 233// 202//
f 240// 236// 302//
f 206// 275// 229//
f 197// 229// 247//
f 247// 260// 210//
f 234// 250// 202//
f 210// 260// 211//
f 232// 234// 207//
f 214// 252// 223//
f 209// 251// 243//
f 251// 209// 222//
f 283// 225// 218//
f 196// 205// 254//
f 196// 254// 255//
f 219// 200// 265//
f 259// 195// 249//
f 224// 216// 253//
f 268// 239// 212//
f 212// 202// 233//
f 212// 233// 245//
f 171// 212// 239//
f 206// 229// 192//
f 229// 197// 192//
f 247// 210// 197//
f 236// 240// 144//
f 207// 234// 176//
f 211// 262// 203//
f 262// 248// 203//
f 223// 232// 207//
f 207// 185// 223//
f 223// 185// 208//
f 213// 191// 203//
f 199// 241// 220//
f 226// 252// 214//
f 243// 217// 209//
f 228// 175// 227//
f 222// 161// 221//
f 201// 244// 230//
f 205// 169// 230//
f 225// 215// 179//
f 218// 189// 231//
f 200// 196// 255//
f 231// 189// 198//
f 259// 198// 195//
f 216// 182// 219//
f 216// 219// 269//
f 144// 171// 236//
f 181// 202// 212//
f 144// 240// 206//
f 207// 176// 185//
f 203// 188// 211//
f 213// 241// 199//
f 214// 223// 168//
f 226// 214// 184//
f 193// 199// 220//
f 238// 183// 220//
f 183// 238// 204//
f 209// 177// 222//
f 228// 244// 201//
f 237// 187// 215//
f 178// 225// 179//
f 218// 225// 178//
f 170// 205// 196//
f 218// 178// 173//
f 218// 173// 189//
f 166// 224// 195//
f 166// 216// 224//
f 212// 171// 181//
f 234// 202// 176//
f 174// 197// 210//
f 174// 210// 188//
f 174// 188// 167//
f 210// 211// 188//
f 185// 176// 156//
f 172// 186// 167//
f 167// 188// 172//
f 190// 185// 156//
f 208// 185// 190//
f 180// 194// 172//
f 180// 172// 188//
f 180// 188// 203//
f 180// 203// 191//
f 223// 208// 148//
f 217// 226// 184//
f 183// 193// 220//
f 209// 217// 177//
f 175// 204// 227//
f 222// 177// 161//
f 155// 175// 228//
f 221// 161// 187//
f 155// 228// 201//
f 221// 187// 237//
f 169// 201// 230//
f 200// 219// 182//
f 198// 165// 195//
f 165// 150// 195//
f 166// 182// 216//
f 202// 158// 176//
f 158// 202// 181//
f 197// 174// 163//
f 206// 192// 134//
f 163// 174// 167//
f 176// 158// 156//
f 186// 163// 167//
f 186// 172// 194//
f 138// 208// 190//
f 191// 132// 194//
f 191// 194// 180//
f 213// 159// 191//
f 199// 159// 213//
f 214// 168// 152//
f 184// 214// 152//
f 151// 217// 184//
f 177// 217// 151//
f 204// 149// 183//
f 175// 149// 204//
f 157// 187// 161//
f 169// 155// 201//
f 179// 215// 187//
f 179// 187// 157//
f 129// 169// 205//
f 170// 129// 205//
f 162// 196// 200//
f 162// 170// 196//
f 154// 153// 198//
f 189// 154// 198//
f 195// 150// 166//
f 192// 197// 163//
f 156// 158// 143//
f 158// 181// 143//
f 171// 143// 181//
f 146// 144// 206//
f 190// 156// 160//
f 160// 156// 143//
f 144// 142// 171//
f 164// 134// 192//
f 164// 192// 163//
f 164// 163// 186//
f 186// 194// 137//
f 137// 194// 132//
f 148// 208// 138//
f 141// 191// 159//
f 168// 223// 148//
f 140// 159// 199//
f 193// 140// 199//
f 145// 193// 183//
f 184// 152// 151//
f 177// 151// 131//
f 169// 129// 155//
f 130// 178// 179//
f 173// 178// 123//
f 121// 189// 173//
f 121// 154// 189//
f 162// 200// 147//
f 139// 147// 182//
f 200// 182// 147//
f 166// 139// 182//
f 153// 165// 198//
f 143// 171// 142//
f 206// 134// 146//
f 164// 186// 135//
f 190// 160// 138//
f 160// 143// 142//
f 120// 144// 146//
f 137// 135// 186//
f 132// 191// 141//
f 152// 168// 122//
f 140// 193// 145//
f 149// 145// 183//
f 177// 131// 161//
f 157// 161// 125//
f 157// 125// 130//
f 157// 130// 179//
f 173// 123// 121//
f 133// 139// 166//
f 153// 136// 165//
f 136// 150// 165//
f 142// 144// 126//
f 117// 126// 144//
f 120// 117// 144//
f 134// 120// 146//
f 134// 164// 135//
f 160// 142// 126//
f 135// 137// 113//
f 168// 148// 124//
f 151// 152// 122//
f 119// 145// 149//
f 115// 161// 131//
f 127// 149// 175//
f 161// 115// 125//
f 155// 127// 175//
f 139// 92// 147//
f 112// 133// 136//
f 136// 133// 150//
f 133// 166// 150//
f 138// 160// 126//
f 111// 126// 117//
f 113// 114// 134//
f 148// 138// 106//
f 141// 109// 132//
f 128// 109// 141//
f 141// 159// 128//
f 128// 159// 140//
f 168// 124// 122//
f 140// 145// 119//
f 131// 151// 122//
f 119// 149// 127//
f 110// 127// 155//
f 107// 118// 170//
f 118// 129// 170//
f 130// 123// 178//
f 107// 170// 162//
f 89// 153// 154//
f 105// 92// 139//
f 105// 139// 133//
f 113// 134// 135//
f 138// 126// 102//
f 102// 126// 111//
f 102// 111// 74//
f 106// 138// 102//
f 101// 113// 137//
f 137// 132// 101//
f 148// 106// 124//
f 124// 106// 103//
f 128// 140// 108//
f 122// 124// 103//
f 100// 122// 95//
f 108// 140// 119//
f 131// 122// 100//
f 115// 131// 100//
f 96// 119// 127//
f 110// 155// 129//
f 91// 110// 129//
f 118// 91// 129//
f 125// 97// 130//
f 130// 97// 123//
f 147// 92// 162//
f 121// 89// 154//
f 89// 136// 153//
f 89// 116// 136//
f 112// 105// 133//
f 116// 112// 136//
f 120// 114// 79//
f 114// 113// 99//
f 132// 109// 101//
f 109// 128// 108//
f 95// 122// 103//
f 108// 119// 88//
f 115// 100// 98//
f 115// 98// 83//
f 96// 127// 110//
f 104// 115// 83//
f 115// 104// 125//
f 125// 104// 93//
f 97// 125// 93//
f 91// 118// 107//
f 123// 97// 84//
f 84// 121// 123//
f 92// 107// 162//
f 75// 111// 117//
f 81// 75// 117//
f 81// 117// 120//
f 79// 81// 120//
f 99// 70// 114//
f 102// 74// 90//
f 99// 113// 86//
f 102// 90// 106//
f 86// 113// 101//
f 101// 109// 87//
f 108// 88// 109//
f 100// 95// 67//
f 88// 119// 96//
f 96// 110// 94//
f 83// 42// 104//
f 94// 110// 91//
f 42// 93// 104//
f 92// 72// 91//
f 92// 91// 107//
f 84// 89// 121//
f 85// 82// 105//
f 89// 85// 116//
f 85// 112// 116//
f 105// 112// 85//
f 105// 82// 92//
f 75// 74// 111//
f 114// 70// 79//
f 99// 60// 70//
f 99// 55// 60//
f 55// 99// 86//
f 90// 69// 106//
f 73// 55// 86//
f 101// 73// 86//
f 76// 106// 69//
f 103// 106// 76//
f 103// 76// 95//
f 87// 73// 101//
f 87// 109// 88//
f 87// 88// 71//
f 100// 67// 98//
f 80// 96// 94//
f 98// 78// 42//
f 98// 42// 83//
f 42// 78// 25//
f 42// 25// 65//
f 80// 94// 33//
f 93// 42// 65//
f 33// 94// 91//
f 97// 93// 65//
f 33// 91// 72//
f 97// 65// 84//
f 84// 66// 89//
f 66// 77// 89//
f 68// 85// 77//
f 68// 82// 85//
f 89// 77// 85//
f 90// 74// 24//
f 90// 54// 69//
f 54// 90// 44//
f 55// 73// 58//
f 69// 59// 76//
f 71// 58// 73//
f 73// 87// 71//
f 67// 76// 59//
f 95// 76// 67//
f 71// 88// 63//
f 88// 96// 63//
f 67// 78// 98//
f 63// 80// 64//
f 63// 96// 80//
f 25// 78// 57//
f 25// 57// 21//
f 65// 25// 21//
f 64// 80// 23//
f 80// 33// 23//
f 23// 72// 62//
f 23// 33// 72//
f 65// 56// 84//
f 56// 66// 84//
f 61// 66// 49//
f 62// 72// 92//
f 66// 61// 77//
f 61// 68// 77//
f 68// 62// 82//
f 62// 92// 82//
f 81// 28// 75//
f 74// 75// 41//
f 41// 75// 28//
f 79// 27// 81//
f 70// 27// 79//
f 24// 74// 41//
f 24// 44// 90//
f 55// 7// 60//
f 44// 14// 54//
f 32// 7// 55//
f 54// 31// 39//
f 69// 39// 59//
f 69// 54// 39//
f 18// 32// 30//
f 32// 55// 30//
f 59// 39// 40//
f 40// 39// 26//
f 30// 55// 34//
f 58// 71// 52//
f 58// 34// 55//
f 50// 59// 40//
f 58// 52// 34//
f 52// 71// 63//
f 34// 52// 46//
f 46// 52// 63//
f 67// 59// 50//
f 67// 50// 57//
f 46// 63// 53//
f 67// 57// 78//
f 57// 50// 48//
f 10// 35// 20//
f 35// 46// 47//
f 35// 47// 20//
f 48// 37// 16//
f 16// 37// 9//
f 38// 45// 43//
f 20// 45// 10//
f 43// 16// 9//
f 46// 53// 47//
f 53// 63// 64//
f 57// 48// 19//
f 48// 16// 19//
f 45// 20// 51//
f 47// 17// 20//
f 47// 53// 17//
f 57// 19// 21//
f 19// 56// 21//
f 19// 16// 49//
f 19// 49// 56//
f 16// 43// 49//
f 45// 51// 61//
f 53// 64// 17//
f 21// 56// 65//
f 43// 61// 49//
f 43// 45// 61//
f 20// 17// 62//
f 20// 62// 51//
f 17// 64// 23//
f 51// 68// 61//
f 51// 62// 68//
f 17// 23// 62//
f 56// 49// 66//
f 81// 27// 28//
f 6// 41// 28//
f 24// 41// 1//
f 22// 27// 70//
f 70// 60// 22//
f 44// 24// 14//
f 14// 31// 54//
f 3// 32// 18//
f 5// 26// 39//
f 11// 18// 30//
f 13// 29// 8//
f 29// 13// 12//
f 30// 12// 11//
f 50// 40// 37//
f 37// 26// 8//
f 34// 35// 30//
f 8// 29// 38//
f 37// 8// 15//
f 29// 36// 38//
f 10// 36// 29//
f 10// 29// 12//
f 10// 12// 35//
f 15// 8// 38//
f 50// 37// 48//
f 37// 15// 9//
f 36// 45// 38//
f 36// 10// 45//
f 9// 15// 43//
f 15// 38// 43//
f 28// 27// 6//
f 1// 41// 6//
f 2// 6// 27//
f 27// 22// 2//
f 7// 2// 22//
f 22// 60// 7//
f 14// 5// 31//
f 32// 3// 7//
f 39// 31// 5//
f 13// 26// 5//
f 5// 11// 13//
f 11// 4// 18//
f 26// 13// 8//
f 13// 11// 12//
f 40// 26// 37//
f 30// 35// 12//
f 34// 46// 35//
f 6// 2// 1//
f 24// 1// 14//
f 2// 7// 3//
f 14// 1// 5//
f 18// 4// 3//
f 2// 3// 1//
f 1// 3// 4//
f 5// 1// 4//
f 5// 4// 11//
f 120// 134// 114//
